delta_abs,delta_mean,delta_max,delta_min,delta_median,theta_abs,theta_mean,theta_max,theta_min,theta_median,alpha_abs,alpha_mean,alpha_max,alpha_min,alpha_median,beta_abs,beta_mean,beta_max,beta_min,beta_median,gamma_abs,gamma_mean,gamma_max,gamma_min,gamma_median,delta_entropy,theta_entropy,alpha_entropy,beta_entropy,gamma_entropy,hjorth_mobility,hjorth_complexity,lempel_ziv,higuchi,mean,min,max,median,var,std,Participant,File,Window,Channel,Start_Time,End_Time
44.031686650295555,6.2902409500422225,8.658507572397784,3.455586247953784,6.533814888517643,16.069298637250373,2.0086623296562967,3.900489828477769,0.6695364725997014,1.7243247336572365,4.819404792270279,0.6024255990337849,1.05851053363653,0.37573191567945,0.5938702959940444,22.566763666090655,0.5938622017392278,1.2104116976229875,0.19019073543017712,0.5359144283024282,29.433864349111268,0.33447573123990076,0.7454116610613453,0.09346533695460951,0.3051853084072681,1.0334535651772592,0.5103471382623754,0.2013648155804322,0.9393602617065184,1.3575556779108102,hjorth_mobility,hjorth_complexity,3.24178644279392,0.8340304154919882,-21.799087524414062,-64.453125,11.71875,-21.484375,62.81309979385696,7.925471581796061,1595,eeg_baseline_level_1.csv,0,AF7,0.00390625,10.0
231.42084027850663,33.06012003978666,54.16863134386055,17.24701667581596,30.678396741810324,81.95895690184359,10.244869612730449,21.457197794740388,3.4390099796748905,8.88061929093834,12.975219832913835,1.6219024791142294,2.965018921680132,0.7663013382101788,1.5635393965595692,54.60436896506657,1.4369570780280676,3.7585619806370882,0.6708642062167826,1.1667449716746305,89.69143701815082,1.0192208752062593,2.7401217812554926,0.2883327986115519,0.9811907616722345,1.2276946687157473,0.611137065476693,0.14740824675220468,0.6302812438211867,1.0972304037591056,hjorth_mobility,hjorth_complexity,3.2462090709559854,0.8544597218077693,-19.840431213378906,-121.58203125,79.1015625,-20.01953125,246.23280183732277,15.691806837879529,1595,eeg_baseline_level_1.csv,0,AF8,0.00390625,10.0
7360.405862689625,1051.4865518128036,1780.062079856857,481.8890827309446,926.2384195572322,1791.0942029505559,223.88677536881949,443.0715689036,87.72848574685602,201.27209741880228,262.79602596491657,32.84950324561457,65.1815782003641,13.206541293812801,24.735785644894843,113.86836828038273,2.996536007378493,13.291898427415013,0.5113387777497482,2.25000975923341,354.3024806256703,4.026164552564435,179.15190750788423,0.2346739547718205,0.8444207065336946,1.5834714936961962,0.6560756317181278,0.14473715607979196,0.08898844346690749,0.19491818892613957,hjorth_mobility,hjorth_complexity,3.286012724414574,0.831082520234973,-23.9532470703125,-677.24609375,244.140625,-20.01953125,4487.845106050372,66.99138083403247,1595,eeg_baseline_level_1.csv,0,TP9,0.00390625,10.0
1357.1339665502894,193.87628093575563,266.3794435160623,62.07992934623355,205.36841848533078,744.2778334673369,93.03472918341711,215.70199103555126,29.389654608130247,84.19549390184912,95.00210571362645,11.875263214203306,24.714980320238446,4.542134517356903,10.690950402545216,99.68326910288455,2.62324392376012,6.809829954882403,0.9004970873357289,2.451065879623756,2275.17380848596,25.85424782370409,1416.4009032101903,0.4380769393544883,1.3791603810064936,0.9073979804505488,0.6038927770387901,0.11918548481450952,0.15860858979787187,0.9954789983910055,hjorth_mobility,hjorth_complexity,4.95334354151322,1.0785455674763602,-22.668075561523438,-329.58984375,152.83203125,-21.728515625,2174.615980911767,46.63277796691687,1595,eeg_baseline_level_1.csv,0,TP10,0.00390625,10.0
32.46724812458507,4.638178303512153,6.589638344472416,2.6048901565635063,4.9676943919430805,14.585065498597292,1.8231331873246615,2.830749484389351,1.2790312495999772,1.7833774771125337,5.0361103515210015,0.6295137939401252,0.8131777787209276,0.3454009625402011,0.6472624347374814,33.299052424496594,0.8762908532762261,2.8243066312088305,0.2959752767233363,0.7529943341431691,42.43921754246759,0.482263835709859,1.0806012090024228,0.1481436830456635,0.43080444555773545,0.7773823826614471,0.448346849877474,0.19291432296483252,1.1667963848068543,1.6865203682598784,hjorth_mobility,hjorth_complexity,3.24178644279392,0.8490167768729496,-21.104049682617188,-51.26953125,17.578125,-20.99609375,73.84166689007543,8.593117413958419,1595,eeg_baseline_level_1.csv,1,AF7,10.00390625,20.0
208.8857736735297,29.840824810504245,52.66993297408109,13.042375418236576,26.435608496261516,72.97422015238624,9.12177751904828,18.17581671876029,3.8829265073458235,9.325768898214093,20.690453603334774,2.5863067004168467,3.6883768082635475,1.697973849405293,2.4624041554121474,62.25430015880369,1.6382710568106233,3.950655133275436,0.5616963619703849,1.4759221035780892,83.73947169941479,0.9515849056751681,4.0047726484779735,0.20884742724505362,0.8074310205744619,1.1665636563354187,0.5843549148223026,0.2242687367999034,0.7247128136673899,1.0616041128688027,hjorth_mobility,hjorth_complexity,3.0206550346906513,0.8219963912144027,-19.654083251953125,-126.953125,39.0625,-17.578125,280.45512677636,16.746794522426075,1595,eeg_baseline_level_1.csv,1,AF8,10.00390625,20.0
1264.9063406186592,180.7009058026656,307.7294517939335,81.25837228294493,165.6376612173991,684.4547117531799,85.55683896914749,141.272212562317,29.746241046957014,91.3294230548712,154.94448698503507,19.368060873129384,39.24351575422418,6.8727915606420344,18.389802802491968,111.99145389311647,2.947143523503065,8.752160426530036,1.0934857417379404,2.203692162797501,306.17943447822216,3.4793117554343427,171.43432577445873,0.20115987058268858,0.6263147027949247,1.2624996433908673,0.8823751962080704,0.2893658731778266,0.2905123196245268,0.4843098498742441,hjorth_mobility,hjorth_complexity,3.6486682337039347,0.8608096371234989,-21.386337280273438,-318.359375,94.7265625,-18.5546875,1368.8622786139604,36.99813885337964,1595,eeg_baseline_level_1.csv,1,TP9,10.00390625,20.0
1173.0284869800894,167.57549814001277,206.60052913039226,87.1186051745753,185.3466011742901,651.6809077931966,81.46011347414958,158.24957239157885,37.66585348281441,72.55424404236079,152.19296625415717,19.024120781769646,29.03285670618376,8.962396751013312,20.26407078604408,94.90827002075928,2.4975860531778755,8.009104418202053,0.5343184294532788,1.9880247536071667,2207.765110037951,25.0882398867949,1433.6682626910726,0.22255098261317333,0.65773850906589,0.8752958180349678,0.582574315064334,0.18902177155659539,0.15923406004521337,0.8987589274618952,hjorth_mobility,hjorth_complexity,4.833932581137455,1.0732376673457562,-23.58551025390625,-348.14453125,138.18359375,-21.97265625,2266.8721876107156,47.61168120966446,1595,eeg_baseline_level_1.csv,1,TP10,10.00390625,20.0
99.36355370327276,14.194793386181823,29.2873410588291,7.316300293045019,10.43672636976801,23.90353674268714,2.9879420928358926,7.177945455469305,0.7752703614628884,2.2083833870077427,7.164582589504452,0.8955728236880565,1.2690495663517567,0.7372806932956242,0.8395725687480838,34.39024248973634,0.905006381308851,1.9201514200611816,0.22155669721785884,0.7964085278291797,39.15424547690699,0.44493460769212495,1.1213194893223162,0.12147550580450465,0.4371110255213263,1.1692963002099481,0.43714380101623257,0.17661757295852837,0.8311552797894468,1.077692101942431,hjorth_mobility,hjorth_complexity,2.9852740093941286,0.8092518603748268,-22.11780548095703,-71.2890625,17.578125,-21.97265625,109.20136988715967,10.4499459274754,1595,eeg_baseline_level_1.csv,2,AF7,20.00390625,30.0
461.3056936763973,65.90081338234248,109.68864523343521,31.653454803108666,65.49456749311756,59.85866296150338,7.482332870187922,21.436348286939218,1.9198767096502962,5.75830910319298,10.856888687271045,1.3571110859088806,2.3215930261606235,0.9229689256231057,1.2282328000871239,63.71739065909992,1.6767734383973663,3.465363056645327,0.43052776881024507,1.602535567452934,70.41361879847133,0.8001547590735378,1.7811223123676068,0.28346129121301067,0.761506106564036,1.4967559602519123,0.3615352289248528,0.09549122724175471,0.5374712723600483,0.6685702698007673,hjorth_mobility,hjorth_complexity,3.038345547338913,0.7897052900106505,-18.886184692382812,-98.6328125,123.53515625,-20.01953125,327.84566850750707,18.106509009400654,1595,eeg_baseline_level_1.csv,2,AF8,20.00390625,30.0
1403.2380139760803,200.46257342515432,278.5580366226615,136.63219652181613,197.79216408432404,491.35029535278306,61.41878691909788,88.64775306204874,36.74555085983924,62.86550091716126,133.04157877041544,16.63019734630193,36.35541924864454,6.542383121425219,11.73424337967526,104.89364344482203,2.7603590380216323,8.906123462085263,0.6556166773313675,2.5444417856234613,346.5285344037152,3.9378242545876727,193.87356304952743,0.20069649679898,0.595810331442904,1.385700635667191,0.7137106037441325,0.2541506219576096,0.2742994799152074,0.5229211806844961,hjorth_mobility,hjorth_complexity,3.936139064238184,0.912331484366892,-19.50836181640625,-317.87109375,185.546875,-20.5078125,1120.0240231119096,33.46675997332143,1595,eeg_baseline_level_1.csv,2,TP9,20.00390625,30.0
1966.131469156922,280.87592416527457,438.0639877454056,160.50755018048076,241.5566172223352,567.2166306181482,70.90207882726853,120.61639528431695,37.29825167418619,65.73908108700178,116.09487950194709,14.511859937743386,21.538914193078455,7.358680040302995,14.483912635558028,91.56492489048901,2.409603286591816,10.001783368273443,0.5406527084442609,1.917650735596152,2195.664715439323,24.95073540271958,1417.4810545510318,0.25896615610924323,0.7595930415611734,1.1090287048642746,0.47421204211142254,0.13412582683226992,0.1357993069244656,0.8483629674361081,hjorth_mobility,hjorth_complexity,4.860468350109848,1.0847930664191874,-20.958328247070312,-349.12109375,248.046875,-21.484375,2269.342419313034,47.63761559222957,1595,eeg_baseline_level_1.csv,2,TP10,20.00390625,30.0
629.6260589763757,89.94657985376796,338.34351762243017,13.601332044865813,40.93948075659421,53.09632084252938,6.6370401053161725,10.150520924216877,2.8178187328258577,6.598966114580257,14.373239761915011,1.7966549702393764,2.369064211610608,0.9706028523340566,1.9315148442044188,60.95625491482496,1.604111971442762,2.79272482316238,0.5386697791237511,1.5608385630501314,102.09949203150478,1.160221500358009,3.0304376877217694,0.4086660955911837,1.0248457507776045,1.1934897464518504,0.2714334868744528,0.09380512804659027,0.40327291059724446,0.7053488121763838,hjorth_mobility,hjorth_complexity,2.5828148466461793,0.8496523731878687,-21.0693359375,-141.6015625,80.078125,-21.97265625,632.8417360782623,25.15634584112451,1595,eeg_baseline_level_1.csv,3,AF7,30.00390625,40.0
512.6765856776841,73.23951223966915,137.9039092496474,42.24444536034938,59.238689346946835,155.34568352130725,19.418210440163406,38.190292897942754,7.016677525545905,19.21402829221809,32.725575600384076,4.0906969500480095,7.467512238726686,2.647679229082035,3.567792932761183,99.45245266608383,2.617169807002206,5.589279242434119,0.9935997043246396,2.4214059814323754,153.33182274816215,1.7424070766836608,6.452060617163912,0.6676957218471542,1.4791218293148076,1.2841380871570343,0.5868373114243124,0.17568588345400576,0.5764109854327416,0.9424526567563423,hjorth_mobility,hjorth_complexity,2.781833113939121,0.8054832532875599,-21.93603515625,-202.63671875,112.79296875,-20.99609375,639.6792456507683,25.29188102239073,1595,eeg_baseline_level_1.csv,3,AF8,30.00390625,40.0
5732.170554148191,818.8815077354558,1530.2240545686539,405.69851411955375,825.6791504923274,1170.7580087369793,146.3447510921224,230.3286439252662,68.693942190902,157.1558995714558,202.8768923475786,25.359611543447325,41.24324315813683,17.16495679049433,22.844285005780627,178.6311475731645,4.700819672978013,13.731143565035401,0.8977903600598789,3.1969883702009674,363.9480901692979,4.13577375192384,169.6617903645732,0.3927923970421333,1.142340407040885,1.5736263286019272,0.5841094880717124,0.14696804137117447,0.16302390245200046,0.2569337948498359,hjorth_mobility,hjorth_complexity,2.450136001784218,0.7610458142791733,-25.107383728027344,-353.02734375,196.2890625,-19.53125,4873.581378160452,69.81104051767494,1595,eeg_baseline_level_1.csv,3,TP9,30.00390625,40.0
1921.6529715880395,274.5218530840056,429.48609781078284,182.8801235772233,248.941774459452,1036.1006210406897,129.5125776300862,232.64904248097022,45.543644351721085,109.7854181842271,205.65877467846443,25.707346834808053,49.47587547908219,11.392914568811722,22.30400473243155,138.11135434322065,3.6345093248215963,9.846305506829857,0.7285449810428215,2.7950261518406716,2259.4930267471314,25.676057122126494,1408.0361166403275,0.27183037890435136,1.648460283260402,1.0154060543300865,0.6725691030691252,0.1924169280540864,0.1749688235421841,0.8959438150091547,hjorth_mobility,hjorth_complexity,4.568574891413533,1.0373934047257394,-27.86884307861328,-378.90625,151.85546875,-24.4140625,3329.9077720948844,57.705353062734865,1595,eeg_baseline_level_1.csv,3,TP10,30.00390625,40.0
26.929970218799653,3.8471386026856647,5.366360823923194,2.452485477909087,3.700771683884356,18.561271208033,2.320158901004125,3.592126042714865,1.0847956479266647,2.2877129502845444,5.815504098918133,0.7269380123647666,1.296381942368226,0.4073634781139917,0.6603338293537593,51.86662149637628,1.3649110920099021,3.7750450331735377,0.48213102455952345,1.2722757702939602,78.03566573907983,0.8867689288531799,2.4578580750118295,0.3606256907657647,0.8549001767582719,0.5260024925442874,0.4048396763728831,0.16063058760335894,1.2530867461183224,2.0645476725264174,hjorth_mobility,hjorth_complexity,3.781347078565896,0.8901727960495268,-22.318077087402344,-60.05859375,19.53125,-21.97265625,98.61885188001906,9.93070248673371,1595,eeg_baseline_level_1.csv,4,AF7,40.00390625,50.0
165.607482739977,23.658211819996716,37.7765027838862,15.684310363076394,21.160105867807452,68.5714459335673,8.571430741695913,14.07472601219137,4.205819444308495,9.08683805389558,20.16967322384487,2.521209152980609,3.756119419538927,1.5413995998527132,2.14966513418171,75.56045308543304,1.9884329759324484,5.830751549528744,0.6290400386209519,1.5249429013995193,122.62979848975186,1.393520437383544,4.046614644724827,0.45342323757842756,1.214670181465257,1.01214663618026,0.5586487192669586,0.2165730455195159,0.8325210898746591,1.4501751431393266,hjorth_mobility,hjorth_complexity,3.418691569276535,0.8577214379415136,-20.403289794921875,-98.6328125,68.359375,-20.5078125,218.83181238081306,14.792964962468243,1595,eeg_baseline_level_1.csv,4,AF8,40.00390625,50.0
5367.221049720798,766.7458642458283,1119.116059351167,417.1468333160588,756.4805317293626,1279.3639720028898,159.92049650036122,343.1049958342502,49.18169294751986,125.3943417522648,182.72735220430354,22.840919025537943,41.631499160949915,10.948211266083355,20.094493348553527,119.48567145122279,3.1443597750321786,8.614663278978941,0.7759695876464635,2.5426414956237817,326.3162403681595,3.7081390950927218,174.60982908575596,0.23823756899303175,0.6579427995196083,1.5880660167328007,0.619138301712809,0.13651268500600042,0.11887923674550638,0.2217677136785649,hjorth_mobility,hjorth_complexity,3.3523521468455546,0.8339667641475306,-28.23047637939453,-457.51953125,122.55859375,-23.4375,3232.412444740475,56.8543089373222,1595,eeg_baseline_level_1.csv,4,TP9,40.00390625,50.0
2023.7113185169717,289.10161693099593,328.6464761487208,236.60313592819602,294.4030069471892,914.1399972197764,114.26749965247205,204.22222774141474,42.85846868270172,102.38921921635554,160.42564099801183,20.05320512475148,35.132616859262505,9.006720457594618,18.750294469453202,100.807417962742,2.6528267884932104,7.797953288628934,0.8307532446798952,2.3771845289002016,2174.6229608686367,24.711624555325418,1402.6766107577766,0.32057948874869835,0.724514107577994,1.0886833042210327,0.630455350230569,0.1612455001614156,0.13856394070746686,0.811942569607233,hjorth_mobility,hjorth_complexity,4.546461750603206,1.0691300383526994,-24.85065460205078,-288.0859375,168.9453125,-23.4375,2414.007513980323,49.13255045263092,1595,eeg_baseline_level_1.csv,4,TP10,40.00390625,50.0
33.243529840419164,4.749075691488452,6.410131465672621,1.8961900714988107,5.162980608294759,12.491681466625447,1.561460183328181,2.9597003751214856,0.8081073762995912,1.2862882317151845,7.23217400127043,0.9040217501588037,1.2228095403932506,0.5636746362872411,0.8768056986659214,24.2730727631906,0.6387650727155422,1.4481284940410226,0.1716085092279029,0.6514035483107562,37.7901878383889,0.4294339527089648,0.8302790529728666,0.18761595528552177,0.4059250433850278,0.8466971115217895,0.42188793288095366,0.279063646754541,0.992239470532473,1.6751279945601736,hjorth_mobility,hjorth_complexity,2.9720061249079324,0.8416745729067686,-22.957229614257812,-55.17578125,16.11328125,-22.94921875,70.192414423218,8.378091335335155,1595,eeg_baseline_level_1.csv,5,AF7,50.00390625,60.0
113.9359598433934,16.276565691913344,23.166076278215588,13.15114767296322,15.265413187378114,50.14045295914758,6.267556619893448,11.703694438716704,2.3133195044962664,5.659506722622352,10.835939390014346,1.3544924237517932,1.9591800658596799,0.7982746743681881,1.4005061293020686,35.72609176042649,0.9401603094849077,2.520470225664714,0.25065626342836933,0.8272050086082887,53.58134240820695,0.6088788910023517,1.4350747286219905,0.25922979049114686,0.5815367324106874,1.143527251938208,0.6588603312544683,0.20258266987776286,0.7080055083624528,1.1491053027809452,hjorth_mobility,hjorth_complexity,2.600505359294441,0.8480460373383032,-23.10009002685547,-69.3359375,35.64453125,-23.4375,164.838749296905,12.838954369297564,1595,eeg_baseline_level_1.csv,5,AF8,50.00390625,60.0
3329.4001866499416,475.6285980928488,1230.1265157813436,187.00133582532328,335.20046708861037,995.5907372101941,124.44884215127426,193.48398434833223,68.34835020981943,124.26494110524098,227.23533510842182,28.404416888552728,49.66506309156955,8.433216408761403,27.386132350575274,137.1454063260418,3.609089640158995,11.195007628418798,0.8345479115914106,2.2737659686208196,412.29982686594826,4.685225305294867,189.09439633556764,0.42921703712225856,1.4780433557778294,1.3560465251274225,0.6716766579655233,0.2108169538843871,0.175294549833079,0.3857855775842908,hjorth_mobility,hjorth_complexity,1.6452176762883197,0.8515914396774075,-13.636589050292969,-336.9140625,215.33203125,-18.5546875,4707.675579084025,68.61250308131912,1595,eeg_baseline_level_1.csv,5,TP9,50.00390625,60.0
3122.220515834368,446.0315022620526,888.2993603952383,241.0305134684653,374.48726157397937,913.7685221663754,114.22106527079693,190.78923447880416,57.130767007691624,106.27211583688626,227.97353328512395,28.496691660640494,47.53695696010437,9.50121215582781,25.216218885329226,132.5658765728831,3.488575699286397,8.918590827025488,0.6309533016219141,2.728166433889225,2336.645660335854,26.552791594725612,1439.1414374474214,0.6296365067889513,1.9380715112317517,1.204688273838609,0.5363803193358607,0.178480483022418,0.14349854987694602,0.838738172034358,hjorth_mobility,hjorth_complexity,4.4845449563342905,1.0527992170125346,-20.87993621826172,-344.7265625,284.1796875,-18.5546875,3404.4880536021083,58.34799099885195,1595,eeg_baseline_level_1.csv,5,TP10,50.00390625,60.0
166.87479238918485,23.839256055597836,30.237747166407857,12.46076798299779,26.59276033239466,72.5528701351725,9.069108766896562,24.861873069993866,3.0829259106105367,6.543367134180746,19.13257493937194,2.3915718674214923,3.3590144686267704,1.7165440720430558,2.3774350699537914,41.767969084090446,1.0991570811602749,2.2144142016982378,0.3225694159397638,1.120976652570652,52.46077157758404,0.596145131563455,1.3601823751554702,0.22569456543991395,0.5379300528811968,1.2265962612790975,0.6833346871753294,0.26200217448431773,0.6559361233229695,0.9072335301836993,hjorth_mobility,hjorth_complexity,2.918934586963148,0.8072990262436518,-22.01671600341797,-145.5078125,60.05859375,-21.484375,224.4636561590596,14.982111205002438,1595,eeg_baseline_level_1.csv,6,AF7,60.00390625,70.0
916.1061263831807,130.87230376902582,220.31456322812787,55.88739308287422,141.25212428248207,132.38510216602987,16.548137770753733,32.63523651324532,7.57937736363259,12.972944228158903,35.80566796267538,4.475708495334422,5.797918437910008,2.864338571881696,4.588025233317561,62.69302620501942,1.6498164790794585,2.559860457966659,0.7197355736841212,1.6871163974286514,83.14039026804728,0.944777162136901,2.5248178228390183,0.24203105227555582,0.8334977575868261,1.5738009258600094,0.43838986895751453,0.1584071303847135,0.3252603459768481,0.46441579213359496,hjorth_mobility,hjorth_complexity,2.6668447817254215,0.7527093031351015,-22.144317626953125,-202.63671875,107.421875,-20.5078125,922.5289890309796,30.373162315290443,1595,eeg_baseline_level_1.csv,6,AF8,60.00390625,70.0
4811.850283514787,687.4071833592553,1278.0289513511273,319.4936944384216,748.7077231526149,1869.7162471549843,233.71453089437304,344.7186681544916,108.87429077472058,231.68588522428433,311.92752365878823,38.99094045734853,142.6258932351523,11.996460542892372,22.222935414261897,160.7536553856805,4.23035935225475,16.7989327952231,1.0532224223000932,3.0456332981352787,216.6158701463504,2.4615439789358002,68.28741705162923,0.3253947579719198,1.2557503981094813,1.4468757430192645,0.8399908988332913,0.19980021999252076,0.15254008936229935,0.19501609419139676,hjorth_mobility,hjorth_complexity,1.9017301096881114,0.6183873823128458,-28.227996826171875,-506.8359375,200.68359375,-20.5078125,5270.692007034086,72.5995317273747,1595,eeg_baseline_level_1.csv,6,TP9,60.00390625,70.0
3780.8119577706593,540.115993967237,727.5254424722192,348.7758402151334,557.4484217609652,1808.8540031732402,226.10675039665503,434.0724481623267,103.2421408458015,217.0645893214664,275.49405151276744,34.43675643909593,106.64162811129626,14.518415103220443,23.52098377676994,212.67280074216902,5.596652651109711,22.667214155446104,1.208415006452248,5.079492389800693,1215.528806234102,13.81282734356934,630.7222139886155,0.6386132967246106,2.444287548897684,1.3135092804011146,0.8232942542140671,0.1882901388907222,0.1989451329832039,0.6263792821690495,hjorth_mobility,hjorth_complexity,3.3833105439800124,0.8805998658957884,-24.0234375,-476.5625,250.9765625,-18.5546875,4946.124888956547,70.3286917904531,1595,eeg_baseline_level_1.csv,6,TP10,60.00390625,70.0
75.24050813682388,10.748644019546267,15.340069997830076,6.854668427541122,9.990064055569109,28.460412535576555,3.5575515669470694,5.529479806200338,2.1210640615130156,3.599714994071176,12.868057990298377,1.6085072487872971,2.121137296662084,1.1544200070188486,1.5887564570379256,61.742872517814,1.6248124346793158,4.232025968768268,0.6403365971538975,1.3924755939626887,113.44559239354408,1.2891544590175463,2.8048547889347963,0.3771240977069471,1.2543097802921348,0.7881174915081256,0.39663918469707793,0.2122243682483165,0.9949008321517356,1.9283598108283149,hjorth_mobility,hjorth_complexity,3.6088645802453465,0.8798846773103731,-22.333145141601562,-77.1484375,30.2734375,-22.4609375,158.65402747294866,12.595794039001616,1595,eeg_baseline_level_1.csv,7,AF7,70.00390625,80.0
367.84499802763725,52.5492854325196,85.73282718414683,27.27530239298836,50.85137067578759,133.9432514060233,16.742906425752913,34.26242118185235,5.134258581214689,13.020698287271744,18.677389163565653,2.3346736454457067,5.345653137959382,0.6332000307190859,1.609430057355563,80.68855959473316,2.12338314722982,5.287059800003917,0.4283882390266433,1.7810797183445455,125.00309298092323,1.4204896929650366,3.5779389878516596,0.36549727658455694,1.3538112081154534,1.2461547547074483,0.6247744085492046,0.13507501705294764,0.5993580497007588,1.0029463958298337,hjorth_mobility,hjorth_complexity,2.9941192657182594,0.82412442639019,-19.466018676757812,-129.39453125,76.171875,-19.04296875,363.213225355139,19.058153776143666,1595,eeg_baseline_level_1.csv,7,AF8,70.00390625,80.0
2326.830878230384,332.4044111757691,508.9602721525623,187.2821303686785,309.9150286744235,1315.1243854589043,164.39054818236303,358.9387962329704,71.12909435861414,139.35361249920186,226.21835281107352,28.27729410138419,61.78440048965971,12.25413221348718,22.339998785173684,133.22610206627743,3.505950054375722,10.75421454412966,0.69970669594781,2.4075495150500776,261.1148365600989,2.967214051819306,107.96532256622798,0.3757142754195432,1.1152782847716587,1.358825580653497,0.9582854220932884,0.2563402065319563,0.21304037811371945,0.34192704939139473,hjorth_mobility,hjorth_complexity,2.742029460480533,0.7358076420200209,-20.244407653808594,-298.33984375,132.32421875,-17.08984375,2264.982090819103,47.591827983584565,1595,eeg_baseline_level_1.csv,7,TP9,70.00390625,80.0
2664.0194237464384,380.57420339234835,640.9926450199805,132.96644567877976,369.5933802840898,1242.0312699537753,155.25390874422192,311.49455561563195,57.20402132556925,132.0296548746498,198.58672498088686,24.823340622610857,54.66102330216241,8.752475315881316,19.376120758014885,105.62885116539145,2.7797066096155647,7.507164133855074,0.9233776308450238,2.1067606037172677,1617.2100537545018,18.377386974482974,1007.5802486843199,0.41546890163327216,1.1332287201563624,1.2064028285247048,0.7416428883177442,0.17996275913721935,0.13493193837892756,0.7172799453452293,hjorth_mobility,hjorth_complexity,4.272258804555153,1.0113348723839957,-21.76361083984375,-311.5234375,136.71875,-18.310546875,2984.3934602104127,54.629602416733846,1595,eeg_baseline_level_1.csv,7,TP10,70.00390625,80.0
85.00464196810269,12.143520281157526,18.478550512125498,8.823126690960557,11.404444019035022,39.59638823877977,4.949548529847471,8.61990428129467,3.0094249031056526,4.053616551779113,10.085976968034586,1.2607471210043233,1.7978560892049487,0.8797057583959895,1.22891554959146,56.97014322118976,1.4992142952944674,2.7975168909075183,0.37226271971479225,1.3959665707211646,79.37212020312961,0.9019559113992002,1.7787283047557938,0.3150818914092348,0.8526767194986198,0.902325692892604,0.534614527147212,0.184289762761021,0.995802590621719,1.5284311485830626,hjorth_mobility,hjorth_complexity,3.325816377873162,0.8669371746812257,-22.235679626464844,-66.40625,42.96875,-22.4609375,141.57576220895862,11.898561350388484,1595,eeg_baseline_level_1.csv,8,AF7,80.00390625,90.0
359.2747666485536,51.32496666407909,101.15620178191995,28.14231363499196,41.47694404270683,99.22622630107975,12.403278287634969,23.97171544172609,4.197176670340345,9.829542015636399,21.732168513954807,2.716521064244351,4.410769918268947,1.6353891355944894,2.1956259939143967,76.19656389949918,2.005172734197347,4.812406658562303,0.7741996511853171,1.7744779845239247,100.97924938975922,1.147491470338173,2.5160058515509984,0.38739718085418534,0.9904210978004083,1.27922056765691,0.5490411925094286,0.17000204659915044,0.6265950000699043,0.9151582235526673,hjorth_mobility,hjorth_complexity,3.122375482418155,0.8227421979817101,-19.690513610839844,-138.18359375,47.36328125,-19.04296875,313.79541815113043,17.714271595273978,1595,eeg_baseline_level_1.csv,8,AF8,80.00390625,90.0
3394.931230431673,484.99017577595333,678.4794699455459,337.20197497295874,440.48321971996336,1691.3961235233314,211.42451544041643,482.8610035478793,75.99393527057472,187.51724441579566,266.4712153245146,33.30890191556433,71.13225833762064,13.334151654994965,29.77930622912092,129.0511893363528,3.396083929904021,12.057088565204023,0.8304555615138772,2.4626584563439717,194.09459171464104,2.2056203603936484,77.29818737363772,0.2918724001000228,0.8552131401114764,1.449688985009877,0.9357187808505528,0.23388078957518946,0.16195757988640852,0.21513296477661126,hjorth_mobility,hjorth_complexity,2.7243389478322713,0.676329834971924,-20.909881591796875,-304.19921875,266.6015625,-19.53125,2624.385263188742,51.228754261535016,1595,eeg_baseline_level_1.csv,8,TP9,80.00390625,90.0
3933.263886769271,561.8948409670387,766.0611847810776,426.7670571432778,501.28278354143754,1744.1686944363698,218.02108680454623,511.1924951752076,66.18448176929327,187.54979637505784,275.2666701142329,34.408333764279114,72.24824756233832,10.7306326517895,32.32001746822342,113.10255399896732,2.976382999972824,11.292555052722697,0.48801201065084093,2.0046453455529067,1005.7031857954623,11.428445293130254,625.0381080419721,0.2740670673268234,0.7679018172512424,1.3893793782457213,0.8128257744312,0.1995032287862482,0.11864244373311367,0.4678591338941106,hjorth_mobility,hjorth_complexity,4.18822886947591,0.94462909672257,-21.512413024902344,-310.05859375,284.1796875,-18.5546875,3277.4502932079486,57.24902001962958,1595,eeg_baseline_level_1.csv,8,TP10,80.00390625,90.0
96.61568486672779,13.802240695246827,17.98177799300152,8.733668089160108,13.354311758402567,33.78898345884874,4.2236229323560925,10.54577341451535,1.6878279192723835,3.077375383988059,8.647063674344164,1.0808829592930205,1.2093672849355614,0.8155650860155347,1.1345180438886047,57.445668889475826,1.5117281286704165,3.347505476880145,0.426165736008184,1.3880185865418229,91.92536259603824,1.0446063931367982,2.2420106921574843,0.35378376640311987,1.0046167274825843,0.9383135631325348,0.4354034663687004,0.1530908397712646,0.9356903844435893,1.6188185215786768,hjorth_mobility,hjorth_complexity,3.732698168783177,0.8907849795534725,-23.012733459472656,-98.6328125,27.83203125,-22.4609375,145.003170146083,12.04172621122416,1595,eeg_baseline_level_1.csv,9,AF7,90.00390625,100.0
460.42701608544803,65.77528801220686,94.41517086093816,39.31771451058367,65.88386630827928,117.8289277998145,14.728615974976812,29.469521508840753,5.412267304778433,9.931760866439067,19.798061226945304,2.474757653368163,5.312363514454241,0.8841588731070377,2.1919959520400307,86.26209636003438,2.2700551673693257,8.232944096955514,0.5090733569642092,1.8123019017979343,105.30591131631124,1.1966580831399005,2.5746671666262704,0.34352254389024445,1.1519316626828995,1.3649419413261095,0.5345754474927689,0.13349096856605608,0.5788968993528574,0.8023473618128336,hjorth_mobility,hjorth_complexity,3.312548493386966,0.8246770143016888,-20.264816284179688,-123.046875,130.37109375,-20.5078125,365.5631082074251,19.119704710257036,1595,eeg_baseline_level_1.csv,9,AF8,90.00390625,100.0
2122.252882787263,303.17898325532326,459.226816901634,93.82206368121632,314.5172482562445,1057.5796897224418,132.19746121530522,252.91797730678945,45.91355215643904,125.46502819153682,152.52427228750727,19.06553403593841,29.68812690603814,4.625280726794749,20.006113975080392,98.91029490960742,2.6029024976212476,8.093725085185243,1.219720573355412,2.2426301103165853,147.35752506590683,1.6745173302943959,54.13855730088199,0.27450014638226833,0.6815983577085709,1.40198078796386,0.924084881185016,0.21698720591603562,0.19586300863136774,0.2574982357787503,hjorth_mobility,hjorth_complexity,3.0648813163113053,0.7307128359777739,-23.170852661132812,-311.5234375,122.55859375,-21.484375,1481.9914997497108,38.49664270751036,1595,eeg_baseline_level_1.csv,9,TP9,90.00390625,100.0
2478.0336930352796,354.0048132907542,465.25989395472567,173.11691331860544,386.7349662897563,923.649338301987,115.45616728774837,213.90061682138875,42.44901929418228,108.28258693539755,137.89079242024815,17.23634905253102,35.96168418841849,2.433023303186611,14.255592819542967,93.12707709067848,2.450712555017855,5.213539673441261,1.0716779581091744,2.0715876145007255,728.4437922980111,8.277770367022853,439.2677181886428,0.2060771510098787,0.6746584273324205,1.3911094501044496,0.7339561417157129,0.16535736016859787,0.15616324202968848,0.5458480038556199,hjorth_mobility,hjorth_complexity,4.41820553390331,0.9805820674885436,-23.036575317382812,-304.19921875,131.8359375,-21.97265625,1843.4895259269979,42.93587690879269,1595,eeg_baseline_level_1.csv,9,TP10,90.00390625,100.0
56.41186085512237,8.058837265017482,15.461009502060667,3.4705895487984932,6.942005459103162,19.636802867107725,2.4546003583884657,4.5303616272475935,1.7694818750873895,2.2046688649578217,8.506916503659948,1.0633645629574935,1.2852500608221478,0.92064673836173,1.0469567317152844,59.45816061334309,1.5646884371932392,3.575648969892641,0.4478813810975577,1.4533874009473156,75.61770305601888,0.8592920801820327,1.7433788605096656,0.23452618808447356,0.8292247578959785,0.7634987272418188,0.36784158693222696,0.19022567462279028,1.2054139008936664,1.7379180503947564,hjorth_mobility,hjorth_complexity,3.6221324647315423,0.8716668832560864,-21.997642517089844,-72.75390625,43.9453125,-21.97265625,113.27325333695626,10.642990807895883,1595,eeg_baseline_level_1.csv,10,AF7,100.00390625,110.0
67.79535663290643,9.685050947558063,14.12367529417494,5.119004342323718,9.781139271455812,55.51579801109267,6.939474751386584,11.238440251223288,2.8073205596168957,7.247287187575482,20.372676793574318,2.5465845991967897,3.222590804299317,1.5453740272381757,2.6357134175516315,77.36989104896914,2.036049764446556,4.920440224890059,0.4359239067149584,1.6821880327047432,91.43521388400104,1.0390365214091029,2.072722101645019,0.5346529473800189,0.9887565264601466,0.7048809919446966,0.6226077349295984,0.29375674553911885,1.1359266618229358,1.5526044734301683,hjorth_mobility,hjorth_complexity,3.533679901490235,0.8365636602160754,-20.50457000732422,-93.26171875,55.6640625,-20.5078125,173.46487260510912,13.170606387145169,1595,eeg_baseline_level_1.csv,10,AF8,100.00390625,110.0
5479.446801516973,782.7781145024247,1020.338341267588,574.1259186423827,822.3218222546835,1803.445504490712,225.430688061339,444.35963875606,81.38733740542033,212.81201534039036,217.56017529507835,27.195021911884794,60.07815941921245,6.463683116332124,25.93849552072001,95.28209498104796,2.507423552132841,5.478871095839925,0.7108280624765895,2.415031352812459,138.56451285575008,1.57459673699716,56.67802624767108,0.22724852470058796,0.5763385720979673,1.5688530892744406,0.7677900681447405,0.1473936395753871,0.09372474565761582,0.11880419467856773,hjorth_mobility,hjorth_complexity,2.5960827311323755,0.6737909783790974,-20.705223083496094,-554.19921875,142.08984375,-18.310546875,3393.167122521845,58.25089804047526,1595,eeg_baseline_level_1.csv,10,TP9,100.00390625,110.0
2985.0217449939014,426.4316778562716,494.6815928718158,366.06260917450504,423.33859050782524,1443.9048323140032,180.4881040392504,329.8204450098663,68.19246355374557,164.28579468906395,192.55949829580734,24.069937286975918,47.01432371241406,4.805218549298,24.08474517160623,70.38383850584204,1.8522062764695273,5.350760621737738,0.25121185651862615,1.7883823360223425,722.5119388017793,8.21036294092931,445.78000286045614,0.2537100107935798,0.5797586736619231,1.3696937297297906,0.8517155485173136,0.1808750697791155,0.09909886809946206,0.4423113587717269,hjorth_mobility,hjorth_complexity,4.4624318155239635,0.9551965660791787,-22.75218963623047,-424.31640625,149.4140625,-20.01953125,2467.2981508410885,49.67190504541867,1595,eeg_baseline_level_1.csv,10,TP10,100.00390625,110.0
51.08377902095498,7.297682717279282,15.746474008357978,3.875073866678537,6.104991612545937,20.363315114568827,2.5454143893211034,4.513601660766557,0.8048499785862681,2.602689482407091,6.4099712895576015,0.8012464111947002,1.0356073856758412,0.48056589066772215,0.8150758890309315,67.75836234370622,1.783114798518585,5.586624186664519,0.4871207674305993,1.4176703259690866,104.35692277296306,1.1858741224200349,2.472682634949231,0.4026858818997673,1.1222892110666312,0.6430317371325271,0.33489013933595974,0.13427647479960775,1.1845400905127341,2.02182372260835,hjorth_mobility,hjorth_complexity,3.5248346451661043,0.8876352293179832,-22.74627685546875,-67.87109375,31.73828125,-22.4609375,149.11273261532187,12.211172450478369,1595,eeg_baseline_level_1.csv,11,AF7,110.00390625,120.0
269.46157834479067,38.49451119211295,53.80285733840563,19.568063032991162,37.26842951269859,59.92307077498918,7.490383846873647,11.383690578891173,3.5959837353670787,7.398044030687325,16.54818404152512,2.06852300519064,3.975677283881452,1.0560343468971076,1.9753530246468682,89.08941100529044,2.3444581843497487,5.622203801572048,0.6744794338190369,1.827162728341555,156.01750125069805,1.7729261505761142,3.9054109869760887,0.568531620028474,1.5909554457538815,1.1751888374152704,0.4132728316807369,0.1473069133407774,0.7593652134789145,1.4272663571207949,hjorth_mobility,hjorth_complexity,3.405423684790339,0.857014841200227,-22.1832275390625,-124.51171875,63.4765625,-21.484375,340.41534177958965,18.45034801242485,1595,eeg_baseline_level_1.csv,11,AF8,110.00390625,120.0
2633.8328998559405,376.26184283656295,538.2466683852957,252.92296440060167,335.997502460314,715.8552115991122,89.48190144988902,116.89029445435325,33.17292210345377,101.72355902519874,210.4110010780821,26.301375134760264,52.64727390333569,5.197675955992285,23.01383922536538,160.11088607250235,4.213444370329009,11.91628804245928,1.2265416947143875,2.954147268687618,165.322071586316,1.8786599043899548,44.85850767374365,0.31487479991543993,1.1747142151305319,1.5421298730568544,0.677149494617336,0.2595967131375433,0.27101705908689483,0.2851356210591982,hjorth_mobility,hjorth_complexity,2.436868117298022,0.6832606615687966,-23.97003173828125,-367.1875,151.3671875,-20.5078125,2142.3906995914876,46.285966551337,1595,eeg_baseline_level_1.csv,11,TP9,110.00390625,120.0
1262.8465090315592,180.4066441473656,242.57184438054082,89.76622797384526,193.42852935359764,691.0681277637707,86.38351597047134,142.60176337920555,38.40823177614462,86.65417399210847,142.8849852323566,17.860623154044575,29.788135458147742,9.86541927816793,15.390047859134386,115.18095212238617,3.0310776874312153,6.352562717574985,0.9936032565819833,2.7969256886559615,788.5785738410389,8.961120157284533,423.48968776093545,0.6128717491310861,1.8303844214241556,1.1504060959625784,0.7828840150860725,0.2365532641554751,0.25765014716982076,0.8857795540669555,hjorth_mobility,hjorth_complexity,4.338598226986133,0.9582013806271904,-23.520469665527344,-413.0859375,141.6015625,-20.99609375,1803.7331368759624,42.47037952356869,1595,eeg_baseline_level_1.csv,11,TP10,110.00390625,120.0
52.31978494528792,7.4742549921839885,13.162844468312223,4.603376302934052,6.178178725775839,15.23816255445951,1.9047703193074388,4.06073432238676,1.1529952552197742,1.7409667308643315,10.209774988319321,1.2762218735399151,1.8624353852278484,0.8979924351451213,1.2717345026573355,36.09494432714028,0.9498669559773759,1.584349385283411,0.24100375710738176,0.9118383489664803,55.12102752344134,0.6263753127663789,2.1675902330359174,0.1274484277689324,0.5281917846220172,0.8873715897936385,0.3702867844696099,0.2731112988557848,1.0147747376356435,1.6525340895446285,hjorth_mobility,hjorth_complexity,2.989696637556194,0.8421189640599092,-22.523880004882812,-62.5,45.41015625,-22.4609375,91.72442005365156,9.577286674922682,1595,eeg_baseline_level_2.csv,0,AF7,0.00390625,10.0
521.2874382657627,74.4696340379661,102.47868362321181,33.7886174890692,82.45908849747232,61.144620692940876,7.6430775866176095,21.526574096933988,1.3133421287658056,5.384741286631915,11.925034518503928,1.490629314812991,2.5426298444335864,0.9656126044017148,1.464594832342977,45.385861899851925,1.1943647868382086,2.330284354115356,0.6171850530763475,1.1544893903236455,62.58777797073483,0.7112247496674412,1.4824544414514365,0.10842803793796703,0.6845521208204861,1.581019751010869,0.35225457881766226,0.09911217084594509,0.3912235496669727,0.5799175544751666,hjorth_mobility,hjorth_complexity,2.6226185001047675,0.785106922457815,-19.305419921875,-139.16015625,86.42578125,-20.01953125,380.57979196310043,19.508454371453944,1595,eeg_baseline_level_2.csv,0,AF8,0.00390625,10.0
5971.817527515967,853.1167896451382,1169.5681707330352,362.5006122097262,804.8726812041747,832.6419640097812,104.08024550122265,261.3531026608924,30.248039836162448,84.60248836453556,126.29525849025157,15.786907311281446,36.83412217780984,6.569097344484949,12.501872203219154,101.44984698878031,2.6697328154942186,6.078494077586786,1.0722357328750256,2.1039880275137826,249.7420501823273,2.837977842980992,107.73403160627491,0.37715687299221223,0.9647222007233367,1.6836311496741496,0.45199309115377256,0.10165676156307926,0.10578137544223742,0.20498463105782308,hjorth_mobility,hjorth_complexity,2.520898052377264,0.761374409149178,-19.29931640625,-305.17578125,282.71484375,-22.4609375,3566.2027448415756,59.71769205889973,1595,eeg_baseline_level_2.csv,0,TP9,0.00390625,10.0
3727.063162188311,532.4375945983301,721.4665220999779,253.28777947285067,537.2631951960424,777.1774245416638,97.14717806770797,232.02695754422427,28.9472173464022,81.25797891684053,107.41869455620835,13.427336819526044,33.07451241050408,2.800302858879272,10.12872592886,88.35160575919816,2.3250422568210043,4.984453216030539,0.7715625990571245,2.2684120093777933,1424.047743529132,16.182360721921956,876.092443700452,0.41724505796472916,1.09639120929593,1.437569757387655,0.49009420878683385,0.1014769533025969,0.10980907385880075,0.6503569784772332,hjorth_mobility,hjorth_complexity,4.108621562558734,1.0318220217174647,-23.137283325195312,-300.29296875,173.33984375,-20.01953125,3029.3558012635913,55.03958394885986,1595,eeg_baseline_level_2.csv,0,TP10,0.00390625,10.0
136.41559586557926,19.48794226651132,24.82118452766052,15.588709771566467,18.534371509403314,45.480880286612376,5.685110035826547,9.310487013516633,2.945811445110751,5.38692594414039,12.222013461260854,1.5277516826576067,2.3833317664553655,0.5680467955734038,1.509141493814857,23.706753642623283,0.6238619379637707,1.1660255506860149,0.29142971043487603,0.5679281601217882,30.731341731297363,0.3492197924011064,0.850588056907728,0.12770852996189636,0.32267784913328046,1.3445264918044413,0.6539788020243261,0.2371452193860535,0.5399431514674876,0.7679137451274634,hjorth_mobility,hjorth_complexity,2.313034528760191,0.769327626179213,-22.61943817138672,-58.10546875,36.1328125,-23.4375,124.39258858648827,11.153142543090189,1595,eeg_baseline_level_2.csv,1,AF7,10.00390625,20.0
386.5430920471964,55.22044172102806,78.40320396736776,18.44021097491802,60.20814924727074,108.78090688910694,13.597613361138368,21.335920837860115,5.323559248896649,12.072460035236833,25.31511606447959,3.1643895080599487,4.377470342200126,1.7336099167115762,3.118803659803149,38.52710998229694,1.0138713153236036,1.8943483154683642,0.37645361230269925,0.9707369522395612,60.9093468812191,0.6921516691047626,1.6771991026814834,0.23011092356396734,0.696751435744442,1.4138146432134244,0.6275659295202585,0.20435734416903747,0.3766407007808446,0.630796717993354,hjorth_mobility,hjorth_complexity,2.6933805506978135,0.7779539424605185,-23.444366455078125,-131.34765625,60.05859375,-22.4609375,320.3331952681765,17.89785448784788,1595,eeg_baseline_level_2.csv,1,AF8,10.00390625,20.0
7508.602591388519,1072.6575130555027,1419.432903771565,613.7521815096536,984.6270695485065,2024.5378729992335,253.0672341249042,410.1703997894056,82.30984900507643,269.51125499071884,467.3570175452072,58.4196271931509,118.43120218120875,33.44549511482944,45.65608584175904,285.82171312932576,7.521624029719099,24.74110107563815,1.8116270371064387,4.939886937457924,359.3533093944643,4.083560334028004,139.35560933218883,0.4103318545755189,1.632980215332064,1.5739859992918255,0.6796455327551203,0.2206764575875685,0.18264366041652427,0.21046619826581361,hjorth_mobility,hjorth_complexity,0.8137635818200291,0.6930252765606753,-18.580245971679688,-440.4296875,298.33984375,-28.3203125,8446.194137068233,91.90317805749828,1595,eeg_baseline_level_2.csv,1,TP9,10.00390625,20.0
5488.765881880035,784.1094116971478,958.6711631857678,559.0705080131494,767.44062347318,1901.6062873743217,237.7007859217902,489.4731193173409,60.43920639277912,211.35907467403786,378.09770567381037,47.262213209226296,81.5454241231317,27.25786700359056,44.047515289681385,202.25501378008389,5.322500362633787,20.354635917551203,1.3726165177414131,3.2102682474513964,1893.142070372354,21.512978072413116,1118.1624089719783,0.6167693043267399,2.284471908976575,1.388307365369556,0.678821061241433,0.1992815169386454,0.14517694374527573,0.6159660405108986,hjorth_mobility,hjorth_complexity,4.12188944704493,0.982644287264331,-21.897506713867188,-412.59765625,290.52734375,-21.240234375,4685.848519293359,68.45325791584618,1595,eeg_baseline_level_2.csv,1,TP10,10.00390625,20.0
14.830833353823492,2.1186904791176415,2.5647808627502737,0.9791068028313143,2.255015506628768,12.597520990341872,1.574690123792734,2.8051024042820663,0.6392493730368382,1.4666445475157808,5.666842832050552,0.708355354006319,1.0526266766645371,0.37270811921960734,0.7466470216735801,25.096770396964633,0.6604413262359113,1.1120234299079261,0.2537158171743892,0.6415526492838246,34.37611321917093,0.3906376502178515,1.0939773295538808,0.07681646704349587,0.34949009352869354,0.5586764272321499,0.5018429428729172,0.2732492563663822,1.2213881680582601,1.8353737738243,hjorth_mobility,hjorth_complexity,3.467340479059254,0.8431052312169961,-21.450233459472656,-45.8984375,10.25390625,-21.484375,51.38465054187691,7.168308764407188,1595,eeg_baseline_level_2.csv,2,AF7,20.00390625,30.0
90.4638559476193,12.923407992517042,17.026414342382523,9.016299528678985,13.8526235412918,42.195088978106725,5.274386122263341,7.977547405263689,1.885643573899346,5.885717395312128,15.2318137059572,1.90397671324465,3.565042728497414,0.7755698451699959,1.6339381854758042,36.85897720937597,0.9699730844572624,2.1227842088225612,0.3750239572757962,0.7982344106144952,38.71315406442297,0.4399222052775338,1.5912312652187421,0.17660605959394157,0.3860117938722304,1.1061993239230041,0.667074438345895,0.30439023605422305,0.8487089352521044,1.0184396361713253,hjorth_mobility,hjorth_complexity,3.215250673821528,0.7893360263971516,-19.07024383544922,-72.265625,52.734375,-19.04296875,117.8960327160894,10.857993954506025,1595,eeg_baseline_level_2.csv,2,AF8,20.00390625,30.0
1305.0211214061585,186.43158877230834,254.06448302120214,82.37909426900806,192.30757867945192,831.2952774487446,103.91190968109308,164.07853022951156,51.729508263263824,109.13826234663564,168.58439377826923,21.073049222283654,36.4283722486159,5.954889083040647,18.796859382338845,84.2951002585755,2.2182921120677763,8.074333168705438,0.6757229725732967,1.5024752711278613,245.309963110049,2.787613217159648,141.839338617698,0.12048855884227988,0.3704759706962834,1.2844274576348123,0.9952992052924228,0.2982766302276758,0.21669935119795297,0.3784662153546292,hjorth_mobility,hjorth_complexity,3.6486682337039347,0.8572563220992139,-23.223304748535156,-268.06640625,151.85546875,-23.4375,1318.314333584567,36.30859861774573,1595,eeg_baseline_level_2.csv,2,TP9,20.00390625,30.0
1359.615548439574,194.23079263422485,263.94210556097386,85.58225007246558,207.74924700974827,839.5736059046619,104.94670073808274,170.72853593543286,45.77762327249908,99.5570922583747,146.04119495046197,18.255149368807746,30.775938583688816,6.264564956240856,16.98896191891417,59.28748955689965,1.5601970936026224,6.604006294527853,0.4380116265215087,1.0857800814993113,1963.122591803308,22.308211270492137,1280.0550997353491,0.16579893131069032,0.4389915627489852,0.9522943755960128,0.7002039906659849,0.17818999927125306,0.10365486027395637,0.8222901978788858,hjorth_mobility,hjorth_complexity,4.847200465623652,1.0728172229097905,-20.652008056640625,-290.0390625,182.12890625,-20.01953125,2170.3206695383415,46.58670056505763,1595,eeg_baseline_level_2.csv,2,TP10,20.00390625,30.0
110.4089317969428,15.7727045424204,23.363383364608158,8.738874140982018,15.616663902832158,29.621887976082704,3.702735997010338,8.127781784583597,1.5379114659600184,2.713873272184023,9.16497340654261,1.1456216758178261,1.5107472099258423,0.8313621315862086,1.1373763595907662,27.972649531682528,0.7361223560969087,1.717068509583858,0.35175873334851615,0.6067916331732104,43.02830613089433,0.4889580242147083,1.5726868420680509,0.15924741533890338,0.4850950839880589,1.2589986268249498,0.5077667040294352,0.2084360713764029,0.6797239764980931,1.1243778088288778,hjorth_mobility,hjorth_complexity,3.24178644279392,0.8301040057278389,-20.822906494140625,-60.05859375,65.91796875,-21.484375,135.78552228864282,11.652704505334494,1595,eeg_baseline_level_2.csv,3,AF7,30.00390625,40.0
84.74657698393561,12.106653854847945,15.85685070699838,8.131789759197146,11.529288694671605,47.892272063945455,5.986534007993182,10.446369707903688,2.9500563149104897,5.582116053820949,10.293796270694095,1.2867245338367619,1.8217191320793067,0.6737238929945413,1.433399803352499,30.082057438022094,0.7916330904742657,1.3926694078506543,0.2540919705071947,0.7202223365194005,46.5806092198958,0.5293251047715432,2.049429383793121,0.15401641002910657,0.4788136684800631,1.0468341579961713,0.7210594866128931,0.2223707457492613,0.709734614290907,1.1677755647267798,hjorth_mobility,hjorth_complexity,3.051613431825109,0.8305839725972465,-19.036102294921875,-109.86328125,55.6640625,-19.04296875,169.17413973715156,13.006695957742364,1595,eeg_baseline_level_2.csv,3,AF8,30.00390625,40.0
1723.2735532842812,246.18193618346874,550.0685768783891,151.36177611765476,185.09833404726754,676.9172596236458,84.61465745295573,185.36036751065942,40.22140531978479,57.132726624551495,148.92882861807277,18.616103577259096,36.20707060324352,9.830754349893715,15.837510351659823,100.80565886423632,2.6527804964272717,8.010449678216066,0.7076751690390292,1.8532096827509223,313.09458979332214,3.557893065833206,155.47425056907932,0.3343232311142772,0.8815566437617837,1.3481773695234434,0.7553420841000098,0.2419291679711049,0.22280232545299763,0.46835627057556806,hjorth_mobility,hjorth_complexity,3.533679901490235,0.8575346220751094,-24.14398193359375,-297.36328125,184.5703125,-20.99609375,1914.4919491373003,43.75490771487583,1595,eeg_baseline_level_2.csv,3,TP9,30.00390625,40.0
1075.500908439861,153.64298691998013,204.26957448487485,79.13753746930256,165.36903196879067,776.5733398828467,97.07166748535583,185.52965407478297,39.09562145809442,71.00110178888004,169.387330404073,21.173416300509125,37.30156853378561,7.907614064704425,20.281500005330475,112.73956286393354,2.9668306016824615,7.762442251924674,0.6011371471233274,2.276570213070549,2071.2350198015793,23.53676158865431,1305.452587463818,0.2227364972853255,1.193036762594343,0.8272059864398815,0.6597372016589422,0.2053051905961947,0.18681321063845005,0.9560765250420795,hjorth_mobility,hjorth_complexity,4.816242068489194,1.0541930954937626,-24.046707153320312,-330.078125,145.99609375,-21.97265625,2467.8931558446493,49.67789403592557,1595,eeg_baseline_level_2.csv,3,TP10,30.00390625,40.0
33.03926404668572,4.719894863812246,7.139088163715018,2.556721097509195,5.2193383557599775,15.488012225114836,1.9360015281393546,3.212082348139863,0.9083556533236864,1.9311311626662737,8.848156507878024,1.106019563484753,1.4559849199643073,0.673670442573422,1.0961351871454574,37.41976762778641,0.9847307270470109,2.3505703868614676,0.3703023040694503,0.8314395317356211,44.737718878037235,0.5083831690686049,1.4132443370823462,0.09116207350090272,0.4715295919527974,0.743582780985299,0.43426477381160444,0.2856705415250642,1.2091897975617976,1.6537414473915821,hjorth_mobility,hjorth_complexity,3.3169711215490314,0.8455352121022555,-22.198867797851562,-54.19921875,25.390625,-21.97265625,74.26073294482194,8.617466735927788,1595,eeg_baseline_level_2.csv,4,AF7,40.00390625,50.0
161.14935048962357,23.02133578423194,39.835079530820444,9.889220965873085,19.206820205441247,66.95496219448934,8.369370274311168,13.890736749023823,3.561563535925844,8.72337379554471,21.159427713597548,2.6449284641996935,5.439964812043083,1.3220713220277809,2.2156918951012714,38.10769268991522,1.0028340181556636,2.578787618790221,0.33515265391339505,0.8027417806937018,51.86932445876341,0.589424141576857,2.8358069135015658,0.11662075270565905,0.5017689509130958,1.1947750542514262,0.6916456427273482,0.286207316274154,0.6173364948507715,0.9115258070627682,hjorth_mobility,hjorth_complexity,2.9145119588010826,0.8073126537903258,-19.66075897216797,-84.9609375,41.50390625,-19.53125,165.34932943613967,12.858823019084587,1595,eeg_baseline_level_2.csv,4,AF8,40.00390625,50.0
1014.9618982763045,144.99455689661494,172.6558144319716,80.24066569657319,164.64703350564548,708.466349079361,88.55829363492012,140.52535328477387,54.01736572788704,83.66646763525219,159.13525700851494,19.891907126064368,35.31329111738663,6.8008933339208495,17.67274603993019,102.08144728648479,2.686353875960126,13.672815419619354,0.21615994876845052,1.9214355185026557,266.8625170281707,3.032528602592849,145.71532203491947,0.17782134773356356,0.5099983178567318,1.2169057717031624,0.9922930013963867,0.3232206299671667,0.2888670919550022,0.4802386598386199,hjorth_mobility,hjorth_complexity,3.6442456055418693,0.8557680091218697,-22.229766845703125,-269.04296875,129.8828125,-21.97265625,1127.49079184141,33.57812966562328,1595,eeg_baseline_level_2.csv,4,TP9,40.00390625,50.0
1026.2528810630038,146.60755443757196,198.6059388690048,46.82048979613784,162.58679677746102,754.1374534669028,94.26718168336285,152.0009003654732,48.10663196304818,86.81648156918004,155.32473464610766,19.415591830763457,38.420409803048756,7.84215074527066,16.04210764955334,83.65739193734565,2.201510314140675,14.110368342034189,0.4816185765564063,1.5932982069166806,2027.7121065282452,23.042183028730058,1322.1380538322446,0.175181403169827,0.479550775226784,0.8213406200897867,0.6837136274944946,0.19934858698014213,0.14779996852083466,0.8665693202311189,hjorth_mobility,hjorth_complexity,4.763170530544409,1.0734367234491018,-22.28679656982422,-291.015625,142.08984375,-20.01953125,2014.9643893455504,44.888354718629984,1595,eeg_baseline_level_2.csv,4,TP10,40.00390625,50.0
67.91174241323422,9.701677487604888,13.81398554300839,3.900342611440016,10.421270036474148,14.152107673782512,1.769013459222814,3.164809537395014,0.8584040493970437,1.6958836824223007,6.780223633574106,0.8475279541967633,1.086601985912413,0.5558666238126402,0.9391781682300944,44.455268304002956,1.1698754816842882,3.5452894593908715,0.3039589781493847,0.8447820731103942,64.90816926704375,0.7375928325800426,2.136299052790333,0.2090942726893566,0.6515747351912877,0.9458093310368263,0.3063994225311462,0.17131811612134792,1.0208273767081233,1.6608188676602302,hjorth_mobility,hjorth_complexity,3.604441952083281,0.8824674992699695,-21.222877502441406,-63.96484375,47.36328125,-21.484375,105.93112234346336,10.2922846027237,1595,eeg_baseline_level_2.csv,5,AF7,50.00390625,60.0
158.39100662475448,22.62728666067921,28.281264623954655,10.541174649664812,24.983483992157602,53.782633877389905,6.722829234673738,18.564151959116792,1.372826001038289,4.487988285310789,5.089019076801087,0.6361273846001358,0.9732391821774146,0.28648104171400873,0.6388715849258559,36.9716831986376,0.9729390315430947,3.1080020888074724,0.2652883940726333,0.6726923731330161,56.20125790817306,0.6386506580474212,3.8305923373474746,0.11251308202111937,0.5495758727565838,1.276710550741057,0.5858283804963396,0.09676947352039042,0.6382958292638272,1.0449795159238702,hjorth_mobility,hjorth_complexity,3.5513704141384963,0.8622556045751109,-18.988609313964844,-68.84765625,72.75390625,-19.04296875,133.19116751517868,11.540847781475097,1595,eeg_baseline_level_2.csv,5,AF8,50.00390625,60.0
1355.4241199092928,193.63201712989897,275.68647768114585,70.14570475612075,212.2805839212798,409.67701935875266,51.20962741984408,134.17384253626122,15.085607659206163,37.671050922926575,31.61719032756472,3.95214879094559,8.752794913409286,1.864834183831733,3.4567287294962474,62.275401384461915,1.638826352222682,5.510831213540015,0.42368016496157,1.302253147371267,260.14919211864367,2.956240819530042,153.07528158948466,0.10616568659204267,0.3476571390995091,1.4684125280815057,0.6548161023885282,0.09048621883506217,0.20142235473387243,0.4519371437236927,hjorth_mobility,hjorth_complexity,4.382824508606787,0.945119840280538,-22.217941284179688,-272.4609375,145.99609375,-21.97265625,808.6288334743585,28.436399798046843,1595,eeg_baseline_level_2.csv,5,TP9,50.00390625,60.0
1199.9150377888825,171.41643396984037,236.55132914108813,72.76936672259211,177.4773000387455,357.83708850134377,44.72963606266797,101.11189667309026,11.818930537088844,37.54006321617273,29.937516987936654,3.7421896234920817,5.8639374478363155,1.8299979182005564,3.333407530619285,66.12926000570998,1.740243684360789,4.585250992516876,0.44813186566578,1.2416065079237248,2012.4332156856203,22.868559269154776,1323.328135850963,0.08903239200982109,0.32592483372477093,0.9776872316245367,0.40442515135852125,0.05507357837507483,0.13280956908864888,0.871013852978984,hjorth_mobility,hjorth_complexity,5.019682963944201,1.1100903771564021,-21.70848846435547,-276.85546875,169.43359375,-21.97265625,1628.6842239424004,40.35696004337294,1595,eeg_baseline_level_2.csv,5,TP10,50.00390625,60.0
281.7438017862283,40.24911454088976,87.74046290588939,9.646374956438953,30.650814792107877,88.81555210082765,11.101944012603456,14.624337175440315,3.2603440847009706,13.110152940196365,11.65855021598966,1.4573187769987075,2.0418046842935587,0.8876017374138576,1.5500594914752601,44.081835697560756,1.1600483078305461,2.1899744670666674,0.2848759879262851,1.1076638299207948,72.54407440434403,0.8243644818675459,2.050170067698484,0.17302414038177907,0.7128467926605176,1.2406255330882887,0.6368094432216754,0.12920291409386803,0.5045454020244948,0.8660767861572163,hjorth_mobility,hjorth_complexity,2.59166010297031,0.8074865042512216,-22.40314483642578,-88.37890625,53.22265625,-22.94921875,232.27139721711865,15.240452657881217,1595,eeg_baseline_level_2.csv,6,AF7,60.00390625,70.0
1904.150852644117,272.021550377731,502.8492476893816,124.85607148438329,247.8514693196426,303.1082881480503,37.88853601850629,101.94715886697138,15.175492029911842,26.010151890272084,39.746610342944734,4.968326292868092,13.189239499976429,2.074393722616778,3.5472534678320446,58.28759496008123,1.5338840778968745,3.4847496442929264,0.5939926008039979,1.4282137468782858,96.21780811891426,1.0933841831694802,3.580977144859372,0.28138061236187917,1.0135529977868174,1.5855485652476127,0.4694661113842145,0.09386579227282854,0.16698077655551924,0.28657150341590565,hjorth_mobility,hjorth_complexity,2.498784911566937,0.7436066428885587,-19.865036010742188,-192.87109375,220.21484375,-21.97265625,1147.8205873572733,33.87950099038168,1595,eeg_baseline_level_2.csv,6,AF8,60.00390625,70.0
11247.417174194308,1606.7738820277584,2784.288360914028,943.3170949956043,1395.4941143528213,2725.493337916421,340.6866672395526,695.0457109518211,100.28479280936693,284.5680502123856,345.5546009614499,43.19432512018124,88.29735383016636,18.34972969543281,35.71196458162045,184.98026153765153,4.8679016194118825,12.892609904514208,1.5782577400360054,4.290425314403386,249.93715688281657,2.840194964577461,95.2704802549485,0.37319073973287353,1.051259592746269,1.5610091118134863,0.6299131633311468,0.12642803330760952,0.09276440029599821,0.11210240583356096,hjorth_mobility,hjorth_complexity,2.167087799412034,0.6452346679368614,-22.554779052734375,-468.75,365.72265625,-17.08984375,6722.696818760596,81.99205338787776,1595,eeg_baseline_level_2.csv,6,TP9,60.00390625,70.0
7577.152897552586,1082.4504139360838,1444.184407908326,827.9167287831125,970.4310348432726,2522.943651955732,315.3679564944665,605.1382481626855,110.17964357909317,256.6912426464063,318.01376225595345,39.75172028199418,83.8171030403451,15.096211828873278,35.34381225822981,135.3014926925381,3.560565597172055,12.79398925097699,0.8293570129806881,2.8832804860440806,1461.7806145156326,16.611143346768554,830.2391968126009,0.49149276677889364,1.5394834059680509,1.466063026695239,0.707113563952585,0.1410553747271733,0.08575034922239473,0.43857576718400443,hjorth_mobility,hjorth_complexity,3.7592339377555692,0.9341780908478655,-24.42646026611328,-473.6328125,372.0703125,-21.97265625,5363.615169153491,73.23670643300046,1595,eeg_baseline_level_2.csv,6,TP10,60.00390625,70.0
567.4870787127456,81.06958267324937,189.00806466774446,42.855718431305135,55.79769351338123,134.23583603334407,16.77947950416801,33.590597867773354,8.055269688739173,12.176099776056576,47.676181946241584,5.959522743280198,9.795311154049275,2.549328828298595,5.274351203663041,66.90542922964366,1.7606691902537805,3.3482513345895644,0.6521542340923786,1.871581607862491,115.49932734953674,1.3124923562447357,4.491672775210142,0.3765461478914115,1.2445121609749314,1.3708269467971002,0.5442117697487516,0.2464774404192709,0.4307114811917934,0.7746845195049371,hjorth_mobility,hjorth_complexity,2.923357215125213,0.8121447210877879,-23.59619140625,-156.73828125,108.3984375,-23.92578125,482.67632722854614,21.96989593121793,1595,eeg_baseline_level_2.csv,7,AF7,70.00390625,80.0
1283.85658495856,183.40808356550858,340.40307260870554,90.33170709007346,154.3525428521474,248.4890362332667,31.061129529158336,61.116334676254986,10.457947691528634,27.67233606439642,75.52286973083923,9.440358716354904,18.91466925647088,2.4925377184330575,8.865796757608827,113.63980547062296,2.990521196595341,4.351386129470313,1.0268111898053316,2.9659410690969827,142.33817384944902,1.6174792482891933,3.5760015076995972,0.36543552656633693,1.5446557091355506,1.470154344501326,0.5106911481689098,0.19868680920073406,0.3712867903110195,0.5061562053603508,hjorth_mobility,hjorth_complexity,2.7066484351840097,0.7702625124440787,-23.904037475585938,-188.96484375,141.6015625,-21.97265625,858.1104617042001,29.29352252127081,1595,eeg_baseline_level_2.csv,7,AF8,70.00390625,80.0
25186.95569918529,3598.1365284550416,6934.215069612137,1650.1645747810005,3760.4831400271246,4763.047324583862,595.3809155729828,1198.9450546751252,130.96536276307688,547.3226494348244,521.7265684303171,65.21582105378964,114.01599274354587,20.0715630971372,50.35335154112892,344.9475424095888,9.077566905515495,24.857262416424465,1.4445392750532422,7.337882467993049,265.8572251928863,3.021104831737344,64.86648635447166,0.6299906711408941,1.7637263743050444,1.6174909331771834,0.5620631292502947,0.09778425575163588,0.08490154872835552,0.07021800273484564,hjorth_mobility,hjorth_complexity,1.5169614595884238,0.5574599509258998,-22.981834411621094,-1000.0,559.5703125,-27.83203125,17331.14156664669,131.64779362620055,1595,eeg_baseline_level_2.csv,7,TP9,70.00390625,80.0
11903.557011213028,1700.508144459004,3397.7703649559367,708.026911129879,1602.918732990736,3035.0859702874213,379.38574628592767,897.6958421536079,98.11398937504808,289.5164269930916,571.6424720505488,71.4553090063186,125.95395460890661,33.772346244847576,60.820623947961465,270.14885612603047,7.109180424369223,20.28096544112823,1.7729186731518451,5.735252024114901,1204.836322989259,13.691321852150672,650.9956207738828,0.7843022294663602,2.3905720687606027,1.5203040271217665,0.6379027501571499,0.17697690841611352,0.11854662777528474,0.32350571893801655,hjorth_mobility,hjorth_complexity,3.630977721055673,0.8688824059167625,-29.16088104248047,-539.55078125,416.50390625,-21.97265625,7925.503739934356,89.02529831421154,1595,eeg_baseline_level_2.csv,7,TP10,70.00390625,80.0
257.0621440434016,36.72316343477166,54.96117177430486,13.37066457867485,40.27215625875813,46.38637755458853,5.798297194323566,8.2473585177434,3.8113997222032534,5.560891626632119,24.377527761580993,3.047190970197624,4.886594077392135,1.6629908848925936,3.0752194440637375,72.63937718327094,1.9115625574544983,4.12778723348469,0.5484284346547459,1.7678990247342425,101.73008555978353,1.1560236995429947,2.333774890904271,0.26453834177713614,1.1084235715091673,1.232933028269585,0.3837095869522617,0.22873716674622954,0.7388973466415515,1.1329595618227997,hjorth_mobility,hjorth_complexity,3.6000193239212157,0.8748397388850904,-22.593307495117188,-166.9921875,73.2421875,-22.4609375,244.92757962434553,15.650162287476304,1595,eeg_baseline_level_2.csv,8,AF7,80.00390625,90.0
893.9859032623449,127.7122718946207,164.5380944257953,68.75116109910185,139.0717036005729,168.95598499455548,21.119498124319435,50.59544515140465,8.187776303829843,15.129437080665873,32.38543884961584,4.04817985620198,5.851467700447086,2.930652815820227,3.9039019675036357,100.8216993417585,2.6532026142568026,4.841187025225597,1.2476491264145886,2.5809513764177234,127.7347637798804,1.45153140658955,3.6548501121355343,0.31739700069936355,1.3430562067697882,1.5104474293338461,0.48011749391416814,0.13498478655977986,0.4487471549760935,0.6179872604707495,hjorth_mobility,hjorth_complexity,3.24178644279392,0.8253106126224665,-23.2757568359375,-182.12890625,122.0703125,-21.484375,585.8684983104467,24.204720579061572,1595,eeg_baseline_level_2.csv,8,AF8,80.00390625,90.0
2422.803686948351,346.114812421193,435.0778551179103,241.85100520066302,342.89651733074294,1236.8073096693838,154.60091370867298,351.129445706302,46.18480839970631,114.1627347232816,207.43664404994652,25.929580506243315,47.198268290222835,9.982413873675554,28.05741196397135,161.93018985631792,4.261320785692577,14.570174965119046,1.2185594983827428,2.8191932247922016,163.11037354461246,1.8535269720978689,44.29602267688534,0.3181481379079573,1.029603715976536,1.413989420622407,0.9100380798737661,0.24270172755352443,0.2521323147058772,0.26209428049462624,hjorth_mobility,hjorth_complexity,2.251117734491276,0.6422044802110948,-26.157379150390625,-294.43359375,164.55078125,-21.97265625,2118.3929726248607,46.02600322236182,1595,eeg_baseline_level_2.csv,8,TP9,80.00390625,90.0
2685.2375133565342,383.6053590509335,487.53479394681676,171.97213192621362,417.3631114804111,1289.43880516279,161.17985064534875,355.16415313211985,52.32716336563473,123.56575935431462,194.98672646836633,24.37334080854579,47.86078478216209,12.677855471882495,24.21054358816245,152.16967186098765,4.004465048973359,12.701286009405287,1.2838518780891544,3.083217828448687,645.8959058127988,7.339726202418168,368.3631501041805,0.35701285908196606,0.909484593805125,1.3550216163459554,0.8391692588338334,0.20336308128115527,0.20939894524168307,0.491877947357085,hjorth_mobility,hjorth_complexity,3.980365345858838,0.9021035779958767,-23.647308349609375,-329.58984375,157.71484375,-19.53125,2403.9074167376384,49.029658541923766,1595,eeg_baseline_level_2.csv,8,TP10,80.00390625,90.0
474.46234595541017,67.78033513648717,165.55087908898852,14.50619230713454,29.331856284306323,105.60090388608255,13.200112985760319,34.79427306109935,2.929742767173132,9.566387987148554,16.728714432019988,2.0910893040024985,4.05814639160131,0.7926271575758762,2.078067630703093,68.05791114391569,1.7909976616819918,4.206059712973878,0.7795134358646957,1.620663224287156,124.49452558862447,1.4147105180525508,3.6220890239878423,0.3618565947242857,1.2670189988804172,1.2098264560764476,0.4754869237670822,0.11351913837963368,0.47640627821942794,0.899971050048991,hjorth_mobility,hjorth_complexity,3.2683222117663124,0.8319016354956074,-20.95947265625,-175.78125,142.578125,-20.99609375,461.83761209249496,21.490407443612952,1595,eeg_baseline_level_2.csv,9,AF7,90.00390625,100.0
441.4566832361355,63.06524046230508,104.5499747632937,34.56110789903547,55.041213965927696,240.99523684229067,30.124404605286333,47.08422888788109,15.630976915727258,31.74049032662451,33.82936915738036,4.228671144672545,10.37763507630342,2.135182463443435,3.539915645092692,114.678567531913,3.0178570403135,7.523883592150294,1.2194260935909496,2.774694698725798,169.52210610784766,1.9263875694073598,4.744353553831628,0.6126708760203701,1.7903167381135496,1.1538838548588624,0.8000439185830625,0.17429986806311887,0.6313126625967015,1.0068982352564415,hjorth_mobility,hjorth_complexity,3.0206550346906513,0.7977327448385185,-17.739486694335938,-127.9296875,148.92578125,-20.01953125,614.0351689828094,24.779733028884905,1595,eeg_baseline_level_2.csv,9,AF8,90.00390625,100.0
5299.760106410081,757.1085866300116,1345.474973235171,294.7760873381971,668.806440912968,1290.220740359614,161.27759254495174,331.43490613898706,53.08972584807389,144.1181660904077,221.38506558058387,27.673133197572984,56.19062297207638,9.839355524148951,22.097894063058853,157.3041165913361,4.139582015561476,13.718712786942817,1.0408958606011727,2.6942753628985114,180.5921607509549,2.0521836448972146,54.76647018272431,0.3401026875447441,1.0278144463309151,1.5357999319922546,0.6304847772663262,0.1591852453184811,0.14974463987670453,0.17044243938349457,hjorth_mobility,hjorth_complexity,2.167087799412034,0.6521478866194561,-25.73699951171875,-443.84765625,159.66796875,-24.169921875,4290.1262431405485,65.49905528433634,1595,eeg_baseline_level_2.csv,9,TP9,90.00390625,100.0
1994.42799776994,284.9182853957057,377.5300139827598,210.10567916259333,244.8854129525195,927.9196644322416,115.9899580540302,254.87166347699446,45.84002101509544,112.90266031763896,169.57886580535148,21.197358225668935,63.02221287942949,8.767956508550798,12.729484902234443,133.36399733065645,3.509578877122538,10.696320963729397,1.04878424769892,2.7997219328640988,783.7645174775569,8.906414971335874,447.6310021036844,0.454541877971228,1.144473129642833,1.2852116816514916,0.7797996253426498,0.20609051866904007,0.22397461560235005,0.6548747283476593,hjorth_mobility,hjorth_complexity,3.993633230345034,0.9460515647622847,-22.81818389892578,-430.6640625,153.80859375,-17.578125,2490.25734487077,49.902478343973755,1595,eeg_baseline_level_2.csv,9,TP10,90.00390625,100.0
55.266898861887015,7.895271265983859,10.464372562724854,4.693842636190801,7.524049354588687,21.346067968373468,2.6682584960466835,5.139011256807084,1.022109017206463,2.7045009150611405,6.031337796144385,0.7539172245180481,0.9204419248187209,0.5615041687391857,0.7918228169211781,49.70481727864897,1.3080215073328676,2.6705780746650145,0.5511951533127634,1.2174877229794587,83.96443138479971,0.9541412657363604,1.9242996890262343,0.47738876595792745,0.8978970548934764,0.7807641073199791,0.39271959736939144,0.14451717934453706,1.0627689124582045,1.9163226791644001,hjorth_mobility,hjorth_complexity,3.272744839928378,0.8707026294770857,-22.83496856689453,-80.56640625,24.90234375,-22.4609375,148.76433120662114,12.196898425690899,1595,eeg_baseline_level_2.csv,10,AF7,100.00390625,110.0
282.41852654128473,40.3455037916121,57.57309928459462,25.123077434228712,36.73901719413186,83.93980812543646,10.492476015679557,23.068781605277415,2.258170257198465,10.744921428580351,17.364133042015435,2.1705166302519294,4.335233879000089,1.009823150774527,1.7088293242931931,66.33263742201785,1.7455957216320488,3.234051270124313,0.5246786796515617,1.8038929897369909,116.97310960555565,1.3292398818813143,3.178289315909761,0.38523411405894126,1.258254810008058,1.253647586179713,0.535896999372571,0.15851576867456885,0.634584267011431,1.1709347292474503,hjorth_mobility,hjorth_complexity,2.7066484351840097,0.8242234412093653,-22.280311584472656,-104.4921875,60.05859375,-21.97265625,367.8385805324069,19.17911834606604,1595,eeg_baseline_level_2.csv,10,AF8,100.00390625,110.0
2705.216214869686,386.459459267098,475.3064472158972,247.14836575329204,416.06723256016943,912.4684681200883,114.05855851501104,227.662814166663,37.76561875819024,113.60320464111489,111.39657191017267,13.924571488771583,32.826759072006496,3.3022048241969864,9.208524348623452,110.17584998159589,2.899364473199892,9.751932133420434,0.8877976970733152,2.3434499149247747,164.87203810817033,1.8735458875928446,39.04355401733503,0.3090934566887696,1.185224095176476,1.536142326836616,0.760296275196883,0.14770060749477287,0.18769715528283162,0.27836433507959535,hjorth_mobility,hjorth_complexity,2.3749513230291064,0.665455597063833,-22.30968475341797,-453.61328125,151.3671875,-19.53125,3305.8462064582272,57.49648864459661,1595,eeg_baseline_level_2.csv,10,TP9,100.00390625,110.0
3137.6546338636585,448.23637626623696,606.271512445033,277.6763350584683,460.98107515289354,875.1153081059753,109.38941351324691,228.06141825260985,42.34674254502105,91.86008113983003,112.67830559977975,14.084788199972468,30.38452175126453,3.168158598796834,12.648809274748206,100.93463016331035,2.656174477981851,6.048838252872983,0.8276633634836119,2.3726317432840753,757.6894788386601,8.610107714075683,412.0142018855151,0.46102840892195146,1.5526870405736026,1.468234625400558,0.6294946044376465,0.12583779049392596,0.14720488056500708,0.5730711055705986,hjorth_mobility,hjorth_complexity,3.900758038941661,0.9079902458287407,-22.253799438476562,-457.03125,176.26953125,-19.775390625,3686.9886609201785,60.720578562133106,1595,eeg_baseline_level_2.csv,10,TP10,100.00390625,110.0
90.03243885400346,12.861776979143352,16.551890678261618,8.329719028927434,12.80581933760056,35.80060776322191,4.475075970402739,9.63908423873477,2.149092121054116,2.9425110533222947,12.514880344784139,1.5643600430980173,3.2220577927123393,0.7837385684639219,1.118321548031807,34.54152714978263,0.9089875565732272,1.6612004497271682,0.2709045774859022,0.9118060978445152,49.0148595987166,0.5569870408945068,1.0435393195508458,0.17323907034946603,0.5314911032666959,1.0884637163250004,0.5717913463927542,0.2563253789109734,0.7920540399933742,1.2246914760039245,hjorth_mobility,hjorth_complexity,3.179869648525005,0.8331812045334742,-21.27227783203125,-81.0546875,54.19921875,-21.484375,133.9667453430593,11.57440043125601,1595,eeg_baseline_level_2.csv,11,AF7,110.00390625,120.0
460.81069714032583,65.83009959147512,111.93038560980352,31.576455276344284,61.28239843383747,134.27357202414677,16.784196503018347,41.03108921853598,6.366823169952363,10.686687118844706,17.572619907845663,2.196577488480708,3.835115870018282,0.6985127656703684,2.1930226498987064,59.98436353510976,1.5785358825028883,3.269253577915176,0.5158554290323937,1.5047600734218232,77.203518524837,0.8773127105095113,1.6637528658467717,0.3458919113993494,0.8492949279770277,1.3716599432752978,0.614451787456795,0.1271722405580992,0.4623914275327703,0.6524976310711117,hjorth_mobility,hjorth_complexity,3.1666017640388087,0.8006175594573676,-20.106887817382812,-178.7109375,57.6171875,-18.5546875,415.93202025978826,20.394411495794337,1595,eeg_baseline_level_2.csv,11,AF8,110.00390625,120.0
1634.0036367159075,233.42909095941536,307.1080658300638,99.7568810475956,279.09388412759427,1068.420730044627,133.55259125557836,225.10781553598702,56.52061325235604,130.99911263465432,212.41646205431886,26.552057756789857,49.942625078174146,7.623276345767605,23.41143479474144,101.55941630801767,2.672616218632044,9.975806416178695,0.48053968549943943,2.0464862224536926,114.85898214119233,1.3052157061499128,42.12144345040042,0.20089480455184125,0.5632602035113794,1.3166486396093162,1.0420862803422273,0.3109755861350061,0.22031992049388752,0.23330875955788125,hjorth_mobility,hjorth_complexity,2.6358863845909637,0.6963748039784752,-20.148086547851562,-273.92578125,104.4921875,-18.5546875,1339.1640548070427,36.5945905129029,1595,eeg_baseline_level_2.csv,11,TP9,110.00390625,120.0
1801.6015476721293,257.37164966744706,364.71169851889687,70.15384038545668,285.19194963847235,1141.6029854540448,142.7003731817556,231.73703743709297,65.22627360840197,130.24359429681596,207.52026688131684,25.940033360164605,53.778962655390416,9.631423228203502,20.94803919146274,89.95691560466688,2.3672872527543913,7.728493270038762,0.4415414871612675,1.6828263084291089,647.8009435689885,7.361374358738505,388.28749895133967,0.15495926212318858,0.6978113448545983,1.214202776797848,0.9414333475341277,0.25719742568895676,0.1650939966835022,0.549928182511997,hjorth_mobility,hjorth_complexity,4.400515021255049,0.9599850557301509,-19.029617309570312,-339.84375,119.62890625,-16.6015625,1711.3968810008373,41.369032874855044,1595,eeg_baseline_level_2.csv,11,TP10,110.00390625,120.0
49.58053591283562,7.08293370183366,12.891260810500649,4.937937956468256,6.111178808414661,26.784036864450222,3.3480046080562778,9.433038486551883,1.0460214112710213,2.233951396290762,7.361354624281591,0.9201693280351989,1.2978281516192443,0.37472855327655696,1.0636993207263532,45.5168490941917,1.1978118182682025,3.191082270478555,0.29074613024302437,0.8605466544386705,67.2090701402248,0.7637394334116454,2.1349101307393625,0.14466012413648624,0.7368529427654983,0.7763585628730111,0.48422649405081725,0.18525750178773376,1.0641793344588346,1.744312227886807,hjorth_mobility,hjorth_complexity,3.498298876193712,0.8671206650102032,-23.227882385253906,-84.47265625,27.34375,-22.4609375,114.18826903536683,10.685891120321545,1595,eeg_baseline_level_3.csv,0,AF7,0.00390625,10.0
275.07306931055723,39.29615275865103,55.838786525300385,9.783350981207263,48.06138938557093,90.2696671002252,11.28370838752815,29.032947909184557,4.46117876512306,8.012465442658018,15.46188392819402,1.9327354910242525,3.65104770956272,1.228366246514268,1.7151789021670432,72.49404330269192,1.9077379816497875,5.24002523415081,0.5571044304663966,1.2817946596863647,122.56434157002272,1.3927766087502582,3.3112530928422803,0.49314195201442357,1.3430794086346092,1.1753344159279402,0.5568314465728287,0.14339191829932177,0.6542178840754178,1.201725575404625,hjorth_mobility,hjorth_complexity,3.370042659493816,0.8505225278764145,-22.904396057128906,-118.65234375,48.828125,-22.4609375,327.87820582598215,18.107407484948865,1595,eeg_baseline_level_3.csv,0,AF8,0.00390625,10.0
2009.5936218136337,287.0848031162334,425.77591107426446,207.40956421372215,254.92346247398675,898.3649077355276,112.29561346694095,231.5637297428373,41.044235557640846,106.25784603326738,156.10243394002427,19.512804242503034,41.17378602222023,8.756781954342522,16.613864709998516,121.51364202331052,3.1977274216660665,12.226251082206007,0.8543109596788351,2.160432874072449,237.0419650490025,2.693658693738665,116.02554327650245,0.1895739797685726,0.6779291180820846,1.422865594535701,0.8552931093434037,0.22631834993481953,0.23219813710546514,0.3423491041964011,hjorth_mobility,hjorth_complexity,3.2550543272801162,0.7865239069258866,-22.88532257080078,-305.6640625,152.83203125,-21.484375,1815.45588766312,42.60816691273071,1595,eeg_baseline_level_3.csv,0,TP9,0.00390625,10.0
2171.6347722277724,310.23353888968177,449.5190714327252,186.0408577503985,279.4571434306231,916.416355674373,114.55204445929662,263.0895294628207,45.93023046545453,106.52339109195103,173.46660342919313,21.68332542864914,48.38759699109828,6.985824960542016,22.472091726423315,114.94423378041175,3.0248482573792566,8.855600094063162,1.0065139307417297,2.8093227797516045,1612.4781674561648,18.3236155392746,1017.8654417563844,0.20015513368708357,0.9602552766415429,1.1753501769851278,0.6574012862165758,0.18106687207216438,0.16493535494115277,0.7630439776970785,hjorth_mobility,hjorth_complexity,4.577420147737664,1.0302908293262507,-22.180938720703125,-318.359375,186.03515625,-20.5078125,2591.715026064776,50.908889460140216,1595,eeg_baseline_level_3.csv,0,TP10,0.00390625,10.0
2686.753220304027,383.821888614861,872.9215610422882,53.816285271340554,277.7851666230309,62.96180353051052,7.870225441313815,21.06394179230872,4.0957488475741615,6.421724075286514,17.06911680815054,2.1336396010188174,3.518558600451681,0.9033296105040165,2.0538692740578917,46.729072523737635,1.2297124348352009,2.2496138586572267,0.4343550517603402,1.105186064110621,74.73954592881253,0.8493130219183243,1.9908592530642168,0.3366106865579813,0.7777924297565149,1.5219144316304656,0.11591762347117632,0.03891901160170952,0.11493785568941993,0.192010490082119,hjorth_mobility,hjorth_complexity,2.405909720163564,0.8072306428147841,-21.974754333496094,-96.19140625,270.5078125,-25.390625,1522.2425528554595,39.01592691267836,1595,eeg_baseline_level_3.csv,1,AF7,10.00390625,20.0
369.06330021571324,52.72332860224475,101.92707363728664,28.17851121573337,41.35467425795191,113.71202110248944,14.21400263781118,22.771866020802772,4.927303162272533,15.178033815212991,36.272046749075514,4.534005843634439,5.722749268894174,3.452277449113026,4.612849781267268,85.49172881142721,2.2497823371428214,3.2606791278321534,0.8375071615557976,2.252143056439038,138.2567372662037,1.571099287115951,3.7751390476714213,0.4587826237516357,1.437110413116896,1.199937948882483,0.5551008483129894,0.23009134114991064,0.612018388820636,1.0462982707559743,hjorth_mobility,hjorth_complexity,2.6801126662116177,0.831100524309344,-24.194717407226562,-110.83984375,60.05859375,-22.94921875,398.5765761171933,19.96438268810717,1595,eeg_baseline_level_3.csv,1,AF8,10.00390625,20.0
4759.469287236952,679.9241838909932,1332.233940315708,272.0121757802787,620.3444931215017,1589.125806205156,198.6407257756445,366.7326634384825,54.267359810280176,183.0939144876245,285.73346738488533,35.716683423110666,64.08723417285283,15.953713895056381,28.926601260007832,170.19290864591557,4.478760753839883,15.053005709287156,1.1729590156316234,3.2527190365713716,372.1177790444786,4.228611125505439,120.27248890733397,0.5703631889363239,2.0567710076734445,1.4497102540558666,0.754998495063897,0.20223831883553223,0.1661963608924044,0.31903906372911545,hjorth_mobility,hjorth_complexity,2.140552030439642,0.7868464116316396,-23.057174682617188,-363.76953125,190.4296875,-31.25,5416.094405663898,73.5941193687641,1595,eeg_baseline_level_3.csv,1,TP9,10.00390625,20.0
2185.6941245380403,312.2420177911486,435.0441730320856,123.473431443874,312.08844016039643,1383.34148076364,172.917685095455,364.76174496648366,80.05346315130117,137.15350551191722,294.45341879101284,36.806677348876605,86.4259864840927,12.457560502599783,27.50346334228,188.49738403643852,4.9604574746431185,12.628056896824491,1.5318460625328234,4.295698676598402,1829.6938296674775,20.791975337130427,993.9254993061323,0.8479826979183793,3.717984946568282,1.0580788642380436,0.7916550215884977,0.24130918093736234,0.21862919723213012,0.9667143367430313,hjorth_mobility,hjorth_complexity,4.373979252282656,1.0052103105224413,-23.230934143066406,-382.32421875,191.40625,-20.99609375,2722.224485150946,52.17494116097253,1595,eeg_baseline_level_3.csv,1,TP10,10.00390625,20.0
51.000670979520955,7.285810139931565,13.18193430236716,2.687305234645423,6.6282795874483265,18.713860097196672,2.339232512149584,3.960059195745055,0.8075073215399766,2.1624566899632827,5.82244648119668,0.727805810149585,0.9625927185532386,0.5164564766112596,0.7106702294295508,44.980569132075466,1.1836991876861964,2.9671142526370478,0.40039147443465173,1.1845795075027163,60.84143761447318,0.6913799728917407,1.431531411873379,0.24721504567686198,0.6448509940022951,0.8200292825381471,0.4098424979163192,0.16399354384792916,1.1326765563985546,1.7129023387670173,hjorth_mobility,hjorth_complexity,3.2373638146318546,0.8544197590835118,-22.188949584960938,-66.40625,19.04296875,-21.97265625,105.44859556830488,10.268816658617725,1595,eeg_baseline_level_3.csv,2,AF7,20.00390625,30.0
150.1943138216244,21.456330545946344,34.920756821144664,4.644679052539821,22.550426045783517,43.80096548672843,5.475120685841054,8.974197116843284,2.269679339799697,5.350963347194759,15.9798527749629,1.9974815968703625,2.8979878382016846,0.9313953311631332,2.0790234042598996,75.90134766446853,1.9974038859070666,3.751950378722242,0.45875696470053445,1.9590567386595088,134.89830119003085,1.532935240795805,3.6259062510290767,0.44829700792203614,1.433681401787985,0.9609440344486627,0.4129405166536143,0.18817470753808763,0.8893846068712483,1.6600300287087242,hjorth_mobility,hjorth_complexity,3.3744652876558816,0.8711475624084484,-22.33600616455078,-103.02734375,50.78125,-21.97265625,264.26551976328483,16.25624556173057,1595,eeg_baseline_level_3.csv,2,AF8,20.00390625,30.0
1817.7790803331682,259.68272576188116,335.21921716071233,197.3101550084671,264.84902047540464,652.515954166832,81.564494270854,215.54834595743154,16.744178657961836,72.90850031632544,127.35181873865584,15.91897734233198,24.293860110574265,9.769481006535464,15.884542349031332,151.59864325155905,3.9894379803041855,9.279786310770962,0.7836536462115277,3.3143273798795576,328.7857519884054,3.736201727140971,129.12596335877853,0.4273840059384,1.4721023722802298,1.4253955987385625,0.7114086150807362,0.2110321079607586,0.3110086454449702,0.5422293231164461,hjorth_mobility,hjorth_complexity,2.896821446152821,0.8111507954476552,-25.345230102539062,-305.6640625,154.296875,-24.90234375,1851.2748063949402,43.026443106477444,1595,eeg_baseline_level_3.csv,2,TP9,20.00390625,30.0
678.5368340305847,96.93383343294067,124.50994372715826,61.22768428324379,95.44417512349874,377.29314710853856,47.16164338856732,97.3561540461348,18.45432422512837,46.95028487261847,73.73462927214979,9.216828659018724,13.173463801226664,4.405011408720513,9.35692791936589,118.12445314065968,3.108538240543676,5.598133767694381,0.8117987924198172,2.885220196859602,1710.6729943101823,19.43946584443389,991.4556502469461,0.8039532788833816,2.6269892243772968,0.7618769974801638,0.5023889081698902,0.1388138125254827,0.2645847177857104,1.2792946970156884,hjorth_mobility,hjorth_complexity,4.856045721947782,1.0471560906527644,-21.450424194335938,-318.84765625,166.9921875,-20.01953125,1803.0697129142936,42.462568373972545,1595,eeg_baseline_level_3.csv,2,TP10,20.00390625,30.0
85.0445422956381,12.1492203279483,17.454929174257092,7.403853933614133,11.853489339369169,25.142190715677472,3.142773839459684,6.306655854786392,1.6123442948640898,2.6209777068551436,7.294510760212866,0.9118138450266082,1.1653086314449925,0.5215787321816645,0.987128610132178,34.26871407289446,0.9018082650761701,2.1604175188407755,0.11185679529881273,0.6789963473431064,49.61103191347067,0.5637617262894394,1.6067438607667635,0.12089999351154852,0.48582285727645236,1.1030747830249892,0.47505222472447906,0.18065563454907685,0.8243627401497566,1.3199212532699263,hjorth_mobility,hjorth_complexity,3.7503886814314384,0.8809669670091395,-20.978927612304688,-65.4296875,63.4765625,-21.484375,103.4390959830489,10.170501265082704,1595,eeg_baseline_level_3.csv,3,AF7,30.00390625,40.0
11.056246259258867,1.5794637513226952,2.8242186314245474,0.5118144012701846,1.3828608289094553,5.019386738864052,0.6274233423580065,1.0906596300306748,0.37800434574047725,0.5554037442336615,5.563143913710793,0.6953929892138492,1.0194193134399008,0.5195587998975824,0.6268409838930558,51.400288596171514,1.3526391735834609,3.756935748299807,0.26586087730879954,1.1319544711762353,79.28826564495131,0.9010030186926286,2.7613576108481634,0.11446054618399192,0.7836158915976907,0.296647707052861,0.1638169324914934,0.1794703391011488,1.4055854932061285,2.3816389182328708,hjorth_mobility,hjorth_complexity,3.754811309593504,0.9090415862606143,-20.795822143554688,-84.47265625,16.11328125,-20.5078125,97.42801412357949,9.87056300945288,1595,eeg_baseline_level_3.csv,3,AF8,30.00390625,40.0
389.74082587309255,55.67726083901322,101.97040432674454,22.987871075337964,45.76525839007052,59.4315262794232,7.4289407849279,11.879868301660993,2.4843403587048036,7.507162703081755,29.3506911588336,3.6688363948542,5.690730522663064,2.3140956973210645,3.64675679288133,67.24366148236287,1.7695700390095492,6.122730124664369,0.4009356090425189,1.1396711649274636,226.73162652617683,2.5764957559792823,127.83436136590765,0.10464430935387631,0.32727935586602364,1.2337291015360272,0.3419322976423298,0.1978859128806708,0.49203685910061784,0.8743606202452536,hjorth_mobility,hjorth_complexity,4.241300407420695,0.9505170518739394,-20.53852081298828,-84.9609375,174.8046875,-22.4609375,479.54031029803446,21.898408853111555,1595,eeg_baseline_level_3.csv,3,TP9,30.00390625,40.0
29.201583814065618,4.1716548305808026,5.8740688245625305,2.4485799974034874,4.4559990574626065,17.785972562655072,2.223246570331884,3.3315240108785966,1.4399305211255542,2.1720787468704987,20.51086666280211,2.5638583328502635,4.113637801501415,1.6940179784930107,2.495410651222551,72.06920908908629,1.8965581339233233,4.966828880641925,0.37501725198408065,1.428282856158578,1570.7420612901774,17.8493416055702,1008.2423784678326,0.225770691349673,0.5480466654288662,0.10140005991836447,0.06818722367087296,0.07700208985886327,0.27576612671952955,1.1104936413632815,hjorth_mobility,hjorth_complexity,5.223123859399208,1.1077230773957565,-21.921157836914062,-134.765625,71.77734375,-21.97265625,893.1472453696188,29.88556918262757,1595,eeg_baseline_level_3.csv,3,TP10,30.00390625,40.0
14.908716797855105,2.129816685407872,3.520737136081141,0.8682564836177877,1.7067771894024508,9.851431100554803,1.2314288875693504,1.4765617058918612,0.9670183008542949,1.2376017586438692,5.728691228307622,0.7160864035384528,0.9770655147552615,0.41933514710164865,0.6729348092281402,41.33652580375885,1.087803310625233,3.366149492534113,0.22718775905151598,0.767080850060682,47.90870710737947,0.5444171262202212,1.2142660082675958,0.22563267865813227,0.5184126634781127,0.45027925751405934,0.34677507471346686,0.2240509238304369,1.4193933324099384,1.9589494760015198,hjorth_mobility,hjorth_complexity,3.5292572733281697,0.8727822457176073,-23.080062866210938,-55.6640625,9.27734375,-22.4609375,64.9070528743323,8.056491350105969,1595,eeg_baseline_level_3.csv,4,AF7,40.00390625,50.0
106.3898488210994,15.198549831585629,22.426039693263792,5.605364279692531,17.039167821295468,69.62209902456465,8.702762378070581,14.946041151948123,3.9447751877856256,7.388112384726632,12.898044354917038,1.6122555443646298,3.2429801971192043,0.8170832279344291,1.4783857401424243,52.235512242443676,1.374618743222202,3.6809349254824997,0.4434552309208209,1.3493758869588446,103.16782397280166,1.1723616360545643,4.325906369701369,0.2608808074922639,0.992591722389031,0.9055383942270734,0.6927864678457981,0.18726005073947496,0.7772293896517033,1.5683561224253797,hjorth_mobility,hjorth_complexity,3.6928945153245887,0.8978974988349765,-21.73633575439453,-70.80078125,83.0078125,-21.97265625,158.76138055318734,12.600054783737543,1595,eeg_baseline_level_3.csv,4,AF8,40.00390625,50.0
874.8021244447013,124.97173206352876,165.6262522164007,38.86835003759181,131.42572284957538,598.2135851773019,74.77669814716273,141.6118462804056,25.714880360315508,69.87598962382033,103.29423683233377,12.91177960404172,19.957587764593857,8.540541312105685,10.579678681152515,83.6731034144318,2.2019237740639945,6.380265609324638,0.45628037138972655,1.5548784524958381,230.70058443683283,2.6215975504185547,127.79365877713343,0.12773765817325017,0.4385292873214401,1.22457686187138,0.976743758333203,0.26736817969215415,0.2887684452676805,0.4849298749954795,hjorth_mobility,hjorth_complexity,4.0245916274794915,0.8948938699232831,-22.707176208496094,-240.72265625,101.07421875,-22.4609375,737.3554588048137,27.154289878485383,1595,eeg_baseline_level_3.csv,4,TP9,40.00390625,50.0
778.4988619430761,111.21412313472516,161.80032748085534,22.430419391307137,117.65592421003625,511.9586224074692,63.99482780093365,110.45734468421173,30.613558463209454,55.7431663141912,112.52542730649834,14.065678413312293,26.731564719200808,5.859133098913039,12.388462744899016,92.70612128440746,2.4396347706423014,7.248606299576376,0.7568911566707468,2.029428922176912,1580.89357405282,17.96469970514568,1018.6242968322802,0.12975545309802197,0.6131649175200092,0.8124746050284121,0.6269896341527955,0.19246148992486356,0.20928094653068302,0.924572258185682,hjorth_mobility,hjorth_complexity,5.015260335782136,1.0771346677016371,-22.01404571533203,-265.13671875,128.41796875,-20.99609375,1353.0757842454477,36.78417845005442,1595,eeg_baseline_level_3.csv,4,TP10,40.00390625,50.0
1720.8049814139524,245.82928305913606,712.79047866576,10.954333470947313,56.27056591457031,82.23167000701577,10.27895875087697,20.209549876530357,4.0413149613940265,9.492847204267397,23.425165892020406,2.9281457365025507,5.317614528582258,1.4365205931201384,2.463976711447966,68.45255875915232,1.8013831252408508,4.339202948282402,0.4569202273468585,1.5049515530053266,100.08036499104037,1.137276874898186,2.9637527080067874,0.3905206877518952,1.0477875416805458,1.2217019756686045,0.20020555166043583,0.0708323562268777,0.22122023348949368,0.3474462488789249,hjorth_mobility,hjorth_complexity,3.0825718289595665,0.8379175705808326,-21.954917907714844,-118.1640625,169.921875,-23.92578125,935.2905323248706,30.582520045360397,1595,eeg_baseline_level_3.csv,5,AF7,50.00390625,60.0
325.8142685226179,46.54489550323113,62.727153635387694,30.790608938593405,51.00147901268991,153.04625183080336,19.13078147885042,38.02142154897928,5.991637340410735,17.60888179948887,61.2165528020055,7.652069100250688,12.7533527996205,4.414464763411317,7.070681789096257,117.85711910958902,3.101503134462869,6.443882277967104,0.8863081512344384,3.01706422423656,141.85730459083578,1.6120148248958612,4.193070959546078,0.4845523728934482,1.4425298350123086,1.1038964932847792,0.66454813250021,0.3354938717964362,0.7674035301322779,1.0340056751717432,hjorth_mobility,hjorth_complexity,3.272744839928378,0.8163375447287986,-23.431396484375,-249.51171875,52.734375,-22.94921875,396.776907145977,19.919259703763515,1595,eeg_baseline_level_3.csv,5,AF8,50.00390625,60.0
3252.2527601636043,464.6075371662292,644.966015274037,257.8050769357303,437.5346379997003,1237.5452528238052,154.69315660297565,338.47178824951266,44.962372131339606,124.55312623992505,161.83572713333137,20.229465891666422,47.17488146861719,4.182556646548088,14.844969810364198,120.70064644036108,3.176332801062134,6.337317627959632,0.9191676842933099,2.8156411057979307,334.4357537775483,3.8004062929266853,131.64383749696594,0.5024568195717295,1.4941620156827233,1.4810239568952348,0.790816443375393,0.16449579194839614,0.1693931571288385,0.3658843747282223,hjorth_mobility,hjorth_complexity,3.405423684790339,0.8068326468058866,-25.876617431640625,-475.09765625,106.93359375,-20.99609375,2249.46140719112,47.42848729604519,1595,eeg_baseline_level_3.csv,5,TP9,50.00390625,60.0
2054.543993789447,293.5062848270639,484.1119573093744,86.11126204053356,322.88885994074303,1225.59917522407,153.19989690300875,212.29459619234092,71.79453758199728,178.28788785455856,328.3634063558042,41.04542579447553,74.79269341322718,14.8340755611705,40.19769268906509,366.7653665105331,9.651720171329819,25.852936842708306,1.6427228361007613,9.032989039230724,2108.2883432321623,23.957822082183664,1226.9601193394365,0.7307424985094632,2.357143214939599,0.9685949552851655,0.7214360248220838,0.2588132419535602,0.374968435351159,0.9359932079099784,hjorth_mobility,hjorth_complexity,4.493390212658421,1.0165934729259678,-23.347091674804688,-288.0859375,326.66015625,-20.5078125,2660.5596985609736,51.58061359232724,1595,eeg_baseline_level_3.csv,5,TP10,50.00390625,60.0
70.3897324092905,10.055676058470072,17.589544995431666,5.564373200077656,8.642063554720993,15.332390181035818,1.9165487726294772,3.4944148147291663,0.6844894298093056,1.8832369884759708,6.120361328978612,0.7650451661223265,1.1511351653600426,0.41051985947393244,0.77689729101508,35.71806050774594,0.9399489607301563,2.5670745027278787,0.43496268081411965,0.8594345317130854,44.9936163598112,0.5112910949978545,1.2449664609433109,0.18263004973333224,0.4824506129764386,1.0634184802535143,0.3645388747807008,0.1766291667634152,0.9868374418542813,1.3836566429076957,hjorth_mobility,hjorth_complexity,3.122375482418155,0.8419197662280034,-21.883010864257812,-82.51953125,13.671875,-20.99609375,99.91151382564567,9.995574712123645,1595,eeg_baseline_level_3.csv,6,AF7,60.00390625,70.0
330.5266215747603,47.21808879639433,67.47125407119545,28.40186100103516,46.77655550001839,53.04066590111697,6.630083237639621,22.041682060703014,2.5200193929132086,4.788860241131042,10.2749049000481,1.2843631125060124,2.0436329029653515,0.8542495010602811,1.183304503108285,67.61516208820963,1.7793463707423587,3.068050033215503,0.7106078860248224,1.7170076199297097,98.11568320348469,1.1149509454941442,2.3867406947305256,0.29705880810853835,1.0768822951104131,1.385334647227005,0.3783467124335566,0.1060238480479729,0.6586204660277251,1.0292677918376112,hjorth_mobility,hjorth_complexity,2.9985418938803243,0.8239894649817792,-19.04163360595703,-95.703125,114.74609375,-19.53125,315.16337588982424,17.752841346945683,1595,eeg_baseline_level_3.csv,6,AF8,60.00390625,70.0
491.27744684773046,70.18249240681864,123.48863464796958,22.854783428685195,77.60063951567155,110.57244009498521,13.821555011873151,26.119773378205906,6.097555475462797,11.118814215542603,37.02681694477865,4.6283521180973315,6.444723187862136,3.2722986963428218,4.4633032891769915,90.97497663964572,2.394078332622256,4.864775163632879,1.0400400851976954,2.02143680705621,273.23150525882414,3.1049034688502744,133.32394304368663,0.1947147046327035,0.8139982041726699,1.222478882344317,0.4482138771307528,0.19360704418682753,0.5267067840786207,0.9836365171976799,hjorth_mobility,hjorth_complexity,3.2683222117663124,0.8826013386998282,-16.224288940429688,-222.65625,109.86328125,-18.5546875,799.6894126699772,28.278780254282136,1595,eeg_baseline_level_3.csv,6,TP9,60.00390625,70.0
658.8194718186635,94.11706740266621,151.0426548500794,53.00810969830984,81.25844469366429,147.68670550300385,18.46083818787548,62.41953037014535,6.569439896077473,11.40544761463918,30.224888017541943,3.778111002192743,5.181966706139321,1.9723628866677652,3.958162641109997,80.18759805881211,2.110199948916108,4.4707682231527395,0.6950517516612521,1.8887737138862062,1731.6970494587326,19.678375562031054,1102.1311183549499,0.23242247223438722,0.8828136430695719,0.8041171696708728,0.2559291444238421,0.07356158795561016,0.2109098174231381,1.060045763381237,hjorth_mobility,hjorth_complexity,4.7366347615720175,1.0795867143351923,-18.721771240234375,-247.55859375,222.16796875,-19.53125,1621.3774908101186,40.266331976107764,1595,eeg_baseline_level_3.csv,6,TP10,60.00390625,70.0
194.87657936164493,27.839511337377846,37.766247733791026,17.24517695163823,27.0654890119001,101.67903011720564,12.709878764650705,19.00065558615606,3.218771933729235,14.04706243237389,16.324300849838252,2.0405376062297815,3.0012996932160543,0.7170715260964661,2.2426839500340012,54.66631674902368,1.4385872828690442,2.316838450854889,0.5027909179253107,1.4796584927049827,94.81601935187652,1.0774547653622333,2.1506656289985133,0.3131381937369465,1.069854164277486,1.122468876572059,0.7305845632870069,0.17871444553222443,0.641189266471012,1.1622146556124964,hjorth_mobility,hjorth_complexity,2.896821446152821,0.8146486909621026,-22.308921813964844,-137.6953125,66.40625,-20.99609375,253.4775875028572,15.920979476868162,1595,eeg_baseline_level_3.csv,7,AF7,70.00390625,80.0
2036.5875918233749,290.9410845461964,524.7062941089325,136.41100135792846,221.79916457834253,273.24768968956664,34.15596121119583,93.07583717383424,7.77501321701558,31.831691925635354,60.61894349559134,7.577367936948917,11.031686351630917,2.684257913581162,8.34492649452795,105.63644044510058,2.7799063275026468,5.723727597460975,1.1690668887248492,2.6654654190171083,145.1683916066989,1.6496408137124874,5.22408389883191,0.32484770002923624,1.4300068870246543,1.5911556410681222,0.4115858810519152,0.12852109821441418,0.2630779991293403,0.38448204042488726,hjorth_mobility,hjorth_complexity,2.520898052377264,0.7367193534064712,-24.4598388671875,-292.96875,134.27734375,-23.4375,1307.2419445961714,36.15580098125571,1595,eeg_baseline_level_3.csv,7,AF8,70.00390625,80.0
9141.184372740054,1305.8834818200078,1892.892616924907,659.0409567673742,1382.7793103869924,2135.112190330746,266.8890237913433,571.2300102359993,96.96835357965828,219.7973924097346,255.70289216198702,31.962861520248378,89.93306750073799,12.937387467871849,25.318698370801236,140.55685470332253,3.698864597455856,10.709809988664277,1.294623340276898,2.7765343639893514,216.6035419681064,2.461403886001209,58.3267855587501,0.5317864350017439,1.3150435280324098,1.64461752961489,0.6420520689726483,0.12063666403468765,0.09194310117341094,0.13509493607725442,hjorth_mobility,hjorth_complexity,2.167087799412034,0.6231747515742212,-24.971389770507812,-565.4296875,221.6796875,-15.625,6311.796494846931,79.44681551105073,1595,eeg_baseline_level_3.csv,7,TP9,70.00390625,80.0
8225.67757904643,1175.0967970066329,1635.2503811107194,685.3475044313433,1283.2762433170071,1914.3770338012137,239.2971292251517,486.61546459803037,99.96098082833608,193.27328915263334,225.30618803182307,28.163273503977884,79.96059657855795,9.742813226082726,21.871740367692603,153.98173027019837,4.052150796584168,9.510420108575055,1.5958067759977144,3.4221890149355967,1007.7701692573993,11.451933741561355,538.1700293240417,0.33972301368546115,1.606948396141025,1.5860547899977462,0.6090848718248726,0.11064695050295317,0.10268849205016889,0.3699341661159914,hjorth_mobility,hjorth_complexity,3.3302390060352276,0.8817868977953549,-24.462890625,-599.609375,255.37109375,-17.578125,6140.982769429684,78.36442285520697,1595,eeg_baseline_level_3.csv,7,TP10,70.00390625,80.0
164.8932693907101,23.556181341530014,46.61599919447144,8.680797903021697,17.981580154355587,38.502415471521715,4.812801933940214,7.767991466241862,2.495563706406286,4.335554584819431,12.45546850841522,1.5569335635519026,2.7808558112012856,0.9620156072392761,1.4735092838606536,51.73683894747086,1.361495761775549,2.4144107283402882,0.5762075929829981,1.2238601936778704,72.41792206334762,0.8229309325380411,2.177205250226329,0.2530448280558701,0.7090332241590297,1.1751522117610569,0.45143395659123825,0.1858329590266405,0.7932135032884864,1.1970562532302629,hjorth_mobility,hjorth_complexity,3.179869648525005,0.8205611781666167,-23.65570068359375,-134.765625,31.73828125,-22.94921875,193.91447072848678,13.925317616790174,1595,eeg_baseline_level_3.csv,8,AF7,80.00390625,90.0
358.81980106117345,51.25997158016764,76.710732241297,37.562388153707296,48.84460725256179,213.5378337022354,26.692229212779424,61.6056149693388,7.696359704893549,18.90432494832816,30.647928533589223,3.830991066698653,6.785774642387917,1.575696853443358,3.7051568257116188,67.99837503498694,1.7894309219733404,3.27262653704146,0.8392696120040133,1.7906234179318188,95.16107802765916,1.081375886677945,2.6423541612688073,0.4062936968330978,1.0278522162231782,1.2270467420401576,0.8606547800626176,0.20255591835246256,0.5200835007220613,0.7844578968559595,hjorth_mobility,hjorth_complexity,2.8923988179907556,0.7808672074577994,-24.51915740966797,-130.37109375,69.3359375,-22.94921875,460.09015346498927,21.44971220005036,1595,eeg_baseline_level_3.csv,8,AF8,80.00390625,90.0
5704.4868487901695,814.92669268431,1099.6770431913587,515.3402160857062,815.7114582259846,1643.5140590891922,205.43925738614902,330.39585688726845,80.09752835687381,203.63004929550263,389.8612650406863,48.73265813008579,78.09575619785892,11.32593276456948,47.891503508548844,144.1462812359176,3.793323190418884,8.49834279327802,1.0691634527678975,3.252792459498246,167.19716387499767,1.8999677713067917,50.85162103570461,0.30459040204395077,0.9878408009094838,1.5969886370400483,0.7278737271943829,0.23871839554132823,0.13329922615830786,0.15062922712603904,hjorth_mobility,hjorth_complexity,2.4412907454600874,0.6293123474542021,-27.199935913085938,-507.32421875,119.62890625,-20.01953125,3852.758363209432,62.070591774280935,1595,eeg_baseline_level_3.csv,8,TP9,80.00390625,90.0
4166.45871392932,595.2083877041886,725.523440629347,419.3220037692966,629.1446828762765,2067.4571806127733,258.43214757659666,384.8127570295583,104.59902298383264,254.62871761795898,311.52755594668236,38.940944493335294,80.2834067233024,10.340092572081831,32.61230239004164,122.37078797276985,3.220283894020259,9.356257127823566,1.4484412375926896,2.24881419708667,897.686023241665,10.200977536837103,530.389470770508,0.26636185706767396,1.1703026587136751,1.3822645969447,0.8919970891983473,0.20743205471291928,0.1215644050543421,0.4402431118369653,hjorth_mobility,hjorth_complexity,3.9317164360761185,0.9078338017245058,-26.889610290527344,-424.8046875,131.34765625,-20.5078125,3602.053270114993,60.01710814521967,1595,eeg_baseline_level_3.csv,8,TP10,80.00390625,90.0
227.4014083594693,32.48591547992418,59.008165624729855,15.160175957760824,24.928064884301047,52.224076362156225,6.528009545269528,14.208734914100166,3.352247032781058,4.554382422200335,10.866193121594062,1.3582741401992577,2.4829400178936756,0.6782056973862762,1.1213167090784655,34.20380833295208,0.9001002192882126,1.8489711184238393,0.3697770080470782,0.7658790992552712,51.610589110006785,0.5864839671591681,1.7966570226373415,0.23272442660149098,0.5590796187983572,1.3636071769641769,0.520311026562562,0.1520303129681741,0.5162345360491828,0.8344486502443749,hjorth_mobility,hjorth_complexity,2.7464520886425983,0.8228439164914607,-21.296119689941406,-98.14453125,81.0546875,-20.99609375,198.22739672235912,14.07932515152481,1595,eeg_baseline_level_3.csv,9,AF7,90.00390625,100.0
529.9864289603661,75.712346994338,122.68898893617532,31.25650151137196,65.5051973149122,136.05005902832454,17.006257378540568,34.22411477918862,7.841429474476639,15.488453169289059,28.33811095790928,3.54226386973866,6.078707733868567,2.060437317714962,3.493020108620999,63.255140807299576,1.6646089686131467,3.42979583783164,0.993928822229952,1.6018921249508251,94.02345629391166,1.068448366976269,2.750103277241252,0.17087745002417173,1.050981944330202,1.4026151035366872,0.5810178513664128,0.17221980850447638,0.43772853399296163,0.6922642266233613,hjorth_mobility,hjorth_complexity,2.5385885650255253,0.7784831097404354,-18.224716186523438,-107.421875,101.07421875,-19.04296875,412.8786640649196,20.319415938085413,1595,eeg_baseline_level_3.csv,9,AF8,90.00390625,100.0
5400.961932450296,771.5659903500424,1617.4293074710279,443.3150563920289,604.1093917848333,1481.6738621206737,185.2092327650842,268.7666551648383,87.16312470579548,196.59201654733937,299.8716938333246,37.48396172916558,72.29976748836151,16.6608861474306,30.04460554945663,173.56906568273874,4.56760699165102,18.450371447077508,1.1957380992223865,3.516045722490028,152.30046773839928,1.7306871333909009,38.475192576384465,0.28993446264142375,1.045783647603999,1.5156422620508165,0.6861297288618853,0.1970516200953283,0.15690708798959258,0.14560374493050385,hjorth_mobility,hjorth_complexity,1.1941096037576513,0.6340577647090202,-19.008255004882812,-404.296875,259.765625,-21.484375,6764.986651105573,82.24953891120347,1595,eeg_baseline_level_3.csv,9,TP9,90.00390625,100.0
2434.2241511189663,347.74630730270945,388.7133401529668,289.6965395994148,351.2048306018157,1253.6725952483582,156.70907440604478,284.22586993462255,62.538246255704266,136.32770880772972,210.7457860100655,26.343223251258188,60.42349664212645,8.753253298947099,17.895988618866213,98.63130607747811,2.5955606862494243,9.208281865930534,0.8879300949330738,2.1808209806354646,651.0016351306789,7.397745853757715,333.6025409599906,0.3727450278442789,1.4436549835410744,1.3398252979983631,0.8650564325843688,0.2195427047689416,0.15318402553610605,0.5678684099204558,hjorth_mobility,hjorth_complexity,3.9892106021829687,0.9336143419259246,-18.67961883544922,-380.859375,125.9765625,-16.11328125,2075.9280223501264,45.562353125690585,1595,eeg_baseline_level_3.csv,9,TP10,90.00390625,100.0
74.02820896779284,10.575458423970405,18.820680218756742,4.4374348834555555,9.898653634402201,31.150979843462103,3.893872480432763,7.676774593339327,1.707636463670823,2.9573988108408598,7.725703367455102,0.9657129209318878,1.8636046200506162,0.34766386298556373,0.8460705029860317,36.77560364874391,0.9677790433879977,2.4693933857892443,0.2808080592162203,0.7268300003567126,44.37367907503552,0.5042463531254037,1.0165878978631675,0.12884012797747327,0.48162649806498514,1.0053330356560815,0.5663182522586516,0.19195654297051462,0.918645205128719,1.2549637423407618,hjorth_mobility,hjorth_complexity,3.347929518683489,0.8355953250391838,-21.203231811523438,-59.5703125,65.4296875,-21.484375,121.1264448647853,11.00574599310675,1595,eeg_baseline_level_3.csv,10,AF7,100.00390625,110.0
545.4497374374085,77.92139106248693,149.03273649058448,33.03438411388536,67.22559849708358,144.513845869098,18.06423073363725,44.93348276021012,6.29334305781868,12.712616359398389,19.624936510506313,2.453117063813289,4.27921519303604,0.6074102746024942,2.5565299576913088,61.288936598909935,1.612866752602893,4.395909556627448,0.6754672606596621,1.378563088608476,84.12931994776744,0.9560149994064482,3.3572198098706862,0.301616272458791,0.886770553364969,1.4161035804977986,0.598840215491816,0.12689415878319912,0.4265723915449325,0.6399654822616749,hjorth_mobility,hjorth_complexity,2.967583496745867,0.7906564071223621,-21.64783477783203,-177.734375,51.26953125,-20.01953125,469.557950818853,21.669285886222763,1595,eeg_baseline_level_3.csv,10,AF8,100.00390625,110.0
1965.6895455184317,280.8127922169188,387.219531956395,107.44139381810427,263.64802351994643,519.5569735018028,64.94462168772534,122.22312029142242,27.12380650182492,58.63078897383814,162.10535086296568,20.26316885787071,35.743396189599274,8.846853796229913,17.722448344209017,91.49610767601138,2.4077923072634575,6.557657921642036,0.7374687376090964,1.624743579572673,106.6275567928671,1.2116767817371261,38.259391729394764,0.1785027351289633,0.5573510509927897,1.5490422881922714,0.6591550891089598,0.27273758612912063,0.21980281298998713,0.23934101082483367,hjorth_mobility,hjorth_complexity,2.8570177926942324,0.6746652092604994,-24.13616180419922,-346.6796875,135.25390625,-22.4609375,1675.441838997358,40.93216142591737,1595,eeg_baseline_level_3.csv,10,TP9,100.00390625,110.0
2203.5952361079326,314.7993194439904,455.7829426364803,128.4934074350497,320.421444016403,569.9172996337179,71.23966245421474,129.33951647032012,34.66175121663604,54.091272595627444,152.30530772159744,19.03816346519968,36.363086319656595,7.043596993555834,18.16857742029783,94.89285463330998,2.4971803850871046,6.881762330305033,0.7616000107522504,1.9626893446942115,556.1876163472037,6.320313822127315,334.1334225819363,0.145827845707735,0.6441201397500047,1.451348541492463,0.5991049799756727,0.2165461287792758,0.18705499894809607,0.523157290400386,hjorth_mobility,hjorth_complexity,4.329752970662002,0.9398498805434805,-22.9400634765625,-420.8984375,136.71875,-19.53125,2162.8837194293737,46.50681368820459,1595,eeg_baseline_level_3.csv,10,TP10,100.00390625,110.0
89.29326702326429,12.756181003323471,16.631723784592893,7.256020140701275,13.140644377926428,55.74670426264522,6.968338032830652,17.98041774542092,2.9550525363267095,5.5622011101428095,16.378406248109734,2.0473007810137167,2.7751942647852825,1.348908162754202,2.066510370499798,54.652606853568166,1.4382264961465308,2.9285820675737293,0.45358666981090084,1.3924324300425386,66.26047929947947,0.7529599920395394,1.3531059366742195,0.17609063342004658,0.7379265690286712,0.930398491438586,0.6721388698839363,0.27112393145318703,0.9576829109500338,1.3075931520299988,hjorth_mobility,hjorth_complexity,3.1400659950664167,0.8187589763675216,-21.953392028808594,-124.0234375,32.71484375,-21.484375,167.63592280767625,12.947429196858975,1595,eeg_baseline_level_3.csv,11,AF7,110.00390625,120.0
637.6873330874521,91.09819044106459,149.92052458262665,61.03524408068304,89.43907490217255,137.5469290039793,17.193366125497413,37.50590637976064,4.569089960960772,14.638207773181195,21.770810773059605,2.7213513466324506,3.754573364717475,2.072697081612262,2.6930318465191547,96.77504870190452,2.546711807944856,5.707151409148353,0.620566939309333,2.5001424347045016,92.99498614681242,1.0567612062137774,2.413540440891749,0.3531112173461904,0.9842944672429919,1.4782985705249532,0.5227070382855068,0.12551288141577382,0.5581566591611173,0.6159656807106187,hjorth_mobility,hjorth_complexity,2.8216367673977096,0.7642510585759152,-21.806907653808594,-204.58984375,114.74609375,-20.5078125,563.5041757705039,23.738242895600003,1595,eeg_baseline_level_3.csv,11,AF8,110.00390625,120.0
2642.6264549851467,377.51806499787807,548.8197443896826,104.99120703760536,429.6808442826436,1271.2715277529705,158.90894096912132,357.6428975355186,69.43166866838754,112.66991183996382,234.55458060018762,29.319322575023453,71.29472029780446,6.590989987765918,25.841656304998192,126.89811657055236,3.3394241202776938,9.445115711485203,0.7409752938382949,2.5621459318426894,144.60898670473665,1.6432839398265529,44.86392531179523,0.34906123647401754,0.8676092584104063,1.4165834344752213,0.90499145956954,0.252066981194792,0.19940719034200094,0.22120101364235306,hjorth_mobility,hjorth_complexity,2.3174571569222566,0.6296789803262373,-23.805809020996094,-332.51953125,122.0703125,-20.5078125,2313.57016160473,48.09958587768433,1595,eeg_baseline_level_3.csv,11,TP9,110.00390625,120.0
2370.4688369331557,338.6384052761651,465.84788427839766,165.04598934644088,371.8119402015905,1142.9139215158298,142.86424018947872,297.56708838171073,52.797154874075815,119.3156921671917,188.1033378392383,23.512917229904787,46.6991537784978,9.720080103544241,21.019909805777097,103.38546699447959,2.720670184065252,7.195237318737684,0.8541963919758662,2.149824815156634,633.9264402912028,7.203709548763668,369.29396965987286,0.3727837084932285,0.9154712873478823,1.3405488169230089,0.8460353660082538,0.21587095931071282,0.16740107551420502,0.5166586358916945,hjorth_mobility,hjorth_complexity,3.9272938079140536,0.9059435047154762,-22.092247009277344,-342.7734375,113.76953125,-19.287109375,2380.960195696389,48.79508372465805,1595,eeg_baseline_level_3.csv,11,TP10,110.00390625,120.0
103.56781148095067,14.79540164013581,25.54191365090515,4.873274061238266,14.364112211740153,30.28450100337701,3.785562625422126,5.2035706323259205,2.7538847943092124,3.7275488517201874,20.903256327834423,2.612907040979303,3.071431536824109,1.846555343011755,2.686131000445185,40.70067900480062,1.071070500126332,2.0983066824744654,0.539636956077461,0.9785106395004288,66.7261092666226,0.7582512416661659,2.0347269899606006,0.17305694484378292,0.7079124272346131,1.0428096255697905,0.46290226822586583,0.34767512224707364,0.7991466442156062,1.3814071016795244,hjorth_mobility,hjorth_complexity,3.051613431825109,0.839743366895075,-21.739959716796875,-125.0,26.3671875,-21.484375,124.03098808135837,11.136920044669369,1595,eeg_baseline_level_4.csv,0,AF7,0.00390625,10.0
831.6411387238608,118.80587696055154,165.5375034683708,49.946311621108904,133.62049597662465,175.57067970671991,21.94633496333999,40.928140204328024,8.274249473410086,17.699378442108685,42.64607806134511,5.3307597576681385,6.822517966083598,4.1989259360291,5.500080915836053,92.23408269540563,2.4272127025106744,6.975107605352964,0.7957099795772153,2.249894536162869,103.45752769679424,1.1756537238272073,2.3808039712182185,0.42120980037540295,1.1692542169084343,1.4866118775255768,0.5250700721714687,0.1784000935557833,0.4321536939775375,0.5469072018966895,hjorth_mobility,hjorth_complexity,2.8791309335045594,0.806342056778801,-22.982025146484375,-232.91015625,45.8984375,-20.5078125,539.5332764601335,23.22785561475991,1595,eeg_baseline_level_4.csv,0,AF8,0.00390625,10.0
5923.786490605677,846.2552129436681,1331.7881051782545,283.77005751632925,838.0082353990774,1886.715988381156,235.8394985476445,424.459830899926,102.31244716517824,221.81418492175158,320.9210807641292,40.11513509551615,79.54974463552274,12.042072543838408,41.74807984404478,177.47330163143724,4.670350042932559,15.374967929703782,0.8638299115332925,3.0141623288881805,184.75265264500382,2.0994619618750434,66.0178299645868,0.24863939810229263,0.940274584806148,1.533634991027146,0.7727416100047917,0.19693270759620185,0.150751918529506,0.15063399595343707,hjorth_mobility,hjorth_complexity,2.861440420856298,0.6770761916926418,-26.97925567626953,-566.89453125,192.3828125,-20.99609375,3634.493096578808,60.28675722394436,1595,eeg_baseline_level_4.csv,0,TP9,0.00390625,10.0
6247.685737775512,892.5265339679303,1386.6050550613736,311.21582965594433,911.6108721426151,1895.6421902173088,236.9552737771636,398.82488921642357,92.56746443417978,241.6477103582111,309.24030409123844,38.655038011404805,78.42747119124687,11.982236761973944,37.08470382410518,151.17564347125312,3.97830640713824,12.583772926552601,0.5185851142014578,3.018095179913269,759.6794324098455,8.632720822839154,428.2246490070925,0.43513874421076193,1.2295361989090288,1.4980135489158843,0.7229714319783482,0.1760511301785795,0.12108395291212752,0.34795550451007273,hjorth_mobility,hjorth_complexity,4.0467047682898185,0.9051243929622672,-25.37059783935547,-562.5,216.796875,-19.53125,4056.918871901871,63.693946901584546,1595,eeg_baseline_level_4.csv,0,TP10,0.00390625,10.0
137.4439229114332,19.634846130204743,30.491058755283557,9.010193571673849,18.151274270299567,66.1956678306783,8.274458478834788,14.888993795124861,2.9506712367593573,6.419858200029548,18.98654743669339,2.3733184295866736,4.6657734380380935,1.2397720646420636,2.143086989577494,37.58412631970881,0.9890559557818107,2.0306157253181496,0.3451791176135945,0.9394253487921668,53.17030948630807,0.6042080623444099,1.5912545063592485,0.12702546923642208,0.5730478474497303,1.1358148755676507,0.7037307407477349,0.2750768342186465,0.646048007012504,0.9860009620954742,hjorth_mobility,hjorth_complexity,3.2594769554421816,0.8178054828411094,-22.62248992919922,-103.515625,56.15234375,-22.4609375,165.1215145466267,12.849961655453557,1595,eeg_baseline_level_4.csv,1,AF7,10.00390625,20.0
782.9854391505722,111.85506273579604,222.01313373087987,49.67208450186256,61.31550290755782,160.7607518909092,20.09509398636365,52.30451215685555,3.3418931199652,20.403868758486055,20.400744093804956,2.5500930117256195,4.9780214789051955,1.0994499264468933,2.231950216216472,71.72930004154956,1.8876131589881464,5.800552812960529,0.6433411910520197,1.6358117874647973,99.38297642243108,1.1293520048003531,2.3906944756457857,0.39274874738940085,1.1072236223505207,1.4273875708615784,0.5065368066826029,0.10177638020158108,0.37505109557519944,0.5673023064055311,hjorth_mobility,hjorth_complexity,2.905666702476952,0.8001827708688407,-22.452163696289062,-177.734375,74.70703125,-21.484375,564.8375650343951,23.76631155721045,1595,eeg_baseline_level_4.csv,1,AF8,10.00390625,20.0
2935.4964564445145,419.3566366349306,485.2676462619563,301.1662741573143,449.57924736158435,1641.8708196369075,205.23385245461344,403.87142969916476,95.12465655417853,149.89714443832895,288.66981439048163,36.083726798810204,66.19076530260396,19.306332156543675,26.801796221632507,150.3083828059395,3.9554837580510394,17.63812106707112,1.0657763261656705,2.633003962355393,184.06314251089788,2.0916266194420214,68.0681724371542,0.23815092387115167,0.893795110767001,1.395561766637533,0.9569383366997923,0.2647856906384764,0.19537628156237044,0.22279077412580794,hjorth_mobility,hjorth_complexity,2.896821446152821,0.6829575205581553,-25.29888153076172,-359.86328125,109.86328125,-22.94921875,2275.9659797520726,47.70708521542762,1595,eeg_baseline_level_4.csv,1,TP9,10.00390625,20.0
3648.834401533814,521.2620573619735,658.4231629723485,367.4034595209036,507.11173496380366,1827.924828207144,228.490603525893,455.7121094607272,85.23021297155243,172.19477482058565,316.28855096759696,39.53606887094962,77.5395681430715,19.30138539254556,29.179772758715472,138.60049307079674,3.6473813965999144,16.02299347778434,0.8749964424721353,2.467808593803752,719.8678624132287,8.180316618332144,419.50386027899543,0.27039524682484356,0.9193968646070452,1.3672286402194624,0.8652266432073294,0.23306089061936505,0.146926341613814,0.4117593793373714,hjorth_mobility,hjorth_complexity,4.073240537262211,0.9110643661987584,-23.741531372070312,-401.3671875,151.3671875,-20.01953125,2965.9416047798004,54.46045909446413,1595,eeg_baseline_level_4.csv,1,TP10,10.00390625,20.0
1329.248007097425,189.8925724424893,281.4051454373139,67.21031409517447,204.63917402000158,174.8744104147949,21.859301301849364,49.368233472551644,5.168025051148054,17.138809998647808,15.767252833137455,1.9709066041421819,4.112251389382613,0.9320426977914035,1.1852754270818724,63.17360939711982,1.6624634051873637,4.698302716439077,0.5529294398487898,1.0751995423214529,99.53590451223704,1.1310898240026936,2.488885247245075,0.3774845981357291,0.9373921707971952,1.6028947853774,0.4124646628946991,0.05858087839330782,0.2389122759635831,0.4061599446389812,hjorth_mobility,hjorth_complexity,3.6486682337039347,0.8514728207273843,-20.54443359375,-69.3359375,268.06640625,-23.92578125,834.3973755836487,28.885937332613057,1595,eeg_baseline_level_4.csv,2,AF7,20.00390625,30.0
344.2310837651614,49.17586910930877,78.63235919033264,26.37043649750705,41.636517933831044,78.1746601705233,9.771832521315412,21.482164475688464,3.2767870988976373,8.41854731499665,12.83479543108069,1.6043494288850864,2.447764700046134,0.9719368308660266,1.3880222040338044,96.72608763451504,2.5454233588030273,7.619772834198522,0.34586563491049604,1.593814488523597,155.94464456729946,1.772098233719312,5.80598655866574,0.4730179251507854,1.5588426836095035,1.229954397291368,0.44196845052822653,0.10670941069879222,0.7166376510217478,1.2563287878698801,hjorth_mobility,hjorth_complexity,3.449649966410993,0.870097815061767,-22.24597930908203,-172.8515625,23.92578125,-19.53125,398.7296350169345,19.968215619251872,1595,eeg_baseline_level_4.csv,2,AF8,20.00390625,30.0
271.0605079380014,38.722929705428776,50.67517644493765,23.336594680670576,38.53122442135456,177.11292745874664,22.13911593234333,33.40799485427917,7.931043991550396,24.834421467138128,61.75398698684596,7.719248373355745,19.170652856333426,2.494026987638294,5.458596916307776,90.536703951517,2.3825448408293948,5.648000894475968,0.6691227280397728,2.2969503010604035,174.50358210369922,1.9829952511784001,68.8515415105043,0.3060000263041488,0.8340660774277247,1.0247694485339727,0.7810735965804049,0.3452858057226048,0.6517280981166061,0.9846085435090686,hjorth_mobility,hjorth_complexity,3.35677477500762,0.8406744658099558,-22.310638427734375,-245.60546875,61.03515625,-21.97265625,481.2839854275808,21.938185554589076,1595,eeg_baseline_level_4.csv,2,TP9,20.00390625,30.0
318.8002966730143,45.54289952471633,49.969153397209205,39.531382743117156,44.90906224941057,197.11025444465167,24.63878180558146,41.51118399378103,12.606202728755598,21.504482204042326,48.56773358628185,6.070966698285231,13.625218013028666,1.5791419658452517,4.321981786248664,92.44901987240183,2.4328689440105746,5.2067882140280695,0.559463781655889,2.2546581759523305,718.2113758012292,8.16149290683215,414.39423529628664,0.3992460569791343,1.169354200670518,0.779140309129288,0.5568100251102475,0.18034739454478055,0.414442788631204,1.2272402733038799,hjorth_mobility,hjorth_complexity,4.820664696651259,1.0243539464543445,-22.4700927734375,-240.234375,98.6328125,-21.484375,780.5901672691107,27.939043778717817,1595,eeg_baseline_level_4.csv,2,TP10,20.00390625,30.0
57.986697193278786,8.283813884754112,16.318428593078874,2.8287598441744075,5.523017997313416,17.64178391428789,2.205222989285986,4.242414231173768,0.5751625225345783,1.901180788843417,7.078527281572587,0.8848159101965734,1.5467545073564026,0.5232687551249249,0.7169234314880706,52.58693061365238,1.383866595096115,3.4213015503165862,0.37081505100047907,1.1625793594044427,80.0044311215724,0.9091412627451408,2.0504046597643875,0.38380174361106784,0.8568387654452814,0.7746662830159302,0.33501679386019084,0.1637149044019878,1.0931151611005836,1.8402444720731879,hjorth_mobility,hjorth_complexity,3.653090861866,0.8780233820817919,-21.570396423339844,-65.4296875,31.25,-21.97265625,128.47404428612208,11.334639133475847,1595,eeg_baseline_level_4.csv,3,AF7,30.00390625,40.0
408.1303170343409,58.30433100490585,103.72054205792911,25.431173397742445,46.12009168095456,96.37468008336239,12.046835010420299,28.20460721357659,2.3750106394837527,6.798635384206013,20.346929824460293,2.5433662280575366,5.531615299904101,0.739730728845437,2.2302596032462834,78.15545943234908,2.0567226166407653,6.245583031884899,0.559044518980397,1.7856175910793244,111.65384144873747,1.2687936528265622,2.9491354459978805,0.4654103967564007,1.152620627442601,1.316762137120489,0.49537346490347245,0.14827045889794316,0.5910777968159117,0.9322635559784733,hjorth_mobility,hjorth_complexity,3.0914170852836973,0.8266378262011598,-20.836257934570312,-155.76171875,38.0859375,-18.5546875,381.7893272207584,19.539430063867226,1595,eeg_baseline_level_4.csv,3,AF8,30.00390625,40.0
244.73939063524006,34.96277009074858,42.961139075675476,25.82217966626733,36.69871712923118,124.41932186400115,15.552415233000144,29.541507090987913,7.982083605584405,12.995709711556103,34.13012435358885,4.266265544198606,6.887391733537539,2.2613929758369213,4.314993731170348,80.94729148982711,2.1301918813112395,3.7195801934995845,0.7946039046486016,2.057387219398188,187.05327157715308,2.125605358831285,72.25964765308606,0.15467859619098576,0.8603794271761291,1.0491295764373918,0.6657906099270529,0.24743866262038167,0.6690400588622682,1.157917842217184,hjorth_mobility,hjorth_complexity,3.2285185583077243,0.8289583716332514,-19.977951049804688,-264.16015625,112.3046875,-20.99609375,796.9952594430652,28.23110446729042,1595,eeg_baseline_level_4.csv,3,TP9,30.00390625,40.0
278.6575050031835,39.80821500045478,51.77823712955965,22.61103674747241,41.5170069413805,136.9081021888103,17.113512773601286,26.968238392795126,10.305335235704733,15.214671939575428,41.61085256988011,5.201356571235014,11.954910547403976,1.8755556571017904,4.201298735941338,97.50281489158105,2.5658635497784488,4.78987704668512,1.029272463773083,2.600807851930673,750.0993279053047,8.523855998923917,436.77966567648133,0.18801950778290832,1.078397892167109,0.7293853226396836,0.44339113860046764,0.1684363838634646,0.45524214588057516,1.2623140313192591,hjorth_mobility,hjorth_complexity,4.626069057520382,1.0030783464966273,-20.652008056640625,-297.8515625,110.3515625,-20.5078125,1078.2631806796417,32.83691795342008,1595,eeg_baseline_level_4.csv,3,TP10,30.00390625,40.0
147.98601005809442,21.140858579727773,29.795666767183107,10.68392526130728,24.42200436380683,28.703865316898835,3.5879831646123543,8.090146978536309,1.3071976099592366,2.5313451816983337,9.972688191899215,1.2465860239874018,1.6721934063472068,1.0280514089419581,1.1700705773547648,56.155580370555114,1.477778430804082,2.7957541758089786,0.6261596596173638,1.440656174260392,69.70857164811451,0.792142859637665,1.9814807403737515,0.14943493977868666,0.7598813094403696,1.2007697458620048,0.3714974998388507,0.16696045807918267,0.9054312008864301,1.245473841009293,hjorth_mobility,hjorth_complexity,3.215250673821528,0.838999339108328,-23.732757568359375,-110.83984375,32.71484375,-22.94921875,157.1686886018142,12.536693687005926,1595,eeg_baseline_level_4.csv,4,AF7,40.00390625,50.0
481.1794627624872,68.73992325178389,105.96186609065691,46.114133560141006,59.95994164162827,81.40363550620859,10.175454438276073,18.14651851455112,4.946486618502558,8.017815043320098,25.649481577195402,3.2061851971494253,6.040544753191695,1.7655720196360822,2.7677078278258356,101.0856681063509,2.6601491606934444,7.13353312400238,0.9929300700513737,2.45388702565726,162.49931280000672,1.8465831000000763,3.4845500655182082,0.5575468277987395,1.781229734272153,1.3444857878708059,0.3927564062316708,0.15697696581184006,0.6342586799817629,1.0948889715716401,hjorth_mobility,hjorth_complexity,3.3169711215490314,0.8574462134453931,-18.19896697998047,-166.9921875,113.28125,-19.04296875,490.2575461528613,22.14176023158189,1595,eeg_baseline_level_4.csv,4,AF8,40.00390625,50.0
4463.347988457506,637.6211412082151,782.2644497714432,453.7021124546836,687.3491888096981,1583.4555043939447,197.9319380492431,371.1995085542242,67.45198481233069,195.27142037970833,218.3068736110635,27.28835920138294,65.24877164246882,10.447516351560385,20.526049823760474,136.99704487743318,3.6051853915113994,7.8057823706180915,0.7261456884160299,3.3468517125510764,247.51423760945585,2.8126617910165437,62.065643214926695,0.4633054330640276,1.6881876375926075,1.536300649177699,0.7881748995141887,0.17046448076962212,0.14856863708272947,0.2534955576504215,hjorth_mobility,hjorth_complexity,3.06045868814924,0.7521242174983078,-23.159217834472656,-661.1328125,260.25390625,-20.5078125,3059.4843890503394,55.31260605911042,1595,eeg_baseline_level_4.csv,4,TP9,40.00390625,50.0
2569.7750653629687,367.1107236232812,469.30005628485264,292.72893043177544,345.92229135873,1103.0271081787107,137.87838852233884,221.24330614681526,53.11277659800349,155.1344908373449,219.20863447214214,27.401079309017767,63.02541174731745,14.323711962603035,18.858333826602106,157.6748414190339,4.149337932079839,7.939493107468923,1.4451611986333535,3.767348946944567,873.198963483954,9.922715494135842,429.91493619274866,0.5363363179412457,2.368300499572376,1.326865071086803,0.7657338689235502,0.22050005447365606,0.21905819237708182,0.7099060993159281,hjorth_mobility,hjorth_complexity,4.347443483310264,0.9524723652847735,-20.171737670898438,-472.16796875,328.125,-20.5078125,2456.705760996556,49.5651668109425,1595,eeg_baseline_level_4.csv,4,TP10,40.00390625,50.0
48.12998469322345,6.875712099031921,11.669759146931549,2.8347618328910675,5.97483591047445,47.41992027119897,5.927490033899871,8.250131037184483,3.257315003544627,5.4950678340474095,16.965246784163707,2.1206558480204634,2.84924430948093,0.9977380979159938,2.213264107599673,44.98357777813272,1.18377836258244,1.806008930538301,0.7169400015039114,1.1541281366389398,66.54407390362532,0.7561826579957422,1.8729604734774918,0.2115849762848323,0.6684488300037832,0.6862120323013915,0.714561744023055,0.3271598622345753,0.9781950022939037,1.5412064609885396,hjorth_mobility,hjorth_complexity,3.2771674680904432,0.8455268392248035,-22.6531982421875,-88.8671875,66.89453125,-22.94921875,118.39858256280422,10.881111274258904,1595,eeg_baseline_level_4.csv,5,AF7,50.00390625,60.0
715.2697804545404,102.18139720779149,126.51515293805875,62.227015048411594,103.54700133131286,192.13561774507065,24.01695221813383,43.557820156711294,3.6670127062418905,21.56778929115984,35.75804093609072,4.46975511701134,6.536672168121501,2.3906218602545573,4.763355440109967,90.03551826696805,2.3693557438675805,4.8796932018953845,0.9191081426896157,2.2245275019265387,107.03064044085019,1.216257277736934,2.4117959816189147,0.5639833064547258,1.194064069501661,1.4597221227273187,0.597949523085068,0.16540128194125953,0.46338215588045134,0.6116727707381717,hjorth_mobility,hjorth_complexity,3.179869648525005,0.8030507982198902,-23.73809814453125,-275.390625,55.17578125,-21.97265625,560.9480454586446,23.684341778032266,1595,eeg_baseline_level_4.csv,5,AF8,50.00390625,60.0
3374.2674183790214,482.03820262557446,797.0453683592447,219.06643838832258,505.9358678635585,857.484389436383,107.18554867954788,290.9681798672832,32.67944119745016,87.9217160848779,120.9270726010819,15.115884075135238,27.576511405453275,9.521627233870172,11.755581247487518,118.06167474631255,3.1068861775345407,9.445252340674564,0.9805410457121838,2.3837671003848833,190.6029540391375,2.1659426595356535,76.11875825920274,0.22854089580866668,0.9000737162169549,1.5774175890750588,0.6364332545755861,0.14439247776413536,0.17770736945567764,0.2476185687923432,hjorth_mobility,hjorth_complexity,3.0958397134457627,0.7319268251072195,-27.939414978027344,-394.04296875,116.2109375,-22.94921875,2434.55834537599,49.341243857203175,1595,eeg_baseline_level_4.csv,5,TP9,50.00390625,60.0
3631.535829441822,518.7908327774031,785.9089566720554,247.329899791946,537.6800567914423,884.4935563620895,110.56169454526119,320.36153111840616,28.380762431415054,90.51376225473025,102.1689581689196,12.77111977111495,21.915294639097866,7.14779615510203,11.439066720928626,106.23195340780383,2.7955777212579953,6.273226653076376,1.0167726908701293,2.3736332211508757,742.184156307806,8.43391086713416,436.42491943481144,0.3000589151685019,0.9513080399350962,1.5109504871389552,0.5731001754831495,0.11073051228239122,0.14285120169003038,0.4852810529600684,hjorth_mobility,hjorth_complexity,4.23687777925863,0.9444557253843967,-28.337478637695312,-394.04296875,135.25390625,-22.94921875,2848.4261441917624,53.370648714361366,1595,eeg_baseline_level_4.csv,5,TP10,50.00390625,60.0
104.82121341463524,14.974459059233606,20.87725294265132,9.72560419510711,14.348855434422575,39.84658647870897,4.980823309838621,7.364829173204685,2.925689806650374,4.7635081716125764,18.561568892943843,2.3201961116179803,3.60238736641981,1.2248238650190086,2.064145379920264,62.54391176026224,1.6458924147437433,3.040850146378581,0.6450519306003581,1.6277101736910076,87.51618409605571,0.9945020920006331,2.874066258479818,0.2815830815350985,0.8969561346863653,0.9592361344791408,0.4921907026781553,0.2700235693101842,0.9754593262434547,1.485291317709204,hjorth_mobility,hjorth_complexity,3.2683222117663124,0.8470287021261906,-21.048736572265625,-99.12109375,37.59765625,-20.99609375,167.26835106965154,12.933226630259425,1595,eeg_baseline_level_4.csv,6,AF7,60.00390625,70.0
601.3503210349,85.90718871927143,128.64349420035953,58.16030023779567,79.20442436789149,175.52886432756546,21.941108040945682,40.85385936339472,11.00717936326334,17.97178142498219,51.13416888454838,6.3917711105685475,10.372501373215883,2.4086272165346267,6.425864356256623,100.70915892751216,2.650241024408215,5.287267770003588,0.5053272033174936,2.3412611054599908,150.39070253155035,1.708985256040345,5.332596482177579,0.5908551634681477,1.5680990725332933,1.3535924521172933,0.59669850314057,0.23025666518854151,0.5315353103306516,0.8494822776836055,hjorth_mobility,hjorth_complexity,2.852595164532167,0.7923433171380266,-21.76361083984375,-177.24609375,82.03125,-20.99609375,555.1201081834733,23.560986995104287,1595,eeg_baseline_level_4.csv,6,AF8,60.00390625,70.0
2260.5594262011673,322.93706088588107,410.56243807504694,193.7039398460932,315.89987032422744,1032.0220617996426,129.00275772495533,202.7372431493402,42.06820251407667,118.23889812086509,198.71624779732753,24.83953097466594,53.23438935739406,9.275425018346207,19.27825012859851,139.01470790675725,3.6582817870199276,10.627638871304669,1.042003522766547,2.9305712422261045,179.684513612382,2.0418694728679774,44.85644403771039,0.39406091701692403,1.1509995851783321,1.4324112655593895,0.8767599093126887,0.24952882312704888,0.2440870358592556,0.31032617036551446,hjorth_mobility,hjorth_complexity,2.498784911566937,0.6916309597105518,-20.32909393310547,-314.94140625,124.51171875,-18.5546875,1757.0298205464496,41.91693954174672,1595,eeg_baseline_level_4.csv,6,TP9,60.00390625,70.0
2583.084946132283,369.01213516175477,512.7755566362123,224.2132072536182,331.65563406103405,1037.4885757455845,129.68607196819806,197.76622571105048,45.56677719708133,126.87704349749119,208.4080669401738,26.051008367521725,56.7255246706479,11.875097771485688,22.89871419929254,133.7161479519979,3.518845998736787,7.620703127347578,1.3949366099749732,3.4429333095361008,534.8459559477922,6.077794953952184,240.51173532594476,0.44356946730181707,1.7807502396157089,1.3961432004473664,0.7836099545555734,0.22807934647152028,0.20647392128598463,0.54117432481627,hjorth_mobility,hjorth_complexity,3.312548493386966,0.8720726406579695,-21.938514709472656,-342.7734375,142.578125,-18.5546875,2026.5156853929511,45.016837798683184,1595,eeg_baseline_level_4.csv,6,TP10,60.00390625,70.0
129.74728764936555,18.535326807052222,24.580683727638217,10.019222941917103,18.054807694976482,28.9742117798221,3.6217764724777624,6.0250984493879365,1.5643236347546547,3.5398625923335363,8.591152024065,1.073894003008125,2.3023800135729586,0.663682269725865,0.909436918332321,54.006698596343895,1.4212289104301026,2.980163735070551,0.4117088491051514,1.4506800817209378,78.47601831473011,0.8917729353946604,2.2212851647674636,0.24960603074585036,0.7916601241318684,1.1246313627625428,0.39116634363748715,0.14766450977997703,0.8796353104180932,1.3899643590111,hjorth_mobility,hjorth_complexity,3.1267981105802205,0.8616375066848172,-22.53131866455078,-96.6796875,25.87890625,-22.4609375,187.49030419712653,13.692709892388962,1595,eeg_baseline_level_4.csv,7,AF7,70.00390625,80.0
491.02226790376164,70.14603827196595,103.29128504509956,38.57791575578593,65.81018912644488,131.9232694243554,16.490408678044425,36.89431497593732,4.409941633430218,13.24082608600523,18.413452273575636,2.3016815341969545,4.373784166025886,1.147735473665447,2.2295724275247992,95.81647514052901,2.5214861879086583,5.38659445143771,0.5035059632419171,2.402632367495774,144.5908054018863,1.6430773341123446,3.486845905501311,0.4692507605698136,1.657762103878714,1.3358930043122426,0.5406040181548726,0.11674356001652725,0.5910260558001127,0.9676305698274295,hjorth_mobility,hjorth_complexity,3.3037032370628356,0.8266799640688426,-20.821380615234375,-137.20703125,108.3984375,-20.99609375,553.9141822373495,23.535381497595264,1595,eeg_baseline_level_4.csv,7,AF8,70.00390625,80.0
2820.384963411759,402.9121376302513,518.3829752220119,248.14442618967243,383.88387152247816,1027.8331602875999,128.47914503594998,274.6388073619642,45.45965452062775,114.76021005488654,221.66255125564194,27.707818906955243,45.082740543354184,10.871789877814898,30.193650367502286,152.37690327265778,4.009918507175205,12.867498350460547,0.847431789707915,2.9587850339382094,188.68283380721527,2.1441231114456283,49.60751436242627,0.47687522929251003,1.239248045360839,1.4890832293751546,0.7775437481327753,0.2458468238629043,0.22940387735473483,0.2832096882715545,hjorth_mobility,hjorth_complexity,1.9636469039570268,0.6837804948065953,-21.03290557861328,-283.203125,107.91015625,-16.6015625,2585.957800001779,50.85231361503406,1595,eeg_baseline_level_4.csv,7,TP9,70.00390625,80.0
2413.544158011218,344.79202257303115,442.02215635414177,167.62378067574917,374.1227507786283,1003.2545542741037,125.40681928426297,233.36335411165888,42.12983297244021,109.20954193429802,168.72561632864188,21.090702041080235,40.2560771176185,9.909658055683018,18.812594274907177,131.8536855959601,3.469833831472634,8.245976033427157,0.9028600531070826,2.7674365210997975,625.2913117666001,7.105583088256819,312.82694106057767,0.6837360216511061,1.5909198015113604,1.3687130650247754,0.7759640429643988,0.19951875867976393,0.20905801676412014,0.593492733915473,hjorth_mobility,hjorth_complexity,3.6000193239212157,0.8950325481871672,-21.28276824951172,-277.34375,129.8828125,-18.5546875,2084.852436055371,45.66018436291482,1595,eeg_baseline_level_4.csv,7,TP10,70.00390625,80.0
1190.674438903028,170.09634841471828,384.39914188781506,36.303577869449285,73.33245593929747,42.84631111982059,5.355788889977574,9.989654635711087,2.411989858462162,5.2358360945783975,9.814049612074342,1.2267562015092928,2.1644613903275762,0.46744158078302145,1.2248430790564147,76.9634527730076,2.0253540203423053,6.030192414847286,0.44260251358519126,1.5610129376644024,103.51642276184944,1.1763229859301072,2.0416072398742826,0.24174854379852195,1.1801501149588831,1.4853480359558995,0.16174399986287702,0.046968311840862295,0.3354455669067413,0.5013535213491587,hjorth_mobility,hjorth_complexity,3.2064054174973973,0.8209511398122231,-16.622352600097656,-79.58984375,261.71875,-20.99609375,1082.4138632960967,32.90005871265425,1595,eeg_baseline_level_4.csv,8,AF7,80.00390625,90.0
598.6960988589993,85.5280141227142,162.25897459601796,30.847451556104804,69.68850212136815,139.32805747850753,17.41600718481344,48.41720416144421,6.284649219956496,14.780217158087307,25.639121008799208,3.204890126099901,5.8414627181638075,1.4684167758213866,2.842385115397474,88.58870373809238,2.3312816773182203,7.563466266630765,0.6941278645144835,1.8882617101363768,165.24681592984297,1.8778047264754882,5.6630973927864545,0.6069095715224557,1.6911381485708112,1.3412194296343052,0.5069049406662842,0.13777005375669565,0.49644355598862216,0.9649546789172512,hjorth_mobility,hjorth_complexity,2.9145119588010826,0.8392072094068429,-19.57988739013672,-144.53125,127.9296875,-20.99609375,657.2525575393229,25.636937366606855,1595,eeg_baseline_level_4.csv,8,AF8,80.00390625,90.0
2881.8617140093415,411.6945305727631,691.4443682569341,268.6065187494733,355.48909391350776,892.2126146782977,111.5265768347872,202.75445030523846,84.17077384649225,95.8269190580051,371.27024935220777,46.40878116902597,72.36876945754157,18.811519558726022,50.05489526190831,182.16160458730053,4.793726436507908,12.110421261193368,2.113861314420882,4.335820164584278,204.42390646534082,2.3229989371061457,56.576222445056324,0.4444285959352082,1.333203306240336,1.4852896968814913,0.7134894078709473,0.3656977439804414,0.2693094800898837,0.29782024800708995,hjorth_mobility,hjorth_complexity,2.1980461965464917,0.7102114779546127,-23.779296875,-284.1796875,120.60546875,-26.3671875,2257.583998143673,47.51404001075549,1595,eeg_baseline_level_4.csv,8,TP9,80.00390625,90.0
3638.7124536151487,519.8160648021641,654.757301859997,152.80485338042763,563.0092559783511,1247.0669150311019,155.88336437888773,394.1193917113222,48.05325798271141,103.0202000693624,173.24809084222449,21.65601135527806,32.15295109302429,7.905642772143332,23.091207864644744,135.94145696811015,3.577406762318688,8.456888305241417,1.3032609121118037,3.205478694459492,565.8830241974392,6.430488911334536,283.7373857711928,0.4657975321600336,1.412497236032677,1.4756315351730822,0.7268487536204051,0.16488931846236798,0.17079012426281834,0.4449202893872571,hjorth_mobility,hjorth_complexity,3.6088645802453465,0.8780914849971568,-20.80097198486328,-259.765625,291.9921875,-20.5078125,2333.3886824184447,48.30516206802793,1595,eeg_baseline_level_4.csv,8,TP10,80.00390625,90.0
1603.1268524229383,229.01812177470546,458.29604193051523,67.11592713862302,192.16016065955918,124.88531605754304,15.61066450719288,43.99365066605095,2.8869879315676776,9.80908874648547,18.7114583589479,2.3389322948684876,4.619979915213508,1.0624130055342258,1.5595015285859573,65.70535328102073,1.7290882442373878,3.4854241970481628,0.7685710453692275,1.601463361291563,103.3283235406498,1.1741854947801114,2.88285975765651,0.27349476443917475,1.085393714911967,1.6088704384752768,0.28983171260100027,0.06288423400774325,0.23336982179279397,0.3880105031810773,hjorth_mobility,hjorth_complexity,2.781833113939121,0.8054088274951077,-28.739547729492188,-352.05078125,73.73046875,-24.4140625,1192.1890835219529,34.528091223262734,1595,eeg_baseline_level_4.csv,9,AF7,90.00390625,100.0
1917.4725959562638,273.92465656518056,415.8872008619575,133.3446487420821,299.7918480795163,234.26975272016534,29.283719090020668,88.71238409379417,12.715138246820342,16.46902390266313,61.935380638399664,7.741922579799958,11.934428054574942,3.785221324141513,7.0629726505730055,162.9571271689993,4.288345451815771,9.584696395552287,1.2275649390341616,3.8125886625481655,150.75126783585665,1.7130825890438255,4.088335839429492,0.5217924406498747,1.6422097014122674,1.6067735830537064,0.37873245723702165,0.13688779352292346,0.3946726616879854,0.4201152624795059,hjorth_mobility,hjorth_complexity,2.861440420856298,0.7550111113783934,-27.654075622558594,-309.08203125,138.18359375,-23.92578125,1342.09869105689,36.634665155517524,1595,eeg_baseline_level_4.csv,9,AF8,90.00390625,100.0
7902.166717483635,1128.8809596405192,1762.9071305565026,624.5931398390288,1017.3942936573053,1791.3244020241095,223.9155502530137,501.1246737137687,65.55557984817099,202.1106370096209,209.13285534480772,26.141606918100965,33.43712918730247,11.936594630178812,28.078900926941834,201.4004545220671,5.300011961107029,12.194232803230944,1.5733624076952786,4.860400030000552,265.99413301358095,3.0226606024270564,46.98763206539158,0.8229256051488482,2.1307671263761234,1.5860533006556743,0.6131621496749953,0.11483802047296404,0.13892839067650842,0.1877220343555076,hjorth_mobility,hjorth_complexity,2.025563698225942,0.6556652711398577,-27.022933959960938,-703.61328125,155.76171875,-22.94921875,5453.061393782264,73.8448467652433,1595,eeg_baseline_level_4.csv,9,TP9,90.00390625,100.0
4441.263468793433,634.4662098276333,842.1518374058641,424.6919826885012,612.8333136339204,1618.2553534961896,202.2819191870237,450.95311308037986,64.66785479464403,170.1772284972044,233.40000216195855,29.17500027024482,39.12542486720798,10.553607200189374,32.19806602002238,186.0941012189171,4.897213189971502,12.253436124073279,1.8847753604987882,4.416072419819973,620.9150624213296,7.055852982060563,270.5468808524672,0.9734835001029227,2.457324590721065,1.4672388441118198,0.7649023105862977,0.17513880312870442,0.18409869380987628,0.44080380987245715,hjorth_mobility,hjorth_complexity,3.35677477500762,0.8512951570185974,-25.390052795410156,-534.66796875,157.2265625,-20.5078125,3477.225172937324,58.96800126286564,1595,eeg_baseline_level_4.csv,9,TP10,90.00390625,100.0
846.060562157864,120.86579459398057,162.8230551669133,96.86584327205699,113.16465670932737,135.74750431738863,16.96843803967358,63.547167508715205,4.815975925108286,7.534772313539673,12.118303848224016,1.514787981028002,2.910525229020412,0.8538441647760715,1.2101956665480964,54.77099645786897,1.4413420120491833,2.722735867957675,0.4066842413903662,1.3818058353424676,78.26236144079279,0.8893450163726453,1.709601607303083,0.25680266495628473,0.8955848107105484,1.6125463161921951,0.4296575530805272,0.0668452055705094,0.3043367420951738,0.46787264382740457,hjorth_mobility,hjorth_complexity,3.24178644279392,0.82182496901353,-20.9625244140625,-68.359375,203.125,-23.92578125,559.1308604925871,23.645948077685258,1595,eeg_baseline_level_4.csv,10,AF7,100.00390625,110.0
279.7569326909403,39.96527609870576,67.38246630482395,16.208839153567276,43.08138372565541,119.88344985141589,14.985431231426986,30.893064754920218,3.824309259554948,13.464860631351696,29.694255549451523,3.7117819436814403,6.751991675208424,1.8039016555333929,3.5523753217058722,81.98290726357392,2.1574449279887875,3.7560343464691357,1.050181918547408,2.0209072996642177,109.396524206913,1.2431423205331023,3.2078489089070015,0.4642882124636512,1.1342629451690485,1.15284593990165,0.6545338488589976,0.2292412738832938,0.70712820213681,1.0294439868215326,hjorth_mobility,hjorth_complexity,3.1046849697698935,0.7931421848062026,-20.131683349609375,-107.91015625,81.54296875,-20.01953125,362.2318565612659,19.03238967027698,1595,eeg_baseline_level_4.csv,10,AF8,100.00390625,110.0
2324.457069815039,332.0652956878627,481.92963372966165,200.52434079563693,354.34263458404587,1267.8929267901408,158.4866158487676,296.07266093158836,49.84495308448382,147.2421941489036,187.96570624562705,23.49571328070338,43.17782622053317,6.019276747828681,22.58446754955383,137.8338593561058,3.6272068251606786,10.049364490933415,0.8416503637200203,2.7386076617680484,126.6831865111686,1.4395816648996431,16.34923520104698,0.42815347413890553,1.1662391749288643,1.403159938790941,0.9695817476343382,0.22841906461794148,0.22966516959039945,0.23614927920839043,hjorth_mobility,hjorth_complexity,2.4722491425945448,0.614276565766103,-22.65777587890625,-318.84765625,163.0859375,-21.97265625,2085.6592780910432,45.66901879930248,1595,eeg_baseline_level_4.csv,10,TP9,100.00390625,110.0
2548.3750223324005,364.05357461891435,459.8460658711371,296.3209741594337,365.12422096953486,1223.4676408095556,152.93345510119445,323.2370073097408,54.099874751383155,128.4221861579228,188.32299184586228,23.540373980732785,45.95215243010221,7.627280961994391,18.285943867401702,158.26686930985832,4.164917613417324,11.56428649804922,1.4553075756827925,3.585782963433377,348.48917928076554,3.9601043100086994,115.70199510085237,0.6702178211832004,1.8797552528972292,1.4034802696565147,0.8741511200601021,0.20970125684538815,0.23672315116417855,0.4463310878748945,hjorth_mobility,hjorth_complexity,3.1621791358767433,0.7869932914880757,-19.384384155273438,-320.3125,209.9609375,-19.04296875,2311.658151302254,48.079706231447105,1595,eeg_baseline_level_4.csv,10,TP10,100.00390625,110.0
226.77305553736227,32.39615079105175,97.21588888517935,6.20576125276207,14.226728997988154,22.30100191500968,2.78762523937621,4.410307273019077,1.7958168464958075,2.6136858970483785,10.621072552069988,1.3276340690087485,2.4331082527653245,0.5183568513772742,1.1735146410026336,64.76925291324318,1.7044540240327153,3.585641854863402,0.33545632456993135,1.6311723252660604,112.28124358205034,1.2759232225232993,2.959280839366784,0.432302148676257,1.1482916331996917,1.0689725849179015,0.2355073925091345,0.1269088305101537,0.7399459224051423,1.3599458719590531,hjorth_mobility,hjorth_complexity,2.8702856771804286,0.8790938573871511,-22.198486328125,-85.44921875,58.10546875,-22.94921875,321.11112028360367,17.91957366355583,1595,eeg_baseline_level_4.csv,11,AF7,110.00390625,120.0
384.62708499680366,54.94672642811481,96.68836133538372,28.03383781686534,53.6204381322336,91.24228894544434,11.405286118180543,19.54869452099002,3.7587330281474465,12.220336609666717,24.49381554281819,3.0617269428522738,6.0485651449017315,1.6760555526369643,2.489005352817787,93.16188964974546,2.4516286749933016,4.3515060649129635,0.6624504109378064,2.2636703368605477,137.84044919486158,1.5663687408506997,3.099381360130149,0.524902323760774,1.5145441055955513,1.2534571803156374,0.47606209942935823,0.16927423982792836,0.6730544252349183,1.0779247747465401,hjorth_mobility,hjorth_complexity,2.967583496745867,0.8179535259354627,-17.634963989257812,-109.86328125,104.98046875,-18.5546875,441.19835933088325,21.004722310254028,1595,eeg_baseline_level_4.csv,11,AF8,110.00390625,120.0
1649.083695821327,235.58338511733243,326.0920430589057,142.732991977114,231.21796286258606,861.8030873439825,107.72538591799781,223.80023064167972,32.24862301611269,100.45305892768776,158.93364212028314,19.866705265035392,37.43864045601361,9.505654168698532,17.619837112370565,112.26080790366923,2.954231786938664,12.10754500432465,0.8834249939939949,2.0420942063369125,139.50735530201672,1.5853108557047355,27.655932157424893,0.3358283987034927,1.129040411381589,1.3922433628470232,0.9150974917836623,0.2627746567926626,0.2522480713214115,0.3274824740755013,hjorth_mobility,hjorth_complexity,2.3970644638394334,0.6786005309035591,-21.489334106445312,-311.03515625,129.39453125,-20.5078125,1451.8098659755196,38.10262282278636,1595,eeg_baseline_level_4.csv,11,TP9,110.00390625,120.0
1605.8910526453415,229.41300752076307,334.4883634251011,86.15282158516767,236.1776734100438,866.547917650525,108.31848970631563,244.06077366357522,46.54887683326162,81.53830261551457,164.35774616160631,20.54471827020079,41.6858239717137,7.312313276481346,20.09761626124979,140.26916764234502,3.691293885324869,12.602138449082748,1.7597342887902778,3.070653820702292,359.65288586398367,4.086964612090724,152.86197525358696,0.580725100392918,1.4661442580831676,1.292871539434543,0.8769411187608335,0.25239976331163505,0.290389117024851,0.5543465190452435,hjorth_mobility,hjorth_complexity,3.193137533011201,0.8281065652060887,-19.498062133789062,-312.5,149.4140625,-18.06640625,1523.3270985481795,39.0298231939139,1595,eeg_baseline_level_4.csv,11,TP10,110.00390625,120.0
168.93138193670666,24.133054562386665,52.59616083347714,6.687376292885024,16.69697865130521,26.947974262678052,3.3684967828347565,5.299543676605688,1.8728249938808506,3.2856381926785723,7.02878353113086,0.8785979413913575,1.775661353799923,0.41739353872403995,0.8188444244129534,32.26708726271489,0.8491338753346023,2.704447643027996,0.31767845040722387,0.7013312866348338,35.76088811816041,0.4063737286154592,1.1339987021517155,0.13024804043683705,0.3635102548142833,1.2966055297461014,0.4139785772495217,0.1393489914465893,0.6411722686222393,0.805708636398509,hjorth_mobility,hjorth_complexity,2.9720061249079324,0.7956991641328487,-20.63446044921875,-93.75,72.265625,-20.751953125,146.90996846184134,12.12064224626077,1595,eeg_baseline_level_5.csv,0,AF7,0.00390625,10.0
388.16003138035967,55.451433054337095,73.9650674917779,38.5147401342426,52.31089617994063,100.13083311555289,12.516354139444111,28.415321790538375,3.8456695101617973,9.003802709766916,15.784827242223978,1.9731034052779972,3.6882822760061864,0.8737955179821187,1.8645681743372444,35.043825566480706,0.9222059359600185,2.954533301289895,0.29744825933288704,0.7579492289291989,46.39372585754019,0.5272014301993203,1.7104175319461659,0.15168772974586964,0.4665503899199803,1.5234625270319042,0.6029680752650215,0.14680966199777185,0.36860791683396676,0.5312724004763214,hjorth_mobility,hjorth_complexity,2.989696637556194,0.7751650424363979,-21.810340881347656,-165.52734375,100.5859375,-20.5078125,350.95271738100564,18.733732072948136,1595,eeg_baseline_level_5.csv,0,AF8,0.00390625,10.0
4653.135289834127,664.7336128334467,1024.5345476939094,428.3041031173683,573.084143449395,978.8691985625668,122.35864982032085,225.55085590213105,41.32689770869671,118.65876376566283,127.97540501172617,15.99692562646577,28.09863015384655,4.970114658582014,15.994736391914628,95.15999069124794,2.50421028134863,7.950273623887501,0.7175959312137898,1.865748847051171,246.83210362136793,2.8049102684246354,124.7880124184496,0.22504757937939635,0.7344404354404723,1.6476116218778742,0.6006770228523937,0.12005137092551393,0.1176476046920466,0.21971521525933108,hjorth_mobility,hjorth_complexity,3.1400659950664167,0.7616006298969168,-25.734329223632812,-462.890625,186.5234375,-16.6015625,3657.6538869121578,60.47854071414222,1595,eeg_baseline_level_5.csv,0,TP9,0.00390625,10.0
2451.639557049854,350.2342224356934,480.0724909987987,202.42432403094142,337.2505165984534,650.0724044150238,81.25905055187798,173.78987758661677,34.19466157779531,59.25785925426795,72.17835418302406,9.022294272878007,20.694240937803755,2.9462470762265998,8.199947701478262,69.65798804258947,1.8331049484891964,3.7280316222032104,0.6019028139339753,1.6145847144870173,743.9796166180931,8.454313825205604,453.5542799584766,0.18267564435870198,0.6650992272261814,1.4609834874359213,0.6018707021601937,0.10530655060777919,0.13105438561419702,0.5748681721618131,hjorth_mobility,hjorth_complexity,4.59068803222386,0.9888079295090715,-24.58648681640625,-422.36328125,126.953125,-19.775390625,2379.7415918670595,48.7825951735561,1595,eeg_baseline_level_5.csv,0,TP10,0.00390625,10.0
31.821657457566296,4.545951065366614,8.019259275078191,2.4752553511386264,4.363266158547004,8.817810178454978,1.1022262723068723,1.5635103684508145,0.6265712603783504,1.1011003727222888,4.240194219853669,0.5300242774817087,1.1335870219817086,0.28392756319811135,0.41564033388260724,17.809600183207973,0.46867368903178874,0.9455263408077373,0.17660823113984161,0.45538251687473774,19.390448086891492,0.2203460009874033,0.4788742777297099,0.08143177163653655,0.21087046323539974,1.0370290142515046,0.42926430581643293,0.23806461724882627,1.033725940236323,1.2870316908028863,hjorth_mobility,hjorth_complexity,2.7376068323184675,0.8019551419209658,-22.12066650390625,-91.796875,8.30078125,-21.97265625,46.90967267379165,6.849063634818386,1595,eeg_baseline_level_5.csv,1,AF7,10.00390625,20.0
84.58433120972325,12.08347588710332,16.483647410102478,5.31941541734518,13.034448339245753,32.52677131899128,4.06584641487391,6.3462615524945605,1.3076738129932657,4.250347717991594,8.171263252183497,1.0214079065229371,1.6061612958938019,0.46839016870256245,0.9456951171217869,26.099154740038216,0.686819861579953,1.3058485467150511,0.2945329998383829,0.6303678590177221,36.907554850557645,0.4194040323927005,1.2035352833590123,0.12053467075650867,0.36910086118790286,1.1499501829799437,0.6097408894915667,0.20863270477232831,0.7188557919533212,1.0996494350344335,hjorth_mobility,hjorth_complexity,2.7862557421011864,0.8143219125592381,-18.330764770507812,-53.7109375,52.24609375,-18.798828125,120.98603052436374,10.999365005506624,1595,eeg_baseline_level_5.csv,1,AF8,10.00390625,20.0
1233.5717310108535,176.2245330015505,651.8262059407085,64.65466550034382,72.35299934402661,354.4921200221959,44.311515002774485,72.26449027630271,27.443881659629284,44.26874142589635,94.89850320235762,11.862312900294702,17.781903879877913,7.776657600764033,11.034978360593511,108.31383919972407,2.850364189466423,9.95345509412038,0.6824640291113332,2.0885631957528528,327.7606717212271,3.7245530877412167,163.21790682917072,0.1924903672228628,0.8903521122416824,1.1593969094384347,0.6277214025144007,0.22571806812533118,0.318837475830349,0.6284576227686545,hjorth_mobility,hjorth_complexity,3.016232406528586,0.9315427702162808,-19.680213928222656,-245.60546875,158.69140625,-25.390625,1654.9815176040283,40.681464054333496,1595,eeg_baseline_level_5.csv,1,TP9,10.00390625,20.0
720.8249143708098,102.97498776725854,136.9017049572989,75.21729433585246,97.93896063128146,226.76698976212177,28.34587372026522,48.93664541613306,20.04400891721394,22.93496980969275,95.1301652281379,11.891270653517237,17.592776533686806,8.279952602604224,11.253147559380828,100.96100950879887,2.656868671284181,5.384855842734598,0.8873565546875791,2.5691535039406475,1070.932586559465,12.169688483630285,610.592287425542,0.369081792624143,1.6488024936610364,0.9773697345547697,0.43229041535367607,0.21891756092675935,0.2965530278460343,1.1831408129774197,hjorth_mobility,hjorth_complexity,4.555307006927337,1.0494480744413852,-23.174667358398438,-244.140625,93.26171875,-23.92578125,1043.282658647513,32.29988635657273,1595,eeg_baseline_level_5.csv,1,TP10,10.00390625,20.0
541.7384050627413,77.39120072324876,113.21494169669397,50.97049614975616,68.31978153086291,137.7603798625255,17.220047482815687,39.36923747444605,6.706131688011144,12.056006380845467,33.366690754563784,4.170836344320473,5.680406232845536,2.734734342703159,4.135930413161507,44.200988140258836,1.1631838984278642,2.1109402346267805,0.4634248063773223,1.1212676596202429,57.32702714101028,0.6514434902387531,1.4636446874775357,0.08843732725352621,0.5701882851146309,1.5020736630709302,0.6028339584398692,0.20725575949737213,0.339793993548451,0.4751467819473506,hjorth_mobility,hjorth_complexity,2.59166010297031,0.7627537738895458,-22.754859924316406,-171.875,83.49609375,-20.99609375,371.071453228069,19.26321502834013,1595,eeg_baseline_level_5.csv,2,AF7,20.00390625,30.0
1608.6947222892081,229.81353175560116,576.6839427907074,45.58495604704842,124.12694941686073,184.2622950778297,23.03278688472871,60.63145975012296,7.880806498800818,15.020069858930789,34.487215345039175,4.310901918129897,8.081841586770558,1.6870534192891098,3.8590264782651627,66.74744570798802,1.7565117291575796,3.9395536893336276,0.6770709678737462,1.6055331686750831,124.42788497582282,1.413953238361623,4.3255297251061595,0.16720904050997948,1.381501287999261,1.4534401808161908,0.3707219528438605,0.09932473274672297,0.22087151288375054,0.42046091394100604,hjorth_mobility,hjorth_complexity,2.578392218484114,0.781234413705875,-18.295860290527344,-195.3125,100.5859375,-18.5546875,955.4333690539352,30.91008523207167,1595,eeg_baseline_level_5.csv,2,AF8,20.00390625,30.0
6362.295402894413,908.8993432706304,1853.7215431651825,304.96652941201916,510.0788824806637,2024.798890479023,253.09986130987787,464.0987330550203,59.39465242705959,244.06624400012834,196.53869439177885,24.567336798972356,35.42042710801744,17.978570933911342,24.2336518887127,201.95796665934256,5.314683333140594,23.533539364525993,1.4607209939255053,4.359359433580625,440.0069307415662,5.000078758426889,153.18473213865119,0.5567083063708355,2.1824572452991187,1.414118020669986,0.7368030148508934,0.1215210336182947,0.1519644783492258,0.28689672518381004,hjorth_mobility,hjorth_complexity,3.3833105439800124,0.7898119245980357,-24.68585968017578,-464.35546875,358.88671875,-21.484375,4369.473251244926,66.10199128048205,1595,eeg_baseline_level_5.csv,2,TP9,20.00390625,30.0
6472.459706801299,924.6371009716141,1723.1842698465246,323.01621824440474,693.9625377202781,1285.2213610608032,160.6526701326004,334.7753131144798,73.45945761069976,93.6022205377443,222.21678743963338,27.777098429954172,77.34256490034052,9.638845593787586,18.80049590974096,157.79271914931152,4.1524399776134615,17.35315394869318,0.325447333194027,3.1529855276455097,1284.1667160971026,14.59280359201253,678.7573323919953,0.727586963899274,2.573864143416637,1.4823236734885163,0.5142747037286972,0.12700400195381356,0.12082091707297206,0.5405638324144983,hjorth_mobility,hjorth_complexity,4.117466818882865,0.968891843132968,-26.798248291015625,-425.78125,208.984375,-21.97265625,4210.332300863229,64.88707344967277,1595,eeg_baseline_level_5.csv,2,TP10,20.00390625,30.0
12869.94276540547,1838.5632522007816,5208.253487215284,198.96131499220965,1050.7297384053743,219.46115080021272,27.43264385002659,109.77928352080802,3.8003582220942684,12.501070753796107,36.31924088091496,4.53990511011437,6.51232092838591,2.1975200711263194,4.469120790448941,62.96357530504624,1.656936192238059,4.2761085200641435,0.5399056427664713,1.533281945896279,79.81902962465664,0.9070344275529163,1.9439152394069485,0.272776440144736,0.8496566834149256,1.5049468563583843,0.09146596365941502,0.02142832566668898,0.041656327082506744,0.056470940543854146,hjorth_mobility,hjorth_complexity,2.096325748818988,0.66165096824451,-20.334243774414062,-192.87109375,979.00390625,-28.3203125,16844.61576151079,129.7868088886956,1595,eeg_baseline_level_5.csv,3,AF7,30.00390625,40.0
617.69755972883,88.24250853269,205.56114135531408,23.358309695905557,56.267149143423545,128.35577409038544,16.04447176129818,35.931313980806586,3.3433582700996007,14.956543543527808,33.969751382072914,4.246218922759114,5.97965802290636,2.8671079565690354,4.106651159587669,57.92825789215393,1.5244278392672086,3.9802590662035566,0.5105370969551856,1.4254235725136986,81.40007451330871,0.9250008467421444,2.31558187071254,0.2590136746565492,0.8146555599761234,1.3295806512600141,0.5075571075307815,0.18970970476557864,0.380551996198693,0.5777337076499633,hjorth_mobility,hjorth_complexity,2.5872374748082447,0.7825080930907279,-23.96106719970703,-132.8125,145.5078125,-22.94921875,630.0350307355984,25.10049861527851,1595,eeg_baseline_level_5.csv,3,AF8,30.00390625,40.0
584.1838525224655,83.45483607463792,125.06292287500133,35.93323096713061,89.06420289672498,248.04785578345547,31.005981972931934,48.71124711913425,10.583847134094121,33.26711040423326,76.34608273603132,9.543260342003915,17.35129608853627,4.589677753509858,8.00830819960554,92.53665301284433,2.435175079285377,7.5052315328342765,0.7798523176667334,2.3387398634320786,291.5014101985093,3.31251602498306,154.435039817905,0.19478518411008772,0.608755877111564,1.1897063844389877,0.6909653157310582,0.28094780615291254,0.4344930287670708,0.7846188051360738,hjorth_mobility,hjorth_complexity,3.7503886814314384,0.9073390616739511,-21.33159637451172,-289.0625,69.82421875,-19.53125,939.6810433463543,30.6542173827086,1595,eeg_baseline_level_5.csv,3,TP9,30.00390625,40.0
535.2300685782511,76.4614383683216,96.6675017611467,36.27758333413814,87.75450405017403,215.107920201554,26.88849002519425,56.07363616570163,12.300473421019639,21.07914218340958,53.80697114444087,6.725871393055109,10.194542326447662,4.326982451428384,6.091522726981445,73.39982488366982,1.9315743390439426,4.023780154400755,0.7209710664117076,1.870932735131757,947.8456066884314,10.77097280327763,586.956456516436,0.22863170564256155,0.7605270193802878,0.9141477077263597,0.47852925053484774,0.1627126719456008,0.270275253099924,1.039540826109204,hjorth_mobility,hjorth_complexity,4.82950995297539,1.0523399980227115,-23.082542419433594,-283.203125,89.84375,-20.5078125,1189.0936773488647,34.48323762857636,1595,eeg_baseline_level_5.csv,3,TP10,30.00390625,40.0
13070.092850398607,1867.1561214855153,3736.548861628679,326.3061211022622,1295.8898623000814,659.5533998966986,82.44417498708732,327.45558337600147,4.840354035954828,40.94258029704271,26.648524470216884,3.3310655587771105,5.148118618671011,1.4517132421961134,2.9347994593720133,64.39835012531825,1.69469342435048,2.6986164758124414,0.8853685472946848,1.574432893283273,106.68922983409948,1.2123776117511305,2.42894405665202,0.30519697997522877,1.2529141265055284,1.6341065058042143,0.2025467254807652,0.0149137286721418,0.03910144188506323,0.0668767409827099,hjorth_mobility,hjorth_complexity,1.897307481526046,0.6794114175548518,-19.271087646484375,-155.76171875,678.22265625,-30.76171875,7455.152389011346,86.34322433758972,1595,eeg_baseline_level_5.csv,4,AF7,40.00390625,50.0
399.95324880975284,57.13617840139326,100.24859334022656,30.620426681504252,51.06082363570894,141.45145505685508,17.681431882106885,36.33535013105929,3.5166686150487494,13.685600968785867,22.92251364363937,2.865314205454921,7.112637618395382,0.9132293392913715,1.7567000860725117,65.99155573281189,1.736619887705576,4.809460516101097,0.4572959220473115,1.4223959937251116,67.02071959869608,0.761599086348819,2.3996873278327677,0.28255797227396984,0.6656590364743782,1.3315749110975827,0.659034253718024,0.16351011748988922,0.5243851127117873,0.6125722044815112,hjorth_mobility,hjorth_complexity,2.4899396552428064,0.7858712371778781,-19.898033142089844,-141.11328125,69.82421875,-18.5546875,375.9772047851584,19.390131634033803,1595,eeg_baseline_level_5.csv,4,AF8,40.00390625,50.0
1463.989276523158,209.141325217594,254.75862558118874,97.27410619834463,230.95894111159254,865.8950772557725,108.23688465697157,217.3392648936034,50.3644931709714,104.8476127729243,220.06703800868786,27.508379751085982,46.542772573758185,15.103878237532122,27.086503847925602,129.0846286599738,3.396963912104573,11.250764627125061,0.42838078269712593,2.2953952363440373,284.00552672169636,3.2273355309283676,149.66007776970454,0.1490002452082319,0.6518646796892527,1.2826789735858222,0.9308837642160566,0.3386206599555898,0.2804877300216548,0.4190760960162961,hjorth_mobility,hjorth_complexity,3.560215670462627,0.8416320379105087,-23.36292266845703,-325.1953125,109.86328125,-22.94921875,1291.6648090686067,35.939738578189555,1595,eeg_baseline_level_5.csv,4,TP9,40.00390625,50.0
1407.7418188698969,201.10597412427097,262.25815085506105,63.72657528962721,230.1592060995481,872.9640712700862,109.12050890876077,205.5863955911059,52.115088577659066,107.71949677562895,231.45668152587962,28.932085190734952,52.11114153286853,16.99064059071166,27.671003968337697,111.82522117140869,2.9427689781949655,9.681864996377257,0.6699187094253083,2.312359159922722,932.1702677524056,10.592843951731881,581.4909996205531,0.20902093888592507,0.6249632538729211,1.1052710590329438,0.8285399462085511,0.307389961766558,0.21588038609177773,0.6926919437617927,hjorth_mobility,hjorth_complexity,4.497812840820487,1.0040904481361128,-23.116683959960938,-349.609375,104.4921875,-21.240234375,1586.454443022376,39.83032064925383,1595,eeg_baseline_level_5.csv,4,TP10,40.00390625,50.0
303.2007201486648,43.3143885926664,88.46109650247476,13.413057490352116,44.21993232909919,49.658847197415355,6.207355899676919,19.54761006913056,1.8508756107176256,4.440321346741662,10.147439340270601,1.2684299175338252,2.069836266815822,0.8035169466163334,1.1969008268436774,34.26932570399017,0.9018243606313202,1.76652447751347,0.41855659586629124,0.8057544158641836,40.13543596025653,0.45608449954836966,1.1237296269844839,0.13365472029078565,0.407605395929877,1.4622925908574653,0.43497323722987596,0.1297061409471995,0.4617243734340894,0.5973683511065924,hjorth_mobility,hjorth_complexity,2.6535768972392253,0.7989011082802894,-25.197792053222656,-128.41796875,16.6015625,-22.4609375,262.33119275275385,16.196641403474793,1595,eeg_baseline_level_5.csv,5,AF7,50.00390625,60.0
606.0415749716515,86.57736785309307,181.2754325972548,34.02491050038952,54.41756626996591,107.5218572501067,13.440232156263338,22.203822373513304,3.5909062645606094,12.243947149717545,38.38586183202359,4.798232729002949,7.098393769234997,2.2496225104318075,4.500275851243625,77.99137977755299,2.0524047309882367,4.836317996709799,1.0487296367406718,1.8599566334264783,93.10406627924321,1.0580007531732183,2.5839925029445037,0.33246767033460894,0.9952867885681764,1.383196982846883,0.45600121290544604,0.20657241726422937,0.4863029987420327,0.6436260707327219,hjorth_mobility,hjorth_complexity,2.671267409887487,0.7956271444490906,-19.53277587890625,-126.46484375,138.18359375,-19.04296875,449.36649268493056,21.19826626601644,1595,eeg_baseline_level_5.csv,5,AF8,50.00390625,60.0
1731.3881987938348,247.34117125626213,307.112994886392,186.55090609368523,242.44014206726013,1309.769245606146,163.72115570076824,326.70919505846007,43.73371570524735,149.16015784622306,167.093931998838,20.88674149985475,38.809689634571356,9.407675140370506,17.103341422117527,134.3572728365333,3.5357177062245606,16.240057483607632,1.0545160289737487,2.5016489996292783,309.6177909904377,3.518383988527701,142.69703266053074,0.22445856369512113,1.1138141327080207,1.2571260582788508,1.0404990142561283,0.2290370659883027,0.24088035492612417,0.42329736074910124,hjorth_mobility,hjorth_complexity,3.365620031331751,0.8256707337860467,-20.340347290039062,-236.81640625,250.9765625,-20.5078125,1771.9981142727192,42.095107961290694,1595,eeg_baseline_level_5.csv,5,TP9,50.00390625,60.0
2323.1879263539035,331.88398947912907,413.30642694652283,211.44406733284552,347.20702278925984,907.6350870034511,113.45438587543138,211.18658288942336,26.152223397206118,78.62653465281748,157.24953913398787,19.656192391748483,45.03473953658489,8.784748820364388,12.85038090839586,115.75274960585413,3.0461249896277405,7.3003731024483205,0.7297696501886934,2.6504517339945686,1037.835297329356,11.793582924197228,577.3978561870039,0.41095437166886417,1.9257531549091316,1.3047300425394168,0.679328779306746,0.1779609621777728,0.17905398857764002,0.7590339723710786,hjorth_mobility,hjorth_complexity,4.537616494279075,1.0043876321094922,-20.817947387695312,-234.375,315.4296875,-20.99609375,2026.6005057783332,45.017779885044675,1595,eeg_baseline_level_5.csv,5,TP10,50.00390625,60.0
681.8029242012341,97.40041774303344,132.00369411077932,56.81407237344052,103.25362694995862,143.12722946467414,17.890903683084268,51.2800925178827,3.3813348294311254,11.186331344695155,18.53775896571591,2.3172198707144886,3.213243602109013,1.2398164855920077,2.4171108725239248,35.61589108351203,0.9372602916713693,1.8323779216196827,0.2876172364690434,0.8939504046812558,60.862011942419116,0.6916137720729445,2.253779350276646,0.21037303897898646,0.6082634715311803,1.580827606959054,0.5352187241799503,0.11339894732661177,0.2503557312109083,0.44184482725144714,hjorth_mobility,hjorth_complexity,2.2864987597877993,0.7494490166785839,-26.168441772460938,-233.3984375,49.31640625,-24.90234375,479.66780824935995,21.90131978327699,1595,eeg_baseline_level_5.csv,6,AF7,60.00390625,70.0
1558.4581040119817,222.63687200171168,347.49775682453736,78.35756326116365,235.71908220834837,136.73257120840358,17.091571401050448,31.797449042737664,9.771858515809205,14.340664951102337,35.27541729477353,4.409427161846692,6.1253707847715555,1.7172267080178856,4.676359316864735,61.76114205722572,1.6252932120322559,3.7350990196392186,0.6102838922285282,1.634217618446461,78.04615826321543,0.8868881620819935,1.8104200708055695,0.23402377669650376,0.8223044765005979,1.6664222565256297,0.32995263864203395,0.110003398116352,0.22506577224006152,0.30770802925580154,hjorth_mobility,hjorth_complexity,2.0520994671983344,0.7326872704714871,-27.30865478515625,-203.125,85.44921875,-23.92578125,926.5546477399766,30.43936017297303,1595,eeg_baseline_level_5.csv,6,AF8,60.00390625,70.0
11997.882237201246,1713.983176743035,3692.0453515608556,510.6717597156478,816.8718425236233,1278.9490109393219,159.86862636741523,361.4390908837535,50.27264883912592,150.23150698682213,330.1262957729685,41.26578697162106,82.2662207957663,11.16034928399909,42.75391414271864,146.1958283836009,3.847258641673708,10.136234277313067,1.1139794204823703,3.4366815854751644,250.33607702890626,2.844728148055753,93.05721331520425,0.33372638365731544,1.1119745834560475,1.5239092530293086,0.37819440335037413,0.12845771073496076,0.08038360307053026,0.12042959103830045,hjorth_mobility,hjorth_complexity,2.35283818221878,0.6804349854689157,-27.43072509765625,-611.328125,229.00390625,-22.94921875,7205.1421529613435,84.88310876117428,1595,eeg_baseline_level_5.csv,6,TP9,60.00390625,70.0
15302.18207489353,2186.026010699076,7864.554183451696,363.38158441418096,770.5825789130542,1442.8553484569475,180.35691855711843,347.6635762001268,77.12704217615565,170.0341909324972,303.5225490681913,37.940318633523916,74.42695452857565,15.4185742853655,37.635533123976025,138.10022134976919,3.6342163513097154,16.326034689234504,1.0132435004149807,3.2393484616652692,633.0114794444489,7.193312266414193,325.2389671485528,0.473222178233623,1.3724283695814912,1.1947552082863757,0.32994204894964047,0.09246168009323745,0.05775936944589185,0.175259863679478,hjorth_mobility,hjorth_complexity,2.8304820237218404,0.8314650913162743,6.3751220703125,-522.4609375,576.66015625,-19.04296875,16136.640487238765,127.03007709687799,1595,eeg_baseline_level_5.csv,6,TP10,60.00390625,70.0
528.8738391838784,75.55340559769692,99.55371620864337,48.67358790888639,88.0800819138429,140.41813981591676,17.552267476989595,38.3016072326635,5.319905049246362,16.13210004910872,16.79136453109054,2.0989205663863175,3.6389634200778946,0.797723335137214,2.041399278178907,28.102132182647775,0.7395297942802046,1.3282119706743014,0.3278633598158613,0.7587256023454498,31.86073392811261,0.36205379463764326,0.8307622558873216,0.05906351538380915,0.3540747448631971,1.5733476693933788,0.656913917700995,0.12677265688767564,0.25290151165869335,0.3133708855277742,hjorth_mobility,hjorth_complexity,2.3263024132463874,0.7432253222158993,-23.101234436035156,-81.0546875,183.10546875,-24.4140625,381.71474556293106,19.537521479525775,1595,eeg_baseline_level_5.csv,7,AF7,70.00390625,80.0
407.7933155810001,58.25618794014287,100.00176824900103,22.763429453121475,60.34608390823146,61.77165720708086,7.721457150885107,11.427459282676926,3.767154706482989,7.530517833502239,12.572253380485975,1.5715316725607469,2.82453460201465,1.03264706128674,1.3400791498975089,31.80165273971343,0.8368855984135113,1.4962451247562694,0.3974967064844481,0.850130564598735,35.90662556156988,0.4080298359269305,0.9666122731188103,0.19373219152830376,0.34405368565804106,1.5834330983808278,0.46352671608603957,0.13055619270760724,0.3654541811345509,0.45708971570827683,hjorth_mobility,hjorth_complexity,2.1007483769810533,0.7256094887570523,-25.42133331298828,-121.58203125,61.5234375,-23.92578125,320.9131653056829,17.914049383254557,1595,eeg_baseline_level_5.csv,7,AF8,70.00390625,80.0
3284.0589818204444,469.15128311720633,717.3438726314154,236.26866852962291,476.08576248696386,923.8050160168099,115.47562700210123,177.171157862048,43.41581787789826,110.28541099276825,142.93008651773548,17.866260814716934,38.68810286553359,6.364480014816114,15.619767108922646,119.43754174818481,3.1430932038996002,7.787521293874818,1.3154904109953733,2.7816733107346923,263.22678322296156,2.991213445715472,87.0936454698241,0.6168999983546892,1.4396681203115929,1.55559486589656,0.6976980749383415,0.1616961390691779,0.18004017318302012,0.33861863639053524,hjorth_mobility,hjorth_complexity,2.1051710051431187,0.7702911703471214,-30.199813842773438,-295.41015625,161.62109375,-32.71484375,3286.581467691576,57.32871416394734,1595,eeg_baseline_level_5.csv,7,TP9,70.00390625,80.0
3448.3606898386424,492.6229556912346,718.503373152672,259.0946092693859,537.1200487885864,1065.0513533216858,133.13141916521073,204.61112738372216,48.358973592060366,127.27796982608857,137.6094659176896,17.2011832397112,26.09352259958926,5.556360508946876,18.60542539082624,132.4681904965478,3.4860050130670475,11.883077657608913,1.2801453675817496,2.67341383017715,807.5672796110382,9.17690090467089,363.2092697156816,1.035884963008038,2.6760070326631764,1.4450133184506424,0.6790960540947697,0.1369042217908998,0.16637005924459938,0.6375602935479643,hjorth_mobility,hjorth_complexity,2.3395702977325836,0.9198530187651549,-55.95054626464844,-370.60546875,151.85546875,-51.26953125,3328.402223851299,57.69230645286509,1595,eeg_baseline_level_5.csv,7,TP10,70.00390625,80.0
95.70600715784539,13.672286736835057,18.095996953140173,7.880683466641383,13.527425183603338,31.688764002728366,3.9610955003410457,7.926869541876771,1.1972578227199504,3.0754092064308987,12.512841523123097,1.564105190390387,2.2631554161294885,0.7709777975277023,1.6976247597812955,30.790603547017888,0.8102790407109971,1.9140856478530308,0.13910173757370248,0.8065013641514176,47.99726267314652,0.5454234394675741,1.5722868329383468,0.17552248097329476,0.4809086571485733,1.1625351744063779,0.5339106052126225,0.2681922259691836,0.7420541336805375,1.2378211272303485,hjorth_mobility,hjorth_complexity,3.2108280456594627,0.8109947826698783,-22.577857971191406,-66.89453125,74.70703125,-22.4609375,123.92701723001665,11.13225122021672,1595,eeg_baseline_level_5.csv,8,AF7,80.00390625,90.0
400.2866233812432,57.1838033401776,88.18281525373557,34.40963127876278,60.775913585219136,105.64905482723785,13.206131853404731,45.61567119135432,4.561474512469715,6.644256618224346,17.083108268726907,2.1353885335908633,5.404097977138569,1.1221450888780184,1.7927374991364364,40.47755767298019,1.0651988861310577,1.7060848522948495,0.48333297153527877,1.1229158064093117,60.45686673450218,0.6870098492557065,2.3179661353184793,0.13503864519311704,0.6599374826207907,1.481434075250996,0.5800631998309265,0.14826352715007238,0.4014197977277359,0.6360788119965162,hjorth_mobility,hjorth_complexity,2.640309012753029,0.7739994397671499,-16.796112060546875,-180.6640625,83.0078125,-16.6015625,389.70816822256893,19.741027537151375,1595,eeg_baseline_level_5.csv,8,AF8,80.00390625,90.0
3349.6270469746714,478.5181495678102,678.1950656230648,267.7734814971242,470.86866241971467,808.1960421911676,101.02450527389595,208.51744309770623,45.543560203463066,81.1075442741819,136.0153783287429,17.001922291092864,35.74961060043152,5.872906021964395,12.70489366782823,97.77760129563595,2.573094770937788,4.35088391778168,1.048059378825496,2.6977916944301867,230.47764634151264,2.6190641629717346,92.42856323103237,0.25953264096264206,1.0194881093528698,1.5866110506846003,0.6336036775918972,0.15620404701548335,0.1543852467712132,0.2883272640788608,hjorth_mobility,hjorth_complexity,3.0471908036630437,0.7683951834883386,-20.040130615234375,-312.98828125,167.96875,-18.5546875,2250.293031684123,47.437253627124356,1595,eeg_baseline_level_5.csv,8,TP9,80.00390625,90.0
3632.8498829004184,518.9785547000598,727.7126767266623,309.07021657524797,448.42776204142507,785.4834203934648,98.1854275491831,196.20534246947972,52.09964669179525,78.84489462774498,129.74006343037058,16.217507928796323,36.28515065957822,4.19260962340738,12.552401037637424,98.02775172445993,2.579677676959472,4.673708530356687,0.6271511039459051,2.494331208605561,608.0639892803731,6.90981806000424,339.84730961194185,0.2981246882472409,0.9915579293766582,1.5465904090183098,0.5673578866510345,0.13475268560167802,0.1384296507294833,0.45635727647435476,hjorth_mobility,hjorth_complexity,4.011323742993295,0.9216646628583685,-20.170211791992188,-335.44921875,174.8046875,-16.6015625,2592.5925197952893,50.91750700687622,1595,eeg_baseline_level_5.csv,8,TP10,80.00390625,90.0
323.8547296406145,46.26496137723064,107.70538059136,11.897651302642513,40.330195881696596,32.87532071864685,4.109415089830856,11.582229757189873,1.3800084875015968,3.302218951174315,16.033837556961032,2.004229694620129,5.121390589922882,0.7770127040339055,1.577947133490326,44.08578397230214,1.1601522097974246,4.303295236513392,0.35326739313523986,0.9023253116164244,61.13238293500076,0.6946861697159178,1.7955633677335783,0.13892039684016963,0.6000208015474446,1.3874234472120222,0.2966121388209455,0.1684578483774792,0.5150961943411377,0.7839069371742985,hjorth_mobility,hjorth_complexity,2.640309012753029,0.7831923435461488,-22.14183807373047,-163.57421875,67.3828125,-21.484375,246.72873954841634,15.707601330197312,1595,eeg_baseline_level_5.csv,9,AF7,90.00390625,100.0
580.2730553687502,82.89615076696431,141.63341208240095,21.429206674977145,89.06643497995375,171.69694368441293,21.462117960551616,54.60984194789017,5.102305817621923,17.68356075472004,24.93962363358858,3.1174529541985727,6.492910196429685,1.062803881972059,2.6562811658258174,57.43875150454839,1.5115460922249577,3.239584987488776,0.530839840361605,1.4164977828795853,63.65203117753839,0.7233185361083908,3.1531846893076754,0.200478008289323,0.6167227506056316,1.4451884567393884,0.6610825919300296,0.14964267051911695,0.39402974908624794,0.4832770923292153,hjorth_mobility,hjorth_complexity,2.211314081032688,0.6971947096919908,-19.93255615234375,-175.78125,99.609375,-19.04296875,534.8662636242807,23.12717586788929,1595,eeg_baseline_level_5.csv,9,AF8,90.00390625,100.0
3182.8961587712292,454.69945125303275,848.3617652292324,181.41873095069639,420.119393822625,2103.597446822051,262.9496808527564,486.8301506344841,96.99307896179472,247.80049583463642,394.5724110007324,49.32155137509155,137.7618560697273,17.31832314594254,29.417868852748597,384.3944581015504,10.115643634251327,73.82354933721678,1.3852594128837339,6.188413156749311,248.38891217209226,2.822601274682867,92.55857619085181,0.4097880031864691,1.2147615631506725,1.2516896872774537,1.0035664786891996,0.28115223432951125,0.35563669504294276,0.24297546686333596,hjorth_mobility,hjorth_complexity,2.1980461965464917,0.6547626281273277,-18.70746612548828,-427.24609375,269.04296875,-15.13671875,4011.418705304095,63.335761661987576,1595,eeg_baseline_level_5.csv,9,TP9,90.00390625,100.0
1610.1053170423238,230.01504529176054,429.263318487803,87.42734540512619,221.7835788111369,837.4707949519687,104.68384936899609,256.19458939859817,40.59855727736335,82.64934742116498,161.90071065580176,20.23758883197522,51.58853278756664,11.017453612202592,14.441355962434404,178.86161378938587,4.706884573404891,15.265361541060575,1.066992535463015,3.246835422853888,659.1914962661369,7.490812457569738,351.0355080980934,0.5848473839283413,1.4460240366108008,1.2095491977371047,0.791943191989558,0.22952054732184765,0.32333812113559546,0.7009470100413735,hjorth_mobility,hjorth_complexity,3.7901923348900266,0.8787262997957568,-23.37474822998047,-436.5234375,182.12890625,-20.01953125,2666.469171490462,51.63786567520449,1595,eeg_baseline_level_5.csv,9,TP10,90.00390625,100.0
70.09036067518883,10.012908667884119,27.461929379836608,2.328589923315957,6.855652229091736,18.85413833766243,2.356767292207804,4.634921841610742,1.1398411759032838,1.928128857109822,6.430882932340664,0.803860366542583,1.3847933537921924,0.5469909030691466,0.7306497960294219,30.872207509771346,0.8124265134150355,1.4605215103617928,0.18446918849631125,0.7650288781922499,46.52563298350823,0.5287003748125936,1.2179399031629312,0.2041865858993596,0.5267078970554449,0.9809177597910382,0.4184826404122116,0.18155323946792265,0.8660542699453332,1.4070356314624288,hjorth_mobility,hjorth_complexity,2.967583496745867,0.8575984831065876,-20.966148376464844,-66.40625,22.4609375,-21.484375,108.20733117725467,10.40227528847678,1595,eeg_baseline_level_5.csv,10,AF7,100.00390625,110.0
327.49272277866316,46.784674682666164,66.975552068818,34.004516627920104,38.3703682348276,77.6955471118025,9.711943388975312,17.90585485749755,5.227815204648412,9.327505089805456,19.16329126883626,2.3954114086045326,4.3074246973170585,0.8222448589705191,2.423547942899189,47.114029313165354,1.2398428766622462,2.965454096087686,0.477336647201244,1.0817357567911832,59.831645922187285,0.6799050672975828,2.457284755616863,0.17066731897969006,0.5412487920527355,1.4494037710455652,0.5599621277417495,0.18713190599759613,0.5142085102499534,0.7133239084443752,hjorth_mobility,hjorth_complexity,2.9322024714493438,0.7947710718184139,-19.110107421875,-109.375,88.37890625,-19.04296875,254.36334311962128,15.948772464350393,1595,eeg_baseline_level_5.csv,10,AF8,100.00390625,110.0
1612.209329560662,230.31561850866598,275.9980580312763,167.43545821152455,233.49667078719642,749.9129384961469,93.73911731201837,216.85321462850897,44.05093819458013,70.79075571831815,106.85285788343221,13.356607235429026,26.493353712076967,4.453716262671761,14.186533761954268,105.32122320830129,2.7716111370605603,8.081362665850646,0.9570344473817474,2.282421321503464,217.16985829776027,2.467839298838185,83.11344764189201,0.35802267900876145,0.8952366154637454,1.4174626897851637,0.8572419349797304,0.19583906649052846,0.25151604368872527,0.42373291140397845,hjorth_mobility,hjorth_complexity,3.0825718289595665,0.7737911072910522,-25.977516174316406,-304.19921875,224.12109375,-25.87890625,1539.039853050781,39.2305984284051,1595,eeg_baseline_level_5.csv,10,TP9,100.00390625,110.0
1603.9106944959954,229.13009921371363,260.21414080635753,155.6278613308456,233.0434169846094,719.9477464712332,89.99346830890416,244.4800293161645,39.28716973796963,56.465089201705695,117.8101571233251,14.726269640415637,29.598965374304708,3.9795396030803354,15.727815920629315,114.80619741093726,3.0212157213404542,8.364619760551143,0.8125464027909161,2.759496784557262,614.7549377996718,6.985851565905361,353.24575242049696,0.22547269067983247,1.000762030121916,1.3156814683048768,0.7539588708126436,0.19232206653559533,0.24465231699971673,0.652407602561802,hjorth_mobility,hjorth_complexity,4.2324551510965644,0.9406381940165401,-19.85187530517578,-264.6484375,241.2109375,-21.97265625,1661.1368569647311,40.757046715442115,1595,eeg_baseline_level_5.csv,10,TP10,100.00390625,110.0
5152.778994638433,736.1112849483476,1218.0316304985527,221.420052285353,722.118407282878,337.32991067628853,42.16623883453607,136.91281207765644,9.668602928676089,23.301855257559943,34.10611001031124,4.263263751288905,8.830864501121532,1.410214441663771,3.8359605555155083,38.03065486445022,1.0008067069592164,2.596342474275505,0.4173328828277375,0.8830498127872481,54.29014776884753,0.6169334973732674,1.2764265584034902,0.22360468518287163,0.5535297121679899,1.7058291893262176,0.25813491017532675,0.040760159915528796,0.05535086322917677,0.08346881018791678,hjorth_mobility,hjorth_complexity,2.1493972867637723,0.6703060800360692,-21.38385772705078,-209.9609375,474.12109375,-23.681640625,2962.356108437233,54.4275307949684,1595,eeg_baseline_level_5.csv,11,AF7,110.00390625,120.0
810.1245032674558,115.73207189535083,164.77024464685977,44.32127343958882,140.33276779860745,108.48878567642383,13.561098209552979,35.68008304942483,4.900781895594901,11.46745634992361,29.268731776340694,3.6585914720425867,7.3855257132079135,1.0000375641245083,3.503831717687107,42.52521944939348,1.11908472235246,1.9935460515949488,0.3094872409292513,1.0601357315113602,56.520841662814945,0.6422822916228971,1.3856946553988063,0.22593816621803858,0.6227394891284163,1.6133635413948517,0.41872001938677045,0.14833736457732255,0.2658079803063159,0.38345181266190603,hjorth_mobility,hjorth_complexity,2.436868117298022,0.7580885277287894,-23.635292053222656,-174.8046875,63.4765625,-22.4609375,567.1524381250492,23.814962484225106,1595,eeg_baseline_level_5.csv,11,AF8,110.00390625,120.0
5479.940653296534,782.8486647566477,1092.3354693289323,506.9086874194361,777.9636576666959,1944.272252306895,243.0340315383619,412.493455830006,110.86162311333882,214.2713578125701,317.55415300252935,39.69426912531617,108.02890595914158,20.83734260435192,30.929788319135287,234.884666776372,6.181175441483473,26.55878715667312,1.6991884835329532,4.951138512161026,176.86698912034714,2.0098521490948538,44.95983214238233,0.5540866826012016,1.1558553846604482,1.5469554442880529,0.8066941839879994,0.1981974648033794,0.1974567083707371,0.16124712671937863,hjorth_mobility,hjorth_complexity,2.273230875301603,0.5928550764037026,-24.604415893554688,-462.890625,263.671875,-20.01953125,4557.366011285922,67.50826624411208,1595,eeg_baseline_level_5.csv,11,TP9,110.00390625,120.0
5461.400874386906,780.2001249124152,1083.2361815598572,432.5400654356802,700.116243992267,1492.6352478740114,186.57940598425142,336.6371180229869,49.560993897190166,177.86047368482826,168.48393242511574,21.060491553139467,58.57974895658219,9.56231655392503,15.792489185042015,125.44342187313413,3.301142680871951,12.495570491345514,0.7114973013268049,2.724686066613967,433.078722950523,4.921349124437762,190.91379169786902,0.4839242710492455,1.6349423344809353,1.5689789899316204,0.6768610401322115,0.1224625823645566,0.12040763782208642,0.30835973220468116,hjorth_mobility,hjorth_complexity,3.0693039444733707,0.798772229430764,-26.249313354492188,-414.55078125,224.609375,-20.01953125,3865.492233162513,62.173082866804286,1595,eeg_baseline_level_5.csv,11,TP10,110.00390625,120.0
28.483941699421806,4.06913452848883,4.769126959495406,2.223020142814426,4.25568338262818,16.105221138303865,2.013152642287983,4.355020936595688,1.1121149670658252,1.5488283442972555,5.997482788533265,0.7496853485666581,1.9579264220754524,0.2274556208397446,0.5046582109487905,24.89573012177796,0.6551507926783673,1.5535662747591112,0.28723042157353373,0.5885037817047569,34.6061889163591,0.393252146776808,0.8100900434316185,0.14887125794496475,0.357385526131742,0.8088938929246008,0.5409179842006703,0.24603009356187808,1.079050360086529,1.6508065996813615,hjorth_mobility,hjorth_complexity,3.0914170852836973,0.8328394661716518,-21.1822509765625,-60.05859375,21.97265625,-20.99609375,70.49142383038998,8.395917092872581,1595,eeg_baseline_level_6.csv,0,AF7,0.00390625,10.0
171.02528501211603,24.43218357315943,38.599893356856676,16.860482411925716,19.708046021135893,82.6949069792235,10.336863372402938,23.28515354915444,3.7180183491641023,7.3035651991422466,13.452185507542916,1.6815231884428645,3.1723548588513117,0.913913096903364,1.6068513224095975,47.832629791863596,1.2587534155753577,2.7767275206910726,0.2723384025597359,1.2044147846810067,60.540836204727476,0.6879640477809941,2.1223882771393345,0.294211108748828,0.5794947428087833,1.180648884970428,0.7155458449150964,0.1835809216353914,0.6826296893762158,0.9587645891083515,hjorth_mobility,hjorth_complexity,3.1533338795526125,0.820024568057372,-20.4010009765625,-124.0234375,72.265625,-20.01953125,197.99168221652508,14.070951716800291,1595,eeg_baseline_level_6.csv,0,AF8,0.00390625,10.0
1039.636174555039,148.5194535078627,205.5303582818567,55.35712333824241,168.60385991638623,637.9515737000518,79.74394671250647,175.06024275596258,31.127598538329014,71.03139054168005,87.55342317568241,10.944177896960301,20.159338104954802,6.950312863052226,9.021959775189044,68.43140810540652,1.8008265290896452,6.031040036498334,0.5456734343631503,1.4217782082646422,92.28740106575313,1.0487204666562855,33.765767663316176,0.1340166362938481,0.4326949898695097,1.3353196012887927,0.9985079084538299,0.22969066733272253,0.23957764005100715,0.29103443747880386,hjorth_mobility,hjorth_complexity,3.051613431825109,0.7501274645496676,-23.979949951171875,-388.18359375,91.796875,-21.484375,972.3613498499617,31.182709148660603,1595,eeg_baseline_level_6.csv,0,TP9,0.00390625,10.0
1077.6176560572303,153.94537943674717,189.27849887052807,77.93362706124442,168.4861804501242,667.9946259677315,83.49932824596644,173.8599439160332,27.76122016322537,77.47134091414398,94.52851834125084,11.816064792656356,26.938577397461742,4.9584090882423135,9.31078270509613,61.94964052488467,1.630253698023281,5.348472133214528,0.5457210293645794,1.3489140162543014,80.48893378915511,0.9146469748767626,24.784594285723944,0.18333850381976396,0.4661382406053154,1.3590834046455709,1.0060659272387147,0.23335351561860362,0.21457620823087817,0.2654529919196864,hjorth_mobility,hjorth_complexity,3.1489112513905475,0.7253855108107924,-23.709869384765625,-380.37109375,76.66015625,-20.99609375,987.9592288052663,31.431818732062997,1595,eeg_baseline_level_6.csv,0,TP10,0.00390625,10.0
144.6946553117225,20.670665044531784,38.96263657542348,6.628041630288077,16.565067439743288,27.191565208100116,3.3989456510125144,5.358993632652916,1.7452020350838295,3.2381687878569405,14.108144818438806,1.7635181023048507,2.4246196686723236,1.1210087472664823,1.6760580130451173,37.774943396333455,0.9940774577982489,1.6377297271303717,0.3266808442492115,0.9914542541671374,64.10869235164745,0.7285078676323574,1.6740048567553847,0.18307333885437596,0.6731236130719715,1.2178318265251344,0.39590233609458675,0.2372765139964049,0.7037647178497314,1.2561099205792292,hjorth_mobility,hjorth_complexity,3.1666017640388087,0.8524348485027474,-22.491455078125,-63.4765625,70.3125,-22.94921875,153.81891280412674,12.40237528879556,1595,eeg_baseline_level_6.csv,1,AF7,10.00390625,20.0
249.94762333605675,35.70680333372239,66.04555429463962,18.75604711666809,27.992881847724767,101.91479782755322,12.739349728444152,24.203803612664608,5.292167877575279,10.307598219564628,29.405201391427617,3.675650173928452,6.88153337259865,1.838510565223887,3.224209853921421,63.63116966298462,1.6745044648153846,3.0153596524554334,0.5463880984778351,1.6263381402361838,76.82544511449109,0.8730164217555806,2.245681942263127,0.30744370606234095,0.859950272890982,1.1868604579043691,0.668766380642257,0.2608923420538797,0.6563930821920301,0.8816010985858993,hjorth_mobility,hjorth_complexity,2.6314637564288983,0.7860783153927791,-20.624351501464844,-105.95703125,36.1328125,-19.04296875,280.36620202328777,16.744139333608274,1595,eeg_baseline_level_6.csv,1,AF8,10.00390625,20.0
860.7616585754906,122.96595122507009,159.8918465862329,41.296299957385834,144.72407279008408,586.4032217152585,73.30040271440731,128.15105136334518,46.63009199040093,66.56930017220785,127.88574551265945,15.985718189082432,27.40825067439029,8.047951154527516,14.85870599363378,122.05005382658548,3.2118435217522494,9.795921158963733,0.8768673942600701,2.8549632035033845,116.73017368911405,1.326479246467205,35.99376320871519,0.21186255075049154,0.7225857549385686,1.2423699331491578,1.0130687286999425,0.32702407257005717,0.41029452651292153,0.3927311332740315,hjorth_mobility,hjorth_complexity,2.684535294373683,0.7115174494764477,-22.43194580078125,-305.6640625,103.02734375,-21.97265625,890.7609595917165,29.845618767110803,1595,eeg_baseline_level_6.csv,1,TP9,10.00390625,20.0
776.3347923823987,110.90497034034267,147.5504499345015,30.975239451332648,122.80723289379999,557.814473617459,69.72680920218238,118.59438205796366,42.75838517223809,63.07030104102474,132.10397409999462,16.512996762499327,26.10409398871216,9.274679436792404,17.394347394053945,101.43111379881556,2.669239836810936,10.01212061532672,0.6974930067699605,1.7206339351919664,102.78678793966958,1.1680316811326088,28.994212239722824,0.2672890251468199,0.6172131892544626,1.2195631550599748,1.0315199421141314,0.35770680411401645,0.3720128681035576,0.38503926554348955,hjorth_mobility,hjorth_complexity,3.1179528542560897,0.7418641401651223,-21.47083282470703,-299.31640625,90.33203125,-20.5078125,824.5824864934548,28.715544335663477,1595,eeg_baseline_level_6.csv,1,TP10,10.00390625,20.0
257.85848468169104,36.83692638309872,63.36252171096383,10.848887654389502,46.186959204720935,34.54473249577054,4.318091561971317,7.999870867563737,1.4457330143041054,3.992522581345606,11.615272156494514,1.4519090195618143,2.1175370973477308,1.0711077887552998,1.3556878665059422,42.782681112376004,1.1258600292730527,2.062805368120069,0.4529722044047673,1.060761171367706,56.781337790686734,0.6452424748941674,1.963637161719843,0.221055260357304,0.5989995189827017,1.3742584313483723,0.3575733443769297,0.1523052743485085,0.5824659096371475,0.8448707889801595,hjorth_mobility,hjorth_complexity,2.7464520886425983,0.8060161530005131,-21.221923828125,-85.44921875,68.359375,-21.484375,194.9480175971985,13.9623786511181,1595,eeg_baseline_level_6.csv,2,AF7,20.00390625,30.0
1088.575872505821,155.510838929403,247.16466719035282,61.6655835764224,148.56312804551158,130.56937470116114,16.321171837645142,40.85870064973712,3.721417627119285,13.856113087912611,20.73069164469488,2.59133645558686,3.9545092955478856,1.028814348342222,2.6600722169105886,52.70251693158904,1.3869083403049747,2.953340233156035,0.590803566976146,1.2630342267624153,89.90140122567081,1.0216068321098957,2.2929356393094915,0.2818163823836721,0.9437824264566834,1.5852433593591402,0.37552402393818274,0.088724007018677,0.248688244498843,0.4421813072872183,hjorth_mobility,hjorth_complexity,2.1847783120602955,0.7575816178978615,-18.0419921875,-163.0859375,143.06640625,-17.578125,784.6790924668312,28.01212402633601,1595,eeg_baseline_level_6.csv,2,AF8,20.00390625,30.0
3950.406045330121,564.3437207614459,803.2101958553008,307.39949342235263,608.4067011535767,867.1772541953073,108.39715677441342,272.7266233849528,23.31232722850088,81.28408736718802,105.09589710571578,13.136987138214472,26.319953073719073,3.7216666721008775,13.258624201263958,105.64390030288855,2.780102639549699,6.154471260722693,1.1616452441638092,2.6407846575044234,135.8199526099232,1.543408552385491,28.24816934519552,0.25146744871876864,1.0106292430549686,1.6447371121103935,0.59910475981661,0.11673374595783839,0.14972187535421677,0.19381318314921042,hjorth_mobility,hjorth_complexity,1.7425154958537579,0.6396801585128382,-19.643211364746094,-375.9765625,154.296875,-18.5546875,2654.1570576591766,51.5185117958504,1595,eeg_baseline_level_6.csv,2,TP9,20.00390625,30.0
3862.9410338337257,551.8487191191036,815.649118291777,244.49981302408594,635.3939645246377,763.926894507026,95.49086181337825,263.55555897986574,11.447723214489207,64.62985314011935,106.46185626235476,13.307732032794345,19.276943208885243,6.8090638249740225,14.765455250398986,128.4488624537619,3.3802332224674188,8.096805241425328,1.233973613525153,3.21313634854552,135.26525398475644,1.5371051589176867,27.77545331160961,0.3353889829016791,1.1025596924793275,1.6373164133968652,0.5477415716852556,0.12253982065943361,0.1810617676535541,0.1994499528439433,hjorth_mobility,hjorth_complexity,2.0565220953603998,0.6689918191813642,-23.59333038330078,-326.171875,133.7890625,-19.53125,2336.733067604655,48.33976693783965,1595,eeg_baseline_level_6.csv,2,TP10,20.00390625,30.0
79.1551142764598,11.307873468065685,14.79966298793352,5.416146305988647,12.75590656032653,20.919737255961206,2.6149671569951507,4.88068876588612,1.3809618827487113,2.3423866583629733,7.826271456703674,0.9782839320879593,1.5219907629645475,0.6004840543011057,0.9396680321459595,21.695464398985557,0.5709332736575147,0.8720513065609214,0.2598763518328766,0.5849101208997968,31.322673413065864,0.35593947060302117,1.0454831663604967,0.13458530516512807,0.3146545654469951,1.2277089286703449,0.49532147163493645,0.23253179205821467,0.7120276927204087,1.104349507954001,hjorth_mobility,hjorth_complexity,2.6314637564288983,0.8087301431780017,-20.00751495361328,-67.87109375,22.4609375,-20.01953125,89.72375184384873,9.472262234748822,1595,eeg_baseline_level_6.csv,3,AF7,30.00390625,40.0
413.5938082951375,59.08482975644821,91.77908944821579,24.029886221688145,58.12622223097339,146.5173166484352,18.3146645810544,28.443305768901045,8.889251816848248,17.90664355171277,32.45405018897219,4.056756273621524,7.858605342578585,2.0887518103092626,3.1736941478747522,38.20302237632015,1.005342694113688,1.9008143807429247,0.37773243898230147,0.9807164674959579,71.82990671996127,0.8162489399995599,2.5010489278903223,0.20348164734936403,0.7323082643774945,1.3662953494383978,0.7098984924581137,0.22018365849793142,0.3323516959611625,0.6416102869472704,hjorth_mobility,hjorth_complexity,2.308611900598126,0.7655496409839968,-20.57647705078125,-123.53515625,78.125,-20.01953125,375.3382130526006,19.373647386400958,1595,eeg_baseline_level_6.csv,3,AF8,30.00390625,40.0
3693.3914386906367,527.6273483843767,1131.5170265603126,199.32202817828957,374.38168823426207,1507.3404073960573,188.41755092450717,349.00569808310604,59.53393616154002,156.4029842303078,199.3548831724249,24.919360396553113,41.235465336807934,11.568723196714123,25.972628533429916,189.00232652153332,4.973745434777193,16.72802790960843,0.6154856334309953,3.1113414081346367,223.21799568044975,2.5365681327323837,34.3470402569552,0.711151139146912,1.7161952656465087,1.412714139119355,0.8288753290355955,0.18110627866512463,0.21556639944245962,0.2744540743302548,hjorth_mobility,hjorth_complexity,1.5744556256952738,0.6789010628973954,-18.738746643066406,-366.69921875,280.76171875,-31.73828125,5588.465113214625,74.75603730277993,1595,eeg_baseline_level_6.csv,3,TP9,30.00390625,40.0
2032.4984029704751,290.3569147100679,366.9003130499541,203.048583477536,304.7961327538844,1071.7332435881872,133.9666554485234,224.31534431545077,57.604885657274366,107.5636692614771,192.46325934486003,24.057907418107504,42.29813912195016,10.546414463355198,24.236922529079642,165.18796124146414,4.347051611617477,12.267411703282876,1.006114420603512,3.145665802080547,311.7143119873624,3.542208090765482,29.57984144049999,0.7170821777422219,2.8305953912070048,1.3326666074066769,0.8910965764968775,0.24321640602520497,0.2767224524081685,0.5331576889647165,hjorth_mobility,hjorth_complexity,2.3484155540567144,0.772909393285217,-16.681480407714844,-344.7265625,154.78515625,-19.53125,2058.641279254516,45.37225230528584,1595,eeg_baseline_level_6.csv,3,TP10,30.00390625,40.0
2189.2074443014753,312.74392061449646,689.9092198807443,109.41461126480236,315.0897068730874,255.4353967903593,31.929424598794913,75.13125395415629,7.390120473500062,23.160740465316167,23.131863119806205,2.8914828899757756,9.158465669822455,0.5804467423640723,2.0577489396486293,34.23470057802657,0.9009131731059623,2.1295455480276635,0.32784619428523903,0.8105195513506845,47.425223256653396,0.5389229915528795,1.3265067529633199,0.12802881334202462,0.47649809288179257,1.6465177357208747,0.4107131981731784,0.05804523928188495,0.10487906834139446,0.15468691135440135,hjorth_mobility,hjorth_complexity,2.8216367673977096,0.7330883041700665,-21.79546356201172,-104.4921875,465.33203125,-24.4140625,2086.350868885347,45.67658994370472,1595,eeg_baseline_level_6.csv,4,AF7,40.00390625,50.0
140.7997541268689,20.1142505895527,40.42654789417339,7.105650091911574,16.10421501483162,43.83143461681314,5.478929327101643,11.07580339286766,2.183075470929679,5.459994217825393,14.74677287759696,1.84334660969962,2.4160340345891584,1.430290056407788,1.7509302706408199,44.366014025698384,1.1675266848867996,2.7746943562074318,0.3745168940017707,1.0157794300849647,56.90827625815487,0.6466849574790327,1.7941007452951128,0.2599912795427511,0.5905625810854234,1.1401235451037346,0.5374615814642203,0.2341909302128663,0.7562241752755037,1.0750494680391998,hjorth_mobility,hjorth_complexity,3.073726572635436,0.8212746482829303,-21.16107940673828,-99.609375,34.1796875,-20.99609375,159.52333105815342,12.630254591976893,1595,eeg_baseline_level_6.csv,4,AF8,40.00390625,50.0
646.8161437030011,92.40230624328588,103.14589356966061,71.9605245351502,94.4116583153764,401.2673299562448,50.1584162445306,71.93208934939463,32.82177627197737,49.57492667925028,135.36671900862467,16.920839876078084,33.264907899857086,6.816134811223258,14.477178800305428,84.93520376222077,2.235136941111073,5.885843970784072,0.5249310628064785,1.7705104911533907,99.54344243661822,1.1311754822342979,26.235374556439254,0.20170411588190676,0.7098293695694105,1.253610174572434,0.9426968707691313,0.41692810838747457,0.37977086792834147,0.44534504803505826,hjorth_mobility,hjorth_complexity,2.578392218484114,0.7179761017325845,-22.880935668945312,-252.9296875,86.9140625,-23.4375,634.9077388586011,25.19737563435131,1595,eeg_baseline_level_6.csv,4,TP9,40.00390625,50.0
577.1285221012002,82.4469317287429,98.18225161743823,62.14823670064215,84.7360626874095,355.54154576353284,44.442693220441605,67.83862781205362,16.376030289863657,43.064552946898715,111.15542461927373,13.894428077409216,18.583431836729567,8.340851150458516,14.676923602318816,89.26975110449459,2.349203976434068,9.458581108713009,0.27270107130083493,1.2743894169845946,101.60254691348959,1.1545743967442,24.387225344730744,0.2057654627344421,0.7414353409287464,1.2324865052151746,0.9175188366442728,0.38988640321694845,0.41163777199162804,0.4955729169556875,hjorth_mobility,hjorth_complexity,2.980851381232063,0.7351707256808944,-21.33312225341797,-247.0703125,74.21875,-21.484375,603.4436967092915,24.565091017728623,1595,eeg_baseline_level_6.csv,4,TP10,40.00390625,50.0
22.780134902869534,3.254304986124219,5.943813830722821,1.564784209214656,2.735781626107757,13.923028153934535,1.7403785192418169,2.308460106767283,0.7513781885123432,1.8849318259331915,5.21070144994744,0.65133768124343,0.8385827197833426,0.5108293596785289,0.6585158465200783,38.14940504829976,1.003931711797362,3.1485021885795197,0.2226890826429934,0.7300707389290176,51.325013344728994,0.583238788008284,2.0972899745748537,0.15270740815417863,0.5202039218127257,0.5758267890716442,0.41824259510911066,0.1929334034810671,1.2452077721242616,1.9016683660085996,hjorth_mobility,hjorth_complexity,3.533679901490235,0.8689184950980939,-22.71099090576172,-56.640625,33.203125,-22.4609375,79.68373825860908,8.926574833529884,1595,eeg_baseline_level_6.csv,5,AF7,50.00390625,60.0
206.58172141320532,29.51167448760076,45.48941534972535,7.034048365787384,38.29736931152581,71.28880727187259,8.911100908984073,16.92427305299585,4.454013036857044,5.9382258592310775,16.490252223852124,2.0612815279815155,3.9291993525476587,0.7517536668580586,2.0301983646757535,47.78845052708952,1.2575908033444612,3.763618785649344,0.2860490491254337,1.0146226986788107,62.16787130668192,0.7064530830304764,1.966066813215593,0.24899385794634332,0.6464299417065077,1.2277518575844903,0.6238123936729677,0.20247956980846166,0.629860095554102,0.9205187632607617,hjorth_mobility,hjorth_complexity,3.2064054174973973,0.8286518290212922,-20.606422424316406,-113.76953125,47.36328125,-19.775390625,233.68341757304734,15.28670721813718,1595,eeg_baseline_level_6.csv,5,AF8,50.00390625,60.0
583.920282129104,83.41718316130057,100.3945218853702,51.53693815555394,87.97375498389324,405.89169026082226,50.73646128260278,85.87004663759657,29.495606741203133,49.2081671473115,106.86216163560351,13.35777020445044,32.72773930185406,6.844080976181472,8.974082479763993,94.90474285495037,2.49749323302501,8.194555217296278,0.6117134521059983,1.6953389593590513,84.27753666457966,0.9576992802793143,24.87068099820511,0.17442057892274218,0.5300817756771077,1.2238590105895146,0.9909999861453965,0.3607299883851597,0.43875947721020403,0.4010706942481544,hjorth_mobility,hjorth_complexity,2.6358863845909637,0.6503830792568323,-23.41785430908203,-415.0390625,88.37890625,-21.484375,1310.349149243848,36.19874513355191,1595,eeg_baseline_level_6.csv,5,TP9,50.00390625,60.0
615.9247301130044,87.98924715900064,108.86378595493744,57.90601201424121,89.3806639068067,395.87963316589224,49.48495414573653,75.2710881741325,29.23760441830744,50.91602678258049,102.28888842115693,12.786111052644616,30.7345989094283,4.809792410131931,10.394180476361697,67.53587943487649,1.7772599851283288,5.854118293539606,0.3142915390227477,1.1418666189404576,69.12711331722443,0.785535378604823,23.654471179398215,0.1559719163199359,0.39308662805904465,1.278029092964732,0.9916701964064951,0.3521597692913156,0.3298054020744527,0.3332539596571183,hjorth_mobility,hjorth_complexity,2.852595164532167,0.6619183560847277,-22.81932830810547,-415.52734375,83.0078125,-19.53125,1356.910713329853,36.83626899307058,1595,eeg_baseline_level_6.csv,5,TP10,50.00390625,60.0
102.874308913432,14.696329844776,19.51912339804862,9.820814464974028,13.587144969043898,45.85961793174905,5.732452241468631,9.998467866820906,2.839961833605808,5.024920923034481,12.647736432788301,1.5809670540985377,2.656846330363082,0.7903806510891901,1.3730262303538034,34.965383756689796,0.9201416778076262,1.5955331601780074,0.5248938606127076,0.8820460540143344,61.798095531342,0.7022510855834319,1.2886401555614548,0.2082343853606535,0.6844236319183208,1.0873345427148133,0.6329439226640243,0.23577491153103594,0.7259764052991565,1.3405836608360882,hjorth_mobility,hjorth_complexity,3.0958397134457627,0.8277166662590948,-22.678184509277344,-74.70703125,36.1328125,-22.4609375,122.6498031974188,11.074737161550102,1595,eeg_baseline_level_6.csv,6,AF7,60.00390625,70.0
812.1890062795015,116.02700089707164,192.25701074270273,54.84647157164828,108.64198027961704,184.99240189892745,23.124050237365932,66.42064981728791,2.9218271273709306,17.02386125258332,15.000787713877342,1.8750984642346678,3.482313956319058,0.9082695703557605,1.4172697734307644,52.150807680931635,1.3723896758139904,2.517990021196767,0.39249957020145754,1.2804090170561369,82.79693081345852,0.9408742137893014,2.127944668420632,0.3055916989820595,0.8784737997763006,1.5190392397725432,0.5665511519773689,0.07959874103660586,0.29132042641342837,0.4898057148151939,hjorth_mobility,hjorth_complexity,2.4191776046497604,0.7740965715894804,-22.60875701904297,-170.8984375,73.2421875,-21.484375,511.99257195548853,22.627252859229035,1595,eeg_baseline_level_6.csv,6,AF8,60.00390625,70.0
3509.9738011231557,501.42482873187936,701.4066344478856,352.79509066246084,504.3206509879875,1945.301786542151,243.16272331776887,543.3140328229213,56.390865304007484,209.84610190946808,196.2800520108706,24.535006501358826,57.308731743422236,5.070875966663525,20.74088202113976,101.09869180034566,2.6604918894827807,9.25607568794347,0.8838236342750925,2.232861615515942,128.11212054587205,1.4558195516576369,25.452008751014763,0.3484461010237566,0.9635475138752784,1.4307322076579976,0.9581312300729028,0.17242525107899978,0.1269036057688392,0.16427956210462497,hjorth_mobility,hjorth_complexity,1.685021329746908,0.606360290467617,-20.60565948486328,-413.0859375,156.25,-18.5546875,2397.8585563236265,48.96793396012973,1595,eeg_baseline_level_6.csv,6,TP9,60.00390625,70.0
5758.068646939608,822.5812352770869,2175.982769457891,401.4616000091948,475.91051208647815,2084.872894718235,260.60911183977936,641.612422221235,55.338688043157134,195.74586719882075,168.57569745356247,21.07196218169531,51.82734289048255,3.4374756762462897,19.505054147115054,73.34794471161533,1.930209071358298,5.890148318642943,0.7007479038711315,1.4588403545701745,134.86384587743123,1.5325437031526277,22.673295607914564,0.2511605318680858,1.0873007952691787,1.3822844096928089,0.757683421792168,0.10908556083609808,0.06760387979448829,0.12257901509314917,hjorth_mobility,hjorth_complexity,1.53022934407462,0.6364211436172534,-17.746925354003906,-399.4140625,325.1953125,-21.484375,4824.884333902446,69.46138735947078,1595,eeg_baseline_level_6.csv,6,TP10,60.00390625,70.0
305.6912179539332,43.67017399341903,72.84271172842438,24.249481989890302,39.87028751381209,98.44607184548425,12.305758980685532,22.628445017631332,2.3887709952825893,13.27760257438963,12.972487609283878,1.6215609511604847,2.1799055987901306,1.159950553975759,1.621059629538542,54.41227318062095,1.4319019258058145,2.382920352023873,0.461827067633552,1.4368955223904316,72.85627442662172,0.8279122093934287,2.1704200260493183,0.28057105970217733,0.7949358587102964,1.338250022552557,0.6303204334310044,0.13223763274915595,0.5616950784174752,0.8188467767467351,hjorth_mobility,hjorth_complexity,2.9410477277734746,0.8109400367540651,-22.555923461914062,-142.08984375,54.19921875,-21.484375,244.26776202744804,15.629067855360026,1595,eeg_baseline_level_6.csv,7,AF7,70.00390625,80.0
1458.2541378675435,208.32201969536337,359.31094350796803,122.71327174579659,180.07501804803337,225.77819048007945,28.22227381000993,74.36616163622678,7.4857195900872,21.796679932252125,26.52603936886775,3.3157549211084687,6.979340080711967,1.630482210563487,2.92294615341817,87.32951815186347,2.298145214522723,5.354496378707142,0.904452301761967,2.304471941640915,104.40338991844841,1.1864021581641866,2.481068187171937,0.3581839563953133,1.180187161166224,1.5904511613850256,0.44558640871425287,0.08301764593306209,0.29022064213976717,0.3794043774060553,hjorth_mobility,hjorth_complexity,2.742029460480533,0.7635412487391751,-22.17578887939453,-243.65234375,119.140625,-21.484375,849.4960091411485,29.146114820695203,1595,eeg_baseline_level_6.csv,7,AF8,70.00390625,80.0
7588.357331155071,1084.0510473078673,1466.2087433038464,701.4871270034358,1070.119240457886,1382.1407950203043,172.76759937753803,453.4259948786978,76.31349433509135,125.01198990811486,217.0453283150382,27.130666039379776,53.56011539092352,8.757193960790797,29.209000146532393,157.8257786715675,4.15330996504125,12.570558251215889,0.5201818289249484,3.2451920620066934,164.89571787942594,1.8738149759025675,42.56013258424097,0.35473001272097177,1.0069748538328125,1.6898756881209418,0.5457095223032016,0.12786169064867836,0.12209135603505447,0.13056610361252802,hjorth_mobility,hjorth_complexity,1.8132775464468038,0.6282175293258404,-23.52619171142578,-470.21484375,219.7265625,-19.04296875,4174.633746697509,64.61140570129633,1595,eeg_baseline_level_6.csv,7,TP9,70.00390625,80.0
5206.185991309378,743.7408559013396,957.6344316915324,552.0026908830828,707.4703063988336,1248.4494217318952,156.0561777164869,359.386979043747,67.983176266711,135.17320041406077,193.6045808475528,24.2005726059441,47.20640237108288,9.454704365628887,24.27002995894413,125.07746786569584,3.2915123122551537,10.429024012591574,0.9679386895991886,2.6147010695059976,169.52793063641712,1.9264537572320128,43.846799994826014,0.29077475585493584,1.0821774443381855,1.647824588943264,0.6474506319786666,0.15231401488895197,0.1326551478288086,0.1768634422927463,hjorth_mobility,hjorth_complexity,2.343992925894649,0.6793108287108847,-28.052330017089844,-467.7734375,126.46484375,-22.4609375,2971.6430135522387,54.512778442785674,1595,eeg_baseline_level_6.csv,7,TP10,70.00390625,80.0
76.86506178024389,10.980723111463414,20.48569249066425,7.9226914029698685,9.757154269603493,36.313223743430015,4.539152967928752,7.792411200953513,2.5121914862309893,4.164885031121357,15.09516706094474,1.8868958826180926,4.115405731746539,1.1459551347129084,1.695624696813794,34.97612571077379,0.9204243608098367,1.7772781541106955,0.42627317828254896,0.8892980556849458,55.16753293344528,0.6269037833346055,1.5011596721274105,0.20730158605863921,0.575524498407217,0.9682155076471743,0.5871479467726421,0.2992950156174798,0.8042913081450878,1.3477765074504555,hjorth_mobility,hjorth_complexity,2.9985418938803243,0.8385597042670956,-23.187828063964844,-109.86328125,39.0625,-22.4609375,143.25340012874221,11.96885124515892,1595,eeg_baseline_level_6.csv,8,AF7,80.00390625,90.0
196.08906048431007,28.01272292633001,44.524766578332176,10.943314141333518,27.7053132765307,92.56651501038996,11.570814376298745,18.149473929365683,6.127156761962634,10.752689782930439,21.478473543930885,2.6848091929913607,3.508306855679143,1.9234981022330357,2.854673910702189,69.97760568452314,1.8415159390663984,4.709685031671601,0.6029692091217178,1.7485759166081523,104.595387871718,1.1885839530877045,3.1883673665774888,0.41053404061804066,1.0337857099404804,1.0669838020457318,0.6581099219358975,0.2138757809038923,0.7321839823310743,1.1837208082022777,hjorth_mobility,hjorth_complexity,3.272744839928378,0.844784817512338,-21.87061309814453,-133.7890625,60.546875,-20.5078125,268.69039920711657,16.39177840281879,1595,eeg_baseline_level_6.csv,8,AF8,80.00390625,90.0
1752.4926304693854,250.35609006705505,346.2513020811215,186.07860304947448,254.12876865663435,904.2967229329089,113.03709036661361,192.9489216133918,49.337099099800895,121.74188746169456,183.52242813561767,22.94030351695221,42.151260820843255,6.777664506706212,21.432195011861996,93.64607603877313,2.464370422072977,11.419707584469725,0.6413915885089072,1.9755044942719455,159.0803599701958,1.8077313632976795,43.15668394652715,0.25592270930548516,0.8684290997529099,1.3954761261883433,0.9321259546929337,0.2780968461385046,0.2051435640728345,0.3275576184117358,hjorth_mobility,hjorth_complexity,2.498784911566937,0.6915302322497889,-22.783470153808594,-321.77734375,104.00390625,-21.97265625,1806.4416959168739,42.50225518624716,1595,eeg_baseline_level_6.csv,8,TP9,80.00390625,90.0
1889.895432170842,269.98506173869174,374.2590446040674,217.0206868922868,242.10220689625046,1015.2130426146687,126.90163032683358,232.419527323162,50.15991002703108,126.36440909980126,185.44148302757708,23.180185378447135,38.9297358622554,10.394670771234669,22.974633911263574,99.39083644729952,2.615548327560514,6.316097122150181,0.7933143603429142,2.1897110789866128,240.269730382857,2.7303378452597387,46.87850227469883,0.38579648797321925,1.794533845615032,1.3582967629668217,0.9231984984516305,0.2571015045953596,0.19725775204976506,0.4432727531357187,hjorth_mobility,hjorth_complexity,2.6668447817254215,0.7247463710838489,-20.77007293701172,-313.96484375,128.41796875,-19.04296875,2037.342868243286,45.13693463498918,1595,eeg_baseline_level_6.csv,8,TP10,80.00390625,90.0
712.1643021796054,101.73775745422935,213.82470916286357,49.81141334749554,85.24399685622906,96.88520043274717,12.110650054093396,25.199443446829477,4.9489676993521385,10.821814651278375,14.047715975337596,1.7559644969171995,4.378938276751417,0.6937094994546796,1.4121865945484195,44.52526136543819,1.1717174043536367,2.579847306583354,0.40141398478561513,1.1308812264676416,51.04919893883495,0.5801045333958517,1.231770915986118,0.21665029976574127,0.5745481566755479,1.604319325163602,0.4300768261746627,0.09120884441770419,0.3117129641642953,0.39690147201064196,hjorth_mobility,hjorth_complexity,3.007387150204455,0.7236477181821867,-16.511917114257812,-92.7734375,394.04296875,-21.484375,1577.705117961159,39.72033632739228,1595,eeg_baseline_level_6.csv,9,AF7,90.00390625,100.0
192.76319058625256,27.537598655178936,39.80996271671616,16.54978195658114,23.994279471336956,121.15305079321533,15.144131349151916,40.597704070294895,2.4308761493526,11.52028293719098,24.545965824266887,3.068245728033361,5.277962419446631,1.8718431747419675,2.6613695957021797,56.609742876713064,1.4897300757029754,2.591512883202303,0.4962725515949479,1.43019219372787,61.56451352411438,0.6995967445922089,1.836808630969151,0.18087528790880017,0.6292493223864356,1.139940800102953,0.8028341337415039,0.2591370206926647,0.6850900781121201,0.8388742737979018,hjorth_mobility,hjorth_complexity,2.781833113939121,0.7474730594654946,-19.01378631591797,-114.2578125,45.41015625,-20.01953125,226.6092091667815,15.053544737595246,1595,eeg_baseline_level_6.csv,9,AF8,90.00390625,100.0
5948.236495990888,849.7480708558412,1283.6622020583693,517.0174007176047,849.41275889717,1560.1908784902862,195.02385981128577,533.2988667583626,51.52673763240086,150.85994719803722,212.5951148418218,26.574389355227726,59.24726206465927,8.195419879855715,23.717823766541265,118.8168598878242,3.1267594707322157,11.385244261118629,0.6458758255271219,1.8243851102247088,153.61974759844787,1.7456789499823622,43.371751408937094,0.1487572807512045,0.9290353068044872,1.6122613754688975,0.6637751357275194,0.14479228294578295,0.10993748718585619,0.13973121325079924,hjorth_mobility,hjorth_complexity,2.1980461965464917,0.6189975397624845,-24.296188354492188,-332.03125,182.12890625,-20.5078125,3715.802990918746,60.95738668052253,1595,eeg_baseline_level_6.csv,9,TP9,90.00390625,100.0
5757.589423670171,822.5127748100243,1278.4629865851316,380.3195505842975,752.2566383509069,1571.138077808093,196.39225972601162,528.7894263830759,42.24379592069267,154.93377243784212,219.49741647430844,27.437177059288555,58.72067825926573,10.50723993780596,23.283042208660166,89.99750191851251,2.368355313645066,8.947215062589812,0.6440721061815625,1.8041630635070587,150.33917773335088,1.7083997469698964,46.71545624911657,0.26182589898570074,0.8625917156887393,1.6017386090931232,0.6802989623827963,0.1532470561345174,0.08995205029384819,0.13874819158102755,hjorth_mobility,hjorth_complexity,2.4943622834048718,0.626405005382975,-23.443984985351562,-316.89453125,192.3828125,-21.484375,3544.357190694427,59.534504202978184,1595,eeg_baseline_level_6.csv,9,TP10,90.00390625,100.0
1447.3891895251738,206.76988421788198,330.5148635390186,79.56234589715667,186.62871383565707,153.5323689141991,19.19154611427489,46.652251857019195,5.077073361965229,15.599271852858957,14.061557331632395,1.7576946664540494,4.392023255256924,0.6037951820271742,1.4274509219636244,64.8910883358868,1.7076602193654422,3.827131949423837,0.7392986830225836,1.4705447275923307,50.749553455167046,0.5766994710814437,1.4123573619674983,0.13633959325778283,0.5473035719254227,1.6713034443884072,0.37130705583851453,0.05347964306053366,0.25043809129734335,0.22605531647617605,hjorth_mobility,hjorth_complexity,2.414754976487695,0.7429720008315166,-25.607681274414062,-375.0,63.4765625,-21.484375,1219.6466441673692,34.92343975279883,1595,eeg_baseline_level_6.csv,10,AF7,100.00390625,110.0
359.1304685438083,51.30435264911547,93.29699197780923,18.258430020775656,54.34553672046879,29.21041540877753,3.651301926097191,9.4524646939002,1.2624177678139246,2.1560466734654895,28.04984981497985,3.5062312268724813,4.095023214909779,2.7975244578088976,3.653659769933138,61.164677659917935,1.6095967805241562,3.463711878558415,0.5537356114262363,1.4179343674400782,65.94630291546535,0.7493898058575609,1.5433855010541886,0.18348447290878583,0.7134776791774754,1.4563028212140692,0.24464468361888037,0.24897743213266615,0.616728701458164,0.7546069338644791,hjorth_mobility,hjorth_complexity,3.4010010566282736,0.8254063006896034,-19.54631805419922,-185.546875,87.40234375,-19.04296875,376.0304825482308,19.391505422432544,1595,eeg_baseline_level_6.csv,10,AF8,100.00390625,110.0
3085.6104994398574,440.8014999199796,569.9968145040036,310.0521678203289,436.9262011955342,1279.4403268834535,159.9300408604317,283.38860028000704,65.74236190853517,144.53164366378192,204.73888771807597,25.592360964759497,58.56798433225246,6.454255335949369,23.159026054153095,74.57073744988779,1.962387827628626,5.686922196078104,0.5050022773970391,1.5878095832562842,162.71758841647048,1.8490635047326192,69.06050826496931,0.2632539353858114,0.6431684225110815,1.513601897408293,0.8699804006187226,0.21189176552132183,0.117351681017026,0.20651120991703453,hjorth_mobility,hjorth_complexity,3.157756507714678,0.7298047543826733,-19.548416137695312,-526.85546875,328.125,-18.06640625,3071.1120773048606,55.41761522571014,1595,eeg_baseline_level_6.csv,10,TP9,100.00390625,110.0
3151.051574262329,450.1502248946184,521.6960927572189,245.5243307764332,508.12548119991357,1286.288825612445,160.78610320155562,332.1033577892543,59.68885924850633,117.86673125645747,182.73482536221076,22.841853170276345,56.2931181643186,8.44460420350036,17.96856266118214,77.97999184043968,2.0521050484326233,6.440466247248139,0.8185988267386329,1.6285451162178535,178.17692493582655,2.0247377833616653,65.66567206087191,0.3174396308937186,0.8548599303590384,1.5163749821361905,0.8503335881717418,0.19183058511050577,0.12100069894432466,0.23323247685664794,hjorth_mobility,hjorth_complexity,3.3390842623593584,0.7505702188692794,-22.420310974121094,-528.3203125,311.5234375,-20.263671875,3026.599742261169,55.01454118922714,1595,eeg_baseline_level_6.csv,10,TP10,100.00390625,110.0
6044.85405033281,863.550578618973,2014.4303689472044,142.88011639101603,700.8384601926145,304.62105325312723,38.077631656640904,99.41132375370121,7.670504485987105,27.989129301907653,25.717991496352496,3.214748937044062,5.69893025714855,1.6382818307624252,2.8848064207721418,57.718975337810754,1.5189204036265989,3.583311071570469,0.8130932417041556,1.3079958535988498,94.38571725908568,1.0725649688532464,2.576931183701806,0.3443877444002473,0.963428997754304,1.6214843806298924,0.22482105636701147,0.029402637507444634,0.07264504225225103,0.12371155110384416,hjorth_mobility,hjorth_complexity,2.790678370263252,0.7454360967295582,-21.76342010498047,-591.796875,253.90625,-22.94921875,4523.486729558499,67.25687124419704,1595,eeg_baseline_level_6.csv,11,AF7,110.00390625,120.0
597.6286607603006,85.37552296575723,129.5699369308396,50.425084055623635,82.01756125683683,125.3735533916562,15.671694173957025,37.37782803469935,4.10855243534379,13.2407735493158,25.19203596713283,3.149004495891604,3.9629117866350407,1.8664417511798677,3.396773991959302,71.60466328007645,1.8843332442125382,4.378649636846637,0.9971339028311138,1.6933206630310593,92.2742340108405,1.0485708410322785,2.0635090720842886,0.4495406289524151,0.9505379745302828,1.4883793207850473,0.5121280983430372,0.15131392811792088,0.4649565785100603,0.6569242796983868,hjorth_mobility,hjorth_complexity,2.967583496745867,0.7901854418824817,-20.24211883544922,-179.6875,131.34765625,-20.5078125,465.930533791834,21.58542410497959,1595,eeg_baseline_level_6.csv,11,AF8,110.00390625,120.0
3044.4637997637465,434.9233999662495,667.1035788820386,196.83781018527972,460.06678590759503,1731.6944347464628,216.46180434330785,361.61536508626966,83.37331535716282,206.06276129918075,206.23282662050804,25.779103327563504,52.29231292372868,9.456226481104958,18.399237878539644,143.60611347679483,3.7791082493893375,13.095158096273426,1.020887954198308,2.691697675683061,160.3937042554832,1.8226557301759454,55.66354690991375,0.41502607693697235,0.851727598514827,1.4019286552753505,1.0033965842517656,0.19877100878197576,0.18817598979380928,0.2024704306780829,hjorth_mobility,hjorth_complexity,2.35283818221878,0.6784158615620642,-19.86675262451172,-430.6640625,267.08984375,-18.5546875,2769.3184441523044,52.624314191752696,1595,eeg_baseline_level_6.csv,11,TP9,110.00390625,120.0
97038.83975810016,13862.69139401431,22717.559912944707,7969.559780040646,14364.692165211056,28327.24789520061,3540.905986900076,6283.367446999397,1666.1360047396604,3174.5799268621313,7097.817873299457,887.2272341624321,2467.583605028362,449.03949475173914,657.209756348417,5858.698907917971,154.17628705047292,634.4892651476791,17.95363595510326,107.47504459858348,1743.2941099426157,19.810160340256996,70.90957195500975,2.706570484725568,15.624839666706013,1.5252246319209921,0.7059976590066355,0.23926726003904225,0.26123727328362445,0.1037624742895408,hjorth_mobility,hjorth_complexity,1.6275271636400581,0.47000869042682697,-14.783096313476562,-1000.0,986.328125,-34.1796875,73845.31752191832,271.7449493954181,1595,eeg_baseline_level_6.csv,11,TP10,110.00390625,120.0
24.299892803833593,3.4714132576905135,5.347045944375515,1.2709141078888408,3.3351596553278635,10.965175521949345,1.370646940243668,2.485640541285142,0.5327853311558933,1.2875460862501305,6.192621144965854,0.7740776431207318,1.1156589848213576,0.5729907572380439,0.6524188877068611,32.266638542735144,0.8491220669140828,1.8689025659694127,0.1932469432578825,0.7745268614701648,62.55005251123629,0.7107960512640488,1.9216416626048738,0.29259833593375695,0.6035785240612412,0.5905206992280954,0.3324167978030672,0.21316498596310918,1.073054702912508,2.160771014757532,hjorth_mobility,hjorth_complexity,3.816728103862419,0.8963169648360566,-21.311569213867188,-52.24609375,12.20703125,-20.99609375,75.65891006379388,8.698213038538082,1595,eeg_baseline_level_7.csv,0,AF7,0.00390625,10.0
143.1185357088542,20.44550510126489,31.84168629572824,7.403294777646149,17.584744058131868,52.46251007108075,6.557813758885094,13.39311452418989,2.4083816360110775,5.053312549489004,10.889333612383624,1.361166701547953,1.8182992651519916,1.112931104379068,1.3222613812817945,45.04859709839747,1.1854893973262493,2.5779943983092664,0.3525926470069994,1.0338190449091953,74.18100706217922,0.8429659893429456,2.714344148441167,0.2356785161067157,0.7284511260213609,1.1211508997335387,0.5714531331332563,0.1725049974763391,0.7160241122760898,1.2526021158365834,hjorth_mobility,hjorth_complexity,3.100262341607828,0.8446417858259423,-21.840667724609375,-93.75,31.73828125,-20.99609375,184.45634690579027,13.5814707195425,1595,eeg_baseline_level_7.csv,0,AF8,0.00390625,10.0
727.2544573358084,103.89349390511549,374.21888859203113,30.59883998150962,43.7837947297813,269.3054216559401,33.66317770699251,60.14954518505634,13.830295531046275,28.59951891333759,54.14541732603241,6.768177165754051,11.420024662799904,1.9979475629069539,7.030595180975325,73.96481056834538,1.9464423833775102,3.485358234409207,0.6547498864335274,1.9028578185109983,200.42611960089002,2.2775695409192047,88.76705782369822,0.2578452685308097,0.6823709838875045,1.1028526883144798,0.6816173497179889,0.1985913520004886,0.3365651696773043,0.6442052837335538,hjorth_mobility,hjorth_complexity,2.273230875301603,0.8604908649974844,-22.233009338378906,-128.90625,153.3203125,-26.85546875,1622.2628930336214,40.277324799862534,1595,eeg_baseline_level_7.csv,0,TP9,0.00390625,10.0
345.418575333533,49.345510761933284,84.30116539955895,19.125843009621533,49.367749319091885,198.79532538746807,24.84941567343351,42.314374816142426,12.132283509385367,24.02571433993283,42.58169475240064,5.32271184405008,9.219085257429752,1.9550617356496731,5.084009615693239,70.06207961544987,1.843738937248681,4.481897236158782,0.500127226913157,1.6435386202635045,241.21901117035503,2.7411251269358528,109.03536129874868,0.283928008659731,0.8354389611291323,1.069847100301517,0.7569496819304663,0.23452665313251037,0.46608301371888805,1.0307411415603085,hjorth_mobility,hjorth_complexity,3.8697996418072034,0.9143019552571136,-22.56183624267578,-218.26171875,73.73046875,-21.97265625,518.7703005140065,22.776529597680295,1595,eeg_baseline_level_7.csv,0,TP10,0.00390625,10.0
189.53207272473668,27.076010389248097,34.56967119194388,15.26493404671734,29.197408791941466,66.32450946711822,8.290563683389777,14.195995428015657,3.0849772902667882,7.599180257964736,16.572947787507715,2.0716184734384644,2.9541080838937788,0.9685474549844463,2.181468184732714,27.211353604911068,0.7160882527608176,2.076295711321954,0.3362216207367183,0.6572779030232528,38.785658254749215,0.4407461165312411,0.9779102591320922,0.1552013881360969,0.4038507487510321,1.3546344730269988,0.6815914031713239,0.23683536262733443,0.4671605429524883,0.7196617001782653,hjorth_mobility,hjorth_complexity,2.6933805506978135,0.7952330771237608,-21.306419372558594,-62.01171875,52.734375,-21.484375,152.2273724185652,12.33804572931083,1595,eeg_baseline_level_7.csv,1,AF7,10.00390625,20.0
510.04098006488465,72.86299715212638,130.77903896320697,41.80788462641846,67.93420276411248,131.75466742591155,16.469333428238944,29.131977440113474,9.008381107358856,12.196335679922523,35.971139014597696,4.496392376824712,9.038496266062918,2.894939511298109,3.5559427393986915,38.867579673682386,1.0228310440442734,2.293851268527545,0.35874317918765264,0.986457116228403,66.7941015641066,0.7590238814103022,2.193395055782977,0.24922326514097926,0.6985967928861901,1.462154892673407,0.6097912793647,0.22528233554446586,0.3119483059806774,0.5600284168260755,hjorth_mobility,hjorth_complexity,2.436868117298022,0.7574008469475216,-18.915748596191406,-106.93359375,83.0078125,-18.5546875,407.22724192164605,20.17987219785215,1595,eeg_baseline_level_7.csv,1,AF8,10.00390625,20.0
7010.661159133837,1001.5230227334052,2660.10570951546,353.17544395482764,473.6611070716395,1500.2375102568153,187.5296887821019,250.81939658530837,98.43207015095396,189.02455149655123,349.21014446946884,43.651268058683605,92.66628664636279,23.577882554206937,29.12101552149187,190.0643557194837,5.001693571565361,19.675770352680914,1.4368831931994035,3.562398903295237,287.14508819648836,3.263012365869186,76.78658631843908,0.36159798835562884,1.6532923383993716,1.3947135918552818,0.5855816370953997,0.18275066088183456,0.1388840006693101,0.20086889486903045,hjorth_mobility,hjorth_complexity,1.5523424848849467,0.7189571393752627,1.9062042236328125,-325.1953125,461.9140625,-13.18359375,9281.341951427748,96.33972156606924,1595,eeg_baseline_level_7.csv,1,TP9,10.00390625,20.0
3459.6954249011087,494.24220355730125,640.622476274564,359.1946424031942,499.48606452367324,1655.1452355643187,206.89315444553984,425.34589028538136,93.23604763942016,175.92613724605326,350.0965323371821,43.762066542147764,85.65309830771983,23.30648785432668,33.56111972170481,158.29059220499704,4.165541900131501,14.547867630684367,1.5687792646059182,3.2154749389594253,374.6915272701405,4.257858264433415,101.51040335812915,0.5733613136125046,2.3078121835682417,1.4000141368651413,0.8780035851212695,0.27296494199574706,0.18197589236908124,0.3836460224993943,hjorth_mobility,hjorth_complexity,2.627041128266833,0.7785313039664138,-15.616989135742188,-285.64453125,129.8828125,-13.18359375,2617.40007539629,51.16053239946091,1595,eeg_baseline_level_7.csv,1,TP10,10.00390625,20.0
92.83892535231601,13.26270362175943,21.179986308281396,9.001360474064697,11.719604385594522,43.50769174157142,5.438461467696428,10.037897688308469,2.661946750214404,4.613967940345985,12.892843567925341,1.6116054459906677,2.187942323299448,0.9404123445338731,1.5109183581793877,20.381081003380128,0.536344236931056,1.3243709870925202,0.19699709508028457,0.48639581745112126,27.82187125717456,0.3161576279224382,0.7741277564599931,0.10877814606412692,0.31668382157237845,1.2209725367745348,0.7526246919810781,0.3018223447013061,0.5824634126211434,0.8681245645679377,hjorth_mobility,hjorth_complexity,2.5430111931875907,0.7944481508512952,-20.914649963378906,-62.01171875,54.6875,-20.99609375,99.7999476021505,9.989992372477094,1595,eeg_baseline_level_7.csv,2,AF7,20.00390625,30.0
556.8807354228355,79.55439077469079,163.59014477877128,33.523091694956875,59.46466276390936,181.41107617311246,22.676384521639058,44.97843672581211,7.839476717664827,19.23860377547726,32.16586669711597,4.020733337139497,7.1127255486978305,1.6017998944179195,3.768703531440601,33.912169416621154,0.8924255109637146,1.4342093923053028,0.4646141774557209,0.8764254201820121,41.548233021877024,0.4721390116122389,1.0577523269947497,0.15717630617762535,0.4357061550086822,1.431631038067258,0.7328978699105001,0.19549510584048324,0.2666690908621303,0.35610567073981514,hjorth_mobility,hjorth_complexity,2.4324454891359566,0.7181210936359409,-21.17328643798828,-156.73828125,70.80078125,-20.5078125,419.10539144737413,20.47206368316038,1595,eeg_baseline_level_7.csv,2,AF8,20.00390625,30.0
1499.1566711796424,214.16523873994893,296.5919031907406,156.00332716536514,220.05332890756395,983.3458219176273,122.91822773970341,180.37299157612108,61.56780502274869,129.47795969761475,206.0971833196683,25.762147914958536,57.27522838817218,13.018710986881741,16.01820993148913,111.70952162511942,2.939724253292616,11.822906905724071,0.5819900866017544,1.9203134594226352,187.92841353601614,2.135550153818365,86.41720760388414,0.1821130600665208,0.6273678123641953,1.295947781872727,1.0132297370755001,0.31199421011023726,0.24417663017906777,0.3296840415156772,hjorth_mobility,hjorth_complexity,2.4899396552428064,0.7628743919934013,-43.404579162597656,-396.484375,57.6171875,-32.2265625,2338.6395963825635,48.35948300367327,1595,eeg_baseline_level_7.csv,2,TP9,20.00390625,30.0
1475.4030330324358,210.77186186177656,257.9301421850935,147.58920746177358,219.1378763658463,988.8001139107921,123.60001423884901,200.9588930654634,58.7692335709379,127.01399195216027,203.11120341989306,25.388900427486632,52.16703268748418,10.505594777151547,22.14835312158452,95.64564923601931,2.5169907693689293,8.67135021189184,0.5323092597778909,2.2604486094667555,272.0320671162125,3.09127348995696,127.78595582163409,0.18727339189723843,0.8530201941093121,1.272497916410022,1.0044269856997998,0.30458616611000683,0.212785867521963,0.42996565056938973,hjorth_mobility,hjorth_complexity,3.653090861866,0.8321948327191809,-30.31444549560547,-366.69921875,95.703125,-26.3671875,1691.413199841918,41.1267941838641,1595,eeg_baseline_level_7.csv,2,TP10,20.00390625,30.0
28.169418043476178,4.024202577639454,6.2291015496862085,2.1240232103507903,4.601780904936169,12.581082698326492,1.5726353372908115,2.943865771036079,0.7421745723694656,1.3436261647566132,7.06042177566823,0.8825527219585287,1.3077456087169255,0.3691633463360977,0.9019647161982964,37.53240982734429,0.9876949954564287,3.393065673355651,0.2851952422886325,0.8340275736506086,50.286512183883914,0.5714376384532263,1.3542813351287573,0.12277854410501376,0.5584768033584583,0.663731046549313,0.37483358775989806,0.2389213962431081,1.217498547628346,1.834039136602346,hjorth_mobility,hjorth_complexity,3.560215670462627,0.8699753230937478,-23.6236572265625,-61.03515625,30.76171875,-23.4375,77.28840224444866,8.791382271545736,1595,eeg_baseline_level_7.csv,3,AF7,30.00390625,40.0
140.78911968123245,20.112731383033207,34.26624868989921,11.744359183750296,18.147295250763854,45.72261369034285,5.715326711292856,9.087856805709125,1.1902988020703702,5.698989695343474,13.686742704118423,1.7108428380148029,3.3710670251999977,0.4593414053438113,1.3872725066091074,32.2831868386792,0.8495575483862947,1.847274787881909,0.25695308314558934,0.7490232053741925,48.43777975198134,0.5504293153634243,1.4488540392073062,0.21673059050779894,0.5022148043946294,1.2330309065035965,0.58371564655645,0.22670869667835747,0.6126207387497637,0.9951417134388534,hjorth_mobility,hjorth_complexity,3.131220738742286,0.8388552582019676,-20.44353485107422,-104.4921875,38.57421875,-20.5078125,158.28838917514076,12.5812713656109,1595,eeg_baseline_level_7.csv,3,AF8,30.00390625,40.0
285.22297642642235,40.746139489488904,55.11877058180742,28.538571148350236,37.07433033202205,244.72658572321293,30.590823215401617,51.07927349067572,15.70706542997118,28.43392968518111,71.4133810366989,8.926672629587362,14.194830788287257,4.623669384377882,8.808857289245097,74.61443434138694,1.9635377458259722,5.845731195934622,0.32311510387728914,1.3207106759258223,166.49523615129755,1.8919913199011085,83.06120388528967,0.14352716140884048,0.4590658182613089,1.00172343552262,0.9255554612445007,0.3715144715452132,0.5048112732475493,0.7632659374511432,hjorth_mobility,hjorth_complexity,3.405423684790339,0.848447199323805,-21.365737915039062,-263.18359375,90.8203125,-20.99609375,495.04329203045927,22.24956835604815,1595,eeg_baseline_level_7.csv,3,TP9,30.00390625,40.0
274.9914417716804,39.28449168166863,62.33223825084998,10.608513647801555,36.15963718519584,199.68111769876242,24.960139712345303,51.24097996799482,9.698500090867844,22.92145317802313,56.33003764160447,7.041254705200559,12.8306058211965,2.6774914063001645,5.804875093448854,51.00688826063719,1.342286533174663,3.984233435252651,0.3989053574694869,0.9709740386882681,233.5576214500495,2.654063880114199,130.57412618179663,0.17195665889337977,0.3880950475687198,0.9735084687095535,0.8121836172232901,0.31687018272253664,0.38348884852628773,0.8869785991321293,hjorth_mobility,hjorth_complexity,4.18822886947591,0.9376433680288442,-23.954200744628906,-252.9296875,87.890625,-23.4375,485.0343174985028,22.023494670431003,1595,eeg_baseline_level_7.csv,3,TP10,30.00390625,40.0
12.085471577700485,1.7264959396714978,2.941296363124664,0.8202785116922293,1.5953903360137065,8.099855388050582,1.0124819235063227,1.2244532685437088,0.8455356260751575,1.0089870154546592,4.648313830876015,0.5810392288595019,1.019148430878709,0.3084816522131555,0.5899343507032192,31.548563662325627,0.830225359534885,2.1826992818173285,0.18663834326212764,0.5998876358524448,43.85097308950121,0.49830651238069557,1.552731048437523,0.16781113079287202,0.465239496934493,0.4382821445879062,0.33816521662274224,0.214803469442462,1.3164030875708186,2.074395356302726,hjorth_mobility,hjorth_complexity,3.7680791940797,0.8840233625006552,-22.218704223632812,-50.29296875,6.8359375,-21.97265625,56.27516293316148,7.501677341312507,1595,eeg_baseline_level_7.csv,4,AF7,40.00390625,50.0
102.87983996963698,14.697119995662424,28.0696942912525,5.058741374622049,12.417573208772318,73.10477631418402,9.138097039273003,16.373098281405447,0.6544112937679213,10.269312171378537,12.464787499887994,1.5580984374859992,2.8115226116219794,0.28614196065946956,1.7698729818961771,43.06162372839957,1.1332006244315675,2.8229029163863193,0.32258180353465865,0.8849874350356066,60.44161979242181,0.6868365885502479,1.670300457165215,0.21933833731082594,0.6637580807596677,0.9580926739198277,0.7711221868209983,0.20782564682749124,0.7639205355220613,1.1824184771786963,hjorth_mobility,hjorth_complexity,3.533679901490235,0.8656255663313618,-21.642494201660156,-86.42578125,93.75,-21.484375,140.28684669028735,11.844274848646807,1595,eeg_baseline_level_7.csv,4,AF8,40.00390625,50.0
529.7230443855038,75.67472062650054,100.98948406161936,31.446295160374902,80.39988353401256,290.0867150851375,36.260839385642186,69.89577324242264,18.13053233876187,28.369701324084325,68.86691011450449,8.608363764313061,14.314078765078843,6.00973254745672,7.726280271963736,71.01103116372313,1.8687113464137666,4.7492813427166745,0.6564896967501909,1.6247239813475836,168.96127432729048,1.9200144809919373,84.14140460062767,0.19829025025014788,0.4374325078153821,1.2367144649959134,0.8515252688059479,0.29274371131884014,0.3917398201165393,0.6230439988694103,hjorth_mobility,hjorth_complexity,3.7371207969452422,0.8564927463315326,-20.66478729248047,-290.52734375,62.98828125,-20.01953125,511.4468204192235,22.615190037212233,1595,eeg_baseline_level_7.csv,4,TP9,40.00390625,50.0
417.941941230498,59.70599160435686,97.19075038250072,8.757257531574147,66.80564317504255,255.0031051873455,31.87538814841819,69.25279272389814,18.01525646423952,25.205083578246757,59.20969495371534,7.401211869214418,13.419701411331728,3.761024142477277,7.323853224339514,66.32479545849567,1.7453893541709387,4.896732232654908,0.42156318788782415,1.275364395557061,241.4187984390463,2.743395436807344,132.9227109256523,0.22041020192433583,0.5200623303477663,1.065456849879706,0.8205247276399754,0.27457944114283844,0.3901643434173654,0.7864179642642488,hjorth_mobility,hjorth_complexity,4.396092393092983,0.9285495484294626,-21.378707885742188,-258.30078125,77.1484375,-20.99609375,467.87654151557945,21.630454029344357,1595,eeg_baseline_level_7.csv,4,TP10,40.00390625,50.0
14.624740914668552,2.0892487020955075,3.253548059026933,0.9688786501712335,1.8457075180972653,9.88283550294,1.2353544378675,1.8328867762483882,0.7437793104144375,1.0556178979063633,4.973002536791542,0.6216253170989428,0.8038658832394068,0.4764303179599231,0.6276319012359158,27.22690548551609,0.7164975127767392,1.4757016698574335,0.2289586744780595,0.6937526747307663,45.73855907716502,0.5197563531496026,1.194832942773708,0.21212768480831357,0.45565952813642907,0.5005023500969712,0.3838075372384172,0.2248050879824361,1.1791523328651832,2.104022879448877,hjorth_mobility,hjorth_complexity,3.675204002676327,0.8645974321352156,-22.65491485595703,-55.17578125,27.34375,-22.4609375,68.5448740478023,8.279183175156973,1595,eeg_baseline_level_7.csv,5,AF7,50.00390625,60.0
58.49248263842644,8.356068948346634,14.855015866170115,3.530647872542348,8.836889404578757,15.6103681056716,1.95129601320895,5.0243891445116775,1.2120744642542887,1.3229061853997446,7.669682319039326,0.9587102898799158,1.4846749643432724,0.5311449237921629,0.9734037652196452,43.288919066562904,1.1391820806990238,2.734690378408923,0.2945204803767683,1.0124156904003925,54.9767728788938,0.624736055441975,2.2421477578515163,0.10797179002842454,0.5321466376046773,0.910493539722735,0.3518414284175233,0.20559579040783255,1.0942628294369343,1.563310361932988,hjorth_mobility,hjorth_complexity,3.3390842623593584,0.8480823756522714,-22.943878173828125,-81.54296875,24.90234375,-22.4609375,121.0013119271025,11.000059632888474,1595,eeg_baseline_level_7.csv,5,AF8,50.00390625,60.0
46.31298594848887,6.6161408497841245,9.849171112399617,4.48905303007158,5.638800283368155,40.541227184437915,5.067653398054739,7.470226590983947,2.6782796167400824,5.501013242366792,28.289167631776486,3.5361459539720608,4.609504016195027,2.4312671015584586,3.6621611799268505,81.95907585774964,2.1568177857302535,6.37198162223822,0.4065308402997607,1.8702080532159973,163.67976158543604,1.8599972907435913,81.91689102601902,0.11537374284862227,0.38925440373229125,0.49526467652353684,0.461334214509485,0.3516089336241718,1.095584871457509,1.3524860303385062,hjorth_mobility,hjorth_complexity,3.794614963052092,0.851215462363352,-21.825218200683594,-215.33203125,61.03515625,-20.99609375,402.2018602336175,20.05497096067749,1595,eeg_baseline_level_7.csv,5,TP9,50.00390625,60.0
60.803426898187254,8.686203842598179,18.863685519122257,4.847510692249034,6.831862380868555,25.762144651554035,3.2202680814442544,6.3583913805378325,1.5015933419066756,2.7815364481333544,22.906799336719182,2.8633499170898977,5.066984822102493,1.9300344344239402,2.6729888573945457,70.81688083353944,1.8636021271984065,4.165727181691026,0.5732785666762257,1.5180824297429574,240.57194273748598,2.7337720765623406,132.19017814973142,0.17603241398570746,0.45395852446006135,0.5301678004301783,0.28372998385753395,0.2611382489607345,0.8591334125739002,1.3858358260462427,hjorth_mobility,hjorth_complexity,4.263413548231022,0.922346767648559,-24.03583526611328,-251.953125,73.2421875,-22.94921875,534.2687433221727,23.1142541156355,1595,eeg_baseline_level_7.csv,5,TP10,50.00390625,60.0
70.1040859220721,10.014869417438872,14.470157635568999,5.979430246834408,9.387901172327789,24.809138456891503,3.101142307111438,6.693739821222035,0.8022011168302486,2.780828587901518,6.200428494786386,0.7750535618482982,1.25426295475829,0.48331703708214185,0.7479791873668036,32.80614366354647,0.8633195700933282,2.431658467542153,0.3327322731259428,0.7507585791526123,47.00213041188299,0.5341151183168521,1.534229981024711,0.13320173569167904,0.5277665690096709,1.0607837881012183,0.5029711372892992,0.17572522705971033,0.8988875574646112,1.4088699615220348,hjorth_mobility,hjorth_complexity,3.038345547338913,0.8477020387491642,-22.11151123046875,-52.24609375,20.99609375,-21.97265625,93.86790683493018,9.688545135103112,1595,eeg_baseline_level_7.csv,6,AF7,60.00390625,70.0
361.25670588398117,51.60810084056874,74.35075812861409,33.645179174274254,53.144588844708,95.70544568760688,11.96318071095086,31.13938829352856,4.447741202955338,9.03556310112471,18.189515300271545,2.273689412533943,4.05320381592031,1.0975144217804722,2.0599873550271988,32.67132614957096,0.8597717407781831,1.6823620559310906,0.344022036715669,0.8150275852319979,59.265904585123465,0.673476188467312,2.8130869744471867,0.1872162232712608,0.5783864898599491,1.4683024461256966,0.5941682022580173,0.16848040219061505,0.35685109285038424,0.6611483218879501,hjorth_mobility,hjorth_complexity,2.5651243339979177,0.8011354684279285,-21.256065368652344,-88.37890625,82.51953125,-21.97265625,272.86962689686334,16.518765901145986,1595,eeg_baseline_level_7.csv,6,AF8,60.00390625,70.0
4137.011176256298,591.0015966080426,874.8001454696484,314.08406527112777,556.6013979939141,1194.6723397328497,149.3340424666062,464.04471210235494,37.96099895872551,90.26177787152895,113.54572237578597,14.193215296973246,21.143197570011107,6.0145912983667404,16.616287404353184,113.50437724320511,2.9869572958738186,10.695319241942283,0.6787956787619769,2.3607578874520936,148.3261944882744,1.6855249373667547,46.507174675774436,0.25594038937565267,0.803281199194929,1.574300268663005,0.6754479349091657,0.1149077660288306,0.14188892489084667,0.17635550677115433,hjorth_mobility,hjorth_complexity,2.2157367091947533,0.6621904544854125,-20.12481689453125,-330.56640625,161.1328125,-20.751953125,2708.3584084175527,52.04189089971225,1595,eeg_baseline_level_7.csv,6,TP9,60.00390625,70.0
4383.065150085742,626.1521642979632,896.2818989824686,402.5797527878727,616.5456845851801,1154.1681869605054,144.27102337006318,442.3228107001562,26.517890102160525,106.40693648856725,97.13324103826517,12.141655129783146,19.756313973300713,7.286619176450253,12.326402242049266,85.57275518800823,2.251914610210743,6.39752964857854,0.5400952648701183,1.7300888935413314,187.83944939049212,2.1345391976192287,68.9630717098486,0.24585885154181047,0.8712871031167364,1.604788519584734,0.638215771543845,0.09757700248945086,0.10780639870585933,0.1990032511145164,hjorth_mobility,hjorth_complexity,2.896821446152821,0.7400556052307257,-21.14105224609375,-372.55859375,155.2734375,-19.53125,2705.011737998575,52.00972734016758,1595,eeg_baseline_level_7.csv,6,TP10,60.00390625,70.0
95.16742273724121,13.595346105320173,21.72835440272341,7.63013017376458,13.468051215667847,18.38253146927616,2.29781643365952,3.8742843543828362,0.7387880089012095,2.0931099905112696,6.417577150817506,0.8021971438521882,1.089556762927853,0.6021012669961592,0.7425910644321341,44.35624948810552,1.167269723371198,3.640528574888185,0.2199986595866588,0.946936217882885,57.94005659691858,0.658409734055893,1.2753095507797694,0.2829241919249115,0.6116192588547134,1.114072374573893,0.348474370202981,0.15235470465145703,0.9543585385124266,1.4146500864293772,hjorth_mobility,hjorth_complexity,3.343506890521424,0.8618300613739064,-23.418617248535156,-60.546875,32.2265625,-23.4375,114.53006150986766,10.701871869437966,1595,eeg_baseline_level_7.csv,7,AF7,70.00390625,80.0
209.25484172857668,29.893548818368096,49.28271696628653,7.530025219097321,30.916845737201527,54.16345018551295,6.770431273189119,10.021602159897405,3.1208293017426403,7.596077322519255,13.469240405942507,1.6836550507428134,2.1825461803511788,0.8202280896889393,1.811929272354839,52.48978489092148,1.38131012870846,3.0914007147285307,0.402342395442448,1.1180870221296173,79.65384772031852,0.9051573604581651,2.9997570246705205,0.21293602047205684,0.742490085413466,1.256098693921086,0.5173972687562562,0.17348114508999413,0.6839478014942724,1.1195465550428916,hjorth_mobility,hjorth_complexity,3.1533338795526125,0.8448817769135707,-22.081947326660156,-74.21875,62.5,-22.4609375,195.6100339521072,13.986065706699193,1595,eeg_baseline_level_7.csv,7,AF8,70.00390625,80.0
3980.0617911126797,568.5802558732399,1039.201651144214,118.62375639716477,472.61339085210534,1060.7112437220635,132.58890546525794,191.52594643096094,54.926065717652286,136.10760246615007,186.41319195387575,23.30164899423447,34.882688897727306,10.146306621830346,23.834656394027803,96.21158825472367,2.5318839014400965,9.36450317874175,0.5687965190451804,1.8334514220523799,130.76767320173448,1.4859962863833465,56.167319965600704,0.18102590055599654,0.5018706541805608,1.5380884668460704,0.7085731735882899,0.18366011233298024,0.12967609400773633,0.15516878948120547,hjorth_mobility,hjorth_complexity,2.883553561666625,0.6837181555794903,-24.704551696777344,-336.42578125,186.03515625,-23.92578125,2352.5099208563915,48.50267952243867,1595,eeg_baseline_level_7.csv,7,TP9,70.00390625,80.0
4117.271316194375,588.1816165991964,1037.779117763628,116.86496032461196,496.59585923487856,1036.510007225675,129.56375090320938,180.97441340191227,58.223099555301616,138.4733314930014,170.07632634344787,21.259540792930984,33.38444359181855,8.159139219907505,21.686812558277808,86.12921680148372,2.2665583368811504,7.715365098241872,0.6858010945923634,1.5511377479191366,181.5746938498373,2.063348793748151,87.70591314075301,0.16822387898701224,0.5432399278484549,1.5480806903520448,0.6856007195575267,0.16643883987533664,0.11612990553838198,0.18777709561403202,hjorth_mobility,hjorth_complexity,3.365620031331751,0.7486255365972269,-23.970603942871094,-333.49609375,193.84765625,-22.94921875,2410.7098046442843,49.0989796700938,1595,eeg_baseline_level_7.csv,7,TP10,70.00390625,80.0
42.288996012175936,6.0412851445965625,9.547529792547627,1.4172210273331338,7.2727339752198095,10.474831871841177,1.3093539839801471,2.1217127177834953,0.951141621085364,1.1592934863759596,5.105679865964716,0.6382099832455895,0.8378260966681446,0.4326082268738119,0.6446871297528917,36.62870570545618,0.9639133080383204,2.0719295909659454,0.3164188195519251,0.8624943000213481,51.39483512924548,0.5840322173777895,1.385623215114994,0.13962647377105894,0.5305589122617467,0.8354313636175057,0.3114205876927811,0.17514685471415253,1.1495875035285748,1.7750227144041513,hjorth_mobility,hjorth_complexity,3.1533338795526125,0.8490119152761352,-22.318649291992188,-56.640625,15.13671875,-22.4609375,91.32275459705852,9.556293978162168,1595,eeg_baseline_level_7.csv,8,AF7,80.00390625,90.0
337.21973762386887,48.17424823198127,83.51758062655051,16.768305573552606,47.91749394958331,58.17680922906429,7.272101153633036,16.009798784508686,4.106526413700595,6.253597226033038,13.113346108903201,1.6391682636129001,2.695936401784958,1.066503678675051,1.2458934522237497,48.60275086194218,1.279019759524794,2.4098356531427902,0.4055148974824283,1.2102258346795458,71.85515691098254,0.816535873988438,2.47443486859274,0.2555012248586064,0.7437902809877122,1.4133389722967598,0.45005424803258187,0.13770208295956926,0.5324669039094874,0.8403000586299748,hjorth_mobility,hjorth_complexity,2.8172141392356442,0.7993399298708024,-21.04358673095703,-129.39453125,58.10546875,-20.5078125,319.2647156174644,17.867980177330185,1595,eeg_baseline_level_7.csv,8,AF8,80.00390625,90.0
2119.635557977052,302.8050797110074,497.6032533620998,130.80021653763782,335.6647524239423,559.1610982919666,69.89513728649582,168.85657199679707,25.455453640998435,53.89666464094738,102.93945593349856,12.86743199168732,26.8063772571857,4.006666714507866,13.241270777469952,77.24295690263872,2.0327093921747035,5.893084957073027,0.6401917327204174,1.5058581033178375,146.80409259499356,1.6682283249431087,57.6798299357564,0.26520596377978645,0.6229032431268282,1.5523893916937723,0.6630303311763013,0.1791911541265835,0.18012949422895352,0.2860798438139943,hjorth_mobility,hjorth_complexity,2.640309012753029,0.7140679731820401,-24.39594268798828,-297.36328125,161.62109375,-23.92578125,2324.5911555932253,48.21401409956679,1595,eeg_baseline_level_7.csv,8,TP9,80.00390625,90.0
1178.3405557913936,168.33436511305624,254.20830497765272,106.03201980301348,142.90923612000148,530.59028898154,66.3237861226925,145.23128331141453,23.598117371474473,56.32682008749359,90.58535314306333,11.323169142882916,23.558569589020188,5.863066070492185,9.427303357282842,66.78559344328474,1.7575156169285457,4.779571022771424,0.5162206748983373,1.459853331281523,197.12782518663758,2.2400889225754272,96.02053848172672,0.14353314370138126,0.5655278741922216,1.3953825423455717,0.8440827691950776,0.22185884793386657,0.222504557074407,0.44516265056198645,hjorth_mobility,hjorth_complexity,3.144488623228482,0.800948037644004,-24.192237854003906,-294.43359375,170.41015625,-22.4609375,1931.9959592758096,43.954475986818565,1595,eeg_baseline_level_7.csv,8,TP10,80.00390625,90.0
277.12792289845527,39.589703271207895,67.58050534410023,16.24460238428791,36.78031772226364,48.93935349472737,6.117419186840921,9.934984023943466,2.5261435113363304,5.7680329530628445,13.312420709936479,1.6640525887420599,2.4759782254705005,1.056353113756189,1.784431271079223,40.03386234525013,1.053522693296056,2.259082166338394,0.16455229268793664,0.9804135335279679,55.033940966557736,0.6253856928017925,1.3918847808484187,0.17598815973258994,0.568780760265432,1.4089964479511679,0.4523293109777851,0.16176144244212412,0.5218638585525661,0.780463423175324,hjorth_mobility,hjorth_complexity,2.8172141392356442,0.8233652298449953,-21.645545959472656,-114.74609375,112.79296875,-22.4609375,326.17376036796486,18.060281292603527,1595,eeg_baseline_level_7.csv,9,AF7,90.00390625,100.0
290.1573578384731,41.45105111978187,79.9134157167669,18.443433323981996,26.440592700700908,93.10128856704462,11.637661070880577,22.96132412808362,4.4841942538773,9.927884470436176,16.441620364419617,2.055202545552452,3.4164089161296296,1.1794340073519267,1.6073974464809422,58.68541883741673,1.5443531273004403,3.6286015796015127,0.5340888471437427,1.4666986855293103,79.92290834288605,0.908214867532796,2.165269271697728,0.3941351266894023,0.8987097336591474,1.2547216128540246,0.6128261712766108,0.160842328940406,0.6032399150871244,0.8996860928468777,hjorth_mobility,hjorth_complexity,3.179869648525005,0.8184934799517025,-20.560646057128906,-109.86328125,55.17578125,-20.5078125,274.00935327023035,16.553227880695363,1595,eeg_baseline_level_7.csv,9,AF8,90.00390625,100.0
2796.1333325709734,399.4476189387105,531.3409766902473,217.7537393204665,477.65689657864357,791.7516717318613,98.96895896648266,160.0918147215708,37.76901724473319,110.53204713778916,146.74626833167173,18.343283541458966,34.12733248158253,5.720703699418935,16.971456168053425,113.44847743605723,2.9854862483172955,7.378520569691432,0.6472919278617582,2.837230721811176,165.83506616658934,1.884489388256697,61.60479462095808,0.18185957848224224,0.7898616492242918,1.5561306228083138,0.7071382544532093,0.18912556560428345,0.197178372656611,0.2549291806468883,hjorth_mobility,hjorth_complexity,2.7951009984253172,0.7169373012836641,-21.735763549804688,-298.828125,186.5234375,-21.484375,2083.660237112781,45.647127369778495,1595,eeg_baseline_level_7.csv,9,TP9,90.00390625,100.0
2803.1278148656374,400.4468306950911,539.5088642261746,217.539926207086,427.5374522888951,820.2667644332636,102.53334555415795,158.28202846692272,52.43393132733839,97.92935983589189,147.43150478209785,18.42893809776223,42.57634338476295,4.152647790724988,16.32202944495936,95.24875351587217,2.506546145154531,6.809319125151565,0.6979113281939452,2.1691463819513173,287.04523851072634,3.2618777103491627,96.26384735216828,0.4449622374567154,1.3627369380085042,1.5241794713508432,0.708289749041177,0.18305898903218518,0.16404988144973182,0.3994609782064539,hjorth_mobility,hjorth_complexity,3.4452273382489276,0.8127963901099774,-22.647476196289062,-302.24609375,175.78125,-21.97265625,2177.379687636858,46.66240122022074,1595,eeg_baseline_level_7.csv,9,TP10,90.00390625,100.0
809.8071389126936,115.6867341303848,174.6493731033457,42.86181286182961,112.87466965983755,99.08606169494466,12.385757711868083,26.336409078332778,6.980653630136387,9.458961932311304,48.06351662917116,6.007939578646395,8.859916981261021,4.1261616824303005,5.479572640324939,50.00400415127077,1.3158948460860729,2.745858313185076,0.6016060281791324,1.3562525285009597,63.212600867767215,0.7183250098609911,2.006937418196411,0.21863022057819959,0.6884485630703634,1.5735937635837214,0.39198560751382083,0.22416362439413182,0.3004206405020649,0.4141829976364131,hjorth_mobility,hjorth_complexity,3.171024392200874,0.7945471417214813,-22.718429565429688,-242.1875,107.421875,-21.97265625,571.246266918024,23.900758710091697,1595,eeg_baseline_level_7.csv,10,AF7,100.00390625,110.0
10383.572639682894,1483.3675199546992,2136.1751761773858,923.858024453415,1503.1999046309597,2353.6700408197516,294.20875510246896,706.6902826018719,101.63586693325712,264.98018598885585,272.32653897136026,34.04081737142003,69.57611699013606,12.925231448722755,31.943257505323785,158.39984037070897,4.168416851860762,11.028080567233998,0.9662440652291973,3.5181818589989384,70.45695665255698,0.8006472346881476,2.0516130476793206,0.24884077258573323,0.7482486398236489,1.6609478692110087,0.6344550504361954,0.11750753298777036,0.09279947028732206,0.05021576444023906,hjorth_mobility,hjorth_complexity,2.812791511073579,0.6074542031837328,-22.807693481445312,-305.6640625,903.80859375,-27.83203125,7065.147807443282,84.05443359777806,1595,eeg_baseline_level_7.csv,10,AF8,100.00390625,110.0
4767.501744470621,681.0716777815172,909.0534323508735,537.4634027878902,641.6370341696364,1999.3250097536538,249.91562621920673,494.15083865730656,69.24025440122958,247.90335939792493,183.9331473071802,22.991643413397526,45.6779942026801,6.906498732027668,23.057720969164322,119.57449363077728,3.1466972008099283,8.901242895096363,0.935973068634591,2.272572810571143,155.37937174310764,1.7656746788989504,60.77141247779587,0.13402624437220767,0.7059185265820997,1.5190260797278043,0.8639778611573263,0.13844800485209358,0.12156698515592362,0.14199258989203334,hjorth_mobility,hjorth_complexity,2.6579995254012907,0.6482931166302365,-21.149063110351562,-475.5859375,174.31640625,-19.04296875,3267.6419940253254,57.16329236516495,1595,eeg_baseline_level_7.csv,10,TP9,100.00390625,110.0
5121.428081977301,731.6325831396144,1053.7920477868201,490.3455655139508,701.4718622867326,1786.0447342045416,223.2555917755677,456.6267885840419,65.62073140250351,210.25995013805817,171.64320883884466,21.455401104855582,46.185084173879915,6.900221055717969,19.716860369842664,95.55667473492294,2.514649335129551,6.499107767766782,0.7545194773196463,2.1347671546109304,204.78833486403093,2.3271401689094424,91.18359971771503,0.30421011158142147,0.7759846363551836,1.5545996704549097,0.787285756619283,0.12901204947154343,0.09923456687127767,0.16838627787348437,hjorth_mobility,hjorth_complexity,3.157756507714678,0.7215889777591836,-23.38695526123047,-470.703125,175.29296875,-21.484375,3327.949677441211,57.68838425056825,1595,eeg_baseline_level_7.csv,10,TP10,100.00390625,110.0
244.27318495409713,34.89616927915673,78.25418054953548,6.4817181018207215,24.4000998686903,39.676990047007706,4.959623755875963,6.413210849655699,2.9767480293161315,5.198760857331234,18.817091786422633,2.352136473302829,3.6312082987824104,1.257405492919829,2.0369605857083233,53.4363038445681,1.4062185222254764,2.3253173962887757,0.5915362429114455,1.380318962364122,90.77624673810224,1.0315482583875255,2.6561829644323964,0.29108344282544807,0.9777964776771559,1.1622862003597807,0.36612318267700084,0.20066756075876463,0.6260502116811231,1.118203156062259,hjorth_mobility,hjorth_complexity,2.918934586963148,0.8625098034923313,-22.07183837890625,-99.609375,52.734375,-22.4609375,236.91452806815505,15.39202806871645,1595,eeg_baseline_level_7.csv,11,AF7,110.00390625,120.0
637.7277135341349,91.10395907630497,141.72636746645574,36.90341863368146,86.75766191222564,252.9171167381995,31.614639592274937,54.086926710239105,13.027511446626464,30.058660661777655,38.29445538787425,4.786806923484281,10.474230212406738,1.0453734688040224,4.758021165187075,59.65935173375805,1.569982940362054,2.938222321313516,0.7052703020636879,1.4577940253570487,80.3343241598375,0.9128900472708806,1.773945162386963,0.33589118569466136,0.885760437431461,1.398074933510324,0.7883957963121517,0.18352765292562076,0.35212240863481037,0.5130163272906825,hjorth_mobility,hjorth_complexity,2.803946254749448,0.7542293810026768,-21.06781005859375,-150.87890625,114.74609375,-20.5078125,492.80028557404876,22.199105512926614,1595,eeg_baseline_level_7.csv,11,AF8,110.00390625,120.0
2863.1558092200885,409.02225846001267,586.4532687898139,210.08069727195283,453.345288434917,1489.892090299767,186.23651128747088,303.0473321265363,68.97938565651505,213.96174112755762,249.25561365260336,31.15695170657542,74.83090355210483,10.076557070148827,20.11048336937216,130.95590197249132,3.4462079466445084,9.45180346736737,0.8031557866187247,2.7897981653449344,149.15171447508402,1.6949058463077729,38.11920743487764,0.2357491924610303,0.9804168700771398,1.410881875810698,0.9569815419351049,0.2442888736154882,0.18761936322335718,0.2161854222445251,hjorth_mobility,hjorth_complexity,2.684535294373683,0.6479744462560008,-22.127342224121094,-394.04296875,249.51171875,-20.5078125,2389.6003214395023,48.88353834819552,1595,eeg_baseline_level_7.csv,11,TP9,110.00390625,120.0
3009.00119080051,429.8573129715014,681.3477821144268,247.91527165693222,391.9760070553438,1447.5128907895337,180.9391113486917,277.70307013869035,57.9177482344218,197.27321983170143,269.96669226715863,33.74583653339483,80.23067482721449,10.86633887677538,18.62237645508974,113.1643477565052,2.9780091514869786,9.775249563423444,0.7966921236552484,2.4834125417863335,189.67252227667126,2.1553695713258096,69.99835667238483,0.2442518408622213,0.9024766201631875,1.4193533349476337,0.9121096775408406,0.25280165773992835,0.1608250217753687,0.23690534782738729,hjorth_mobility,hjorth_complexity,3.0693039444733707,0.6983378478213139,-22.400856018066406,-399.4140625,257.8125,-20.5078125,2436.529867372883,49.36121825251969,1595,eeg_baseline_level_7.csv,11,TP10,110.00390625,120.0
281.182972358951,40.16899605127872,65.82646036184846,24.128075640962816,39.71191813894248,94.90478800910142,11.863098501137678,25.019100598968137,3.159897708313539,9.34832234506572,18.010102590680845,2.2512628238351056,3.77884444900432,1.0018879309558042,2.2112300289035245,32.7127563227404,0.8608620084931683,1.562124339620967,0.37753482793844156,0.8619106016227297,43.262339333213085,0.49161749242287595,0.9620855311297567,0.11661621208031711,0.47678113204847217,1.3989050811292043,0.6739706228918763,0.19534871950012175,0.4207563445773556,0.6024900005279642,hjorth_mobility,hjorth_complexity,2.768565229452925,0.770557700951656,-21.399497985839844,-127.44140625,94.23828125,-21.97265625,228.1285493154428,15.103924963910632,1595,eeg_baseline_level_8.csv,0,AF7,0.00390625,10.0
124.59456484542048,17.799223549345783,27.391675987292913,9.209370653904557,19.386135923381303,53.13497968864931,6.641872461081164,11.610669081088718,3.3100510232553186,6.469939020968516,16.425010765897493,2.0531263457371867,4.405060871748957,0.7544116071152438,1.6275251307641514,46.69062681459693,1.2287007056472876,2.381531507528583,0.5758878419092539,1.1158975193818113,52.450664103399994,0.5960302739022727,1.3291734054014723,0.12972524364685892,0.5538663270583004,1.125349427559907,0.6448583162457864,0.25924733204290296,0.8243305079450056,1.0433949838120373,hjorth_mobility,hjorth_complexity,2.9543156122596708,0.8053830287875214,-19.18354034423828,-122.0703125,45.8984375,-19.04296875,148.52032294584205,12.186891438994689,1595,eeg_baseline_level_8.csv,0,AF8,0.00390625,10.0
2880.5068863350007,411.50098376214294,635.0146701314547,250.940526179353,397.7513211141111,947.7157865508018,118.46447331885022,261.33386824679036,41.98627474007472,108.96283766106694,150.90226298753356,18.862782873441695,31.178063863217712,8.014923461513256,16.436937179936983,108.2085765671395,2.847594120187882,10.167488631640355,1.2760074858110886,2.077831990151746,206.3337816205264,2.3447020638696183,84.04641449860921,0.19167496543354617,0.8935246157432151,1.5312466976891814,0.7498456319494836,0.18411470827498816,0.17671045181835995,0.27966681969052243,hjorth_mobility,hjorth_complexity,2.790678370263252,0.7752135056996896,-20.930862426757812,-342.28515625,124.51171875,-17.578125,2190.6219712400343,46.804080711408425,1595,eeg_baseline_level_8.csv,0,TP9,0.00390625,10.0
2803.0894217993314,400.4413459713331,559.0966856425893,169.25662168429568,422.02569139066,1063.3250331987197,132.91562914983996,346.5245046832202,39.69437370749475,102.42801656724603,135.87800463274033,16.98475057909254,31.440297274181805,5.671597713421683,13.760321142837078,85.60899227511845,2.252868217766275,7.821575243700577,0.8626540537400149,1.7687715249758877,310.87773730998504,3.532701560340739,154.75483256836526,0.3838158168029487,0.8267045155771247,1.488092672211098,0.7853242955429152,0.16628755091017708,0.14323457208401072,0.3493935656311973,hjorth_mobility,hjorth_complexity,3.8830675262933996,0.8746267026752392,-20.490455627441406,-360.3515625,114.2578125,-18.06640625,2108.1581493126578,45.91468337376027,1595,eeg_baseline_level_8.csv,0,TP10,0.00390625,10.0
571.9961457481828,81.71373510688326,150.96174515125148,33.07890934501813,80.17735614313148,65.68078071926993,8.210097589908742,22.000231683101546,0.9578405744817418,6.816744802419997,15.622281291421277,1.9527851614276597,2.5115789739298027,1.4694696151300677,1.9001272466696018,30.51541172926973,0.8030371507702561,2.1946946815710393,0.2232893215766761,0.6909579507643573,38.86936190105229,0.4416972943301396,0.9710162391558277,0.09525134864919375,0.43081184637447123,1.6108039130501113,0.3640180238555667,0.12299722578427244,0.2730408530586277,0.37933273972973014,hjorth_mobility,hjorth_complexity,2.330725041408453,0.7567602313012968,-22.052001953125,-163.57421875,54.6875,-21.484375,324.8114511370659,18.022526214076258,1595,eeg_baseline_level_8.csv,1,AF7,10.00390625,20.0
1532.0833099760287,218.86904428228982,372.9838515509146,80.10681743726991,178.08350948330101,199.60994092751295,24.95124261593912,55.77643588999592,8.33568488034955,14.928898125299066,38.38599444379982,4.798249305474977,8.40606512581398,1.7910327066922678,4.513498162089257,45.86032847938061,1.2068507494573846,1.814203484545195,0.41122960181887314,1.26587984738459,50.246853348688205,0.5709869698714569,1.5618317773939292,0.12108247948653111,0.5230571608110954,1.5960294127416106,0.4128889847018743,0.1134333787819252,0.16804564131041377,0.2019175356382813,hjorth_mobility,hjorth_complexity,2.1007483769810533,0.6693760925115018,-20.309066772460938,-206.54296875,99.609375,-19.53125,882.659654453164,29.70958859447845,1595,eeg_baseline_level_8.csv,1,AF8,10.00390625,20.0
6051.040433711761,864.4343476731086,1178.7387865376256,557.1185820125027,979.4211324306523,1845.6766171557952,230.7095771444744,511.3057072372202,106.53643874048699,180.46442985949807,247.3442930890518,30.918036636131475,80.10563515211828,13.753833182769592,23.282768491550215,161.74227435933912,4.25637564103524,14.050045485168589,0.6572689407775167,3.5929832685212615,222.65135435084665,2.5301290267141665,83.73739281188458,0.4014846728803802,1.0962653443236592,1.5627656636994522,0.7259298829645017,0.15283233349521894,0.1347707974274775,0.16913331094342623,hjorth_mobility,hjorth_complexity,2.640309012753029,0.6812852368564779,-18.920516967773438,-473.14453125,255.37109375,-17.578125,4106.774646643316,64.08412164213001,1595,eeg_baseline_level_8.csv,1,TP9,10.00390625,20.0
6006.2683465466225,858.0383352209461,994.4311177526803,675.3753990503113,886.5087416134511,1786.9098667174067,223.36373333967583,518.7938505594374,89.50320584450986,168.90546579522623,231.9236461697845,28.99045577122306,78.20748330706064,16.65892961637631,23.569199689628164,141.0010753679965,3.710554614947276,11.30476927639645,1.1388490458878449,2.8338699718532454,331.9668096174446,3.772350109289143,146.9365515752618,0.5003531433587141,1.2487588761475328,1.5760132224473766,0.7060274224848162,0.14543546667250268,0.12043127719085449,0.2235923129734673,hjorth_mobility,hjorth_complexity,3.263899583604247,0.760528671489943,-21.62761688232422,-468.26171875,291.015625,-19.04296875,4002.3072331314324,63.26379085331065,1595,eeg_baseline_level_8.csv,1,TP10,10.00390625,20.0
178.3583032060975,25.47975760087107,52.1474335040001,9.736312380373782,18.534645177028025,44.278145696802305,5.534768212100288,10.341725539082836,3.0007447024216325,5.243657030235756,15.317611634291682,1.9147014542864602,2.7462960282704034,1.2630758670817697,1.8593405243369654,21.000238561263807,0.5526378568753634,0.9624026349405648,0.23450578977045508,0.5588914154565072,23.367721219448534,0.2655422865846424,0.7136338453185278,0.1055828701320079,0.24509677016222364,1.3945375849039907,0.5834111994782057,0.25877856402248983,0.4417233207598023,0.5476883653600655,hjorth_mobility,hjorth_complexity,2.2776535034636685,0.7671704949243434,-21.9757080078125,-65.4296875,28.3203125,-22.94921875,137.6770343631506,11.733585741926916,1595,eeg_baseline_level_8.csv,2,AF7,20.00390625,30.0
534.8896083521702,76.41280119316717,126.87411463028808,34.84551782478173,75.2979467229812,112.53717282406832,14.06714660300854,30.591990327245966,8.479635655699212,12.861051302805901,34.1341611877407,4.266770148467588,10.590721226116633,1.1867635881378433,3.3855370061623815,57.27262770555026,1.5071744133039544,3.960845045352686,0.6284884640437265,1.3785117641793807,83.563882735687,0.9495895765418978,2.712043510432429,0.17995144717136663,0.8751275785923806,1.449216464326689,0.5219939917650303,0.2018260689642139,0.4141818362622156,0.6490047171217164,hjorth_mobility,hjorth_complexity,2.768565229452925,0.7999672030618208,-21.600341796875,-150.390625,118.1640625,-20.01953125,464.584082365036,21.554212636165488,1595,eeg_baseline_level_8.csv,2,AF8,20.00390625,30.0
2173.973785469955,310.56768363856503,761.0189191075065,189.06033154965027,228.36090508597914,1159.8453399600482,144.98066749500603,289.1055305156846,54.11424101837343,105.89224552711761,289.23324565091275,36.154155706364094,68.85550205653391,15.106154630842335,35.322809205127726,175.53945313826011,4.619459293112108,13.013058346001682,1.4286494183941807,3.5340347563483245,288.0855584129203,3.273699527419549,91.97603212689744,0.34423601200671355,1.6521828394076534,1.2597669926911472,0.8841600619435281,0.31390270709301005,0.2739177436077804,0.41133024291916565,hjorth_mobility,hjorth_complexity,1.8442359435812616,0.7764696878163907,-26.77745819091797,-409.1796875,160.15625,-29.78515625,5435.877820091264,73.72840578834771,1595,eeg_baseline_level_8.csv,2,TP9,20.00390625,30.0
2030.538209810145,290.076887115735,473.3020553224708,188.74440952901614,245.96140467592102,1097.6328223732105,137.2041027966513,264.60593813607323,51.928120609282836,99.70216063909567,257.69199780540913,32.21149972567614,51.70169582160041,15.601770701841199,32.83346015248516,197.17745106531257,5.188880291192436,15.365136645240888,2.2178169011045403,4.69662239427999,506.3215913804705,5.753654447505347,142.16603153934977,0.9011566025928671,3.1384520057519856,1.2546555276094997,0.8530526574455584,0.2914368792159228,0.30676399180671937,0.6751167160429148,hjorth_mobility,hjorth_complexity,3.1621791358767433,0.8476860518476222,-18.71776580810547,-300.29296875,124.0234375,-17.08984375,2032.4771705418243,45.083003122483134,1595,eeg_baseline_level_8.csv,2,TP10,20.00390625,30.0
43.05444229376664,6.150634613395234,7.377788556269762,5.236774080494582,6.134730627476859,18.03222830316211,2.254028537895264,5.828073314256379,1.0821062151563456,1.8071568037884915,8.645063944485742,1.0806329930607177,1.7359139887602768,0.6559884326323204,0.935754362248088,25.21354755162064,0.6635144092531747,1.9285983916927039,0.15398215889382363,0.5550234355922199,30.433857219143732,0.3458392865811788,1.1204911556411712,0.08102620646607311,0.3197766116243571,0.9857727983642074,0.5239873428604693,0.3068501597400309,0.9624725568843828,1.3264324703585038,hjorth_mobility,hjorth_complexity,3.2594769554421816,0.8233480224283988,-21.776580810546875,-54.6875,26.3671875,-21.484375,62.659307732246816,7.915763243822216,1595,eeg_baseline_level_8.csv,3,AF7,30.00390625,40.0
196.87542031737496,28.12506004533928,44.91006404790112,11.778932513536894,26.452640139254086,52.65022181332147,6.581277726665184,11.571101154286842,2.797252910524172,5.928428111936218,19.168287862893614,2.3960359828617017,5.501799248418438,1.1993189499544745,1.7371662587313423,37.56825757722646,0.9886383572954331,2.2170117194410492,0.3679405787267331,0.8955220582331347,50.31740518357153,0.5717886952678582,1.6833706583268588,0.1515958757403016,0.47717568792565934,1.319902164606832,0.5586169446820616,0.2527906381461128,0.5891494738542803,0.8547041018844281,hjorth_mobility,hjorth_complexity,2.9852740093941286,0.8239108143951811,-20.73650360107422,-88.8671875,38.0859375,-20.99609375,166.48987653752556,12.903095618398151,1595,eeg_baseline_level_8.csv,3,AF8,30.00390625,40.0
672.4647182015995,96.06638831451421,143.8391450425435,31.39331435116985,109.69359490534414,494.8655140099123,61.85818925123904,80.03165332517905,37.08094166500939,69.55238867459292,149.21749622579227,18.652187028224034,35.80402505700238,9.107941090114233,17.725709759826195,87.467768957247,2.301783393611763,6.404074369490009,0.2096702047715253,2.113992913719052,166.40873137791158,1.8910083111126317,86.42711624182576,0.12235346499036732,0.41088566256704756,1.1546623744691842,0.9984596643205148,0.4083950902964162,0.34831750321780947,0.46507997256468747,hjorth_mobility,hjorth_complexity,3.582328811272954,0.8303719672349955,-24.8809814453125,-257.32421875,79.1015625,-24.4140625,712.7215247601271,26.696844846538085,1595,eeg_baseline_level_8.csv,3,TP9,30.00390625,40.0
772.2730568527423,110.32472240753462,177.44781602406692,33.07803941647925,102.84628528478954,539.0984025469121,67.38730031836401,106.04273804165781,29.83846010933839,70.03008370785717,137.72781732761922,17.215977165952403,27.974773385905035,6.615495182003065,15.570395652542262,81.35791783212824,2.140997837687585,8.191830116392858,0.49071355920175574,1.2391439294480726,265.33226741075435,3.015139402394936,147.55286524067708,0.14221186266877042,0.5362472673323233,1.1505542661900714,0.9628911393720736,0.3442876838021348,0.2877844318721658,0.5645028186495,hjorth_mobility,hjorth_complexity,4.161693100503518,0.9141917528664422,-23.436927795410156,-290.52734375,93.26171875,-22.4609375,812.0465089086792,28.496429757228874,1595,eeg_baseline_level_8.csv,3,TP10,30.00390625,40.0
115.2892545928001,16.46989351325716,24.319869397190455,10.976773615754267,16.700930351526768,36.84953921970981,4.606192402463726,7.992447777119935,2.427522178360525,4.140795422258423,12.54021998015801,1.5675274975197513,2.5245349678883016,0.7821220039897846,1.4495881599722469,25.299035708389468,0.6657640975891965,1.3110378874501292,0.2481868954984573,0.6462443700996656,33.258751958508356,0.3779403631648677,0.877960314953433,0.13855856580732143,0.354887834837053,1.2954219160375273,0.609904916230082,0.2650585440079318,0.6288930926513145,0.9083482596121244,hjorth_mobility,hjorth_complexity,3.029500291014782,0.807002660387375,-21.207427978515625,-56.15234375,58.10546875,-21.484375,107.00323095079511,10.344236605511067,1595,eeg_baseline_level_8.csv,4,AF7,40.00390625,50.0
392.175171999881,56.02502457141157,81.00328788471215,31.963423175598038,49.15313910396933,117.07011717789369,14.633764647236712,33.594487408289666,5.488854969874065,10.900610037483332,20.920961422627606,2.6151201778284507,4.775147117900341,1.1047008558548783,2.0808772478933344,39.742210977511185,1.0458476573029258,2.1331807347744753,0.4626650894797765,0.9461911547382906,43.774734312342886,0.4974401626402601,1.2079600927205816,0.13564653372655178,0.4424320267106533,1.4688302424749224,0.6608887262507374,0.17816520070948566,0.3981358280586846,0.4884417939941491,hjorth_mobility,hjorth_complexity,2.6226185001047675,0.7424575160946243,-20.099258422851562,-143.06640625,67.87109375,-20.01953125,324.63611554703675,18.01766121190641,1595,eeg_baseline_level_8.csv,4,AF8,40.00390625,50.0
1000.2499114782133,142.89284449688762,218.35216107725944,47.11526646287004,140.67078537000106,751.927506949212,93.9909383686515,139.64020117419307,45.8674856281647,89.08824136805424,155.0448768006034,19.380609600075424,34.526914059850334,7.523891429615215,16.927869603403952,88.6360331491933,2.3325271881366656,7.726887081442844,0.2933395384110602,2.075802415983609,169.13954270001489,1.9220402579547147,82.88756101351065,0.1964988496904293,0.4613776681040307,1.2060063865064952,1.0597633702814198,0.32652521452700256,0.2696869909404151,0.3788087027912312,hjorth_mobility,hjorth_complexity,3.35677477500762,0.7931509328669656,-21.338272094726562,-270.5078125,89.84375,-20.01953125,973.2479973172303,31.196922882188723,1595,eeg_baseline_level_8.csv,4,TP9,40.00390625,50.0
941.6547825493496,134.52211179276424,189.4527140119249,29.127258103968288,146.22201243012472,721.1904527530204,90.14880659412755,146.362388414282,50.77739305105996,81.15497504722725,159.94450702186566,19.993063377733208,34.49409973887049,5.546979467846044,20.648804629295384,89.38748799228775,2.3523023155865195,10.09345167431426,0.6367421629938278,1.3230364667638055,283.41882838280117,3.220668504350013,158.16602471549493,0.21503337980988213,0.49154021120447566,1.1520520160859005,1.0214777054027002,0.3323276841203178,0.261919807409444,0.49927302917872785,hjorth_mobility,hjorth_complexity,4.051127396451884,0.8872462041091436,-19.9005126953125,-278.3203125,90.33203125,-18.5546875,1019.2207898944616,31.925237507252184,1595,eeg_baseline_level_8.csv,4,TP10,40.00390625,50.0
11.728267316686452,1.675466759526636,2.753314024541434,0.6682774132170746,1.5659318983468653,9.208351599404939,1.1510439499256173,2.4665464303868045,0.5060574771491679,1.066630114696356,3.8729977690756354,0.4841247211344544,0.8917419705086568,0.14965273328659756,0.44143902054791473,24.01303823063604,0.6319220587009484,1.5751436396796568,0.25920499115618173,0.48191947949145264,29.362151925038305,0.3336608173299807,0.7642296867836937,0.08217496725147938,0.29665134208994476,0.5261740193347056,0.44972213112556875,0.22728065475771883,1.3279032970079017,1.8614121081861401,hjorth_mobility,hjorth_complexity,3.582328811272954,0.8538299900717758,-21.923828125,-47.8515625,2.44140625,-21.97265625,45.650675892829895,6.756528390588609,1595,eeg_baseline_level_8.csv,5,AF7,50.00390625,60.0
18.610030774520578,2.658575824931511,5.070998611404786,1.181362071212819,2.5452094421406457,16.04837790882597,2.006047238603246,4.381522018903793,0.6281226810990642,1.7482574136196543,5.52277573486437,0.6903469668580462,1.134649987393581,0.39175738871171395,0.633582574045543,30.916151123946367,0.8135829243143781,1.855539629407935,0.26342825910189804,0.6470623610066052,47.30128229888432,0.5375145715782309,1.966294035309045,0.19805332783453655,0.4866614085471498,0.5419795027438411,0.4965647829205453,0.2194911201803164,1.1709626800992852,1.9593067530969757,hjorth_mobility,hjorth_complexity,3.5557930423005617,0.8691993990465385,-20.923233032226562,-53.7109375,18.5546875,-20.99609375,70.81376374117099,8.415091427974565,1595,eeg_baseline_level_8.csv,5,AF8,50.00390625,60.0
352.55224277175085,50.36460611025012,65.33020998616212,27.732276696912564,49.99784943205042,152.9754650533783,19.121933131672286,38.20695497362429,4.8207521697471964,17.71712102818973,19.949381579540024,2.493672697442503,4.963073448615288,0.9056495144887745,2.526732127003874,65.88100734918956,1.7337107197155148,4.530860907082063,0.2533027975142192,1.157639136735837,156.79554407789882,1.7817675463397593,88.61530223847109,0.0943435447637199,0.2747689805953417,1.2423635179807613,0.6934187565211327,0.1470228003707001,0.5046327111751893,0.701106303481639,hjorth_mobility,hjorth_complexity,3.9892106021829687,0.872673345961523,-22.903060913085938,-223.6328125,99.12109375,-22.4609375,452.3585665447172,21.268722729508635,1595,eeg_baseline_level_8.csv,5,TP9,50.00390625,60.0
361.9045020185877,51.70064314551253,67.76321156460273,26.68303114097759,55.29766874077905,131.5553993735894,16.444424921698676,40.64114009428936,5.043975566214109,12.920066834837531,19.385650963614744,2.423206370451843,3.6417591804008946,1.4302751917926264,2.1969387389908572,51.61786769886905,1.3583649394439223,3.7022214330186207,0.388631793880976,0.8829112307442033,263.9887060567128,2.9998716597353723,155.7275063374408,0.11096470057596476,0.3213263442970653,1.1799871216817466,0.5752448131082908,0.13311347399699133,0.3778387426579227,0.8732341944133395,hjorth_mobility,hjorth_complexity,4.581842775899729,0.978197727589388,-22.565650939941406,-219.23828125,100.5859375,-22.4609375,484.36422508530086,22.008276286099754,1595,eeg_baseline_level_8.csv,5,TP10,50.00390625,60.0
117.39971246226563,16.771387494609375,26.59831996559264,7.677871351685379,16.855199389123452,24.319719576123553,3.039964947015444,4.888179204096263,1.0087397399806821,2.8027442673292846,6.5094839270938145,0.8136854908867268,1.2674315444836362,0.5456004030850322,0.7752882071211269,26.923767159118906,0.7085201883978659,1.3814430986327468,0.28684409940666067,0.6243298710605304,32.5094722797617,0.36942582136092844,0.6929120075902053,0.09813227730277901,0.33291731959132886,1.3380899158737716,0.4669725260859272,0.16575982096501354,0.6969245895618696,0.9392118037931136,hjorth_mobility,hjorth_complexity,2.9720061249079324,0.7989562140000105,-22.724151611328125,-106.4453125,21.484375,-21.97265625,95.505834906362,9.772708678066792,1595,eeg_baseline_level_8.csv,6,AF7,60.00390625,70.0
633.3114516872139,90.47306452674484,136.50848139870735,28.181269983779632,90.92676169233965,70.67853510920935,8.834816888651169,14.869558768524485,3.256735474999175,9.540169918702116,25.15435680186232,3.14429460023279,4.91365875924522,1.4789162119075963,2.979093059314324,40.193991590873665,1.0577366208124648,2.4044585399185747,0.3461061362688883,0.9412336395895955,59.657113832613526,0.677921748097881,1.5373123443438308,0.18503294269861903,0.5793550882661416,1.5888768898908892,0.36619882033866147,0.16142403090956753,0.30799437723661177,0.48677568754643336,hjorth_mobility,hjorth_complexity,2.733184204156402,0.7710401922438007,-22.089767456054688,-159.1796875,56.640625,-21.97265625,356.7774534167256,18.8885535024979,1595,eeg_baseline_level_8.csv,6,AF8,60.00390625,70.0
1829.3090186777933,261.32985981111335,294.88621693146814,168.35847271706618,273.5673066132332,393.8589716433391,49.232371455417386,97.90338669563738,14.316053304920684,50.19599064309538,59.22750944674772,7.403438680843465,12.4064046345171,2.4477610575086075,6.679006924733346,67.05109916312122,1.7645026095558216,4.519093662637744,0.41174541594988895,1.4460714101368568,137.20365397223824,1.5591324315027073,56.569276880201805,0.1875123412702429,0.5621856003964182,1.6041544334645434,0.5724510551731128,0.13043185018934234,0.1827798062102471,0.3035715907159389,hjorth_mobility,hjorth_complexity,2.7862557421011864,0.8080293396251461,-20.64495086669922,-258.7890625,117.67578125,-20.5078125,1161.7017036405741,34.08374544618848,1595,eeg_baseline_level_8.csv,6,TP9,60.00390625,70.0
4906.4591210479075,700.9227315782725,2144.821746852697,195.60981635905694,377.74325030651534,438.1300152245701,54.766251903071264,111.63483259117986,12.138475833510467,55.011953093308605,75.89594580687607,9.486993225859509,18.255570618254023,2.185181943035354,9.106013891301362,60.98368049008562,1.6048336971075163,3.8589683864367808,0.3639371522487539,1.1566649211278641,204.8682315554671,2.328048085857581,96.30281994821297,0.1422112376076245,0.6034734501290776,1.4592327756675512,0.31826287295357936,0.0760419100428469,0.07864690137659738,0.19069910323916356,hjorth_mobility,hjorth_complexity,3.0914170852836973,0.8640702824506075,-1.9102096557617188,-262.6953125,438.96484375,-20.01953125,7863.3730508954595,88.67566211140156,1595,eeg_baseline_level_8.csv,6,TP10,60.00390625,70.0
45958.29185056326,6565.47026436618,18063.38561268791,679.2474728662672,3047.6282513232504,1570.9566990429685,196.36958738037106,790.1216792124428,23.99664366745062,91.1201195135957,218.44322815470247,27.30540351933781,47.4418960955473,6.557042434327496,27.343926522391097,173.67433728982294,4.570377297100603,25.22574855889944,0.8701678325610996,2.739171285831953,86.22764560390523,0.9798596091352867,2.6114831451421616,0.2965561984445561,0.9137918569836265,1.4869222192039577,0.1598512044805533,0.03312862358814049,0.03163411810982869,0.018921232082148638,hjorth_mobility,hjorth_complexity,2.6093506156185713,0.5598250815753605,-23.98700714111328,-690.91796875,973.14453125,-26.3671875,21496.002073363336,146.61514953565793,1595,eeg_baseline_level_8.csv,7,AF7,70.00390625,80.0
7253.94528875444,1036.2778983934916,1732.5190905873324,388.6856514072809,958.1468289977157,961.8593279695814,120.23241599619767,240.25674603880913,34.144698479094316,133.29336430924803,115.71225769791172,14.464032212238966,33.46346095064658,3.352721697676673,12.147589609937048,85.10324394569756,2.2395590512025674,4.099744232707336,0.5605394639666774,2.0758216956102813,84.1704065944151,0.9564818931183534,2.182410834223836,0.16497085370826897,0.8432111076110794,1.6877235305787168,0.4549561651263605,0.0821581132719362,0.0797151341971083,0.08663324032920526,hjorth_mobility,hjorth_complexity,2.1847783120602955,0.7089397408376507,-23.512649536132812,-123.53515625,686.03515625,-28.80859375,4083.234757272294,63.9001937185819,1595,eeg_baseline_level_8.csv,7,AF8,70.00390625,80.0
1581.911957284378,225.98742246919687,426.38753556401116,128.76867107038913,206.01183377456013,384.9123426645848,48.1140428330731,104.65235341403684,25.680728821068413,41.32935109770439,103.41351051767818,12.926688814709772,30.35250450190103,7.227009863972222,9.913639746319678,110.50796563310594,2.9081043587659456,7.526908655146132,1.0745350063976327,2.4369182869930825,202.87076117331034,2.3053495587876176,70.32975396833615,0.3903945289773477,1.0020687592156117,1.4866905896173224,0.6028729253918567,0.2165690694628636,0.30013864970066967,0.4731512822498224,hjorth_mobility,hjorth_complexity,2.6049279874565063,0.8183628311369495,-23.8983154296875,-235.3515625,152.83203125,-27.34375,1417.8661536425352,37.65456351682403,1595,eeg_baseline_level_8.csv,7,TP9,70.00390625,80.0
1932.8834815645266,276.12621165207526,782.2670078728992,57.97285585202423,122.41386716094826,333.50248662920535,41.68781082865067,107.67586082297436,14.946416910765679,29.029238698942173,51.07409892642855,6.384262365803568,11.753722150172754,2.90659983839227,6.3130277911024,66.39825849996329,1.7473225921042972,5.020089070894618,0.8352144014581037,1.5380742804216903,269.1533426584528,3.0585607120278726,113.96887787705418,0.29897674811052666,0.9669834377420794,1.2814927018904507,0.44920877788721414,0.10253803060306463,0.16186840718663517,0.4573342507835844,hjorth_mobility,hjorth_complexity,1.9813374166052882,0.9213143438865624,-41.660118103027344,-309.08203125,328.125,-37.109375,4135.950373856758,64.31135493718631,1595,eeg_baseline_level_8.csv,7,TP10,70.00390625,80.0
6316.386982308397,902.3409974726281,1901.77104559905,280.23588440640515,806.1779094418077,316.3813200303655,39.547665003795686,94.02161249362064,7.875911887483754,40.30186361451446,13.71108815088884,1.713886018861105,5.1947446597338605,0.49328883278435876,1.2651093228052273,55.09716198767908,1.449925315465239,3.3129318095713676,0.7059821504639318,1.3342985650519585,92.42898359510906,1.0503293590353302,2.445746242882368,0.4271585316788532,0.9279409596943944,1.6865110091743287,0.2142699903127941,0.015147862823194257,0.06355936270711922,0.11094204177211414,hjorth_mobility,hjorth_complexity,3.1135302260940243,0.7359725115558637,-6.828498840332031,-63.96484375,417.48046875,-22.94921875,3945.617415556626,62.81414980365989,1595,eeg_baseline_level_8.csv,8,AF7,80.00390625,90.0
80.32261040679957,11.474658629542796,15.653291755092255,5.820886143106133,11.203068184898608,59.02128040474835,7.377660050593544,12.38732146493586,2.767930951091083,6.790438694869381,12.428720589070934,1.5535900736338668,2.5934043434422374,0.9617818607932471,1.4570284229193426,41.39231244651556,1.0892713801714622,2.6205608420615,0.37160228953852253,1.0540438725482884,71.14261067682816,0.8084387576912291,1.8827329820378185,0.2551245525862912,0.7194608699401992,0.8846139591659437,0.7245483717791916,0.2221699508563677,0.7823467828180618,1.4201871318955643,hjorth_mobility,hjorth_complexity,3.1489112513905475,0.8390747715008905,-20.93791961669922,-86.9140625,38.0859375,-20.99609375,147.6942246881663,12.152951274820708,1595,eeg_baseline_level_8.csv,8,AF8,80.00390625,90.0
2519.5820895553834,359.9402985079119,508.81284848381347,252.10018036288668,342.36645333900464,854.5745552187277,106.82181940234096,219.63601892353893,41.8561770782659,80.00265399677542,168.13694226447265,21.01711778305908,39.63670039089388,9.962452152391426,19.195866067654062,125.780945900772,3.310024892125579,13.955692014798867,0.4277063425395691,2.3014753333850653,179.33963310535682,2.037950376197237,49.85212179078389,0.3359511383080942,1.0965931755717717,1.5046287034029966,0.7461256045837846,0.2172688564830003,0.21627318155411496,0.2996071992715016,hjorth_mobility,hjorth_complexity,2.64915426907716,0.7300906224596704,-23.739242553710938,-298.33984375,117.1875,-22.94921875,1918.5794865188655,43.80159228291667,1595,eeg_baseline_level_8.csv,8,TP9,80.00390625,90.0
1654.2358304871905,236.3194043553129,373.06508069426474,105.99460805259154,221.99655989710425,821.9703120481523,102.74628900601904,189.7341830742422,37.11170700867413,93.20995188830466,152.9573209803111,19.119665122538887,30.33491306164255,9.17358334181143,18.78701074469153,122.10653070263261,3.213329755332437,9.463132302990344,1.0476946296789218,2.477674783910289,315.93592195526816,3.5901809313098654,96.39208540006099,0.6437026988074828,1.6779072614927832,1.3165088676189602,0.855979188004861,0.24294341778441808,0.25977175277890974,0.5662231615464245,hjorth_mobility,hjorth_complexity,3.6928945153245887,0.8219513863089867,-24.280929565429688,-287.59765625,80.56640625,-20.99609375,1638.5776629613247,40.47934859853015,1595,eeg_baseline_level_8.csv,8,TP10,80.00390625,90.0
9163.56261038309,1309.08037291187,2986.0873513024394,339.9445704869305,1090.797440788651,591.7815136865227,73.97268921081533,207.78894147484036,8.315328821577529,53.09002492181052,39.780280739386114,4.972535092423264,8.353664501473405,3.1230191606035596,4.056810249421057,74.62947204064648,1.9639334747538546,3.2476408756521127,0.5424944233783615,1.862435608884553,173.2323147909362,1.968549031715184,5.280362975924739,0.41086916299704235,1.5991822260028261,1.648475287115583,0.2625630778440722,0.029268754143574598,0.061728225939294,0.14190385367607516,hjorth_mobility,hjorth_complexity,2.9277798432872784,0.8037748376965965,-23.95153045654297,-204.1015625,682.6171875,-27.34375,7025.38768582599,83.8175857790356,1595,eeg_baseline_level_8.csv,9,AF7,90.00390625,100.0
3039.957162601954,434.279594657422,738.6104069680912,178.32127230748995,455.3549016228835,346.0104139458541,43.251301743231764,110.36072165926238,15.143438824957302,32.914979949969606,63.53373500801147,7.941716876001434,15.846758990544917,1.9554298656389346,6.88343949800392,89.1466749570894,2.3459651304497213,5.704345206337076,1.2315175015690951,2.2653417466576773,92.61288059447611,1.0524190976645011,3.9833907977749172,0.3189408039004875,0.9242302583531927,1.6898841783837484,0.3986823577835324,0.10344212903140033,0.17680241353479642,0.20212215618584392,hjorth_mobility,hjorth_complexity,2.9012440743148864,0.7623398724453148,-14.872360229492188,-91.796875,444.82421875,-20.5078125,2236.200087791076,47.28847732578282,1595,eeg_baseline_level_8.csv,9,AF8,90.00390625,100.0
702.9728728432999,100.42469612047141,120.93190017847327,87.60596462741654,96.69814908868096,299.1692855290279,37.396160691128486,67.78927013625622,10.353046905485169,34.79736329918802,61.53104808579464,7.69138101072433,14.873902973114305,3.8694493041159137,7.661485115616319,75.12311429188284,1.9769240603127063,6.317597160578321,0.5190024430526243,1.7148613226046434,143.45827811251917,1.6302077058240814,60.413193956458635,0.21305942688924684,0.5947993831186474,1.378024726963308,0.782718821785938,0.23734337940923164,0.3643943718384073,0.547869739330477,hjorth_mobility,hjorth_complexity,3.131220738742286,0.8247029359174943,-22.667503356933594,-270.5078125,106.4453125,-21.97265625,745.5616109291441,27.304974105996585,1595,eeg_baseline_level_8.csv,9,TP9,90.00390625,100.0
771.871571444196,110.26736734917085,127.94442092689249,85.87192256291115,110.40905838055025,276.0686394791959,34.50857993489949,59.49127904223095,12.168252311724691,30.21603899274622,46.835896198589154,5.854487024823644,10.212998312118193,1.9839706919480196,5.105676830834877,66.05624403020317,1.738322211321136,3.6719764022555856,0.8273794628162379,1.596665416962188,217.374142311942,2.47016070809025,96.73502802701357,0.1951899009906541,0.7849725196590731,1.38810108984525,0.7012537098513123,0.1777267535420436,0.3104209872746911,0.6930626063350132,hjorth_mobility,hjorth_complexity,3.971520089534707,0.9083687253094755,-20.900344848632812,-257.32421875,104.98046875,-20.01953125,788.3794196823146,28.078095015194933,1595,eeg_baseline_level_8.csv,9,TP10,90.00390625,100.0
3085.1484469400475,440.7354924200068,833.616193987431,116.42583074166049,409.27664875391787,145.14648396014763,18.143310495018454,65.8029935968009,5.158418882053809,6.626700615267259,32.11113943400939,4.0138924292511735,6.4438336114602,1.6408769939667682,4.058612479882888,58.604100666735114,1.5422131754403978,2.6542542684228043,0.4911612020862901,1.394035089240225,55.7887889803946,0.6339635111408477,1.5592232374858055,0.19906671769444195,0.5685718968937221,1.6460771733052142,0.19220228129685996,0.05940911459925893,0.12443573383164266,0.13125521159931203,hjorth_mobility,hjorth_complexity,1.9105753660122422,0.7210304742973946,-33.689308166503906,-352.5390625,41.9921875,-26.3671875,1641.105017879454,40.510554401037936,1595,eeg_baseline_level_8.csv,10,AF7,100.00390625,110.0
1618.2778566265845,231.1825509466549,377.0786327516371,86.07952123725879,211.82746557674497,225.73430265571508,28.216787831964385,70.110019300505,8.50732054509268,12.10492147026874,27.97187657553113,3.4964845719413913,5.507455990684274,1.8707400371479121,3.5324993268244462,57.35972430968569,1.509466429202255,3.184232574981904,0.5408970514566455,1.425583606369017,70.7809980746967,0.8043295235760989,2.1281006593972474,0.17817720536605164,0.7604237102380006,1.630682334650699,0.43168043329137146,0.08599700743670373,0.19935506356661248,0.2670012560472504,hjorth_mobility,hjorth_complexity,2.1936235683844263,0.7073989564907432,-27.872657775878906,-241.69921875,125.48828125,-23.92578125,1173.516854432819,34.256632269282086,1595,eeg_baseline_level_8.csv,10,AF8,100.00390625,110.0
4816.507097878392,688.072442554056,893.8270021426191,363.51578122230285,704.0601457617213,1419.0630163176156,177.38287703970195,414.6263977675831,42.648992358959,143.17070714993505,137.02349182418646,17.127936478023308,37.49990659730682,9.789701665975649,12.65927396332361,130.3347668710786,3.429862286081016,10.607679388915791,0.9688304500869199,3.2612626545431294,169.73257498773302,1.928779261224239,59.77468221630441,0.2895085120953016,0.8735147008271804,1.5966657581573391,0.7140677919944405,0.1179525932113152,0.14175516887218212,0.17135979538842636,hjorth_mobility,hjorth_complexity,2.733184204156402,0.688815271397571,-23.727035522460938,-418.9453125,241.2109375,-21.97265625,3124.8887882975396,55.90070472093836,1595,eeg_baseline_level_8.csv,10,TP9,100.00390625,110.0
4317.1900871358575,616.7414410194082,814.752447283807,267.380578642267,634.3376920821725,1413.029588792234,176.62869859902926,403.95372952414306,54.07155399139746,141.2966720349715,150.07600960925248,18.75950120115656,36.26379949747995,7.487064025202975,15.168624972898588,115.14949573533228,3.030249887771902,9.908225126755104,0.8463890386072818,2.298311387203908,224.87430453971032,2.55538982431489,90.45206039400962,0.3076533477121223,0.9642249833116439,1.5560554894018568,0.7542994371863503,0.13559197987178676,0.13606717522568668,0.22197212966641297,hjorth_mobility,hjorth_complexity,3.0914170852836973,0.7461037154535576,-21.297264099121094,-425.78125,227.5390625,-18.5546875,2821.706522045133,53.1197375939032,1595,eeg_baseline_level_8.csv,10,TP10,100.00390625,110.0
671.1157295961673,95.87367565659532,189.0040807555058,12.390703308195251,90.39491883720382,183.39096734569478,22.923870918211847,66.48149332253006,2.0254347185948496,15.8419576966614,29.534137373871822,3.6917671717339777,6.865228870554194,1.5227672248668445,3.5348954563968022,45.01642911795954,1.184642871525251,2.450565362095375,0.4006367426674764,1.135201534547126,70.86860376013081,0.8053250427287592,1.8574795879703392,0.3022515077738239,0.712454704085705,1.3791355312638596,0.5855465148287486,0.15410550483141922,0.2829960490762392,0.47207696508338304,hjorth_mobility,hjorth_complexity,2.23784985000508,0.7820301534551175,-23.73676300048828,-196.77734375,66.40625,-23.92578125,748.2798187629669,27.354703777649775,1595,eeg_baseline_level_8.csv,11,AF7,110.00390625,120.0
322.0090101386491,46.001287162664156,80.55923611122455,15.760853592694765,46.66590800772555,125.51734611637983,15.689668264547478,33.12486098060711,6.786758377844134,10.126977229082629,18.68345277215681,2.335431596519601,3.282403602755025,0.5691025308516786,2.717271147173496,46.486702656155266,1.2233342804251386,2.8853213791915286,0.43853004271604185,1.178924732997043,71.68289116050798,0.8145783086421361,1.713222358261736,0.18640896310136248,0.7793355108302331,1.3047004617495932,0.7115672386271099,0.16732965304907776,0.46672419386343417,0.7662872092253346,hjorth_mobility,hjorth_complexity,2.498784911566937,0.7836562022236252,-21.907997131347656,-158.203125,106.93359375,-22.4609375,453.1724479966215,21.287847425153664,1595,eeg_baseline_level_8.csv,11,AF8,110.00390625,120.0
3809.203144309952,544.1718777585646,896.3674449402424,188.99560815938617,506.9011606338754,1829.7094777921889,228.7136847240236,421.9379309853354,83.71958618103791,170.21961931204277,265.11975004460004,33.139968755575005,57.204751006366386,13.192600197695976,30.662859860381836,94.01981130297021,2.4742055606044793,12.904298249168768,0.6529215109986891,2.0208136129148717,132.01122312984512,1.5001275355664219,39.30047667067058,0.3819943121738299,0.8044494672742651,1.43712960593074,0.934690528800003,0.2195913653457318,0.11536537156356837,0.15657571552055335,hjorth_mobility,hjorth_complexity,2.4103323483256296,0.6142549957796135,-23.093605041503906,-386.71875,257.8125,-22.4609375,3208.5263312546886,56.64385519413989,1595,eeg_baseline_level_8.csv,11,TP9,110.00390625,120.0
4033.0989584190784,576.1569940598683,956.5054491608112,199.48753405512915,533.3925039780152,1935.4477369594692,241.93096711993365,454.2067447989272,98.06861140933712,174.75055256373105,257.6959805268244,32.21199756585305,53.99355545903173,8.833920334715504,30.263717318673166,89.44356962801093,2.353778148105551,12.142495151321107,0.8667105618427099,1.8748449366091662,189.49322784204708,2.153332134568717,73.42623943733919,0.22768548123884333,0.9290927692610083,1.4328396427786376,0.9336904310193204,0.20329833436016606,0.10555767738104818,0.18880432760085591,hjorth_mobility,hjorth_complexity,2.662422153563356,0.6863495562484693,-23.804473876953125,-419.43359375,253.41796875,-21.484375,3373.9840605994686,58.08600572082288,1595,eeg_baseline_level_8.csv,11,TP10,110.00390625,120.0
24410.66123046072,3487.2373186372456,8479.175569635752,737.4267946377987,1806.1620650654659,1497.5506138724863,187.1938267340608,603.3921846564839,28.608035423087227,101.23321851115288,86.1129812093788,10.76412265117235,27.343091872284884,4.685707208527554,8.635377759278743,56.40349010426984,1.4843023711649959,6.170860173317134,0.3630362438259282,0.959724864778243,61.58390302880473,0.699817079872781,2.3079216162520204,0.10992970763090965,0.5818186880245501,1.575109194131746,0.25012837295927487,0.024517863691278095,0.01983668066387974,0.02373754539971653,hjorth_mobility,hjorth_complexity,2.3484155540567144,0.5367292030960701,-15.5303955078125,-264.16015625,974.609375,-23.4375,13428.771113976836,115.88257467789036,1595,eeg_baseline_level_9.csv,0,AF7,0.00390625,10.0
354.9595061744577,50.70850088206539,85.80439185189302,15.443793033763804,58.79258725980407,72.01395840475517,9.001744800594397,21.05089602934881,2.1955759584642576,6.5470532626868625,8.600972578591826,1.0751215723239782,2.0252627980739915,0.481222189770722,0.8187223246733357,48.18029693937327,1.2679025510361388,2.6597927541808652,0.39769231430601315,1.2441528627021752,61.458506643933575,0.6983921209537907,1.4629316226928186,0.2115750311452108,0.6796024680818247,1.4086390558238047,0.48384666591756476,0.09168342597314488,0.49997375743005956,0.7074074273549068,hjorth_mobility,hjorth_complexity,2.7376068323184675,0.8093054655812925,-22.54161834716797,-162.109375,39.0625,-20.5078125,289.36016427906,17.01058976870173,1595,eeg_baseline_level_9.csv,0,AF8,0.00390625,10.0
3687.8396284695527,526.8342326385075,705.75062719379,379.939579298267,516.1966816755614,1431.1967941100909,178.89959926376136,410.62678967505184,51.68178387579864,167.47056223177,144.0369863016438,18.004623287705474,42.61443986522536,6.627347045610929,16.327143675775595,112.22460868071192,2.9532791758082086,8.671365457255146,0.8299248044590024,2.1855179061561927,178.89852114865425,2.0329377403256164,71.64447902757281,0.2673676741436115,0.7990940995743925,1.5462946787788694,0.8333589791872223,0.1425526225700958,0.14700057802202662,0.2035818810552442,hjorth_mobility,hjorth_complexity,3.1046849697698935,0.7466229691627686,-28.68194580078125,-496.09375,154.78515625,-22.4609375,2557.816335465759,50.57485872907367,1595,eeg_baseline_level_9.csv,0,TP9,0.00390625,10.0
3631.381287099728,518.7687552999612,708.6495928717627,394.9622575471272,511.77432842699295,1219.0819406686348,152.38524258357936,319.4281792050024,34.827068947517915,149.22903658311245,88.84481020182143,11.105601275227679,24.724261438831256,4.379474981478157,8.613205360050776,89.75472404796855,2.361966422314962,4.959353112346015,0.497926891366684,2.1819464615630406,252.83233727417183,2.873094741751953,113.26706652424721,0.341914358265049,0.9335236248394334,1.571294068697392,0.7690783018626193,0.09958786758676194,0.12738829041873076,0.2690049093593505,hjorth_mobility,hjorth_complexity,3.5159893888419735,0.8299338336209492,-23.75011444091797,-408.69140625,263.671875,-20.01953125,2544.847657518403,50.44648310356633,1595,eeg_baseline_level_9.csv,0,TP10,0.00390625,10.0
14304.306427082804,2043.472346726115,4760.97584490228,646.4053250186413,1318.2593311934627,2871.147608821233,358.8934511026541,642.6668738643097,199.0654401748337,296.7796573051412,712.8875064524735,89.11093830655919,147.49657200413398,43.016791310767296,88.09254000768391,330.6952167394802,8.702505703670532,40.192637637757066,0.8752555568822222,4.570094985828289,179.79526154344035,2.0431279720845494,5.360227734716628,0.3831440794752763,1.6266197862015233,1.4618958167685392,0.581923674010369,0.1957564314254738,0.12344644259210458,0.08350465912984584,hjorth_mobility,hjorth_complexity,1.7867417774744117,0.6084780414318658,-23.329544067382812,-351.07421875,965.8203125,-28.3203125,9963.744400156427,99.81855739368521,1595,eeg_baseline_level_9.csv,1,AF7,10.00390625,20.0
6127.129909277097,875.304272753871,2234.9382720329627,60.69487226868278,579.4281081805124,233.997123147475,29.249640393434376,47.45589282679184,12.476440359120309,30.04863182838443,131.9505572759591,16.49381965949489,26.29826387829583,10.478524211298886,15.861729319809594,105.74695903185825,2.782814711364691,18.98266858391553,0.4163413593217448,1.609082499821787,98.46513147059792,1.1189219485295219,3.622056016173135,0.37427012417369904,0.9784870390798492,1.497397034251258,0.18443879578717526,0.11509925655795539,0.11376634456585055,0.12333764604631361,hjorth_mobility,hjorth_complexity,1.7380928676916925,0.6383293087471048,-19.643211364746094,-175.29296875,548.33984375,-24.4140625,4281.728752212074,65.43491997559158,1595,eeg_baseline_level_9.csv,1,AF8,10.00390625,20.0
3968.40923509118,566.9156050130257,1770.43522750178,207.7839666425045,339.9200830336343,1310.1884805907107,163.77356007383884,265.20823621819767,70.39866311108801,163.32914011317368,323.14425559175726,40.39303194896966,78.95540877337864,12.821905531960047,36.41906985366593,245.73671804536826,6.466755738036007,13.068964026685439,2.0920876223840987,6.436260770034074,363.5046873546621,4.130735083575706,64.29618945373643,0.9748169667607244,3.0161113243921145,1.3021605337262663,0.7282930207154332,0.24245908646291897,0.2591053589928702,0.38565755969678395,hjorth_mobility,hjorth_complexity,1.8088549182847387,0.7419515778399766,-12.32757568359375,-392.08984375,353.515625,-34.66796875,6569.482570048422,81.05234463017354,1595,eeg_baseline_level_9.csv,1,TP9,10.00390625,20.0
5109.983520244908,729.9976457492725,2357.6973281743813,298.87060698154465,513.8318992647465,1832.119748355079,229.01496854438489,357.68316322908333,100.68257188285273,223.91576664467328,262.2669205077266,32.78336506346582,67.028253803711,9.113946574219456,32.976357384970854,196.91350073395532,5.181934229840929,13.43544401068008,2.1104777763896654,5.084147163781012,549.7140542191928,6.246750616127191,80.24319095733694,1.9661287399153484,4.4926700544290465,1.3049578080537894,0.7729927025043095,0.16762798686433703,0.17164615984875306,0.4482924008830034,hjorth_mobility,hjorth_complexity,1.7469381240158233,0.8230636615402155,-11.207008361816406,-695.3125,589.84375,-48.828125,18129.96185293741,134.64754677652843,1595,eeg_baseline_level_9.csv,1,TP10,10.00390625,20.0
3918.9322441111403,559.8474634444486,2126.3334339359735,107.58451090888262,318.08914765388636,296.3912030411904,37.0489003801488,90.68195511256658,10.446329874476914,27.100925122635807,73.6411723175465,9.205146539693313,11.098017116557278,6.10454794774806,9.528166251909253,85.43842216664251,2.2483795307011185,4.986983054935639,0.911609390143511,2.206476890620473,93.06830973672452,1.057594428826415,2.385194462399694,0.28059245283865986,0.9720585959015092,1.3064903304259818,0.2702422449082878,0.08980498141993143,0.1266429884850237,0.15108982391675224,hjorth_mobility,hjorth_complexity,2.6668447817254215,0.7058756577571047,-8.306312561035156,-83.984375,981.93359375,-30.2734375,16203.692617964403,127.29372576040188,1595,eeg_baseline_level_9.csv,2,AF7,20.00390625,30.0
1101.5356956584678,157.36224223692398,354.0233524546981,76.28000862611758,121.76661252676448,220.47889287238695,27.55986160904837,58.58938613346926,10.116312965379386,23.27200990666019,54.076658485220506,6.759582310652563,10.069364220126621,4.321447970618334,6.441633062476868,59.992514029394584,1.5787503691945943,3.1296917916497176,0.6499677132676087,1.3621607089119239,85.76373590792892,0.9745879080446468,2.6397613647065636,0.25441191282571124,0.8912652302911246,1.487066575215701,0.5352301299496176,0.1817989071611621,0.25437954492159665,0.3886521125907464,hjorth_mobility,hjorth_complexity,2.7597199731287945,0.6648954103806118,-18.04485321044922,-154.296875,729.4921875,-22.94921875,5055.218191082529,71.10005760252609,1595,eeg_baseline_level_9.csv,2,AF8,20.00390625,30.0
1408.2005638900607,201.17150912715152,232.9661862162817,174.8751734397695,201.0514492195406,679.311230192103,84.91390377401288,139.7850654734549,48.37847263512446,88.11878633980444,161.24006544618274,20.155008180772843,44.545185302726594,10.77337624881946,12.643640767276368,147.42933946748312,3.8797194596706084,9.715169418091604,1.5980071467230177,3.1342207633436914,233.8506686959953,2.657393962454492,74.11679326222128,0.41257566612619173,1.264787445476966,1.3468814569067884,0.8485167200594524,0.2812680765668634,0.34892872875482783,0.49993773961774557,hjorth_mobility,hjorth_complexity,2.7464520886425983,0.7984182122011059,-31.949996948242188,-359.375,85.44921875,-26.3671875,1796.4367485546973,42.38439274726839,1595,eeg_baseline_level_9.csv,2,TP9,20.00390625,30.0
1868.31702925147,266.90243275021004,453.9967950743061,182.31504160733087,269.0065894333905,843.1505410051459,105.39381762564324,216.8668574678214,45.65166789929167,86.49060362924618,187.73995972011048,23.46749496501381,53.625623441025795,11.139896374895365,16.359975147257117,148.45689961915548,3.906760516293565,12.805302827842217,1.1247167516435972,3.27884159918451,308.8568128318181,3.5097365094524786,114.88726089155595,0.5601790429483547,1.4182858744621187,1.3471231631358063,0.8105940390142421,0.259797337630077,0.28128589957888134,0.4828608048946383,hjorth_mobility,hjorth_complexity,3.0560360599871745,0.8221021303149071,-34.48619842529297,-358.3984375,90.33203125,-26.85546875,2206.7077672909363,46.975608216296,1595,eeg_baseline_level_9.csv,2,TP10,20.00390625,30.0
3201.2162419852457,457.3166059978922,1178.27250515377,56.7111491810795,298.1718470982811,115.38049540588517,14.422561925735646,42.027720247139314,1.859361543516551,10.189410554509266,18.394733305457315,2.2993416631821644,3.022052603414792,1.8733089381089678,2.2059466375239096,90.28637389923131,2.375957207874508,6.616502968621738,0.7304012798482347,2.0655110013506763,270.333625009316,3.0719730114695,8.618681688217455,1.2165286100936084,2.6787671491394436,1.4640101146972513,0.15839840478039205,0.03584961573826036,0.17174931545661265,0.49827618240944116,hjorth_mobility,hjorth_complexity,2.4943622834048718,0.8939731112695395,-38.001251220703125,-411.62109375,104.00390625,-32.2265625,2624.647039338015,51.23130917064305,1595,eeg_baseline_level_9.csv,3,AF7,30.00390625,40.0
6572.335495552102,938.9050707931574,1516.3509508188438,542.2163393943604,907.6122375027579,2138.6589915108348,267.33237393885435,477.23064259912803,101.51925994217532,236.2566292868174,554.0725195965273,69.25906494956591,105.93773605166221,43.53072635717214,65.17872380864154,577.4719039862739,15.196629052270366,39.4373751690946,3.7639329584853076,13.972886389046447,271.0953803947788,3.0806293226679404,7.841110123658889,0.644960582772565,2.590224442026708,1.5010093623815814,0.7353325048089421,0.26756019580452656,0.3576945255238889,0.21109697863721466,hjorth_mobility,hjorth_complexity,2.087480492494857,0.6699872121521753,-21.598434448242188,-222.16796875,996.09375,-28.80859375,6920.501804997912,83.18955346074357,1595,eeg_baseline_level_9.csv,3,AF8,30.00390625,40.0
3310.3560592862427,472.90800846946325,931.1230396098825,234.35652322929445,368.48790976637315,563.5264377472986,70.44080471841232,152.4324516207347,24.276632110866625,54.43672778581515,107.75126486103294,13.468908107629117,18.435529048625014,8.620180802819785,13.4919990444473,200.09285538957874,5.265601457620494,15.539430821832509,1.168945684054308,3.8274443755511367,276.79054601621385,3.145347113820612,72.25454725310908,0.7697337213953217,1.8558505745433485,1.555057425628119,0.4975473388655108,0.13740923532195826,0.2879257831808312,0.3908079844672852,hjorth_mobility,hjorth_complexity,2.7287615759943367,0.7641365797155033,-20.42255401611328,-236.81640625,233.3984375,-19.04296875,1993.4653257587343,44.64823989541731,1595,eeg_baseline_level_9.csv,3,TP9,30.00390625,40.0
1245.3523053237882,177.9074721891126,256.11493496286744,113.62180608887073,181.76709808272307,349.9246794766702,43.74058493458377,72.1897811416626,16.738131865066187,42.50695955511439,80.1439476859657,10.017993460745712,15.342506964109399,6.761149321728961,10.133981507230565,109.2541918436724,2.8751103116755896,7.356249723836539,1.1010186131674196,2.756091977508584,473.24070130586324,5.377735242112082,117.44114408170981,0.7427706820400415,2.9256932130026536,1.3426308261565374,0.5694538152104176,0.18335911830704507,0.30482138679163895,1.0442642870434427,hjorth_mobility,hjorth_complexity,3.405423684790339,0.8942706720408862,-14.504241943359375,-270.99609375,129.39453125,-12.6953125,1081.4028553431854,32.88469028808368,1595,eeg_baseline_level_9.csv,3,TP10,30.00390625,40.0
193.8239629817299,27.689137568818555,60.29631421224029,8.983627238540315,22.11311546117189,28.55401488345121,3.569251860431401,6.3532276319718,1.3544791359883612,3.8961662506544683,9.84536696859807,1.2306708710747587,1.9352759012573442,0.8042404700552727,1.128228578744686,89.56801313214295,2.3570529771616564,7.363859515676812,0.41982465729615714,1.8830748052460242,157.92334010875229,1.7945834103267304,5.340638026771562,0.41671253041591766,1.5484937662449205,1.006622939827988,0.26793617072406795,0.11438332006279896,0.8995383159020014,1.69656511423926,hjorth_mobility,hjorth_complexity,3.0825718289595665,0.8779089890987146,-24.86724853515625,-98.14453125,56.15234375,-23.4375,253.42989480122924,15.919481612201738,1595,eeg_baseline_level_9.csv,4,AF7,40.00390625,50.0
193.53380435843877,27.647686336919826,60.94653642020265,9.445098333679708,18.893917398145238,41.8795024277302,5.234937803466275,8.63285665546153,1.9026915010666938,5.660321203267071,14.321080350031771,1.7901350437539714,3.9698743745542333,0.5550577812433535,1.6312451127880525,63.37918086121509,1.6678731805582918,4.249026822524457,0.40588476094014214,1.2974431858830053,106.08328021856535,1.2054918206655154,3.74929486967401,0.30419113941235254,1.0745569763754907,1.1085124915119464,0.40024524268203887,0.17110327959219807,0.7584407047413856,1.3622881650386884,hjorth_mobility,hjorth_complexity,2.8791309335045594,0.8635151356137244,-23.84319305419922,-77.63671875,43.9453125,-23.92578125,236.15525682544103,15.36734384418599,1595,eeg_baseline_level_9.csv,4,AF8,40.00390625,50.0
816.7438669205994,116.67769527437135,514.01329682535,15.781666866411095,29.618582175271214,181.30346304027336,22.66293288003417,41.1511855831588,11.120271853157771,19.12563521506972,46.48281525979229,5.810351907474036,9.803436701221623,3.3952543643180926,5.488693712937003,116.82148598563907,3.0742496312010283,5.835150579775085,1.2861039570293655,2.9116403158972135,236.69818241201807,2.6897520728638415,89.03860416958797,0.2779127942963558,1.163611502213964,0.9858645085610027,0.5098266462692435,0.1759605812428367,0.49266484238700065,0.7954645739908286,hjorth_mobility,hjorth_complexity,2.7729878576149902,0.8606758290835459,-9.354019165039062,-137.20703125,165.52734375,-17.08984375,1359.8504358378705,36.87614995953171,1595,eeg_baseline_level_9.csv,4,TP9,40.00390625,50.0
3255.6236217565015,465.0890888223574,1916.2833302686622,61.02761795781102,101.45400430797297,234.78601537459113,29.34825192182389,45.83779972762519,19.750031447820124,28.012979607205857,61.02872617638273,7.628590772047842,12.980300082384684,3.0125873418830356,6.801233644115361,108.13222863287999,2.8455849640231574,7.443926482818199,1.4776161236994734,2.7370167470234743,296.22803373542,3.3662276560843183,101.32562252972336,0.7089282358421832,1.4370890555562719,1.1137687038621127,0.28538860781675446,0.09341175844183451,0.19358414411134928,0.4300191330534434,hjorth_mobility,hjorth_complexity,3.100262341607828,0.8903536672315197,-5.58929443359375,-111.328125,321.77734375,-19.04296875,3219.927919562906,56.744408707492106,1595,eeg_baseline_level_9.csv,4,TP10,40.00390625,50.0
1950.4025290834854,278.6289327262122,529.5895720572921,129.6587164146837,175.5150089161047,292.67341992527804,36.584177490659755,87.60961059329378,16.93862603494703,31.728201702797538,56.585480578978235,7.073185072372279,9.931847970204593,3.6783510636572854,6.188521146956516,93.95169507540396,2.4724130283001045,5.429080957895547,0.5980160233364901,2.2795758970928834,63.73868452169927,0.7243032332011281,3.44053213496393,0.1885928087266493,0.6344068247146444,1.5895839246449643,0.474999682985738,0.13140086527910486,0.25365639921046584,0.20236278576545155,hjorth_mobility,hjorth_complexity,2.1007483769810533,0.6852998374602727,-27.21385955810547,-317.87109375,211.9140625,-24.90234375,1403.3615443258896,37.46146746092429,1595,eeg_baseline_level_9.csv,5,AF7,50.00390625,60.0
897.1962645577162,128.1708949368166,238.42984338702587,78.31291089467912,111.61506218210037,143.73550589230572,17.966938236538216,39.11971378466726,5.449562797507439,16.916681677580826,24.808365711043027,3.1010457138803784,4.515679181676059,2.1084488376822432,2.9721506852318376,66.89706468394323,1.760449070630085,3.577948513583004,0.6427757372097553,1.7039307919423092,77.66473749754982,0.8825538351994298,2.157299022576053,0.29319546173965444,0.9413840802991094,1.5761245965890402,0.4634570243086392,0.11782528901383885,0.34577254356699183,0.44235898587246264,hjorth_mobility,hjorth_complexity,2.1847783120602955,0.7198954401956654,-24.158096313476562,-177.24609375,81.54296875,-22.4609375,751.8705444817897,27.42025792150376,1595,eeg_baseline_level_9.csv,5,AF8,50.00390625,60.0
4144.000565112656,592.0000807303794,1658.5200624322708,242.33441978505672,421.14745532570095,719.338451969274,89.91730649615926,211.20283073498362,32.27753565395941,56.32236468629627,88.71556256521258,11.089445320651572,18.99159769128757,5.16055135303015,10.532731480743717,156.54721777047607,4.119663625538844,10.716836291068596,1.0856459563835208,3.444512678247074,242.69858923390726,2.7579385140216734,75.55873007215459,0.4158181339294211,1.4561827096567947,1.4914440337154482,0.5008684862712085,0.09755034860598082,0.19850822046369673,0.2845936230217156,hjorth_mobility,hjorth_complexity,1.4063957555367894,0.7603098248479113,-12.182426452636719,-447.75390625,184.5703125,-23.4375,4502.5984290623455,67.10140407668341,1595,eeg_baseline_level_9.csv,5,TP9,50.00390625,60.0
2917.454147068254,416.7791638668934,506.16654557154766,278.0921756233973,405.5789189433766,872.4489747835441,109.05612184794302,245.13618265928568,35.358560143854646,68.4810490065718,118.95153865892993,14.868942332366242,30.233701813565947,9.006243165834812,11.84893027605224,157.9692316928127,4.157085044547703,11.18265925968611,1.3408842750590813,3.1637674845786803,384.72524241890903,4.37187775476033,130.05395668610555,0.7819972178600804,2.013660609741582,1.5180685709288917,0.6613927465294946,0.14651477573434626,0.23577526398131607,0.48126306438598754,hjorth_mobility,hjorth_complexity,2.5164754242151988,0.8355155711674361,-31.084060668945312,-462.40234375,180.17578125,-27.34375,2801.5777781547513,52.92993272388272,1595,eeg_baseline_level_9.csv,5,TP10,50.00390625,60.0
229.4201891082825,32.77431272975464,54.11736281447278,17.831258912627852,25.446005562423917,104.68821023990188,13.086026279987735,27.261121842373335,5.67348589320871,12.087020648146519,26.90395464941424,3.36299433117678,5.7962921746368625,0.9258480173794178,3.460993733697425,54.880877640323305,1.4442336221137713,2.5983643220224297,0.585487143332575,1.4210594803675551,56.014839395929094,0.6365322658628306,1.3412919412415876,0.19375351437078944,0.6105751646892532,1.224274555189295,0.7544263823832422,0.26606153542809696,0.646854791455792,0.7523925845470416,hjorth_mobility,hjorth_complexity,2.94547035593554,0.7586821575523364,-23.97327423095703,-100.09765625,111.328125,-25.146484375,233.59011680440744,15.28365521740161,1595,eeg_baseline_level_9.csv,6,AF7,60.00390625,70.0
773.9120571361615,110.55886530516592,184.0893440242086,45.40942037561059,103.43163107098661,137.775104792642,17.22188809908025,38.13667558829209,2.8387072547543797,11.076576311572158,17.667450670077052,2.2084313337596315,4.327660446446461,1.2017232338883406,1.869221898137332,63.470621294705275,1.670279507755402,3.1671920285917086,0.8359495421129323,1.5015242014184054,75.01771741662213,0.8524740615525243,1.8584935152947688,0.1790196394068705,0.8409940064422219,1.5628844384018388,0.4880100656078113,0.09761008214125086,0.37038933490770526,0.48255068404042245,hjorth_mobility,hjorth_complexity,2.454558629946283,0.7383170806926111,-20.159530639648438,-205.078125,97.16796875,-20.01953125,618.7274631520268,24.87423291585143,1595,eeg_baseline_level_9.csv,6,AF8,60.00390625,70.0
4000.549736784893,571.5071052549847,1829.80315805752,193.48917699949416,253.48479814585073,403.3098710781956,50.41373388477445,109.90234274389933,33.17858270539556,40.75238023962082,61.59774368772482,7.699717960965603,14.04593536733731,3.985049093576043,6.456266794179662,142.6185045122403,3.753118539795797,6.004429122477343,0.9218428758006356,3.8828297883205627,192.51063876255859,2.1876208950290748,52.294475919002174,0.3818474992693848,1.2090543405365524,1.365780742285998,0.3457903795282552,0.0743529982523036,0.19249752591142025,0.24910601732353763,hjorth_mobility,hjorth_complexity,1.2869847951610243,0.767583289051802,-35.045814514160156,-350.5859375,213.37890625,-42.48046875,3213.030662991514,56.68360135869557,1595,eeg_baseline_level_9.csv,6,TP9,60.00390625,70.0
4556.727182790095,650.9610261128707,2080.365169436496,185.97771592445855,324.31378786340355,381.25758046090846,47.65719755761356,104.60705409322435,19.532303564844558,36.1678443212277,57.28498302287603,7.160622877859503,12.245403261025585,3.4696060375248283,5.663737995485453,137.6031066723007,3.621134386113176,8.829694222410147,1.4314701906087042,3.562413166360253,261.0966857070114,2.967007792125129,60.33101419925975,0.455840393376912,1.8584205857245661,1.4460630860871242,0.31065432888624417,0.06707204984190104,0.1779531581049496,0.31567839145860177,hjorth_mobility,hjorth_complexity,2.6226185001047675,0.8145764236236266,-13.868522644042969,-345.703125,399.4140625,-22.4609375,4244.165847158001,65.14726277563778,1595,eeg_baseline_level_9.csv,6,TP10,60.00390625,70.0
8227.47846995876,1175.3540671369658,2247.9777058055456,307.21490461508284,1113.6104451730444,548.949052692136,68.618631586517,197.63434229788788,12.208761798913475,44.346680058734336,39.66173113954376,4.95771639244297,7.447842308075325,3.1530454701635144,5.067976180358816,108.81757847739219,2.863620486247163,6.4180360079189365,0.7958997759862263,2.696987339348142,105.18052948792604,1.195233289635523,2.7937099822773,0.3953487043292842,1.1132966477056758,1.6780411613875348,0.2660490899501671,0.031680017704264304,0.09266713460766306,0.09939950556791669,hjorth_mobility,hjorth_complexity,2.7641426012908594,0.7049371573205309,-13.595771789550781,-142.08984375,579.1015625,-21.97265625,4450.7440935922195,66.71389730477615,1595,eeg_baseline_level_9.csv,7,AF7,70.00390625,80.0
573.9588021118919,81.99411458741314,145.74766591739225,28.052713870839906,77.27443237066723,148.8440867879827,18.605510848497836,41.4643324262595,4.515083247589533,11.259075806152154,33.27569474887095,4.159461843608868,8.159245836552424,1.5496398342448636,3.42762456309953,67.46705731623308,1.775448876742976,3.4186216742210176,0.5247956679329738,1.7535371238720103,97.70651674943657,1.110301326698143,2.0879498952626188,0.28402110113196627,1.0673961971026262,1.4214285189111109,0.5763696888536836,0.18424880852542255,0.43834905710297234,0.6809067350643698,hjorth_mobility,hjorth_complexity,2.6668447817254215,0.7835411525795256,-21.227264404296875,-119.140625,73.73046875,-20.5078125,456.7977221449837,21.37282672331818,1595,eeg_baseline_level_9.csv,7,AF8,70.00390625,80.0
1798.106097681389,256.87229966876987,398.4325561851763,157.82477954537876,243.62272604573946,866.1052826712946,108.26316033391183,173.74480290451262,55.33442250825074,108.68007296995897,246.35166304190457,30.79395788023807,52.0107465779105,17.35673331460012,25.890333965654612,131.14535423429348,3.4511935324814074,12.521007912175202,0.8875841523779113,2.9656706747552546,219.24674887266767,2.4914403280984962,59.21536098127942,0.49532750812946474,1.4122519315665225,1.3641875526574028,0.8765374422311643,0.3421618225920945,0.26468460115943443,0.4183584422134987,hjorth_mobility,hjorth_complexity,2.5828148466461793,0.7710577626171347,-26.361656188964844,-294.921875,81.0546875,-23.92578125,1463.2918565985165,38.25299800797993,1595,eeg_baseline_level_9.csv,7,TP9,70.00390625,80.0
1566.4439806279024,223.7777115182718,295.0337443271717,136.8398247131322,221.15534595430006,806.5189538503032,100.8148692312879,146.64467535277402,44.05960273369669,112.24960956228384,214.25640756414424,26.78205094551803,42.229437617960556,13.314283272252544,22.45405870029161,132.4786994089696,3.4862815633939364,7.237704339645522,1.5698698202484838,3.187052527443877,270.1721690379792,3.070138284522491,72.25138758844383,0.4577215406268231,1.823280658832541,1.3307977827123398,0.8858257232857534,0.3284555583903373,0.2921870745466578,0.5367590411013978,hjorth_mobility,hjorth_complexity,2.498784911566937,0.8075963346450055,-29.068946838378906,-275.390625,135.25390625,-26.3671875,1395.225262058375,37.35271425289432,1595,eeg_baseline_level_9.csv,7,TP10,70.00390625,80.0
1093.8478804010895,156.26398291444136,363.5402078045047,38.53012560288369,132.1072825844142,119.05833325612494,14.882291657015617,28.130369777943127,6.4680889365350565,11.648591852756248,24.394767836545693,3.0493459795682116,6.30892692685828,0.7838631308270986,2.633959991536739,42.87447054190159,1.1282755405763576,1.9814410099600335,0.38803617954753944,1.0540770524567342,63.059827641176355,0.7165889504679132,1.7234631104793723,0.17927887948350094,0.6962984048621665,1.538464935213371,0.3694765393059629,0.1025024602397871,0.2137602545658975,0.33216115795330803,hjorth_mobility,hjorth_complexity,1.9857600447673536,0.7574480847491187,-30.0994873046875,-243.65234375,40.0390625,-24.4140625,903.3852349966764,30.05636762811961,1595,eeg_baseline_level_9.csv,8,AF7,80.00390625,90.0
751.0658810468617,107.29512586383738,204.053824052366,49.40708673153634,80.8867796375953,105.13050633186292,13.141313291482865,24.482998051151974,6.942990168421208,10.542207460432786,23.926584868535848,2.990823108566981,4.504725030239361,1.692379964158197,2.971687766690618,53.6524983249354,1.4119078506561948,2.484197792869571,0.4441236158810137,1.3262269099775665,79.28603190688358,0.9009776353054952,1.839636330749309,0.23184766484542654,0.8680827618579547,1.5273930779107197,0.4249760070443708,0.13081380468699524,0.3306024364085911,0.5208133023045854,hjorth_mobility,hjorth_complexity,2.2157367091947533,0.7698034843798981,-21.3897705078125,-157.71484375,83.984375,-21.484375,550.0856693834066,23.453905205389713,1595,eeg_baseline_level_9.csv,8,AF8,80.00390625,90.0
5408.802356846412,772.6860509780589,1335.3053071052498,243.40215802952218,832.3559695622363,928.08857763351,116.01107220418875,278.310683794407,35.57504452271005,66.03937577951413,148.77072607131737,18.59634075891467,27.788703535328455,12.771119294817634,17.28906388011626,204.4153509764586,5.379351341485752,16.986329235883275,1.1804785882001196,4.884360908900565,319.2047442205146,3.627326638869484,47.88603744032944,0.6149665518435108,2.7611600748236826,1.5614034456316959,0.4833687651648439,0.11921077781266655,0.1949796429277069,0.30968598260754476,hjorth_mobility,hjorth_complexity,2.229004593680949,0.7525179262913566,-5.312156677246094,-309.5703125,310.05859375,-17.08984375,4858.156079681066,69.70047402766401,1595,eeg_baseline_level_9.csv,8,TP9,80.00390625,90.0
10363.95376903282,1480.5648241475458,3002.263378176698,403.3350212804112,888.3027768028628,1045.1800754036692,130.64750942545865,325.2048630199085,36.1647782940695,53.749617934491454,157.16817669314207,19.64602208664276,34.41910959785983,8.32203419732132,14.603790063872719,206.83508837457018,5.443028641436057,14.31360510248259,1.913794491878544,3.782792080110689,425.0394467187696,4.829993712713291,73.34440434066522,1.23385021122579,3.4740240595905028,1.5795983096873667,0.34538489192445604,0.07821324801515692,0.12326335547946166,0.24795849295043992,hjorth_mobility,hjorth_complexity,2.330725041408453,0.8112104908272484,-0.88653564453125,-314.453125,459.47265625,-17.822265625,7981.71823611483,89.34046247985752,1595,eeg_baseline_level_9.csv,8,TP10,80.00390625,90.0
356.1061249582679,50.872303565466844,114.97854346779302,21.584513215405188,38.51493149997296,72.3158193593526,9.039477419919075,20.315817142565972,3.0741870653123873,8.886855682532932,12.037068539278156,1.5046335674097695,2.6006990296209285,0.5946291145192223,1.4944696016660592,48.06756709669714,1.264935976228872,2.6174031369649287,0.400676045077092,1.125049688441082,87.60824754323242,0.9955482675367321,2.29358589697608,0.3552387497335612,0.9534254572160044,1.3628696857121445,0.48528375272960006,0.11746302194413714,0.4831488656641539,0.9173822779211447,hjorth_mobility,hjorth_complexity,2.9277798432872784,0.8440153481136021,-23.435020446777344,-90.8203125,55.6640625,-23.92578125,322.0866372794262,17.94677233597803,1595,eeg_baseline_level_9.csv,9,AF7,90.00390625,100.0
639.9062221341109,91.41517459058727,137.31862790386657,62.038349558004484,84.09485130425567,142.73788909181008,17.84223613647626,34.05717441692511,7.571562696607888,14.598337922556107,20.709871448588355,2.5887339310735444,5.237957679435531,1.155473545916009,2.265172136836079,62.825496597459804,1.653302542038416,4.170225623173559,0.40466408944526555,1.4906199399957687,121.1048927678138,1.3761919632706112,2.9765564413562746,0.42651978566553483,1.2904747185401386,1.4896382332089901,0.5442158668222001,0.11894104056059605,0.38909606616452264,0.7735059828338682,hjorth_mobility,hjorth_complexity,2.8791309335045594,0.8101249886304531,-22.680282592773438,-191.40625,95.21484375,-21.97265625,609.8908743297216,24.695968787025173,1595,eeg_baseline_level_9.csv,9,AF8,90.00390625,100.0
1196.7595672265504,170.9656524609358,292.39822075099073,78.8002645228211,159.77576619708577,755.1247944713903,94.39059930892378,144.54676809402088,45.720805203184895,99.97061887447039,134.18744966343644,16.773431207929555,40.393403298107216,3.983504469707329,14.709758950787943,155.3889273783367,4.089182299429913,8.824287794604537,1.2230224550386675,3.666256979510636,268.4283643483093,3.0503223221398783,41.83170288215862,0.6621450606623207,2.2349309261342967,1.2209322909371167,0.9491274769911207,0.2533518779407093,0.3830976507675276,0.6581415005409796,hjorth_mobility,hjorth_complexity,2.454558629946283,0.759865203964862,-33.624839782714844,-297.8515625,147.94921875,-33.203125,1765.6163705032668,42.01923809998542,1595,eeg_baseline_level_9.csv,9,TP9,90.00390625,100.0
2094.0985535692025,299.1569362241718,447.8134907279645,152.81979195064474,312.75516462343836,841.5761899191561,105.19702373989452,173.21635379112914,49.242031538301795,95.77884863839017,150.0682723520515,18.75853404400644,40.700731024773674,6.4776311687470916,13.883787756056993,137.18411672624308,3.6101083349011334,7.0848808711525155,1.0702960566212871,3.464612253556843,293.4343916052076,3.33448172278645,58.79174088012998,0.710673778954384,2.158906998598704,1.4192273190902136,0.8074688793925456,0.21225355543688698,0.26159862157936625,0.5250457765025199,hjorth_mobility,hjorth_complexity,2.4899396552428064,0.7727313392761265,-34.241294860839844,-383.30078125,98.6328125,-27.099609375,2565.2053064186475,50.647855891623365,1595,eeg_baseline_level_9.csv,9,TP10,90.00390625,100.0
139.3433201291835,19.906188589883357,29.06944583347115,10.639596982648134,20.524603970841405,36.34849797881096,4.54356224735137,8.48967460361061,2.424767086898593,3.398971745700697,11.869443787049352,1.483680473381169,2.3011655379499647,0.8961816307119648,1.3125790394079313,54.6237504024373,1.4374671158536132,3.567803223318001,0.342015452830112,1.2134557063180589,72.45749616213924,0.8233806382061277,2.1133820205193996,0.2768560314540337,0.7736926229493948,1.1579064042186897,0.45549887889822316,0.19035086605282234,0.8711252272567215,1.2895638306073733,hjorth_mobility,hjorth_complexity,3.250631699118051,0.848050287343636,-22.362518310546875,-64.453125,64.453125,-22.94921875,157.82713831868023,12.562927139750522,1595,eeg_baseline_level_9.csv,10,AF7,100.00390625,110.0
199.14065688909662,28.448665269870947,41.48087940824611,14.1279674926897,27.09904947015822,80.1773023199007,10.022162789987588,20.284926256166344,5.475119288378664,8.263606348589082,23.73787435166318,2.9672342939578975,4.764241948217399,1.563628602899657,2.7859847179726085,58.94593081751743,1.5512087057241428,3.384075209661441,0.7478984549285486,1.427401822990875,97.33581041225486,1.1060887546847142,3.143511537707948,0.2931317808270336,1.0413862705403596,1.1382620241536745,0.6184516043700102,0.24497444956940276,0.6866405125762703,1.198677191906274,hjorth_mobility,hjorth_complexity,3.2815900962525086,0.82241391476398,-19.872283935546875,-101.07421875,71.77734375,-20.01953125,242.13485361542553,15.560682941806427,1595,eeg_baseline_level_9.csv,10,AF8,100.00390625,110.0
1056.773150951094,150.96759299301343,198.67975110199814,86.75327836198869,151.8489629242683,721.8560683766553,90.23200854708192,166.0694040408397,46.65421690577025,83.75771278601115,191.3390023934898,23.917375299186226,44.17436802711048,5.555089582971643,23.057818358389277,152.47763451307978,4.012569329291573,9.758134046117393,1.4810954228061233,3.67390449954119,210.07527877002627,2.3872190769321167,48.59513931790631,0.4168296955016337,1.5143357636346335,1.2130630116700158,0.9677273986477937,0.35723874500916697,0.4037266638508875,0.5481424731779216,hjorth_mobility,hjorth_complexity,2.883553561666625,0.7398506148511866,-20.333480834960938,-299.31640625,112.79296875,-20.01953125,1514.1529658285435,38.912118495766116,1595,eeg_baseline_level_9.csv,10,TP9,100.00390625,110.0
1000.7118437779931,142.95883482542757,179.44490542046594,41.874568845947735,161.46059885937288,666.327810517654,83.29097631470675,130.32341094522621,45.88329509797604,83.12151988212278,181.74963264292384,22.71870408036548,37.80300956149852,9.785379896701986,22.866866407713296,135.39452581725905,3.5630138372962907,6.844253601541434,1.4424878868834334,3.1128602159319114,225.90073782646303,2.56705383893708,52.35555777731301,0.5488776848919497,1.6930785720773798,1.2001100093719912,0.9645874081854515,0.36530404106659753,0.3837754754088425,0.6116493380468784,hjorth_mobility,hjorth_complexity,3.1135302260940243,0.7560990077974833,-22.758865356445312,-326.171875,127.44140625,-20.5078125,1480.10821416392,38.47217454425887,1595,eeg_baseline_level_9.csv,10,TP10,100.00390625,110.0
67.85647241138336,9.693781773054766,12.474708251914542,5.989738890435586,10.23765302275163,26.783051103949262,3.3478813879936578,6.156582582743905,1.5525895314234452,3.4057620249386527,9.768650881397129,1.221081360174641,1.6536987030155776,0.845373312112258,1.1608668059637495,47.218412641848275,1.2425898063644283,3.152195064102413,0.4778721687002597,1.0258447028604365,58.54919463216758,0.6653317571837225,1.4694554117764291,0.2154542586469025,0.6146078806553481,0.9380835006259232,0.4878630256735203,0.22511674539239337,1.0600360286699988,1.4931872650735267,hjorth_mobility,hjorth_complexity,3.100262341607828,0.8333136526230541,-23.03314208984375,-69.3359375,55.6640625,-22.94921875,113.57668554410338,10.657236299533917,1595,eeg_baseline_level_9.csv,11,AF7,110.00390625,120.0
462.0845595053228,66.01207992933182,70.75735874593664,61.024169745436126,66.76866570872704,139.28860785150982,17.411075981438728,47.74860185531378,8.796085388958524,10.542462811934868,24.253306769675827,3.0316633462094784,5.430622257190132,1.9253027691899736,2.775984692192231,68.16235429285031,1.793746165601324,3.974768861298576,0.41681450896928646,1.6942412329015017,95.1444154393618,1.0811865390836568,2.816441167914443,0.3814260382320993,0.952573257953659,1.4240840592227832,0.6183607950347885,0.16487657565637923,0.501920703659594,0.7641151779905091,hjorth_mobility,hjorth_complexity,3.2462090709559854,0.7848106520108101,-21.553993225097656,-158.69140625,73.73046875,-20.99609375,436.96714183170116,20.903759035917467,1595,eeg_baseline_level_9.csv,11,AF8,110.00390625,120.0
2369.7312821213586,338.5330403030512,435.18913999097094,218.14485298653133,346.39268289796564,1043.7245485152569,130.4655685644071,238.8836144143826,55.985476573825316,133.28840832874926,167.84552128562694,20.980690160703368,41.87110414088632,9.84301367974529,18.50811309373752,145.61820082667836,3.832057916491536,11.505870719605104,1.5631538241575238,3.037492976924007,154.65495830840473,1.7574427080500536,33.856524076335454,0.2780934528795961,1.1535575221269994,1.457406088986347,0.8766665595422267,0.217102997135939,0.2497750633866453,0.2759542951479345,hjorth_mobility,hjorth_complexity,2.7376068323184675,0.6867941412941486,-21.932029724121094,-359.86328125,201.171875,-21.484375,1781.761206475494,42.21091335751329,1595,eeg_baseline_level_9.csv,11,TP9,110.00390625,120.0
2834.736307904255,404.9623297006079,576.6800651676168,218.1095292153546,393.7621052281631,1176.8581205868104,147.1072650733513,285.8572590673968,65.06362619735091,144.16447299503147,160.06578562543933,20.008223203179917,42.79063473112557,8.721349253644645,18.496533105047988,134.89015133721185,3.54974082466347,10.91240098182004,1.0152674582354368,3.3789557482361166,196.4042633994144,2.2318666295388,57.737818702255,0.4715534342491122,1.2518805234179369,1.472349536537937,0.8593685604723078,0.18475948819304933,0.20689863242678774,0.28495238966256065,hjorth_mobility,hjorth_complexity,3.1135302260940243,0.7324923605615669,-21.828269958496094,-369.62890625,240.72265625,-20.99609375,2075.421731242386,45.55679676230964,1595,eeg_baseline_level_9.csv,11,TP10,110.00390625,120.0
264.3186005480273,37.759800078289615,68.86420151616431,10.174695867888934,36.2895955605627,58.237061529562475,7.279632691195309,12.759959317381664,3.0292643627109057,6.096385845771473,12.88109862430755,1.6101373280384437,2.7879133674619943,0.9309170887740856,1.4207347448425791,94.14557471223652,2.4775151240062243,5.532870786075661,1.0199822084946533,2.0670912301546527,132.48299124085577,1.5054885368279065,4.465348423184062,0.324129912313704,1.4329653402460059,1.1634626309514844,0.4155950889655214,0.12528246253509479,0.8388352705287171,1.2949500334956858,hjorth_mobility,hjorth_complexity,3.520412017004039,0.8557046093853802,-23.126220703125,-109.375,70.3125,-22.4609375,280.98054230213165,16.762474229723118,1595,eeg_data_level_1.csv,0,AF7,120.0078125,130.00390625
1145.2155995878636,163.60222851255193,246.42314587069157,77.46190935981674,163.24129838121533,291.8442793577577,36.480534919719716,83.00810394276635,6.5430348438660415,24.333676902768065,15.626268201611248,1.953283525201406,3.5568580400882093,0.9431004671684529,1.353395092686084,111.0938858198415,2.9235233110484606,5.429582493810354,0.5318901769310043,2.6631609359152435,175.30047293263,1.9920508287798862,4.257023260936287,0.5274693034895138,2.0739197843451587,1.496140192227161,0.5827315670124904,0.057983058974685295,0.3881770413944781,0.656526789881745,hjorth_mobility,hjorth_complexity,3.2196733019835935,0.817620674066604,-20.705795288085938,-184.08203125,116.2109375,-20.01953125,788.3603799564298,28.077755963688226,1595,eeg_data_level_1.csv,0,AF8,120.0078125,130.00390625
3082.5999893660673,440.37142705229536,577.628482321131,216.39303461029775,502.4124722063873,1237.1479330299192,154.6434916287399,308.9397724804328,83.60351231222405,137.61126616454274,283.0349133679282,35.379364170991025,62.14553944411115,14.681852446152087,36.29006420687726,153.22587367263642,4.032259833490432,13.38215441234941,1.5260784463294153,3.4732654354999424,220.27702303217123,2.503147989001946,59.662003869119175,0.29575208023691635,1.5007052074070697,1.4607130807355135,0.8323059525471681,0.271771801589538,0.21184023221393666,0.2935512075363722,hjorth_mobility,hjorth_complexity,2.684535294373683,0.712969366242852,-27.49176025390625,-314.94140625,157.2265625,-22.4609375,2280.972225125879,47.7595249675484,1595,eeg_data_level_1.csv,0,TP9,120.0078125,130.00390625
2208.7215460306825,315.5316494329546,450.90440573676625,253.50821138368954,314.7558050786476,1052.4204058905284,131.55255073631605,293.8090924873866,64.67796209789921,114.37351692953528,271.59559876218293,33.949449845272866,54.72660104294954,14.464200671319771,36.219460621730185,147.0786979202379,3.870492050532576,15.608380912116571,1.8262544547404462,3.297657099698153,957.6335429631143,10.882199351853572,531.8218401656782,0.7209993629480312,1.7104201049680512,1.2594028848058527,0.7736620585834652,0.2783926909672603,0.2175665789360309,0.7112423232935372,hjorth_mobility,hjorth_complexity,4.06439528093808,0.9620114678280711,-25.338363647460938,-334.9609375,134.765625,-22.4609375,2040.164794161683,45.168183427736864,1595,eeg_data_level_1.csv,0,TP10,120.0078125,130.00390625
33.29884644665808,4.7569780638082975,6.077086106160918,3.5319207518275713,4.559724297122808,24.773936155676513,3.096742019459564,4.990303313594601,2.169109756132609,2.3702781449513703,8.299382796394237,1.0374228495492797,1.9153494360583834,0.5005499926399567,0.8286490212297719,51.87689100399083,1.365181342210285,4.290359354052237,0.4437680838573434,1.1843265283362907,114.80231391076006,1.3045717489859099,3.053371502809947,0.4042494187329524,1.2540814689183686,0.507624895433774,0.41407390702335245,0.17177367931403903,1.013338769221617,2.2931091371114887,hjorth_mobility,hjorth_complexity,4.073240537262211,0.9143493682217043,-22.35279083251953,-68.84765625,35.64453125,-21.97265625,131.12886048475048,11.451151055014098,1595,eeg_data_level_1.csv,1,AF7,130.0078125,140.00390625
449.1025038021748,64.15750054316783,139.33839286731603,37.25830019092799,43.544017077083396,73.82255012002668,9.227818765003335,16.48850775100343,2.195520822156428,9.703298366931117,18.613815419154534,2.3267269273943167,3.418824705821086,1.6477357022547634,1.935542232446665,82.17372269963926,2.162466386832612,5.1327648680282705,0.5202661742983807,1.6593670276484191,142.8987423290453,1.623849344648242,3.5476598797021324,0.4367719246419441,1.5007063940537915,1.3339251339698266,0.3945261571685408,0.1327244423403393,0.5826063919923297,1.0740276997995069,hjorth_mobility,hjorth_complexity,3.1489112513905475,0.8618608831084669,-21.22516632080078,-120.1171875,60.546875,-20.5078125,387.0814630863606,19.674385964658736,1595,eeg_data_level_1.csv,1,AF8,130.0078125,140.00390625
3191.3070065675006,455.9010009382144,1023.9330725586234,259.6449447195239,300.55570869346764,842.7575127020442,105.34468908775553,169.57062159133864,43.008747629914154,100.51290817862017,221.44110388886568,27.68013798610821,45.16006696816843,10.51363311138015,30.25118413681785,120.10204144348474,3.1605800379864406,12.342525529680977,0.8839391992750545,2.4493162484797466,173.32094781423376,1.9695562251617473,51.29491452912826,0.39318620990421493,1.0324517210422197,1.47035822403321,0.6661657302627307,0.2372695610375915,0.18133791425188434,0.24955378956507632,hjorth_mobility,hjorth_complexity,2.5253206805393296,0.694967957908874,-21.271705627441406,-250.48828125,125.48828125,-19.04296875,2270.0715218888945,47.64526757075559,1595,eeg_data_level_1.csv,1,TP9,130.0078125,140.00390625
3447.4132508062257,492.48760725803226,1029.2773463278932,318.0602984063669,386.5720667361905,890.2241271370729,111.2780158921341,193.18498348978704,46.3194982083502,100.70395015156907,246.63973110569077,30.829966388211346,51.92830038297737,13.560532366801018,29.70828935312303,153.4656176244678,4.038568884854416,12.348594659902036,1.10034994378292,3.8127739349228245,920.0423240452792,10.455026409605445,529.2307727428379,0.28274494297995095,1.4237025447225484,1.4007984166566745,0.5934148741402242,0.21793874953675166,0.1881840895255331,0.565017486515669,hjorth_mobility,hjorth_complexity,4.055550024613949,0.9376705858263917,-23.22711944580078,-273.4375,153.80859375,-20.01953125,2842.8584115681588,53.31846220183173,1595,eeg_data_level_1.csv,1,TP10,130.0078125,140.00390625
92.24177970914428,13.177397101306326,22.84955150579891,9.473275805693406,10.264535826565412,25.96908188195921,3.246135235244901,4.981009165529767,1.7919604489304979,3.0341126332268216,8.590919179292904,1.073864897411613,1.4963690973507853,0.5987646272970785,1.0651637233749303,71.51809900294401,1.8820552369195793,3.754509084270983,0.4051373501719268,1.8572644074421327,145.8988704825463,1.6579417100289353,4.191277728426375,0.7006034714184451,1.5643339374308858,0.7945342442986068,0.31892396977557386,0.13116558318616298,0.9639963212237012,2.0421833336188424,hjorth_mobility,hjorth_complexity,3.785769706727961,0.8928867167393435,-23.065948486328125,-104.98046875,40.52734375,-22.4609375,188.99270275142044,13.7474616839408,1595,eeg_data_level_1.csv,2,AF7,140.0078125,150.00390625
622.1598858438476,88.87998369197824,154.24253534145853,56.15259773139892,67.86338869832575,149.13445169828083,18.641806462285103,43.85995054948375,6.191869711890401,13.45427306441147,21.6413557453721,2.7051694681715124,4.380114759946395,1.601565237706836,2.4573387736251204,109.14207829732452,2.8721599551927506,6.281507659319835,0.6230110424061858,2.452823225813357,176.38886901942232,2.004418966129799,4.63983904580997,0.6985244159246146,1.8987851865906697,1.3229851438888145,0.502649063851927,0.11175251290152476,0.5514355758497862,0.9537901836629724,hjorth_mobility,hjorth_complexity,3.0427681755009783,0.841643138114409,-21.282958984375,-132.8125,101.5625,-20.5078125,579.543262720108,24.07370479839171,1595,eeg_data_level_1.csv,2,AF8,140.0078125,150.00390625
2978.0525768504276,425.43608240720397,761.7566429474318,132.85540236554158,398.0760313493481,1169.603174868193,146.20039685852413,332.3369066955955,58.430856667660834,117.10738442273677,324.88842501192806,40.61105312649101,68.15372608752503,21.425838797423395,36.54349750608397,156.09376948272077,4.107730775861073,17.098027139211332,0.9676231466624718,2.8391234583106493,200.86341190556587,2.2825387716541576,54.821474444444114,0.32798316771734926,1.1971323349095926,1.3929026549341719,0.7896569016108959,0.30811287838300055,0.21217192152297049,0.2711668686160048,hjorth_mobility,hjorth_complexity,2.379373951191172,0.6800202800022876,-23.004531860351562,-242.1875,144.04296875,-21.484375,2380.03685590229,48.7856214053105,1595,eeg_data_level_1.csv,2,TP9,140.0078125,150.00390625
3457.4392802261395,493.9198971751628,896.6109595210763,197.69969149693966,433.8587704714304,1203.082990110449,150.38537376380611,329.6421567422658,60.490342179626296,127.9918484608522,328.32622974599013,41.04077871824877,72.10491969786763,20.911923227427863,37.0398341025038,164.0945692281594,4.3182781375831425,19.564961812734076,1.3670112632956557,3.347661234797357,950.8940746685955,10.805614484870404,530.4008534928188,0.41094389000728426,1.6949031244671113,1.3374744476279912,0.6901696688334553,0.2578073498626733,0.18366899491149055,0.5699468099191015,hjorth_mobility,hjorth_complexity,3.5734835549488233,0.9316553790112828,-21.619033813476562,-277.83203125,170.41015625,-20.01953125,3042.5031947379466,55.15889044150495,1595,eeg_data_level_1.csv,2,TP10,140.0078125,150.00390625
104.7398354467827,14.962833635254672,29.13878380063183,4.311174877539288,11.10696454294373,35.58040840589277,4.447551050736596,9.178022356310995,2.6374113178508654,2.89880978853624,11.60247662618843,1.4503095782735538,1.8944593052988985,0.7177466938941767,1.5799174579995459,69.40410657554462,1.8264238572511742,4.972999058216668,0.487996621577925,1.8087767204826584,123.81501260176194,1.4069887795654765,2.7545100681632593,0.605896311049969,1.3738386885631737,0.8380134944973403,0.4047875290035987,0.16867896616657885,0.9432640461506006,1.8037327467737914,hjorth_mobility,hjorth_complexity,3.630977721055673,0.8866216976211921,-22.770309448242188,-104.00390625,37.59765625,-22.4609375,191.67534177540801,13.844686409428276,1595,eeg_data_level_1.csv,3,AF7,150.0078125,160.00390625
682.93866009162,97.5626657273743,182.31882169766973,31.090761017980057,83.90640544248573,124.89455787120998,15.611819733901248,36.60042819103746,5.3308482654577825,13.986127496729337,18.336555287845638,2.2920694109807047,3.1610470752353637,0.8807736321158383,2.458228620127121,91.78340204309602,2.415352685344632,7.804148112198876,0.7976349701084544,2.119164425205037,151.6621885817769,1.7234339611565554,3.571800817004787,0.2940734004736876,1.6353734261404549,1.3929873658595324,0.45569189692106776,0.09955102589594172,0.4870443961571559,0.8604537782440058,hjorth_mobility,hjorth_complexity,3.1179528542560897,0.8442619892168974,-22.49927520751953,-149.4140625,93.75,-21.97265625,577.3202719501569,24.027489921965568,1595,eeg_data_level_1.csv,3,AF8,150.0078125,160.00390625
3632.9108692153986,518.9872670307712,772.4121995074539,409.8929366521299,470.35521757435566,1473.1926015351971,184.14907519189964,279.3549789425054,106.70764843226223,164.61379770764046,391.06759534802904,48.88344941850363,87.56108080200612,19.940978807672256,46.29356142929373,168.07699850813177,4.423078908108731,19.824887833427695,1.1789871096590017,3.0298411992469187,220.13932540000204,2.5015832431818414,55.668715069727796,0.5477334105772629,1.5615392727099129,1.4579759168030333,0.8359851579855844,0.30504649961004815,0.1916667281455935,0.2537064754886741,hjorth_mobility,hjorth_complexity,2.4324454891359566,0.643113962199455,-24.38945770263672,-359.86328125,128.41796875,-20.01953125,3157.6283741378575,56.19277866539309,1595,eeg_data_level_1.csv,3,TP9,150.0078125,160.00390625
3778.4718076471763,539.7816868067395,806.2253178448154,347.8590417125092,514.8472905069474,1522.9688939130235,190.37111173912794,314.190863029778,109.73697776110595,166.77389642614665,364.21410762785706,45.52676345348213,76.2080347200495,21.660656500538934,43.946816976181836,171.71324505661423,4.518769606753006,23.53955392588187,1.675242765022683,3.0852572305796393,940.2897317297496,10.685110587838064,513.760774708619,0.847529551773698,1.813696807857304,1.3684882223276849,0.7714613141359028,0.25844058543174264,0.1735983161762989,0.530480598384596,hjorth_mobility,hjorth_complexity,3.7061623998107844,0.8935183126049503,-24.004364013671875,-373.53515625,151.3671875,-19.53125,3629.9975303700194,60.24946083053374,1595,eeg_data_level_1.csv,3,TP10,150.0078125,160.00390625
244.9830831982835,34.997583314040504,54.44411765677973,18.549772947142472,38.51446273194641,62.887360122351005,7.860920015293876,13.619708852257986,4.5504127720262515,7.74886328629405,19.978052099950833,2.497256512493854,4.4000081287854425,1.1182540758654376,1.5873963093762822,72.31742968423706,1.9030902548483435,3.556323336073916,0.6025936426360037,1.8302924683315402,123.81065102730483,1.406939216219373,2.9788403961123056,0.5736651722841558,1.3121651638874106,1.1741780348041888,0.46815860509034235,0.18520767482014658,0.7172887614089659,1.2952078062753758,hjorth_mobility,hjorth_complexity,3.5779061831108887,0.87112746934359,-21.673202514648438,-82.51953125,78.61328125,-21.484375,259.0169337054249,16.094003035460908,1595,eeg_data_level_1.csv,4,AF7,160.0078125,170.00390625
909.7821934413637,129.96888477733768,178.69861098862935,67.32730552137521,138.0187646484942,217.65518377015758,27.206897971269697,61.851714864311106,8.09084595396894,17.719517863669275,28.64504237991468,3.580630297489335,8.288132999854797,0.7457366442133058,2.505089873191223,93.04099659036584,2.4484472786938376,4.360390780619828,0.7605794259204594,2.3334803990647472,153.0609918515312,1.7393294528583092,4.747442802152419,0.5492969645823723,1.6759446263748876,1.4591172708299056,0.5515259709892197,0.11231402896726743,0.39621967036526473,0.6875543365736385,hjorth_mobility,hjorth_complexity,3.0560360599871745,0.8352602923086755,-20.816802978515625,-198.2421875,96.6796875,-20.01953125,644.371923408471,25.384481940911677,1595,eeg_data_level_1.csv,4,AF8,160.0078125,170.00390625
3181.7361585125072,454.5337369303582,578.8860899568602,334.6032354049225,458.77188814647695,1782.1584607224568,222.7698075903071,381.6843269175419,87.08275068389256,190.76623101871013,371.57199043774057,46.44649880471757,85.33994393201432,20.818785867633967,45.35948957326862,153.57158377217104,4.041357467688711,15.02193681250669,1.2106942117227943,2.691205834003723,244.2658498421543,2.775748293660844,54.408095967622046,0.39357611358439304,1.8725622941643523,1.3796923095438258,0.9617893568685532,0.3019699398090441,0.18464192490260697,0.29034402081361466,hjorth_mobility,hjorth_complexity,2.392641835677368,0.665844449747288,-21.765708923339844,-293.45703125,129.8828125,-20.01953125,2573.034274064412,50.72508525438288,1595,eeg_data_level_1.csv,4,TP9,160.0078125,170.00390625
3855.7380265535,550.8197180790714,806.4859415621181,387.14640663928486,517.7077494285777,1906.2265758535755,238.27832198169693,380.4470230418986,88.33043442486554,229.035121930684,377.7001057478899,47.21251321848624,92.56127780283704,19.919083111444085,42.98155440740337,188.52477957009833,4.961178409739429,12.52720303695958,2.0763318275524405,3.8735805357063424,1052.371974715354,11.958772439947206,538.3313596841618,0.7029106880907635,3.1030174759699594,1.3177443197692849,0.844669618441725,0.24778592440090264,0.1789161830340793,0.5842520285126215,hjorth_mobility,hjorth_complexity,3.5159893888419735,0.9118903373068661,-22.777938842773438,-314.94140625,167.48046875,-19.04296875,3389.135282341158,58.21628021731686,1595,eeg_data_level_1.csv,4,TP10,160.0078125,170.00390625
306.0370476053498,43.71957822933569,80.34480037600323,27.461395962814468,32.22440208549147,62.195576579018436,7.7744470723773045,11.505478506992112,3.0261641843966234,7.5016048758363745,13.981879874951202,1.7477349843689003,2.105331103945327,1.3815221623779257,1.7779080447468159,69.97453417556216,1.8414351098832147,3.8164397189787596,0.5797495402731259,1.6685900148472603,111.51778614144473,1.2672475697891448,3.6642106612275693,0.4376953150244984,1.1540181023141203,1.290304860631845,0.44694828951047916,0.1367394857379881,0.6700406245926013,1.1345125578892397,hjorth_mobility,hjorth_complexity,3.582328811272954,0.8655486509054706,-21.549606323242188,-144.53125,69.82421875,-21.484375,291.35367934941314,17.06908548661624,1595,eeg_data_level_1.csv,5,AF7,170.0078125,180.00390625
337.6385936467821,48.23408480668316,73.77331927796465,29.993352086933676,36.55608914262304,98.20918029464917,12.276147536831147,24.28455730582394,3.676917528327602,11.249260490099498,20.966345977038145,2.620793247129768,4.510373285392206,1.074866590455211,2.1222063643802755,74.37975165251565,1.9573618855925172,5.013910829804364,0.4309293749481833,1.8538389075360935,132.58603970274555,1.506659542076654,3.1855597555435113,0.37234538728816535,1.5154002358029515,1.259542398868288,0.5465509521520991,0.16385255387125292,0.6099718466337304,1.1520459580096651,hjorth_mobility,hjorth_complexity,3.3744652876558816,0.8629407649923911,-20.214080810546875,-150.87890625,86.9140625,-20.01953125,365.7146909972653,19.1236683457245,1595,eeg_data_level_1.csv,5,AF8,170.0078125,180.00390625
3072.306293155101,438.90089902215726,525.8540102487747,288.73452517750616,423.9792504796499,1792.3109033367664,224.0388629170958,433.2216408097505,127.38006317377351,205.3001327870361,376.0511514139007,47.00639392673759,100.45416215145318,20.05731646932541,43.19136853769173,163.73756924151272,4.30888340109244,16.59666984965871,1.0985766334671623,2.764973017383925,180.0460069893971,2.04597735215224,52.41665552375018,0.3887412026606918,1.0073223576958656,1.3750478882384072,0.991050660041358,0.3079650633893283,0.19791427938564712,0.21964739103515274,hjorth_mobility,hjorth_complexity,2.618195871942702,0.6671153880597434,-20.190048217773438,-372.0703125,116.69921875,-18.5546875,2631.9635844265576,51.302666445581146,1595,eeg_data_level_1.csv,5,TP9,170.0078125,180.00390625
2951.5465272089446,421.6495038869921,545.8841703538166,205.41940812769892,491.44281907991456,1786.0215733298592,223.2526966662324,480.0305812882606,95.75661878840876,198.48751166809237,367.70339788353607,45.96292473544201,77.1586435834558,23.61170176374732,45.95296231017958,161.64293052496328,4.253761329604297,21.55735362489605,1.1475558916207858,3.188747101030103,934.7760646009565,10.622455279556323,526.9233732653241,0.3982745353827572,1.5702439046411865,1.2470566516135115,0.9088482071434075,0.2821163459721186,0.18111546749377747,0.5490103378754472,hjorth_mobility,hjorth_complexity,3.980365345858838,0.9208309113619477,-21.475601196289062,-321.77734375,136.71875,-19.53125,2982.393761485582,54.61129701339808,1595,eeg_data_level_1.csv,5,TP10,170.0078125,180.00390625
41.40370391090282,5.914814844414688,6.654095234483929,4.969797595201874,5.7797606437063,24.11571009431065,3.0144637617888312,5.5365396955030866,1.6477548282953607,2.4695690155274983,10.811330185696878,1.3514162732121098,2.119047786328511,0.8497977443467729,1.2261143821047056,61.593699552467314,1.6208868303280872,3.809209200912072,0.4365882698661842,1.3911356676898745,106.72279955569174,1.2127590858601334,2.5478631381091463,0.3448705679155706,1.1125528513088407,0.5813874312631931,0.3902742441505386,0.2086627570414335,1.133665593715825,2.084068805974566,hjorth_mobility,hjorth_complexity,3.5027215043557773,0.8563646300774127,-19.9859619140625,-61.5234375,68.84765625,-20.01953125,162.39154152572155,12.743293982551041,1595,eeg_data_level_1.csv,6,AF7,180.0078125,190.00390625
320.59375451480776,45.799107787829676,79.53493908946368,17.929936011499702,31.783867472007394,82.72607178681557,10.340758973351946,15.901817452925762,4.994700517410452,11.29324027636018,15.458067495151761,1.9322584368939701,3.733083402392772,0.8283403734390534,1.8808389389928761,78.29595583786586,2.060419890470154,4.3704038440272,0.6004308317620406,1.9752412030878892,129.21974965133347,1.4684062460378804,3.5289876360770287,0.25673114506030276,1.4708590694551233,1.2093501610895576,0.49731047494470954,0.13006141249782266,0.655237338358798,1.1473145637190485,hjorth_mobility,hjorth_complexity,3.144488623228482,0.8447517322739013,-20.15552520751953,-170.41015625,44.43359375,-18.5546875,427.25842617073795,20.670230433421345,1595,eeg_data_level_1.csv,6,AF8,180.0078125,190.00390625
2652.2382248299577,378.8911749757082,599.4250137155819,232.17749146454045,326.6088684401561,1120.5913107340152,140.0739138417519,256.21556744342575,61.7422816084361,153.57800418800315,253.74386860833363,31.717983576041703,75.37803399457712,11.41562888762019,26.7288923270428,144.9308218459522,3.813968995946111,10.89656206762133,0.7323436410780366,3.0146370485824323,177.71366097367957,2.0194734201554496,54.18211903202994,0.3225385299531744,1.0419400596787587,1.4427781124085133,0.8451400663538081,0.2706748048672354,0.22268201422856818,0.2648460193351613,hjorth_mobility,hjorth_complexity,2.569546962159983,0.6672566664044305,-23.06690216064453,-317.87109375,157.71484375,-19.04296875,2426.002015672566,49.254461885930354,1595,eeg_data_level_1.csv,6,TP9,180.0078125,190.00390625
3181.986553220137,454.56950760287674,673.6758885958848,290.002146027195,426.04666131794227,1177.1049565756432,147.1381195719554,286.669195129251,66.51848986197611,158.46107900948232,243.80352579982667,30.475440724978334,68.55401261904652,8.893199700180588,27.708189608094038,141.53973704308027,3.724729922186323,8.855391262602316,1.1823217035081806,3.1108124263918393,882.2273748093675,10.025311077379175,497.390717769325,0.6101097063888348,1.504111743215764,1.3802659720190644,0.7232616322839271,0.21284142615454946,0.17626553766424916,0.5646997601857613,hjorth_mobility,hjorth_complexity,3.9847879740209033,0.9121995023247387,-23.673057556152344,-363.76953125,134.27734375,-17.578125,3189.806193950062,56.47836925717723,1595,eeg_data_level_1.csv,6,TP10,180.0078125,190.00390625
145.67471468828592,20.81067352689799,37.08745064259152,10.930150636824614,17.76336310232353,98.81613035815236,12.352016294769046,21.072423677318213,6.636403589046241,10.823832224480423,44.3195279365882,5.539940992073525,7.317444276387237,4.0954178901481395,5.371726890962609,101.86219006051596,2.680583948960946,6.0951660183738285,1.195520562350622,2.5905250860344617,87.96801065949457,0.9996364847669837,2.0524927499766763,0.2899163744378011,0.9577807002605083,0.8890917132974843,0.7128124825588498,0.39459743744476694,1.046355153027413,1.0740648907984636,hjorth_mobility,hjorth_complexity,3.5248346451661043,0.8224549678057356,-21.642112731933594,-140.625,133.30078125,-21.484375,246.2304979781038,15.691733428085751,1595,eeg_data_level_1.csv,7,AF7,190.0078125,200.00390625
385.63989408571797,55.09141344081685,106.08564872679125,23.28145069130672,50.66455456388299,109.79754189049582,13.724692736311978,21.89591798139603,3.797108615688775,16.13038572208172,39.64505070472425,4.955631338090531,7.619319710082199,3.2891488058452776,3.986057423313854,128.71001833429645,3.38710574563938,7.805799286219116,1.3269409000840007,3.137059509269943,127.07847974661232,1.4440736334842308,3.4899060740077723,0.2509769194570893,1.3162522082878305,1.1990997801312426,0.5295420336396581,0.24347516827914512,0.8460631411108156,0.9610534487129596,hjorth_mobility,hjorth_complexity,3.06045868814924,0.8112998724018534,-19.295883178710938,-201.66015625,120.1171875,-20.01953125,498.6102854309138,22.32958318981601,1595,eeg_data_level_1.csv,7,AF8,190.0078125,200.00390625
2225.454231270161,317.9220330385944,501.7999238695395,140.90019807458077,320.9907926994621,1371.4345292766204,171.42931615957755,333.49746689052677,68.12457407616569,116.28063845553814,301.19818196032,37.64977274504,78.81498774062088,10.467267412255868,29.75636915392716,191.33625702673882,5.03516465859839,13.79619733507105,1.5417819385411071,4.093327998728482,193.92064445706188,2.203643687012067,53.616617591845284,0.4071680281240025,1.1418998709720385,1.3077230295829714,0.9651955885125801,0.3149961129913593,0.2909233980003032,0.29716271822983936,hjorth_mobility,hjorth_complexity,2.401487092001499,0.6794798147080073,-20.665550231933594,-309.5703125,162.109375,-18.5546875,2434.9806681493646,49.34552328377281,1595,eeg_data_level_1.csv,7,TP9,190.0078125,200.00390625
2196.4000934776927,313.7714419253847,449.5278743225324,199.29408656303633,340.70508827059786,1272.2939022608016,159.0367377826002,292.7738548639011,65.829871189239,119.52638778928602,254.74607809536332,31.843259761920415,70.64847933694948,7.085811199077501,26.648185709108315,196.3241014518351,5.166423722416713,15.746652424680677,1.4305027514249262,4.466555013906938,893.3201100277871,10.1513648866794,511.40165340029347,0.4024580421717572,1.3785139098685573,1.2152754468028992,0.8499002595840441,0.24955292709492394,0.2676911146238171,0.6299444399282277,hjorth_mobility,hjorth_complexity,3.887490154455465,0.9352905456732065,-19.674301147460938,-299.31640625,133.7890625,-16.6015625,2528.226028516656,50.28146804257664,1595,eeg_data_level_1.csv,7,TP10,190.0078125,200.00390625
125.3829844531185,17.91185492187407,36.94673415426788,3.0451367494979587,17.389339565660826,35.037900466903366,4.379737558362921,9.031075924145329,1.5138840470142878,3.382309263018043,10.354253592884955,1.2942816991106194,1.9960167534474422,0.7559866206665316,1.1551336591357364,61.53727457617754,1.619401962530988,3.136077266313314,0.5383836313331555,1.5257112919961777,102.00138079280697,1.159106599918261,2.6496433408993973,0.38365496181590264,1.1481555091068167,0.970925949067283,0.4159833543663735,0.16007993100853551,0.9052150251843198,1.5988428163228914,hjorth_mobility,hjorth_complexity,3.476185735383385,0.8562554829800219,-22.29290008544922,-113.76953125,33.203125,-21.97265625,189.6280620348989,13.770550534924118,1595,eeg_data_level_1.csv,8,AF7,200.0078125,210.00390625
746.1505942611295,106.59294203730421,218.72011601113596,30.26033764277909,80.6159264492206,149.59298953438346,18.699123691797933,37.59979301268262,7.44340053257796,14.973554599964555,30.529420228341383,3.816177528542673,7.877401415763931,1.2007392127348813,3.0909763522590428,85.3378007602158,2.2457315989530473,5.560657952988908,0.4363250765752482,1.9348573819278583,134.27278418952903,1.52582709306283,3.625946053947553,0.4468491949292812,1.487129416220522,1.3852768548479877,0.4987899863270323,0.1431483007230211,0.4389531285699261,0.7388236837626836,hjorth_mobility,hjorth_complexity,2.671267409887487,0.8127170254959621,-19.05059814453125,-133.7890625,114.74609375,-19.04296875,606.3581793569028,24.62434119640367,1595,eeg_data_level_1.csv,8,AF8,200.0078125,210.00390625
3736.4596837851186,533.7799548264455,990.3438357712619,267.9912105906329,532.5544157398267,1621.9752925088535,202.7469115636067,299.1559239142737,79.87185191579273,199.1873602469598,430.9495891130578,53.868698639132226,97.1771872692237,21.888098123912286,42.29491149457246,184.66410309566632,4.859581660412272,25.376538045367553,1.351843047042945,2.850954859921268,194.77096236744492,2.213306390539147,61.088954380115325,0.32958918294030937,1.1710162896069802,1.420416727590432,0.8681280401137844,0.31876522116058115,0.1984776295550586,0.21336188555150565,hjorth_mobility,hjorth_complexity,1.9415337631466998,0.6217144870053567,-19.734764099121094,-309.08203125,118.65234375,-16.11328125,3195.835862097738,56.531724386380944,1595,eeg_data_level_1.csv,8,TP9,200.0078125,210.00390625
4144.436860805671,592.0624086865245,1062.0085273412108,320.33963326531807,522.8686111972747,1673.3290614624307,209.16613268280383,317.73754639336755,90.16395104741596,200.1717698863415,409.9448243312308,51.24310304140385,94.49621435606464,18.303731245808457,37.28652709359646,185.5234021430394,4.882194793237879,22.776365945709355,1.4159671076662321,2.8221367344298107,886.3494746406759,10.072153120916772,522.8867408440063,0.23921024333567306,1.1142037865619883,1.3615422289092323,0.7866692250426806,0.26617171322491867,0.17259165167939994,0.44436631301901974,hjorth_mobility,hjorth_complexity,3.396578428466208,0.883651234891619,-20.591163635253906,-306.640625,166.015625,-17.08984375,3778.2477590008057,61.46745284295426,1595,eeg_data_level_1.csv,8,TP10,200.0078125,210.00390625
34.737059110251515,4.962437015750217,6.087969611451157,3.456218875339885,5.364693468739002,20.876398754657096,2.609549844332137,3.6671543982926047,1.9298774915703463,2.6597005079549385,6.83481691644214,0.8543521145552675,1.1744438667351735,0.3793097108608375,0.961929149369616,60.347954902556246,1.5881040763830592,2.6401912441624353,0.4386121355523113,1.749914117621497,80.68742474821372,0.9169025539569741,2.502760085473814,0.26171452516221794,0.8335613625545479,0.5816407999009253,0.40907335721703675,0.16643646503061424,1.2989913344145478,1.9251908507983004,hjorth_mobility,hjorth_complexity,3.6221324647315423,0.8686113851962534,-21.663856506347656,-53.22265625,27.34375,-21.97265625,114.20670049119508,10.686753505681464,1595,eeg_data_level_1.csv,9,AF7,210.0078125,220.00390625
211.9549312233728,30.279275889053256,49.0707160072717,12.520972981498447,30.835625612612304,67.70715158887288,8.46339394860911,16.96101456600284,3.5680882955890016,7.908883601532369,16.177673029905378,2.0222091287381723,2.3759052576026547,1.3469861895586996,2.167932089333999,82.92975034768993,2.1823618512549983,4.372407190415367,0.6468739048053023,1.7911119424487083,109.23895622396762,1.2413517752723593,3.340516195104499,0.30233143076080715,1.1569987396487496,1.1143077395918268,0.5188163513471019,0.17135423616095646,0.8501118489118197,1.2459702705203508,hjorth_mobility,hjorth_complexity,3.0958397134457627,0.8307452717396258,-22.81360626220703,-100.5859375,37.59765625,-21.97265625,275.0739018301829,16.585352026115782,1595,eeg_data_level_1.csv,9,AF8,210.0078125,220.00390625
2927.313075506765,418.1875822152521,685.3547856048,249.33876729690675,350.49466143511006,1142.1869193874427,142.77336492343034,235.1837358223412,50.130632808802574,149.3815117048165,289.35210581744724,36.169013227180905,51.495888850677495,21.74300362835497,34.63989834862329,141.8683364649527,3.7333772753934924,12.428649085422926,0.857775107139763,2.9444847157517744,168.5716630605185,1.9155870802331647,55.5295141960181,0.33573704535203636,0.901852996182141,1.4652125904475592,0.8238302577403572,0.29409123248924207,0.20607980819802763,0.23584965259748708,hjorth_mobility,hjorth_complexity,2.529743308701395,0.6699024502704358,-23.891258239746094,-331.54296875,147.4609375,-20.99609375,2395.789902911929,48.94680687145924,1595,eeg_data_level_1.csv,9,TP9,210.0078125,220.00390625
2571.399728076188,367.34281829659824,535.1098200855373,247.81234856801817,351.16229276388344,1196.6082989587194,149.57603736983992,210.48310865215606,59.47042885675598,176.83773840844924,267.46423470664246,33.43302933833031,47.50395925487093,22.77173939210128,28.266683025725676,126.51484594259345,3.3293380511208803,13.343333480647056,0.7374803188403463,2.3154914114480514,863.367936572065,9.810999279228012,506.74096785322945,0.35118240025732755,1.060345220834487,1.3064748494133145,0.8090451175071904,0.26010983389620845,0.17505605834779286,0.5768855140877833,hjorth_mobility,hjorth_complexity,3.9272938079140536,0.930846606995092,-22.89600372314453,-367.67578125,139.16015625,-20.99609375,2580.902966983558,50.80258819177974,1595,eeg_data_level_1.csv,9,TP10,210.0078125,220.00390625
289.6874886449795,41.38392694928279,81.56267227182849,8.585174485627313,45.18530720812989,42.318285087605766,5.289785635950721,8.141145687116156,1.445045903460954,5.384237806972768,18.25193964507913,2.2814924556348912,3.71744141859659,1.0346469746172806,2.037983994249375,68.68753967780232,1.8075668336263768,3.5009609005538675,0.6465754220984077,1.5746663090998125,96.05277370424581,1.0915087920937023,2.539026355069632,0.3464480395307216,0.9915652829999257,1.2912010374155274,0.355476884028154,0.18342920364109466,0.7199796094975067,1.0954252728887879,hjorth_mobility,hjorth_complexity,3.325816377873162,0.8339637889521245,-21.181106567382812,-144.53125,52.24609375,-20.99609375,274.29801048128866,16.561944646728193,1595,eeg_data_level_1.csv,10,AF7,220.0078125,230.00390625
561.9313231831928,80.27590331188469,110.49105719379715,47.429357041930494,82.10483169322018,173.76347721214267,21.720434651517834,61.293399408065085,4.321572440187553,12.089323705212273,26.088987040313704,3.261123380039213,5.11004131375088,1.5085406820887834,3.296473690162843,90.35054063243938,2.3776458061168255,5.769207249371725,0.6541342476679107,2.1783399300558903,118.96250898349945,1.3518466929943118,3.788373655882978,0.5279999579277295,1.2059991620914237,1.3707636160720647,0.5860728950848583,0.14450420769555583,0.5210572794510411,0.7581825568431604,hjorth_mobility,hjorth_complexity,2.7597199731287945,0.8043557244609235,-21.30413055419922,-119.62890625,75.1953125,-20.99609375,507.2178470072686,22.52149744149506,1595,eeg_data_level_1.csv,10,AF8,220.0078125,230.00390625
2477.33538760222,353.90505537174573,630.4906854667729,257.60309862319434,319.75085860388845,951.2053447320786,118.90066809150983,198.91984867942762,50.136257920610106,117.10887210977246,217.34663722989757,27.168329653737196,55.63384614528374,11.693669854453248,23.327649662362198,130.7196955305316,3.4399919876455685,11.762824126443455,1.3170323854143247,2.7338891700276613,189.16752821412996,2.149631002433295,55.52417350945426,0.30503121839700786,1.2059042745772617,1.4546815463608254,0.8071666743487911,0.2616424067869929,0.22231860647521778,0.30561887437731394,hjorth_mobility,hjorth_complexity,2.547433821349656,0.6905945053212205,-21.12712860107422,-314.453125,110.3515625,-19.04296875,2186.306997864449,46.75796186602287,1595,eeg_data_level_1.csv,10,TP9,220.0078125,230.00390625
2194.4148350867963,313.48783358382803,446.64745023730006,180.11844388517568,313.1327039300043,922.8154529535872,115.3519316191984,164.50519862464802,49.288983260922386,120.1864559606456,198.94319445506034,24.867899306882542,44.35690252605374,11.112087216736459,22.26024857063254,123.53322218289215,3.250874267970846,9.749130912250589,1.5861557917473503,2.688128009361858,882.1609119680661,10.024555817818934,499.77466699469187,0.23962482648926026,1.4430196537606794,1.2920332323792976,0.7480276192677142,0.2277531223121717,0.1978843912066218,0.6853439841553391,hjorth_mobility,hjorth_complexity,3.9980558585070995,0.9371003688758845,-21.671676635742188,-301.26953125,132.32421875,-18.5546875,2366.845618089428,48.65023759540572,1595,eeg_data_level_1.csv,10,TP10,220.0078125,230.00390625
28.029625246222718,4.004232178031817,6.141576813188826,2.7151973792847803,3.691536449332079,16.973113018475924,2.1216391273094906,3.0805669866732392,1.4711884513696998,2.1049765107727914,8.569271733632348,1.0711589667040435,1.462893470953432,0.37392046243060384,1.1761531421117013,68.12346629030618,1.7927227971133206,4.090849042672846,0.5347287744769523,1.7976827807456544,91.2959729988676,1.0374542386234955,1.9989910375813413,0.3764062673801243,0.9762538349277621,0.4818949664550969,0.33783987362500933,0.19420155631565517,1.377573973310507,2.086136159731357,hjorth_mobility,hjorth_complexity,3.6486682337039347,0.862534017702912,-22.147178649902344,-65.91796875,33.69140625,-21.97265625,117.8890428491286,10.857672073199144,1595,eeg_data_level_1.csv,11,AF7,230.0078125,240.00390625
276.26091274278605,39.465844677540865,82.73101496028109,21.209254263894536,26.22074760327418,53.42337141075297,6.677921426344121,11.259954704357163,3.554145058092314,6.576055252965038,12.748824603022864,1.593603075377858,1.918260882765804,0.9993115323040593,1.7547206576825691,84.54344291056077,2.224827445014757,5.301247491536622,0.526704420963513,1.688687045329686,127.3323697092498,1.4469587466960205,4.634362804069131,0.41451768407197437,1.2369967940839222,1.200639091006405,0.3984030481409446,0.1270441226184371,0.771619890011806,1.2677267197032327,hjorth_mobility,hjorth_complexity,3.2992806089007702,0.8540037964674073,-20.961570739746094,-104.4921875,50.78125,-20.99609375,309.96819983556634,17.605913774512423,1595,eeg_data_level_1.csv,11,AF8,230.0078125,240.00390625
2440.654115450311,348.66487363575874,552.4490252973802,199.78874398123742,301.19919833017235,939.4000544266498,117.42500680333123,284.585166704747,51.75268137124634,100.42663639265248,172.97204019454531,21.621505024318164,37.54875094196522,9.33505259142755,16.789120165724512,120.59802157655292,3.173632146751393,15.901039997467402,0.40490946533712413,1.9264944595476672,158.81283271843643,1.804691280891323,53.20778450870737,0.37463887797034456,0.8236060294042045,1.4764965778206618,0.8065121312554395,0.22611815259591939,0.20837251336964616,0.2642953936630972,hjorth_mobility,hjorth_complexity,2.6535768972392253,0.7083404564113301,-21.343994140625,-395.99609375,105.46875,-20.01953125,2061.2262561917305,45.4007296878776,1595,eeg_data_level_1.csv,11,TP9,230.0078125,240.00390625
2607.5944272989836,372.5134896141405,603.5078220738653,195.16186178495207,352.98671748458816,972.3464299024616,121.5433037378077,291.7435420610231,54.51405528344448,109.1854604863145,221.01498490501106,27.626873113126383,54.077056781694445,7.188253471768217,23.649950163472155,130.40746531760115,3.431775403094767,15.925037638517828,0.689960052705374,2.2117360689856542,878.4793882780298,9.982720321341247,515.2822458594496,0.24601045043763017,1.143621031204478,1.3430343554419668,0.7038743106294731,0.22671732699248873,0.1843522061569203,0.6007219514700353,hjorth_mobility,hjorth_complexity,4.166115728665583,0.9539037315138038,-21.509742736816406,-392.578125,151.3671875,-19.04296875,2500.986316263152,50.0098621900036,1595,eeg_data_level_1.csv,11,TP10,230.0078125,240.00390625
91.70942453611649,13.101346362302355,21.65339204393537,7.172377081384876,11.17452409300239,29.179855179643486,3.6474818974554357,6.750229280465103,1.5033902041185978,3.6370186357491763,7.381450360436728,0.922681295054591,1.2982812812818025,0.36070627248499165,1.0716943864788653,57.33621344703005,1.5088477222902643,3.7584425197304676,0.5248479057509639,1.4222730090854814,91.87277869493386,1.0440088488060666,2.5176491702831303,0.37628324768319593,0.9398901039652554,0.9343529380841975,0.41964928129364476,0.14024343374168424,0.9867392093085691,1.7046369592024644,hjorth_mobility,hjorth_complexity,3.591174067597085,0.8706817471229278,-21.362876892089844,-103.515625,29.296875,-21.484375,162.13753227930283,12.733323693337212,1595,eeg_data_level_1.csv,12,AF7,240.0078125,250.00390625
456.54691408410935,65.22098772630133,110.79458307487,19.731297908632776,58.19783973994205,90.23021176275208,11.27877647034401,23.58306745282369,4.803418899133925,9.3139690524966,14.856363517137602,1.8570454396422003,3.716737478555914,0.9215430146775857,1.5817915501396584,103.06208818119619,2.7121602152946367,7.106077494964079,0.387984612299556,2.580821984550786,125.59291192492616,1.42719218096507,2.969288759228922,0.28419303572966825,1.398071047465178,1.342330606748816,0.45491126203740856,0.10803863492904253,0.6874479235647781,0.9555339675711666,hjorth_mobility,hjorth_complexity,3.1842922766870703,0.8507006885461109,-19.041824340820312,-134.27734375,125.0,-18.310546875,480.02526033087634,21.909478778165315,1595,eeg_data_level_1.csv,12,AF8,240.0078125,250.00390625
1549.848168562267,221.406881223181,303.3386177546871,155.85096132852598,212.2559736458775,739.263434152515,92.40792926906437,134.07239268768802,48.836999296867276,95.03483712549266,172.6026911357872,21.5753363919734,36.57750740458264,6.905727158765212,16.79116943226316,129.26319043318347,3.401662906136407,8.405193263328677,1.095445954979623,2.7167634962465184,162.1391154806209,1.8424899486434192,55.72090592824597,0.3239954344442033,0.9485053224640777,1.391154711837546,0.8880707593778324,0.29309934786340136,0.3036985581125306,0.35657973660007297,hjorth_mobility,hjorth_complexity,2.671267409887487,0.7478022605802748,-21.628189086914062,-293.45703125,101.07421875,-20.01953125,1263.4843516570982,35.54552505811524,1595,eeg_data_level_1.csv,12,TP9,240.0078125,250.00390625
1634.755149846093,233.53644997801328,302.3677764530127,148.0146171260262,235.50714958969547,749.6535041157349,93.70668801446686,130.07144788849212,44.97136356772773,101.57491014624026,168.83486778169555,21.104358472711944,37.392957057019046,6.813376217304068,16.361233906442894,113.73401718487327,2.993000452233507,6.414914328126304,0.9568456672998651,2.951237516158418,880.1570105842808,10.00178421118501,519.325384809636,0.5633786428079716,1.1383892484679474,1.2355417289639798,0.7499928320228875,0.2361131387953901,0.22223283195657648,0.751500204774269,hjorth_mobility,hjorth_complexity,4.2103420102862374,0.9889398893199296,-22.885513305664062,-274.4140625,131.8359375,-21.484375,1787.7752355707344,42.28209119202519,1595,eeg_data_level_1.csv,12,TP10,240.0078125,250.00390625
188.73089775520003,26.961556822171435,49.71369988989612,8.036757098357644,22.323889510161152,43.74363629978019,5.467954537472524,12.869565860463538,1.3923797842017298,4.542366510630897,13.906980004621502,1.7383725005776878,2.219962639079208,1.3310975243447254,1.6938140457969681,81.85934545940597,2.154193301563315,4.65027637649163,0.5818933201205769,2.1568945437912603,116.77755638388794,1.3270176861805447,2.763767112044602,0.3212122957067627,1.2790362287109835,1.0767298263184721,0.38367764821687617,0.16155182996609244,0.9030423075258979,1.4076979024428418,hjorth_mobility,hjorth_complexity,3.511566760679908,0.8706154338932992,-22.514915466308594,-101.5625,47.36328125,-21.97265625,230.42743236146634,15.17983637466051,1595,eeg_data_level_1.csv,13,AF7,250.0078125,260.00390625
789.7912204565739,112.827317208082,210.30578018090605,44.615161454747046,86.79858565959033,191.41333381925628,23.926666727407035,51.60278371765901,8.727428207849092,16.841701886454175,26.977380470558572,3.3721725588198215,9.231052256260512,1.288482107014219,2.2194419717322527,94.9353170735245,2.498297817724329,6.842246278126812,0.5768354079042006,2.2284836597273214,156.80971221932668,1.781928547946894,3.7350543979107647,0.3556634731116335,1.626282153693528,1.37963885850862,0.5520138561502355,0.11637013631072132,0.437686230822269,0.7744392638523576,hjorth_mobility,hjorth_complexity,2.918934586963148,0.8334387974959891,-19.314002990722656,-141.6015625,128.90625,-19.04296875,607.8340331077925,24.65429035903878,1595,eeg_data_level_1.csv,13,AF8,250.0078125,260.00390625
3446.6961314028053,492.3851616289722,621.7556146599326,390.1782114770865,484.92712902080467,1559.552361787397,194.94404522342464,382.3015736593102,97.70261204709502,164.81466765321852,353.8064217373611,44.22580271717014,74.91668175429213,20.579086964221702,37.437135791639946,158.35813251009822,4.167319276581532,18.065895308476847,0.9713008685995462,2.7786819337505055,185.4142455878167,2.106980063497917,52.48114802397548,0.2916165253873002,1.1571789621529442,1.4585533294457267,0.885850696087987,0.2916439675915794,0.19046306258946413,0.2233002532581454,hjorth_mobility,hjorth_complexity,2.0565220953603998,0.6435363958648151,-22.270774841308594,-293.9453125,107.91015625,-17.578125,2502.1695266696042,50.02169056189129,1595,eeg_data_level_1.csv,13,TP9,250.0078125,260.00390625
3435.3110763448235,490.75872519211765,662.4822950633229,336.22035392200786,435.61631348934384,1539.0600630433673,192.38250788042092,382.0081516327816,105.37969399060238,176.51673779568637,333.4388098534621,41.67985123168276,77.60179271719196,14.089561318577186,32.33807906830837,149.55405828400896,3.935633112737078,16.840440401080794,0.9583999402788391,2.784068027997758,878.7673383712918,9.985992481491952,493.9063416180095,0.34230225756047616,1.4657985030818244,1.3564390007809968,0.8181260085984314,0.2527850747800464,0.1662646511873393,0.5208737417134155,hjorth_mobility,hjorth_complexity,3.294857980738705,0.9065265329400285,-21.170425415039062,-288.57421875,137.20703125,-18.06640625,2832.9973736254033,53.225908856734456,1595,eeg_data_level_1.csv,13,TP10,250.0078125,260.00390625
167.08730045394498,23.86961435056357,29.470458152924177,15.6371896191891,22.61022734616334,46.09269023295789,5.7615862791197365,12.320224801303958,1.5087380111299142,5.83923121109746,11.768118357541177,1.471014794692647,1.900376222484014,0.958284635320888,1.5517897018380955,48.90695498387764,1.2870251311546748,2.522492635437061,0.5835073160996166,1.248399658025543,96.99342407668283,1.1021980008713959,2.9942274299393197,0.3727060929753747,1.0448304646715294,1.1625825268190826,0.46983649403822797,0.16285358336148914,0.6901608393336712,1.398245619415643,hjorth_mobility,hjorth_complexity,3.5071441325178427,0.8603085053248666,-22.092247009277344,-125.48828125,40.0390625,-21.97265625,186.29500958923018,13.648992988100996,1595,eeg_data_level_1.csv,14,AF7,260.0078125,270.00390625
470.86639574423367,67.26662796346196,88.4765591753044,32.956884235341754,67.6672447534762,121.78945170238283,15.223681462797854,35.31918464066654,5.967047234478168,10.932621372824194,22.409802319062788,2.8012252898828485,5.984778211145491,1.6069465772945337,2.0571112340824467,78.58991234452623,2.0681555880138482,3.928644917084829,0.5287765478172634,2.061265427893882,131.91380628725997,1.4990205259915905,3.216789137357521,0.3698729344835703,1.5112595906327826,1.3377107117618139,0.526072746673993,0.1415052627753059,0.5255383584791742,0.9344077180525074,hjorth_mobility,hjorth_complexity,3.131220738742286,0.836792461208198,-22.731590270996094,-134.765625,106.4453125,-22.94921875,435.25774523004657,20.86283166854506,1595,eeg_data_level_1.csv,14,AF8,260.0078125,270.00390625
3224.5225381274354,460.6460768753479,666.9151632016453,193.5677492453682,472.74778890621405,1605.8060394234635,200.72575492793294,397.61877772490465,76.088496200672,187.1122142498117,305.0404611305414,38.13005764131768,103.91359715837375,15.318299393672845,27.585637515280297,118.17114257376677,3.1097669098359675,12.827456719999464,0.8504362614637119,2.218389399482965,196.43034177964324,2.232162974768673,57.289769867020354,0.3858872612854262,1.147427454416401,1.4133078447968437,0.9266582484319414,0.26079752864474776,0.15512948304783486,0.24376545844136782,hjorth_mobility,hjorth_complexity,2.5120527960531334,0.6742958333846764,-23.06995391845703,-333.0078125,112.3046875,-20.01953125,2693.5387850608095,51.899313917052986,1595,eeg_data_level_1.csv,14,TP9,260.0078125,270.00390625
3345.826714642072,477.97524494886744,659.0214348522735,200.0768064844777,503.60638338638324,1527.209106540152,190.901138317519,364.5056930930293,66.61229355249469,192.07019462879313,298.84973060887626,37.35621632610953,80.424069071079,15.645335024116271,32.707756624102835,140.16170164326218,3.6884658327174256,9.539384710010754,1.5193547545142947,3.2427587796599626,953.1229387020634,10.83094248525072,481.68752901430173,0.7769887921553126,2.5143966411244474,1.3276369218822306,0.8122635396859323,0.23322875923053782,0.1607637740532761,0.6226836305186765,hjorth_mobility,hjorth_complexity,3.6928945153245887,0.9112116268916242,-23.33393096923828,-326.66015625,134.27734375,-18.798828125,3136.0270292134373,56.00024133174283,1595,eeg_data_level_1.csv,14,TP10,260.0078125,270.00390625
153.62486387044547,21.94640912434935,52.35599562101161,3.5156513961142846,20.655089927061216,38.19545720839309,4.774432151049136,10.276490816165463,1.08881900439376,3.847446375749768,10.310831039507157,1.2888538799383946,2.384601231995639,0.6259829137386353,1.186805630759137,58.351571335122784,1.5355676667137574,2.9341991368668476,0.5122097209116762,1.300032398527613,86.09225092218027,0.978321033206594,2.504996338858514,0.44208593234874133,0.90602689948512,1.0543000101398279,0.4264486349988279,0.15468868577789852,0.8435298595504722,1.356149577647205,hjorth_mobility,hjorth_complexity,3.312548493386966,0.8472573031056279,-21.83856964111328,-121.09375,47.36328125,-21.728515625,199.93446298030904,14.139818350329294,1595,eeg_data_level_1.csv,15,AF7,270.0078125,280.00390625
683.1572053541938,97.59388647917055,216.9216500886498,21.97010589847867,84.29370932856727,144.61206927460802,18.076508659326002,40.80462166120179,5.685359387391932,14.316750659448465,22.174199151938453,2.7717748939923066,5.220376951617002,1.01610428110062,2.2842324288267886,89.35050424844869,2.3513290591697023,7.556925140883144,0.7420304157080897,1.7295943547047457,131.59363683516446,1.4953822367632326,3.1999050822807638,0.5962917433132726,1.3936709093765556,1.3639813052288972,0.5026049648018733,0.116062742231698,0.47432908249573585,0.7644923835282674,hjorth_mobility,hjorth_complexity,2.9720061249079324,0.8216483054911558,-18.290138244628906,-146.484375,132.32421875,-18.5546875,575.9812451651669,23.999609271093703,1595,eeg_data_level_1.csv,15,AF8,270.0078125,280.00390625
2948.207988046026,421.17256972086085,684.0148963781432,323.1753872968244,407.8452484503888,1166.106454857031,145.76330685712887,261.9417104577313,63.148881530251174,139.0489995616989,269.3133307470164,33.66416634337705,72.4835580257567,12.747578063048504,30.304739170517628,139.12061269277268,3.6610687550729653,11.34902269084199,0.7608413696073352,3.5837658769994616,188.52063088145684,2.1422798963801912,60.281119851477655,0.33409325078290025,1.0644395815886982,1.4676314660119454,0.8221408033600459,0.2674851629244296,0.2026617354845531,0.2569078118739805,hjorth_mobility,hjorth_complexity,2.321879785084322,0.6515991092554243,-19.862937927246094,-395.01953125,105.46875,-16.6015625,3142.656730742601,56.05940358889489,1595,eeg_data_level_1.csv,15,TP9,270.0078125,280.00390625
3272.3512562729566,467.47875089613666,749.5062499720096,261.4825847058629,448.78032021136454,1301.313417442767,162.6641771803459,287.59654694041905,79.00264701049768,147.68187917079956,286.96703630231593,35.87087953778949,74.13276688546537,16.982437274919654,31.64639339364367,141.5959127345141,3.726208229855634,14.68243020022259,0.9151093067252509,3.2039877832354424,827.3542749877801,9.401753124861138,482.83843655624605,0.34796669196583047,1.2184841443490946,1.3695424459748458,0.7648661744604164,0.23870376643091054,0.16954988105115643,0.5077785723557673,hjorth_mobility,hjorth_complexity,3.533679901490235,0.8945096990859724,-20.011520385742188,-403.3203125,162.109375,-16.11328125,3773.3872710668948,61.427903033286874,1595,eeg_data_level_1.csv,15,TP10,270.0078125,280.00390625
700.5131234687291,100.07330335267558,173.5277116422668,37.27665445550797,92.83121251950787,139.64671354414224,17.45583919301778,33.454745532135895,9.195697952907544,17.982121071381336,31.351347409851414,3.9189184262314267,6.577946526520764,2.5478806895002513,3.548926480873115,100.53684195358001,2.645706367199474,4.479188466594317,1.00061319168079,2.6176110059739743,143.5739162629354,1.631521775715175,4.604704690982199,0.7123162625371195,1.4679354673246998,1.3981138154858137,0.4894313214320821,0.15069185685638842,0.514732819943069,0.7921868447278184,hjorth_mobility,hjorth_complexity,3.1179528542560897,0.8344747164508246,-22.99327850341797,-197.75390625,92.28515625,-21.97265625,519.5090692359372,22.792741591040276,1595,eeg_data_level_1.csv,16,AF7,280.0078125,290.00390625
1801.0104085109317,257.2872012158474,393.11044079741873,163.11850153410487,251.92756460231556,539.1386074755244,67.39232593444055,167.1979855626348,10.807402270351222,43.66267506586476,63.00121784269969,7.875152230337461,11.897896939715187,2.952519742724746,8.360824587239133,136.02674407360732,3.5796511598317715,7.464765689860237,1.4979198210934759,3.1023180568651734,238.67808323447045,2.712250945846255,7.9770680399364995,0.5826563919288635,2.3991967179040294,1.4907068467797695,0.6505191871890683,0.12805093852934674,0.31355365116440587,0.5735893448409237,hjorth_mobility,hjorth_complexity,2.7597199731287945,0.7939682992805059,-23.653221130371094,-223.6328125,118.1640625,-21.97265625,1309.331816410122,36.18469035946172,1595,eeg_data_level_1.csv,16,AF8,280.0078125,290.00390625
2577.010422710403,368.1443461014861,473.2340366384656,218.76872407049677,387.5175235967237,1289.1034689889977,161.13793362362472,254.41654368926345,83.5953372250794,153.04935809595858,197.2690975833452,24.65863719791815,52.90747833978488,11.865215894134653,20.89668944959884,149.46399071800587,3.9332629136317334,7.5477435647560505,1.8197103704286195,3.659980505659939,211.09133863930734,2.3987652118103107,49.24956062479418,0.48978529301736223,1.3190160062427951,1.4151203474017693,0.9399352555271784,0.22177409387771876,0.23108224364234303,0.3178301439726912,hjorth_mobility,hjorth_complexity,2.4412907454600874,0.6935874706869545,-23.314857482910156,-279.296875,163.57421875,-19.775390625,2197.510143414547,46.877608123863865,1595,eeg_data_level_1.csv,16,TP9,280.0078125,290.00390625
2072.7359862361636,296.10514089088053,466.1611563799866,94.51932938354906,286.8314910620075,1338.5252713293626,167.31565891617032,295.3104456038934,84.62616344178952,133.9266155424481,225.11522929006028,28.139403661257536,54.64745788180371,15.45919264819705,25.494515933062253,150.8926324233199,3.9708587479821027,7.4494647544804184,1.6244160495388926,3.683511868282691,898.5382792819248,10.210662264567327,490.8851427316556,0.5314496125924141,1.567260157345975,1.1636908569390267,0.9201529172065931,0.23881759381550977,0.2232470717279169,0.6833998718238866,hjorth_mobility,hjorth_complexity,3.7990375912141574,0.9239193966445409,-25.311660766601562,-313.96484375,104.00390625,-20.99609375,2257.649511884665,47.51472942030361,1595,eeg_data_level_1.csv,16,TP10,280.0078125,290.00390625
34.75638418177845,4.965197740254064,7.301991097366267,2.4459087662669527,4.522081461710139,26.046527051314293,3.2558158814142866,5.184541887207332,1.812937801802196,3.1606593158070053,12.030371377014855,1.503796422126857,2.711368877268371,0.7970804797583638,1.2522175740412864,62.91709987440214,1.65571315458953,2.699770059086323,0.7155995955817409,1.670770921533395,114.41094414315525,1.3001243652631278,3.386906004690267,0.37401478441019387,1.2244620033626852,0.49508500345470596,0.4101008372281185,0.22149944501644048,1.1464378474558083,2.1663098366281304,hjorth_mobility,hjorth_complexity,3.7194302842969806,0.866769376686776,-22.92919158935547,-62.01171875,24.4140625,-22.94921875,136.08491917693755,11.665544101195518,1595,eeg_data_level_1.csv,17,AF7,290.0078125,300.00390625
508.9455080073182,72.7065011439026,144.45934243481554,32.76347496761918,50.64400309874872,101.70305767405603,12.712882209257003,24.479637895908926,4.96097788212154,10.055558016355661,22.599535741739892,2.8249419677174865,4.795242893681197,1.5789962543290001,2.54566607911968,108.24495959444889,2.8485515682749707,5.374360763997331,1.021377534368342,2.7369223999760592,143.89953744216393,1.6352220163882265,3.84736086062289,0.4732822094558757,1.5636471251120847,1.3116877884245952,0.453967342091435,0.13880613612797865,0.6600803037407847,0.9643495596300593,hjorth_mobility,hjorth_complexity,2.936625099611409,0.83781782378036,-20.36762237548828,-140.13671875,56.15234375,-19.53125,435.1917630629032,20.861250275640316,1595,eeg_data_level_1.csv,17,AF8,290.0078125,300.00390625
3543.1637256926742,506.1662465275249,634.1902746390034,329.64079225952446,581.3472902265256,1446.8142568871665,180.8517821108958,268.5094202768798,105.12790303321424,163.6454776430079,382.2610478410745,47.782630980134314,68.51944083959597,27.210781507077563,48.39975121365961,161.98944938212603,4.262880246898053,19.129711490554016,0.8722409339152108,2.572366278390237,179.65175188047326,2.0414971804599236,39.66204813196146,0.49189075414761846,1.263126170147537,1.469267673860445,0.8519116239602604,0.3123329043987373,0.19103900283299727,0.22467491532666353,hjorth_mobility,hjorth_complexity,2.0919031206569225,0.6621116636257351,-21.175575256347656,-396.484375,122.0703125,-19.04296875,2668.426475393062,51.656814413909245,1595,eeg_data_level_1.csv,17,TP9,290.0078125,300.00390625
4203.832252540155,600.5474646485936,804.9594887269852,328.46514879433545,603.0065158245145,1616.120192354162,202.01502404427026,339.0391826542304,108.97582084029881,171.7816007427938,336.9931451399351,42.12414314249189,62.50207494944007,21.830335534088405,41.067167701373506,185.60795673860795,4.884419914173893,24.72137283826761,1.2230563561997907,3.4180964320379243,671.27684941219,7.628146016047614,356.4572711599378,0.5088177835540071,1.378892385946899,1.4319842517887664,0.7894569369783315,0.23904144702303112,0.18129189816465716,0.4119967966358943,hjorth_mobility,hjorth_complexity,3.272744839928378,0.8714492323721365,-20.7763671875,-417.48046875,143.5546875,-17.578125,3279.3065160512924,57.265229555562705,1595,eeg_data_level_1.csv,17,TP10,290.0078125,300.00390625
143.6925351276417,20.527505018234528,27.623268093998085,10.702386279945076,19.47611476678281,32.174917145278876,4.0218646431598595,8.588873934842638,1.68485457960266,3.142840986174251,11.793006164968578,1.4741257706210722,2.8056251905810994,0.6985112937397381,1.4737297132809475,45.734767799644274,1.2035465210432703,2.238536868791968,0.48637929624976295,1.2179852031213043,71.88338762877956,0.8168566775997678,1.5246520197493223,0.3176389432616462,0.7916518395199486,1.1915183101965918,0.41631988065043574,0.19031694507791286,0.767257322574494,1.2931504321038374,hjorth_mobility,hjorth_complexity,3.4938762480316465,0.8420193679380155,-21.87519073486328,-121.09375,34.1796875,-20.99609375,188.65829330025008,13.735293710010357,1595,eeg_data_level_2.csv,0,AF7,120.0078125,130.00390625
513.6652087838291,73.38074411197559,108.96494324999887,47.174298636283,71.16019298048278,127.314330108916,15.9142912636145,39.57060620325974,5.7084740121728075,14.674593566757693,16.048105917720285,2.0060132397150356,5.453428860760372,0.8842655425564031,1.5679991591372273,80.1021929957089,2.1079524472554976,4.207595126464186,0.4457565648288841,2.030006414730959,98.09002798179743,1.1146594088840618,2.2986349872889025,0.35699105672452575,1.1033544917737232,1.423805485998418,0.5522396990736789,0.10737204004257514,0.5390470986183263,0.7325131477514077,hjorth_mobility,hjorth_complexity,3.476185735383385,0.7955822990942435,-18.76220703125,-142.08984375,131.34765625,-18.5546875,483.5173115134239,21.98902707064194,1595,eeg_data_level_2.csv,0,AF8,120.0078125,130.00390625
1082.3867670945478,154.62668101350684,195.14632202556461,114.68110061451534,161.49474998120365,595.2859228195382,74.41074035244228,116.08609114150302,39.79731034301787,70.34201310675952,113.56142976461696,14.19517872057712,32.010250217607194,7.022040251784061,11.206948749248014,102.78769474101374,2.704939335289835,7.1382159215155605,1.2843411195523473,2.2001772803519772,169.12903830856794,1.9219208898700904,56.40417048171684,0.23835704795882295,0.8732296353268573,1.337629774367266,0.9277380323051782,0.2625386457914647,0.3208753483404048,0.4675436348579304,hjorth_mobility,hjorth_complexity,3.0339229191768475,0.7774704186449657,-23.326683044433594,-295.8984375,60.05859375,-19.53125,1062.6654271254665,32.598549463518566,1595,eeg_data_level_2.csv,0,TP9,120.0078125,130.00390625
897.0253907547813,128.1464843935402,169.93764259844795,67.64577563328118,141.34815072672518,548.9060895843496,68.6132611980437,114.29280244423103,28.514174538760205,76.43750707073022,110.35468147855912,13.79433518481989,29.969905260955645,4.497004270449478,11.387942615541192,81.8656172402407,2.1543583484273867,5.559696371423624,0.7901266887123725,2.079892742188758,802.420038593192,9.11840952946809,478.89317916840366,0.294739394491159,0.9343516704779211,1.0589951921877443,0.7741469029440484,0.22418790560264215,0.22974129172838337,0.8760919262000394,hjorth_mobility,hjorth_complexity,4.4845449563342905,1.0022097989318202,-22.85480499267578,-232.421875,121.58203125,-21.484375,1215.7458148067235,34.867546727676775,1595,eeg_data_level_2.csv,0,TP10,120.0078125,130.00390625
154.6910482400874,22.098721177155344,30.018365307715428,10.474025415204567,22.650569845327702,31.323023200960503,3.915377900120063,9.945499013973416,0.8404802466554272,3.196533987381884,12.926831591730526,1.6158539489663157,2.1723314124189144,1.1662682005949083,1.485284201897115,63.575224029112846,1.6730322112924434,3.2404098137427164,0.8179349683204777,1.6669634378953735,90.29744268668765,1.026107303257814,2.437872303466328,0.31349705034959796,0.9730762482939235,1.1500089563205884,0.3557672356460767,0.1863695470688351,0.9076614097065686,1.3955721087861541,hjorth_mobility,hjorth_complexity,3.365620031331751,0.8546817960670842,-21.72088623046875,-97.65625,53.7109375,-21.484375,181.93343421444297,13.488270245455604,1595,eeg_data_level_2.csv,1,AF7,130.0078125,140.00390625
569.7808942528536,81.39727060755051,130.61331541659607,20.612910405493587,79.16769417565692,115.72402666084868,14.465503332606085,39.79650936132144,4.702433448848979,8.44300305745098,20.08965546848486,2.5112069335606075,3.5483267933351694,1.9903775020722345,2.2865694596585056,66.98777880821288,1.7628362844266547,3.2289585703537345,0.6898361530528216,1.7466049782506023,113.17450770071522,1.2860739511444912,2.6867701407930955,0.3924046123385949,1.2257431724322685,1.4383650071505574,0.48383040356463936,0.12788577771943876,0.4505293878574746,0.7976659087221207,hjorth_mobility,hjorth_complexity,3.215250673821528,0.8289854837063867,-21.32701873779297,-145.5078125,102.5390625,-21.484375,452.0298103670939,21.26099269477072,1595,eeg_data_level_2.csv,1,AF8,130.0078125,140.00390625
4091.902598915414,584.5575141307734,923.98567209275,187.2824121809809,535.8341238095195,586.7923002017847,73.34903752522308,112.43345776519581,35.37015586791532,72.35988682806172,157.12926627128903,19.64115828391113,38.47138114976574,6.675269711116659,12.923274025976696,115.89715249052858,3.0499250655402257,8.445765928357908,1.4642346255858518,2.561705357912116,187.18587466629393,2.1271122121169763,45.84854845980705,0.42889906577069653,1.2855180628672005,1.6258807988295443,0.4715544672030268,0.1621488175701135,0.16252421901741254,0.2526905682988303,hjorth_mobility,hjorth_complexity,2.529743308701395,0.704522324855671,-22.1923828125,-299.31640625,174.31640625,-19.04296875,2694.3806186318398,51.907423540682885,1595,eeg_data_level_2.csv,1,TP9,130.0078125,140.00390625
4103.77395166212,586.2534216660172,916.7489026373244,180.23545539002194,586.7238201015653,578.3786540934345,72.29733176167932,125.87424660249384,37.3875010204666,65.45582089994545,172.0978211012264,21.5122276376533,42.10447074351917,6.880709736914828,12.907249748608827,107.23112951325054,2.8218718292960667,11.753798684141016,0.6240339099884799,2.3274835704190195,842.6677119439495,9.575769453908517,482.4440389946068,0.4700993212998892,1.3715089453171911,1.527863714464104,0.4250351458711398,0.1577218914938719,0.13591529181912262,0.5300887067983193,hjorth_mobility,hjorth_complexity,3.8963354107795958,0.9454146621386804,-22.669219970703125,-323.73046875,196.2890625,-19.53125,2984.2736379941925,54.62850572726836,1595,eeg_data_level_2.csv,1,TP10,130.0078125,140.00390625
934.2933647444216,133.47048067777453,620.4267079882645,4.3626753060868975,8.306034161306194,33.70832819844614,4.213541024805767,10.02902949562636,0.9383880467239563,2.571536685024566,8.380333122098076,1.0475416402622595,1.379899554096834,0.7631756259512777,1.05377487026714,61.85436886560503,1.6277465490948693,4.078198484838904,0.3153658561140918,1.398769145626628,126.50724937559369,1.4375823792681102,4.040485615263979,0.48614742407397876,1.2685827392931737,0.8666309019721128,0.14063664106995363,0.04549461296603445,0.308560258209756,0.6479889161568502,hjorth_mobility,hjorth_complexity,2.8083688829115134,0.8847232453464654,-16.64867401123047,-98.6328125,150.390625,-22.94921875,1191.2019148803665,34.51379311058648,1595,eeg_data_level_2.csv,2,AF7,140.0078125,150.00390625
291.84847730198373,41.6926396145691,81.7996878227182,21.18602043356886,34.71639213321594,57.8827757662824,7.2353469707853,13.25136186042809,1.9376954448930763,6.388088639914324,13.959021325822299,1.7448776657277874,3.484037696362886,1.0676432046480298,1.2758106802164852,75.8450012574965,1.9959210857235923,5.84695317281758,0.6906640895455252,1.5939820336024892,106.56415240124664,1.2109562772868936,3.6232060148471366,0.4424320734945454,1.143856618716339,1.247836350578376,0.4169567903602056,0.13575264313095173,0.7095224467671474,1.1047901504515139,hjorth_mobility,hjorth_complexity,3.193137533011201,0.8436643270796992,-21.000099182128906,-88.8671875,42.48046875,-20.5078125,272.3396595320082,16.502716731859884,1595,eeg_data_level_2.csv,2,AF8,140.0078125,150.00390625
1731.931889258794,247.41884132268484,467.78648849483824,144.3856162046714,206.11173767221285,636.5093366258864,79.5636670782358,136.31567916993305,39.34427627015952,67.66060109601408,187.2220328316773,23.402754103959662,38.68722080478161,10.719067211420533,22.816385016271468,125.94246168730149,3.3142753075605653,18.488087071448692,0.9758232555325209,2.048326612807515,165.99552610104763,1.886312796602814,56.35326601447238,0.3490128760932494,0.8801829298628564,1.3986026258267459,0.7583284247210442,0.3033328179409933,0.2749059598040799,0.34661794002618856,hjorth_mobility,hjorth_complexity,2.4412907454600874,0.7432670973780758,-21.15192413330078,-236.81640625,143.5546875,-18.5546875,1343.121776553744,36.64862584809619,1595,eeg_data_level_2.csv,2,TP9,140.0078125,150.00390625
2171.3261785221007,310.1894540745858,587.2985011966989,152.62183389467035,239.58694238283636,699.4448636202007,87.4306079525251,140.26685799661792,39.45081065359581,78.45130336997812,167.7636550500758,20.970456881259476,35.17685754983678,8.365781883901624,18.95988588336095,104.74250206577716,2.756381633309925,12.113635216763662,0.6966594646431549,1.9386204319313691,912.3127884738259,10.367190778111658,549.0815892041172,0.5120659719934856,1.0643639983706241,1.2893716463536578,0.6312000395026849,0.2087144617553842,0.17633795096662883,0.6737833307274055,hjorth_mobility,hjorth_complexity,4.228032522934499,0.9891581149625502,-21.940994262695312,-255.37109375,157.71484375,-20.5078125,1937.0104405970778,44.01148078169011,1595,eeg_data_level_2.csv,2,TP10,140.0078125,150.00390625
369.1691220233749,52.73844600333927,115.5005525138672,14.832958809739258,41.946964940832856,36.035413506367064,4.504426688295883,8.362853218823998,1.9202803793245893,3.905172831048796,10.306571363192953,1.2883214203991191,2.224759837459712,0.7116830446394339,1.2600468045470679,67.2249272740936,1.769077033528779,3.95742274740317,0.30700177850907834,1.6036204372920562,131.5973700343426,1.4954246594811658,3.5406996389841336,0.34172023160379816,1.4229603536536288,1.301807998917954,0.26795641128189307,0.09773689529814591,0.5977221972016608,1.2140947060258502,hjorth_mobility,hjorth_complexity,3.467340479059254,0.888324132485144,-24.40776824951172,-110.83984375,106.4453125,-24.4140625,380.39000468415907,19.503589533318195,1595,eeg_data_level_2.csv,3,AF7,150.0078125,160.00390625
443.4308052432886,63.34725789189837,102.81711210723404,38.744132794551845,55.84483990342906,103.6310255503983,12.953878193799788,24.831640208290974,3.331784277525074,12.746644209925924,18.683302194327602,2.3354127742909503,5.308773571974404,0.6798649804105136,1.7206876281138284,85.80391686220885,2.257997812163391,4.810693682212211,0.602921319091349,1.9794503023278192,154.39225830931605,1.7544574807876823,5.298931732866022,0.5082155441868674,1.5357949874399945,1.2983176543260067,0.4823657906096201,0.12246190500637055,0.5741369208182242,1.0816898977394074,hjorth_mobility,hjorth_complexity,3.201982789335332,0.8613289417591179,-19.82593536376953,-128.41796875,101.5625,-19.53125,429.069117490144,20.71398362194351,1595,eeg_data_level_2.csv,3,AF8,150.0078125,160.00390625
1486.13511190151,212.30501598593,292.847709810796,142.1494501076507,205.73916418860617,830.2972156315722,103.78715195394652,197.9144102167342,41.367938008578946,85.96543609609863,192.45675006288022,24.057093757860027,49.888194861605285,6.410734576450313,18.547242707996805,125.86477711634902,3.3122309767460267,12.057827978142905,0.891720990726538,2.8366251409199883,159.7266185395291,1.8150752106764672,41.542505534962274,0.1847345405767666,1.0126794966936783,1.336979653124607,0.9327810019454337,0.31079679831225804,0.2907344589394834,0.3628880669491278,hjorth_mobility,hjorth_complexity,2.498784911566937,0.7134664463427555,-22.44720458984375,-312.98828125,93.26171875,-20.5078125,1575.6634972058237,39.694628064837985,1595,eeg_data_level_2.csv,3,TP9,150.0078125,160.00390625
1749.6422258816374,249.9488894116625,332.35216803880934,170.63157260758993,236.09001442676086,812.0124475376151,101.50155594220189,165.64116016813512,38.789411777188235,81.50444497638844,196.8191542544297,24.60239428180371,46.032650488329836,9.222939055797404,18.319268953533225,131.99923531551138,3.4736640872502997,14.878877323839902,1.0695655851265014,2.730276978081937,838.4518617431517,9.527862065263086,442.64410691142393,0.5369226143963317,1.5282662459994603,1.2331719004441162,0.7485990693403819,0.2535812401168861,0.2358628924615999,0.754903561027706,hjorth_mobility,hjorth_complexity,3.697317143486654,0.9489771789724467,-22.587966918945312,-263.18359375,112.79296875,-20.01953125,2089.6970048488583,45.71320383487531,1595,eeg_data_level_2.csv,3,TP10,150.0078125,160.00390625
97.40039484217799,13.914342120311142,21.784557909563684,5.887629470363105,15.161114469972922,28.079221495008355,3.5099026868760443,5.638053549377787,1.70727197811868,3.218021124039263,12.0373925760437,1.5046740720054625,2.765765487465493,0.8252822762546845,1.3302730655321717,67.39134982050597,1.7734565742238413,4.503868530087283,0.5876565995823024,1.5493860038717175,115.20097321992918,1.309101968408286,3.1708425653682752,0.4619743917239449,1.2772649015231683,0.8704991166674768,0.3615409539468033,0.18349382034783374,0.9850294901822598,1.8056340306424876,hjorth_mobility,hjorth_complexity,3.604441952083281,0.8928907591405867,-23.504257202148438,-72.75390625,58.10546875,-23.92578125,163.93364858231507,12.803657625159893,1595,eeg_data_level_2.csv,4,AF7,160.0078125,170.00390625
322.6615482223255,46.094506888903645,83.91910408166638,21.349768593274714,43.246109911843625,73.47640109584034,9.184550136980043,15.49554911518769,3.818042395014355,7.308039398711001,15.5839281900993,1.9479910237624125,3.4098025501477784,1.0798885444481805,1.6902289940058624,110.35389398780703,2.9040498417843956,7.204272956596806,0.7564842982285084,2.14151912482951,137.27995080563196,1.5599994409730904,3.611144803244464,0.5376672803016735,1.4383073190828064,1.1838183068233181,0.4354331534146536,0.1272503860796105,0.8143066266449577,1.1618742720068416,hjorth_mobility,hjorth_complexity,3.4452273382489276,0.8587354486662198,-21.04816436767578,-100.5859375,42.96875,-20.01953125,335.606735861802,18.319572480322844,1595,eeg_data_level_2.csv,4,AF8,160.0078125,170.00390625
2507.614724060513,358.23067486578753,478.0821315369836,274.58774076926187,359.3305936987543,1149.0016930915635,143.62521163644544,231.7231307516799,61.21053585860552,129.61960446742808,277.1501031901204,34.64376289876505,58.90601606430698,15.812028483238468,36.11473299414786,147.86713505570617,3.891240396202794,17.459749282361567,0.7348828018709087,2.805339639379519,166.8550658677723,1.896080293951958,49.514481581697865,0.425454904067154,1.026188277448072,1.4172438910630185,0.8749372571523679,0.3018729189351602,0.22759289838046012,0.25674150443922317,hjorth_mobility,hjorth_complexity,2.436868117298022,0.6693489350619384,-23.578643798828125,-347.65625,104.00390625,-19.53125,2053.2308233669028,45.31259011982103,1595,eeg_data_level_2.csv,4,TP9,160.0078125,170.00390625
2769.5938616199383,395.65626594570546,550.2574782068345,296.1643208323018,380.5664518357413,1146.5320566765586,143.31650708456982,225.93330831475754,62.67930870080238,131.15113528283274,263.4201049097795,32.92751311372244,57.34149565630176,16.057833354920433,33.86721847331106,133.5893183522918,3.5155083776918894,14.834915748255968,1.0564892377807586,2.389061363782509,785.7128892613899,8.928555559788522,454.71763630417763,0.3791549133498691,1.2028649488902552,1.344525505073045,0.7692522664717516,0.2505153498177613,0.17917850205403998,0.5440739749280402,hjorth_mobility,hjorth_complexity,3.958252205048511,0.9299160603059548,-24.24774169921875,-346.6796875,119.140625,-20.01953125,2469.6006416343153,49.695076633750304,1595,eeg_data_level_2.csv,4,TP10,160.0078125,170.00390625
36.884530802112224,5.269218686016032,8.222914016009671,2.4527888525763126,5.415386137825548,19.348895043472474,2.4186118804340593,3.871434127561029,1.211275449809988,2.53923486239005,7.941957479961646,0.9927446849952057,1.7882795938459637,0.46270064554221935,0.9522257802560886,61.184276910991954,1.610112550289262,5.370807472736892,0.318513712756849,1.6391074706473403,101.275177127027,1.1508542855343977,2.7177941071205205,0.35415635986414284,1.0641180379117579,0.5485808011503785,0.3468322144380495,0.16981193595100258,1.1600806327169788,2.095433749464687,hjorth_mobility,hjorth_complexity,3.7282755406211114,0.8830792639832269,-22.33104705810547,-67.3828125,35.15625,-22.4609375,141.71207727486035,11.904288188499988,1595,eeg_data_level_2.csv,5,AF7,170.0078125,180.00390625
238.61680354921305,34.08811479274472,70.18521971347788,14.969672928219186,29.663411659908686,55.836070145364076,6.9795087681705095,10.489488228354816,3.2942729627959775,6.665520642771057,14.350349413800426,1.7937936767250533,4.02712176301766,0.7010873202909065,1.6182892011038488,80.09382926133205,2.1077323489824225,5.928057210721051,0.514230620491056,1.7924193181716133,138.7188310975546,1.5763503533813024,3.7413597156853493,0.6143215487506324,1.6146016537431813,1.1326105791532513,0.42712817077038967,0.14275387622822638,0.7629839438807959,1.4228112509812945,hjorth_mobility,hjorth_complexity,3.294857980738705,0.8674677062080078,-20.626068115234375,-102.05078125,39.0625,-20.01953125,313.562699011527,17.70770168631511,1595,eeg_data_level_2.csv,5,AF8,170.0078125,180.00390625
1703.0945320408068,243.2992188629724,413.73556986935614,148.44504767028968,205.11969092871846,861.474385164726,107.68429814559074,175.4550357050174,49.61777971171452,101.83262339341725,231.7036179094502,28.962952238681275,54.49295205539324,12.365266084629363,24.862983912445852,136.98869525616504,3.6049656646359223,17.804367254097304,0.7867691024116741,2.6397669642216064,152.24440477568953,1.7300500542691992,45.08252046250676,0.3406533450893821,0.8926231305001247,1.3438323630668894,0.8944054361250882,0.33645736679889027,0.27856398674471305,0.3123262656936867,hjorth_mobility,hjorth_complexity,2.7154936915081405,0.68625139644926,-21.715164184570312,-258.7890625,97.16796875,-20.01953125,1694.5535397098865,41.16495523755475,1595,eeg_data_level_2.csv,5,TP9,170.0078125,180.00390625
1931.3001614458576,275.90002306369394,522.8009520192351,155.46561444795097,231.06283161173562,887.1433294355819,110.89291617944774,195.14943892040165,48.019905018667366,99.7569054366742,238.13536231578297,29.76692028947287,58.19784453390004,12.02909477575303,26.479036274661993,133.17065822430226,3.504491005902691,14.099005407854822,0.746448117152563,2.6980145974944465,781.5738706516203,8.881521257404776,455.7091957004847,0.43744599677521934,1.173593121188497,1.2348217520279705,0.7597603038552803,0.28166845887859204,0.22192271527909332,0.6413122702429295,hjorth_mobility,hjorth_complexity,3.9980558585070995,0.943600615879675,-21.643447875976562,-268.5546875,128.90625,-19.04296875,2188.2262358849403,46.77848047858053,1595,eeg_data_level_2.csv,5,TP10,170.0078125,180.00390625
146.94782023174722,20.99254574739246,34.3360558147424,9.261696794916832,23.289447620775476,50.33437500250181,6.291796875312726,12.391436129737112,4.047653833589872,5.3045179165629825,12.950161354319645,1.6187701692899557,3.425819776670883,0.8734169348256702,1.2964876860396766,67.4940214570986,1.7761584593973314,3.531764091006895,0.3115282433975757,1.6019392792788516,110.62938917413915,1.2571521497061267,3.074596814627002,0.2562273580749961,1.1323932782376789,1.0208861925853059,0.49500963167297424,0.16842146522827336,0.8617362244252184,1.5056428026864261,hjorth_mobility,hjorth_complexity,3.4717631072213195,0.873392304579861,-22.47447967529297,-108.3984375,51.26953125,-22.4609375,199.88185082183918,14.137957802378644,1595,eeg_data_level_2.csv,6,AF7,180.0078125,190.00390625
576.4926027665749,82.3560861095107,152.0499836747952,32.43552961997467,81.42607264624755,111.92566120950916,13.990707651188645,46.7461115987317,4.095564005320989,8.480329168436366,16.646110623279462,2.0807638279099328,3.9568224399945544,1.2409682036146161,2.024734024706415,79.77482278732383,2.0993374417716795,5.122177145991805,0.45852651958284874,1.9784821230369272,169.85016530576058,1.9301155148381886,4.233689315705692,0.719558049331446,1.773588899745405,1.3448721485615673,0.43220095085536475,0.10019949715531282,0.4765375525048682,1.0348025624137898,hjorth_mobility,hjorth_complexity,3.294857980738705,0.8654130522730448,-22.318649291992188,-134.27734375,113.28125,-21.97265625,506.31189820705913,22.501375473669583,1595,eeg_data_level_2.csv,6,AF8,180.0078125,190.00390625
2314.9547489337465,330.7078212762495,463.5210613506771,253.28032065562417,341.9771887346931,1219.6520157181135,152.4565019647642,248.54469156426137,74.9174730567326,146.87538263352837,313.51510565886156,39.189388207357695,72.39274507335064,19.158441484062674,40.20929244849006,171.9519596309546,4.525051569235647,20.57844645019188,1.0404775718598713,3.545233372211807,218.57191427758409,2.4837717531543646,53.27304076318964,0.542006524192828,1.6007103459970349,1.35689568721308,0.9184084773942702,0.3313018990368311,0.2617217854057365,0.3358865799734917,hjorth_mobility,hjorth_complexity,2.5960827311323755,0.7018228465841237,-22.87120819091797,-324.21875,94.23828125,-20.5078125,1975.8375041055842,44.450393745225526,1595,eeg_data_level_2.csv,6,TP9,180.0078125,190.00390625
2467.5449639253156,352.5064234179022,582.2774341539903,241.19804057761652,326.06032189258826,1205.3648313822325,150.67060392277907,251.6513894439109,78.86105794514604,138.09093778953104,305.2128766837604,38.15160958547005,81.77085702676484,16.757497899756427,33.997399981408506,174.19127157719146,4.583980830978723,18.6346309553177,1.4523298625324306,3.5241050809013545,924.1359602491053,10.501545002830742,479.36214661164894,0.8101891551909461,2.3985345571289307,1.2537951862624392,0.8018132348674821,0.2786362424487321,0.22644703844117145,0.6887027339959388,hjorth_mobility,hjorth_complexity,4.029014255641557,0.9297242594907187,-23.062515258789062,-306.15234375,133.7890625,-19.53125,2460.37339544273,49.602151117090976,1595,eeg_data_level_2.csv,6,TP10,180.0078125,190.00390625
40.21302874928164,5.74471839275452,7.108629555119471,3.9592962377310013,6.090653788160706,30.75762726415125,3.844703408018906,8.555804533793486,2.616329118885006,3.0845762283626073,7.127779005140172,0.8909723756425215,1.886246464047124,0.42441350247890436,0.7077674824444806,68.74664515635881,1.8091222409568108,5.725272600535366,0.6438082642475984,1.4526212103907707,91.89523177240781,1.044263997413725,2.1218945641980715,0.29220469442904934,1.0253211117722303,0.5802482908497063,0.48070778483174703,0.15010272300108515,1.2552020770150552,1.9001579280157948,hjorth_mobility,hjorth_complexity,3.71058502797285,0.8632632432271248,-22.30205535888672,-70.3125,29.296875,-21.97265625,134.04916502622655,11.57796031372653,1595,eeg_data_level_2.csv,7,AF7,190.0078125,200.00390625
305.39324881556433,43.62760697365205,78.92861340865213,24.08971641890161,40.5278643098865,63.75983639977711,7.969979549972138,16.36990060725963,3.65665364228656,6.7155351884139955,11.891285348412962,1.4864106685516203,3.0226077093494417,0.7357282993553651,1.0129526623329865,89.62953834733923,2.358672061772085,5.901685219303245,0.7101795748524679,1.984088080295252,138.89269814999517,1.578326115340854,3.4217125922294556,0.44648578191904836,1.5165746615481885,1.2146286690905423,0.4135026594231578,0.10699314201882602,0.7414644206625247,1.251600897630368,hjorth_mobility,hjorth_complexity,3.0914170852836973,0.8519324538051227,-20.65868377685547,-109.375,44.921875,-20.5078125,342.4591006114497,18.505650504952527,1595,eeg_data_level_2.csv,7,AF8,190.0078125,200.00390625
2546.4537593425252,363.7791084775036,447.0044492282703,287.4849930983445,350.66995880162943,1211.2716416907515,151.40895521134394,283.1473970137682,65.31769209251145,148.6578293827344,212.9117049923223,26.61396312404029,41.32656850101295,13.301558207034995,23.046428405735035,120.94312579621815,3.182713836742583,8.340012828416448,1.0685763032322546,2.309813151145283,142.51857580530478,1.619529270514827,40.733025518783556,0.3715623310595633,0.9288947730973898,1.442667502236602,0.9025424852793543,0.2448925660917171,0.19552161589511127,0.2265819923167862,hjorth_mobility,hjorth_complexity,2.2157367091947533,0.6433991286532442,-22.580718994140625,-273.92578125,109.375,-19.53125,2151.747601456009,46.38693352072336,1595,eeg_data_level_2.csv,7,TP9,190.0078125,200.00390625
2824.765935639107,403.5379908055867,559.5487851178077,276.14544074658124,365.0046619482077,1325.2802909929023,165.6600363741128,327.5165661216631,71.41440598782687,160.27305841564709,199.91562149704123,24.989452687130154,37.21602965642072,12.098060928604161,25.669547234137497,108.09213234663376,2.8445297985956253,9.45546763499341,0.9652622433443516,2.3108708298914022,760.2584664144354,8.639300754709494,434.8156865237006,0.3983395449725055,1.1983380644509218,1.3437542048333981,0.8286450905646638,0.19700566053285287,0.1483993750786266,0.5274418037516224,hjorth_mobility,hjorth_complexity,3.7592339377555692,0.9160497500323106,-22.244644165039062,-300.29296875,131.8359375,-19.53125,2659.495703264838,51.570298654020206,1595,eeg_data_level_2.csv,7,TP10,190.0078125,200.00390625
73.03920110083304,10.434171585833292,14.16372172551324,6.401691753301637,11.466751710919233,19.966589501152882,2.4958236876441102,4.517085819221172,0.9776311915573775,2.371705380128716,6.508844150062725,0.8136055187578406,1.1204497321322335,0.43602794803276645,0.848300445707971,68.28456006340183,1.796962106931627,7.6240267239033255,0.48217399806590383,1.4520810140578242,100.61254011839475,1.1433243195272131,2.3146833031567238,0.45094232717216187,1.0799716723133863,0.8116115705544125,0.3122171030139753,0.12854068127139776,1.120766545726449,1.8652095423003918,hjorth_mobility,hjorth_complexity,3.7415434251073076,0.8861893736871733,-21.107864379882812,-91.30859375,35.64453125,-20.99609375,149.03264687745832,12.207892810696624,1595,eeg_data_level_2.csv,8,AF7,200.0078125,210.00390625
455.2229720715582,65.03185315307975,102.18147854686748,29.124857870497628,69.2911682191181,91.75081542679813,11.468851928349766,26.91565518019216,3.936799567029099,9.05021667114588,14.366618548323498,1.7958273185404372,2.864477371282577,0.8611739260187663,1.7181764028487092,72.69661755054429,1.9130688829090603,4.324521780248492,0.5921661643234356,1.732756410646307,144.0538046454298,1.636975052788975,4.01317584482781,0.6320836702525269,1.4777172651172905,1.362688374996938,0.455771546777897,0.1059720308230261,0.5258378087629283,1.07410788412066,hjorth_mobility,hjorth_complexity,3.533679901490235,0.8700068184437375,-21.35334014892578,-137.6953125,112.3046875,-20.99609375,421.64033624430886,20.533882639294227,1595,eeg_data_level_2.csv,8,AF8,200.0078125,210.00390625
1872.879343976509,267.55419199664414,362.0243512907614,181.30559082983928,264.48611786802473,619.7396372825707,77.46745466032134,152.43141723377335,21.83130181681739,82.21857938052881,136.96501172485847,17.12062646560731,35.957458251328056,9.658035485476217,13.50479749115718,141.3818776831932,3.7205757285050844,12.079699459269415,0.6949273713743764,2.4494342596485463,162.66480811472704,1.8484637285764436,45.99240300274347,0.4088942052048049,1.037969209645421,1.4927852820038137,0.7309732347820385,0.23154509159388473,0.3032570025624285,0.35071756500694173,hjorth_mobility,hjorth_complexity,2.697803178859879,0.7203798553559624,-22.24273681640625,-321.77734375,100.09765625,-20.01953125,1590.015438850969,39.874997665842805,1595,eeg_data_level_2.csv,8,TP9,200.0078125,210.00390625
1886.9860330302727,269.56943329003894,382.1576141984022,188.1692989600046,228.2623859274897,650.3652148159966,81.29565185199958,164.9280493026854,27.91179486913867,82.0480869262172,139.80843114778042,17.476053893472553,37.40769056617896,10.966969408909353,13.450632070650366,123.57020860883746,3.251847594969407,9.668642265704033,1.2209812458893559,2.93526233084183,787.7064586208232,8.95120975705481,446.40254058912274,0.5018558965595405,1.2735693266144943,1.3255234303895969,0.6569310567697783,0.2006920553112555,0.2325787001082773,0.7168387067613391,hjorth_mobility,hjorth_complexity,4.13073470336906,0.9661425301485377,-21.65374755859375,-277.34375,131.34765625,-19.53125,1938.0569434724748,44.023368152294694,1595,eeg_data_level_2.csv,8,TP10,200.0078125,210.00390625
184.69877479095055,26.38553925585008,45.62858522599527,10.579857448039304,25.81521519318827,38.3838828869598,4.797985360869975,11.731328987408595,1.2484943084446898,4.019435618578024,8.312007864458703,1.039000983057338,1.6163759896196679,0.34257592171012263,1.0457003947607109,70.760774520384,1.8621256452732633,3.7479234538608828,0.719521259272772,1.674707255544639,127.57700077340813,1.449738645152365,3.0810811413728336,0.4149289693168015,1.3810219963725054,1.0992945397290625,0.3547257706009911,0.10643132074614872,0.8130828736066414,1.5411359893276027,hjorth_mobility,hjorth_complexity,3.467340479059254,0.8744058240373609,-21.896743774414062,-98.6328125,97.65625,-20.99609375,233.19536107010208,15.270735446274422,1595,eeg_data_level_2.csv,9,AF7,210.0078125,220.00390625
1164.1543234552285,166.30776049360406,235.96435129655305,77.57902629669917,168.4510617922308,193.6505633047368,24.2063204130921,67.2537255435697,6.451595567880492,19.579441249190584,19.620788997360584,2.452598624670073,5.37372473563713,1.0611761626038236,1.8887606233450431,87.78159891466521,2.3100420767017162,6.01429007735593,0.6055671823008358,2.224774798199646,177.23537354252784,2.0140383357105436,4.184292793063659,0.4874760329593768,1.8954539742602594,1.5384629139363524,0.44139353849454915,0.07189557404526906,0.3275699670533829,0.6798091936328965,hjorth_mobility,hjorth_complexity,3.294857980738705,0.8495364859422567,-20.64075469970703,-200.1953125,116.69921875,-20.01953125,794.5691450368031,28.188102898861484,1595,eeg_data_level_2.csv,9,AF8,210.0078125,220.00390625
1719.3449635349825,245.62070907642607,286.20368093271486,192.0286783350116,250.71507011796055,793.2156930936923,99.15196163671153,160.43130025267794,47.7961416360707,101.43854221460472,180.89345375145103,22.61168171893138,42.4608924065036,13.059334950628017,16.361392085776068,141.4039404547642,3.721156327756953,13.289109965014646,1.254721112181792,3.3857595498224597,175.23962736728234,1.9913594019009357,44.453886538315636,0.38318180142143005,1.2831556601516467,1.3976244790836447,0.8578595817204584,0.2800701340518341,0.29849058258179006,0.3688023812840029,hjorth_mobility,hjorth_complexity,2.2555403626533415,0.6806878132083951,-20.910263061523438,-298.828125,91.796875,-17.08984375,1791.4187999849673,42.325155640410436,1595,eeg_data_level_2.csv,9,TP9,210.0078125,220.00390625
1837.8934210785844,262.55620301122633,295.6447741865527,216.43638485566015,269.7886728084581,786.725198547078,98.34064981838475,179.45529189513115,35.0053804160826,89.55949586310896,159.70631487004283,19.963289358755354,37.48320070839332,10.547953193024707,14.658191072452617,123.02778148334939,3.237573196930247,7.99749651878518,1.2326263667375057,3.0137587642416372,767.100016167397,8.717045638265875,423.6075956200908,0.5643430307990922,1.4375034135893494,1.2935483645973802,0.7354248788911553,0.21679766227806757,0.22741953202737825,0.7115658705924814,hjorth_mobility,hjorth_complexity,3.9847879740209033,0.9389985086294725,-21.506118774414062,-320.3125,116.69921875,-18.5546875,2090.611767343944,45.723208191726265,1595,eeg_data_level_2.csv,9,TP10,210.0078125,220.00390625
48.79413265206854,6.970590378866935,8.859507866984865,3.0621565839591165,7.762518807924475,29.444535618718945,3.680566952339868,6.4076102431234325,1.0340814956642765,3.852245320679126,10.413286589608484,1.3016608237010605,2.488053369766121,0.6161365459164537,1.0065635199765444,51.46723656161413,1.3544009621477402,2.6582600227331072,0.5664727830702302,1.2904881265141284,82.49334463085273,0.9374243708051447,2.3318033576179276,0.35406479886735054,0.884635266385835,0.6978325681077968,0.48771977341307204,0.21681845124751217,1.0713798182955414,1.8527060871903058,hjorth_mobility,hjorth_complexity,3.732698168783177,0.8787851992196241,-21.792030334472656,-64.453125,31.73828125,-21.484375,120.12204937491333,10.96002050066118,1595,eeg_data_level_2.csv,10,AF7,220.0078125,230.00390625
288.21465436690903,41.17352205241558,70.70630399500983,17.104287942426765,48.903680357808085,63.8376286084224,7.9797035760528,16.019768966295413,2.3432600307313116,6.760702211331719,10.201792842082288,1.275224105260286,2.0425198701066125,0.8783124535717337,1.056705209144538,82.13636129966856,2.1614831920965414,4.289648232748586,0.6575017807863612,2.078303772855274,130.3199471450084,1.4809084902841863,3.332225715413033,0.555157694621959,1.3492352358275133,1.2093399962765052,0.43687914636455744,0.10253206724043601,0.7460214293204819,1.2746205475135541,hjorth_mobility,hjorth_complexity,3.1621791358767433,0.8632797936064904,-22.591590881347656,-99.12109375,37.109375,-21.97265625,300.70745469856774,17.340918507927075,1595,eeg_data_level_2.csv,10,AF8,220.0078125,230.00390625
2716.0019442120124,388.0002777445732,508.44940013520795,334.12426751198285,391.2125245954207,932.8391578614985,116.60489473268731,218.76855136883364,30.80614626712035,130.90772010611457,159.39813096812435,19.924766371015544,33.299118995657516,9.321208374590768,18.7734486056601,118.75359487426077,3.1250946019542307,9.444608856791541,1.0033002454556461,2.7269804181353177,156.03300054048654,1.7731022788691653,37.658540301065244,0.3839384083646776,1.080059115485426,1.5468402412367384,0.7709753893589697,0.20287932555328655,0.20181702690266073,0.26367321468892363,hjorth_mobility,hjorth_complexity,2.5120527960531334,0.6776649751765758,-22.9888916015625,-232.91015625,117.67578125,-21.484375,1835.1965676993132,42.839194293302405,1595,eeg_data_level_2.csv,10,TP9,220.0078125,230.00390625
2861.9106292607985,408.8443756086855,524.4207856569841,319.66141546524915,396.4375093380115,976.5325945027272,122.0665743128409,217.1755130627322,28.71086521013368,141.3002735285911,182.06631115309068,22.758288894136335,41.70591497639267,8.264411821520152,19.09646593794789,129.9072515938974,3.4186118840499318,10.39497125856628,1.29103624431413,2.8384834406569377,771.1415591955958,8.762972263586317,420.86960171984265,0.43876551987104456,1.448435571501295,1.4265653392463096,0.6994725457438811,0.19189231364133488,0.18524786028815232,0.592026462668065,hjorth_mobility,hjorth_complexity,4.015746371155361,0.9334919809137252,-22.252273559570312,-267.578125,133.30078125,-19.775390625,2280.071423010668,47.75009343457526,1595,eeg_data_level_2.csv,10,TP10,220.0078125,230.00390625
78.52943110510773,11.218490157872534,17.650575214296612,6.007931766175129,11.562869474731274,24.704329104900282,3.0880411381125352,6.219786946994501,1.6905016536074327,2.9145843784192538,6.861508557481567,0.8576885696851959,1.802523528085198,0.4286638610904676,0.7191228863774746,54.28136270947398,1.42845691340721,3.2313423613296477,0.6063711946439699,1.450514852304507,91.23948575598627,1.0368123381362075,2.247493810211634,0.1955623271342647,0.9772969834206097,0.8914828892125375,0.39400361093213,0.14016722306020057,1.0149120474612172,1.8106377837466343,hjorth_mobility,hjorth_complexity,3.5513704141384963,0.8670258830076926,-22.06554412841797,-92.7734375,24.90234375,-21.97265625,140.83910322369775,11.867565176720023,1595,eeg_data_level_2.csv,11,AF7,230.0078125,240.00390625
383.2308057380383,54.7472579625769,106.05828700917698,18.134487474011035,54.97874228403188,76.9398782478012,9.61748478097515,29.45757816863341,1.5869916859950908,7.478086512010979,11.589892110957692,1.4487365138697115,2.502006782289564,0.6170225822930135,1.3972321947580615,98.00242419697746,2.5790111630783543,5.549835471926761,0.5726907660205254,2.2323700031363307,129.59051604760873,1.4726195005410083,3.455228287069156,0.46201634957965393,1.425734657356807,1.269649284106969,0.4150884309512562,0.09500108607298413,0.7216696409453207,1.0638440934927873,hjorth_mobility,hjorth_complexity,3.4098463129524044,0.8428929000313685,-21.17290496826172,-137.20703125,108.88671875,-20.99609375,367.85056112421444,19.179430677791622,1595,eeg_data_level_2.csv,11,AF8,230.0078125,240.00390625
1976.3968763141493,282.3424109020213,443.30448945615177,190.27848374033996,248.484616738028,770.1224682431164,96.26530853038955,148.22754237797534,50.65044601007594,95.42038702408088,119.61478442028273,14.951848052535341,23.171946157922992,6.9486664957659885,14.670199440996305,130.851949311237,3.4434723502957105,8.402215758938118,1.3332835959278828,3.140753523172303,184.47586971084775,2.0963167012596333,55.60007381322586,0.4028866788401258,1.0809312579607369,1.460305058170472,0.8140578955039071,0.19574358322091362,0.2717644447005105,0.35886825348723383,hjorth_mobility,hjorth_complexity,2.7995236265873826,0.7106707849905977,-22.582244873046875,-316.40625,141.6015625,-19.04296875,1926.2118259212002,43.88862980227567,1595,eeg_data_level_2.csv,11,TP9,230.0078125,240.00390625
1941.1847901491487,277.3121128784498,380.69915048650824,190.1750038958371,270.2260010823585,763.2850252125465,95.41062815156832,165.6719393426823,41.08787317517282,73.6759083679445,126.35580218418359,15.794475273022949,25.393425711436723,6.218077475935943,17.089071212606864,104.0385629078665,2.737856918628066,8.798221915032013,0.9499290643195546,2.4341844801003156,802.1520344043348,9.115364027321986,460.114780608914,0.36920204314318106,1.124565609880222,1.319819536651242,0.7142164979340243,0.1785009304027021,0.19392813911092088,0.6942378108587297,hjorth_mobility,hjorth_complexity,4.152847844179387,0.9472991820118836,-22.57080078125,-300.78125,129.8828125,-19.04296875,2106.574960052967,45.897439580579736,1595,eeg_data_level_2.csv,11,TP10,230.0078125,240.00390625
100.47203277947398,14.353147539924853,22.417627204350705,9.093700872374136,13.586063164271824,30.85774298245866,3.8572178728073325,7.7802510712619055,1.0914450809398586,3.5217439239752912,6.978313558843194,0.8722891948553992,1.1620599047850335,0.606113951477275,0.8638947911218098,67.02960208012466,1.763936896845386,4.756141618316627,0.5095944580439268,1.4400786372582854,107.1867875039486,1.218031676181234,2.4430100944081605,0.40473080551663154,1.1234228115311542,0.9212114437161173,0.3896588769114472,0.12152588725864019,1.0057764506107643,1.7444725597587911,hjorth_mobility,hjorth_complexity,3.5071441325178427,0.8730032982271901,-22.547531127929688,-100.5859375,50.78125,-22.94921875,163.26880882843398,12.777668364315689,1595,eeg_data_level_2.csv,12,AF7,240.0078125,250.00390625
518.3294567783246,74.04706525404637,102.7556909698032,40.84328640552687,70.71777593737662,116.56975919663407,14.571219899579258,32.03246804258538,4.0063878948436695,12.182655449854305,13.053735350453387,1.6317169188066734,2.703789226716049,0.6628418718646301,1.6848870717837898,101.23761857509582,2.6641478572393638,6.659361230471402,0.6089536990871227,2.6438093870843415,148.1907160640017,1.683985409818201,4.809035534213658,0.5526933971378114,1.5940847020337041,1.3598312224313287,0.47915133670725973,0.08515964175734225,0.6049091354319394,0.9605322166089318,hjorth_mobility,hjorth_complexity,3.201982789335332,0.8484730849295042,-21.969985961914062,-115.72265625,111.328125,-21.484375,439.478636108106,20.963745755663656,1595,eeg_data_level_2.csv,12,AF8,240.0078125,250.00390625
2260.1871111203036,322.8838730171862,462.13772900508644,213.67176383822326,345.6231016590455,1070.398934303019,133.79986678787736,230.32419027102293,69.87836648026595,126.42379546122594,182.97623880468717,22.872029850585896,59.60376740806022,10.081317336909287,16.468048161368436,116.20584726874748,3.05804861233546,8.486908712437405,0.9115549030249522,2.493840819219595,162.89696953216963,1.8511019265019277,50.658962846405444,0.21538921109656972,1.0257514195620518,1.4342152743698662,0.9106456716435557,0.23326712973692432,0.20954646068446087,0.27774341854868323,hjorth_mobility,hjorth_complexity,2.6801126662116177,0.6678720316606056,-22.852706909179688,-366.2109375,101.07421875,-19.53125,2339.966035069665,48.3731954192574,1595,eeg_data_level_2.csv,12,TP9,240.0078125,250.00390625
2296.2175711838718,328.03108159769596,481.16509113110936,222.6667423085447,341.0475279632184,1092.6267713212906,136.57834641516132,233.92479192378187,64.64364652450953,127.61712729314375,173.36789301993352,21.67098662749169,43.19550263764184,9.496416376806614,21.688528970013095,103.64145018468516,2.727406583807504,5.548659509866471,1.0531300071289635,2.537979542793937,743.5083182168581,8.448958161555206,418.5597208156097,0.45083620639570465,1.278150724863293,1.323684489556068,0.8294219118840022,0.20154985586675647,0.16971111026239094,0.6045817267280084,hjorth_mobility,hjorth_complexity,4.020168999317426,0.922782211924259,-23.195838928222656,-384.765625,116.69921875,-20.01953125,2668.391161969339,51.656472604789215,1595,eeg_data_level_2.csv,12,TP10,240.0078125,250.00390625
24.867778868548086,3.5525398383640123,6.551052464509486,1.890232640458819,2.827339577395852,8.453610686452441,1.0567013358065551,2.0961025876452957,0.5130723799446701,1.001753284857727,5.756460009162764,0.7195575011453454,1.1862104567468306,0.4771834379498369,0.707996039321035,60.10114909472103,1.581609186703185,3.043428679289989,0.25336602319772045,1.575305298997393,94.43666909982225,1.0731439670434346,3.3126519314739635,0.3710134976235951,0.9943239040766669,0.45998361942814336,0.20521844286407898,0.15114502690536757,1.339735689556206,2.2836749196133637,hjorth_mobility,hjorth_complexity,3.5425251578143655,0.878022442642928,-22.3663330078125,-65.4296875,20.5078125,-22.4609375,113.54590766131878,10.655792211812258,1595,eeg_data_level_2.csv,13,AF7,250.0078125,260.00390625
113.8745868563871,16.267798122341013,25.699173207521323,11.21827841354305,14.170341055021117,49.62577567935957,6.203221959919946,13.617187926801506,1.573428060814779,5.483049794285052,8.039898456021012,1.0049873070026265,1.8769545129143705,0.40914877092019014,1.001927465041023,79.29941096116373,2.0868266042411507,4.902171169846979,0.31481791229040806,2.0868837154235473,124.095056586362,1.4101710975722954,3.382253063722266,0.4314806628751562,1.4049244608117282,0.885551253298039,0.47981979595838636,0.11660523863596496,0.995304974733099,1.7037863471988648,hjorth_mobility,hjorth_complexity,3.675204002676327,0.8707473252304371,-23.411178588867188,-125.48828125,41.50390625,-21.97265625,262.99213626771234,16.217032289161676,1595,eeg_data_level_2.csv,13,AF8,250.0078125,260.00390625
871.4908601032507,124.4986943004644,146.90370155787295,91.70388708009206,133.16333614557118,498.9298399328925,62.36622999161156,129.84288452063853,25.570393541642016,57.494553468946194,72.60195310110223,9.075244137637778,18.648909823046075,3.713415128694124,6.379077438602231,101.60359224595922,2.6737787433147164,8.754999286929923,0.9173927723526205,2.1120420651430107,152.4667841959647,1.7325770931359623,50.508056462993714,0.24504997604479012,0.8218818784792365,1.321764379234911,0.9215539203687427,0.21404815796696008,0.3713837860647112,0.5054564788072542,hjorth_mobility,hjorth_complexity,3.263899583604247,0.7858900858821946,-22.717666625976562,-270.99609375,115.234375,-22.94921875,903.940601128852,30.06560495198545,1595,eeg_data_level_2.csv,13,TP9,250.0078125,260.00390625
939.2428880801918,134.17755544002742,185.17942011188,107.04154841821281,134.7666297907245,483.70627930512865,60.46328491314108,126.72612443568197,22.999193347237153,56.37712860623246,74.58383232675082,9.322979040843853,17.648067539513285,3.364567287628325,7.17577629311827,99.37268675937523,2.615070704194085,7.855075972258293,0.8522262578130294,2.4594344836530055,755.81135176079,8.588765360918067,435.466224581402,0.31783069029835637,1.259121017039468,1.1255844967967932,0.7187437539450301,0.16789557327862345,0.27703949715628945,0.916958654503317,hjorth_mobility,hjorth_complexity,4.621646429358317,1.0023278708292849,-23.42205047607422,-297.8515625,127.44140625,-22.705078125,1271.1497430791496,35.65318699750626,1595,eeg_data_level_2.csv,13,TP10,250.0078125,260.00390625
54.46837062537729,7.7811958036253275,10.733182891306656,5.987326376661812,6.9099063836789325,30.07916631718458,3.7598957896480725,8.70711257879725,1.4109214029382595,2.98138962006273,9.347182848682698,1.1683978560853372,2.2772786428831546,0.5423284811641484,0.7966299164405792,64.74993546970192,1.7039456702553137,3.8143175501445037,0.3574075504428456,1.6188471633599892,100.50307268690158,1.1420803714420633,2.290577133017374,0.37092884550113225,1.0885882806450744,0.6776792010114709,0.43441482636227674,0.17370029653449276,1.125307384466027,1.9014077484373688,hjorth_mobility,hjorth_complexity,3.7150076561349152,0.8739663640107369,-23.4619140625,-102.05078125,27.34375,-22.94921875,150.81126242876053,12.28052370335893,1595,eeg_data_level_2.csv,14,AF7,260.0078125,270.00390625
236.9548556339921,33.850693661998875,61.88834174089376,21.8700244935386,26.492809241653383,59.801267020943264,7.475158377617908,17.44454782546984,3.6715296040331222,6.111548573628195,11.086631109231249,1.385828888653906,2.6715096459996657,0.34225941132310184,1.2787557346030427,102.6599560540451,2.7015777908959238,9.02722079338597,0.5417009863647549,2.0307163264364148,173.59960213674407,1.9727227515539099,5.161797573856156,0.6424408621693465,1.8150312900069716,1.0595024792250478,0.402636375014334,0.10400685067298242,0.8348314583572783,1.5531053466664475,hjorth_mobility,hjorth_complexity,3.6221324647315423,0.8851673961039905,-21.48303985595703,-102.05078125,110.3515625,-21.484375,344.3452511783107,18.556542004864774,1595,eeg_data_level_2.csv,14,AF8,260.0078125,270.00390625
1533.7671023028552,219.109586043265,300.746834400846,176.12431407769998,203.08510398098807,743.8214972181626,92.97768715227032,190.08338696485282,47.86239601159388,77.82053911980165,161.250570778495,20.156321347311874,33.80466195655446,8.04986144804537,17.101974016180524,121.65216666302113,3.2013728069216087,9.206674330415261,1.0867098873115673,2.8144519304842923,196.908247667897,2.2375937234988297,46.71394076951085,0.45643935375465566,1.4131267463616197,1.380610834657706,0.8715327638869415,0.27651531100438576,0.28692206770843764,0.4469508484931801,hjorth_mobility,hjorth_complexity,3.06045868814924,0.7593161807493573,-23.09856414794922,-274.90234375,112.79296875,-22.94921875,1337.933308641368,36.57777068987895,1595,eeg_data_level_2.csv,14,TP9,260.0078125,270.00390625
1639.8857256122637,234.26938937318053,338.9576700554226,188.30958207262475,213.07261299918613,772.8043734525359,96.60054668156698,209.19312744420807,46.152139256001924,81.39000527848458,151.27786533481023,18.90973316685128,36.61427714225303,5.236529087105994,14.060656845853085,140.4952890167672,3.697244447809663,9.677273411324181,1.4342009875182473,3.2424068614218697,978.6488494327891,11.12100965264533,486.7520421277365,0.8704298824998876,2.9021592581018343,1.196873310126801,0.7253607243503633,0.2055830093165068,0.25444490270892217,0.9531289158037874,hjorth_mobility,hjorth_complexity,4.329752970662002,0.973247411034498,-22.49736785888672,-274.4140625,127.44140625,-20.99609375,1780.876028315106,42.20042687361238,1595,eeg_data_level_2.csv,14,TP10,260.0078125,270.00390625
89.95790090812811,12.851128701161159,17.568386592454527,9.427128904160636,13.394016037270202,40.6471083208152,5.0808885401019,11.014707474867532,2.163287042347681,3.928808230936574,8.941556794400878,1.1176945993001097,1.6798687629894622,0.49096770678556684,1.0635086208316538,60.917076649585916,1.6030809644627873,3.5075246356425693,0.5179382920957888,1.4197733690762313,119.28579300509304,1.3555203750578755,2.8275042222586437,0.4223152370295673,1.2802054334183197,0.8463026910907805,0.4776517749848026,0.1461149927579948,0.9203886202910979,1.8702431488155031,hjorth_mobility,hjorth_complexity,3.613287208407412,0.889394247862757,-22.83782958984375,-95.21484375,32.71484375,-22.94921875,170.45985674485564,13.05602760202565,1595,eeg_data_level_2.csv,15,AF7,270.0078125,280.00390625
518.1763588214452,74.02519411734932,126.33488248583859,24.184160747039392,69.15610318808571,113.75601423297557,14.219501779121947,27.797497406670164,4.085221198011594,11.592029955032285,18.509011276009453,2.3136264095011816,5.8863779967218575,0.9258781759769078,1.7213405215282667,105.37093655328464,2.7729193829811747,7.656212194248629,0.6038780345317888,2.171222764744485,141.24963957327833,1.6051095406054356,4.093337157120719,0.461094161178236,1.5779327499757918,1.345406115309899,0.4787395604663763,0.11359396290314189,0.6244110338042063,0.937278133485927,hjorth_mobility,hjorth_complexity,3.2992806089007702,0.855386027386818,-21.797752380371094,-128.90625,110.3515625,-20.99609375,457.242180382309,21.3832219364227,1595,eeg_data_level_2.csv,15,AF8,270.0078125,280.00390625
2388.0492692181397,341.14989560259136,478.47342691598635,221.7272193956237,315.6747877645696,1061.932398786446,132.74154984830574,195.98323913906987,71.88932523865645,122.1589661518221,196.73550463053226,24.591938078816533,51.99278767738791,12.079141738577157,23.609393166090534,112.04489910366185,2.948549976412154,9.197551401887074,1.2397463499635961,2.409719885629872,151.76040203609116,1.7245500231373996,45.744217331790644,0.36649274777155255,0.8505332883661936,1.4545773594757685,0.8867506447818,0.2458881522349498,0.1989423989846683,0.25539145582260564,hjorth_mobility,hjorth_complexity,2.711071063346075,0.7143440850267799,-23.067474365234375,-360.83984375,95.21484375,-20.99609375,1598.9225212251768,39.986529247049894,1595,eeg_data_level_2.csv,15,TP9,270.0078125,280.00390625
2328.431135270631,332.6330193243758,457.37992721587943,233.9185803135265,311.69865670451867,1080.44561674258,135.0557020928225,218.49286945194314,69.9044203063079,121.06156678227205,186.47052420376397,23.308815525470497,49.796596466550206,13.287912106934236,19.635734677097908,103.73135872058093,2.7297725979100242,8.6640348976612,0.9882087929014737,2.581398033330436,758.1814999351095,8.615698862898972,435.0141821712837,0.33996626169366345,1.1496997037975238,1.3324724027457635,0.8195710314535275,0.21300953539523376,0.16732379340995454,0.5890312389888115,hjorth_mobility,hjorth_complexity,4.117466818882865,0.9652220329188919,-23.295211791992188,-351.07421875,130.37109375,-20.99609375,1940.5266839021351,44.05140955635966,1595,eeg_data_level_2.csv,15,TP10,270.0078125,280.00390625
73.54321677656077,10.506173825222968,14.213789138120614,7.617329591826171,9.002226810573767,33.993949641273986,4.249243705159248,9.48575807434917,2.027889977205208,3.6146345888719567,7.1800001525397406,0.8975000190674676,1.405146730758743,0.4035691304574411,0.8654533308815593,67.09878029491334,1.76575737618193,4.039117622899207,0.43406021918694815,1.8332111400440234,103.19239265351541,1.1726408256081298,2.608835193258516,0.3258913792155323,1.1546432814745595,0.7953372832865863,0.4534120822358598,0.13345234350676843,1.0855009479769364,1.8261916436441998,hjorth_mobility,hjorth_complexity,3.7769244504038304,0.8718990187548682,-21.809768676757812,-106.93359375,28.80859375,-21.484375,157.2585768008139,12.54027817876517,1595,eeg_data_level_2.csv,16,AF7,280.0078125,290.00390625
562.2938274556132,80.32768963651617,121.29403876065294,44.983174258597145,73.37353086063445,107.50433603116565,13.438042003895706,27.928544192036814,3.2429396628603135,10.81267242969145,15.582187226463297,1.9477734033079122,2.6086946346335664,1.1732096793582034,1.9098924117323453,93.51865871219715,2.461017334531504,6.06093273441458,0.6329581007803071,2.097629337380348,127.86707199159589,1.4530349089954078,4.582343956549836,0.3052433033326242,1.388818178370528,1.4065768628276236,0.45542579036245046,0.10009488971219566,0.5674566216101449,0.8520453818871009,hjorth_mobility,hjorth_complexity,3.0118097783665205,0.8136777929194975,-20.153427124023438,-125.0,115.234375,-20.01953125,514.5981440728065,22.684755764010475,1595,eeg_data_level_2.csv,16,AF8,280.0078125,290.00390625
1722.00659936581,246.00094276654428,343.680551119467,142.6328380781131,255.3021151169244,651.3778090440419,81.42222613050524,127.43438242586808,22.10206143068619,84.06579017553356,131.94439355830855,16.49304919478857,25.728155394390097,6.651455984620695,16.80748749375835,110.71668368922741,2.913596939190195,9.314181902381543,1.0941805328191843,2.2607040467876507,173.63480161894068,1.9731227456697804,51.310361701902984,0.4232997254562548,1.014035431624547,1.4424590217883622,0.7769085813541512,0.23067327048161412,0.2575377459792707,0.37429817748600336,hjorth_mobility,hjorth_complexity,2.7066484351840097,0.6897386252822054,-22.159576416015625,-298.33984375,101.07421875,-18.5546875,1859.02256926056,43.11638400029112,1595,eeg_data_level_2.csv,16,TP9,280.0078125,290.00390625
2000.2733267131237,285.75333238758907,448.32451198111835,142.88087693442344,253.4316403491005,694.5187066385724,86.81483832982155,157.69265788535967,29.129434902510027,87.18561891066491,157.2829727483178,19.660371593539725,36.0250491727564,7.415839902318437,17.323086219611415,112.82078180670358,2.9689679422816733,8.057019157309472,1.247937910077319,2.6943977428391044,753.7311234572546,8.565126402923347,425.14485986781546,0.43550564398511615,1.2468734020931098,1.3186181446013607,0.6675405998661709,0.21073861528597918,0.20790888069766789,0.6791888625371645,hjorth_mobility,hjorth_complexity,3.9626748332105763,0.922018504795384,-21.471405029296875,-313.96484375,124.51171875,-17.578125,2401.3349966844544,49.00341821428842,1595,eeg_data_level_2.csv,16,TP10,280.0078125,290.00390625
36.19995620783399,5.171422315404856,8.944657865080408,3.4545871588276755,4.391750622859401,20.962043489826417,2.620255436228302,4.3867366021814265,1.2365561771072313,2.2511856369064778,8.686054171885772,1.0857567714857215,1.4119999858968921,0.7818102669974464,1.0482367702842446,59.44400390079623,1.5643158921262166,3.126796618804775,0.3243231448198063,1.4739897756837512,103.771128642153,1.179217370933557,2.6716170375836272,0.2616044082280911,1.0382679939769226,0.5483233248897099,0.3715424581073493,0.18693057447097305,1.1659995317678706,2.1771112946454325,hjorth_mobility,hjorth_complexity,3.5955966957591503,0.887013226695775,-19.947433471679688,-70.3125,39.55078125,-20.01953125,136.6047361807432,11.68780288081311,1595,eeg_data_level_2.csv,17,AF7,290.0078125,300.00390625
238.9906166866872,34.141516669526744,59.29353632935502,18.724684662518882,30.902272896321694,52.881615248257425,6.610201906032178,12.685186748030064,2.6846436976783243,5.169478987982257,11.151709538333861,1.3939636922917327,2.3562512694474624,0.8733179618669514,1.2699822497278923,86.36208837382752,2.2726865361533557,5.259228336218017,0.5309730659728843,2.1211014586473764,135.29123464101997,1.5374003936479541,3.5774325220488246,0.38702073841876145,1.3854223444798373,1.1507327958452316,0.39995134180284125,0.1171602411480306,0.8201683316514857,1.3898998205023072,hjorth_mobility,hjorth_complexity,3.263899583604247,0.8537463583059349,-19.781494140625,-104.4921875,50.78125,-19.04296875,302.91225761175156,17.404374668793807,1595,eeg_data_level_2.csv,17,AF8,290.0078125,300.00390625
1972.1618978729002,281.7374139818429,366.7981499944397,224.29471559058496,274.29415576100865,843.8698240853108,105.48372801066385,175.75561135525794,60.74893643685445,93.79964444116189,180.76479883502685,22.595599854378356,42.94036554115522,10.791405377746365,22.65728985616102,121.81354989545126,3.205619734090823,11.165425631674145,1.0189080066899932,2.6631336480269145,155.549033307767,1.7676026512246248,52.513258297639105,0.22612649161099993,0.8498291092136412,1.4500010760565702,0.8505209750519471,0.2637900177536204,0.2465949790389767,0.29306869652948264,hjorth_mobility,hjorth_complexity,2.5253206805393296,0.6917335061600555,-20.754623413085938,-363.76953125,107.421875,-17.578125,1992.8077164513525,44.640874951678,1595,eeg_data_level_2.csv,17,TP9,290.0078125,300.00390625
2257.783040294939,322.5404343278484,363.25988651421216,290.4079586247289,315.21040197904,939.1845848360813,117.39807310451016,195.38111239958954,66.98774604891696,113.45292489488912,201.59535074350708,25.199418842938385,46.12629085739049,11.51928568900869,23.835014769121457,107.32616736991322,2.824372825524032,7.596387010581288,0.9754463496659975,2.0616306166787712,765.3313402687801,8.696947048508864,447.29469248673456,0.41940493470504886,1.0115808656223666,1.3438620685793714,0.7618013135628481,0.2333003574040589,0.17590601733590322,0.5928425727913046,hjorth_mobility,hjorth_complexity,4.285526689041348,0.9434833567122999,-20.7611083984375,-374.0234375,132.8125,-17.578125,2490.5878212302923,49.905789456036985,1595,eeg_data_level_2.csv,17,TP10,290.0078125,300.00390625
574.3831596402413,82.05473709146304,149.9285745392409,25.41370905702796,78.36892168390222,78.59731382836229,9.824664228545286,28.35327904372326,1.883029890368316,4.649087903173151,9.149317735363093,1.1436647169203866,1.3338275950182341,0.843200651776185,1.2432355866329354,66.31825194153147,1.7452171563560914,3.561787415988986,0.7342784162689031,1.508290162029918,77.2308313691855,0.8776230837407443,2.1360482000732226,0.15541528517758035,0.7602034540565235,1.458936181904907,0.37061256238835927,0.07067004408438918,0.4733155503449289,0.6119700050609929,hjorth_mobility,hjorth_complexity,3.1135302260940243,0.8160242521670596,-22.080612182617188,-91.796875,137.6953125,-22.4609375,364.82334704487585,19.100349395884773,1595,eeg_data_level_3.csv,0,AF7,120.0078125,130.00390625
425.10915541043016,60.72987934434717,79.66041090672827,35.79054177102117,60.81699834517595,106.08292119361255,13.260365149201569,22.946035734450625,5.432610742391311,13.606530172621389,19.905368696627185,2.488171087078398,5.143108526332622,1.2565849164315044,1.7142487187984083,88.47185347511075,2.3282066703976514,5.075124545036654,0.9082151574344954,2.1808281279293134,102.44871554256375,1.1641899493473153,2.4369839943832585,0.3066977558391581,1.0813436982004099,1.3735181966111543,0.5323241887432288,0.14160563934566817,0.6431920071401805,0.8389786331524948,hjorth_mobility,hjorth_complexity,3.263899583604247,0.8149532838782629,-21.63105010986328,-148.4375,117.67578125,-21.484375,333.2817926639109,18.25600702957552,1595,eeg_data_level_3.csv,0,AF8,120.0078125,130.00390625
743.5611524549583,106.22302177927976,130.84810351890584,53.48046100339081,112.92299896887525,501.52307226213327,62.69038403276666,101.05586517976397,26.918207804363867,64.03792483026123,123.9277117938972,15.49096397423715,26.13940432155071,10.234627059209126,13.22783365352506,104.54536425072314,2.7511937960716617,6.6955697455738274,0.70197295597545,2.361968465312046,156.35496762601315,1.7767609957501493,48.38265815398748,0.15097882506724386,0.8643946931716862,1.2197055122608842,0.9658159154951681,0.3445948583258064,0.39752659063892787,0.540000010768954,hjorth_mobility,hjorth_complexity,3.1135302260940243,0.7817322484316166,-23.157691955566406,-259.765625,74.21875,-21.97265625,720.0936172375805,26.83456012752176,1595,eeg_data_level_3.csv,0,TP9,120.0078125,130.00390625
839.2013035045777,119.88590050065396,164.94718937200835,57.821552800920735,114.54933837713585,537.6752428310535,67.20940535388169,101.49814196094324,28.95171380665541,71.08670312837137,121.90799204703849,15.238499005879811,28.442898243986054,6.105834474037923,13.121547358907293,105.82216574905179,2.784793835501363,5.079734378647555,1.0663352542349787,2.5232624602850753,717.3550970578339,8.151762466566295,407.1629680998724,0.3950016967525678,1.1026755434563784,1.045665458712148,0.7952491474806684,0.25575254403045616,0.30073592515797504,0.8957599965502439,hjorth_mobility,hjorth_complexity,4.497812840820487,0.9927191687909951,-22.084808349609375,-230.46875,130.859375,-20.99609375,1064.620441175066,32.62852189687829,1595,eeg_data_level_3.csv,0,TP10,120.0078125,130.00390625
7226.940332041299,1032.4200474344714,3791.8117875980106,218.32673145618622,422.0305107823112,404.6175587819936,50.5771948477492,134.81183734827792,12.066373093926218,45.894588336645626,47.50779125890178,5.938473907362723,10.110823540011014,3.4085320127109684,5.478200084298349,80.30215393616544,2.1132145772675117,3.8780093195083305,0.928577029601588,1.9793618774978157,130.46976688527766,1.4826109873327007,4.264871891808332,0.6770789899425823,1.3889845363555688,1.3682465021429675,0.23107604816420912,0.04029093878217508,0.07780337551451211,0.13153228332879618,hjorth_mobility,hjorth_complexity,1.919420622336373,0.7172246185814619,-15.704345703125,-312.01171875,429.6875,-23.92578125,6475.823223590851,80.47249979707883,1595,eeg_data_level_3.csv,1,AF7,130.0078125,140.00390625
617.5544750346953,88.22206786209934,158.0592163277432,24.8266063098892,88.8160778741198,160.68287991392083,20.085359989240104,51.1314312956597,3.6218434333652882,17.011536795344774,19.484577321086746,2.4355721651358433,4.920410913212419,1.6039136277946122,2.007925694623217,79.02827067848492,2.0796913336443397,4.049697568237756,0.7043395984775457,2.1216285848491436,95.84415235249736,1.0891380949147427,2.943867722014401,0.4120334725205939,1.0132345591809426,1.3994253600399318,0.5801771222646541,0.11430039529376271,0.4770598625718351,0.6378199732677983,hjorth_mobility,hjorth_complexity,2.803946254749448,0.7999133072400858,-20.41015625,-149.4140625,118.65234375,-20.01953125,484.488308429718,22.011095121091046,1595,eeg_data_level_3.csv,1,AF8,130.0078125,140.00390625
1817.1715472029491,259.595935314707,334.98952534046873,137.95745700478275,264.1631265751373,970.0116346329536,121.2514543291192,198.01598372234315,63.76699118436093,113.80323453205648,214.01716864021824,26.75214608002728,43.22036315515704,14.351471271695452,20.923107359158244,118.05702472917108,3.1067638086623965,8.964949285679374,0.7107340282890126,2.548967517590572,165.71579422625967,1.8831340252984055,46.410303425267976,0.40218549719816044,1.07415222777144,1.376277994947888,0.938190342725759,0.3041916331778416,0.23983230209315143,0.323751800299838,hjorth_mobility,hjorth_complexity,2.8393272800459712,0.7427487128855012,-21.47197723388672,-321.2890625,80.56640625,-18.5546875,1394.1570510723977,37.338412540872675,1595,eeg_data_level_3.csv,1,TP9,130.0078125,140.00390625
1733.9437892809738,247.70625561156768,315.56553553754725,148.7560031222633,240.08059581093028,963.1926558621498,120.39908198276872,241.01761897114824,47.77084067298355,113.84842118005656,191.86598152268664,23.98324769033583,42.293398799466324,10.783290000006726,18.66353433276076,114.31789725053896,3.0083657171194464,8.537281760408415,1.0067739884788895,2.532768512760125,748.6118909100082,8.506953305795548,425.17477679038905,0.533681439385153,1.197561994646885,1.2300776766966572,0.8373485375176304,0.24885112101589874,0.20922187608321655,0.6707859326813326,hjorth_mobility,hjorth_complexity,4.192651497637976,0.9652529787822157,-21.74530029296875,-267.578125,113.28125,-19.04296875,1704.9602209590375,41.29116395742602,1595,eeg_data_level_3.csv,1,TP10,130.0078125,140.00390625
8035.073058586096,1147.8675797980136,2528.237844665723,227.20452134006715,871.1067918219869,908.6809310761882,113.58511638452353,186.19140265495946,27.001205605815535,119.40445483408556,48.49088940232955,6.061361175291194,13.150983626140098,1.7214835062940923,5.015115025774063,59.83991725106044,1.5747346645015905,3.117982447883231,0.7037336540074273,1.5173598290967467,75.97487374129184,0.8633508379692255,2.0738499127553096,0.2285164250316547,0.8174778997077351,1.5383696115500303,0.41091079008062337,0.0369568124962119,0.054944982249216276,0.07435117945600957,hjorth_mobility,hjorth_complexity,2.662422153563356,0.667795855659796,-7.232666015625,-137.20703125,520.99609375,-23.4375,5638.144910335541,75.08758159866078,1595,eeg_data_level_3.csv,2,AF7,140.0078125,150.00390625
663.5777270160581,94.79681814515116,172.0595532279948,20.808532808338306,90.23649576441125,79.45990253589338,9.932487816986672,16.26246139224716,4.566269704316153,8.858895474469506,14.124328966000824,1.765541120750103,2.213968618374196,1.2062373937242017,1.8652392434558016,76.82696666150069,2.0217622805658078,4.874563032052796,0.8301503477995216,1.8523946020632618,90.85965745036877,1.0324961073905543,2.5774014943515047,0.2850458554856627,1.018867759426985,1.4852571102191252,0.37202754634587026,0.09228482164740065,0.4866216337125556,0.6400981557069936,hjorth_mobility,hjorth_complexity,2.768565229452925,0.8116311043470246,-22.58930206298828,-145.01953125,145.99609375,-22.705078125,575.9725416646688,23.99942794452961,1595,eeg_data_level_3.csv,2,AF8,140.0078125,150.00390625
1301.4524837544927,185.92178339349897,271.1099327207406,85.2693704875917,173.96024894914692,450.7454677606673,56.34318347008341,83.85482305014412,39.67972667646863,51.290829225699696,150.80094014829817,18.85011751853727,29.87537115785496,9.96222162214289,19.381707330616173,121.97854274509228,3.209961651186639,12.448388288948783,0.6909851755108742,2.198574535130952,154.08051236505312,1.75091491323924,40.97364831406274,0.43392549455533125,1.02065828467103,1.4008593775987261,0.7287127135445662,0.3160633297498149,0.34170079300428535,0.4275098520336992,hjorth_mobility,hjorth_complexity,2.6579995254012907,0.7324474298262106,-22.24884033203125,-234.86328125,83.984375,-20.5078125,1182.4964522384107,34.38744614300996,1595,eeg_data_level_3.csv,2,TP9,140.0078125,150.00390625
1438.990851646489,205.57012166378416,287.8203737197771,96.93323413146067,203.1290046141398,518.302194342333,64.78777429279162,105.68848726835296,40.79727085957873,56.867260967631964,156.31710620936522,19.539638276170653,30.467189408615596,8.819055704855137,20.06845126080317,130.6094226841013,3.4370900706342447,12.596225361266884,0.8004423119189833,2.685902525192851,699.1574617669502,7.944971156442616,344.4170790186703,0.2964876779742729,1.5160778058693514,1.2513061070729607,0.6511147905268337,0.25719389684490895,0.2860994707725298,0.8409943151394239,hjorth_mobility,hjorth_complexity,4.011323742993295,0.9544497756582834,-22.42908477783203,-251.46484375,107.421875,-20.5078125,1550.3808954599663,39.37487645009145,1595,eeg_data_level_3.csv,2,TP10,140.0078125,150.00390625
2708.5019263555064,386.9288466222152,1180.0003465858838,86.79288583784727,232.53921368671107,186.42192365233302,23.302740456541628,81.91955925045421,3.4674792808151214,13.852154083220482,12.877401168070756,1.6096751460088445,4.255486218667847,0.6777654832918977,1.002941867768098,74.16005501740632,1.9515803951949031,3.2122733403669983,1.129731178404436,1.922259472213547,117.90418644157002,1.3398203004723865,3.28063696398854,0.4486210195945221,1.2421948566064471,1.4023305525672853,0.2387546213640584,0.02698885742461299,0.15520079100014883,0.2573299868290468,hjorth_mobility,hjorth_complexity,2.06536735168453,0.7826197918829537,-29.88605499267578,-274.4140625,352.05078125,-27.83203125,4570.044547981524,67.60210461207198,1595,eeg_data_level_3.csv,3,AF7,150.0078125,160.00390625
619.4201418376985,88.48859169109978,214.65325406050343,19.633638273231153,60.489108748743696,137.44942386755838,17.181177983444798,46.23847221774611,2.919673273377784,9.87275478092292,9.791786112275323,1.2239732640344154,2.5286005104204268,0.5889164140693158,1.0428423236377178,79.90294574462263,2.1027090985427006,5.644235018596628,0.44871352300947565,1.6503472626810551,125.49238883849377,1.426049873164702,3.792811903076957,0.40027093592701746,1.2676713793621417,1.315622691408051,0.5015428906487499,0.0633223250740655,0.47217421373214574,0.7921593605505537,hjorth_mobility,hjorth_complexity,2.9985418938803243,0.8238779549366569,-20.575714111328125,-174.8046875,120.60546875,-20.01953125,600.513489334844,24.505376743377035,1595,eeg_data_level_3.csv,3,AF8,150.0078125,160.00390625
1020.5578426699612,145.79397752428017,260.05078295738696,48.64220637517283,156.38645421395887,610.01894081776,76.25236760222,129.857732018378,33.06732445015956,68.47883618013934,108.00663668418692,13.500829585523364,21.09803114257484,5.646362110252039,13.628747589294619,94.21732171718232,2.479403203083745,5.5873590204381305,0.6669751238176284,2.2768484321027787,147.83790678073342,1.6799762134174252,38.87481003582514,0.4233144230357911,1.0397643018397904,1.267513665013946,0.9519089472919957,0.2649046474637768,0.3089877270484544,0.4615458991972545,hjorth_mobility,hjorth_complexity,2.8216367673977096,0.7458923743807189,-21.11225128173828,-282.71484375,100.5859375,-20.01953125,1003.3387806834071,31.675523368737053,1595,eeg_data_level_3.csv,3,TP9,150.0078125,160.00390625
946.772771970682,135.25325313866887,229.68135662883333,50.685572020303944,114.65584411381246,721.7156418053095,90.21445522566368,191.0138652759897,26.096391741137992,69.75185836693211,106.91218877064449,13.364023596330561,21.800378640784885,2.306465417823554,13.384794400486658,103.55966802977161,2.725254421836095,4.963982201886184,0.5540547922776854,2.6383089735877943,725.3434281420597,8.24253895615977,405.0079764233853,0.37739084260792566,1.3453292426747883,1.0276210944617408,0.880482158205898,0.20900763683805768,0.2665828688178648,0.8720284466217425,hjorth_mobility,hjorth_complexity,4.422628162065376,0.9745828094204219,-20.529937744140625,-287.59765625,130.859375,-19.53125,1296.2928734486923,36.00406745700675,1595,eeg_data_level_3.csv,3,TP10,150.0078125,160.00390625
6895.862016838853,985.1231452626934,2973.8378507495786,152.6483782752827,446.76613876511874,286.01355414253226,35.75169426781653,114.93430736417434,8.522657775035178,16.125940882953795,46.94959118484137,5.868698898105171,9.283435121528727,2.6911325831647455,4.9458972729094794,80.83546238178523,2.1272490100469796,4.67605605487038,0.5029856140270023,2.053857592628474,173.2369513685468,1.9686017200971229,5.084121018804692,0.5835798156228668,1.73916255298677,1.3949501816496674,0.1789504368005779,0.04225903356260338,0.08291056254289565,0.17946787426324534,hjorth_mobility,hjorth_complexity,3.1975601611732665,0.8374359706560122,-8.57086181640625,-82.03125,623.53515625,-22.4609375,5079.96387546882,71.27386530467406,1595,eeg_data_level_3.csv,4,AF7,160.0078125,170.00390625
253.25982356289157,36.17997479469879,67.29179481056984,14.010958863420813,31.61997951225721,29.251133539634434,3.6563916924543043,6.464738376890012,2.5905093577069254,3.3757718634540006,14.246264485875372,1.7807830607344215,2.350513103841618,1.0334936950127904,1.7329319190058698,95.01860578208661,2.5004896258443843,6.353708059123754,0.37200697497003643,2.6306684914652663,129.24689745727667,1.4687147438326895,3.796963126289793,0.4537850330663431,1.3139846255188463,1.1857512630482496,0.26036688012867426,0.14569821388179294,0.8853222011069879,1.3508137616599625,hjorth_mobility,hjorth_complexity,3.449649966410993,0.8611484551767982,-21.179580688476562,-116.69921875,72.265625,-20.5078125,257.5364428048488,16.047942011511907,1595,eeg_data_level_3.csv,4,AF8,160.0078125,170.00390625
604.9165353674506,86.4166479096358,140.6001634671041,40.64063488614127,83.5341127265755,154.6633110209113,19.332913877613912,31.40012017596841,12.397107756665719,17.806432010038357,80.58622666377619,10.073278332972023,17.723588854784442,1.7390334130416278,11.266442353158181,86.15647317255215,2.267275609804004,4.719854679306522,0.7434069385961498,1.9780113571189728,169.32325122212296,1.9241278547968519,42.37509214719809,0.3259140493859145,1.1180146562009958,1.3095606032594924,0.5418138845740263,0.3226371745275101,0.4581983666414483,0.8213810503630214,hjorth_mobility,hjorth_complexity,3.193137533011201,0.8302861312850444,-23.324012756347656,-240.234375,84.47265625,-21.97265625,542.9629896752886,23.30156624940239,1595,eeg_data_level_3.csv,4,TP9,160.0078125,170.00390625
701.3902904215006,100.19861291735722,188.2031082427528,41.12074413988546,84.29211754138214,171.1604041844738,21.395050523059226,32.96638066722328,12.998702261592129,18.107043037637787,79.23740414005971,9.904675517507464,17.897128405790088,3.212496704412413,9.489683417035604,85.80768854052273,2.2580970668558615,4.562681729690481,1.0393279420282704,1.9924407328494598,769.3953568310613,8.743129054898425,392.23877357893616,0.45146145763316764,1.513888588409202,1.0412866964536607,0.4027974383077567,0.21671581137350135,0.3033842138573188,1.1998554084913384,hjorth_mobility,hjorth_complexity,4.679140595465167,1.0322277774172257,-23.186492919921875,-263.671875,107.421875,-21.97265625,891.5999432792887,29.85967085014985,1595,eeg_data_level_3.csv,4,TP10,160.0078125,170.00390625
8099.529906949538,1157.075700992791,2839.2815758724896,114.18869967463102,639.6137328747592,171.228317742619,21.403539717827375,78.69370818347609,2.5447787887958393,11.57142679546618,39.76255499164495,4.970319373955618,6.218298026859593,3.991949038781444,4.6580129626092965,89.83902939977297,2.364184984204552,6.787322159304816,0.6101338658794417,2.012588537572507,117.22775303572949,1.3321335572241988,3.073105110000239,0.6428679862120172,1.2445209632514116,1.482614234245282,0.10663154879094527,0.03327812476026221,0.08173972934748658,0.11475224883335726,hjorth_mobility,hjorth_complexity,2.5607017058358523,0.7791479102761681,-22.803878784179688,-299.31640625,528.80859375,-25.87890625,5206.072627188405,72.1531193171051,1595,eeg_data_level_3.csv,5,AF7,170.0078125,180.00390625
1195.013039489794,170.716148498542,412.9788672052709,19.22929175553569,93.7717617378648,71.71829924981246,8.964787406226558,16.876371521601275,4.8889693776316285,7.457832789886736,25.25248295516234,3.1565603693952924,7.552318107415696,1.6668478485131921,2.4766769290273394,95.92570719314809,2.52436071560916,5.303101744791637,0.8618830522770938,2.3965982193429314,135.16014579869147,1.5359107477124032,3.9708459950661927,0.5575258433266189,1.451179851338023,1.3722722912411094,0.22585814445140043,0.09486364317787627,0.3760370169562874,0.5726193564842137,hjorth_mobility,hjorth_complexity,3.201982789335332,0.8342600724348899,-19.482994079589844,-113.28125,197.265625,-21.484375,790.2050387565396,28.110585884263237,1595,eeg_data_level_3.csv,5,AF8,170.0078125,180.00390625
1365.2733923256596,195.0390560465228,266.87006614396415,140.48461963140525,193.82853165958488,529.3822690443608,66.1727836305451,91.77623660746475,32.97500385370391,73.81591044236569,126.41983087913546,15.802478859891933,31.05798951710046,6.871433582039778,16.22106096086746,114.62081490600538,3.0163372343685624,9.507289384048534,0.7993100177896024,2.6822255595918953,208.05681103250805,2.364281943551228,56.82784727632935,0.43269950586640377,1.3178667432002849,1.4211846589279653,0.7828993090933262,0.2603334595187021,0.3129073707722688,0.524264947331097,hjorth_mobility,hjorth_complexity,2.8304820237218404,0.8009580218507811,-21.319198608398438,-323.73046875,96.19140625,-19.04296875,1114.0388481726404,33.37722049800792,1595,eeg_data_level_3.csv,5,TP9,170.0078125,180.00390625
1571.2402841083435,224.46289772976337,322.4834943012765,153.58577730575283,207.50723441230053,550.7085565519387,68.83856956899234,104.06185213408494,36.118178911900486,72.11877899203304,133.39282674795305,16.67410334349413,26.26217132504216,8.939467942040574,18.076766453235017,128.00219468822507,3.36847880758487,7.042901966188783,1.3330082526931522,2.8728874292796798,893.4401702848667,10.152729207782576,450.87574502118366,0.7553838584365741,2.31323287900647,1.2532806806762935,0.6272497977570504,0.2086072760793212,0.25948585628494486,0.9368343226152622,hjorth_mobility,hjorth_complexity,4.082085793586342,0.9858923724400689,-20.818519592285156,-345.703125,121.58203125,-19.04296875,1562.1444602948031,39.523973235174665,1595,eeg_data_level_3.csv,5,TP10,170.0078125,180.00390625
5288.819014406056,755.5455734865794,2542.5921171180007,32.31365195690299,331.98580888634245,141.37462422150006,17.671828027687507,50.928755689256086,2.884982736446904,10.4613527060197,37.503755318792166,4.687969414849021,6.507371199880869,2.8753279977829727,4.45835742808509,73.06877948353416,1.922862617987741,5.441143481659062,0.6084820504655981,1.7324467786449178,112.99004540433167,1.2839777886855872,3.221537732766947,0.2809545597994829,1.2447053344954204,1.321465095194806,0.13240899254490274,0.046131156542702806,0.09966037774757733,0.16298135543914294,hjorth_mobility,hjorth_complexity,2.003450557415615,0.7472280917882083,-27.556419372558594,-256.34765625,437.5,-27.34375,4812.847577522916,69.37468974721916,1595,eeg_data_level_3.csv,6,AF7,180.0078125,190.00390625
739.280450030611,105.61149286151586,217.8070946370545,20.681987558145902,79.73097281817842,129.03537175120437,16.129421468900546,37.61957849510379,5.286914448916103,13.502672625543592,19.926203926717367,2.490775490839671,4.143997254253377,1.3687247326881609,2.2128420358988885,96.41448756188282,2.537223356891653,5.726309215595295,0.36384238272017294,2.6501125902103357,130.87683112237943,1.4872367172997663,4.593701954793125,0.43986442295678985,1.3307081586870693,1.3967201381244816,0.4501997894191658,0.10459370248457091,0.4976873353165154,0.7396720651995918,hjorth_mobility,hjorth_complexity,2.8791309335045594,0.8103896455032372,-23.787498474121094,-148.4375,129.39453125,-22.94921875,551.7648232853389,23.489674822894823,1595,eeg_data_level_3.csv,6,AF8,180.0078125,190.00390625
2959.8544618000897,422.8363516857271,741.3409440029434,158.24414901763635,374.990299340474,995.885096040665,124.48563700508312,186.94826202313521,65.93158399065548,113.46490563774941,244.42929912507182,30.553662390633978,60.369287502216984,11.595786805146894,33.19848839280343,125.89950226735012,3.3131447965092136,9.437820777276565,1.2869536588910135,2.396521814346849,154.14086377619725,1.7516007247295142,41.53769738310642,0.3328947036238881,1.0497145079970014,1.4767485206299122,0.7775500846090352,0.26192522687593045,0.19476946313153345,0.23688372917021128,hjorth_mobility,hjorth_complexity,2.2068914528706225,0.6647688193834453,-22.29595184326172,-286.1328125,198.2421875,-19.53125,2107.9730917335837,45.912668096436995,1595,eeg_data_level_3.csv,6,TP9,180.0078125,190.00390625
2246.8041058671606,320.9720151238801,414.14148044712783,193.2883826945889,328.98963980108033,924.6911309409254,115.58639136761568,178.29136930493485,63.9789682993223,125.73974549217027,198.59190941190892,24.823988676488614,45.23648574146408,11.805663417574614,25.33932903260926,120.81242859855874,3.179274436804177,8.403061346741737,1.2755631223078954,2.4614956055769515,718.8450025171046,8.168693210421644,393.34856527523397,0.37732134559471864,1.3965576879413542,1.3488336251819124,0.7675149314875274,0.23546416757107058,0.19992275116602112,0.6191410655909594,hjorth_mobility,hjorth_complexity,3.7901923348900266,0.9303931874342063,-21.899795532226562,-268.5546875,158.69140625,-19.53125,2053.8344046508428,45.319249824449244,1595,eeg_data_level_3.csv,6,TP10,180.0078125,190.00390625
6994.832004303329,999.2617149004756,1710.9773640620324,323.3921803950501,972.28117895278,705.7384488182206,88.21730610227758,264.3497520402763,16.215196854802763,55.97056195617711,35.77034626184616,4.47129328273077,9.042352940985928,0.9217093138122413,4.225133149327609,77.9973529217696,2.052561918993937,4.203907510654704,0.6643931299213429,1.9492623204687076,139.36214600979085,1.5836607501112596,4.813084777812559,0.3830626019264506,1.469178404116097,1.6995433181264,0.3658114248522099,0.032415857829585046,0.07914431851317939,0.14588135573734812,hjorth_mobility,hjorth_complexity,3.0339229191768475,0.7500289883961612,-15.036582946777344,-131.8359375,765.625,-22.94921875,5125.734334251319,71.5942339455582,1595,eeg_data_level_3.csv,7,AF7,190.0078125,200.00390625
159.2190793279285,22.745582761132646,49.6787324196106,9.441261333210369,14.42089695968455,34.87977043812451,4.359971304765564,7.391962633315259,2.077630642993157,3.949585593850296,11.446521143946494,1.4308151429933118,1.9113505717806676,0.9329290785415009,1.3464549322170734,74.9935102602498,1.9735134279013107,3.9103133042004448,0.6373410517676521,1.6651745419064938,108.0606285443907,1.2279616880044397,2.7235206625920845,0.3032532545477453,1.2191505391377722,1.0530998958533213,0.37772131733374087,0.15660732929806576,0.9536092054189792,1.5042611418547551,hjorth_mobility,hjorth_complexity,3.215250673821528,0.8339440464758509,-20.624160766601562,-104.98046875,45.41015625,-20.5078125,218.41085035703145,14.778729659785764,1595,eeg_data_level_3.csv,7,AF8,190.0078125,200.00390625
844.6700843873714,120.66715491248162,214.8308339424788,66.97572539944332,120.33530068579063,321.287021209073,40.16087765113412,65.33328835011311,17.832502638721124,35.792913454139416,92.46992136443022,11.558740170553778,16.330414290010996,6.990342926492228,11.776870224213223,92.58164649212254,2.436359118213751,7.7712948645429,0.9172922399329075,2.450822116249104,139.6203079490127,1.586594408511508,41.30636009848136,0.3942620371299481,0.8279847872736147,1.3577521139800601,0.7444141251589509,0.2904565437527807,0.3798761416925678,0.5315505273574725,hjorth_mobility,hjorth_complexity,2.918934586963148,0.7963510251043401,-21.92974090576172,-228.515625,88.8671875,-20.99609375,814.0244730384438,28.531114121927377,1595,eeg_data_level_3.csv,7,TP9,190.0078125,200.00390625
870.2365695119688,124.31950993028126,231.43124670487506,62.3070941346044,133.4576020429755,366.29701225030016,45.78712653128752,72.946215499915,26.83237804800354,48.17599393877194,97.11139054981409,12.138923818726761,20.20255298425006,7.1401452637484795,11.335941649380173,94.40633676546892,2.484377283301814,8.350592238278988,0.6453984626004102,2.084641493951046,707.0554865542614,8.034721438116607,397.43126139671347,0.2873668915465062,1.1190126922235786,1.1033316227303158,0.6385622461600001,0.22829338353802067,0.2857073527245581,0.9423981956895162,hjorth_mobility,hjorth_complexity,4.373979252282656,1.0064933847043906,-21.151351928710938,-254.8828125,107.421875,-20.01953125,1161.4670207200106,34.0803025326949,1595,eeg_data_level_3.csv,7,TP10,190.0078125,200.00390625
1943.8329034686558,277.69041478123654,583.7128913666497,77.33278863609169,318.7877184833131,156.7187480559748,19.58984350699685,52.71048067079882,4.850714692385752,13.597248702372639,18.996607842290064,2.374575980286258,4.348443863339907,0.7836884931262369,2.0879635830261596,58.048783106615645,1.527599555437254,3.4102070550132133,0.5722214393299692,1.3073726241626495,101.10272632583025,1.14889461733898,2.632580979044529,0.251668050982069,1.0245423958763031,1.5755978139663953,0.28520606665372567,0.05161503804542368,0.1690155544217638,0.3079566059647696,hjorth_mobility,hjorth_complexity,2.3174571569222566,0.7874463833524088,-27.688026428222656,-212.40234375,226.07421875,-25.390625,1658.4592251092545,40.724184769117905,1595,eeg_data_level_3.csv,8,AF7,200.0078125,210.00390625
130.968281134442,18.70975444777743,34.374133426501906,10.579499435165559,15.181943438796553,46.23873915388549,5.779842394235686,9.530975742818434,2.479962873918006,5.050774424010157,12.262583859411453,1.5328229824264317,2.455898016941102,0.9657181630777413,1.4541526983872517,72.5562540489424,1.909375106551116,4.381013466159775,0.32937015917226214,1.6516785137340189,93.73092104944254,1.0651241028345744,2.4103084112897917,0.2929028544731367,0.9945433111597641,1.011055886934327,0.49837961171101924,0.17677881643447257,0.9868525854924464,1.438652694397199,hjorth_mobility,hjorth_complexity,3.3833105439800124,0.8457130072111763,-20.63884735107422,-95.21484375,39.55078125,-20.01953125,210.61903211375466,14.51271966633941,1595,eeg_data_level_3.csv,8,AF8,200.0078125,210.00390625
895.213430773847,127.88763296769243,152.2153518898197,81.23818896220456,136.9029967439359,478.00933193858907,59.751166492323634,88.27044918515665,27.015904795176247,68.23047203805496,103.10618279750574,12.888272849688217,23.346803617721065,5.13104586690441,11.551217313800787,97.35700345423096,2.5620264066902885,5.775229073488994,0.5751601518409806,2.295838886258805,119.49591828868022,1.357908162371366,40.27519672458563,0.20481071785605612,0.6678737752619209,1.34319828433155,0.9102703687948281,0.28591592912210606,0.3606922388471041,0.4132052406211319,hjorth_mobility,hjorth_complexity,2.8570177926942324,0.7374862753856798,-21.58641815185547,-315.4296875,86.42578125,-20.01953125,843.5563364400878,29.044041324169882,1595,eeg_data_level_3.csv,8,TP9,200.0078125,210.00390625
1026.9409577019292,146.7058511002756,177.23832430718375,106.3000795815969,146.84180254431658,471.861282847902,58.98266035598775,91.4758833292133,28.060697595335906,65.28286243080146,107.30403007944756,13.413003759930945,25.92458735740556,5.638494655028755,11.508032769575362,103.85414968257072,2.733003939015019,6.5116450636402785,1.2960319989685702,2.415229993409622,687.5066312446046,7.812575355052325,396.04428401760765,0.2287629442501976,1.0412634026655994,1.180616262935342,0.7043819675863021,0.2241519889968323,0.2858705048341981,0.8481158569249583,hjorth_mobility,hjorth_complexity,4.5508843787652715,0.9942770853023906,-21.470069885253906,-331.54296875,100.09765625,-19.53125,1188.760139302758,34.478401054903316,1595,eeg_data_level_3.csv,8,TP10,200.0078125,210.00390625
11660.430823662504,1665.7758319517864,3351.8776925566012,254.72559738829827,1561.9898258590797,448.9621541095763,56.12026926369704,140.458087816918,21.23682151420156,42.30776637262012,60.3934292286623,7.549178653582787,14.52068539217154,5.669082786113433,6.037935149435748,121.54455285448576,3.1985408645917306,7.355925140922494,1.2924372121528078,3.0572851033535144,120.75795148410987,1.3722494486830668,3.6730496500254586,0.47423997827414194,1.148452984847164,1.6451649877682397,0.18330820067256515,0.034812589436914176,0.07815557494616786,0.08527122657045501,hjorth_mobility,hjorth_complexity,2.383796579353237,0.6966786409715408,-19.937896728515625,-333.0078125,832.03125,-24.4140625,8224.102709791623,90.68683868010629,1595,eeg_data_level_3.csv,9,AF7,210.0078125,220.00390625
291.5517418591537,41.650248837021955,77.22617414803845,7.223292601587788,49.43049065003842,79.78936182141202,9.973670227676502,28.17492017108635,2.162025714475002,6.657444773931869,13.359045219787326,1.6698806524734158,2.8987846991895116,0.5645653395798947,1.6005292129761637,80.81264960325097,2.1266486737697625,5.286999965341471,0.4641372519596878,2.0704487688570348,115.10998879604222,1.3080680545004797,2.977270387459323,0.48206995041329315,1.2069438444563263,1.1885680457590273,0.49989517552078366,0.12684220562796,0.7294539428351744,1.1443569622462861,hjorth_mobility,hjorth_complexity,3.2373638146318546,0.8368443166576752,-22.54619598388672,-131.8359375,103.02734375,-21.97265625,326.4791285255342,18.0687334510622,1595,eeg_data_level_3.csv,9,AF8,210.0078125,220.00390625
827.2798863747018,118.18284091067169,186.34532282628763,93.79145677998544,104.0439820474434,344.2089080801718,43.026113510021474,73.2773339600422,22.870847410057408,39.533915851811166,91.49271207141803,11.436589008927253,17.917925330350805,5.172522365499747,10.89647320411968,90.79437921771037,2.3893257688871152,7.396104689823754,0.6872273354623535,2.250025501087917,138.79008829169805,1.5771600942238415,44.948961634377724,0.3112736890596972,0.742500175894385,1.3637708454891073,0.7887381862755894,0.2869086992166768,0.3727368694500686,0.5160334420691124,hjorth_mobility,hjorth_complexity,2.7597199731287945,0.7838451514047088,-22.974586486816406,-257.8125,85.9375,-20.5078125,773.0379784698016,27.803560535834283,1595,eeg_data_level_3.csv,9,TP9,210.0078125,220.00390625
949.6777268039752,135.66824668628217,222.7841111414611,70.4039952397936,139.23939686887485,353.55806015452765,44.19475751931596,89.98969606635809,23.02970455475138,39.93260052479856,82.39147525347732,10.298934406684666,18.050709824566418,4.250456635956851,10.634594250953358,108.4592607260909,2.8541910717392343,6.674288252059267,0.7995173668570555,2.5593990138173552,682.4309399200531,7.754897044546058,389.83740363964534,0.36230208817871,1.1194547254982465,1.1750909675876475,0.6072430247416013,0.1953471510573773,0.3198002601423707,0.9129108424327583,hjorth_mobility,hjorth_complexity,4.427050790227441,1.0009341206002853,-22.274017333984375,-248.53515625,127.9296875,-20.5078125,1095.5219011520967,33.098669174939594,1595,eeg_data_level_3.csv,9,TP10,210.0078125,220.00390625
2808.986636532195,401.283805218885,1017.2656076402905,104.05384405266545,269.7830061357197,339.4753704392564,42.43442130490705,94.82889009337441,8.905761205297043,34.75020034746387,30.437116507830304,3.804639563478788,7.482338185705755,1.1016247903361656,3.045837341762639,62.21396551729667,1.6372096188762282,3.8465915372239254,0.4303222662319576,1.4397558772941745,206.65786312422756,2.348384808229859,9.304271620638662,0.4691822014340339,1.7453639346648582,1.5079359497161575,0.3949657485800362,0.05646355415279965,0.12973938012445232,0.4070516110485233,hjorth_mobility,hjorth_complexity,3.5027215043557773,0.8779370194070215,-13.312721252441406,-204.1015625,502.9296875,-18.5546875,2631.773237626475,51.3008112764942,1595,eeg_data_level_3.csv,10,AF7,220.0078125,230.00390625
149.0343403478116,21.29062004968737,55.81180786708708,8.861684218853405,16.081631426559113,35.91418758999346,4.4892734487491825,12.161890949176833,0.9065263986956766,3.8029502837159264,11.728031649541172,1.4660039561926466,2.4784511181989197,0.8774982902935069,1.4857417642422441,93.69213366060151,2.4655824647526714,6.868494297597209,0.4864505970390833,2.4147951036186273,118.23522341499425,1.3435820842612982,3.456703070775305,0.4968833477418719,1.2873045572397621,0.9374288880749347,0.34836769530663664,0.14708078297946023,1.0386133549864756,1.4995916586672755,hjorth_mobility,hjorth_complexity,3.334661634197293,0.8358074567469826,-23.050880432128906,-263.18359375,32.2265625,-20.5078125,586.9574870666838,24.227205515013154,1595,eeg_data_level_3.csv,10,AF8,220.0078125,230.00390625
565.0072031549787,80.71531473642553,109.7449171774752,56.8460600191041,84.5983845083644,245.22016719139177,30.65252089892397,71.7829676882576,12.678297968191329,24.23045503042075,66.7900414593569,8.348755182419612,15.21970205568393,4.296084364894039,7.517216590703122,94.33161835661508,2.4824110093846072,5.1891773477061856,0.8341614554355027,2.2737991671078186,141.43965573284464,1.6072688151459618,46.19913077712047,0.3011945579866419,0.8180397684819148,1.2951754619523255,0.7439107300925462,0.2830041781422807,0.49546737745796376,0.6688205453327223,hjorth_mobility,hjorth_complexity,3.0560360599871745,0.7920618121223006,-23.02398681640625,-249.0234375,81.0546875,-20.5078125,679.3199083767831,26.063766197094065,1595,eeg_data_level_3.csv,10,TP9,220.0078125,230.00390625
616.6869575383728,88.09813679119611,131.3884582176048,57.029070920280134,86.90744090835896,273.604618698978,34.20057733737225,84.76700717467904,13.652088326427068,27.284436262302698,70.19378170267333,8.774222712834167,14.902043664985595,5.681545424965142,8.132482831534725,99.08988756167375,2.607628620044046,6.411849357756925,0.7701489241116408,2.4313149131327236,686.5253997563766,7.801424997231552,384.1901544129953,0.46167803135295127,1.186144182343609,1.0274387581944568,0.5770990448263376,0.20645620384975444,0.3562330291172902,1.0789539695563723,hjorth_mobility,hjorth_complexity,4.511080725306683,0.9997927985760201,-22.91889190673828,-294.921875,109.375,-20.5078125,1185.1699207545607,34.426296936419995,1595,eeg_data_level_3.csv,10,TP10,220.0078125,230.00390625
125.80910983067213,17.972729975810303,57.31520776772168,6.797409416513686,8.12055141092475,19.487001276066508,2.4358751595083135,7.270948727232628,1.0761826868407587,1.7577819461490471,7.449344140564502,0.9311680175705628,1.3052223665250051,0.6031064873841302,0.9376318360754368,69.66478074540106,1.8332837038263436,3.9154450147588715,0.3951338476142767,1.6532746719061697,129.22184632161705,1.4684300718365575,3.0316808515592744,0.3768410036978722,1.4393138870857984,0.8513257315428273,0.234322461108958,0.11095500332417978,0.8984201959220341,1.7594774835432856,hjorth_mobility,hjorth_complexity,3.4584952227351238,0.8965191137511013,-19.733810424804688,-133.7890625,35.15625,-19.04296875,313.5049190314021,17.70607011822223,1595,eeg_data_level_3.csv,11,AF7,230.0078125,240.00390625
166.36018240754805,23.765740343935438,50.655987374789845,9.495396519905517,12.60170784919881,51.55113816275065,6.443892270343831,11.283812729640783,1.6291425545747726,6.5584521906135524,11.700092905396136,1.462511613174517,3.1664606039139827,0.8957109385739724,1.1570245566426383,91.26499441675492,2.4017103793882875,5.438891190822242,0.6629024030066724,2.088212813535722,126.73228574435652,1.440139610731324,3.9600549386322186,0.5935442194343854,1.3061556158537289,0.9605202225072609,0.447096876851794,0.13839923268842963,0.9746059981085758,1.5100335543938679,hjorth_mobility,hjorth_complexity,3.312548493386966,0.8472193773509901,-19.12250518798828,-102.05078125,138.18359375,-20.01953125,378.99362618190935,19.467758632721676,1595,eeg_data_level_3.csv,11,AF8,230.0078125,240.00390625
557.4990641630015,79.64272345185736,173.1186257332514,29.063502388466596,60.5598187654044,270.39007424782807,33.79875928097851,51.83494070601551,11.068537935664999,37.04738252679899,52.47699219502405,6.559624024378007,10.79051393729293,3.3262151045431825,5.769493457152667,99.50932595571412,2.6186664725187927,6.289889562847795,0.8891862658353218,2.3719892752784646,143.91030661870207,1.6353443933943417,42.204186687378325,0.250408170352506,0.896209832514839,1.1705783049663963,0.7768671387234181,0.2250557441695742,0.502186308362046,0.6719944351651079,hjorth_mobility,hjorth_complexity,2.790678370263252,0.7743316420460022,-20.77789306640625,-220.703125,99.609375,-19.53125,734.867041464895,27.10843118782227,1595,eeg_data_level_3.csv,11,TP9,230.0078125,240.00390625
603.291215278238,86.18445932546258,186.40697783631387,27.652757124229712,79.36325979437731,268.2740524871336,33.5342565608917,53.170843147522795,13.053183245410018,35.617436233329364,51.69155172209881,6.461443965262351,13.339291572201967,4.523752939060114,5.362426984882426,85.89391257680005,2.2603661204421064,4.14570653495903,0.4239375656841651,2.22262935395597,686.4075146466146,7.800085393711529,386.1296106093136,0.3143688680643466,1.2560126979890085,0.9629500605601264,0.5852739621980204,0.16068255030459208,0.3179046225204123,1.071437553939258,hjorth_mobility,hjorth_complexity,4.373979252282656,1.001713060220849,-19.359588623046875,-227.5390625,130.37109375,-18.5546875,975.7604071637616,31.237163878363887,1595,eeg_data_level_3.csv,11,TP10,230.0078125,240.00390625
6582.850504589074,940.4072149412963,2199.8186129355254,152.34898391005558,777.4394909189381,345.07619631745797,43.134524539682246,124.29905135258348,5.214833166418085,29.300843639572186,19.097320086356074,2.3871650107945093,4.434733019479227,0.5269845725141209,2.3429369962575786,92.90002909119444,2.4447376076630114,8.04828018330077,0.8466223608712685,2.1150158233012766,232.68411239943927,2.644137640902719,9.300795989584888,0.6600663698764678,1.9142979564840799,1.5777800200355976,0.21850633566585564,0.0198827476024957,0.0969676972758144,0.23897185227017054,hjorth_mobility,hjorth_complexity,2.923357215125213,0.835239420651069,-16.002655029296875,-156.73828125,628.41796875,-22.216796875,4622.881356044672,67.99177417926872,1595,eeg_data_level_3.csv,12,AF7,240.0078125,250.00390625
684.1342024213129,97.73345748875899,245.50432651958988,18.464709839878992,57.22118316175968,108.89004527172253,13.611255658965316,28.6018788155922,6.111347314156638,12.101316788757549,28.986108459192685,3.6232635573990857,6.724126670279448,2.1600351707985754,3.417221616113167,108.78543250547769,2.862774539617834,7.214544139406225,0.7182733707741568,2.471712917310108,148.65086226188697,1.6892143438850793,3.8101852185885425,0.6547069781877669,1.6404425541178602,1.3151328927537809,0.41162644910413915,0.14473475466186236,0.5564223676146218,0.8411959353391896,hjorth_mobility,hjorth_complexity,3.029500291014782,0.8097867235324744,-19.03076171875,-235.3515625,129.8828125,-19.53125,729.6214252710342,27.011505424004678,1595,eeg_data_level_3.csv,12,AF8,240.0078125,250.00390625
1815.7809986383165,259.3972855197595,453.43087222238836,103.20314016207087,288.39300451019346,495.1718082217616,61.8964760277202,88.50419706865335,28.35259317897046,69.19426839962756,134.67414514904718,16.834268143630897,25.021372369712477,8.299660324568327,18.15235363844079,133.01413131853698,3.5003718768036047,11.01314907991681,0.48439197987174265,2.653801679813253,161.2049718473412,1.8318746800834227,43.33424727375547,0.4545627428997685,1.082201699411459,1.4630951314404987,0.6561148330744342,0.24140977487552961,0.30456802941207767,0.36802510849207626,hjorth_mobility,hjorth_complexity,2.520898052377264,0.7201265416155489,-22.260475158691406,-265.625,87.890625,-18.5546875,1576.3256247373647,39.702967455057625,1595,eeg_data_level_3.csv,12,TP9,240.0078125,250.00390625
1613.7098497158213,230.5299785308316,418.93922006759897,126.36926039910382,217.3316852383439,497.1203227042773,62.140040338034666,89.5923974131513,26.66316105572115,65.52874148309476,127.96247600474254,15.995309500592818,21.624074439949293,8.956282533378543,14.484258264163326,124.15320422322043,3.2671895848215904,9.912543750822158,0.7973630836115054,2.9268872584719334,718.9283121172543,8.169639910423344,388.6660402236234,0.6785386118104505,1.4946031160482383,1.292346600465167,0.6040107017213117,0.21021263571808313,0.2618318915905489,0.7882116315733053,hjorth_mobility,hjorth_complexity,4.0909310499104725,0.9598070997311348,-22.206687927246094,-258.7890625,125.9765625,-19.53125,1823.8942048265017,42.70707441193439,1595,eeg_data_level_3.csv,12,TP10,240.0078125,250.00390625
2044.9958293181376,292.1422613311625,819.8427442641673,45.37168915461336,235.03876872172202,153.4794832048242,19.184935400603024,39.967069957614484,5.748902554864696,15.896249225530514,37.03407861759353,4.629259827199191,5.7567499226243,3.149641248279404,4.768816375913804,141.77183473793283,3.7308377562613906,5.3841296980341085,1.5003549421219118,3.8773149303581187,167.4003024870666,1.9022761646257569,5.560871941460294,0.26829709545099706,1.7584321814454609,1.4471907388264313,0.2777186480349219,0.08965614470176081,0.3543071261135285,0.45644145909380546,hjorth_mobility,hjorth_complexity,2.6668447817254215,0.8122968319703446,-28.113746643066406,-310.05859375,133.7890625,-21.97265625,1721.3309966246015,41.48892619271559,1595,eeg_data_level_3.csv,13,AF7,250.0078125,260.00390625
649.6989045735295,92.81412922478992,185.2066751861151,47.290019499914955,73.12237773798536,111.95479011274861,13.994348764093576,22.949400616342942,4.749400180050146,13.60623088097951,37.04827426061047,4.631034282576309,5.596920836419985,3.4177050125598067,4.5697952183562345,115.46800940742466,3.038631826511175,8.5838940598905,0.7922361803229765,2.4807860683438703,121.33480009676347,1.3788045465541303,2.8563541226989493,0.4357439407589049,1.2821888364042135,1.4014040081471526,0.4347344231490968,0.18439219657795813,0.6031448193145529,0.7303146949389979,hjorth_mobility,hjorth_complexity,3.0118097783665205,0.794205006717275,-23.4344482421875,-247.55859375,110.3515625,-22.4609375,567.0750420540571,23.813337482470978,1595,eeg_data_level_3.csv,13,AF8,250.0078125,260.00390625
1595.8078131168604,227.97254473098005,319.6996016349601,165.74120096448507,209.034196024807,601.0818183492372,75.13522729365465,127.77783935850299,31.48388784967552,70.3310739361257,176.0065318810705,22.00081648513381,42.186829344688185,12.243506835469594,18.046617118381377,129.90106827609233,3.4184491651603244,11.193384503126449,1.1428419201845879,2.2403797193573274,168.5424759559424,1.9152554085902544,48.21297399742857,0.325463997699613,1.0295206355112807,1.430405778423233,0.7667784824929504,0.3037158714213438,0.3048164867405421,0.38759458851393425,hjorth_mobility,hjorth_complexity,2.556279077673787,0.7295799028231685,-22.39532470703125,-283.203125,68.359375,-19.04296875,1295.5210893414915,35.993347848477384,1595,eeg_data_level_3.csv,13,TP9,250.0078125,260.00390625
1592.6291830539742,227.5184547219963,297.9628231518747,160.9960597651608,223.06653719950427,578.5707272331783,72.32134090414729,115.18191984499789,33.09300151287957,67.30821368519261,179.25161325238219,22.406451656547773,47.61017159744325,8.796595847406484,20.52313601147794,132.43223028592502,3.485058691734869,9.432345515865725,0.881258516792897,2.810845953211901,694.946813520787,7.897122880918034,380.00262055027747,0.5331339546743412,1.4616322922094822,1.2864217819418133,0.659320386714643,0.26631171811940957,0.2708560739277278,0.7437285789895073,hjorth_mobility,hjorth_complexity,4.126312075206995,0.9477235384530966,-21.482276916503906,-254.39453125,104.98046875,-18.5546875,1660.5720811276115,40.75011755967842,1595,eeg_data_level_3.csv,13,TP10,250.0078125,260.00390625
1965.0988202974754,280.7284028996393,921.0291788024273,33.99346230017491,131.87175848718783,96.12659959662336,12.01582494957792,36.432620808179045,2.647364434100205,9.711357616870185,29.127517460489365,3.6409396825611706,5.619551727618031,2.523553898903979,3.5416143002363896,102.78390563627654,2.7048396220072775,5.447776289522358,1.3280681492082556,2.4318623437986187,159.56289612022638,1.8132147286389362,6.740810862981588,0.5109080012988978,1.5485771761912055,1.2405200154826403,0.19887782977349,0.07750502985651464,0.2843333402131204,0.46292928833109837,hjorth_mobility,hjorth_complexity,2.742029460480533,0.8480187619498936,-20.37830352783203,-210.44921875,196.2890625,-20.5078125,1392.3178339246078,37.31377539092778,1595,eeg_data_level_3.csv,14,AF7,260.0078125,270.00390625
654.330170790032,93.47573868429028,188.02559440168415,28.473970564794588,80.52497461640996,102.48885619722881,12.811107024653602,44.97794498651386,3.875253970380717,7.258691901878681,34.06102890821941,4.257628613527427,6.912193610241196,3.1297080795857415,3.5454305475513386,105.83128994305147,2.7850339458697757,4.88317303129757,1.0881512271756977,2.6917921465616113,122.82529768328202,1.3957420191282048,4.182922227890311,0.2669528108273741,1.2822595621411583,1.3744773561862988,0.38659995435100025,0.17402140566891927,0.5792605802583322,0.7442239516745546,hjorth_mobility,hjorth_complexity,3.2904353525766394,0.824577139526358,-22.179412841796875,-213.37890625,100.5859375,-21.484375,496.99461029376835,22.293375928597452,1595,eeg_data_level_3.csv,14,AF8,260.0078125,270.00390625
929.1666409275782,132.7380915610826,223.68096051486611,78.66231944182283,109.30962671800845,395.31698438626836,49.414623048283545,90.15471587785187,23.206742320595552,51.48124682067383,117.0298097274535,14.628726215931687,25.9424970507504,4.89208775861325,11.532823268093397,126.18684994723138,3.3207065775587203,9.465683821988115,0.8314482564046926,2.5789889929459973,154.84809851354822,1.7596374831085024,48.00581127977957,0.41701635112876884,0.930147227711164,1.325577917933761,0.781585788818504,0.310372037682479,0.43805939378884495,0.5144691991506979,hjorth_mobility,hjorth_complexity,2.8083688829115134,0.7514117850837407,-21.80614471435547,-273.92578125,91.30859375,-20.5078125,1014.6559489294305,31.85366460753661,1595,eeg_data_level_3.csv,14,TP9,260.0078125,270.00390625
1061.5630809175998,151.65186870251426,264.84196052508827,74.64515868620364,125.489773608489,344.79481994927335,43.09935249365917,76.0883064262807,25.729116639540962,37.59289251361183,97.27257620438884,12.159072025548605,23.87251763794771,4.809189651127755,11.657691103549883,134.59459195205486,3.5419629461067066,9.119742185729727,1.5713637614935074,3.3109590868610654,708.2680603096456,8.048500685336883,397.7610429411061,0.381755808647275,1.083203233578557,1.1773313561334788,0.5668890017801426,0.20921176955665252,0.3604899604771849,0.9017941963566452,hjorth_mobility,hjorth_complexity,4.223609894772434,0.9769811661364619,-21.575164794921875,-286.1328125,114.74609375,-20.01953125,1306.766596972011,36.149226782491645,1595,eeg_data_level_3.csv,14,TP10,260.0078125,270.00390625
12131.061958072296,1733.008851153185,4028.3607256960636,329.38273897783324,968.8102354904653,689.5952677788397,86.19940847235496,167.2688341075195,30.745813479225166,65.20276125692081,154.88558393414408,19.36069799176801,35.29160985669709,7.389813862249371,17.223847179499593,165.71573040707295,4.360940273870341,9.039592857945614,2.2387023037518587,4.148402031340515,178.76216069541766,2.0313881897206554,4.5772751505238185,0.7054715837650833,1.7450985781606048,1.5127570907044272,0.23353943820325523,0.06939724670888238,0.09166830299371194,0.10775219370146051,hjorth_mobility,hjorth_complexity,2.547433821349656,0.7114691197556386,-31.565093994140625,-386.23046875,456.54296875,-26.3671875,7105.35253805574,84.29325321789247,1595,eeg_data_level_3.csv,15,AF7,270.0078125,280.00390625
643.8857015050336,91.98367164357623,169.99780517295554,25.43680636535659,55.19518442915618,128.43779041313206,16.054723801641508,32.13075640887184,3.9216546860017996,14.832729047331028,26.328459276358593,3.291057409544824,5.075786806797917,1.9012891413624853,3.4180736799468305,117.41435353812152,3.0898514088979345,6.241384159708449,1.7118961961512615,2.9597723230200783,164.61557366730628,1.8706315189466622,4.943494292941253,0.402683382857596,1.749995564429464,1.2804542961296912,0.46432326072423535,0.13427681612315476,0.6043860843237414,0.9145938872621557,hjorth_mobility,hjorth_complexity,3.3611974031696854,0.8456708019805571,-24.488067626953125,-281.73828125,127.9296875,-22.4609375,584.6860999008641,24.180283288267407,1595,eeg_data_level_3.csv,15,AF8,270.0078125,280.00390625
2011.6614458666556,287.3802065523794,336.32704224352284,219.68043283702002,265.26041170269895,1051.3848586585214,131.42310733231517,209.2105862806472,53.36396596249832,127.98812168990997,180.2135104973149,22.526688812164362,46.57951967861939,8.450589275604388,21.962593775052916,145.27847456265866,3.823117751648912,11.829214766475836,0.9761772133046906,3.261356916977544,202.86309221639303,2.3052624115499207,43.95112478231847,0.6228743070645378,1.3800570933095948,1.3950393785763704,0.9299093787127078,0.24444143856277675,0.2665793689583545,0.37191938412121744,hjorth_mobility,hjorth_complexity,2.7729878576149902,0.7390521175869975,-18.31493377685547,-381.8359375,123.046875,-19.04296875,1846.3359953238978,42.96901203569728,1595,eeg_data_level_3.csv,15,TP9,270.0078125,280.00390625
1817.0117861272472,259.57311230389246,338.5482623829116,197.03123709448133,252.3079367107787,981.4554769828064,122.6819346228508,177.07454444530265,59.076086039259934,129.14819586971333,174.19268481576887,21.77408560197111,49.51953167433347,7.939534877891824,19.430941514197578,125.94915132243732,3.314451350590456,9.775730030533445,1.6943726543028779,2.8887028428432613,771.6636659633748,8.76890529503835,385.4418911382182,0.5479240218830764,2.1153472641559636,1.242248526760676,0.8420290378668327,0.22170645692103874,0.22239725139212274,0.7653605036366997,hjorth_mobility,hjorth_complexity,4.1130441907207995,0.9471939547871852,-23.23741912841797,-401.3671875,120.1171875,-20.5078125,1945.7492191213532,44.110647457517025,1595,eeg_data_level_3.csv,15,TP10,270.0078125,280.00390625
11733.769129705019,1676.2527328150027,4458.369633430235,209.90352323018297,802.119072619269,515.9207999619439,64.49009999524299,171.27139459288256,19.515527873019668,38.90835950301211,251.11066896832028,31.388833621040035,53.173875658253536,9.340403003791684,35.516599575213725,157.21225673818913,4.137164651004977,8.114929070875526,1.6301422593644208,4.180417159015924,164.20587069108592,1.8659758033077944,4.587419479088366,0.5896958342238499,1.7090200420788444,1.3879846761055668,0.19184444701978132,0.10882523473687802,0.09222098727403905,0.10507695735340877,hjorth_mobility,hjorth_complexity,2.556279077673787,0.7177267049973112,-22.34172821044922,-626.953125,487.79296875,-22.705078125,8015.457020337633,89.52908477326032,1595,eeg_data_level_3.csv,16,AF7,280.0078125,290.00390625
728.2339187573574,104.03341696533677,207.04401109787105,44.962645020460414,95.50597414213286,142.89028403682818,17.861285504603522,43.119732526935806,3.130198932498235,15.617330426787834,32.19072342397854,4.0238404279973174,5.718420916660804,1.8500814038083224,4.0177049204634505,148.20923180702414,3.900242942290109,7.3744519677671985,0.9196461444532855,3.604809581478392,156.37718409079986,1.7770134555772712,6.256814125487421,0.30136469051300935,1.616444973759302,1.3721662776692494,0.45448364274294717,0.1461844345411462,0.6708007325958701,0.8028647125599776,hjorth_mobility,hjorth_complexity,3.051613431825109,0.8208224733533183,-22.493553161621094,-248.046875,102.05078125,-21.484375,661.8026250725961,25.72552477739951,1595,eeg_data_level_3.csv,16,AF8,280.0078125,290.00390625
1454.4100389958826,207.77286271369752,249.64001374921585,182.30619620078485,195.3314087269656,811.0066337833936,101.3758292229242,168.58196988683082,57.97534590903717,96.35295670686423,188.10661009911342,23.513326262389178,42.97419830414705,9.903676149180114,21.351032909008538,146.76251981403865,3.8621715740536486,8.366573694873153,0.9533126650810408,3.184072700134357,185.14016739074313,2.103865538531172,43.9090732688735,0.5273202636704383,1.2610786297179701,1.3363880833727677,0.9318623535015468,0.3085964554754441,0.3343858777651296,0.42285844887312046,hjorth_mobility,hjorth_complexity,2.684535294373683,0.7236095714034754,-27.04010009765625,-315.91796875,76.66015625,-23.4375,1382.41853332147,37.180889356246844,1595,eeg_data_level_3.csv,16,TP9,280.0078125,290.00390625
1464.0591038523014,209.15130055032878,248.3044181606327,164.15602119491334,211.61417754420555,805.1105978937583,100.63882473671978,188.3069623447508,40.42428828740276,92.8965682067873,171.26285111203433,21.40785638900429,35.8017644181533,8.357163126805878,20.40432119020906,166.17154908851592,4.372935502329367,12.500565452295056,1.3025298101735137,3.6902130530186064,794.1184669426237,9.02407348798436,416.2631419982684,0.6244421665373135,1.9037933534236389,1.1846888072401054,0.7977244417195,0.24556798787902928,0.3139358839234259,0.8218257465441051,hjorth_mobility,hjorth_complexity,4.0245916274794915,0.9469615301305787,-23.558616638183594,-259.27734375,106.93359375,-20.5078125,1774.128665238095,42.12040675537328,1595,eeg_data_level_3.csv,16,TP10,280.0078125,290.00390625
4311.866220560761,615.9808886515373,1665.4171024809546,142.26027871517798,427.73485501109667,198.27412685804336,24.78426585725542,81.43871500819051,5.770663825773118,17.65038121470804,31.470082938322832,3.933760367290354,10.576665822230526,1.5139500171280278,2.404133175213917,98.16296752914872,2.583235987609177,4.144830888846017,0.9996134152576506,2.577102488053581,154.35438226364937,1.7540270711778339,4.699366882585095,0.5924087824899354,1.6089829896487573,1.5366209974473688,0.19880659502702908,0.04397915981613871,0.14955685061443097,0.24529915559525794,hjorth_mobility,hjorth_complexity,2.2776535034636685,0.7615326248739179,-22.933387756347656,-311.03515625,348.14453125,-24.90234375,3364.704391824489,58.0060720254741,1595,eeg_data_level_3.csv,17,AF7,290.0078125,300.00390625
424.4792311791733,60.639890168453334,90.31737781163264,33.18133629675911,55.93058558739081,125.91672747193107,15.739590933991384,24.49913424985577,7.841223356034955,13.680092961610045,24.798013502359723,3.0997516877949653,5.356853989605723,2.0889336786474333,2.850836824690406,101.56508597901667,2.6727654205004385,4.515994004667792,1.3685606533624661,2.5458684587401157,150.75616947679416,1.7131382895090246,3.3318935281842994,0.6893678228901432,1.7005819621282439,1.257482002880558,0.5582163873271497,0.15552936058770053,0.6558922748027368,1.042993545584405,hjorth_mobility,hjorth_complexity,3.1666017640388087,0.8358853339319814,-20.659255981445312,-194.82421875,65.4296875,-19.04296875,404.2355097772088,20.105608913365664,1595,eeg_data_level_3.csv,17,AF8,290.0078125,300.00390625
1794.105588987073,256.3007984267247,361.34641474814356,176.22713909566747,225.3872106684601,749.5008076477003,93.68760095596254,193.4893415467228,31.778931077883563,79.8850482592583,129.29955494379857,16.16244436797482,31.066692405319674,5.197352713176334,14.959339536987098,122.41740557438925,3.2215106730102434,8.385913479971133,1.1499973592859571,2.8041979537695436,186.9243938654135,2.1241408393796988,47.119996531636154,0.452920865293472,1.3105878956924992,1.4222044333955086,0.8115362331949175,0.21395991777641574,0.2670184083778466,0.3902757905014111,hjorth_mobility,hjorth_complexity,2.719916319670206,0.7668086534533338,-21.52233123779297,-357.91015625,122.55859375,-19.53125,1328.4150074105128,36.44742799444856,1595,eeg_data_level_3.csv,17,TP9,290.0078125,300.00390625
1957.3161931362038,279.6165990194577,399.80032545008953,196.65960024126082,275.6823846524098,803.6583908857077,100.45729886071346,209.02392282602435,37.897179769900575,83.40747111489051,136.8452548272864,17.1056568534108,35.435728188698675,6.369110601988995,14.40228205110098,129.40786525271122,3.4054701382292425,11.472967797035823,1.8054821606172549,3.056625405312638,868.928132506715,9.874183323939944,415.14084660096995,0.8248248400407348,2.7434720510022084,1.274947813382842,0.7042713910085916,0.1786527875202186,0.2220833520566186,0.8434497562740892,hjorth_mobility,hjorth_complexity,4.2545682919068915,0.9688181020581348,-21.36077880859375,-367.67578125,155.76171875,-19.53125,1766.584066208452,42.03075143521053,1595,eeg_data_level_3.csv,17,TP10,290.0078125,300.00390625
4465.451107037155,637.9215867195936,1441.9479099281607,105.78950565423101,396.06283774426703,187.8453903577131,23.480673794714136,50.96665965134173,9.125880422538563,22.399517514513605,51.84205052064816,6.48025631508102,11.249664801399753,2.5563561642049066,5.076427764096682,108.35527015555913,2.851454477777872,6.498773834616511,1.6619408331879395,2.56224834827142,185.15687477983423,2.104055395225389,4.485987524754315,0.735703199268103,1.9799052237964814,1.5240200165475437,0.19020962269387007,0.06489289745390026,0.15429857716605175,0.27313384388910544,hjorth_mobility,hjorth_complexity,2.4722491425945448,0.7966389465640692,-17.415428161621094,-271.484375,176.26953125,-20.99609375,2404.571955812571,49.03643498270007,1595,eeg_data_level_4.csv,0,AF7,120.0078125,130.00390625
1109.031153732156,158.43302196173659,257.19725100086055,107.41594507752332,133.66235105738917,257.0748093204469,32.13435116505586,81.52723245315943,9.0599804361884,23.681567441271355,43.620523813752555,5.452565476719069,11.161868361402982,2.5574627933157306,5.044107862566121,113.04978989262618,2.974994470858584,5.810538828427823,0.9485658315308869,2.837736628910069,162.5859118301171,1.8475671798876945,3.5274506980803606,0.3661525538858219,1.8565525372650473,1.4965054396253081,0.5591008816739889,0.14228081865297865,0.409709167230967,0.6361780606871039,hjorth_mobility,hjorth_complexity,2.9322024714493438,0.7802894107714775,-23.3734130859375,-229.4921875,124.51171875,-21.484375,946.3235642760992,30.762372539778188,1595,eeg_data_level_4.csv,0,AF8,120.0078125,130.00390625
1481.9796650059475,211.71138071513536,362.89699451780706,84.4807566157602,185.47989312602908,563.1789439577453,70.39736799471817,105.18158327855286,39.043654021234985,63.126670518690624,134.6112146411117,16.826401830138963,44.048623406199745,7.660382425424097,12.594772503206716,159.51972319196884,4.1978874524202325,8.94611009741416,1.232116368364828,3.793708584226314,209.35506680424984,2.379034850048294,38.109886415464786,0.7060877929591063,1.6185151339196029,1.3564988705953034,0.765193773290495,0.2506583044846759,0.3878278812266506,0.5213992929578448,hjorth_mobility,hjorth_complexity,2.684535294373683,0.7327013705770838,-24.02496337890625,-317.3828125,106.93359375,-21.484375,1541.0803607665002,39.25659639814053,1595,eeg_data_level_4.csv,0,TP9,120.0078125,130.00390625
1441.4967816993428,205.92811167133468,320.8390294585446,116.29470397530298,162.66885124892485,497.93155752162846,62.24144469020356,106.71568249632534,20.503803352193827,55.560017518633,121.13251498252713,15.14156437281589,36.74529234891724,5.614991807666261,11.834919787946646,131.33151603472737,3.456092527229668,6.308212697103908,2.0010435009716554,3.3152231273748445,505.9802455162088,5.749775517229645,240.28773852148723,0.5497892772144571,1.6927356573796197,1.328608379676146,0.6601490264676031,0.22214188991461448,0.31750213078173534,0.7678116250911695,hjorth_mobility,hjorth_complexity,3.9051806671037266,0.9013734193086037,-24.24602508544922,-320.80078125,125.9765625,-20.5078125,1676.1909995329916,40.94131164890778,1595,eeg_data_level_4.csv,0,TP10,120.0078125,130.00390625
224.94267305631627,32.13466757947375,86.71105374490213,5.36814231642167,25.110378441122137,27.194460897682298,3.399307612210287,4.219519813203965,2.7708375528305087,3.317899398871366,14.928136504982803,1.8660170631228503,3.7836030963963143,0.8881892734732041,1.616999846308803,64.91627885577576,1.7083231277835726,5.333643040309963,0.4976862325245559,1.4329919300538996,107.61709159467767,1.2229214953940646,2.788485868972533,0.363704400955836,1.163771259371987,1.1236700469904641,0.2783837750459447,0.16856887147063324,0.7408644113353204,1.3106215091644555,hjorth_mobility,hjorth_complexity,2.88797618982869,0.8581569586085273,-25.87738037109375,-192.3828125,76.66015625,-23.92578125,553.977859672159,23.536734260983593,1595,eeg_data_level_4.csv,1,AF7,130.0078125,140.00390625
181.9442704928888,25.992038641841255,36.89987831079893,12.631526775171798,27.769369688127426,58.5489394131335,7.318617426641688,8.540806137071598,4.418827504028865,7.515762322654183,14.873260351618956,1.8591575439523695,2.719738230537436,1.1953207499652498,1.855036273907709,85.63846498677685,2.253643815441496,4.070170570827553,0.5443288721100517,2.464769996722426,127.11065332766178,1.444439242359793,3.561742405437199,0.2870452755341168,1.3468072706873184,1.0593729221423716,0.4930660532782191,0.16525867919044523,0.9133005259889397,1.4675819922858504,hjorth_mobility,hjorth_complexity,3.171024392200874,0.8401943237347662,-19.84844207763672,-112.79296875,51.7578125,-19.53125,256.21491480706027,16.006714678754673,1595,eeg_data_level_4.csv,1,AF8,130.0078125,140.00390625
604.8160738114057,86.40229625877224,121.12275164434703,50.35232019046475,84.20759234669333,313.0991612737021,39.137395159212765,51.97444849256001,21.88164478901196,42.467845360522944,94.00615337378147,11.750769171722684,23.448079922719725,7.404352772668563,10.05946058212178,124.17803012411383,3.2678428980029954,6.27991441056875,0.9948953077900957,3.315492862896996,194.16262674841323,2.206393485777423,34.85055442033812,0.4019665503181235,1.6016773230703403,1.2008653140420464,0.8031088253201775,0.32107798462266124,0.5400509956809268,0.8402818954209434,hjorth_mobility,hjorth_complexity,2.9277798432872784,0.8007743308794675,-19.955062866210938,-213.8671875,50.78125,-18.06640625,646.6537130472716,25.429386800457294,1595,eeg_data_level_4.csv,1,TP9,130.0078125,140.00390625
669.3885084537656,95.62692977910936,134.8108311302053,53.831936458857825,95.0001172325785,300.8951472298842,37.61189340373552,48.07872351508914,20.794416889365706,38.237397339577214,96.46883437970557,12.058604297463196,19.414961731825944,6.498808635233377,12.56555968047746,116.8208068978763,3.074231760470429,6.9137383463939575,0.7000254455275502,2.934953179410243,467.9591060526529,5.317717114234692,208.37602226184427,0.41017620909638763,1.6570594024245724,1.1156867199135239,0.6689995151177363,0.27745454438672945,0.4275792804819852,1.0734339029082098,hjorth_mobility,hjorth_complexity,3.9272938079140536,0.9362689052609902,-20.01361846923828,-223.6328125,70.80078125,-18.5546875,820.9268212885945,28.651820558013316,1595,eeg_data_level_4.csv,1,TP10,130.0078125,140.00390625
54.64675054670061,7.806678649528658,11.382299674077508,5.198462136640131,7.581355450454895,50.604729818533926,6.325591227316741,10.5408836026606,2.643159635076792,5.816970299472231,15.942449768597871,1.992806221074734,4.937730543712288,0.8295986370447171,1.6477069149108468,52.498087377160616,1.3815286151884372,2.4843678395852984,0.5158611396040494,1.289018231384616,66.50677305622459,0.7557587847298248,1.4542542886535128,0.25260803765737805,0.6942280664153492,0.7348480124993261,0.6993128693985577,0.2917949701069408,1.0511993518769809,1.4888763454726668,hjorth_mobility,hjorth_complexity,3.498298876193712,0.8151162327077874,-20.929718017578125,-100.09765625,29.296875,-20.99609375,125.89215242769569,11.220167219239457,1595,eeg_data_level_4.csv,2,AF7,140.0078125,150.00390625
481.62994334934734,68.80427762133533,104.94835811166668,33.133477736998636,71.60708195428292,124.32638447857414,15.540798059821768,27.567748592907684,7.426377881014208,11.725119971267286,28.18213540436758,3.5227669255459473,5.685540496909933,1.8945147369839148,3.150868693989321,82.66573532941027,2.1754140876160597,3.8063828809676568,1.2155010955659007,2.202275531895883,111.7537179987801,1.2699286136225012,4.6984962657044465,0.30441078958627665,1.158220439674286,1.361590325463244,0.5576375544470078,0.17665532796689556,0.567108578932998,0.8227730404761426,hjorth_mobility,hjorth_complexity,2.9498929840976054,0.8075073750561775,-22.722244262695312,-196.77734375,46.38671875,-21.97265625,404.7374088258948,20.118086609464005,1595,eeg_data_level_4.csv,2,AF8,140.0078125,150.00390625
1794.362532176714,256.33750459667345,344.67840207723685,186.36224651455777,238.53827508211978,939.6944910111281,117.46181137639101,235.66955425941626,68.56507702456933,100.04764566945701,241.42571375370667,30.178214219213334,62.40081149657416,18.141069676856382,24.018267714270415,155.25938055467435,4.085773172491431,11.756440662139278,1.48332796744037,3.1130196407408777,187.4386388769324,2.1299845326924136,37.5479766263016,0.6237571160729583,1.4231057706645993,1.3542983552689778,0.9052562024473592,0.32968156095907386,0.30162032889258683,0.37633819737031315,hjorth_mobility,hjorth_complexity,2.7729878576149902,0.7361008776574495,-20.68767547607422,-318.84765625,125.0,-18.06640625,1642.0855780233978,40.52265512060381,1595,eeg_data_level_4.csv,2,TP9,140.0078125,150.00390625
1969.899436096951,281.4142051567073,369.0466075944468,215.8035003501298,271.6009509753511,999.3651463748965,124.92064329686207,227.22143345056287,68.29653217081155,113.42266482524221,222.22987178256838,27.778733972821048,55.122877680118705,13.350000967829553,26.06646342400862,166.22295030646606,4.3742881659596335,11.406252723015301,1.579337108154168,3.9056986213945226,524.2536929662963,5.9574283291624575,251.17245013683362,0.6432336789728893,1.6349100192556931,1.3069724020282345,0.8470723116296224,0.2724043762494608,0.2811076073966382,0.5879597648133049,hjorth_mobility,hjorth_complexity,3.900758038941661,0.8810396675225393,-20.062828063964844,-314.453125,163.57421875,-17.578125,1908.5786185678444,43.687282114682354,1595,eeg_data_level_4.csv,2,TP10,140.0078125,150.00390625
1970.1002634847944,281.44289478354204,1107.254668479648,39.45206321419353,66.29779194907853,89.02365807898829,11.127957259873536,33.6825293021054,3.0861860394630933,7.728476733065824,15.568823418229544,1.946102927278693,2.3603077148813045,1.309978816737314,1.9942566308871887,72.64440585857075,1.9116948910150198,3.1409873326457483,0.7908048495577185,1.926679430988653,120.31689473078711,1.3672374401225809,3.101825189667847,0.36276101773804004,1.3088698087328816,1.1806061799302128,0.1895402961132281,0.04626022480790006,0.21546419450903212,0.3726498088839611,hjorth_mobility,hjorth_complexity,2.8304820237218404,0.8326115115780545,-21.122169494628906,-219.23828125,247.55859375,-25.87890625,1890.033886556921,43.47451996925235,1595,eeg_data_level_4.csv,3,AF7,150.0078125,160.00390625
167.41125618996676,23.915893741423822,29.70490006272678,17.95365932212951,23.912698498530016,71.86973915638622,8.983717394548277,15.990303150525506,3.626999421236311,7.664499457500322,15.66170959700277,1.9577136996253464,3.668299152737765,1.174420389082647,1.4154374262667186,80.06911884916008,2.107082074977897,4.923515819783394,0.6734905747057821,1.9559133330477962,110.09170316130508,1.2510420813784668,2.6038230410911436,0.37660682271675394,1.2416629157457977,1.0467435891871133,0.5811063992400185,0.1774999723868138,0.898805716633686,1.3550969813521356,hjorth_mobility,hjorth_complexity,3.334661634197293,0.8363950724911396,-22.253036499023438,-198.73046875,45.41015625,-20.99609375,328.0550146882888,18.112289051588395,1595,eeg_data_level_4.csv,3,AF8,150.0078125,160.00390625
605.9823408100752,86.56890583001075,131.06218519713417,36.27644372696679,92.25733410769392,350.6868694013074,43.83585867516342,109.58434895215416,22.108401277825394,29.891927586599948,71.97653318576258,8.997066648220322,14.909352117339587,4.524063581093653,7.586964303062637,106.20493766385887,2.794866780627865,6.498689769612346,1.176174774300094,2.5303981235228754,207.20543482939956,2.3546072139704495,42.836690895836405,0.5309680799835379,1.6024748249051972,1.1643118040249771,0.8285217230491044,0.2562642772719437,0.46908961058033827,0.8636286716677324,hjorth_mobility,hjorth_complexity,3.171024392200874,0.8073547432857054,-23.69518280029297,-307.6171875,68.359375,-20.99609375,829.7877414952382,28.806036546099815,1595,eeg_data_level_4.csv,3,TP9,150.0078125,160.00390625
711.001291577603,101.5716130825147,167.7969313192107,48.84508156513995,85.67179819606007,400.4245006981979,50.05306258727474,119.91774512661316,23.94243447685563,34.851263513804554,70.06571483653309,8.758214354566636,16.033274526459323,4.420987117847409,8.167489203504433,113.07805954862516,2.975738409174346,5.119749099760634,0.8985135266800527,2.839909595063383,545.3639451477703,6.19731755849739,243.08681061578193,0.7084186677034008,1.9944278856645337,1.0585903940600327,0.7305713815317467,0.19614138758466382,0.38121624838057167,1.1169959689422702,hjorth_mobility,hjorth_complexity,4.051127396451884,0.9371993862235514,-23.247146606445312,-356.93359375,109.375,-20.5078125,1145.6442005874123,33.847366228222434,1595,eeg_data_level_4.csv,3,TP10,150.0078125,160.00390625
39818.16788008625,5688.309697155179,12801.15832631996,749.8489001885896,4276.191861007548,1086.2176655278413,135.77720819098016,462.3587621435242,17.509949149429143,70.54843359081967,83.34368397078259,10.417960496347824,15.546965887573508,4.385139546543518,9.913543578141166,155.88254481865812,4.10217223206995,9.780038475932981,1.3718191732332845,3.1430819610656417,132.0092462599314,1.500105071135584,3.501666026906093,0.4670167061205355,1.278485298480532,1.5518652425568276,0.13237358140593736,0.015944580790959034,0.03285671707752895,0.03109843507350065,hjorth_mobility,hjorth_complexity,1.9282658786605036,0.5703266383346383,-15.404129028320312,-252.44140625,973.14453125,-26.3671875,20634.569058747722,143.64737748649546,1595,eeg_data_level_4.csv,4,AF7,160.0078125,170.00390625
399.7523516221397,57.10747880316281,145.97166017051285,20.696007193845134,43.05446187388683,94.79557285382046,11.849446606727557,15.542488322962264,7.661600920563974,12.318656701529672,74.67640063292393,9.334550079115491,12.292894116205396,7.998897740714805,8.397731988958595,93.93196778451208,2.4718938890661075,7.214183243727969,0.6278358655331292,2.2079901709939396,99.88766896861483,1.135087147370623,3.6533805637833385,0.36115202508351274,1.0183251282660206,1.1990510940263512,0.48909651860277037,0.407830761208753,0.6540881016358501,0.7902991029373514,hjorth_mobility,hjorth_complexity,2.401487092001499,0.7776011500334353,-22.86968231201172,-279.78515625,40.52734375,-22.4609375,472.64146382076433,21.740318852785126,1595,eeg_data_level_4.csv,4,AF8,160.0078125,170.00390625
931.5098017068549,133.07282881526498,296.5725964257815,30.99637268685172,146.71091264626145,335.5219241320029,41.94024051650036,61.44052089778123,14.047885507111431,44.36109965896498,151.57351562911657,18.94668945363957,31.776383491890353,9.19989889353571,19.56146089077979,139.8039507710793,3.679051336081034,13.976343679940815,1.5180439491687259,2.7519729832607833,217.59965093010294,2.472723306023897,37.83256473251385,0.750945416790065,1.743006770416185,1.2041691120363633,0.6636768157633547,0.3642369093360879,0.45082862563508064,0.7108896906071956,hjorth_mobility,hjorth_complexity,2.6093506156185713,0.8110249152593989,-21.012496948242188,-272.94921875,75.1953125,-17.578125,1051.2865251803305,32.42354892944834,1595,eeg_data_level_4.csv,4,TP9,160.0078125,170.00390625
1287.1816579513784,183.88309399305405,409.37287358977073,65.64068285549537,194.64555415540798,378.2944463415048,47.2868057926881,75.38355894662526,16.422279489668206,49.403638490056395,178.71681981078314,22.339602476347892,31.52758448944674,10.452193887465773,24.908891564981452,140.05330631437735,3.6856133240625617,18.58575255972263,1.5858825989417256,2.779385221532504,516.6145704476883,5.87062011872373,216.90537834906576,0.4830544808303847,1.828040371036644,1.215543474246951,0.5664969734427021,0.3194963984464081,0.33778030037534695,0.849701274305221,hjorth_mobility,hjorth_complexity,3.06045868814924,0.9288189793414504,-18.73779296875,-357.91015625,105.95703125,-17.08984375,1541.3086861371994,39.2595044051399,1595,eeg_data_level_4.csv,4,TP10,160.0078125,170.00390625
685.6732022405322,97.95331460579031,237.75298732516518,5.269933737980846,51.2835941804676,61.52969754622288,7.69121219327786,11.695879246908147,4.0596584876842625,7.700977067381975,10.792158745830408,1.349019843228801,2.384478276484961,0.9068915075193323,1.223401760534629,62.28314058480456,1.6390300153895938,3.5447983094950115,0.4967492316789605,1.5496410609073066,93.45321039779313,1.0619682999749218,2.111441807093911,0.38293586582653827,1.061661138637151,1.2400121526227703,0.29722091856298494,0.07120212166184246,0.39870433753285717,0.6400943326081533,hjorth_mobility,hjorth_complexity,3.2683222117663124,0.8432018502578497,-30.53302764892578,-199.21875,12.20703125,-26.3671875,529.4322443296551,23.009394697159138,1595,eeg_data_level_4.csv,5,AF7,170.0078125,180.00390625
420.1353925444563,60.019341792065184,110.3488739569574,25.137045778084627,49.95275635633332,103.11193256580374,12.888991570725468,29.030934916767976,6.974316924660908,11.272126782584657,33.974084466537704,4.246760558317213,8.208371014113238,2.4933270606299964,3.8315652823226705,111.44306460176071,2.932712226362124,6.528131153077222,1.007148961012363,2.9012081125977183,121.30913838839359,1.3785129362317454,4.20575330958024,0.5027638254796812,1.2048816655432955,1.2689343373917197,0.5019409833255903,0.2125918402140195,0.7503223811082355,0.9223730873684569,hjorth_mobility,hjorth_complexity,3.489453619869581,0.8129612768031825,-24.27196502685547,-247.0703125,44.921875,-22.94921875,408.59656346583506,20.213771628912678,1595,eeg_data_level_4.csv,5,AF8,170.0078125,180.00390625
944.8166170820606,134.97380244029438,232.22196273550995,37.010658946203556,125.38254837670388,517.9021464216983,64.73776830271228,98.58938116595617,19.229150652871002,76.6142147529192,110.77915067487785,13.847393834359732,18.371894075732953,10.550638886529093,13.126407399841245,122.4241254265859,3.221687511225945,8.211577801424545,1.6686659166613649,2.854280324686807,228.20111365336973,2.593194473333747,51.44287753435198,0.5291053321156344,1.58748032361135,1.2211061493884872,0.8602225555735442,0.27584164226053,0.3911507418233318,0.6833544386478246,hjorth_mobility,hjorth_complexity,3.1975601611732665,0.8130503371724911,-24.162864685058594,-268.06640625,116.69921875,-21.484375,1008.0111646311707,31.749191558702258,1595,eeg_data_level_4.csv,5,TP9,170.0078125,180.00390625
1287.0113192979968,183.85875989971382,355.2087006194413,29.56874039223519,158.85077318370895,503.6175347675961,62.952191845949514,104.2023339973368,22.59573712513704,69.04784410841091,107.59852438966986,13.449815548708733,23.51829679346221,8.549906052548657,11.848507827980836,140.09028871949033,3.6865865452497455,5.548088575641564,1.6510228376073257,3.8085492154241862,581.8865483207363,6.612347140008367,254.15557791115376,0.8776746983559047,2.220393338983147,1.1927751587230389,0.6787855948145529,0.20929006295320574,0.3394282985445766,0.9166178164611671,hjorth_mobility,hjorth_complexity,4.139579959693191,0.9358990225154763,-24.30706024169922,-278.80859375,137.20703125,-21.97265625,1348.6297858980834,36.72369515582662,1595,eeg_data_level_4.csv,5,TP10,170.0078125,180.00390625
29713.449215724464,4244.778459389209,6203.3175363349565,1705.0837618897435,4048.2035794933668,2288.142459517638,286.01780743970477,940.7946600274382,17.378061301192318,186.53642392111536,164.93148079494676,20.616435099368346,24.87358554467098,16.515551424418113,20.868013570162354,139.82017804891262,3.6794783697082267,16.281601538100876,0.8496748059978736,2.356942732280158,94.47372302537596,1.0735650343792722,3.1177872619766664,0.130538892121418,1.0233632036606453,1.7563736754327866,0.2877782900220631,0.03592545415657819,0.036015494734493926,0.02842321294441813,hjorth_mobility,hjorth_complexity,1.848658571743327,0.6267471233089749,-17.138290405273438,-233.3984375,976.07421875,-21.97265625,12931.983060989292,113.71887732909296,1595,eeg_data_level_4.csv,6,AF7,180.0078125,190.00390625
321.6793759738084,45.954196567686914,89.33009342966405,4.9823571882062545,33.12732520025827,168.30654639982635,21.038318299978293,26.1930513955245,15.403551510744187,21.657001050721888,50.611010082372104,6.326376260296513,12.519309208350686,1.822042188599593,5.669865840489381,78.52251324496686,2.066381927499128,3.704879642322508,1.037568120081525,1.8903546711212136,88.31631292317607,1.0035944650360917,2.3770611048881722,0.30656558033556613,0.9026558255206696,1.0969209455527826,0.7990945769510436,0.3098166773818992,0.6103555269393756,0.7679168694761913,hjorth_mobility,hjorth_complexity,2.697803178859879,0.7906496455929614,-18.65863800048828,-165.52734375,75.1953125,-18.5546875,384.54411314887693,19.60979635663963,1595,eeg_data_level_4.csv,6,AF8,180.0078125,190.00390625
1294.7362987970225,184.96232839957466,316.98189762384317,107.90926435332233,181.07696908108377,471.73912399277776,58.96739049909722,128.17205267473344,29.368760012204696,42.29256091897178,119.24806436911885,14.906008046139856,41.18030016013902,2.2815617012818907,7.037623844876059,151.02689517600214,3.974391978315846,8.44420124080981,1.3991753007245085,3.9463457196939196,209.7581656506525,2.3836155187574146,46.054049451422,0.5705486223143128,1.575789477984061,1.3826107533702663,0.7249067579330186,0.23641443283482458,0.4124870474881717,0.5681251637944749,hjorth_mobility,hjorth_complexity,2.9543156122596708,0.7660176896825858,-23.670005798339844,-232.91015625,142.08984375,-20.99609375,1211.14482604753,34.80150608878199,1595,eeg_data_level_4.csv,6,TP9,180.0078125,190.00390625
1256.076183740267,179.43945482003815,299.75653482129394,91.66605540769544,190.89717380027517,501.0738892451547,62.63423615564434,125.83683353304325,39.09323473732394,53.01729533836158,127.38548827643748,15.923186034554686,36.97944706842609,3.7369638836627797,10.988536832199024,133.3829132391218,3.5100766641874155,7.443496930764086,1.4546671385383603,3.1464397753816566,492.26008575229935,5.5938646108215835,231.18286445811898,0.6794920493003173,1.7184643664664772,1.2675348012362726,0.7078072088607001,0.2373214342519434,0.3380800082324564,0.7972650459458777,hjorth_mobility,hjorth_complexity,3.8919127826175304,0.9091724841574815,-22.066116333007812,-247.55859375,153.80859375,-20.01953125,1329.8738944286015,36.467436082464054,1595,eeg_data_level_4.csv,6,TP10,180.0078125,190.00390625
181.35346744169323,25.907638205956175,74.52100311425205,7.562843062044532,10.421359306410139,20.950113549969604,2.6187641937462005,4.945024594137381,1.1586389073117047,2.567890661838676,8.077411228351929,1.0096764035439911,1.4224177708740466,0.5768806168462728,1.0732740531880278,50.24777878834836,1.3223099681144306,2.7746845241479985,0.3400963883383991,1.2782697682000372,66.70914453115348,0.7580584605812896,1.6308056894899805,0.28262476208446907,0.7398049089122429,1.0989504075957819,0.2663644960100095,0.12369149825392539,0.7243567209927367,1.0652512258852198,hjorth_mobility,hjorth_complexity,3.0471908036630437,0.8317586688444835,-25.9521484375,-150.390625,21.484375,-22.94921875,347.0804914832115,18.63009638953088,1595,eeg_data_level_4.csv,7,AF7,190.0078125,200.00390625
106.1348824115823,15.16212605879747,37.796379821113426,6.830124355979892,10.134487359388064,28.810546417739847,3.601318302217481,6.384650894422925,1.425054855471912,3.485319957650062,10.329879637680483,1.2912349547100603,1.5055367214929685,1.06937457361343,1.275908104896105,52.42778290568849,1.3796784975181182,2.6608020335179763,0.45675890090004323,1.1857370237923024,80.69041564508717,0.9169365414214451,2.372428779582356,0.27349801874321306,0.8040381761755684,0.9713560995886209,0.40574703873649776,0.18421161350674936,0.9058541509728248,1.4989525062952136,hjorth_mobility,hjorth_complexity,2.781833113939121,0.8336149581889077,-19.51427459716797,-107.421875,38.0859375,-19.04296875,214.08087628515204,14.631502871720048,1595,eeg_data_level_4.csv,7,AF8,190.0078125,200.00390625
301.5510567945829,43.07872239922613,51.277369482470576,24.429734771760298,43.33853579774166,254.53939076830952,31.81742384603869,49.26370710713012,17.21340599039124,31.51708512859323,75.91527882587064,9.48940985323383,14.29644636739094,4.688369387617805,8.566042417719595,114.878049380817,3.023106562653079,5.784207310341947,1.178458114239648,2.6602177220508603,184.36912329153768,2.0951036737674738,44.793230900287554,0.42095113410320223,1.39321163113381,0.9608751419980872,0.8822956633639305,0.3573807879266331,0.6715013807010145,1.0213583215725621,hjorth_mobility,hjorth_complexity,3.2373638146318546,0.8164931611164673,-22.522926330566406,-191.40625,66.40625,-22.94921875,507.022788769973,22.517166535112118,1595,eeg_data_level_4.csv,7,TP9,190.0078125,200.00390625
351.3355168478173,50.19078812111676,59.957299256728206,33.54966300873967,52.61062034526664,235.85298692517247,29.48162336564656,41.06517923206575,18.454838701903803,29.997975420722447,70.87227990224605,8.859034987780756,18.809271071990537,3.4199712433437233,7.912919891307904,95.30667046479022,2.5080702753892163,5.60604796459442,1.0653911862571883,2.27451304333756,527.3439758071258,5.99254517962643,265.99132580033194,0.4367183858155472,1.3103378789530784,0.8666351558088141,0.6720050209859743,0.26132008909572013,0.445003613647666,1.2603669012716492,hjorth_mobility,hjorth_complexity,4.36071136779646,0.9725080530641967,-21.64592742919922,-216.30859375,85.9375,-20.99609375,701.5681604025303,26.48713197767041,1595,eeg_data_level_4.csv,7,TP10,190.0078125,200.00390625
22773.604794184008,3253.372113454858,8339.277432858165,473.0233296339628,2070.745662512771,856.7185888338729,107.08982360423411,285.51750022569024,24.03948442482003,75.75011031190053,102.38693227668082,12.798366534585103,17.693513699405955,7.992782870483209,12.27405823581823,115.7935782970737,3.0471994288703605,7.022734372998717,1.2273457478174445,2.8480605412853968,120.45237202147386,1.3687769547894757,3.134260246369374,0.3992932350615426,1.2650030998921515,1.5065311243380013,0.1733640485288777,0.03035954332936043,0.04053025563442594,0.04599927558404311,hjorth_mobility,hjorth_complexity,1.6938665860710387,0.6239231003990894,-20.751190185546875,-522.4609375,974.12109375,-26.3671875,16333.668119623326,127.80323986356264,1595,eeg_data_level_4.csv,8,AF7,200.0078125,210.00390625
397.2925742615657,56.756082037366525,82.41824500548151,26.360701804272253,64.23376069975679,68.65837722021914,8.582297152527392,22.491990398562056,3.9585226084745164,5.686663590668163,30.80755074236442,3.8509438427955525,5.6696958628099186,2.3072027225045217,3.4594587806021333,84.30346481246545,2.2185122319069857,4.2297498559995885,0.8106110503516222,2.0905285101213775,117.0446353232381,1.3300526741277057,2.8567128473914583,0.433458400342346,1.1595772897582732,1.3418525481868213,0.3938708785873396,0.2169558489838024,0.6544641045220967,0.9862212476239578,hjorth_mobility,hjorth_complexity,2.5164754242151988,0.8249412409442866,-22.343826293945312,-129.39453125,100.5859375,-20.01953125,425.0331535877194,20.616332205019383,1595,eeg_data_level_4.csv,8,AF8,200.0078125,210.00390625
1387.6003078950205,198.22861541357435,311.18674214512623,97.66349605046278,200.04444635329844,467.7584516959796,58.46980646199745,95.09956334737868,33.0887660860387,58.067761983058865,174.82696270135762,21.853370337669702,40.04530211555365,10.161862178942606,18.77140750147108,162.76418514174156,4.28326803004583,10.09216619282069,1.6136464461537527,3.897298125987949,233.664958042759,2.6552836141222613,46.12502957145958,0.7337200856558084,1.771671173543161,1.3645981004528622,0.6883131648338955,0.3207841203927041,0.40548486339272405,0.583836874212661,hjorth_mobility,hjorth_complexity,2.6093506156185713,0.7523806452395747,-22.280120849609375,-265.13671875,120.1171875,-20.5078125,1617.2829031711444,40.215456023413985,1595,eeg_data_level_4.csv,8,TP9,200.0078125,210.00390625
1439.6499902823932,205.66428432605616,314.44424816922884,98.49853694458132,204.94787530504084,468.40343276302224,58.55042909537778,100.03273501671175,23.68481754634432,50.988353968470875,159.76946835392133,19.971183544240166,40.411787367552606,8.577699464215035,18.024118717873467,146.42808873898363,3.853370756289043,12.126134675433525,1.7113119053207275,2.966064511453685,545.277551006986,6.196335806897568,234.91097995947334,0.44003225937236146,2.1309065570075423,1.2915039734493154,0.616115646024203,0.26904585657442437,0.3305610765978282,0.8439429765541854,hjorth_mobility,hjorth_complexity,3.4010010566282736,0.8860540022227881,-20.059967041015625,-304.19921875,164.55078125,-18.5546875,1874.9228160595521,43.300378936673894,1595,eeg_data_level_4.csv,8,TP10,200.0078125,210.00390625
10723.90563953091,1531.9865199329872,3415.317179366796,154.9370764235339,1134.6184744030436,257.7575422053619,32.21969277567024,76.52024946903965,12.479317230403561,27.047338467340523,26.227587205374107,3.2784484006717634,8.649165570129187,1.309452734587884,2.32658928835015,69.97358117842282,1.8414100310111268,3.5574261222144594,0.7971621183920108,1.7627877070115145,102.03724354266234,1.1595141311666175,4.6529767266525495,0.3888885524360476,0.9613831749340777,1.534465987958444,0.12396214207797014,0.017491165085743332,0.0509849533901421,0.07755511434627438,hjorth_mobility,hjorth_complexity,2.7729878576149902,0.7323536583065043,-20.31097412109375,-395.01953125,530.2734375,-24.4140625,6393.9049816690385,79.96189706146946,1595,eeg_data_level_4.csv,9,AF7,210.0078125,220.00390625
333.4358305833702,47.6336900833386,154.86276973620318,11.328526772217513,22.718263577571904,58.54479374815385,7.318099218519231,14.264965858410811,3.572587760935085,7.122552531917377,12.902081736691208,1.612760217086401,2.7043062245830254,0.8503707013178098,1.503648025023691,46.57186219034786,1.2255753207986277,2.089209632827477,0.38076214938342523,1.1629331517998933,66.45826994475553,0.7552076130085855,1.8517035218627416,0.17446186104984202,0.7293274597607171,1.2453744230013144,0.4515907083848041,0.13509254449609315,0.5130646944623741,0.7911637047871041,hjorth_mobility,hjorth_complexity,2.3395702977325836,0.8209956768855992,-16.979598999023438,-156.73828125,52.734375,-16.6015625,338.3563364332076,18.394464831389023,1595,eeg_data_level_4.csv,9,AF8,210.0078125,220.00390625
969.9019403039563,138.55742004342233,186.79292059948176,53.38582552138516,162.263167830194,828.6318873617048,103.5789859202131,157.92378586107722,58.49633047463614,104.23720247206666,169.92851672410296,21.24106459051287,39.25051769217568,7.110779561768699,17.519058783240816,125.34014182520835,3.298424784873904,8.990620156006592,1.0694898816952527,2.55402525314593,197.59578835703033,2.2454066858753445,43.40857825798621,0.5742588676091682,1.5161309520033832,1.148644361022082,1.0894712434793048,0.332651255560127,0.34698300285516215,0.5312356090580007,hjorth_mobility,hjorth_complexity,2.910089330639017,0.7670344510809268,-22.881317138671875,-276.85546875,131.34765625,-22.4609375,1108.5341213038191,33.294656047237055,1595,eeg_data_level_4.csv,9,TP9,210.0078125,220.00390625
1033.4767408727362,147.6395344103909,210.69648865594544,55.92052905797934,162.80220796989406,808.4512280836269,101.05640351045336,149.10166552407816,52.4757016286046,103.62758407026772,149.331517315687,18.666439664460874,30.77449888398692,9.157002762364698,17.56642963089896,112.96492223956747,2.972761111567565,9.090127513125573,0.7228178712569986,2.420555744345865,466.0149181787046,5.295624070212552,241.3765533652511,0.35486118441199577,1.1428521006498267,1.1105070824321288,0.9907547365651792,0.2777292831450978,0.2863858478363023,0.6969555106967712,hjorth_mobility,hjorth_complexity,3.9847879740209033,0.922431877740527,-22.234344482421875,-292.48046875,155.2734375,-21.484375,1263.6200239649042,35.54743343709788,1595,eeg_data_level_4.csv,9,TP10,210.0078125,220.00390625
220.18976909339477,31.455681299056398,84.82205656082274,6.573345332137377,21.83230806089522,48.546943070096226,6.068367883762028,9.743461292106575,2.261778090521196,5.9737646065537735,11.058887157257681,1.3823608946572101,2.453717173293587,0.7463878050673536,1.225608930835932,37.78828505913471,0.9944285541877554,2.560386471516763,0.42115942730980754,0.9062500085453258,49.78212529213303,0.5657059692287845,1.4362981105771822,0.12658065604049587,0.5597462730499683,1.2640065939033398,0.5096990689440491,0.15882040820569196,0.5739695157119585,0.8263538493407794,hjorth_mobility,hjorth_complexity,2.366106066704976,0.78594488783881,-23.381996154785156,-119.140625,39.55078125,-21.484375,251.90486772771692,15.8715111986136,1595,eeg_data_level_4.csv,10,AF7,220.0078125,230.00390625
628.1826710899609,89.74038158428013,260.5830221987635,22.1132192549774,63.52240689181363,52.899419478496284,6.6124274348120355,11.814956922898208,1.9187190591582473,6.995245335251035,30.122603375956917,3.7653254219946146,6.028232004565501,2.75591543175826,3.4033159483074193,67.63401898591314,1.7798426048924512,3.2547920402845674,0.816807936370942,1.5243004334720585,65.71782895087198,0.7467935108053634,2.043622515010447,0.06067114542705517,0.6880229778120361,1.391832943953645,0.2791263261344089,0.1811768099930927,0.4599869257856565,0.506725172269481,hjorth_mobility,hjorth_complexity,2.2201593373568183,0.7333447933051883,-22.368431091308594,-175.78125,65.4296875,-21.97265625,611.0624517532415,24.719677420088665,1595,eeg_data_level_4.csv,10,AF8,220.0078125,230.00390625
1449.9252181739648,207.1321740248521,426.67357389736145,88.02049935337281,133.59873161995276,286.3387855849112,35.7923481981139,75.75447420153068,17.856449408123794,30.64578416961028,73.64143037743513,9.205178797179391,11.31807201416129,7.326737804128344,9.619622623862298,173.06134136958917,4.554245825515505,8.872569025028003,1.8976258687721317,4.373165166684358,228.76309955272143,2.5995806767354708,36.986584789646535,0.5362473340949723,1.8358823226154435,1.4313947368319964,0.5069325149916541,0.1771730934314587,0.464598002513308,0.6325151541933016,hjorth_mobility,hjorth_complexity,2.1272841459534457,0.7780358696703418,-22.017288208007812,-309.5703125,128.41796875,-20.5078125,1680.0074475759175,40.98789391486122,1595,eeg_data_level_4.csv,10,TP9,220.0078125,230.00390625
1732.5401094874098,247.50572992677283,483.4161843285103,113.02640445705237,207.37818676092266,341.02695630370727,42.62836953796341,71.48721467762077,29.656097245990022,40.723703067104736,103.97333793529384,12.99666724191173,17.724700888913702,9.334788101515382,12.717644189539708,139.08218175644578,3.66005741464331,9.098141318480247,1.1573873764429625,3.388146456577374,555.1399724189749,6.308408777488352,240.40081244043643,0.7334439602540745,2.1592985045531954,1.365805595216145,0.4818590326960909,0.1892374647376234,0.30856794623768413,0.8196347644504418,hjorth_mobility,hjorth_complexity,2.53416593686346,0.900312891424029,-19.5220947265625,-350.5859375,161.1328125,-19.04296875,2738.8815861195326,52.334325123378946,1595,eeg_data_level_4.csv,10,TP10,220.0078125,230.00390625
3672.61059426329,524.6586563233271,1360.4229989398991,27.13556181238521,260.3972036629664,92.04805160327138,11.506006450408922,15.963071578397777,9.502851164036633,10.965928212551775,36.69338320131667,4.586672900164584,7.403084790207552,1.7624484197913752,4.6617300346954025,77.63340630970157,2.042984376571094,3.284806574335841,1.0540780304541202,2.013222188017919,102.7746196406512,1.1678934050074,2.8393527262544795,0.4553889350139225,1.046573425490012,1.3419401452758877,0.12293526455475637,0.05611323640604935,0.1334355717605852,0.18847379275264398,hjorth_mobility,hjorth_complexity,2.547433821349656,0.8042212267392531,-18.32866668701172,-142.578125,294.43359375,-22.94921875,2232.400744651386,47.24828827218385,1595,eeg_data_level_4.csv,11,AF7,230.0078125,240.00390625
296.953596994445,42.42194242777786,63.382355135925586,18.915042323144206,42.062483939819884,119.63206110515945,14.954007638144931,23.390029229876927,5.893056563062153,15.026808410043271,30.449240835545915,3.8061551044432393,7.12894986447717,1.7441868249561314,3.138094259901391,74.28704745225889,1.954922301375234,4.003156177329396,0.9015045829134264,1.866390889522083,102.84449008354196,1.1686873873129768,2.3851703204696255,0.42244132498293957,1.0254618010112937,1.2018923752470259,0.6665086603535356,0.23092648018113637,0.6458737566246965,0.9705258999785867,hjorth_mobility,hjorth_complexity,2.7376068323184675,0.8002018333869393,-20.212936401367188,-175.78125,51.26953125,-19.53125,347.94866674928926,18.65338217989674,1595,eeg_data_level_4.csv,11,AF8,230.0078125,240.00390625
1186.7622753100352,169.5374679014336,257.16980266943295,57.8756113754969,167.54041515026074,365.6603803502576,45.7075475437822,81.64509930484816,22.025268063954098,42.613168180406284,110.57248442077633,13.821560552597042,27.912463923858827,5.905798783457737,13.266195423604508,154.55530109868283,4.067244765754811,7.42117972576882,1.8516450129158153,4.050150607181925,238.52010550845088,2.7104557444142148,37.202240492314324,0.724923336737995,2.0025274321000057,1.3550726291999424,0.6384302749065275,0.25234856185084586,0.4441230054315871,0.6928291591216658,hjorth_mobility,hjorth_complexity,2.874708305342494,0.7925695545306558,-25.076675415039062,-266.6015625,96.6796875,-22.94921875,1183.2981997577008,34.39910172893619,1595,eeg_data_level_4.csv,11,TP9,230.0078125,240.00390625
1085.99068012417,155.1415257320243,230.5102953615075,87.96233245571138,140.76163147566962,416.58351204744696,52.07293900593087,91.2936671416185,32.34828892754654,49.736557438892234,134.72848782082178,16.841060977602723,29.913848741718514,3.5998456897013256,15.195735459067592,143.57977601462235,3.7784151582795356,6.783943558718142,1.4488447563991973,3.5546025849796385,532.5005465062949,6.051142573935169,211.8581796127534,0.7416378356299695,2.33248866795516,1.2078824652184128,0.6472252866340511,0.2690078836644398,0.3783102077950636,0.9494316707082598,hjorth_mobility,hjorth_complexity,3.723852912459046,0.9128120573870825,-23.895263671875,-258.30078125,139.16015625,-22.4609375,1306.6675513982773,36.14785680228189,1595,eeg_data_level_4.csv,11,TP10,230.0078125,240.00390625
19485.850780577002,2783.6929686538574,7614.0802005233145,344.6054435624902,1700.26287578902,434.7239844366769,54.340498054584614,155.23737947108208,12.348274240461786,34.798565790651715,41.30242407377469,5.162803009221836,10.522451381761591,2.343316998941713,3.8587940455135756,103.05536246657353,2.7119832228045664,5.714284419434544,0.9244920932846381,2.489638839391537,109.50275297764853,1.2443494656550969,3.301603734908321,0.38731085856209346,1.0600100919480384,1.529045848552861,0.11872844085881548,0.016463359564492505,0.04444762908822791,0.05142877240188863,hjorth_mobility,hjorth_complexity,2.4899396552428064,0.6346604124966826,-23.19622039794922,-572.75390625,887.20703125,-27.34375,14532.760708789283,120.55190047771659,1595,eeg_data_level_4.csv,12,AF7,240.0078125,250.00390625
840.7831432348164,120.11187760497377,231.49099283133424,42.03607757123178,77.18297463162334,131.1430981099145,16.39288726373931,35.287762684261224,6.361023204801821,12.65036616075555,34.294641879205585,4.286830234900698,7.774717886414491,2.203487284407739,3.701066048540808,75.54717790718836,1.9880836291365356,3.848209281277038,0.7702170842247978,1.8959858179454154,99.07191225946697,1.12581718476667,2.7894026081482917,0.2885296706696606,1.074006817145618,1.4676541272388353,0.4467641537644374,0.1558675799635076,0.3925853695639,0.5602583765619115,hjorth_mobility,hjorth_complexity,2.905666702476952,0.7754151077987393,-21.20990753173828,-229.98046875,84.47265625,-19.53125,578.4435313762515,24.05085302803731,1595,eeg_data_level_4.csv,12,AF8,240.0078125,250.00390625
1304.1663353937988,186.3094764848284,299.32704487709225,100.06266225056291,194.70807278989707,660.7539472778105,82.59424340972632,191.07392564983772,23.597327962170255,75.21487022969875,144.27291691424745,18.03411461428093,42.252044642004144,4.6719978046913875,16.32455966744148,150.6771179515016,3.9651873145132,8.382309553323692,1.4617065587287175,3.6488440104144875,212.44456445872987,2.4141427779401123,36.44557856059886,0.5027891291181602,1.7516921923447897,1.3129906937115274,0.8405222642788326,0.2710360480944707,0.37959772370175543,0.5426962784183368,hjorth_mobility,hjorth_complexity,2.7287615759943367,0.7531390605138502,-19.834136962890625,-250.48828125,125.48828125,-17.578125,1217.5225600367412,34.89301592062144,1595,eeg_data_level_4.csv,12,TP9,240.0078125,250.00390625
1445.7129501228858,206.53042144612655,323.84939266422384,99.38977275060233,210.6342748828994,619.0862955869752,77.3857869483719,146.79532578502773,19.01959441674547,77.15318543417315,158.88059127675297,19.86007390959412,44.97632062611454,8.104929666998771,17.47843885073904,155.53435359415263,4.0930093051092795,8.174337112008015,1.2925620717680022,3.7612971788052705,537.2265832968975,6.104847537464744,234.03250063799473,0.5948394587222907,2.0316685845322238,1.266538928723116,0.7314603534756621,0.26079728685083203,0.34094838356866713,0.7905099602979432,hjorth_mobility,hjorth_complexity,3.4584952227351238,0.8837347299179629,-19.473838806152344,-276.3671875,149.4140625,-16.6015625,1466.0970875047497,38.28964726273604,1595,eeg_data_level_4.csv,12,TP10,240.0078125,250.00390625
3803.434228830365,543.3477469757664,1302.8754410259307,70.65413446772182,342.61006707219997,150.58071631053153,18.82258953881644,45.107858259704486,5.6209630071589745,15.402401322392212,20.464682708827223,2.558085338603403,4.192148823188422,1.657835746628975,2.338196334765906,75.62085466208933,1.9900224911076139,3.9861931814303526,0.7031148234137499,1.95193536174402,81.59513640754304,0.9272174591766255,1.8918862678263153,0.36352523227601047,0.9288313992613031,1.4936120025300763,0.18249641979765233,0.03516459942671556,0.13382450500784562,0.15917907859097113,hjorth_mobility,hjorth_complexity,2.8304820237218404,0.7567696235189639,-21.82159423828125,-296.875,272.94921875,-23.92578125,2566.7401938699186,50.66300616692538,1595,eeg_data_level_4.csv,13,AF7,250.0078125,260.00390625
454.26658231991826,64.89522604570261,117.01238607370007,34.19092845408052,47.03042515896642,102.3966873668961,12.799585920862013,29.823246850331845,5.656895231566788,8.322867940880233,32.770550319165054,4.096318789895632,8.028723838204193,2.037793600302177,3.463747925626821,68.32753929187749,1.7980931392599337,4.4786481373700715,0.44261959447946414,1.5896482718641058,85.66244735032319,0.9734369017082181,2.461120551795327,0.27702404802214287,0.8768182990270231,1.3664699390241357,0.5063105649324604,0.2115654965018265,0.5116420872556309,0.7091065400112113,hjorth_mobility,hjorth_complexity,3.1842922766870703,0.8322639015311006,-22.53875732421875,-187.01171875,53.22265625,-21.484375,338.66958459839225,18.40297760142071,1595,eeg_data_level_4.csv,13,AF8,250.0078125,260.00390625
986.9373888334735,140.99105554763906,202.13791571292668,101.8850991927617,128.16710619760414,356.2544161663262,44.53180202079078,81.8982889781012,17.719241453332316,40.778870605938906,156.32901130005143,19.54112641250643,36.76309084035916,5.056103340185283,18.812353239045798,161.91063984625706,4.260806311743607,18.904424703031815,1.3549051308185862,3.5333492744190655,221.97177617576853,2.522406547451915,46.90212549852181,0.5620939894462709,1.7018502167922094,1.315672109077028,0.6688618187970805,0.36042182551637203,0.49286875967566907,0.6883341618657196,hjorth_mobility,hjorth_complexity,3.2462090709559854,0.8113629457281611,-23.366165161132812,-263.671875,105.46875,-21.97265625,950.1862675824668,30.8250915259382,1595,eeg_data_level_4.csv,13,TP9,250.0078125,260.00390625
1308.3428073293803,186.90611533276862,284.6590522182196,101.0231552428234,156.72807356752577,500.6889616734841,62.58612020918551,108.58922184862294,26.10226096532454,55.19416646265239,140.1091043813392,17.5136380476674,36.433866163531356,4.166656510817158,17.189759079447626,154.07763002905625,4.0546744744488485,14.189989261766614,1.148627750572584,3.7411094651420234,532.6785949179321,6.053165851340137,225.10885562461564,0.6654826743781922,2.1378386518429346,1.2600932112603438,0.6713867204281995,0.25162796605610394,0.361119558274416,0.8617736116033201,hjorth_mobility,hjorth_complexity,3.9670974613726417,0.9193982941616089,-22.332763671875,-287.109375,99.609375,-20.99609375,1307.9797476530075,36.16600264962949,1595,eeg_data_level_4.csv,13,TP10,250.0078125,260.00390625
1986.8042507277075,283.8291786753868,563.2906637504286,77.91674575191038,269.50139600345983,184.43049973816483,23.053812467270603,44.15476668791819,6.453421467376811,22.08421746398836,43.894764845042616,5.486845605630327,8.425624242059422,2.038316749384302,5.360773503521246,69.60104797508004,1.831606525660001,2.6664554709344017,0.5229139719955751,1.8192357615621806,112.0863434609741,1.2737084484201604,4.592691343571417,0.532238277254204,1.0910714210346206,1.5785138881780851,0.3345160380045963,0.10684220247980068,0.20088421379235957,0.33703338697990454,hjorth_mobility,hjorth_complexity,1.720402355043431,0.7528374344282122,-22.72624969482422,-200.68359375,172.8515625,-22.4609375,1910.7113766585826,43.711684669646196,1595,eeg_data_level_4.csv,14,AF7,260.0078125,270.00390625
857.5680590073865,122.50972271534093,233.3848575173829,53.33607409465637,90.89741130489703,153.79380707582038,19.224225884477548,39.62324144038656,5.7634822979584985,15.952784639514107,34.19918592102741,4.274898240128426,6.498025989891006,2.8166152473068076,3.9516536577153283,79.59649251049264,2.0946445397498064,3.5291598101563326,0.9012843110035642,2.0564443414966815,109.8351568694186,1.2481267826070295,3.6243687957305446,0.25306209201758584,1.01259196939481,1.4682134297435223,0.48929603905782,0.15174307435987555,0.3969756169407968,0.5850389181331855,hjorth_mobility,hjorth_complexity,2.47667177075661,0.7578461610950382,-20.70636749267578,-196.2890625,101.07421875,-20.01953125,645.2275148694753,25.401328998095263,1595,eeg_data_level_4.csv,14,AF8,260.0078125,270.00390625
2176.5222029653414,310.93174328076304,428.56152576918265,214.22534947908903,273.0538739692147,1030.8818144668091,128.86022680835114,281.43439905892876,35.34460751226779,99.71544186675246,151.161252542029,18.895156567753624,29.926675224283162,9.481047928137583,17.72498726529793,151.29283660370237,3.981390436939536,6.990849354525711,1.877535246973076,3.9121639909518993,241.6818597978679,2.7463847704303173,35.74154293173131,0.7161662629942673,2.0937065941612034,1.4120111003308935,0.8707155779793031,0.20655081562486988,0.26982446717874076,0.43518826578359093,hjorth_mobility,hjorth_complexity,2.59166010297031,0.7230874186290763,-24.16706085205078,-275.390625,153.80859375,-22.4609375,1890.316411117965,43.47776915985875,1595,eeg_data_level_4.csv,14,TP9,260.0078125,270.00390625
2256.371115122991,322.33873073185583,438.5423921322742,167.41063120445773,366.58817040511906,994.0843735622097,124.26054669527622,269.337455240463,27.13141301628933,104.07673196041002,143.8485642509358,17.981070531366974,26.36583646989488,13.024246312389087,16.032877038714474,160.27997505784572,4.217894080469624,8.312534772142786,1.2150788593603077,4.041465623862496,485.49743189492506,5.517016271533239,214.73867895597968,0.5833693357120455,1.9599175038719294,1.3629523431410653,0.7989171533690239,0.18834835630499186,0.2653328249034437,0.5723680872752381,hjorth_mobility,hjorth_complexity,3.2815900962525086,0.8529675452192068,-23.39153289794922,-273.4375,173.828125,-21.484375,2009.865111867839,44.83151917867427,1595,eeg_data_level_4.csv,14,TP10,260.0078125,270.00390625
831.4716575390956,118.78166536272795,286.0967114093229,14.604678970465772,88.66337956205197,29.842119063186868,3.7302648828983584,7.447092776713955,2.4611073606575515,3.285174589094125,16.835901782814485,2.1044877228518106,2.8137083320116134,1.28040871041084,2.2324846892626677,45.69980797734772,1.2026265257196769,2.34881271146177,0.5811964953234225,1.0290120264227907,74.01877623477179,0.8411224572133158,1.802271144701051,0.2106192370757018,0.7983378467360898,1.4680548586531668,0.15847565564951677,0.09924218578654685,0.2922809947576321,0.49572696938219407,hjorth_mobility,hjorth_complexity,2.366106066704976,0.8362052871990387,-20.53680419921875,-209.9609375,52.24609375,-18.06640625,660.1103558205068,25.692612864800395,1595,eeg_data_level_4.csv,15,AF7,270.0078125,280.00390625
175.7425059903158,25.10607228433083,61.265435225042744,9.406191360106995,21.40745269212799,48.000671714423795,6.000083964302974,9.017721743744618,1.8584654002639927,5.886400868328558,14.990509703379132,1.8738137129223915,2.912453802698987,1.1887148632201696,1.7663477311436435,74.65067385352609,1.964491417198055,3.1326633101013357,1.2128166839214185,1.8351596005183313,86.46593389391556,0.9825674306126768,2.304959318981319,0.1906644142698367,0.9235469821547219,1.072285831583903,0.46306542992605565,0.18613204277318884,0.9194991245107484,1.1874523553855767,hjorth_mobility,hjorth_complexity,3.2196733019835935,0.8305513254321801,-20.4132080078125,-141.6015625,37.109375,-20.5078125,201.78313367068768,14.205039023905837,1595,eeg_data_level_4.csv,15,AF8,270.0078125,280.00390625
803.7266961798183,114.81809945425975,163.17807377444674,52.64568130675627,131.94604901201015,816.4731415413253,102.05914269266566,171.65035954783585,43.1836368251553,93.78190977492004,145.7432711100165,18.217908888752063,39.96229902351891,7.250804294059189,13.656367315734705,137.2329514761707,3.6113934598992294,9.88943357841061,1.4659834899530793,3.3115768188753014,193.49362611360158,2.1987912058363817,35.33605372148997,0.7026096634965374,1.3938154150580024,1.076188806447273,1.1135615818875682,0.3117232633547647,0.40156408015375117,0.5730850075347634,hjorth_mobility,hjorth_complexity,3.2462090709559854,0.7914761846852265,-21.017837524414062,-284.1796875,90.33203125,-20.5078125,823.4110589546617,28.695139988413747,1595,eeg_data_level_4.csv,15,TP9,270.0078125,280.00390625
902.2139335692825,128.8877047956118,190.14559306293228,81.00175016104527,129.4145370464804,837.4883596908717,104.68604496135896,202.2389417618839,40.936791918876594,89.8909729425343,148.171821649936,18.521477706242,35.80132823942755,8.452204441321046,14.701255387533468,127.2693891723886,3.349194451904963,9.781882688780321,1.1994805394738226,2.8703789881718347,450.6355013458453,5.120857969839151,209.41236219490708,0.5185071980716385,1.4213947129676718,1.0480127202596128,1.0064982370409257,0.2799579736894427,0.32637474761082585,0.7558085105465647,hjorth_mobility,hjorth_complexity,4.298794573527545,0.9278123240498729,-20.328330993652344,-262.20703125,93.75,-19.04296875,995.5632601850084,31.55254760213521,1595,eeg_data_level_4.csv,15,TP10,270.0078125,280.00390625
39680.34387918732,5668.620554169617,13373.362273151834,777.5122020415284,3614.130940720283,1127.9350652419332,140.99188315524165,466.0556299075345,37.259941408863675,81.19838979284157,178.6628302160322,22.332853777004026,29.187092161623962,13.85524462944933,25.518234796578618,156.320664922077,4.11370170847571,9.745970800151943,1.4425881926091928,3.4770225596287143,183.0775985335254,2.0804272560627886,7.019288439592042,0.4268221658636061,1.6216012063985519,1.5400622171083207,0.13557968841239113,0.030355572353790834,0.032301009808472926,0.04019980825905206,hjorth_mobility,hjorth_complexity,1.7469381240158233,0.6331002420059658,-21.13361358642578,-741.2109375,977.05078125,-32.958984375,24889.72469578584,157.76477647366613,1595,eeg_data_level_4.csv,16,AF7,280.0078125,290.00390625
3307.6686510252403,472.52409300360574,1059.7421360355147,73.62498110005527,377.65901352158113,168.72777823098923,21.090972278873654,53.816451615042205,8.29506432019153,18.267452304881246,37.30115377748733,4.662644222185916,6.715808018208161,3.1868723133238754,4.569383506478989,106.30107004751088,2.797396580197655,3.9377503663119415,1.2756772179597904,2.8573792054396847,115.87042173563188,1.3167093379049077,2.8844489515709326,0.3356778726133438,1.2921675933331955,1.509273463754632,0.21186231379031037,0.0619538241173085,0.19026775798772344,0.22682664007795214,hjorth_mobility,hjorth_complexity,2.211314081032688,0.7319011483661968,-20.229530334472656,-226.07421875,294.43359375,-21.484375,1864.3468137815944,43.17808256258717,1595,eeg_data_level_4.csv,16,AF8,280.0078125,290.00390625
1940.330653038717,277.19009329124526,465.74765179258327,149.2461928191544,208.78511167494725,540.1624532104508,67.52030665130636,129.54166387430206,34.303830735810315,66.63357199169488,105.29693835307356,13.162117294134195,22.107017608738083,5.513753853493451,13.438046289560459,185.12547371179812,4.87172299241574,8.529708880677275,1.7287699552520301,4.392140416624047,258.4593535091634,2.937038108058675,44.66302897736231,0.4568543315359437,1.974170492607834,1.4454680256078456,0.6459177407923761,0.18191874450717285,0.3788254538307541,0.5332916447313889,hjorth_mobility,hjorth_complexity,2.861440420856298,0.7724759665010676,-22.925376892089844,-290.0390625,91.30859375,-16.6015625,1594.7890371535323,39.934809842461156,1595,eeg_data_level_4.csv,16,TP9,280.0078125,290.00390625
1971.9210498118177,281.70300711597395,437.8410540748283,166.39374652601785,218.5497399292918,787.7047775121799,98.46309718902249,157.22072778751556,48.299376641159256,103.51617891082324,132.25785840487362,16.532232300609202,41.63587222886294,4.487838790534064,13.797979764206154,185.8916554158939,4.891885668839313,7.916570346183038,2.202473961588344,4.849830452074258,511.4697588379578,5.812156350431338,218.24484607826358,0.6450821522369237,1.8496083539658352,1.328999170955634,0.7526569255677994,0.18410226738870047,0.32908684659632553,0.6516267491846519,hjorth_mobility,hjorth_complexity,3.427536825600666,0.8788651389126421,-22.606849670410156,-320.3125,112.79296875,-17.08984375,1909.884102315118,43.70222079385804,1595,eeg_data_level_4.csv,16,TP10,280.0078125,290.00390625
110.20506880394422,15.743581257706316,27.241192830156553,6.023179153328091,16.61984017483919,24.468138632664072,3.058517329083009,6.142425584714848,1.6279989611743089,2.0329306331878305,16.07434740075078,2.0092934250938477,2.6524454637497077,1.3747814819366238,2.0206469483700564,56.3646850427784,1.4832811853362735,2.967979543440334,0.530521285779547,1.611623424950951,100.4886751845932,1.1419167634612863,2.8781014468081185,0.275287010278002,1.055562442569882,0.9616925470097263,0.33335541176489736,0.24515784319490477,0.8991014751544367,1.679477733000501,hjorth_mobility,hjorth_complexity,3.520412017004039,0.8645372000170072,-23.180389404296875,-104.4921875,18.06640625,-22.4609375,164.40415696706623,12.822018443562863,1595,eeg_data_level_4.csv,17,AF7,290.0078125,300.00390625
194.27139709785936,27.753056728265623,39.62552831019971,18.223975778499955,27.32744899097472,91.87414594284962,11.484268242856203,20.12262607871367,2.354832804029707,12.007639368399339,24.159048512017613,3.0198810640022016,4.416938954444235,1.2239355072888285,3.2563845912791516,69.40012620417122,1.8263191106360845,3.241817416008383,0.7929116223964795,1.7432489225703296,114.93596002151796,1.3060904547899768,3.7454086378631724,0.33217045279315044,1.1377635342555599,1.0699785553961836,0.6447959414122244,0.23204416886307377,0.7345697133762369,1.2793599786364465,hjorth_mobility,hjorth_complexity,3.294857980738705,0.8262119201323956,-21.472740173339844,-124.51171875,42.48046875,-20.01953125,251.89756848703837,15.871281249068657,1595,eeg_data_level_4.csv,17,AF8,290.0078125,300.00390625
1173.5550461135858,167.6507208733694,216.31348147125365,95.75388741547069,171.0193765930063,406.65961502623884,50.832451878279855,99.56629180573789,31.941293758562452,45.34433395449976,102.44295549505097,12.80536943688137,20.303004500961663,3.380544347629227,14.020118208656207,145.71347044140626,3.834565011615954,9.332674069737099,1.5202570418144905,3.1756267929792017,191.5860490724678,2.177114194005316,35.04683283290265,0.3906185660706554,1.507604794633454,1.4021345441373847,0.7074746797563435,0.24526245061106325,0.4301926200805717,0.5824893344800177,hjorth_mobility,hjorth_complexity,2.768565229452925,0.7489213959255951,-21.66290283203125,-228.515625,96.6796875,-20.5078125,1022.9576169513166,31.983708617846627,1595,eeg_data_level_4.csv,17,TP9,290.0078125,300.00390625
1040.0286150602674,148.57551643718105,190.05542624132417,104.19955261340901,159.1344867780685,436.9873838411529,54.62342298014411,104.53533600050008,29.36964922812495,40.80184296701255,106.37855949711425,13.297319937139282,18.310560104299583,6.187649767586284,14.66768529978129,122.7600608291674,3.230527916557037,8.727446640781924,1.2147245963221762,2.5683009399704706,479.2553970938506,5.446084057884666,220.4796340033111,0.5240571189704708,1.5925646114170344,1.2401310156194603,0.6928901307906461,0.23869439374447557,0.3475318191602284,0.8572726036067329,hjorth_mobility,hjorth_complexity,3.922871179751988,0.9150939226756633,-20.899009704589844,-270.01953125,118.65234375,-19.775390625,1120.7651157383225,33.47783021252008,1595,eeg_data_level_4.csv,17,TP10,290.0078125,300.00390625
899.4924765556204,128.4989252222315,365.90182713886423,21.801837831359684,82.29473438264438,31.508715224337227,3.9385894030421533,10.543415302930395,1.1828383725583482,2.372526697395636,9.91887383783574,1.2398592297294675,1.9225613288803973,0.5538327763833251,1.1921311743209304,60.923141451498445,1.603240564513117,3.7331012540446213,0.5983675996515796,1.3786759290772852,84.79518042938452,0.9635815957884604,2.349341241002551,0.17570547766240974,0.8885868588836885,1.4169703747625906,0.1496963489632155,0.05920500074469574,0.34797325274466534,0.5238681329670446,hjorth_mobility,hjorth_complexity,3.0427681755009783,0.8455360237267135,-16.946029663085938,-74.21875,181.15234375,-21.97265625,690.1752132398542,26.271185988452334,1595,eeg_data_level_5.csv,0,AF7,120.0078125,130.00390625
50.83699252439488,7.262427503484983,13.901424917603476,3.637642260029801,5.477976883798317,24.368772264450985,3.046096533056373,5.917754369112156,0.9909922188775813,2.412130423035629,9.122975226681149,1.1403719033351436,1.5603769226736945,0.8229795282968914,1.1627307879369104,45.716131369969055,1.203056088683396,2.585941023911097,0.5853110703621494,1.160316180356787,57.973366173314986,0.6587882519694884,1.329122579671226,0.18277711296569216,0.6486911374461442,0.8054069062674271,0.4864973145213931,0.232044179042599,1.1385430551458267,1.624471080508712,hjorth_mobility,hjorth_complexity,3.272744839928378,0.8372562203419193,-19.48833465576172,-108.3984375,28.80859375,-18.798828125,124.94597813201835,11.177923695034707,1595,eeg_data_level_5.csv,0,AF8,120.0078125,130.00390625
528.6372137393063,75.51960196275805,98.85684889976382,49.06546271937819,74.29905084801356,275.95437304348945,34.49429663043618,57.7134069774621,18.04118500235132,33.60199159689579,72.11263033389257,9.014078791736571,13.28118217776421,4.276599281802203,9.024074867969865,88.2887025532531,2.323386909296134,7.034076709119381,0.9971929406772061,2.1267071846446575,113.34225356974676,1.2879801542016678,24.76933912203094,0.2330911160629718,0.8712107976272703,1.2719304644548548,0.8535633719522777,0.30937652105729535,0.48331639126853815,0.6275828163160326,hjorth_mobility,hjorth_complexity,2.7597199731287945,0.7592198251739661,-25.40435791015625,-278.80859375,96.6796875,-24.90234375,610.6270453892648,24.710868972767123,1595,eeg_data_level_5.csv,0,TP9,120.0078125,130.00390625
582.0137152513308,83.14481646447584,123.70072542725812,30.474986567121853,95.3947129785885,347.887057206251,43.48588215078137,87.38918513754999,24.003202715281926,40.114136920023036,82.07475250088386,10.259344062610483,24.30252828123269,4.842536783006794,9.078553804868816,86.27751063458696,2.270460806173341,4.562418964576392,0.7984628050969217,2.1709666408712787,249.38020638648155,2.833865981664563,108.6482125133929,0.33836643504373193,0.9102109203830733,1.1599492138935779,0.8551329910878709,0.28439544258046123,0.39739017981131014,0.7998337828351465,hjorth_mobility,hjorth_complexity,3.560215670462627,0.8773484346471253,-22.503280639648438,-267.578125,123.046875,-21.97265625,650.6941046973225,25.508706448922933,1595,eeg_data_level_5.csv,0,TP10,120.0078125,130.00390625
2666.735805771254,380.962257967322,1282.8280067653,58.89858767600789,101.06276028995597,127.37179000258006,15.921473750322507,52.4271033291729,4.342110816859662,8.585612676819476,13.435499552328743,1.6794374440410929,2.4707039255440764,1.1838348422483274,1.511108162214096,59.06931094760855,1.5544555512528566,2.9337373490708583,0.5727098997380686,1.5397659808718687,127.43830143085178,1.4481625162596794,3.8711217183429585,0.5363191074508197,1.2756324752809458,1.2897507362530047,0.19480416072675438,0.03140164969230698,0.13864530444712236,0.30079172882608374,hjorth_mobility,hjorth_complexity,3.100262341607828,0.866855547466538,-16.051483154296875,-98.6328125,324.21875,-24.4140625,2119.9815900763497,46.0432578134557,1595,eeg_data_level_5.csv,1,AF7,130.0078125,140.00390625
510.20293754763566,72.88613393537652,156.40247514656676,18.848529766279725,61.81127549871693,151.4143372120721,18.926792151509012,34.18728128592235,4.836353090010092,18.170029360468234,35.806353769037734,4.475794221129717,7.576800732830043,2.2176473327520996,4.281924973051071,67.75676112585685,1.7830726612067593,2.724373598740868,0.8211903970916797,1.667540873944473,75.53575170061617,0.8583608147797293,2.434008800501173,0.2791746499995565,0.7693569748411659,1.3487777255998994,0.6402732488744016,0.21477516854624684,0.48216153818418556,0.5979845098567427,hjorth_mobility,hjorth_complexity,2.7154936915081405,0.7480142271272296,-19.718551635742188,-114.74609375,75.68359375,-19.53125,379.37437286018394,19.477535081734136,1595,eeg_data_level_5.csv,1,AF8,130.0078125,140.00390625
1449.6768631351229,207.09669473358898,426.7059876889547,38.66542409691509,160.14176767106065,261.1660570126334,32.64575712657918,81.77546748452397,3.801113612938466,24.487198420052025,101.81764961651274,12.727206202064092,21.341115418383207,3.8541962591075265,12.13119639994273,149.86949864317924,3.9439341748205066,7.695462163789584,1.6103449045219942,3.543436047130769,164.6488037066822,1.8710091330304797,28.710056620177664,0.48236901585822445,1.3058007405007215,1.433914499518699,0.478043726352457,0.23661946678392662,0.43151321891728567,0.49929457843519304,hjorth_mobility,hjorth_complexity,2.7376068323184675,0.759604069197066,-24.996376037597656,-229.98046875,240.234375,-24.90234375,963.7242238022736,31.04390799822525,1595,eeg_data_level_5.csv,1,TP9,130.0078125,140.00390625
239.49724487601668,34.21389212514524,51.65426903715675,20.0155947957054,31.84085893914419,101.34189115887722,12.667736394859652,23.49947699049126,5.997135496245402,11.848696253449475,40.793078675057146,5.099134834382143,8.461070215948817,3.9525769321785242,4.447077287801196,117.94757491073035,3.1038835502823776,4.843012562598559,0.5912513094531581,3.0408220847670213,314.47630008044933,3.5735943190960153,131.03522131702385,0.3235567272261464,1.472881845836115,0.8988355548146278,0.49580319188129884,0.2459549554037223,0.7775533282761129,1.4436629034878181,hjorth_mobility,hjorth_complexity,3.591174067597085,0.9222932168504472,-24.199867248535156,-132.32421875,38.57421875,-22.94921875,420.9816801812849,20.517838097160357,1595,eeg_data_level_5.csv,1,TP10,130.0078125,140.00390625
12448.185887844511,1778.312269692073,4746.244076905054,303.09275577588977,1169.9553610200755,817.1389269036731,102.14236586295914,173.27783835057934,32.9354921361159,94.75666822575398,132.71354106745667,16.589192633432084,30.044574443288095,8.310365043239514,11.242551196732352,120.42262220715943,3.169016373872617,7.375868412269491,1.1614064482853825,2.6912029868069496,150.13601426407465,1.7060910711826665,3.9715866817732715,0.3480113580967354,1.5374753577967941,1.483805514613179,0.26172388982736217,0.058464056455440123,0.06643179177031522,0.08887957166909355,hjorth_mobility,hjorth_complexity,2.131706774115511,0.7337999503918342,-26.67522430419922,-652.34375,415.0390625,-25.390625,7226.795904534811,85.01056348792667,1595,eeg_data_level_5.csv,2,AF7,140.0078125,150.00390625
501.78755274972303,71.68393610710329,126.77867910276379,21.00809704113182,67.57114682221574,113.46279971515074,14.182849964393842,20.000898314290982,10.408299166536121,12.56607597156994,31.65606632955488,3.95700829119436,6.332931817819828,2.3502723201613103,3.402387596280663,62.10144570928179,1.6342485712968893,3.837425365031972,0.6678737639152756,1.4617244349289593,86.36002507544403,0.981363921311864,2.085077662479166,0.28151904569080444,0.8772319401793006,1.4111465228571662,0.549569581703427,0.20027648578034635,0.4565025366556631,0.6881182254050714,hjorth_mobility,hjorth_complexity,2.7066484351840097,0.7565100643765014,-20.06359100341797,-130.37109375,82.03125,-19.53125,576.6110639888211,24.0127271251897,1595,eeg_data_level_5.csv,2,AF8,140.0078125,150.00390625
810.4804497564816,115.78292139378308,146.20747547735786,93.86381612152239,110.54592818785812,569.2096983581089,71.15121229476361,122.58360107022776,36.18453924087314,72.64805581490647,167.79504446711456,20.97438055838932,36.48736027155947,10.3588615328762,17.810231335114654,141.14551538727906,3.714355668086291,8.72051079501915,1.2055136453679678,3.1590255315513804,187.0075019411977,2.125085249331792,32.0771573379276,0.5142983281978549,1.5187308574605347,1.1809964890233873,0.9582817030326638,0.3865368448043748,0.4510742693893376,0.6170096769984319,hjorth_mobility,hjorth_complexity,2.7508747168046637,0.7483273941725989,-20.621871948242188,-267.08984375,87.890625,-19.04296875,980.838230898371,31.31833697529885,1595,eeg_data_level_5.csv,2,TP9,140.0078125,150.00390625
985.0832673514362,140.72618105020518,205.78452331610052,100.3776770449134,135.89223342873055,640.227501590902,80.02843769886275,134.9409185083345,37.32018361556308,74.56411109453235,185.3659023222291,23.170737790278636,40.04767647622718,11.751817049197077,18.071664963090853,126.45742071099723,3.3278268608157164,10.619574608018077,0.9909458017873484,2.734803141335335,363.57583967084594,4.1315436326232495,140.52486419219773,0.3968984746765394,1.6571997089635666,1.167578861532497,0.8975863867222275,0.35626226667631766,0.34353523664779045,0.74549300957489,hjorth_mobility,hjorth_complexity,3.1046849697698935,0.8362923356738879,-19.246482849121094,-283.203125,114.74609375,-16.6015625,1295.3372930860496,35.99079456036015,1595,eeg_data_level_5.csv,2,TP10,140.0078125,150.00390625
7942.32299231136,1134.6175703301944,2120.1541167402843,274.88223650666964,1107.1666268441898,359.8704515034187,44.983806437927335,163.62220807942185,3.9325619685283226,19.053227883070303,19.788099530912017,2.473512441364002,2.894819688422039,2.276465035519118,2.4059559609606627,79.19769753863565,2.084149935227254,3.6310271172804685,0.6218299501412813,2.1194564969507463,121.2526077370427,1.3778705424663942,3.6252635072113972,0.5792989777389925,1.2992623674630162,1.673608239967515,0.18763451519585586,0.0178632340636726,0.0724740026146206,0.11633233157501505,hjorth_mobility,hjorth_complexity,3.365620031331751,0.7991981416531692,-11.912155151367188,-68.84765625,568.84765625,-21.484375,3809.625502763083,61.72216378873219,1595,eeg_data_level_5.csv,3,AF7,150.0078125,160.00390625
133.05115884884634,19.007308406978048,37.59520075603294,9.069593641727604,14.69699379348583,41.40706092244691,5.175882615305864,9.417279795337036,3.4189789465174325,4.512805796161588,10.901664148042697,1.362708018505337,1.986142890184689,0.8390413675868642,1.3665745236047333,68.35148007218463,1.7987231597943323,4.7726646866681985,0.6701805529092142,1.5364704912764997,83.10719108405169,0.9443998986824056,2.1339864357634997,0.2991153041732472,0.8570109552268391,1.035356115148223,0.4783911912305986,0.1669409842326559,0.9781883419947223,1.3450072973220504,hjorth_mobility,hjorth_complexity,3.215250673821528,0.8456863558444039,-19.773292541503906,-93.26171875,36.1328125,-19.53125,176.017727026192,13.267167257036899,1595,eeg_data_level_5.csv,3,AF8,150.0078125,160.00390625
388.78060238696514,55.54008605528073,102.09502862665346,14.513855504370111,52.15399828295792,219.19176984449604,27.398971230562005,44.2825262479112,15.045552692271084,23.535785727248964,76.12343807007406,9.515429758759257,17.24794644000793,4.8836927379406525,7.408758008959589,92.37493427288717,2.430919322970715,5.4066188037871115,0.7440968011241755,2.2321907174038693,143.135524073485,1.626540046289602,24.91167189207154,0.29749852698672413,1.0742695882179083,1.1090728696198988,0.804377925034129,0.3623527307000642,0.5741592236949433,0.8911831552969018,hjorth_mobility,hjorth_complexity,2.896821446152821,0.8079583942896708,-21.318435668945312,-200.68359375,70.80078125,-20.99609375,417.63841509236954,20.436203539120704,1595,eeg_data_level_5.csv,3,TP9,150.0078125,160.00390625
458.4008882880902,65.48584118401288,115.73724944928274,12.721901695319753,59.17737319215961,207.3336958037096,25.9167119754637,41.29829461193497,14.835334630647878,21.07071944965925,77.54367524957831,9.69295940619729,19.870336782383234,3.409257523375655,7.976434304170807,102.34423578739913,2.693269362826293,4.702597035374702,1.1264626480310587,2.564763411882625,278.2380166925195,3.1617956442331763,115.55341269186091,0.4999773494985461,1.0729915748664773,1.0863885314716109,0.6702090311823858,0.31399097303393264,0.5329697505945721,1.022307936003191,hjorth_mobility,hjorth_complexity,3.8211507320244844,0.9132834179130588,-21.227645874023438,-217.7734375,78.125,-20.99609375,499.5454380696174,22.35051315002896,1595,eeg_data_level_5.csv,3,TP10,150.0078125,160.00390625
845.9999890533919,120.8571412933417,308.26080582839637,17.147406176258944,79.99715839148607,45.734961640532475,5.716870205066559,11.792651959231755,1.309619417697701,5.445534910329178,13.876384771870173,1.7345480964837716,2.8126109281158898,0.873777192986315,1.6989200928103878,65.39286847842486,1.7208649599585488,3.3728303980547985,0.7110010480671466,1.6972181707923244,142.34257958289362,1.617529313441973,3.582190013061909,0.561845294396092,1.4030312552105124,1.3337753793364864,0.19590211273666217,0.07510150182563699,0.3528200916410882,0.7741885561154933,hjorth_mobility,hjorth_complexity,3.0339229191768475,0.8809800070099182,-28.400421142578125,-220.703125,59.5703125,-24.4140625,697.2984498133883,26.406409256341316,1595,eeg_data_level_5.csv,4,AF7,160.0078125,170.00390625
231.76309998945533,33.1090142842079,68.75933984998709,9.063874179360218,32.57145166746374,54.82043476074378,6.8525543450929725,11.445824023766138,2.3558210384561127,5.962972380191182,18.164131962280152,2.270516495285019,3.3520528703598305,0.8629041632722368,2.180097158062585,70.24829715158856,1.8486393987260148,3.2652287997277507,0.5274442554515845,1.6414200528205822,104.5859715547587,1.1884769494858942,2.5476770378203226,0.3705634872965351,1.089934029379326,1.166143096514064,0.45727153443515994,0.1923010391149741,0.7689818050044838,1.2323630991972507,hjorth_mobility,hjorth_complexity,3.131220738742286,0.831490446779452,-19.99645233154297,-97.65625,44.921875,-20.01953125,253.54561217682203,15.923115655449534,1595,eeg_data_level_5.csv,4,AF8,160.0078125,170.00390625
597.9899033811855,85.42712905445508,115.41512355899376,48.468654031252704,81.02597437235931,364.79593947157724,45.599492433947155,74.5614609021703,21.918786464924228,48.07732499321957,95.73647374402253,11.967059218002817,21.14897412003558,4.2800767395897275,10.138426139922156,120.68287526929336,3.175865138665615,7.102642979368172,1.0187070670862945,2.85720502861518,146.11535654549988,1.660401778926135,26.429701723437038,0.38647276764229976,1.159309701336822,1.1958618189206949,0.8834118827834434,0.32380373752518,0.5263941718579656,0.6627923649071402,hjorth_mobility,hjorth_complexity,2.936625099611409,0.7653992206293557,-21.450042724609375,-246.09375,76.66015625,-20.01953125,702.1288707619533,26.49771444411675,1595,eeg_data_level_5.csv,4,TP9,160.0078125,170.00390625
683.5377594615449,97.64825135164926,141.2309123268102,40.983981392723,97.82597225361445,371.4589701539743,46.43237126924679,67.87808986694574,24.988178708797616,48.34798317397719,96.81770138577423,12.102212673221779,22.48264712740078,6.744449956855185,8.358685660561289,112.08809913964886,2.9496868194644437,5.336290143999318,0.9801549848001359,2.9766045978660114,284.74883923598503,3.2357822640452842,94.01724310610305,0.6505204275182082,1.5722189065814545,1.167452054397055,0.8074977850331169,0.2882392387558386,0.4361226553557897,0.8910722661696308,hjorth_mobility,hjorth_complexity,3.476185735383385,0.8647027778322656,-21.41895294189453,-257.32421875,104.00390625,-20.5078125,808.4530982523574,28.433309660543518,1595,eeg_data_level_5.csv,4,TP10,160.0078125,170.00390625
57.63384812218498,8.233406874597854,21.541876234086587,1.266853544936785,4.377438344002654,9.258701898190008,1.157337737273751,2.12110416921198,0.5629671312024267,0.9743357275611453,10.303739225563168,1.287967403195396,2.0118845094300615,0.6625574868354565,1.3732309625465742,77.67785010739104,2.044153950194501,4.842952094986103,0.5174776926266071,2.002998038629083,131.85340623722874,1.4983341617866903,4.62793537733581,0.5486739886669882,1.361918672179183,0.5797169147082128,0.1588519738838403,0.17405634735613468,1.1894956418108231,2.1602174671831924,hjorth_mobility,hjorth_complexity,3.6088645802453465,0.8925353660905124,-22.735977172851562,-101.07421875,27.34375,-22.94921875,166.57595973811112,12.906430945002228,1595,eeg_data_level_5.csv,5,AF7,170.0078125,180.00390625
77.73069462815555,11.104384946879364,20.995688184572643,4.075190074782573,9.905218724597232,24.931137271300692,3.1163921589125865,5.060938534279328,1.1166863998776186,3.3937871166919806,14.319595848610408,1.789949481076301,2.46328272630087,1.2255840400989577,1.7736631689559699,65.018040392812,1.7110010629687367,4.081038858709331,0.43422380070297695,1.6265819529666077,98.86972689255978,1.1235196237790885,2.5641393198506592,0.3075713299692887,1.068886367625477,0.8078789772876882,0.36170945800924004,0.23746372345841438,1.072356113506242,1.7673159963035738,hjorth_mobility,hjorth_complexity,3.427536825600666,0.8610570995256105,-20.52783966064453,-85.9375,50.78125,-20.5078125,178.30735941970488,13.353177877183576,1595,eeg_data_level_5.csv,5,AF8,170.0078125,180.00390625
251.28065757260333,35.89723679608619,58.097225880736104,20.324922420696268,34.72240844016404,98.26910867368673,12.283638584210841,28.766893176508834,3.741610370895318,10.608969900211314,44.139267565302035,5.517408445662754,8.754882088719311,2.995301519227389,5.646047848570917,104.16298291224714,2.741131129269662,4.19486427613873,1.3013473736006682,2.7003221940175663,134.29961705461423,1.5261320119842525,23.033341685285706,0.2608956295799424,1.1113528562307198,1.0883865956446837,0.5704194425544935,0.31759318763629973,0.8604043168697258,1.138787087928094,hjorth_mobility,hjorth_complexity,2.8393272800459712,0.8004914044375263,-23.383712768554688,-174.8046875,49.8046875,-22.94921875,345.02473994507454,18.57484158600214,1595,eeg_data_level_5.csv,5,TP9,170.0078125,180.00390625
264.85952911694415,37.83707558813488,61.89782714215236,18.481627361927718,33.54232839348484,108.26399648050887,13.532999560063608,26.960756862340816,7.396202880554556,11.55588685751095,34.252530346604566,4.281566293325571,7.189762354012398,2.07701650509088,4.150041134390921,102.46427228426732,2.6964282180070347,5.482528998602882,1.2171032069452383,2.3695339080363635,274.69807788391466,3.1215690668626666,111.32487573305731,0.3599510422722663,1.1787715284370024,0.974964417222376,0.5328207469436799,0.21788741674147763,0.7101246576250754,1.3282529549743431,hjorth_mobility,hjorth_complexity,3.498298876193712,0.9093053519038404,-22.46379852294922,-160.64453125,48.33984375,-21.484375,421.7197105390369,20.535815312254755,1595,eeg_data_level_5.csv,5,TP10,170.0078125,180.00390625
35.78780694747938,5.112543849639912,9.869653622129599,1.39778040690123,4.339821725468484,7.237532298286387,0.9046915372857983,1.1558205040835805,0.5332807869740854,0.955049562199233,5.47060148950164,0.683825186187705,0.9075621213882888,0.5004605082657412,0.6090580503881173,95.89316809174488,2.523504423466971,6.041813412891882,0.29693543834008307,2.0993731806651663,145.27687634251552,1.6508735948013127,4.386714491307732,0.6268640705994437,1.524318584829556,0.43528983848316355,0.12800557990964107,0.10132343747380712,1.3528108774160599,2.2858896071313346,hjorth_mobility,hjorth_complexity,3.922871179751988,0.9069312773915083,-23.137283325195312,-68.359375,27.83203125,-22.94921875,165.64077101065777,12.870150388035789,1595,eeg_data_level_5.csv,6,AF7,180.0078125,190.00390625
56.18884717175929,8.026978167394185,18.23240796913658,4.890605494899152,5.513467524949418,23.396785242101583,2.924598155262698,4.880584806727838,1.5587670142953192,2.6121142408269513,13.826171330662985,1.7282714163328732,2.7032599281452385,0.9917150310973152,1.5596973215554217,81.94751583758077,2.1565135746731783,5.83038858792508,0.6027806939730125,1.8267309941351437,108.286273278183,1.230525832706625,2.8183505153016792,0.3480073848248282,1.12241805002067,0.6385828233488038,0.3472743841337893,0.22935506995061158,1.2708406155474796,1.8954898295824831,hjorth_mobility,hjorth_complexity,3.4319594537627314,0.8415721323971493,-21.27361297607422,-79.1015625,18.06640625,-20.5078125,158.79348266025772,12.601328606946877,1595,eeg_data_level_5.csv,6,AF8,180.0078125,190.00390625
322.21338544487645,46.03048363498235,61.94342304647205,29.991109441843573,48.86530043966316,136.4760087974063,17.05950109967579,27.20469464193659,12.152119276803852,15.888580016064635,47.565139316647574,5.945642414580947,8.953502770457222,4.528373400305995,5.55149367301484,129.07831445931234,3.396797748929272,5.460244752328851,1.8921864979654888,3.190977277073733,165.71349825043862,1.8831079346640751,28.3168255330441,0.4146632069998217,1.380223286955344,1.1049900998684248,0.6274044150251403,0.27926054204642364,0.8396174984658118,1.1119587127193211,hjorth_mobility,hjorth_complexity,3.24178644279392,0.8082916243068416,-23.60668182373047,-152.83203125,59.08203125,-22.94921875,379.13915406534215,19.471495938046008,1595,eeg_data_level_5.csv,6,TP9,180.0078125,190.00390625
238.51712923315978,34.07387560473711,59.223759875021706,19.261112460115367,26.261203270662335,133.8358570991966,16.729482137399575,31.551691234459057,5.6566524125298905,16.164768156056503,33.983732826540475,4.247966603317559,5.290531246556274,2.375823209592319,4.595047976628014,95.11966475486432,2.5031490724964294,5.489304528266025,0.9312020719659395,2.3779215449250675,305.2673683646341,3.4689473677799327,117.09091244993859,0.4465726431921851,1.3873397465633979,0.8810341779798257,0.5955042606470954,0.2108886662316739,0.6445735120058531,1.4466921786272384,hjorth_mobility,hjorth_complexity,3.697317143486654,0.9158932310020814,-23.434066772460938,-131.34765625,49.31640625,-23.4375,414.84440429485403,20.367729483053676,1595,eeg_data_level_5.csv,6,TP10,180.0078125,190.00390625
600.5061458885732,85.78659226979617,196.26774459781012,11.143934019211848,65.55074731941585,28.60033771763492,3.575042214704365,8.085826003598829,2.4399692939046607,2.8228295132230907,13.100268349340986,1.6375335436676233,3.053209396891136,0.8533419609789259,1.5936433072031047,67.15359036160191,1.7671997463579452,3.340167495098862,0.5755361256539779,1.7887837966183815,126.97096098249312,1.4428518293465127,3.37540308639692,0.3870613645468061,1.306461330340566,1.3381753719290377,0.17453754860480378,0.09189187556098444,0.46344982482004143,0.9045066474564877,hjorth_mobility,hjorth_complexity,2.719916319670206,0.8632162484586723,-17.0989990234375,-74.70703125,134.27734375,-19.53125,451.4643084257841,21.2476894844071,1595,eeg_data_level_5.csv,7,AF7,190.0078125,200.00390625
340.18113049157864,48.597304355939805,93.18974203567218,20.281900481782312,44.92207622519731,96.27587611752082,12.034484514690103,23.650376419740976,5.312303395829012,10.481281093448516,23.082457804748284,2.8853072255935355,6.300507540376892,1.2657959385407807,2.2125882328279625,68.53418740657189,1.8035312475413654,3.6519091687661547,0.7471938169304603,1.6610265604951,84.89152099501216,0.9646763749433199,1.9970865137009257,0.2758739708985004,0.8967614771990944,1.299423523973079,0.5801580207309123,0.191864612463979,0.6261473386277202,0.8576443960160557,hjorth_mobility,hjorth_complexity,2.5032075397290026,0.7856805974482879,-20.065689086914062,-105.46875,59.08203125,-20.99609375,335.2168131095823,18.30892714250571,1595,eeg_data_level_5.csv,7,AF8,190.0078125,200.00390625
438.903016910626,62.70043098723228,87.86818824269943,28.6586649555833,65.04305396870339,267.0091818316935,33.37614772896169,44.21236321305932,22.513480077017128,35.0554212282927,49.74500731360356,6.218125914200445,12.12747473957428,3.466875102004062,5.219580372556514,100.8931329144233,2.6550824451164026,5.291463665557584,1.1660488596680691,2.643516495592473,172.61686118712143,1.9615552407627435,33.25810232839076,0.3406529226907954,1.4235964215982397,1.1421543429217365,0.8627830952157693,0.2357278966445485,0.5622057984563937,0.9347595473783676,hjorth_mobility,hjorth_complexity,3.1267981105802205,0.8132539163750371,-22.443389892578125,-226.07421875,83.0078125,-21.484375,550.7758533349261,23.468614218460495,1595,eeg_data_level_5.csv,7,TP9,190.0078125,200.00390625
527.4814431177412,75.35449187396303,92.39329149209397,49.609632728672295,81.50602178431348,281.5129212127894,35.18911515159868,54.85980174056656,20.44115035640845,35.185362412133436,50.673210121588966,6.334151265198621,12.332377420170229,3.703431277435205,5.471314475062549,102.9927231905902,2.7103348208050053,4.9313779392092245,0.9821943868900695,2.5846998434022335,338.24596909653775,3.843704194278838,137.3245745830032,0.2679121811532164,1.4967064834533674,1.1277573117569508,0.7568259244493302,0.20054850733561258,0.4731463096177324,1.0807597132416467,hjorth_mobility,hjorth_complexity,3.5867514394350195,0.9043327498919626,-22.382545471191406,-241.2109375,80.56640625,-20.99609375,675.3175533594913,25.98687271218858,1595,eeg_data_level_5.csv,7,TP10,190.0078125,200.00390625
12360.353167138432,1765.7647381626332,3188.858040326095,616.8710028766384,1591.0328998811574,1404.5128844178912,175.5641105522364,447.9532391018434,53.013843210820106,118.74363875606895,171.59235954211726,21.449044942764658,42.08276025474339,12.422522668435903,17.215510163401625,174.6861335647895,4.597003514862881,8.361399130584651,1.5722279646338333,4.263449861635236,190.43153302324663,2.1639946934459844,4.690820797339169,0.6286800151860449,1.9420700401409587,1.6596388253608756,0.39621353185426367,0.07456044110990115,0.0942629413532147,0.11258499962481544,hjorth_mobility,hjorth_complexity,2.826059395559775,0.6922451258120832,-17.106056213378906,-615.72265625,522.4609375,-23.92578125,8515.67929403245,92.28043830646044,1595,eeg_data_level_5.csv,8,AF7,200.0078125,210.00390625
368.06631576893545,52.580902252705066,81.8701777083058,28.41738343726953,41.719345196415205,91.77117889116177,11.471397361395221,22.080097526175198,3.4112987527351852,11.263140733405164,25.837500888971274,3.2296876111214092,5.564438729411246,1.4328926326567908,2.89994398550262,77.29936129451681,2.034193718276758,3.1481736546605537,0.8067871228026126,2.1138814781576567,129.47920751984347,1.4713546309073122,4.639415820740325,0.3681343186001629,1.3405249716154162,1.2970203553899813,0.5100497385095221,0.18889036172787743,0.6228592058128173,1.0909832418589178,hjorth_mobility,hjorth_complexity,2.852595164532167,0.8150393181595068,-21.492767333984375,-100.5859375,89.35546875,-21.484375,363.2898669457063,19.060164399755482,1595,eeg_data_level_5.csv,8,AF8,200.0078125,210.00390625
660.5811546670983,94.36873638101405,152.63908564911043,58.79534696244988,83.27424414992146,336.1394238917148,42.01742798646435,86.40075144462524,13.958476169638697,36.159860635867396,89.56138110515043,11.195172638143804,27.08189066540622,3.504683777521848,8.78872198654901,119.54555483445364,3.145935653538254,7.191884655436202,1.5268705832585494,2.7303524286299554,201.67893561349229,2.291806086516958,41.7621396567636,0.6134638667302048,1.5136953676356981,1.2046228198779159,0.7724308065185849,0.2859657120703158,0.4961613176310692,0.8068090938870675,hjorth_mobility,hjorth_complexity,3.1135302260940243,0.8006386890834805,-24.717330932617188,-203.61328125,117.67578125,-22.94921875,770.2740338572767,27.75381115914131,1595,eeg_data_level_5.csv,8,TP9,200.0078125,210.00390625
560.077420273139,80.01106003901985,152.69841536255686,36.97476470805304,76.32865995464415,248.41924382806155,31.052405478507694,72.96675049805744,11.7387792555929,23.690416621023225,51.08031695765199,6.3850396197064985,13.290000583572386,2.402605328180428,5.332314648131071,111.28767294027308,2.9286229721124495,6.608630217113109,1.336728913028984,2.8031215157665583,352.706316725593,4.008026326427193,148.63158116426172,0.6703608982914477,1.4350067945656497,1.1222964377364697,0.6502149166902401,0.19431944592390155,0.4935488962014043,1.0686151529224044,hjorth_mobility,hjorth_complexity,3.5867514394350195,0.9149894947376654,-24.31488037109375,-196.77734375,123.53515625,-22.94921875,729.7909236513078,27.014642763718122,1595,eeg_data_level_5.csv,8,TP10,200.0078125,210.00390625
22569.804904164885,3224.2578434521265,9883.252476800952,407.2505016407249,2360.1867626785274,788.8168505375617,98.60210631719521,270.2108643986178,10.415996944465215,71.63416534377956,18.93666507876528,2.36708313484566,4.051680220703479,0.9879050479783797,2.3921159606940123,113.6635748028836,2.9911467053390424,5.549343279301077,1.1870684555895628,2.9089806028880183,174.79346825651362,1.9862894120058365,6.771880294586522,0.34360045005725937,1.7007063048481714,1.5276469113883497,0.1701731154272997,0.00727502152930847,0.04254860577930626,0.06766962609618506,hjorth_mobility,hjorth_complexity,1.698289214233104,0.6740553013620534,-26.58672332763672,-326.66015625,972.65625,-29.052734375,17196.35105688212,131.13485828292232,1595,eeg_data_level_5.csv,9,AF7,210.0078125,220.00390625
1417.127812661914,202.44683038027344,541.9519452767939,53.808255187851486,160.54111530946074,115.07380931084957,14.384226163856196,24.653942394103574,4.623183945476926,12.697351095404116,22.441224073154007,2.805153009144251,4.923623180570848,1.7801018934450081,2.5706918114073383,61.500390412252884,1.6184313266382337,3.075930877451782,0.2988920215170462,1.5504050296356777,95.96679900072873,1.090531806826463,3.0024583752239367,0.2968896686416771,0.9483860353365475,1.5239649282162118,0.30383761565823797,0.08111916281824275,0.2409231853002095,0.39518890421318287,hjorth_mobility,hjorth_complexity,2.096325748818988,0.7650782305235438,-17.99907684326172,-124.51171875,219.23828125,-21.484375,1153.4417350412696,33.96235761900621,1595,eeg_data_level_5.csv,9,AF8,210.0078125,220.00390625
1173.5454264313385,167.64934663304834,203.30265745801677,133.3211230881918,163.18343498137426,665.9674626201668,83.24593282752085,173.71932344121703,32.40832450299034,58.900234155752585,125.26867516344032,15.65858439543004,26.08463708049772,8.331701278150485,12.70358110952306,153.57955240608175,4.041567168581099,9.773995400210076,1.2466102445344989,3.782838515624234,190.92202893711232,2.1695685106490035,29.71657891379677,0.4072079775493899,1.7137299629299163,1.313188286820386,0.9040056033343007,0.2620138923995181,0.40881740633629454,0.5338225532641538,hjorth_mobility,hjorth_complexity,2.5385885650255253,0.7588756852138764,-24.062728881835938,-280.76171875,89.84375,-20.99609375,1061.5764766407665,32.581842744706236,1595,eeg_data_level_5.csv,9,TP9,210.0078125,220.00390625
1033.5714608010771,147.65306582872532,198.38808186899007,103.60353343651354,140.1501462588807,545.9547484391201,68.24434355489001,128.77523188144798,27.56102908128967,46.91687864934987,100.81537264586919,12.601921580733649,18.921033274403722,7.262660839544569,11.560984139209248,106.35736888195224,2.7988781284724276,6.184645360282983,1.0366809154079653,2.646399644855621,376.61751462489445,4.279744484373801,159.18447950785864,0.6072580270159196,1.4764391533836745,1.2541203086904156,0.8229951708928847,0.23336115373138705,0.3174040389889343,0.7708688087044393,hjorth_mobility,hjorth_complexity,3.3523521468455546,0.9023244172039252,-22.94464111328125,-234.86328125,96.19140625,-20.99609375,1025.0672488473356,32.01667142048554,1595,eeg_data_level_5.csv,9,TP10,210.0078125,220.00390625
13863.170713612597,1980.4529590875138,4527.122380275613,269.3986822998577,1433.56374161605,796.52778564031,99.56597320503874,232.58067076147648,25.167580301225666,96.29832302787548,53.75518307361117,6.719397884201396,12.988192391466496,3.9572308238032843,6.235150147945357,104.56412253728637,2.7516874351917466,6.504759609098433,0.854481462561619,2.4910607369530835,140.26488278947508,1.5939191226076714,3.4667151584445137,0.3861388564965149,1.4602138896227792,1.5070052610534936,0.23535094691136813,0.024995107399077208,0.05409630025952238,0.07701813523748041,hjorth_mobility,hjorth_complexity,2.47667177075661,0.738454080963935,-27.081298828125,-208.49609375,716.30859375,-28.3203125,6701.51025056839,81.86275252255075,1595,eeg_data_level_5.csv,10,AF7,220.0078125,230.00390625
446.4255190384456,63.77507414834937,107.07491414979032,23.34329244770258,62.45935210408301,131.85170620532983,16.48146327566623,32.54740157097302,3.172792476935127,13.461061424394561,39.076445812074255,4.884555726509282,10.067895751529612,2.810848725367148,3.5801806648495194,89.00878599013242,2.3423364734245373,4.721841622425505,0.8034908115568443,2.3280213935890415,109.1950061797715,1.240852342951949,2.6767764271055725,0.3338298569544378,1.201876695010932,1.2594126289081091,0.5619771307488393,0.22459012610659898,0.591010638882022,0.8048171149327275,hjorth_mobility,hjorth_complexity,2.6358863845909637,0.7877980525858491,-24.173355102539062,-111.81640625,72.265625,-23.92578125,437.8089563397225,20.92388482905893,1595,eeg_data_level_5.csv,10,AF8,220.0078125,230.00390625
660.8675534329104,94.40965049041577,172.58477035925625,64.27259574536522,75.03473472521496,229.9695555420021,28.746194442750262,53.22332657519673,13.647827034942477,23.24799472015236,62.04457170881946,7.755571463602433,13.675757300348616,4.449821517627093,7.02090296875676,143.3008715621858,3.771075567425942,8.058819740236935,1.5805299648861189,3.574421002985226,166.94999182838953,1.897158998049881,30.209286910497163,0.37389806773875645,1.3355843361474884,1.2955583282014322,0.6460696411571409,0.2395914232402416,0.6338352542021657,0.7705786219482739,hjorth_mobility,hjorth_complexity,2.7154936915081405,0.7826115486349651,-19.443702697753906,-187.5,57.12890625,-17.08984375,651.0025544775999,25.514751703232385,1595,eeg_data_level_5.csv,10,TP9,220.0078125,230.00390625
351.1771868577961,50.16816955111373,95.55280493543705,23.237573856537047,34.89330756738886,148.28501677899024,18.53562709737378,34.95507946599373,7.585674606582692,15.422806415480403,57.132831900620566,7.141603987577571,11.682328563158208,4.558858442141257,6.514546464684166,116.05687124852605,3.0541281907506854,6.167433162910522,1.041324011423319,3.001096895340939,383.30778291950463,4.355770260448916,169.3935666490264,0.46643180439476706,1.3476864899124767,0.9295881192366828,0.5297408708506928,0.2564835525530584,0.6051522925532573,1.269369711539691,hjorth_mobility,hjorth_complexity,3.5071441325178427,0.9342706432063208,-21.16107940673828,-137.20703125,57.12890625,-20.01953125,562.6943637253135,23.721179644472013,1595,eeg_data_level_5.csv,10,TP10,220.0078125,230.00390625
5978.431477302632,854.0616396146617,2101.171060703059,19.130746783779195,485.3755900973817,57.9302014617202,7.241275182715025,17.28230780437921,1.3708240091808306,3.5537102116605124,25.418049151936682,3.1772561439920852,5.617511686730072,1.8176957054366563,2.371094231366028,85.64469366369106,2.25380772799187,4.5552516889629375,0.9373630031354987,2.287187762078891,138.39002252905402,1.5726138923756139,3.7978054321660846,0.36647510351362467,1.4139157378637126,1.3322576958500196,0.05417626592112737,0.02769157763278414,0.09801808669559596,0.16467710387848383,hjorth_mobility,hjorth_complexity,2.843749908208036,0.828797112176687,-20.61786651611328,-120.60546875,384.27734375,-30.2734375,3483.3456342676072,59.01987490894577,1595,eeg_data_level_5.csv,11,AF7,230.0078125,240.00390625
193.26002752010243,27.608575360014633,51.262471783391135,9.342750842046032,20.059748012492182,52.938550311966864,6.617318788995858,13.574253241897132,2.7557327970778056,5.901609857370499,11.46751945327552,1.43343993165944,2.4471553592219526,0.5471501520118905,1.4185135841740402,79.24362434347478,2.0853585353545996,4.499355916010176,0.6189093159275033,1.8866017795707846,112.50247490558696,1.2784372148362155,2.897079033850588,0.41602214216027517,1.1891746469158613,1.0832111549836334,0.4600906253938104,0.13675467855918944,0.8754167641502203,1.367056966815217,hjorth_mobility,hjorth_complexity,2.9720061249079324,0.8404976979846982,-18.969345092773438,-93.75,92.28515625,-20.01953125,296.2952292000409,17.213228320104307,1595,eeg_data_level_5.csv,11,AF8,230.0078125,240.00390625
547.998303394664,78.28547191352344,137.04974734070615,39.908987342136044,60.96187270260306,114.26283024852705,14.282853781065882,24.05860922733653,8.842758775032596,13.307159299972742,64.19567864043674,8.024459830054592,13.103740276771966,5.072282274230586,7.88015489928288,117.53595663714087,3.0930514904510757,6.581068808259911,1.1292039157738818,2.908100734237179,187.66178011020224,2.1325202285250255,33.94514277344789,0.5485959861264189,1.426899871298945,1.261517948958238,0.4471060741542232,0.2844356309621251,0.6196383103215017,0.9761671198062406,hjorth_mobility,hjorth_complexity,2.7597199731287945,0.7815725903840003,-25.902557373046875,-277.83203125,98.6328125,-23.4375,812.6998314401135,28.50789068731872,1595,eeg_data_level_5.csv,11,TP9,230.0078125,240.00390625
308.4455641941188,44.06365202773126,84.48081503373092,13.726097052326152,37.38021863969928,65.3817765426027,8.172722067825337,11.810664251083306,2.9970792422608805,9.139734916291378,25.720478355424106,3.2150597944280133,5.147302629690186,1.8990546756952797,3.0889117282639766,108.2928196707895,2.8498110439681446,6.418241307911777,1.2327178573473212,2.6336884402628384,373.9877316044425,4.249860586414119,159.83329376968555,0.355049646363583,1.425572445219597,0.9422325433695088,0.3250508486132091,0.1549888459458392,0.6618500634482054,1.4699639969493412,hjorth_mobility,hjorth_complexity,3.852109129158942,0.9316428490283021,-23.645401000976562,-194.3359375,83.49609375,-22.4609375,631.7490617220756,25.13461879006872,1595,eeg_data_level_5.csv,11,TP10,230.0078125,240.00390625
5063.322717189946,723.3318167414209,1573.35082599895,54.846852936194836,576.4070034172831,217.5958396963992,27.1994799620499,60.84317097152197,4.130714135632939,24.294453426901242,20.82537774759002,2.6031722184487527,4.17680728052059,0.8566098770262639,2.5627563801107613,104.62202899620654,2.7532112893738563,4.316998979954661,0.8179130816774255,3.0304999892663727,159.85925475844755,1.816582440436904,5.222961813358432,0.37677069515183903,1.4797805725226003,1.501948027630326,0.18701163315514274,0.027133423084398735,0.13568900976664253,0.21762922546529245,hjorth_mobility,hjorth_complexity,2.923357215125213,0.795764506174113,-23.767471313476562,-485.3515625,233.3984375,-21.97265625,3200.5992623453494,56.573839027816994,1595,eeg_data_level_5.csv,12,AF7,240.0078125,250.00390625
968.3821280343212,138.34030400490303,218.20118943609683,79.46904732442378,122.0603919077027,150.4270450300928,18.8033806287616,35.380356174147785,5.4724616051070525,14.841665190778777,22.129129949902563,2.7661412437378203,4.625109439197273,1.393983961680577,2.8571430750904363,82.51270194942566,2.1713868934059386,4.184422900874688,0.9672649773453643,1.992963550421562,121.05689090456329,1.3756464875518555,2.8626876290081067,0.513869869462844,1.2819693966229389,1.5575979618764293,0.44912891653682624,0.09831351867690918,0.38144097671710653,0.5990190386418628,hjorth_mobility,hjorth_complexity,2.768565229452925,0.8215176293406659,-22.258758544921875,-182.12890625,149.90234375,-22.94921875,676.5629252186045,26.01082323223555,1595,eeg_data_level_5.csv,12,AF8,240.0078125,250.00390625
1381.6774117980792,197.3824873997256,301.2890311692119,106.01054999791563,184.81822457410465,741.8705050959688,92.7338131369961,207.02339350187762,46.05767311187978,81.9515389538292,146.82087033305748,18.352608791632186,34.25759306114179,6.8237395238368395,17.68243209124277,121.90316876434662,3.2079781253775423,6.703143355176039,1.4015949579195097,2.8456294330702474,204.73452715242695,2.3265287176412155,36.58855756575236,0.5463801914746265,1.4695163051689908,1.321100886805594,0.9049347476007448,0.2703590967067159,0.30450545142212243,0.5029747746954539,hjorth_mobility,hjorth_complexity,2.7729878576149902,0.7629692879572574,-23.33660125732422,-268.5546875,100.09765625,-22.4609375,1195.88875091722,34.581624469032974,1595,eeg_data_level_5.csv,12,TP9,240.0078125,250.00390625
1205.9643505291897,172.28062150416994,275.6383179935291,60.226989340424566,175.2075124896029,733.8505961693,91.7313245211625,209.3849476841757,44.16200477402694,81.62621065643475,120.92495344271717,15.115619180339646,35.75418019597114,3.9649764476058604,10.791957161023419,115.96752876215164,3.051777072688201,5.821303982372788,0.9975347705018748,2.926611626505727,390.1102533397773,4.433071060679287,159.60504008264235,0.5701546486947149,1.7306183847460694,1.2217005754985624,0.9094361021925976,0.23049898924663045,0.29758926439212724,0.7159293365264034,hjorth_mobility,hjorth_complexity,3.838841244672746,0.8916986792457509,-23.284149169921875,-306.15234375,124.0234375,-21.484375,1159.2307587852702,34.04747800917522,1595,eeg_data_level_5.csv,12,TP10,240.0078125,250.00390625
7796.371434510884,1113.767347787269,4127.185427687245,71.51688633571699,253.476578612408,217.42457460092749,27.178071825115936,71.6545375570441,8.687579222912875,17.832229639475035,31.96092257384531,3.9951153217306636,8.778764310309167,1.4630742304282685,3.2929613298793607,119.85863227615572,3.154174533583045,6.576066144920281,1.0757894410417113,3.024479525810631,257.4720436518161,2.9258186778615465,7.133472007157533,0.835471263175007,2.5555540618711636,1.1145817706180874,0.12582477063850406,0.02505746082120649,0.09754823980338465,0.21087709050212908,hjorth_mobility,hjorth_complexity,2.5253206805393296,0.8385262270170312,-20.934104919433594,-298.33984375,294.43359375,-22.94921875,4580.610593802703,67.68020828722902,1595,eeg_data_level_5.csv,13,AF7,250.0078125,260.00390625
657.7632947483651,93.96618496405215,143.64853983446616,42.456234317401645,88.63507787773055,164.4097341712697,20.55121677140871,31.83970556992022,8.858088568490798,18.874750350746332,33.23993233903846,4.154991542379808,7.4647081122750825,2.7579231301048894,3.6462420786645797,105.16766342418686,2.7675700901101803,5.976574652081849,1.0995610731850627,2.471158931533017,175.2747431717248,1.9917584451332362,4.564886386266957,0.5936079070832515,1.8374438995018603,1.3580853403228064,0.5450012723191566,0.15520578858814318,0.5243872606994837,0.9193334941148799,hjorth_mobility,hjorth_complexity,2.697803178859879,0.8109612488178709,-20.307159423828125,-126.953125,125.0,-20.01953125,635.0360525539145,25.19992167753532,1595,eeg_data_level_5.csv,13,AF8,250.0078125,260.00390625
1807.3279295961124,258.18970422801607,396.9679773295552,162.244625213637,257.50975475720867,927.1703029620862,115.89628787026078,203.4942364216926,54.17114123962795,104.38563513274694,231.01806700900755,28.877258376125944,41.34897313391906,11.472955826160229,30.135226636190467,195.64119958478582,5.148452620652258,12.779403835532579,1.5959899574922165,4.421481194355939,270.2395162951384,3.0709035942629366,32.1434069068524,1.1939273772420664,2.492403890793943,1.3244916882482658,0.8661959038735796,0.311350356087599,0.35693548218706417,0.5205470655924181,hjorth_mobility,hjorth_complexity,2.5164754242151988,0.7023400172718248,-21.607398986816406,-286.62109375,176.26953125,-20.01953125,1945.9709981674678,44.11316128059139,1595,eeg_data_level_5.csv,13,TP9,250.0078125,260.00390625
1684.0806821892934,240.58295459847048,380.89998830106185,112.63014102847157,234.19120843188523,862.9496656318515,107.86870820398144,194.7018315624525,58.54967831123732,84.69945790510442,205.67295627957844,25.709119534947305,37.85091003250939,15.02298177762307,25.559095796369107,183.39876585272353,4.826283311913777,9.299459595326944,1.733136750302484,4.759811061319434,466.8308580640178,5.304896114363839,118.93158967281471,0.9687378280525019,3.1748090518123284,1.2541009952097806,0.8353313557954073,0.28606133017136504,0.34157305824396245,0.7568607894278088,hjorth_mobility,hjorth_complexity,3.0560360599871745,0.7939428278122512,-22.341537475585938,-253.41796875,154.78515625,-20.01953125,1914.8928041977342,43.75948816197162,1595,eeg_data_level_5.csv,13,TP10,250.0078125,260.00390625
312.5542993034231,44.6506141862033,104.1686332987096,11.232685055258692,41.650153267601134,31.722283761519407,3.965285470189926,7.267156767720493,1.438670593008773,2.960739719677589,8.0043749097825,1.0005468637228125,1.1661516318573164,0.737251144616195,1.0619447285943235,93.73233761521175,2.4666404635582038,6.731044719670602,0.4711936948966184,1.995507413014968,189.65521516418215,2.155172899592979,6.690823966524186,0.4229090461742653,2.021969454654796,1.1191676188628992,0.2302151753062908,0.07591124125805472,0.7341118751365742,1.5571350009908818,hjorth_mobility,hjorth_complexity,3.6486682337039347,0.9201396395403415,-17.67120361328125,-72.75390625,128.90625,-19.53125,394.338087644428,19.85794771985333,1595,eeg_data_level_5.csv,14,AF7,260.0078125,270.00390625
186.8116815929563,26.687383084708042,42.40928711330703,10.414567310342498,24.869066899718778,60.21512670099558,7.526890837624448,10.503269718979869,3.765973196636793,7.266284430088576,16.05135229945627,2.0064190374320336,2.7855908018142883,0.8606321490392177,2.1476661160409947,85.96405668315926,2.262212017977875,6.602600894309052,0.6399332430308177,1.9245759598172336,114.58599208217379,1.3021135463883384,3.2542479615328554,0.4297747760367881,1.2047598491733869,1.0821237569009774,0.5076857407270601,0.17812578111553945,0.9125738303736912,1.3637368319574446,hjorth_mobility,hjorth_complexity,3.2285185583077243,0.8458763753689078,-18.245506286621094,-87.40234375,48.828125,-18.5546875,241.81647018849617,15.55044919571445,1595,eeg_data_level_5.csv,14,AF8,260.0078125,270.00390625
1023.634624511228,146.23351778731828,182.35850770555365,112.18770225793202,149.27435419626647,579.901382783598,72.48767284794975,142.78067095392686,26.949160525744826,71.35978816938179,107.41374653876878,13.426718317346097,25.18514262994437,5.891051189451391,12.296303926651195,121.06153123807506,3.185829769423028,6.691725113237126,0.8668873340963563,3.205969225707322,165.92086009593285,1.8854643192719642,32.51935015702195,0.3638890185904699,1.1996115252889725,1.3166688004247533,0.9156733932426755,0.2586412424056992,0.3781003865923806,0.5195029052113489,hjorth_mobility,hjorth_complexity,2.834904651883906,0.7449600975831554,-23.040199279785156,-248.53515625,91.30859375,-20.5078125,1073.2291379463277,32.76017609760863,1595,eeg_data_level_5.csv,14,TP9,260.0078125,270.00390625
647.6458679516077,92.5208382788011,139.30024542645717,36.19681788936379,101.3388736820202,521.136542803308,65.1420678504135,114.99267182911152,26.22142042669686,62.39901362890019,99.61188321856866,12.451485402321083,22.368593063499382,5.517638951229149,11.913495486002908,111.8746843158685,2.9440706398912764,5.430136779650726,1.0404450730178871,3.115250978039001,308.0753497589768,3.5008562472611002,126.47322494510419,0.343294778813098,1.2760432205927663,1.077684658880827,0.9651396251675997,0.2815346389026956,0.4104375414307912,0.8142324908315257,hjorth_mobility,hjorth_complexity,3.533679901490235,0.8615343656965604,-21.68426513671875,-248.53515625,96.6796875,-20.99609375,881.5678744576871,29.691208706579918,1595,eeg_data_level_5.csv,14,TP10,260.0078125,270.00390625
8356.22814242658,1193.7468774895115,3127.936636332697,242.72499248920207,511.15647770107756,386.97890652878397,48.372363316097996,167.224014479411,8.036605536474418,20.380537073536527,66.01036262565718,8.251295328207148,13.816078699140848,4.174203337570956,7.543143837230428,148.71511541442723,3.9135556688007167,7.708509222362508,1.336052875998445,3.7656202689974174,212.8817895839201,2.4191112452718193,5.021062311720132,0.8041803197257908,2.2343405604268036,1.4409980192280996,0.18946914012695218,0.04699007096808713,0.11707498787933068,0.1779347407480752,hjorth_mobility,hjorth_complexity,2.428022860973891,0.7837031233834749,-26.542282104492188,-479.00390625,462.40234375,-27.34375,6280.797795479884,79.25148450016495,1595,eeg_data_level_5.csv,15,AF7,270.0078125,280.00390625
1160.026770067104,165.7181100095863,253.01062729697924,73.63010605148173,167.89755743609157,280.84448129184636,35.105560161480796,69.25164616469505,8.183339357028037,31.77613776374303,52.79082125950895,6.598852657438619,10.150710473057222,3.8227991961700365,6.505512558695956,100.88500698263951,2.654868604806303,4.552276924980877,1.4401936449262278,2.5519843619230134,168.71800018356902,1.9172500020860115,3.9913043875551333,0.4908694112236767,1.7888610395845226,1.4727659479101123,0.5700113831713662,0.16065127806295687,0.3581772540756263,0.6242158633194194,hjorth_mobility,hjorth_complexity,2.6756900380495523,0.8037861017943129,-23.225784301757812,-232.91015625,110.83984375,-21.97265625,971.0644102597144,31.161906396427582,1595,eeg_data_level_5.csv,15,AF8,270.0078125,280.00390625
1565.2921704007185,223.61316720010265,335.01161978144347,51.06051095629935,236.35728920373083,979.4182135582032,122.4272766947754,176.50754654783472,62.51210328966077,128.8190927695524,223.9441387545615,27.993017344320187,52.3693691719022,14.676326274951641,26.90530477319527,185.51206964839815,4.881896569694688,12.455995300245267,1.7075274392534854,4.265575449620647,185.2346604395565,2.1049393231767786,27.874013473443643,0.3906304359295348,1.7071563091947075,1.254862268644514,0.9852387870139303,0.327784217330632,0.3700641733051811,0.40245742413496244,hjorth_mobility,hjorth_complexity,2.4678265144324794,0.6941941300172487,-21.2646484375,-297.8515625,126.953125,-20.5078125,1612.4141961336136,40.15487761323167,1595,eeg_data_level_5.csv,15,TP9,270.0078125,280.00390625
1588.8379347387668,226.97684781982383,330.7475713654494,156.65922857142652,200.18914953105852,966.5039716217344,120.8129964527168,207.81378910308186,61.98437894377548,117.07819240844326,195.01513544208544,24.37689193026068,47.61045612758753,10.030319156798177,24.614384864372386,170.76294349832335,4.493761671008509,12.938874914777683,1.6162101453842395,3.9116938810386612,328.53202957087194,3.7333185178508175,124.71796596215601,0.8393456200153717,1.5942184804784842,1.2717825424338196,0.9426078159438548,0.2833884595322136,0.33486835077450744,0.5315991698061918,hjorth_mobility,hjorth_complexity,3.1135302260940243,0.8151241246428171,-21.60205841064453,-399.90234375,115.234375,-19.53125,1670.7575221880688,40.87490088291431,1595,eeg_data_level_5.csv,15,TP10,270.0078125,280.00390625
2354.8682485024224,336.40974978606033,1148.2602841948365,36.18908953139344,95.0981721747557,92.94572655561144,11.61821581945143,19.675106087085723,4.256339490357181,12.034079060776339,19.956982028327044,2.4946227535408805,4.607391821475294,0.6349146102786605,2.7198199825495144,112.94971865988622,2.9723610173654267,8.272851048124112,0.8292696686424897,2.6851105629266305,201.31486582277643,2.2876689298042776,6.976251356915932,0.5564195934093492,2.0398876924045064,1.2158162151377339,0.16068048879147995,0.04356515593663993,0.24288388111481551,0.4515940148212353,hjorth_mobility,hjorth_complexity,2.6933805506978135,0.8617014225074362,-16.724205017089844,-183.10546875,218.26171875,-23.4375,2037.8810815964243,45.142896247321396,1595,eeg_data_level_5.csv,16,AF7,280.0078125,290.00390625
577.7102136541383,82.53003052201976,167.4369792816794,29.943406034761544,62.05319876165002,167.57104334021415,20.94638041752677,65.83442991162113,4.180091982095433,19.007415047341894,46.00130638215572,5.750163297769465,9.267041966743399,3.1968391010355233,5.024970445732304,93.53040801106546,2.4613265266069857,4.891023024736292,0.9764927442381879,2.286446014734953,132.2337585159105,1.5026563467717102,3.4727936284068037,0.5269461534955824,1.4173652897958648,1.30233488102616,0.5752045034085994,0.22367972321925159,0.5335930262319677,0.8125569955779058,hjorth_mobility,hjorth_complexity,2.9941192657182594,0.804412018172665,-21.755599975585938,-122.55859375,103.515625,-21.97265625,515.2063559216913,22.69815754464867,1595,eeg_data_level_5.csv,16,AF8,280.0078125,290.00390625
714.5854699835741,102.08363856908201,146.00441112131205,52.05843473725895,120.05595683004928,376.4466288684216,47.0558286085527,72.25824572548771,26.259022744553512,46.279209576574175,118.08484479610227,14.760605599512784,21.454543733695825,6.224663200725113,15.885775426879075,130.86818008982434,3.4438994760480086,7.142051706675947,1.4658288207857353,3.3399534947401213,186.35020704616738,2.117615989160993,35.667955924131256,0.5966597366327215,1.4067122672185057,1.210837923617379,0.8277922387416365,0.34665698218908036,0.5060681744807279,0.7205150623311034,hjorth_mobility,hjorth_complexity,2.6314637564288983,0.792445554607846,-23.758697509765625,-285.64453125,59.5703125,-21.484375,729.7579426085576,27.014032327820992,1595,eeg_data_level_5.csv,16,TP9,280.0078125,290.00390625
411.8041206661173,58.829160095159615,92.10104309808122,22.593817443504314,57.62914396801217,282.5670079021717,35.320875987771466,53.865116511137856,20.160053234192095,36.564319202667235,86.37808839447823,10.797261049309778,17.40083953389463,4.890605264512766,11.62936955260327,121.14686863317178,3.1880754903466255,7.30469895791254,1.0340755979723424,2.847385762605558,326.56014454734606,3.7109107334925686,131.0977023285758,0.4303908619147132,1.4209047395035177,0.9823294941043534,0.7876146103183317,0.3219720785796084,0.5637876450123868,1.090504910913332,hjorth_mobility,hjorth_complexity,3.520412017004039,0.9027656669083427,-23.58551025390625,-231.4453125,78.125,-21.97265625,573.5995969735086,23.949939393942287,1595,eeg_data_level_5.csv,16,TP10,280.0078125,290.00390625
1033.4516229066849,147.63594612952642,370.9099517418101,34.24278450713928,109.01948543323944,59.91312919339755,7.489141149174694,23.005466582219338,1.937346220613337,5.453998021234551,8.97092161773142,1.1213652022164275,1.8967102099383517,0.6136624287348534,1.083632718861348,103.95561341734427,2.7356740372985335,8.13548975298037,0.6565703025977401,2.3601653061961105,244.4863553781114,2.7782540383876295,8.781776536311288,0.7002132750133104,2.2711241933191495,1.4179438140622802,0.19646974402289533,0.04237683673281032,0.42345166046909866,0.9947782081348686,hjorth_mobility,hjorth_complexity,3.3037032370628356,0.900782490317673,-22.693634033203125,-267.08984375,58.59375,-19.53125,920.8985225996003,30.3463098679164,1595,eeg_data_level_5.csv,17,AF7,290.0078125,300.00390625
633.0534239581929,90.43620342259898,132.62641289294527,41.59784243150433,87.43532826403941,220.4473334511667,27.55591668139584,68.3721409599441,9.926229947714956,12.918459014287363,35.36561928506042,4.420702410632552,5.8822919112019765,2.407038215556099,4.732869187861958,111.30126582490138,2.928980679602668,4.555292118909757,0.8194811779270431,2.736969719827399,174.0717052649317,1.9780875598287693,5.866505589615652,0.3134336564867205,1.9651736504525923,1.3175201247711203,0.6223255451147279,0.16060720952485502,0.5403321636784523,0.892488452730083,hjorth_mobility,hjorth_complexity,3.029500291014782,0.8169184709132715,-20.75042724609375,-192.87109375,99.609375,-20.01953125,572.9529983364046,23.936436625705266,1595,eeg_data_level_5.csv,17,AF8,290.0078125,300.00390625
1020.3171716900033,145.75959595571476,206.84519742249756,81.8017511676243,139.90076082068373,418.906860101255,52.363357512656876,86.2264192478473,22.128897122519188,56.09907848781598,63.96384416830715,7.9954805210383935,16.97049942015759,4.311931036832564,6.7484578379828015,138.45583704438874,3.6435746590628617,6.933262302739826,2.1827745246905583,3.3557524088598565,186.9427972703544,2.1243499689812997,31.46238419926197,0.42491256271239375,1.6392772273521126,1.3597838900788763,0.7737805299210104,0.18162135579853023,0.45482030974835147,0.6299434874198129,hjorth_mobility,hjorth_complexity,2.9941192657182594,0.780148852407972,-22.300338745117188,-233.88671875,131.8359375,-21.484375,836.5911488363054,28.923885438099518,1595,eeg_data_level_5.csv,17,TP9,290.0078125,300.00390625
999.503976107864,142.78628230112344,209.91640537745945,41.55047026052577,165.05047218630182,387.1671106710736,48.3958888338842,90.94035438706528,15.149467700457276,45.61275697384158,56.31191267701319,7.038989084626649,16.664522437004454,2.495291980924266,5.445990163150968,139.98356088213316,3.6837779179508727,8.33614222244445,1.3773778545639934,3.6180517413193023,344.4352740155955,3.914037204722676,134.83290980074568,0.6107077608447022,1.679483875390192,1.285960091121967,0.6876249473264595,0.15562544175203305,0.43996332745842054,0.8274712343588941,hjorth_mobility,hjorth_complexity,3.6707813745142617,0.8846070252944103,-22.813987731933594,-297.36328125,107.91015625,-21.484375,890.7477036336786,29.845396690841262,1595,eeg_data_level_5.csv,17,TP10,290.0078125,300.00390625
135.7608847156953,19.39441210224219,29.514657359198413,6.30435815619023,22.04127819541727,35.73158187930519,4.466447734913149,13.025766087893928,1.4202387933816751,3.2286470882526053,9.641245864690656,1.205155733086332,2.868565042959207,0.42905076683648363,0.9005727666598435,27.956727938105352,0.7357033667922461,1.6449098104125792,0.27339923054080806,0.6304127210319888,44.200592293624624,0.502279457882098,1.4830656469853105,0.17617952350844926,0.4449206184743193,1.2829057626769251,0.5119245325316693,0.18805967791423922,0.6032720061207967,1.0150005370267348,hjorth_mobility,hjorth_complexity,2.9322024714493438,0.8102687310553658,-23.900985717773438,-74.70703125,49.8046875,-23.4375,131.71410173526965,11.476676423741747,1595,eeg_data_level_6.csv,0,AF7,120.0078125,130.00390625
804.5492175334144,114.93560250477348,183.95549275723408,53.68957850250846,131.99548669118408,120.67894672183644,15.084868340229555,45.38546317105139,1.9070719141480466,9.584551366321499,17.654766749435044,2.2068458436793805,6.720980912831717,0.5461294261026203,1.3190554505973724,38.874939493155004,1.023024723504079,2.306036351796913,0.5083450739451745,1.001130188813266,53.86124597603913,0.612059613364081,1.1567201022016655,0.18899192437560924,0.5619505952655672,1.6246949681186826,0.4445682214734185,0.09767279189573119,0.2526167881307464,0.3751356544292131,hjorth_mobility,hjorth_complexity,2.5430111931875907,0.7602386772907612,-23.29883575439453,-175.78125,89.35546875,-22.4609375,510.1727827786817,22.5870047323385,1595,eeg_data_level_6.csv,0,AF8,120.0078125,130.00390625
10088.772889679416,1441.2532699542023,5457.134829669917,112.71213061225589,621.2419893747299,720.8160124470883,90.10200155588603,174.79179072253842,32.659535602267084,94.22293856932282,139.11341531658633,17.38917691457329,28.78896271919493,6.640879631363221,18.562626511980618,124.80278636639503,3.2842838517472375,8.701497282791074,1.048435865147774,2.867402607880801,206.0312839046157,2.3412645898251783,26.2006838079463,0.6691761142783356,1.7739709559593124,1.2016212658408876,0.27584761049912093,0.07243275574664967,0.08098879360697214,0.13620309221170135,hjorth_mobility,hjorth_complexity,1.791164405636477,0.7415116151356835,10.915565490722656,-300.78125,410.64453125,-15.13671875,9890.903181767497,99.45301997308829,1595,eeg_data_level_6.csv,0,TP9,120.0078125,130.00390625
16259.152648920372,2322.7360927029104,7594.576853932154,99.10828641759596,602.228580679349,581.3548081226559,72.66935101533198,175.49460669907253,21.398500656359335,46.2650479651345,117.0496364744623,14.631204559307788,26.173377713729938,3.745295653630716,16.32548909364122,123.17515416459771,3.24145142538415,9.5269973765786,1.0623607165348337,2.719022899567106,268.41973580223146,3.050224270479903,33.65079624542694,0.7694467474880905,2.210458826386213,1.1448229873188585,0.15474626273238973,0.0408741329544836,0.052220215019990315,0.11165558973501424,hjorth_mobility,hjorth_complexity,2.321879785084322,0.8244992351276903,-6.271934509277344,-366.69921875,719.7265625,-34.66796875,13264.575734174286,115.1719398732794,1595,eeg_data_level_6.csv,0,TP10,120.0078125,130.00390625
140.22489946172544,20.032128494532206,30.20597838070536,12.935344369790037,21.57002480078866,31.036611953265748,3.8795764941582185,6.580706016086725,1.9556653827146855,3.365265408271993,10.483894751540271,1.310486843942534,1.8615452861430342,0.9121270873950666,1.3052363323497684,25.963786062317194,0.6832575279557156,1.3085254392116221,0.2801850605137781,0.6237834124117043,32.186071252315955,0.3657508096854086,0.960852299155632,0.1251192098775239,0.33985840848086124,1.37398079065643,0.497116440085623,0.2155504414693094,0.5958037673825403,0.8130216811345119,hjorth_mobility,hjorth_complexity,2.6801126662116177,0.793133886256506,-20.697021484375,-70.3125,79.58984375,-20.99609375,119.60823088884354,10.936554799791548,1595,eeg_data_level_6.csv,1,AF7,130.0078125,140.00390625
509.3294055018445,72.76134364312064,92.4794720350235,54.95868828582444,68.47452243422123,157.0263880580864,19.6282985072608,37.37691786079837,5.2775730395195515,15.141816302526788,17.388148681737736,2.173518585217217,3.5191641941680896,1.0075712018874896,2.0258974086667774,43.10629255340811,1.1343761198265292,2.6604060862981527,0.5426726791905979,0.9740041955801844,55.76141131263381,0.6336524012799297,1.549802396892497,0.16989267741262382,0.6430139697288415,1.5064676706988498,0.6842029075010919,0.12570027146182547,0.3461491248407269,0.4862819379232499,hjorth_mobility,hjorth_complexity,2.3174571569222566,0.7587590955146234,-20.47290802001953,-156.73828125,123.53515625,-21.484375,390.26159032800933,19.755039618487466,1595,eeg_data_level_6.csv,1,AF8,130.0078125,140.00390625
938.4162871782909,134.0594695968987,169.6465589634642,87.781941628805,133.30126976047447,607.6340864751105,75.95426080938881,121.11865427892515,44.190448184227975,74.94647954805004,146.32795887504915,18.290994859381144,31.54717759384949,7.271067800475723,17.82269356148351,141.14509930224034,3.714344718480009,7.127328839519803,2.069535335183695,3.659716466326593,240.5423931353494,2.7334362856289705,27.54822791809955,0.7411488944691139,2.2055226012071003,1.201671209149165,0.931832391671572,0.31861461627973664,0.4141875617080794,0.7167129867275572,hjorth_mobility,hjorth_complexity,1.9238432504984384,0.8413529911936564,-48.31371307373047,-362.79296875,71.77734375,-46.38671875,1428.277945924492,37.792564691014185,1595,eeg_data_level_6.csv,1,TP9,130.0078125,140.00390625
936.8094387961755,133.82991982802508,176.50439162873187,89.97305887845192,136.8335897712827,638.8599861424759,79.85749826780949,119.74421492669093,53.239707030618185,79.38584767477361,154.33131366735023,19.29141420841878,34.95320537322586,3.883581765834238,20.602061311739114,116.18722037402257,3.0575584308953307,6.8303415504646185,1.0250735205034718,3.0291051182386663,361.40079566385737,4.106827223452925,29.628216934637017,1.7828239991302677,3.355669193763722,1.1307346001488119,0.9048760590642139,0.30399253213226446,0.3229323798902126,0.9448340054294495,hjorth_mobility,hjorth_complexity,2.967583496745867,0.8995242300885706,-53.137969970703125,-362.79296875,58.59375,-51.26953125,1178.6869721254334,34.33201089545198,1595,eeg_data_level_6.csv,1,TP10,130.0078125,140.00390625
37408.59017543692,5344.084310776702,11205.497560908529,812.4862209244502,4601.322841011835,1296.2634611972785,162.0329326496598,449.08965453950276,73.66901217314727,99.81355326283096,438.77900508064477,54.847375635080596,79.59747941900427,18.43385746104979,61.080879783765525,207.48302114685143,5.460079503864511,10.907854866276002,1.9624240270066642,4.647175151008481,194.60007900470123,2.211364534144332,7.269171793313979,0.30668728662480205,1.878300195831117,1.592486898671857,0.16210503125135517,0.06750867680856915,0.04308232374248943,0.044242700881191005,hjorth_mobility,hjorth_complexity,1.9857600447673536,0.7124189093005908,-13.828849792480469,-197.75390625,975.09765625,-28.3203125,19290.88983855763,138.89164783584948,1595,eeg_data_level_6.csv,2,AF7,140.0078125,150.00390625
18689.376691860343,2669.910955980049,5985.405998188931,644.9133552314196,1825.1720404396308,1271.7376913480653,158.96721141850816,434.629993121825,25.028820834427563,115.05019087530536,115.30395230960481,14.412994038700601,18.93946238662632,10.4736147730795,13.875379459849208,157.72742087908503,4.150721602081185,8.954800427704113,1.5501908497604258,3.2886330379053885,133.80799908591118,1.5205454441580815,3.6372413369467336,0.3733384358360139,1.4749655621111502,1.5482182105061233,0.26147286054635216,0.037622640521656044,0.05951800615748766,0.05667876005626407,hjorth_mobility,hjorth_complexity,2.0697899798465955,0.7086225315986451,-11.162376403808594,-149.90234375,809.08203125,-26.85546875,9918.185250389795,99.59008610494217,1595,eeg_data_level_6.csv,2,AF8,140.0078125,150.00390625
2416.595005965157,345.2278579950224,708.9367906122066,108.0233664932919,249.616078082608,447.49241558274167,55.93655194784271,120.51520242329161,24.526491976156862,44.603070285577715,127.6512686855384,15.9564085856923,26.74189922483212,8.754037254449095,15.025020646056387,139.9966372982997,3.6841220341657817,8.441588728827632,0.9459234535035191,3.1896781347447654,150.52478837683967,1.7105089588277236,24.43989546668358,0.3459392996517285,1.3272761205897683,1.4485022921608337,0.5088339168146889,0.1928279349761997,0.268137062473903,0.30847072527712543,hjorth_mobility,hjorth_complexity,2.109593633305184,0.7317329087076716,-26.554107666015625,-289.55078125,85.44921875,-19.775390625,1775.915440521203,42.14161174565115,1595,eeg_data_level_6.csv,2,TP9,140.0078125,150.00390625
2512.364996228321,358.90928517547445,733.6188592240482,114.69522070419394,257.3680252953135,440.9502545832885,55.11878182291106,111.02343787525601,25.025365958641434,48.14668990811236,97.66344616842765,12.207930771053457,22.59133717686769,4.673851999423941,12.274443500041855,126.14006859203617,3.31947548926411,8.605139779869262,1.1203687409014416,2.9119648985572137,185.81728895272607,2.1115601017355234,32.98998181721891,0.5643384957417263,1.5203903725923875,1.4485891268168738,0.4937266181081361,0.15049498631724506,0.239720604286057,0.3566674127484706,hjorth_mobility,hjorth_complexity,2.450136001784218,0.7823512873872674,-31.506919860839844,-293.9453125,79.1015625,-24.169921875,1844.5493882973096,42.948217521770445,1595,eeg_data_level_6.csv,2,TP10,140.0078125,150.00390625
232.8681825703769,33.26688322433956,113.14105182490874,3.4991645408351157,6.767679132946744,18.286350991352013,2.2857938739190016,4.876745249425419,0.9789871857465609,1.7716798952582484,7.4864977300272475,0.9358122162534059,1.5106781333280546,0.4746646284357372,0.9405794504077449,53.032571960715025,1.395593998966185,2.784677056123127,0.5083465721164027,1.43613620641271,102.3705189519505,1.1633013517267103,2.351749973424647,0.47580643714677184,1.0103228477883532,1.0198264689104064,0.2078586687595565,0.10048866220051057,0.6662813515279418,1.3243541827047691,hjorth_mobility,hjorth_complexity,3.078149200797501,0.8676648991569749,-27.980613708496094,-211.9140625,36.62109375,-23.92578125,630.7523653595126,25.11478380077186,1595,eeg_data_level_6.csv,3,AF7,150.0078125,160.00390625
207.30367579357505,29.614810827653578,44.83844231993916,14.956103923097183,25.28675326503101,55.02843624733582,6.878554530916977,12.626761871495667,2.3251022083804225,5.938613161713496,17.34564740582813,2.1682059257285164,2.785152534937294,0.9959591548519838,2.3792187318346114,65.17136340037794,1.7150358789573144,3.9908811600459213,0.620355680875787,1.419328887625313,108.83541570516022,1.2367660875586388,2.7789483276386404,0.21345288116484104,1.2611865118966508,1.1680570837640991,0.47277704071733667,0.19342801722226344,0.7440900849262662,1.3265284521398717,hjorth_mobility,hjorth_complexity,2.9852740093941286,0.8494171651824688,-26.819419860839844,-122.0703125,35.64453125,-24.90234375,331.7768728811643,18.21474328342742,1595,eeg_data_level_6.csv,3,AF8,150.0078125,160.00390625
1705.44526805372,243.63503829338856,359.46549462790534,80.45938495022979,266.5643811471955,703.4216301698261,87.92770377122827,140.39130777595614,56.33897032174209,82.38224422849547,123.02466494522552,15.37808311815319,28.99323650656564,6.840195257095831,14.698461943827446,110.89575222231029,2.918309269008166,6.26409024013057,1.0100023329828363,2.9817425301589178,155.98359640491685,1.7725408682376915,27.17233000210155,0.22090477643381598,1.3410369605034567,1.4367699045125006,0.8494003162343488,0.22181359234321305,0.2653083882314229,0.38020449256812094,hjorth_mobility,hjorth_complexity,2.9941192657182594,0.7281652050858748,-20.681190490722656,-261.23046875,159.66796875,-21.484375,1340.4948854804388,36.612769431995154,1595,eeg_data_level_6.csv,3,TP9,150.0078125,160.00390625
1721.9855768491911,245.99793954988445,353.5814698467372,100.3665892080057,257.4558599176007,645.7543066515487,80.7192883314436,136.02148582907967,49.78721823038536,74.48031141777116,125.49202975625383,15.686503719531729,25.110727302208442,7.950045143154593,15.22011627490166,109.16454997288315,2.8727513150758726,7.234748465948929,0.9177459910334586,2.7276422866682966,170.73496012258943,1.9401700013930616,32.7506129107801,0.39058400081886585,1.3210617624023704,1.4591049814326023,0.8011736367066647,0.2282009327917066,0.2634066205749371,0.40808078700363465,hjorth_mobility,hjorth_complexity,3.0560360599871745,0.7662340005536189,-22.012901306152344,-248.046875,142.578125,-22.94921875,1350.5760216139606,36.75018396707642,1595,eeg_data_level_6.csv,3,TP10,150.0078125,160.00390625
22.160388819219815,3.1657698313171165,5.113648546658372,1.6372169528371394,2.9756549397070433,12.017452899670962,1.5021816124588703,2.811284687035524,0.6154547780673237,1.2855524571811028,7.829992552320602,0.9787490690400753,1.1993342838657715,0.6677639493224676,1.0350758602919785,54.29525434336856,1.4288224827202254,3.2876252741750194,0.4651331035223619,1.2369537045975827,86.68130435707798,0.9850148222395224,2.5471877713969246,0.33428325095599887,0.837104459936003,0.44930671950661333,0.28404130310687997,0.20566107630272226,1.3023924747817925,2.2390124268147162,hjorth_mobility,hjorth_complexity,3.675204002676327,0.8802783857529543,-22.229766845703125,-53.7109375,47.36328125,-21.97265625,99.62247626390308,9.98110596396527,1595,eeg_data_level_6.csv,4,AF7,160.0078125,170.00390625
87.83886889239744,12.548409841771063,26.58610466984086,4.94703990532517,9.102410248541236,25.884059925358905,3.235507490669863,5.184261327920769,1.8908595415193628,2.8670599544180124,11.66856578493327,1.4585707231166587,2.7398527891220135,0.5918651843468924,1.3738680720025143,61.05659037634024,1.606752378324743,3.164877541185488,0.5660933106165765,1.500519510557225,97.64072857722672,1.109553733832122,3.528487404387082,0.43831748422657246,0.9488735821596903,0.8598729465102769,0.3762697094161067,0.1992705919613584,1.02297635953164,1.7488399877294372,hjorth_mobility,hjorth_complexity,3.489453619869581,0.8666604105930342,-21.214675903320312,-85.44921875,24.90234375,-20.99609375,143.76090708537959,11.990033656557415,1595,eeg_data_level_6.csv,4,AF8,160.0078125,170.00390625
1053.7962154006166,150.54231648580236,259.48532756012145,40.047336191749885,138.02044935986,431.60269171412483,53.950336464265604,91.25339671702464,28.567190319661798,47.32157263933111,110.63644960161795,13.829556200202244,30.225567660070137,5.975443091206063,12.034618116878416,128.80466520540307,3.3895964527737648,6.922149118523223,1.2642300612464568,3.021637780098258,154.6025383877775,1.7568470271338354,29.787944934446998,0.5893694195170049,1.2152592535822073,1.3081361218631697,0.7800698378178534,0.27663149774079465,0.4149854652144118,0.5180518382181772,hjorth_mobility,hjorth_complexity,2.905666702476952,0.7730859766963325,-23.63758087158203,-268.06640625,118.1640625,-23.4375,820.8687562364503,28.650807252788713,1595,eeg_data_level_6.csv,4,TP9,160.0078125,170.00390625
955.9872158823568,136.5696022689081,202.04694909205185,55.931979389325484,152.7899837305394,414.50884224327376,51.81360528040922,75.20431400090273,30.27244916018928,54.18678014239639,109.84661926702228,13.730827408377785,29.392075886197613,5.508026316320415,11.53157806177498,127.51337975006219,3.3556152565805837,8.441741401141297,1.5258378787151985,3.032118214818208,214.02066085575146,2.432052964269903,35.25705673909755,0.5101187522607422,1.6744326468836999,1.2866377023872304,0.777411453958216,0.2802328481613326,0.42404694334534715,0.703333916644752,hjorth_mobility,hjorth_complexity,3.0648813163113053,0.811183475002707,-24.304580688476562,-263.18359375,117.1875,-24.4140625,795.7150506263133,28.208421625931383,1595,eeg_data_level_6.csv,4,TP10,160.0078125,170.00390625
13259.525648237279,1894.2179497481827,4686.272961297686,161.35385029743694,1351.9382457027787,196.4864646894782,24.560808086184775,85.75212679695098,5.324826827231637,10.89446451615363,21.638369263499825,2.704796157937478,5.043299911411604,0.628565224214224,2.6256748658889,70.81966611162805,1.8636754239902118,3.3929822769067886,0.8788462970097614,1.8113434634964563,94.60528205626512,1.0750600233666492,3.2428054655152128,0.47570686746845847,1.0311049123007943,1.4707805904250546,0.07656325995314757,0.01199571667637523,0.041561000290684026,0.058904538512258714,hjorth_mobility,hjorth_complexity,2.4191776046497604,0.7441743305434404,-23.14910888671875,-224.12109375,569.3359375,-27.83203125,6948.578075971454,83.35813143282097,1595,eeg_data_level_6.csv,5,AF7,170.0078125,180.00390625
115.72700599294753,16.532429427563933,23.997679205372236,10.1939670873175,14.976825726748176,38.50576661052549,4.813220826315686,8.331007045928196,1.394339551371578,4.417404798479029,9.89765614910403,1.2372070186380038,2.041257873633977,0.5135692199518577,1.3086934504987366,71.87735859574435,1.8915094367301146,3.5947559835244505,0.5673957644827966,1.730464660041923,103.69390549366433,1.1783398351552765,2.3245123334401665,0.2991781039643534,1.1195503471359125,0.9757350721049183,0.4467507687844172,0.15326064607598072,1.0263763196366251,1.626948520758297,hjorth_mobility,hjorth_complexity,3.179869648525005,0.8471402378900883,-21.301651000976562,-98.14453125,33.203125,-20.751953125,183.9279661362525,13.562004502884244,1595,eeg_data_level_6.csv,5,AF8,170.0078125,180.00390625
1038.6238790614827,148.3748398659261,216.01078472728443,96.38181867856669,124.1274993532892,513.6658103214479,64.20822629018099,143.3881295818842,33.54119535759523,51.134678712085346,142.48910343717142,17.811137929646428,35.851307958951445,6.36563955211908,18.07381989096514,116.0701698880575,3.0544781549488818,9.062699681248393,0.9437401243416745,2.649342107970937,137.8719253212949,1.5667264241056238,29.478686410990967,0.2963964247901656,0.9709664038124461,1.3315766400053153,0.8544460631491366,0.3258145065687491,0.3686230139965809,0.45040001756812653,hjorth_mobility,hjorth_complexity,2.7508747168046637,0.7393779017602959,-24.652862548828125,-234.86328125,84.47265625,-22.94921875,944.9107287218794,30.73940026613856,1595,eeg_data_level_6.csv,5,TP9,170.0078125,180.00390625
1052.3367896394034,150.33382709134335,229.57461308518754,103.4142417075089,130.53198861792526,514.793249702231,64.34915621277888,125.4414487279211,32.79459442016363,54.20247721015006,136.98794252451844,17.123492815564806,29.999923982195835,7.96568963040556,16.715153163680004,102.07158232126666,2.6860942716122804,8.26719967020703,1.017332110216429,2.1279000532975227,156.95539169274934,1.7835839965085152,32.23210019987353,0.32551155274851257,1.2616777704657482,1.3264760328079257,0.8554222097023946,0.31650854412198715,0.32812679920699717,0.499661215946906,hjorth_mobility,hjorth_complexity,3.0206550346906513,0.7749536165122175,-26.208877563476562,-228.02734375,95.703125,-24.90234375,968.1966992502566,31.115859288315608,1595,eeg_data_level_6.csv,5,TP10,170.0078125,180.00390625
651.4536691309493,93.06480987584989,186.33649165201604,24.063226877531307,80.76251337365153,54.934431286115014,6.866803910764377,15.981044026403213,2.1513299964458232,5.015070262705643,8.615725726066982,1.0769657157583727,1.9083479409550175,0.49507363843154273,1.027938385031476,51.669264044853975,1.3597174748645784,2.291018312092097,0.47143657018236024,1.2454235301788907,82.02101056130081,0.9320569381966002,2.034127402552897,0.3764568138904702,0.8647684601284802,1.483528328112671,0.2825821937925922,0.06345264638805814,0.36764883408690835,0.6179141739943516,hjorth_mobility,hjorth_complexity,3.4717631072213195,0.8542002650684715,-21.385955810546875,-83.0078125,203.61328125,-23.4375,568.1699136039242,23.836315017299217,1595,eeg_data_level_6.csv,6,AF7,180.0078125,190.00390625
38.11516694753323,5.445023849647605,10.773366410077017,3.813169460993924,4.301777766433611,17.750854115117782,2.218856764389723,3.640583630356448,0.6817495088475298,2.3720514250524336,8.421181214565284,1.0526476518206604,1.729134922471513,0.64671529969152,0.9124112854222557,68.35401334682484,1.7987898249164431,3.5783474498159773,0.30468350564017765,1.7140907138452217,93.72108259592451,1.0650123022264149,2.7671904220847794,0.31827223142236527,0.9676046246025851,0.5738490389649477,0.3306444348015028,0.18264019021215241,1.3183967004999655,2.011637558437808,hjorth_mobility,hjorth_complexity,3.449649966410993,0.8461232001298323,-21.278953552246094,-110.83984375,26.3671875,-20.99609375,157.9174681319273,12.56652171970937,1595,eeg_data_level_6.csv,6,AF8,180.0078125,190.00390625
347.11471691644726,49.587816702349606,61.965322409491804,39.92555469831907,48.316202683074316,192.02397404489147,24.002996755611434,45.70836511053507,14.506858136981691,22.158479683158774,57.89321743455082,7.2366521793188525,9.962664688716405,3.781353609338028,7.325134995596219,96.0690611883451,2.5281331891669763,3.9614193602408694,0.9853417560563007,2.419975887671087,152.4872796307522,1.7328099958040022,30.11066918844955,0.2876037219706376,1.1137869218072274,1.1307249352934956,0.7708863570846245,0.31400274939995143,0.6340766186481431,0.9825206015410592,hjorth_mobility,hjorth_complexity,3.007387150204455,0.7767783134245779,-23.52581024169922,-255.37109375,87.890625,-22.4609375,736.4680303362547,27.137944475148718,1595,eeg_data_level_6.csv,6,TP9,180.0078125,190.00390625
373.26719717314415,53.323885310449164,66.56688315280245,35.3878550132643,52.446197307078826,199.19235923414908,24.899044904268635,44.62474761183081,13.907159165280543,23.836810678724845,54.50214601845521,6.812768252306901,11.165096342400679,3.101069043072154,6.192051680371476,84.48593806650288,2.2233141596448127,3.7450874709906015,0.9945931152203316,2.2026759935248927,149.49052046937513,1.6987559144247173,29.360279901477586,0.4713309394672495,1.1730149914900707,1.1681520505493295,0.7817368278966874,0.29151849611287683,0.5619998095527025,0.9517313260821874,hjorth_mobility,hjorth_complexity,3.1489112513905475,0.7949098511322973,-24.721145629882812,-265.13671875,92.28515625,-23.92578125,782.0374761649873,27.96493297265322,1595,eeg_data_level_6.csv,6,TP10,180.0078125,190.00390625
25.08357909490947,3.5833684421299243,7.446770574092217,1.3422854855829176,2.3575296978130122,10.585989504233375,1.3232486880291718,1.8041557762482985,1.0247331941954112,1.291164944572099,6.714798333254304,0.839349791656788,1.1784637846791308,0.623371187937786,0.7911049964886191,50.83231376219264,1.3376924674261221,2.3009867488134153,0.327519717977733,1.2438867333093204,76.96777230634973,0.8746337762085197,1.9658984894820775,0.24485768178569353,0.856245011789263,0.497425178315434,0.2727262141257457,0.1886191332784395,1.2900894088497776,2.120855763816947,hjorth_mobility,hjorth_complexity,3.732698168783177,0.8798305781731567,-21.71192169189453,-51.26953125,27.34375,-21.97265625,102.73037882143399,10.135599578783388,1595,eeg_data_level_6.csv,7,AF7,190.0078125,200.00390625
29.000709901786717,4.142958557398102,6.230863173020655,3.0234465513133113,3.823083928895011,22.874328284724346,2.859291035590543,4.762012483087448,0.9832164510269448,2.5481645510034197,7.307943510118117,0.9134929387647647,1.5866498398267548,0.6017729431845464,0.8108213720881731,61.711596881440734,1.6239893916168615,4.100559208100121,0.44458877842760924,1.5261489328779418,101.86368528350052,1.1575418782215967,2.5312766529582102,0.3676617487931035,1.0734240449823815,0.4752286652630422,0.40152507880427746,0.16415505862731922,1.2147433360069528,2.1707018919298253,hjorth_mobility,hjorth_complexity,3.661936118190131,0.8648891618631851,-21.839141845703125,-69.82421875,39.0625,-21.97265625,134.94757877197117,11.616693969110624,1595,eeg_data_level_6.csv,7,AF8,190.0078125,200.00390625
357.4611399090975,51.06587712987107,77.23794825383007,24.970072380333008,52.498852573382095,234.61762044681086,29.327202555851358,51.05065179565963,15.682845331498928,28.36800124633158,61.43114189796474,7.678892737245593,12.46057954814941,2.6624781324311098,8.604851804243896,104.23924425680366,2.743138006757991,5.919926332470104,0.8846591266380144,2.425034062136613,140.970959531845,1.6019427219527842,26.961799196646872,0.4220408686118719,1.1610772138431042,1.0946905458005922,0.854295818275536,0.31186775886695633,0.6430528894488062,0.8886743457024687,hjorth_mobility,hjorth_complexity,3.100262341607828,0.7594097227483385,-21.729469299316406,-264.6484375,121.58203125,-20.99609375,829.3803772176034,28.7989648636475,1595,eeg_data_level_6.csv,7,TP9,190.0078125,200.00390625
362.81858862412093,51.83122694630299,77.65634806713322,26.232276851990033,54.523035545078635,204.68724429923085,25.585905537403857,39.43264867209743,11.41587658863136,25.664686452960773,52.346146492672,6.543268311584,9.519810678873556,1.815930025895261,6.76347852743614,97.03338028686593,2.5535100075491037,4.189220372396296,1.08987380959055,2.5600225837441983,170.30326311632467,1.9352643535945986,36.60669304211025,0.4100621049865313,1.3303583043645792,1.114294569590918,0.78057620711336,0.2761629984739137,0.6139667456870691,1.0278618014242276,hjorth_mobility,hjorth_complexity,3.3390842623593584,0.8028278850664845,-23.277664184570312,-281.25,106.4453125,-22.94921875,831.4437871740665,28.834766986644205,1595,eeg_data_level_6.csv,7,TP10,190.0078125,200.00390625
33.854194422066264,4.836313488866609,9.084949214733351,2.128183518634899,4.315764588651364,14.86513916065048,1.85814239508131,2.9354880191983055,1.169147554927469,1.7569298332713945,9.631149779923351,1.203893722490419,1.5595829298416497,0.6231085630169204,1.2217951833976501,59.370623395244635,1.5623848261906483,3.2209806147608995,0.8122104175698064,1.4662038858402413,104.9192879936571,1.1922646362915579,3.1481658516437196,0.4189715954877669,1.0501017386097309,0.5220872642392758,0.2934947800342332,0.2078021388648067,1.212605984058399,2.2474041047074227,hjorth_mobility,hjorth_complexity,3.6354003492177385,0.8770153028892713,-23.20232391357422,-71.77734375,35.15625,-22.94921875,127.46538381179562,11.290056856003677,1595,eeg_data_level_6.csv,8,AF7,200.0078125,210.00390625
124.73562049141054,17.81937435591579,28.584124724374785,9.158864735997973,17.672898984069874,33.17692027150038,4.147115033937547,10.792807203571472,1.31259091455216,3.481191644522493,12.07221997124,1.509027496405,2.5027965274131603,0.7147808748453968,1.4438267348209055,85.82306722253722,2.258501769014137,3.6660805611683815,0.39168519752124514,2.4627549686438996,108.01683188323413,1.227463998673115,3.0163173360253968,0.4330241218218316,1.1659655128360948,0.9592291136434071,0.36872356215902546,0.16898328654866288,1.110400285860447,1.5661641596918723,hjorth_mobility,hjorth_complexity,3.2904353525766394,0.8460391744949541,-21.870994567871094,-101.5625,53.7109375,-20.99609375,207.43962635606294,14.402764538659339,1595,eeg_data_level_6.csv,8,AF8,200.0078125,210.00390625
709.5212753379271,101.36018219113245,157.10436995355337,64.58547544708915,88.58189360070068,382.62677158728576,47.82834644841072,65.1481060433616,22.86311305715291,49.24291927717219,141.94678060747805,17.743347575934756,25.68021543830003,8.031180919694224,19.1271316102332,132.66281265592704,3.491126648840185,9.657256880646468,1.2673492246044913,2.745831918944301,160.5057753807593,1.8239292656904467,27.37805218463878,0.48484543747327513,1.303325223442589,1.2156992988047843,0.838259601026031,0.39950055364695425,0.5041898371202228,0.64178749435164,hjorth_mobility,hjorth_complexity,2.578392218484114,0.737233081054525,-22.937583923339844,-275.87890625,83.49609375,-21.97265625,947.483773015847,30.781224358622367,1595,eeg_data_level_6.csv,8,TP9,200.0078125,210.00390625
785.0333411389461,112.14762016270659,161.8944265090943,81.02896057284676,103.2541407783055,337.2439568925886,42.15549461157357,64.57541694997177,24.676079618453663,41.16885110476387,137.82983066514282,17.228728833142853,28.33815017868805,4.570012423521023,17.53657139330516,123.19312907566959,3.241924449359726,6.636164319427752,0.7118810758879097,3.004654874600689,180.28538977623901,2.0486976110936252,36.20749303820922,0.5497067183192585,1.353006333074152,1.2848141441832357,0.7566467924833578,0.38082574317109025,0.46817565155809837,0.6852386127490625,hjorth_mobility,hjorth_complexity,2.918934586963148,0.7754614962440388,-24.330520629882812,-271.97265625,85.44921875,-23.4375,973.9668165275361,31.208441430605536,1595,eeg_data_level_6.csv,8,TP10,200.0078125,210.00390625
24.496253258551885,3.499464751221698,4.673994967713599,1.911940168288417,3.687907236122376,13.860168815128997,1.7325211018911246,2.9737961854508765,0.7649586305639604,1.5669400759789704,6.745152076645475,0.8431440095806844,1.0046111267609377,0.6250708421794298,0.8672829955246715,56.09051855389024,1.4760662777339537,3.6448178591018796,0.4464278481845343,1.429284418498209,92.2612385830783,1.0484231657167988,2.417272426857611,0.3223279370203618,0.9889565266153568,0.4645463847291268,0.3071624190525851,0.17358160214764007,1.265937217870199,2.2556973610172273,hjorth_mobility,hjorth_complexity,3.82557336018655,0.8908933594379902,-21.32434844970703,-63.96484375,24.4140625,-20.99609375,110.80447871790966,10.526370633694675,1595,eeg_data_level_6.csv,9,AF7,210.0078125,220.00390625
181.51266650697693,25.930380929568134,45.99660402954335,8.31634419048025,24.018720560216604,29.258178092335655,3.657272261541957,6.584336463427852,2.0454498857286807,3.435194686786592,9.50554353965946,1.1881929424574325,1.4833652185874784,0.6116742574301659,1.3311435114007373,83.17789704220186,2.188892027426365,7.051973029635415,0.607610468768149,1.737756466224285,101.28897669905632,1.1510110988529128,3.2236767353292786,0.36161240247845305,1.0067673177145275,1.1308682183545693,0.3187594851007275,0.12904166667070788,0.98151399446097,1.3639802184190775,hjorth_mobility,hjorth_complexity,3.201982789335332,0.8673290091507766,-19.37541961669922,-92.7734375,49.31640625,-19.53125,207.19340649520746,14.394214341019362,1595,eeg_data_level_6.csv,9,AF8,210.0078125,220.00390625
1061.7983597442292,151.68547996346132,189.8665225698292,90.8788636464783,153.1774905098556,487.64599445161895,60.95574930645237,82.3879983181485,33.31156550460604,61.43470205404698,144.98068714975963,18.122585893719954,26.36709228594572,11.131071630186385,18.120268725550822,128.94917147692937,3.393399249392878,9.633221458599314,1.131423878927083,3.327436158001365,143.67203869870934,1.6326368033944243,30.901569909296946,0.33988894862931507,1.0316564846843757,1.3591435081918262,0.8426243537390263,0.33825437838469663,0.40532861618526217,0.4662162827401737,hjorth_mobility,hjorth_complexity,2.7066484351840097,0.7448450578326685,-22.664260864257812,-263.671875,90.33203125,-21.484375,920.2784030640032,30.336090767664896,1595,eeg_data_level_6.csv,9,TP9,210.0078125,220.00390625
1265.536013804862,180.7908591149803,235.6484669368446,110.71794595437052,185.090059020041,579.50499356792,72.43812419599,99.94527080768559,39.107005204230305,75.99137454489681,145.41378935636317,18.176723669545396,26.330282617444137,10.712615269665974,17.65622535385896,101.76643992088526,2.678064208444349,8.017546523355128,0.8260874093179724,2.285586233790583,153.99993467610926,1.7499992576830599,29.703730685071687,0.5401506450382609,1.2516088966419918,1.393115425072837,0.8643118588717955,0.30438625658387025,0.29536871885624644,0.4495346336424751,hjorth_mobility,hjorth_complexity,3.0339229191768475,0.7764701425515622,-23.503494262695312,-271.97265625,94.23828125,-23.4375,1031.882989773294,32.12293557216236,1595,eeg_data_level_6.csv,9,TP10,210.0078125,220.00390625
231.16790183333882,33.02398597619126,67.65786465195312,10.729010649188844,27.615220848006444,58.8347100443345,7.3543387555418125,11.901435432003657,2.3211255057321285,7.586092039637299,16.583960655816647,2.072995081977081,3.4252546355666538,1.352826667212547,1.8532297005410365,55.54607391333203,1.4617387871929481,2.8392389318370075,0.6488081404030653,1.4284436177121496,78.30681754240783,0.8898501993455435,2.1544450205776133,0.3015362068012739,0.7987345679604871,1.2213861803246204,0.5020407584127395,0.18944647565312833,0.6737668508615141,1.0277467698767881,hjorth_mobility,hjorth_complexity,2.5032075397290026,0.8188925353179829,-25.037765502929688,-118.1640625,57.12890625,-23.4375,302.60561834438704,17.395563179856726,1595,eeg_data_level_6.csv,10,AF7,220.0078125,230.00390625
666.1603217369287,95.16576024813267,194.64954389175304,45.5340613621599,76.46139628184343,130.65770390462552,16.33221298807819,28.589493482591227,7.841080081392478,15.426976371011614,29.191799832987165,3.6489749791233956,4.69512162408142,2.3593242381224027,3.6205094870774412,83.08495118653181,2.1864460838561004,4.22123478205314,0.8378209308237862,2.0193761149052945,91.91630030736596,1.044503412583704,2.287071706791381,0.20853167326556382,0.9466629308097567,1.4414184324267771,0.5146742517760534,0.1584988181050077,0.48986162712582987,0.6015948177830944,hjorth_mobility,hjorth_complexity,2.259962990815407,0.7443856056046961,-18.191909790039062,-133.30078125,87.40234375,-20.5078125,595.9219181386288,24.411512000255716,1595,eeg_data_level_6.csv,10,AF8,220.0078125,230.00390625
4003.034766825805,571.8621095465436,1581.3717217523695,173.96622795096926,346.8165066858382,874.7909821935309,109.34887277419136,222.5220433696648,39.0782850812864,87.68963201979798,181.3458658001113,22.668233225013914,39.36658333363388,9.435170457222865,22.492787642597992,161.65737991386624,4.2541415766806905,10.509647795885847,1.043701324451429,4.190553197419559,217.8278569738555,2.475316556521085,37.63036845210908,0.665391129132144,1.759557461024634,1.398531418332789,0.5964792286744032,0.1763538110592388,0.20614828108527136,0.28438274107294986,hjorth_mobility,hjorth_complexity,2.0919031206569225,0.6985774430948922,-15.84930419921875,-429.6875,262.20703125,-20.99609375,3750.4875822924078,61.24122453292723,1595,eeg_data_level_6.csv,10,TP9,220.0078125,230.00390625
5353.015229093297,764.7164612990425,2536.2281726253536,97.64445271537505,218.71963925564822,1027.6957060476375,128.4619632559547,272.48181073358774,47.553422057618526,101.86070942889754,177.40538693562956,22.175673366953696,34.34370991276031,7.963468498961581,22.562565067512807,158.93381812990262,4.182468898155332,15.004271114242234,1.3619215757347614,3.5062760954141963,267.6378531539475,3.041339240385767,47.59666789291857,0.4599591133272821,1.9560253200660214,1.1784512849382982,0.5295102284949722,0.13360448860326632,0.15358647857016586,0.2582354705711143,hjorth_mobility,hjorth_complexity,2.0344089545500728,0.7268552662651941,-1.9556045532226562,-406.25,401.3671875,-18.5546875,6526.937422713671,80.7894635624824,1595,eeg_data_level_6.csv,10,TP10,220.0078125,230.00390625
110.73823401699428,15.819747716713469,40.742488430767224,5.837445793612571,10.800545765047183,31.48695743324296,3.93586967915537,7.1275145025569,1.7238808052838352,3.6424699493193424,10.96550269208586,1.3706878365107324,2.0642989755928367,0.7109061803400922,1.3655807872358978,47.24849791611302,1.2433815241082373,1.9233068558225754,0.588922127659598,1.314466177064772,80.72194418732502,0.9172948203105116,2.123583057184953,0.3110931243815241,0.8633230833790883,0.9999784854430934,0.4423572082350582,0.1947627330391076,0.8535650171599252,1.533459322144979,hjorth_mobility,hjorth_complexity,3.0648813163113053,0.8487720125195877,-23.468971252441406,-105.95703125,88.37890625,-23.92578125,202.0480451392359,14.214360525160318,1595,eeg_data_level_6.csv,11,AF7,230.0078125,240.00390625
384.9119114827638,54.987415926109115,106.77412369432328,19.207114304510466,38.88349468034606,65.77930471838197,8.222413089797746,19.197162473216565,1.0980708738096951,7.282985584874118,15.093288441790026,1.8866610552237533,2.767756035296957,1.2735875601147646,1.845434960253266,70.53239178937453,1.8561155734045929,3.978903665326125,0.7744268358013017,1.779535470261525,108.5982668639663,1.2340712143632535,2.6614578426290416,0.4222310455927238,1.1293066530103868,1.324064883904815,0.4027302095748302,0.12899197132667536,0.5973144457255596,0.9873080572862831,hjorth_mobility,hjorth_complexity,2.6093506156185713,0.8050462038060913,-24.4598388671875,-238.76953125,33.203125,-21.97265625,546.7721726745367,23.383160023284635,1595,eeg_data_level_6.csv,11,AF8,230.0078125,240.00390625
2431.147459335439,347.30677990506274,467.0747233814522,171.47243604829333,376.3157382062955,1260.5466510779795,157.56833138474744,305.38017849595906,34.85071364975352,151.52589279630217,258.84158356389577,32.35519794548697,63.73258611479317,11.354012655549674,28.809180235064815,199.8957099214421,5.260413418985318,14.956911402882517,2.233370770966741,4.464814197664013,229.74064801016658,2.610689181933711,44.13406663219514,0.7382629824672533,1.7289939095095055,1.3709044844793459,0.9144027986176808,0.2776023985577678,0.2971901363335658,0.35658419283597687,hjorth_mobility,hjorth_complexity,2.2555403626533415,0.6596418313331831,-30.593109130859375,-487.3046875,133.7890625,-24.90234375,3114.859829074703,55.81092929771644,1595,eeg_data_level_6.csv,11,TP9,230.0078125,240.00390625
2385.890976336907,340.84156804812955,477.90004865646006,249.31835556278486,339.57138660421253,1234.2478440366865,154.2809805045858,295.7884258112035,36.66806964634491,147.95446500908503,273.02974770853643,34.128718463567054,65.43474408935951,11.034327089642552,36.28164962304573,173.95535925043473,4.577772611853545,14.013963628261926,1.4891037618479106,3.556373804309559,292.0366136118656,3.318597881953018,56.64740733434764,0.4213744808567778,2.210626908448106,1.363972426337034,0.9027904557684489,0.2905573185909356,0.26325115353666384,0.43648087189092855,hjorth_mobility,hjorth_complexity,2.003450557415615,0.7160936310269143,-42.7886962890625,-581.0546875,118.1640625,-33.69140625,3623.861623927951,60.19851845293164,1595,eeg_data_level_6.csv,11,TP10,230.0078125,240.00390625
15594.810424857076,2227.830060693868,6404.273355154003,20.291462610349917,893.2526617441129,182.10848359842203,22.763560449802753,43.10627154393168,4.934091288153901,22.388301846523916,28.14016585361881,3.5175207317023514,7.302595295736934,1.3691534298902637,2.605537399116231,77.7355217099209,2.045671623945287,3.862836587519177,0.7768081949420291,2.039721850289734,117.07965125465418,1.330450582439252,3.7714617279495277,0.32356682387743646,1.1941135920789046,1.2280734109308573,0.06511756167124996,0.013043066175828167,0.038862842084603354,0.06100275142657553,hjorth_mobility,hjorth_complexity,2.096325748818988,0.7716233087963338,-16.13597869873047,-142.578125,635.7421875,-30.76171875,9524.79350085923,97.59504854683577,1595,eeg_data_level_6.csv,12,AF7,240.0078125,250.00390625
85.21899944794129,12.174142778277327,16.157592970723826,8.296643809697057,12.554156778743884,30.02691410246826,3.7533642628085326,8.806373883472295,1.403209011956976,3.1955748422528867,12.569811258650454,1.5712264073313067,2.3526217467421517,0.6971105003346209,1.55419967415843,68.74555189317525,1.8090934708730328,3.039121743912744,0.6040511496051574,1.6458321713031565,93.51864189038585,1.0627118396634756,2.4216225809589087,0.2942047207589799,1.005160262757455,0.8837139740313047,0.41322618272645983,0.21135321950050734,1.128157204681341,1.6877421699615314,hjorth_mobility,hjorth_complexity,3.3921558003041428,0.8463229974633812,-20.619964599609375,-84.47265625,16.11328125,-20.5078125,150.43680963572115,12.265268429012108,1595,eeg_data_level_6.csv,12,AF8,240.0078125,250.00390625
483.2620383790214,69.03743405414592,92.13170806421063,39.369857901934736,70.9481230529234,253.4154270546682,31.676928381833527,47.59656303012382,14.17189211062468,33.78173711832167,68.17692557464338,8.522115696830422,13.4180556360806,5.2942996012577845,7.067594286610068,113.41122791312567,2.9845059977138333,5.785015674856343,1.2415429761224621,2.8279327839515496,177.13199220479348,2.0128635477817443,29.520894827647126,0.4354415617862818,1.479686728416095,1.1751824380055402,0.7816426993470562,0.28877284100470807,0.584307086992597,0.9174070409822783,hjorth_mobility,hjorth_complexity,2.8481725363701016,0.8324453970731265,-23.21033477783203,-205.078125,78.61328125,-22.4609375,498.1684410813614,22.31968729801924,1595,eeg_data_level_6.csv,12,TP9,240.0078125,250.00390625
498.1621653883409,71.16602362690584,92.18371124097867,43.859111821526966,74.33487038649834,235.98359498303242,29.497949372879052,44.58744949814517,13.655357919357542,32.671451158946184,55.621607175953734,6.952700896994217,12.489061508263656,3.193512307973064,5.1567033905717,97.34130509811877,2.561613292055757,5.653988385320581,1.2958179381672972,2.584518785596244,240.42080827500286,2.732054639488669,39.65434830811588,0.7430484295704274,2.0199365796176805,1.1717376145316565,0.7219291603277318,0.2356299015777052,0.4973901039003759,1.1441606667133137,hjorth_mobility,hjorth_complexity,3.2108280456594627,0.8749911078034934,-23.0255126953125,-192.87109375,95.21484375,-21.97265625,525.4232790321112,22.92211331950244,1595,eeg_data_level_6.csv,12,TP10,240.0078125,250.00390625
732.0973682122144,104.58533831603063,450.0901717368927,19.452352196662375,42.530532909695154,124.3219782217148,15.54024727771435,31.263636604619624,8.74467582877228,13.637461178510366,39.26386681676499,4.9079833520956235,10.232499082511445,1.14828744610229,4.164611990568336,49.158692595976675,1.293649805157281,2.9049960656127425,0.4321849819488646,1.2110107325577828,64.87342462731263,0.7371980071285527,2.1929626448647337,0.12920737454283224,0.6644199079650941,0.9805554523512766,0.3756062809612435,0.14624165584409843,0.23090342057895044,0.3277753611479364,hjorth_mobility,hjorth_complexity,1.9371111349846344,0.6677188652853188,-16.063499450683594,-223.6328125,838.37890625,-23.681640625,8391.720279141735,91.606333182492,1595,eeg_data_level_6.csv,13,AF7,250.0078125,260.00390625
1095.0120037251827,156.43028624645467,241.74853575416293,51.94295479888478,166.74285761912014,207.56790281766928,25.94598785220866,52.68184334127972,8.606421928579245,18.544388481097045,31.96755338653992,3.99594417331749,6.2101393251928805,1.8359798353942094,3.753908813809078,51.75653290330878,1.3620140237712837,2.20198554086502,0.5915043255985996,1.3561253419528065,63.489726465659686,0.7214741643824965,1.6525598591004094,0.2411452574836277,0.6214178959605879,1.571762543306486,0.5250954497789133,0.12287690058557593,0.23670266298559078,0.31420171319658863,hjorth_mobility,hjorth_complexity,2.2776535034636685,0.6846489883415483,-19.728660583496094,-195.80078125,250.9765625,-21.484375,1137.8551416783012,33.73210846772406,1595,eeg_data_level_6.csv,13,AF8,250.0078125,260.00390625
6670.157988290338,952.8797126129055,1817.87669989197,351.60822174257754,814.9836070751894,1712.7491867156054,214.09364833945068,529.3907947936568,61.66150906537829,175.14542923816015,274.1480596233388,34.26850745291735,72.19194990596586,16.183242565228102,33.23484198578794,301.7472616344778,7.940717411433627,14.704598486056609,2.0444718081362083,7.973772758779079,261.63446365779794,2.973118905202249,40.585198874079886,0.9000181806394543,2.1366079608347315,1.5221397118659816,0.6420542395208813,0.15807596449236483,0.2216744345097588,0.21007433259467384,hjorth_mobility,hjorth_complexity,1.3489015894299394,0.6319927453726875,-24.305152893066406,-582.51953125,204.58984375,-24.90234375,6224.810857347618,78.89747053833614,1595,eeg_data_level_6.csv,13,TP9,250.0078125,260.00390625
6923.376781073592,989.053825867656,2064.987214159759,375.0183431242551,836.0182380070033,1512.8085840515128,189.1010730064391,464.7960512572888,57.91484267793086,145.4275694741974,263.18058003286217,32.89757250410777,59.23484520543017,14.109398874721656,28.771249330850008,172.52621067709637,4.540163438870957,9.878518416000839,1.1458803990976774,4.353992736077363,373.2207014618283,4.241144334793503,64.84461810447212,0.7998371221359846,3.014479454329301,1.5590606904958393,0.592310241780732,0.15379109398245708,0.13744206024569913,0.2840570534582848,hjorth_mobility,hjorth_complexity,1.4860030624539662,0.7267831095283368,-24.132156372070312,-525.87890625,273.4375,-34.1796875,7787.286554084858,88.24560359635407,1595,eeg_data_level_6.csv,13,TP10,250.0078125,260.00390625
31680.557741716555,4525.793963102365,8759.718996602434,1138.9072951716996,4113.359914130252,1692.7273369705035,211.59091712131294,691.7084147228499,35.56392420557083,117.4286731523841,256.0633459881749,32.00791824852186,40.402997622417566,25.3465479069325,30.242505695142658,159.0611866180722,4.185820700475585,21.371801052845615,1.2840514510551297,2.4770881517859085,131.50269626257005,1.4943488211655689,5.226830796866583,0.40499553039153086,1.3624787545936972,1.6561156668740256,0.21819538050538134,0.04934683132694062,0.03795843352671531,0.035970039698717454,hjorth_mobility,hjorth_complexity,1.685021329746908,0.6812589895345303,-15.953445434570312,-216.796875,978.515625,-30.2734375,16807.473049120737,129.64363867587463,1595,eeg_data_level_6.csv,14,AF7,260.0078125,270.00390625
6320.53578050304,902.9336829290057,1902.1325993671842,225.52256178935127,684.1286552054272,604.4195271956678,75.55244089945847,147.22291118710797,29.931937380125184,66.8517558479985,70.28790901421506,8.785988626776883,20.037312425061785,1.6063762708027973,7.47795799478802,61.06497347108686,1.6069729860812332,3.552316374229172,0.6052278388186729,1.5277876397158607,99.34199558011028,1.1288863134103442,4.024666130225161,0.3087962497262366,1.0184352561636563,1.5777122162294455,0.3546564784843491,0.05983877837235251,0.0665910833472268,0.11231857818370594,hjorth_mobility,hjorth_complexity,2.5828148466461793,0.7395652973525498,-15.262413024902344,-112.3046875,501.46484375,-22.94921875,3295.6001683123745,57.40731807280649,1595,eeg_data_level_6.csv,14,AF8,260.0078125,270.00390625
1768.1661958603067,252.59517083718669,358.1165121668449,158.66786740333225,256.9009095383327,739.7348153423326,92.46685191779157,190.36380774469797,44.959660521293905,77.54935274558835,208.95695952559848,26.11961994069981,56.968729564232135,8.608930867897378,26.38155424864611,136.79617832032355,3.5998994294821984,10.9104632795866,1.0792962707207259,3.1100720402240145,137.70000687618068,1.564772805411144,25.15561755080296,0.4368498944266628,1.1192724445222089,1.4227959509118129,0.8154754669066143,0.31108490344133116,0.2937165001561905,0.3172820300743883,hjorth_mobility,hjorth_complexity,2.313034528760191,0.6749093386511602,-22.28240966796875,-311.03515625,117.1875,-19.53125,1878.599242772907,43.34281073918611,1595,eeg_data_level_6.csv,14,TP9,260.0078125,270.00390625
2088.4754612662377,298.3536373237483,442.3583129007621,183.833274258372,281.3010040222255,803.8293719034215,100.47867148792768,216.78055656938034,45.10872928146934,86.33978471748546,185.61556683685825,23.20194585460728,52.26647188747644,8.695525395963003,23.522999693770096,118.04826854429973,3.10653338274473,10.203889546875553,1.0841982779506747,2.2483301072431523,160.23506474055517,1.8208530084153998,32.985315615264035,0.23303954344283204,1.2610173476903883,1.455283083918517,0.7875558323602422,0.2582519021077883,0.2310012860763191,0.31989584549564815,hjorth_mobility,hjorth_complexity,2.812791511073579,0.7170977976299857,-21.30413055419922,-309.08203125,111.81640625,-17.08984375,2039.8279802975594,45.16445483228553,1595,eeg_data_level_6.csv,14,TP10,260.0078125,270.00390625
880.1402039522858,125.73431485032654,331.5410597397438,19.090600957921296,94.88890556297162,89.55604804883768,11.19450600610471,18.142610850653618,7.090282689035233,9.523359847851768,42.483910689821016,5.310488836227627,9.305429787696326,2.7664979661009523,5.445365717936518,69.05099928483874,1.8171315601273352,3.937223558030878,0.8557044080516034,1.7399147900314333,77.99269753413127,0.8862806537969462,2.0713986811488123,0.40798518710665216,0.8070789023970083,1.405421639855172,0.3348242544956729,0.18403250659545212,0.3586296899588445,0.4494696972076859,hjorth_mobility,hjorth_complexity,2.29534401611193,0.8082373372244598,-35.790443420410156,-223.6328125,32.71484375,-26.85546875,990.3302785460255,31.469513478063583,1595,eeg_data_level_6.csv,15,AF7,270.0078125,280.00390625
290.6134321760277,41.516204596575385,62.40696438764277,9.10923204609321,44.220091362398925,75.40928975515087,9.426161219393858,19.06912080114006,4.45231251602403,6.784258122519853,17.035731841925067,2.1294664802406333,3.44099021549207,1.0876361431435544,1.6713492454343613,58.704785949802485,1.544862788152697,2.975990692885621,0.6985840946381696,1.431400930227448,71.8741218346627,0.8167513844848034,1.5994283280198174,0.21532248902013965,0.8106072797167772,1.3198447910197129,0.5462173442400138,0.17188149010768866,0.628657155374305,0.8543229240665113,hjorth_mobility,hjorth_complexity,2.6535768972392253,0.8033181731764725,-24.80602264404297,-108.3984375,37.59765625,-22.94921875,286.84710905508837,16.93656131140818,1595,eeg_data_level_6.csv,15,AF8,270.0078125,280.00390625
1306.1328762549888,186.59041089356984,241.52376895507055,112.98813100414455,193.73304662917968,770.5473611198883,96.31842013998603,148.93131146777512,34.53810623086814,85.63466039690832,179.25803747816025,22.40725468477003,47.35353088492121,7.120036504667423,19.776214169293212,132.01531345918065,3.4740871962942275,12.488102519609782,0.6519002606106331,3.167042529023356,138.9249520743487,1.5786926372085082,22.11421109337455,0.3898288892578676,1.197270258623734,1.312103078871034,0.9572402229681005,0.32059208333295686,0.3308356293459507,0.37752460282226186,hjorth_mobility,hjorth_complexity,2.7154936915081405,0.7025875496993105,-21.7254638671875,-277.83203125,91.30859375,-20.5078125,1255.1138084381819,35.427585416426304,1595,eeg_data_level_6.csv,15,TP9,270.0078125,280.00390625
1497.2948601302817,213.8992657328974,274.4064588641936,132.53158693229037,201.21072554334356,723.5466628240362,90.44333285300452,146.8902474738231,35.928087508223896,81.6364597811221,178.69211526023236,22.336514407529044,50.79969546814381,8.161990880548556,19.083164734494225,111.79695141612619,2.942025037266479,8.703743782600574,0.829203181733118,2.2924908328561004,186.3926991351222,2.1180988538082066,35.11571767279135,0.37484869965089745,1.4822856765549188,1.3716571474654933,0.8739968234348603,0.2997126537830629,0.2711679457450244,0.4490780152904421,hjorth_mobility,hjorth_complexity,3.131220738742286,0.760278743106882,-20.49713134765625,-286.62109375,103.515625,-19.53125,1360.4833534918725,36.88473062788818,1595,eeg_data_level_6.csv,15,TP10,270.0078125,280.00390625
11208.33158062194,1601.1902258031344,3604.1537892137294,121.46516932512233,1120.1800450685505,149.76051476118494,18.720064345148117,55.9675460502774,3.2832923737922806,12.465422245276251,12.780685043224162,1.5975856304030203,3.3088302609902573,0.6083936292475975,1.3575165830020528,55.903843401887066,1.4711537737338702,2.7210838093899716,0.5587458857747871,1.3849158998866413,104.64888045693371,1.1891918233742467,2.330592825011863,0.38411822213613583,1.116419947848084,1.502902929010211,0.07203664303482994,0.008792655477454801,0.03935660073160835,0.07519825886878825,hjorth_mobility,hjorth_complexity,2.755297344966729,0.7567192061637631,-19.590377807617188,-162.109375,541.9921875,-26.3671875,5372.710941446712,73.29877858086526,1595,eeg_data_level_6.csv,16,AF7,280.0078125,290.00390625
509.9111628683895,72.84445183834136,121.43644426421965,37.24819705768701,69.57455864745616,108.3499411811644,13.54374264764555,32.206150077826344,7.060730099330061,11.664874864411448,25.173244823133363,3.1466556028916703,5.729202261388582,1.1036087216235213,2.558097273251076,49.09174168866384,1.2918879391753642,2.7909753990173978,0.5225784254666688,1.337144183917952,78.66258430147289,0.8938930034258283,1.9821191694583078,0.3416433292278627,0.8781770086995693,1.4510483571360748,0.52358179429215,0.16724911023048653,0.3814147674610043,0.6474140028448807,hjorth_mobility,hjorth_complexity,3.2904353525766394,0.8256644766901242,-18.30272674560547,-96.6796875,139.6484375,-20.01953125,353.4936665892019,18.801427248727737,1595,eeg_data_level_6.csv,16,AF8,280.0078125,290.00390625
1131.6487549942437,161.66410785632053,217.41848323042464,119.74803340911697,140.57448211322424,603.4822865033273,75.43528581291591,106.86602554445744,46.971508448061535,75.17503542090358,170.3306415559084,21.29133019448855,30.226682099366695,14.332883053141618,19.316030204059224,113.7512733999634,2.9934545631569316,13.885357035144848,0.55120720832094,2.402213909916854,130.05770951785092,1.4779285172483059,23.325909375296302,0.4449289608375294,1.0863287452811266,1.3343986868254707,0.9206577330783657,0.357545570148044,0.33088933713424573,0.4048608253096917,hjorth_mobility,hjorth_complexity,2.697803178859879,0.7226476214687019,-22.414779663085938,-283.203125,75.68359375,-20.99609375,1033.4991964919027,32.14808231437612,1595,eeg_data_level_6.csv,16,TP9,280.0078125,290.00390625
1262.0041771907715,180.28631102725308,265.7972928934886,125.5889731250874,169.97674004354042,633.296477131774,79.16205964147176,121.23382472315221,42.5762860532573,83.38008217049648,144.11753742533813,18.014692178167266,33.81965110147838,9.33436245468052,17.416452823905686,117.16197439578877,3.083209852520757,13.442352487325838,1.0405106538136841,2.2370669985071956,174.99079443119552,1.988531754899949,39.25074185877786,0.5142029703874308,1.2964742062016104,1.3529422638117485,0.890598073493402,0.2897601818367904,0.3188694043653608,0.47147297516929576,hjorth_mobility,hjorth_complexity,3.038345547338913,0.7770924752052216,-21.709632873535156,-268.5546875,91.30859375,-20.01953125,1110.938952442666,33.33075085326861,1595,eeg_data_level_6.csv,16,TP10,280.0078125,290.00390625
108.10098777838613,15.44299825405516,32.52591951069181,6.120615213898548,9.003510385586779,26.506521102330183,3.313315137791273,8.978252205013096,1.2716709138613524,2.690275565164504,7.358667008355039,0.9198333760443799,1.1502170000357173,0.6429574758910248,0.9639468494949963,55.957922664453,1.4725769122224475,2.871136287769349,0.40852173587676427,1.5163847265240498,88.703739636549,1.0079970413244206,2.2144491029804914,0.4268065854738585,0.9983512322003819,0.9629540059700494,0.3671624251148865,0.13619061465705323,0.9413083535584514,1.6045140763974484,hjorth_mobility,hjorth_complexity,3.2815900962525086,0.8731744877569217,-22.741127014160156,-92.7734375,26.85546875,-21.97265625,165.75996265601134,12.87478010126819,1595,eeg_data_level_6.csv,17,AF7,290.0078125,300.00390625
241.65660741507133,34.52237248786734,75.78115775838069,10.994135055527133,31.50576890431335,65.52378606076124,8.190473257595155,22.59231240250087,4.24609899837474,7.057733694485359,20.640584621111724,2.5800730776389655,4.846530498400388,1.1331094619334472,2.2274275107781216,61.80184926137126,1.626364454246612,3.421201613988337,0.7056053180305655,1.4131223445181997,94.07784623452947,1.0690664344832894,2.5974008592372946,0.40509361327291976,1.007710727375993,1.1802452691031815,0.5048539722497729,0.20826785154853672,0.680844151842489,1.1183663250816775,hjorth_mobility,hjorth_complexity,3.0825718289595665,0.833339741333524,-21.623992919921875,-112.79296875,47.8515625,-21.240234375,245.8591660251841,15.679896875463948,1595,eeg_data_level_6.csv,17,AF8,290.0078125,300.00390625
1591.0234535600698,227.28906479429568,330.2835637275405,125.54520461257918,199.19877547579307,762.8172921389527,95.35216151736908,221.30940260940375,29.40962258153363,73.13456736912796,145.44238899456863,18.18029862432108,36.1325627944534,7.136812628364909,15.773887845795052,111.46248153073277,2.933223198177178,9.55380456522566,0.7619625244647751,2.605315199916112,153.67136064071192,1.7462654618262718,24.867773880281533,0.40353239090399284,1.263066929708189,1.3932690647287211,0.8805971940547511,0.25562168249606954,0.26699361762252155,0.38219106217598386,hjorth_mobility,hjorth_complexity,2.6049279874565063,0.7088194819637343,-21.242141723632812,-348.14453125,106.4453125,-19.04296875,1398.8353275635745,37.4010070394311,1595,eeg_data_level_6.csv,17,TP9,290.0078125,300.00390625
1534.5226070532535,219.21751529332192,322.6796171177848,107.34391305042084,191.31274926822596,727.6708150892316,90.95885188615395,210.80626296827046,17.013308935847725,73.57938585048356,149.3061047569421,18.66326309461776,37.25353449837284,8.974912851139965,14.000832243816483,114.43490137338831,3.011444772983903,7.66066930744061,1.246145159841696,2.482206867767509,209.6534300298922,2.382425341248775,43.54531284165407,0.44819131328329653,1.576938904244054,1.3618674133743425,0.8476098208598348,0.26079257463128963,0.275761091676183,0.48104657283233326,hjorth_mobility,hjorth_complexity,3.0250776628527167,0.780635989308916,-21.516990661621094,-333.984375,119.140625,-20.01953125,1371.4257234460092,37.03276553872272,1595,eeg_data_level_6.csv,17,TP10,290.0078125,300.00390625
367.731203292053,52.53302904172186,278.4436587250724,3.3374167124925447,9.29404945077739,10.686544558361021,1.3358180697951276,1.7861307474436643,0.7477272031941082,1.3451797704070891,5.589573065556454,0.6986966331945568,1.1455952944092922,0.4424639711104137,0.6476583547155004,41.24895858744022,1.0854989101957953,2.980673163010293,0.35166963523012146,0.9682688278028397,74.02769379934881,0.8412237931744183,2.5118444222094714,0.2395572895246002,0.7393130691062737,0.8275432075265232,0.10443638385670301,0.06016891409551779,0.41044746005899696,0.7686543643407404,hjorth_mobility,hjorth_complexity,3.582328811272954,0.8659803742069826,-13.98773193359375,-54.6875,252.44140625,-21.484375,1571.5981624089181,39.643387373040134,1595,eeg_data_level_7.csv,0,AF7,120.0078125,130.00390625
32.54983253415153,4.649976076307361,5.6081678459075075,2.7476844783454775,4.939774794868926,18.394902890120218,2.299362861265027,3.6799080809864466,1.2846085015704216,2.3185874674000884,7.49642497992955,0.9370531224911938,2.0483643614799076,0.3506009416744738,0.8523420349841777,51.76960003011828,1.3623578955294284,3.108390827648031,0.28563191117121584,1.0562752998157223,82.53864110879844,0.9379391035090733,3.3540030369830407,0.2669240504525324,0.7876332662422216,0.5854382014767608,0.3903710402907282,0.1882223443800946,1.1950194313721296,2.064946013464289,hjorth_mobility,hjorth_complexity,3.4717631072213195,0.8569861120913553,-21.122169494628906,-70.80078125,38.57421875,-20.99609375,130.93075973301893,11.442497967359179,1595,eeg_data_level_7.csv,0,AF8,120.0078125,130.00390625
275.4548976695465,39.35069966707807,48.92825012017673,26.8046618118019,38.96441547170501,196.68587821953184,24.58573477744148,44.12421774926464,16.673667782558784,21.266343395849987,63.08534350234275,7.885667937792844,12.616451670672383,2.883888443844236,7.549154031203983,78.18741699461346,2.057563605121407,4.770153613878269,0.7659895194692715,1.8125817715822383,87.90523052133504,0.9989230741060801,22.574711901210893,0.21060007799356908,0.6130483654158891,1.108745047627246,0.9092864124086937,0.3895446699210426,0.6265964615568034,0.7049966656085601,hjorth_mobility,hjorth_complexity,2.688957922535748,0.7108358532854958,-22.55229949951172,-255.859375,81.0546875,-22.4609375,713.1508900420158,26.704885134409693,1595,eeg_data_level_7.csv,0,TP9,120.0078125,130.00390625
262.78219887740374,37.54031412534339,52.87213615752981,19.5855682628184,37.70755541083886,177.53901487396317,22.192376859245396,33.62546676961961,11.255428816873682,19.752989158818345,51.572286314400635,6.446535789300079,8.727873487720942,3.9853237185141523,7.1564008317580425,57.62454855704303,1.5164354883432376,2.691051237071332,0.45827595005380545,1.4025913374682162,121.08268398953675,1.3759395907901903,47.206245510860384,0.20841433484081118,0.5339510478822955,1.0954633578124902,0.870620797539629,0.34875108031825885,0.5073800344398237,0.828930547046966,hjorth_mobility,hjorth_complexity,3.2815900962525086,0.8110965409483724,-24.45812225341797,-257.8125,77.1484375,-24.4140625,678.3189397174283,26.044556815531116,1595,eeg_data_level_7.csv,0,TP10,120.0078125,130.00390625
16852.79977336589,2407.5428247665554,5439.386985557507,469.62748521099326,1391.2126516090498,927.0531713543801,115.88164641929751,339.20156893902043,4.726536046224859,71.47285957904096,30.517088121122455,3.814636015140307,7.139200358858909,1.4913374470283585,3.3562010816118786,77.20738820260185,2.03177337375268,5.03222821231011,0.708582188044056,1.9287742265054844,212.85366909856504,2.4187916943018752,6.76844627295285,0.8560783540432129,2.124897232294182,1.5025023306211154,0.2168470780366078,0.013014287128181472,0.03549359888482986,0.09576780641217124,hjorth_mobility,hjorth_complexity,1.8221228027709346,0.806991263652379,-15.673065185546875,-126.953125,737.3046875,-32.71484375,9864.385164692067,99.31961117871971,1595,eeg_data_level_7.csv,1,AF7,130.0078125,140.00390625
2710.3416596304555,387.19166566149363,806.1128026286428,104.25512483725115,264.2631064980735,290.0955957857649,36.26194947322061,73.37223909313217,8.598928809993295,33.38688012354618,40.68137271775388,5.085171589719235,7.294860656060038,3.7889631672798223,4.936003588585427,80.62792833855478,2.121787587856705,4.2115280928103696,0.9891342592177543,2.08140954878978,99.25624593103649,1.1279118855799601,2.9811713306734315,0.33152704919445963,1.0201898387094062,1.4835044705774239,0.35990903663328533,0.07455456751282125,0.16646354698498947,0.22203709832706592,hjorth_mobility,hjorth_complexity,2.697803178859879,0.7512897690428261,-15.651702880859375,-173.828125,278.80859375,-19.53125,1658.9815117185935,40.73059675131944,1595,eeg_data_level_7.csv,1,AF8,130.0078125,140.00390625
675.8567172359802,96.55095960514004,191.102322536433,36.47445217835869,81.91107381411886,97.87094308910268,12.233867886137835,26.295901715771052,7.304589563160546,9.298396648386653,28.21416951436425,3.5267711892955314,6.81034436979506,1.3642070642491941,3.612894433191588,73.55575119501422,1.93567766302669,3.9363013022751923,0.46352737055885274,1.9646712729859013,124.09538750883989,1.4101748580549989,27.69266761362556,0.2810545411541134,0.9445338637786542,1.4120704294288935,0.39900846164215553,0.14747254365195564,0.42891587340357096,0.6926108236210573,hjorth_mobility,hjorth_complexity,2.910089330639017,0.8144069512857091,-22.38788604736328,-190.4296875,36.1328125,-20.01953125,475.11828128335765,21.797208107538857,1595,eeg_data_level_7.csv,1,TP9,130.0078125,140.00390625
707.5993285251205,101.0856183607315,185.84588701982318,36.905435259116224,95.49601173672949,118.90355418023512,14.86294427252939,26.069294644954212,6.546315627352538,14.379722814733801,26.137873523643247,3.267234190455406,6.132989976752851,1.3500122599089357,2.8323899058846624,65.16108638797456,1.7147654312624885,3.590952673459027,0.3671551475628437,1.7459607838675497,135.84913603144804,1.5437401821755459,46.353328066871306,0.18572424008930988,0.7049832609758002,1.4124847917611514,0.4442396484188982,0.13240367908930253,0.3724253118077154,0.6428989837627105,hjorth_mobility,hjorth_complexity,2.936625099611409,0.8402702684476739,-22.954559326171875,-182.12890625,51.7578125,-19.53125,578.4526182105765,24.051041936069556,1595,eeg_data_level_7.csv,1,TP10,130.0078125,140.00390625
924.1608536076016,132.02297908680023,304.0803991088735,25.374490558756076,82.34931816892477,68.1222485520247,8.515281069003088,19.811006886780028,1.9867429060293442,7.002005452019727,15.084015638393243,1.8855019547991554,2.309234541875361,1.1842929297470355,2.0170207034095053,69.42459120261509,1.8269629263846077,3.527582957511755,0.6746228602021421,1.7479016761716832,89.57153997395027,1.0178584087948894,2.3225947048436772,0.35616380829602956,0.9754821906799154,1.4358275180992661,0.2596980353782943,0.0776426923264926,0.3564956685389971,0.501653081093385,hjorth_mobility,hjorth_complexity,2.6933805506978135,0.8147552877783527,-30.788230895996094,-235.83984375,31.25,-26.85546875,587.242790752498,24.233092884576205,1595,eeg_data_level_7.csv,2,AF7,140.0078125,150.00390625
559.6589147197627,79.95127353139468,111.76920811222702,37.738781454014116,93.46195039982636,155.6414113254238,19.455176415677975,34.82654649090473,9.796094349585717,16.15646362775628,55.87756219895641,6.984695274869551,11.92403730852912,3.216267847965386,6.298566658258645,70.48739611620154,1.8549314767421456,4.2154950323029725,0.42913720400505434,1.698130056204172,81.83834149148319,0.929981153312309,1.976898949749383,0.16152836978468324,0.8703555048692725,1.4237494612579744,0.6245040227774762,0.2837599825786537,0.45636935861056127,0.5905164922154307,hjorth_mobility,hjorth_complexity,2.096325748818988,0.7062168416927358,-22.082138061523438,-146.97265625,66.40625,-20.01953125,506.68467752984725,22.509657428087333,1595,eeg_data_level_7.csv,2,AF8,140.0078125,150.00390625
973.4084143312466,139.0583449044638,188.2877765650511,76.23670436969472,141.4061534618237,432.56958977545816,54.07119872193227,99.14746310797139,29.07756715483057,46.9657543703064,136.73368806357783,17.09171100794723,25.517662450008626,4.727399611913918,18.77473235554803,132.03397348026218,3.4745782494805835,7.565959291971936,0.8820295154380398,3.0671596352119654,139.0742439135413,1.580389135381151,19.76689872514132,0.5056240686791514,1.2225330079674661,1.337172698789553,0.8029352965562632,0.33556793766779536,0.43482568511121317,0.5000781018264324,hjorth_mobility,hjorth_complexity,2.4810943989186756,0.7335899010121835,-23.16722869873047,-262.20703125,103.02734375,-21.97265625,750.1163211054518,27.388251516032412,1595,eeg_data_level_7.csv,2,TP9,140.0078125,150.00390625
789.1719926605966,112.73885609437095,171.88924057569122,55.665535835829914,113.49878782131289,430.17975174788893,53.772468968486116,74.5596147397102,35.45900260001435,53.82592483384539,126.66557852835064,15.83319731604383,30.65884538466174,6.270458043584883,15.691297126575027,103.31069831498014,2.7187025872363195,9.293252336448399,1.3635017134604501,2.233628466876061,175.88539355173145,1.9986976539969483,36.34185945480648,0.3444087693332486,1.3143204767309138,1.2415875055761312,0.8764393344620192,0.3450504570429107,0.38889525279368803,0.6411767013874555,hjorth_mobility,hjorth_complexity,2.5960827311323755,0.7988576210406064,-23.957443237304688,-271.484375,72.265625,-22.94921875,701.0008428187575,26.476420506155236,1595,eeg_data_level_7.csv,2,TP10,140.0078125,150.00390625
370.2212832766694,52.88875475380991,148.4830542775242,9.3600528502283,24.757768192439066,28.188802101103985,3.523600262637998,7.011462850825479,1.6094583118353838,2.3451623857653754,7.91578668747491,0.9894733359343637,1.2572977378172878,0.7350063560858602,1.0103813078794435,54.748307894092854,1.440744944581391,4.144929100711646,0.5101140128444391,1.1941979889538301,98.18753533398394,1.1157674469770902,3.0043866481125483,0.3458801163747921,1.0196175528766698,1.1982636719798858,0.2292604090741095,0.08251546756265438,0.5283362014996993,0.9926863309396858,hjorth_mobility,hjorth_complexity,3.1179528542560897,0.8676031060145023,-18.63231658935547,-79.58984375,97.16796875,-20.99609375,344.0968965514912,18.54984896303717,1595,eeg_data_level_7.csv,3,AF7,150.0078125,160.00390625
189.40547645838987,27.05792520834141,60.82485405759404,15.495211994497128,21.49588576477145,63.140856976929186,7.892607122116148,18.512992608082094,2.3450217820752517,5.521722621697354,18.87294725930021,2.3591184074125264,3.810607038848756,1.3001947938295102,2.035353806548737,63.950856029663974,1.6829172639385257,2.992102979257503,0.7113503852698411,1.6448033135836222,85.70608232067205,0.9739327536440006,1.9330325599180784,0.3444283198591644,0.9506618735396372,1.14862293101914,0.5401555551250873,0.2208973723516927,0.7982300120913478,1.1785138944233151,hjorth_mobility,hjorth_complexity,3.100262341607828,0.8260593118759615,-23.047637939453125,-109.375,77.63671875,-23.92578125,256.4201125642285,16.013123135860425,1595,eeg_data_level_7.csv,3,AF8,150.0078125,160.00390625
2526.432380115195,360.91891144502785,462.7881184497368,239.42671210146005,355.8103304910165,546.111064603181,68.26388307539763,168.46863993145615,16.732946556145073,55.57374002737099,98.69169049399096,12.33646131174887,18.435148467447938,5.764855264871601,12.648097102132771,91.41206917445666,2.4055807677488596,4.81967353984535,0.9227156055521039,2.2321938643689316,114.47756600412521,1.3008814318650592,23.689100905850108,0.32702525624199297,0.862634483713401,1.6283634459557652,0.5879860752381799,0.15924455832258805,0.18995077919189055,0.24069945984837673,hjorth_mobility,hjorth_complexity,2.445713373622153,0.6895382844496083,-22.51739501953125,-322.265625,197.75390625,-21.97265625,1790.367232169956,42.31273132486198,1595,eeg_data_level_7.csv,3,TP9,150.0078125,160.00390625
2233.3049426102602,319.0435632300372,413.6218603505656,243.0714249083943,301.6019686161169,565.3077917205188,70.66347396506485,170.07072382137375,16.756765533578445,56.47982925519053,103.87636993142235,12.984546241427793,18.14022385705915,5.496631546857518,13.330989849207374,79.1399951734588,2.082631451933126,5.1351754345824165,0.5566189078434144,1.8253779363120657,156.7657876528309,1.7814294051458057,49.83058932213842,0.23261987449921342,0.9352419943445687,1.5849770766750693,0.6296912659842291,0.17553231547688192,0.17657177294079646,0.3081388965367814,hjorth_mobility,hjorth_complexity,2.834904651883906,0.769743277588134,-20.06988525390625,-309.08203125,178.22265625,-19.53125,1622.955200728029,40.28591814428497,1595,eeg_data_level_7.csv,3,TP10,150.0078125,160.00390625
17817.21196269652,2545.3159946709316,6357.358419052945,451.4279074984733,1877.6806784471514,692.4982082881033,86.56227603601292,259.1416139335644,14.411374779732284,56.01916552463091,39.24174828873262,4.905218536091578,7.9041767179341225,2.694515736557218,4.693743547774513,89.41865224402483,2.3531224274743376,3.8933031503186433,0.5315613234885167,2.3563722160081655,170.58510823203738,1.9384671390004249,4.427501653643713,0.5472023693380323,1.8316738238853336,1.6068987317224148,0.1825196554084107,0.016991562174567244,0.042164096271043235,0.08191994982187793,hjorth_mobility,hjorth_complexity,2.905666702476952,0.7433858661345841,-13.847541809082031,-206.0546875,974.12109375,-28.3203125,12831.760165827287,113.27735945822222,1595,eeg_data_level_7.csv,4,AF7,160.0078125,170.00390625
713.4108943498507,101.91584204997866,231.3363176815677,39.031812255659105,55.03672606940147,123.16751715952667,15.395939644940833,29.43136818250345,5.2366206867223,12.586786527170766,35.65105102942974,4.456381378678717,9.924576198972376,2.0100071252591816,3.679519839674175,80.16850183776535,2.1096974167832987,3.817229292823847,1.1355770615178704,1.9166281221247023,115.7072533680643,1.3148551519098215,2.424886059415405,0.3422227926481148,1.276122396073164,1.4056678190922969,0.45461057889163153,0.17318204778862895,0.4489709077124898,0.6971783431302825,hjorth_mobility,hjorth_complexity,2.4899396552428064,0.7913907789982962,-16.442298889160156,-116.69921875,140.13671875,-18.5546875,641.7679271180532,25.333138911671668,1595,eeg_data_level_7.csv,4,AF8,160.0078125,170.00390625
347.8704544655761,49.69577920936801,92.98579499330461,9.300776220646267,38.354528015530256,59.43764805869144,7.42970600733643,10.973669780443934,4.199669671743321,7.371343824376386,39.2092814064285,4.901160175803563,8.667668542912713,2.19106003399237,4.179683715215261,101.63783907220491,2.67467997558434,8.190464070153308,1.126476900526936,2.412270288094647,127.3532700852605,1.4471962509688694,18.885746195585565,0.23234110238614075,0.9746440511814312,1.2282583266404654,0.38052679298737285,0.2715034477661983,0.7882057753841392,1.0460251487086791,hjorth_mobility,hjorth_complexity,2.5430111931875907,0.7780524218852729,-24.364471435546875,-122.55859375,40.52734375,-22.94921875,395.8742687245831,19.896589374176244,1595,eeg_data_level_7.csv,4,TP9,160.0078125,170.00390625
335.9248578227088,47.98926540324412,76.40236332206915,33.36460405874925,39.71055686905072,91.66231193376902,11.457788991721127,26.662304662829285,4.73641276753494,8.28898558267625,38.59627844827093,4.824534806033866,7.193925025953492,2.881308772327801,3.783967357725661,103.60126574438999,2.726349098536579,6.176028886083813,1.173717701708502,2.612547223660565,173.21220633968971,1.968320526587383,43.71602978504518,0.3314464304474526,1.1455451125698946,1.193960797573357,0.4845072319882023,0.2518794143132051,0.7518427132108096,1.148063985005033,hjorth_mobility,hjorth_complexity,3.0825718289595665,0.8390133866091642,-24.544334411621094,-136.71875,44.921875,-22.4609375,397.9484343653894,19.948644925542922,1595,eeg_data_level_7.csv,4,TP10,160.0078125,170.00390625
373.61808039559685,53.37401148508526,166.02211879131167,8.476004550515416,21.293997323325275,22.571583831356566,2.8214479789195708,4.061385948238457,1.5751481066694077,2.8614876565375846,9.551162873407279,1.1938953591759098,1.717991110319129,0.7366118659946543,1.1701954640630456,67.72407796998661,1.7822125781575424,3.693925111940329,0.6867732231497807,1.5493826248642104,135.13642908419098,1.5356412395930794,5.7427168536786475,0.5792486384770927,1.4372298397164562,1.126570058190625,0.17808335397314734,0.08733821634910338,0.5737955891318012,1.1753924640802276,hjorth_mobility,hjorth_complexity,2.861440420856298,0.9090543185022467,-23.66657257080078,-102.5390625,85.9375,-25.390625,452.95670275663724,21.282779488512237,1595,eeg_data_level_7.csv,5,AF7,170.0078125,180.00390625
205.385631890326,29.340804555760858,59.679037526290436,14.136651714376134,19.253629606032714,66.19169309751315,8.273961637189144,15.090519815043145,4.055576131463981,6.6806880866150635,13.312402764652822,1.6640503455816027,3.0847118252958743,0.709679724804744,1.2079079949845564,75.14652095868658,1.9775400252285942,4.251466428344956,0.4845190275567897,1.7765601527971737,112.48943048907543,1.2782889828304027,2.6246497549610104,0.35595179714618835,1.230592302731417,1.0619843570238825,0.5111608647251586,0.14226216180529974,0.7803829180670666,1.2723088457588645,hjorth_mobility,hjorth_complexity,2.9145119588010826,0.8656163430526683,-20.507049560546875,-83.984375,68.84765625,-20.99609375,271.3024610420689,16.47126167122813,1595,eeg_data_level_7.csv,5,AF8,170.0078125,180.00390625
1867.9543270285312,266.850618146933,384.98184441148504,87.76618746763108,260.30995394442823,1220.3867265458207,152.5483408182276,272.12143482589113,67.89455559724809,129.16439315003097,250.45588989528267,31.306986236910333,55.63921380376117,11.050821431906703,29.161861952694224,115.33145725565143,3.0350383488329324,7.577386725257455,0.7948369381195117,2.3811802912775892,143.26083931347893,1.6279640831077151,22.6155415950564,0.460052111678231,1.2437640094070836,1.2983731083578878,1.0316191385914084,0.3208628401895496,0.21943312219524633,0.28806616390440365,hjorth_mobility,hjorth_complexity,2.4103323483256296,0.6724620274413151,-21.966934204101562,-272.4609375,147.4609375,-20.99609375,1606.5749943663832,40.08210316795244,1595,eeg_data_level_7.csv,5,TP9,170.0078125,180.00390625
2241.101184167431,320.1573120239187,466.3951586556962,77.78361315509241,306.9064508602087,1099.5051849337324,137.43814811671655,234.9939565251617,56.98584845086408,129.84547199131762,218.26578509401511,27.28322313675189,47.46971828910565,10.456193466495089,25.868736965494676,118.59497297539164,3.120920341457675,8.105929565638425,0.9242801166577258,2.413689592033135,212.9308952387939,2.4196692640772035,42.600044559887074,0.4300673160420264,1.590142158364301,1.3649162906084893,0.9086093208886994,0.2684642335914987,0.2097583559441461,0.3677336360016378,hjorth_mobility,hjorth_complexity,2.711071063346075,0.7326152480336267,-22.827529907226562,-295.41015625,125.0,-21.484375,1716.3856884872075,41.429285396772265,1595,eeg_data_level_7.csv,5,TP10,170.0078125,180.00390625
4392.844939715574,627.5492771022248,1986.3160092480039,52.48106436065481,262.09601693417176,302.78283494061657,37.84785436757707,93.50983732661359,5.480414763949251,30.900553135501802,13.58382807769486,1.6979785097118576,2.81028910983951,0.8101383607893751,1.3855913219579274,94.16278957303687,2.4779681466588652,7.022864318357614,0.7338428383801054,1.9912764638611906,183.20944025702778,2.081925457466225,5.060138683095133,0.4185465635236231,1.8429221197879815,1.3099593026284369,0.27215923930781566,0.02122866705518306,0.1389079698233166,0.27813890229310634,hjorth_mobility,hjorth_complexity,3.144488623228482,0.8415053212244648,-16.329193115234375,-151.85546875,489.2578125,-25.390625,3321.368009201251,57.63131101407681,1595,eeg_data_level_7.csv,6,AF7,180.0078125,190.00390625
581.2631875601012,83.0375982228716,143.06967710235816,42.177473649804426,69.39993144742708,160.77095082842322,20.096368853552903,29.181295333933537,6.2784284377076895,22.608541562740847,41.05201453495847,5.131501816869808,8.428343969960402,1.753371432716293,5.059613756829883,74.07495055061528,1.94934080396356,4.531622203066279,0.9170297096364288,1.6986995751548197,119.0835005843729,1.353221597549692,3.5150002633564466,0.5317065016905494,1.2314985105198213,1.3917724121213655,0.6065581430210054,0.209046381759097,0.45125304524200416,0.770349711364419,hjorth_mobility,hjorth_complexity,2.600505359294441,0.7931089319274502,-22.583770751953125,-160.15625,97.16796875,-20.99609375,605.0692865392193,24.598156161371513,1595,eeg_data_level_7.csv,6,AF8,180.0078125,190.00390625
1138.5768414684305,162.6538344954901,235.54194936834008,116.20079266578806,160.60991789347298,582.8104266669447,72.8513033333681,163.217827027858,39.78739407556131,53.502723691517915,115.28502371169488,14.41062796396186,27.12891425193739,7.343501854869757,13.271096953381349,132.34166578046396,3.4826754152753674,10.300158671009543,1.3184316556805986,3.106646750030764,127.09246689005643,1.4442325782960959,17.145316587739728,0.38628085768974996,1.1613663807510948,1.3512682517392112,0.8825415389617216,0.2639609978177743,0.38842539484720895,0.4122389703153694,hjorth_mobility,hjorth_complexity,2.0830578643327917,0.7225103117121383,-24.210548400878906,-260.7421875,95.703125,-22.94921875,931.2674661850906,30.51667521511953,1595,eeg_data_level_7.csv,6,TP9,180.0078125,190.00390625
1192.2885388449367,170.32693412070526,250.2131762356713,120.89265341959101,159.0324368663491,637.9963385507126,79.74954231883908,174.50434350877015,27.50191030067988,67.1314801953185,140.20576655854592,17.52572081981824,26.25624057344975,10.366309784482556,16.139360709038144,93.04200432457101,2.4484737980150264,10.702203690162115,0.5987842619477679,1.860053232738903,155.91864666606656,1.7718028030234836,36.318469008547765,0.4447419098591366,1.0608891421702462,1.3395793512151408,0.9015744461263929,0.29468586945716546,0.27180879560766014,0.4433088342573246,hjorth_mobility,hjorth_complexity,2.1847783120602955,0.7672329413565956,-25.716209411621094,-328.61328125,83.0078125,-23.4375,1060.0448379045702,32.55832977756338,1595,eeg_data_level_7.csv,6,TP10,180.0078125,190.00390625
249.21258877291606,35.60179839613087,112.70825106557311,5.6234718332969305,13.547647562447569,20.07912803477806,2.5098910043472573,4.127710937711526,1.0099820172685716,2.1084883914617163,8.389290834216727,1.0486613542770908,1.9556810220877148,0.6881385226975237,0.9342794062654467,85.78761397388098,2.2575687887863416,5.539703620557647,0.6253200627388462,1.8766371324279418,158.68816241565776,1.8032745729052018,4.519476884115298,0.2515136216866029,1.5972600356537052,0.9939911616936437,0.1902111111193786,0.09310392112269156,0.819828632893132,1.59360082193153,hjorth_mobility,hjorth_complexity,3.312548493386966,0.8932414474461229,-24.899673461914062,-142.578125,60.546875,-23.4375,534.4435501319822,23.118035170229806,1595,eeg_data_level_7.csv,7,AF7,190.0078125,200.00390625
428.33565154267114,61.19080736323873,77.04870747858456,45.255753633498365,59.575976231796645,111.46290306686204,13.932862883357755,30.676510195355927,3.6802503301717215,13.185551654756253,19.56615708751348,2.445769635939185,3.929502763125151,1.6040579285708982,2.1002860452826684,77.15782155290796,2.03046898823442,4.234668228033014,0.7375538535169652,1.9723195989464044,113.10947839430436,1.2853349817534587,4.215910753797854,0.3724745969570564,1.093806322318989,1.375156305252459,0.543544866650765,0.14120552188866337,0.57115393402118,0.8981572869382624,hjorth_mobility,hjorth_complexity,2.7243389478322713,0.8064049531581281,-19.928741455078125,-130.859375,102.05078125,-20.01953125,466.5383597603068,21.599499062716866,1595,eeg_data_level_7.csv,7,AF8,190.0078125,200.00390625
1328.7893992007857,189.82705702868367,277.2085727866182,112.30240292240704,182.91227698174825,695.5622829503145,86.94528536878931,140.19751043595136,43.6210418533461,82.24593589457004,142.5435882796503,17.817948534956287,29.301646562195597,7.728807048006715,16.926021169320315,94.34707671523738,2.4828178082957204,7.013022283490953,1.0173652807924671,2.1407958713366506,135.5041617239222,1.5398200195900251,30.890053051738082,0.2887105100152676,0.9120719867335803,1.3643861318936628,0.9257446275856688,0.28111005716203435,0.26037979109331405,0.3677622129031025,hjorth_mobility,hjorth_complexity,2.096325748818988,0.6944889414626703,-23.305702209472656,-288.0859375,91.796875,-20.99609375,1442.39724464569,37.97890525865234,1595,eeg_data_level_7.csv,7,TP9,190.0078125,200.00390625
1482.5619465881769,211.79456379831097,290.7123547082043,127.65446484469665,213.82887951667027,672.476984448783,84.05962305609788,154.91005110333765,39.03942553832666,78.29501025723229,130.5123022580816,16.3140377822602,30.475409796001617,5.093446353830495,14.881098207383072,100.75232863131444,2.651377069245117,5.289318039059105,1.380792815268504,2.356796337431805,199.70740434657756,2.2694023221201998,57.14698718870571,0.2879679353457605,1.2988168135953493,1.385962544193982,0.8479322352585376,0.24253858846644744,0.25845257583900555,0.4580578219709663,hjorth_mobility,hjorth_complexity,2.4943622834048718,0.7603640763956041,-23.941421508789062,-278.3203125,93.75,-22.4609375,1487.6722705957945,38.570354815528916,1595,eeg_data_level_7.csv,7,TP10,190.0078125,200.00390625
57.35393584773448,8.193419406819212,13.123171679968257,3.926687916429308,8.79716759366521,17.101721094832246,2.137715136854031,4.497627121110045,0.9526359826998301,1.7428610887189306,6.481108060090062,0.8101385075112577,1.1757159577044307,0.38889920217982776,0.897108888629075,62.51635814439501,1.6451673195893424,3.8475263532932,0.26791977012188906,1.7051641393597878,126.14487193123577,1.4334644537640429,3.486507593603775,0.4627329123366402,1.2553529776171546,0.6725120620088064,0.27319816710266154,0.12565914493919855,1.0562893152999902,2.202513475419635,hjorth_mobility,hjorth_complexity,3.8609543854830726,0.9156448971938085,-22.075271606445312,-75.68359375,35.15625,-21.97265625,163.24379816069268,12.776689640149074,1595,eeg_data_level_7.csv,8,AF7,200.0078125,210.00390625
186.85298129200694,26.69328304171528,39.03964523452943,14.104696679038675,31.16371085678455,54.733460756170444,6.841682594521306,12.947752448677544,2.9088601649560486,5.225886403624609,13.080551377956535,1.635068922244567,3.003667964348819,0.7887745658746698,1.599840660744404,74.36900090228184,1.95707897111268,3.93861756443602,0.6004656250716378,1.7850411174123622,114.96985038816041,1.306475572592732,3.46157932032005,0.3827640482775288,1.2608618670431633,1.098020011870504,0.4754443333569954,0.15386252783699458,0.8433232978838249,1.4091276135315989,hjorth_mobility,hjorth_complexity,3.250631699118051,0.8523325908192021,-20.142555236816406,-86.42578125,77.1484375,-20.99609375,234.52644145436352,15.314256150866862,1595,eeg_data_level_7.csv,8,AF8,200.0078125,210.00390625
965.4476543944438,137.92109348492053,176.0106745277953,78.19341868535128,152.65416105898476,460.6289227123633,57.57861533904541,135.51851939359483,16.85063810786241,47.634976802833094,105.77527469725511,13.22190933715689,24.180599101018558,4.103474611853045,12.550771861778829,114.1045048154127,3.0027501267213865,5.63830286408468,0.9779945809116946,2.8420769137054034,140.9042189984268,1.6011843068003047,25.197987511383147,0.43827937076626977,1.1313139814237574,1.3429131519434192,0.821781109186135,0.27503700851907775,0.39294019988495527,0.5036645525220025,hjorth_mobility,hjorth_complexity,2.6801126662116177,0.7180641131313041,-22.02625274658203,-229.00390625,82.51953125,-20.01953125,957.9146426040097,30.95019616422503,1595,eeg_data_level_7.csv,8,TP9,200.0078125,210.00390625
775.02816650114,110.71830950016286,171.92912444119278,54.15512662263532,97.53237709734283,410.8033592322197,51.35041990402746,115.66458780932619,15.954385777936247,43.457983971946135,83.77631960211755,10.472039950264694,19.031608330237376,4.5872277869669995,9.364006575808329,86.90660971871041,2.287016045229221,4.7368913302694,0.7884433057883291,1.9994301561469088,182.26067115368528,2.071143990382787,55.04606054506598,0.339274845177181,1.0367881244944543,1.272115654186061,0.8462224104502022,0.26013144864442606,0.35622074315107216,0.645729607323718,hjorth_mobility,hjorth_complexity,3.1046849697698935,0.8028551297287616,-22.52635955810547,-224.609375,91.796875,-21.97265625,839.9351540356292,28.981634771620964,1595,eeg_data_level_7.csv,8,TP10,200.0078125,210.00390625
2926.474548706394,418.067792672342,1265.0924821931103,14.604070015489036,112.66343746535387,83.15765444667784,10.39470680583473,29.240431957758542,1.7943202636787976,4.800647822291264,8.81924160507305,1.1024052006341312,1.7172271625082713,0.6279232684767458,0.9114368836454632,110.43002723925005,2.906053348401317,5.633485937248446,0.5014609763086373,2.821302104001245,202.25319100239895,2.2983317159363517,8.403689140414722,0.8449569033608659,2.0114659170955225,1.222629810382678,0.12554412084781957,0.01966338353744352,0.2139649230090748,0.4075202226514596,hjorth_mobility,hjorth_complexity,2.719916319670206,0.8701891181525706,-21.445846557617188,-177.24609375,173.828125,-23.92578125,1587.06401110976,39.8379719753624,1595,eeg_data_level_7.csv,9,AF7,210.0078125,220.00390625
509.5009888631736,72.78585555188194,106.79140029941048,23.585833249829324,71.38619303970627,162.3503636529454,20.293795456618174,34.36544678730448,5.769980434830991,20.52709731640514,33.45540908610394,4.181926135762993,7.511629131570604,1.545868976973935,4.0078721632368,86.77610643168595,2.283581748202262,5.376186315336806,0.7823110066787042,1.9584691295620607,131.96485098043857,1.4996005793231655,3.7290723540668833,0.3760903319922885,1.4282633617502216,1.3213554579481397,0.623546082997003,0.18415799073020048,0.5332130216742468,0.8699859667097206,hjorth_mobility,hjorth_complexity,2.8923988179907556,0.8068707890393694,-21.16260528564453,-160.15625,86.42578125,-19.04296875,548.3391967936768,23.41664358514424,1595,eeg_data_level_7.csv,9,AF8,210.0078125,220.00390625
1602.5400351948742,228.9342907421249,309.8747681825931,162.4086602275583,211.1563606584424,663.2987978370899,82.91234972963623,162.3253581308985,21.79001993047142,62.22679043059054,97.87084793666682,12.233855992083353,19.01688839881094,4.358418868388782,12.28929602803767,124.60926043285305,3.2791910640224486,6.791362099542955,1.6646461055327115,2.7760327534450058,171.95202641669758,1.9540003001897452,23.141541249184165,0.7135542343129316,1.3848972614459858,1.4425707963880858,0.8081815316771882,0.18967195043543722,0.30455270948257357,0.4352129613560548,hjorth_mobility,hjorth_complexity,2.5518564495117215,0.7211589468517055,-22.258377075195312,-230.95703125,154.296875,-20.99609375,1257.85967669799,35.466317495589955,1595,eeg_data_level_7.csv,9,TP9,210.0078125,220.00390625
1435.0712566294687,205.01017951849553,301.2081402760377,115.10691063488713,202.78321293953343,640.6343557499118,80.07929446873898,153.18888796795179,25.435080919841294,70.81961741018438,97.4457693782308,12.18072117227885,21.83718075313844,4.494964958828174,10.60589534592346,105.12118833963613,2.766347061569372,5.809445626909,1.4094306774034708,2.513023938571414,187.9393397297801,2.1356743151111375,34.63499743042293,0.28944509635462684,1.5332323526168659,1.3969202380229622,0.8373322820000084,0.20021208194724027,0.2801627032969923,0.4871989974982786,hjorth_mobility,hjorth_complexity,2.781833113939121,0.769076235786419,-22.8668212890625,-219.7265625,150.87890625,-20.99609375,1163.7250985950232,34.11341522912977,1595,eeg_data_level_7.csv,9,TP10,210.0078125,220.00390625
1280.492749838617,182.92753569123101,413.5515650544013,38.01444774156747,117.56850716147227,91.04971983814158,11.381214979767698,26.17268579124978,4.402868532669027,9.333380763917996,18.915843139051784,2.364480392381473,4.9211134476195335,1.201268566290282,2.2731616264905576,69.30535730964499,1.8238251923590787,4.1419853435232925,0.46414464841821473,1.725381061224255,118.60349040041736,1.347766936368379,3.439687985492732,0.3847684937002927,1.2236763792735204,1.4384582513599038,0.2514371745618204,0.06994607563190997,0.26585308905706,0.4752688983625812,hjorth_mobility,hjorth_complexity,3.109107597931959,0.8550460195834007,-23.13251495361328,-206.0546875,122.0703125,-23.4375,811.4839205154567,28.48655683854152,1595,eeg_data_level_7.csv,10,AF7,220.0078125,230.00390625
113.9461905166057,16.278027216657957,24.118492406776692,11.855259424600657,16.275986802303592,57.32170821695615,7.165213527119518,13.835127204150165,3.6497797951033957,5.888146629709899,17.095545285743196,2.1369431607178995,5.103935002108088,0.9970750912088165,1.8722359918867884,67.14235385548751,1.7669040488286187,4.270763154310141,0.6598296286460877,1.7281966171074186,106.05511662077879,1.205171779781577,3.293691717047149,0.47544238478301487,1.0953630926587232,0.9165916113828174,0.5698973648049666,0.22075065770850474,0.911364243143754,1.5351180169222263,hjorth_mobility,hjorth_complexity,3.2550543272801162,0.8558024244203845,-22.66254425048828,-90.8203125,46.875,-22.4609375,206.73708753747633,14.378354827221239,1595,eeg_data_level_7.csv,10,AF8,220.0078125,230.00390625
2484.818226291611,354.97403232737304,562.196363682199,83.08753573788825,369.96076522224195,1299.2860504508008,162.4107563063501,281.5507104772606,63.14945262739858,150.8536532700856,259.66189680622426,32.45773710077803,64.60006851522375,9.797537140339038,30.36718894122242,167.57877974715095,4.40996788808292,11.439521323099418,1.5285213851522232,2.921118598217202,142.72673206656066,1.6218946825745528,24.303138770918935,0.3991219806980814,1.2105591093827814,1.3547865203902454,0.9473479328817687,0.28196698569778567,0.2567356109538739,0.24227738888663802,hjorth_mobility,hjorth_complexity,2.6314637564288983,0.6605521396113782,-23.043441772460938,-354.4921875,111.81640625,-21.484375,1995.0353236345109,44.66581829133449,1595,eeg_data_level_7.csv,10,TP9,220.0078125,230.00390625
2428.4704498879005,346.9243499839858,532.1508764626176,79.52265689698669,344.36747212746945,1252.3179900943564,156.53974876179456,276.52726972805743,51.13975285631958,149.64324761713445,231.2696833385992,28.9087104173249,65.68370299441028,9.77646486351463,22.98286130056981,134.0101038137718,3.526581679309784,12.595975923087204,1.0832755322214085,3.019738890912957,211.6344346390166,2.4049367572615523,60.810267626113124,0.39492038452727635,1.254111374185745,1.3654399400443629,0.929335092108257,0.2585479538913428,0.2162961328902129,0.32136448062053424,hjorth_mobility,hjorth_complexity,2.9852740093941286,0.7435867487159766,-21.899032592773438,-355.95703125,134.765625,-20.99609375,1879.8820486699697,43.35760658373533,1595,eeg_data_level_7.csv,10,TP10,220.0078125,230.00390625
1454.8289631764085,207.8327090252012,466.9415864150677,24.066743098517044,185.91667807230837,67.13238061904624,8.39154757738078,12.384385925561777,3.3518236843987945,8.668647788090183,15.341616486094264,1.917702060761783,3.0482578738663126,1.0243267916511452,1.797247056705151,84.75205239131726,2.2303171681925598,6.677024783162386,1.0545422926694887,2.127052270710573,141.13614106645517,1.6038197848460813,4.823318693218727,0.523817057667744,1.5117354481304115,1.4711165692987673,0.18574004347512674,0.05436109125543969,0.2918532691222608,0.509643594276463,hjorth_mobility,hjorth_complexity,3.2108280456594627,0.8631709129306976,-25.36773681640625,-238.76953125,66.89453125,-21.484375,905.9789008460939,30.09948339832586,1595,eeg_data_level_7.csv,11,AF7,230.0078125,240.00390625
239.74307993403184,34.24901141914741,62.17659822554155,15.840286334442267,31.16527751758634,56.65823051737921,7.082278814672401,17.040330481474573,3.4322250068502376,4.820915631570331,21.648578536573876,2.7060723170717345,3.8167384681530967,1.7788587475507533,2.5748712123557156,67.84944006246599,1.7855115805912103,4.4175329954882,0.3969774330253616,1.6792503825076364,122.55697711302939,1.3926929217389703,3.293414059716859,0.41747324004407343,1.2408932331279523,1.1733273078192306,0.4351700252851046,0.21074343973675935,0.7048787693631862,1.323109981827243,hjorth_mobility,hjorth_complexity,3.0560360599871745,0.8517688596500529,-20.193862915039062,-117.1875,63.4765625,-20.01953125,276.00318877375685,16.613343696371206,1595,eeg_data_level_7.csv,11,AF8,230.0078125,240.00390625
1970.732765534307,281.5332522191867,355.4908842144016,213.73181625477417,289.94206632309823,668.5726732721375,83.57158415901719,191.1589217588654,33.328687277180755,73.03041168147749,133.2292635801366,16.653657947517075,31.056286306561397,6.74974863838008,15.855097803305963,141.39815892178933,3.7210041821523507,10.561025236967199,1.2949510529243549,3.2951545316958857,144.89985709785685,1.6465892852029187,26.241605422027003,0.23805573515242642,1.1511272558969283,1.5141748634869077,0.7459572406509961,0.2197290374473799,0.2990432872341764,0.32652798934649774,hjorth_mobility,hjorth_complexity,2.2466951063292107,0.6998077857275128,-23.328590393066406,-291.9921875,143.06640625,-22.4609375,1460.758376888407,38.21986887586621,1595,eeg_data_level_7.csv,11,TP9,230.0078125,240.00390625
1201.0801586099778,171.5828798014254,244.59101453593556,85.30176490355734,192.11520384930108,689.3975738214772,86.17469672768465,141.70331988650162,31.47375998013914,80.95398662930181,150.38884069712324,18.798605087140405,34.46015822229241,6.515896261142458,18.707924190151452,111.51029366305677,2.9344814121857046,6.84193575828159,0.8951336947626733,2.570178615651509,196.4444146697079,2.2323228939739534,52.54887638790757,0.521606592949164,1.2577384304741495,1.2953187496715919,0.9252648874441669,0.2960558844808565,0.306402126474483,0.4953304424397863,hjorth_mobility,hjorth_complexity,2.9941192657182594,0.7737580247509506,-22.37377166748047,-276.85546875,125.48828125,-20.99609375,1106.7399213425233,33.2677008725058,1595,eeg_data_level_7.csv,11,TP10,230.0078125,240.00390625
688.0818523886118,98.2974074840874,302.5485532243492,14.717114781444657,41.49294649519166,36.65647114155315,4.5820588926941435,8.367688884936486,2.298404251318741,4.378929982695342,18.01296831621229,2.2516210395265364,3.35049627823873,1.0180389172204465,1.9818279257771616,97.69949027067112,2.57103921764924,5.08291168186046,0.9481179999452866,2.440693133194725,155.98902676809047,1.772602576910119,5.561669364786616,0.6509040757928222,1.5137316170369985,1.1717052181381982,0.17529281531362412,0.09774496336578976,0.518044582762863,0.8755618071228743,hjorth_mobility,hjorth_complexity,2.896821446152821,0.8653511836060092,-21.176528930664062,-96.6796875,112.3046875,-23.4375,524.4410059822258,22.90067697650499,1595,eeg_data_level_7.csv,12,AF7,240.0078125,250.00390625
681.7438260772062,97.3919751538866,156.6707415575211,54.82424667221414,84.41841542866845,183.48618387784853,22.935772984731067,37.24118698485193,8.056234801923601,23.762556936045904,40.250780372935054,5.031347546616882,7.368190138760891,2.9742013848177487,4.933612709012339,91.18273199451527,2.3995455788030333,4.468370553158511,0.8713235374544428,2.3102904582906834,137.95907481095244,1.5677167592153687,4.907064305128592,0.482712744128148,1.4432210136338282,1.4017788280995143,0.602546483501205,0.18507340108322445,0.47578286528752217,0.7651295313527937,hjorth_mobility,hjorth_complexity,2.6933805506978135,0.8142310440719649,-20.647239685058594,-160.15625,76.66015625,-20.01953125,527.6410156147904,22.970437862931355,1595,eeg_data_level_7.csv,12,AF8,240.0078125,250.00390625
1271.5968483259667,181.65669261799525,269.7222929639323,86.69701381942741,202.66396038831545,470.8354303900851,58.85442879876064,103.10953684979864,14.080654261624883,63.9300653992618,118.97723202363554,14.872154002954442,18.161554417795443,9.155356190799285,15.713134077221754,124.68816349522758,3.2812674604007257,5.6805241507308315,0.8942196090236327,3.1160201041565596,169.13361279063983,1.921972872620907,18.158869032621524,0.586728171506363,1.5215068774818983,1.389542986377099,0.7284631882902944,0.26517682966957046,0.35782912029495845,0.5141891697247183,hjorth_mobility,hjorth_complexity,2.401487092001499,0.7368787862815552,-23.80695343017578,-252.44140625,78.61328125,-20.99609375,1076.3765673254966,32.80817836036461,1595,eeg_data_level_7.csv,12,TP9,240.0078125,250.00390625
1344.4525678570471,192.06465255100673,261.96104218669484,121.71996242861425,183.95545784284397,466.5133975397678,58.31417469247098,103.28461125445847,25.42814855516272,56.93701546955357,97.22440934533329,12.15305116816666,19.68878760037187,7.214807141676023,11.711953909632442,135.81911928319275,3.574187349557704,7.512313644394321,1.624772058104926,3.1042042434923482,212.69462877715893,2.4169844179222606,44.65414968440123,0.4044665664256593,1.630522375366736,1.4214739955323357,0.7191373499781586,0.21683837552494817,0.3725487866332027,0.5715517918680477,hjorth_mobility,hjorth_complexity,2.498784911566937,0.7819325432922198,-25.153160095214844,-253.41796875,76.66015625,-23.92578125,1104.5299024772248,33.2344685902637,1595,eeg_data_level_7.csv,12,TP10,240.0078125,250.00390625
3441.9943819115933,491.71348313022764,915.4278483013295,104.63114835858319,373.0914837711423,311.5625935909927,38.94532419887409,114.23056803199864,8.110449990742845,21.81097894776572,20.489713569704186,2.5612141962130233,4.498421247708398,1.0233883541437618,2.4003966431506982,90.99842090365635,2.394695286938325,4.010853597548098,0.741791943508509,2.387164341786332,146.4047500973526,1.6636903420153706,5.3961813311535165,0.4253229228695595,1.4749198070028364,1.5900745221840848,0.32135969123382824,0.03583135607468424,0.16181777916319778,0.27170046508426643,hjorth_mobility,hjorth_complexity,3.0029645220423897,0.7889270271673329,-12.06512451171875,-178.22265625,373.046875,-20.5078125,2758.160026278347,52.51818757609926,1595,eeg_data_level_7.csv,13,AF7,250.0078125,260.00390625
399.51753222733805,57.073933175334005,86.04105599834611,26.432932478335832,62.07460156359423,128.73660508040211,16.092075635050264,30.76245536119306,6.368484579737851,14.656414604960432,41.126883168933475,5.140860396116684,8.76542202676682,2.733252292131139,4.878105975469487,75.15747015401055,1.977828161947646,3.0822517375955716,0.7735505223092799,1.8678617215937245,121.54959861545814,1.3812454388120243,3.863008282745976,0.5487736301135298,1.3262787839706323,1.2593116860668148,0.5981772135088652,0.2512650531782283,0.5491318916811952,0.9343792953537857,hjorth_mobility,hjorth_complexity,2.7464520886425983,0.816797403993822,-21.45843505859375,-116.2109375,58.59375,-20.99609375,407.62021904811263,20.189606708604124,1595,eeg_data_level_7.csv,13,AF8,250.0078125,260.00390625
2360.261736442506,337.1802480632151,399.01084664929897,178.91188807052373,362.7905971535563,1449.9919042781726,181.24898803477157,459.69061252369494,96.53707792622814,128.07989111141757,281.3280956607553,35.166011957594414,66.48801817650107,16.47362926512899,28.253325344770015,154.11271524178997,4.055597769520789,14.209733042878547,1.070446261309966,3.1557233267931086,203.41898248564206,2.3115793464277505,23.218288236739944,0.6118449348272011,1.8684570875132924,1.3411447826676937,0.9736804799133768,0.29605130375955,0.2331238166961411,0.32862285071877867,hjorth_mobility,hjorth_complexity,2.53416593686346,0.7063716576116725,-20.06359100341797,-334.9609375,142.08984375,-18.5546875,1816.3044150787755,42.618123082542894,1595,eeg_data_level_7.csv,13,TP9,250.0078125,260.00390625
2578.9343818204916,368.41919740292735,467.4402854085826,223.14239032437774,376.5011071516353,1376.606710996901,172.07583887461263,385.5159213768426,99.17240100569728,131.04571899204257,262.56532398321616,32.82066549790202,61.337175757238434,12.291197255771262,29.856963365377723,156.26728779214181,4.1122970471616265,10.800409683143142,1.4240086066243725,3.5185383710365232,282.7045664514855,3.2125518914941535,58.15854300892508,0.5909319005720519,2.0393896401126277,1.3696645104490237,0.9239469402887718,0.2680741600151658,0.2274411854331574,0.39531313568852056,hjorth_mobility,hjorth_complexity,3.029500291014782,0.7641375131334984,-22.19085693359375,-392.08984375,145.01953125,-20.5078125,1906.7263952456415,43.66607831309839,1595,eeg_data_level_7.csv,13,TP10,250.0078125,260.00390625
3491.882028826323,498.8402898323319,1448.419363485716,40.183946262684216,313.71799930898635,129.59946227204324,16.199932784005405,24.624783893460855,9.282486157380214,17.53415018841649,14.441079105567256,1.805134888195907,2.96236693305561,0.8764580378424235,1.5862051572533575,70.92582675787781,1.866469125207311,3.757832976723847,0.612047347345127,1.7026262899355527,113.05381867772903,1.2847024849741935,3.9973183033388247,0.3224871060108561,1.14059134943022,1.4060874089795603,0.17731764210015838,0.027655822879712424,0.13526846094014508,0.2251195084609738,hjorth_mobility,hjorth_complexity,2.9631608685838016,0.8205607922241019,-26.72595977783203,-397.94921875,60.05859375,-21.484375,2472.6371193173686,49.72561834022146,1595,eeg_data_level_7.csv,14,AF7,260.0078125,270.00390625
156.21831614516208,22.316902306451727,30.356438467743057,16.009207546183905,25.79234010904239,54.477654957693474,6.809706869711684,13.513553120906659,1.7368055160472726,5.66951424180946,17.48720843322446,2.1859010541530575,3.7285890327101194,1.1736284538908497,2.0580624563106182,65.94041913072866,1.735274187650754,3.9051970181944275,0.7379005581649292,1.5872338690134526,100.62757094499418,1.1434951243749338,2.2735251260789346,0.3643763558724515,1.0704452558577697,1.065175096401004,0.5047431715675156,0.2134308880801049,0.8302248645275508,1.3668827570904356,hjorth_mobility,hjorth_complexity,2.910089330639017,0.822530976176289,-20.0439453125,-94.7265625,64.94140625,-20.5078125,247.6133033633232,15.735733327790072,1595,eeg_data_level_7.csv,14,AF8,260.0078125,270.00390625
1751.3173151769558,250.18818788242226,362.8768409555504,129.8468572253241,279.8044261864774,419.7451280544742,52.468141006809276,115.49978861460903,21.02757890464037,36.80020239001475,83.86957650145882,10.483697062682353,26.47079165743801,2.69927752078221,8.28171511337933,121.89301719942746,3.2077109789323015,5.538643960258944,1.305484416639337,3.2987267324578085,162.3806941770518,1.8452351611028612,29.769211099418296,0.3057910069260496,1.345104346987113,1.5401319733109342,0.599315589157398,0.17064010102319072,0.3116971002994455,0.4208419205654459,hjorth_mobility,hjorth_complexity,2.8083688829115134,0.7379505281907031,-24.96051788330078,-278.3203125,196.77734375,-23.92578125,1520.3385299173533,38.991518692112436,1595,eeg_data_level_7.csv,14,TP9,260.0078125,270.00390625
2058.720591721219,294.1029416744599,395.33837612959013,132.0488917299919,350.4764142343894,364.34069140764194,45.54258642595524,84.57378752720082,20.19928251976274,41.92970903045879,65.04991264392521,8.131239080490651,22.88003826439702,2.2877755128995996,4.416806010652392,106.35966314565772,2.798938503833098,4.729073512822106,0.9961541733802738,2.648022431513729,215.79363597716485,2.452200408831419,55.04122573767689,0.39682662454699913,1.409339572415468,1.5782809004657783,0.5048294386631444,0.12402022025459342,0.2512127903388358,0.46313209570926467,hjorth_mobility,hjorth_complexity,3.308125865224901,0.8076441085949732,-23.147201538085938,-295.8984375,198.73046875,-22.4609375,1650.820777140325,40.63029383526933,1595,eeg_data_level_7.csv,14,TP10,260.0078125,270.00390625
15779.323258521343,2254.18903693162,5803.85760829873,295.95091096068774,1502.8840643484978,467.7602867228171,58.47003584035214,182.2673604281859,17.388357222698357,31.495898957062195,68.45292477503565,8.556615596879457,11.984281068869606,5.270842261765849,8.790037055448224,101.57694098621458,2.6730773943740678,7.240489409291495,0.5549111468564273,2.4414087845529613,155.83270917251883,1.770826240596805,6.038765572659226,0.38103344575476167,1.5822881859154527,1.571862988015351,0.14641600758711992,0.030566859857328207,0.05172198123346381,0.08324639236931913,hjorth_mobility,hjorth_complexity,2.3395702977325836,0.749817129461345,-13.457107543945312,-165.52734375,875.48828125,-28.3203125,10014.23753201379,100.07116233967601,1595,eeg_data_level_7.csv,15,AF7,270.0078125,280.00390625
18068.543823742333,2581.2205462489046,6734.011107396523,980.9150379514865,2291.891007847551,2931.989694299198,366.49871178739977,738.7816119991818,169.49275954397464,322.39183549317977,881.3241744067632,110.1655218008454,191.33750913414858,70.85396015992724,99.28770008185214,877.936110739604,23.10358186156853,71.38419469420352,4.661064797119174,17.76273954985824,338.1474273573617,3.8425844017882014,10.107138410387842,0.8633861545894334,3.1580373475811596,1.5422252377482826,0.5055975117922881,0.19936380817524713,0.2516043735057594,0.12355627709035326,hjorth_mobility,hjorth_complexity,2.167087799412034,0.5592054464104037,-15.466880798339844,-478.02734375,979.00390625,-22.94921875,11537.399938933955,107.41228951537136,1595,eeg_data_level_7.csv,15,AF8,270.0078125,280.00390625
2028.6598021072748,289.8085431581821,678.2755857963299,126.366528733561,208.1286577454848,560.0855050152222,70.01068812690278,114.65605602420717,26.757488596136838,76.33344529247606,107.94059133245221,13.492573916556527,27.374178240641154,7.066744414682784,12.592510515512009,122.92109493100835,3.2347656560791673,6.6803782053657805,1.0661433318812286,2.9542157993069296,168.47831428860775,1.914526298734179,28.467213892095444,0.5774735978971115,1.343900233334157,1.4414563703884034,0.6749650122748558,0.18749732180707104,0.2710016456325487,0.3807574223494583,hjorth_mobility,hjorth_complexity,2.189200940222361,0.7156538770715185,-25.812530517578125,-250.48828125,92.7734375,-22.4609375,1479.3573593487963,38.46241489231788,1595,eeg_data_level_7.csv,15,TP9,270.0078125,280.00390625
1642.4620047767614,234.63742925382306,537.9651692470165,98.04453296531854,189.46567751931246,506.95737487888914,63.36967185986114,105.2090662819905,25.053125638847657,64.08840732375802,104.43058236550246,13.053822795687807,20.68056384064601,6.4076548851461625,12.49494030602872,118.90312819025718,3.129029689217294,6.294291969030599,1.1693240129921687,2.7945497936979082,212.47723022109793,2.4145139797852035,53.88411752892552,0.34152569330698734,1.4647233645622575,1.4020878551783458,0.6942040883112506,0.2058009401248035,0.2964137594380239,0.4928013800725954,hjorth_mobility,hjorth_complexity,2.7243389478322713,0.7946108161333579,-25.983810424804688,-252.44140625,125.48828125,-22.94921875,1290.3433140309062,35.921349000711345,1595,eeg_data_level_7.csv,15,TP10,270.0078125,280.00390625
2063.333267005528,294.761895286504,647.520853920279,50.95958049393713,193.92293108538382,87.05094981273375,10.881368726591718,34.87959088296959,2.4774937596544557,4.93642943315016,23.916538947061856,2.989567368382732,3.5573888906401407,2.611799828666047,2.8909371191527837,72.88031479949676,1.9179030210393884,3.317012441628442,1.0841510964845698,1.8235865938838223,89.83932794696224,1.0209014539427528,2.4159590599693685,0.27027800093224497,0.9022143305641963,1.5093002359413723,0.17672064496558185,0.06511724193588773,0.21036225694083818,0.28069262924311533,hjorth_mobility,hjorth_complexity,2.087480492494857,0.8020597627620394,-35.585975646972656,-274.4140625,22.94921875,-26.3671875,1306.6811658427469,36.14804511785868,1595,eeg_data_level_7.csv,16,AF7,280.0078125,290.00390625
614.2595383916856,87.75136262738366,192.9346087766983,12.950134206516127,62.96400129590917,65.01339119273044,8.126673899091305,17.927113103624375,1.8900423906420702,7.2982951912151055,14.745325022754674,1.8431656278443342,3.036330360227881,0.9072075511326675,1.8543611957958932,56.27549922339297,1.4809341900892887,2.913176687443814,0.5308000752355989,1.46635007067395,88.47277330347268,1.0053724239030986,2.9932655052350507,0.3438978714450343,0.9531926852134541,1.4308208756681187,0.3365606554215802,0.10289256062039401,0.4048725477398206,0.6736353221617799,hjorth_mobility,hjorth_complexity,2.2201593373568183,0.7969745544979491,-27.863502502441406,-166.9921875,51.7578125,-26.3671875,508.68227754108375,22.553985845989256,1595,eeg_data_level_7.csv,16,AF8,280.0078125,290.00390625
2308.1296377786666,329.73280539695236,1060.0119453776535,137.2177138695136,216.6224069351607,413.8729685134572,51.73412106418215,106.55093736027011,17.45744912587388,40.364244602862634,57.033125746958945,7.129140718369868,11.819274864640262,4.01626986742955,6.889391635620064,115.59197652572249,3.04189411909796,7.852431213243431,1.1517645781515333,2.4691168597563635,190.03838276456668,2.159527076870076,26.07664754537225,0.5428362495529755,1.5529690327241727,1.402326657401368,0.505299790013047,0.10674088719087718,0.24418276687291707,0.4083688907128684,hjorth_mobility,hjorth_complexity,1.9282658786605036,0.750874868712788,-8.265304565429688,-279.78515625,221.19140625,-18.5546875,2598.5211586521473,50.97569184083868,1595,eeg_data_level_7.csv,16,TP9,280.0078125,290.00390625
18120.919067363775,2588.702723909111,11625.898750377579,67.77384152912659,336.49237375801977,205.18079652840885,25.647599566051106,41.44532025839562,14.117155135110425,21.730801458341443,57.348534732608854,7.168566841576107,11.370628693589506,4.809822115680519,6.451990648644216,112.4933053626499,2.960350141122366,5.3039122867385435,1.0857950007195265,2.7364099643598228,261.48370699586434,2.9714057613166402,56.06040283611907,0.6890615582616826,1.8974895043711348,0.9906260007757008,0.07084682673695321,0.023802991083429644,0.05181499670973072,0.11263638213157609,hjorth_mobility,hjorth_complexity,2.5032075397290026,0.790832401222489,8.075523376464844,-346.6796875,620.60546875,-19.775390625,15915.97461807396,126.15852970795895,1595,eeg_data_level_7.csv,16,TP10,280.0078125,290.00390625
516.0107593413201,73.71582276304572,217.09428842617345,22.924306754813898,46.634092294596535,56.54936188029869,7.068670235037336,17.101910908273172,1.771096057020455,4.89997498527598,11.452255357857585,1.431531919732198,2.619723244820032,0.6423766661436701,1.2691721455080958,69.248749494066,1.822335513001737,3.6918095877301247,1.0468686134016134,1.621533596315401,134.0988011319585,1.523850012863165,4.315047263729864,0.35112772091809347,1.2706642902135228,1.32375078346004,0.30888594840520583,0.08610338884819199,0.5082070057432815,1.001062179660059,hjorth_mobility,hjorth_complexity,2.671267409887487,0.8505726599547982,-18.216705322265625,-97.65625,97.16796875,-20.99609375,478.6768410122022,21.87868462710229,1595,eeg_data_level_7.csv,17,AF7,290.0078125,300.00390625
451.8034959552969,64.54335656504242,87.93708326071275,43.97562490891702,61.296402385617476,128.30941921226773,16.038677401533466,28.788166158902325,9.006046354968142,13.582105934265911,18.87082778077499,2.358853472596874,3.8808237400339953,1.8988437501362287,2.17442282715822,70.75241919260381,1.861905768226416,4.423203896503154,0.7024261713770418,1.7762582802858171,85.78996128819824,0.9748859237295254,2.0355316921609696,0.21196037721919525,0.9770995472688244,1.4090160402436178,0.6163276622124843,0.1374696497459855,0.5333053090696566,0.7133918634166119,hjorth_mobility,hjorth_complexity,2.6093506156185713,0.791079198190087,-20.787620544433594,-147.94921875,57.6171875,-19.53125,385.9898392329342,19.646624117973403,1595,eeg_data_level_7.csv,17,AF8,290.0078125,300.00390625
916.8103294126441,130.9729042018063,168.30228356915583,96.76319026464863,128.75442706631463,579.502071286186,72.43775891077325,129.8663974151517,21.727146500948056,70.63108942033774,154.43628338104017,19.30453542263002,39.87615381950142,7.074077511265241,15.956953937206695,141.6381074952563,3.727318618296218,13.014373265253367,1.3938162973505621,2.835389670600965,182.28470328405805,2.071417082773387,31.690384979722904,0.3780807050707248,1.389918798846696,1.2360460504434936,0.9214893749129716,0.3439882944765642,0.42943428307098075,0.5733154281565831,hjorth_mobility,hjorth_complexity,2.29534401611193,0.7099699027387325,-33.11290740966797,-242.67578125,103.02734375,-30.2734375,1250.5795439574285,35.3635340988062,1595,eeg_data_level_7.csv,17,TP9,290.0078125,300.00390625
1168.0194050388395,166.85991500554852,201.86142752543824,105.18132759868237,192.5077969763513,598.9229258326195,74.86536572907744,134.01180535055167,26.85038823210562,79.01945857266738,143.04802977441432,17.88100372180179,34.26170395218875,5.57292559900182,17.05164780403738,110.69933390797371,2.913140365999308,6.868394297266737,0.6640370405606687,2.626635556571935,220.59035155984304,2.506708540452762,47.1883854005175,0.35988544585223153,1.6414894407729856,1.3238499594503368,0.8682921227798507,0.2954112587338646,0.3167253125858681,0.5918284115807456,hjorth_mobility,hjorth_complexity,1.8353906872571308,0.7714878377536617,-47.8973388671875,-305.6640625,86.9140625,-36.1328125,2106.737857684493,45.89921412926907,1595,eeg_data_level_7.csv,17,TP10,290.0078125,300.00390625
260.0708301324805,37.152975733211505,64.8115710831436,19.495058580659673,30.6188891441366,46.8308279167224,5.8538534895903,12.310386651423768,2.861530159758514,4.812309876130284,9.90291024718324,1.237863780897905,1.9108450058565944,0.7566685224853056,1.170952892752398,37.89530783683451,0.9972449430745924,1.9579999096129441,0.49633404078682974,0.8892904926417309,60.839780796439626,0.6913611454140867,1.7433662487377777,0.2252056296752235,0.6277386791671009,1.398677446716179,0.4436322825589397,0.1298545362157687,0.5136033595531195,0.8715301825234002,hjorth_mobility,hjorth_complexity,3.347929518683489,0.853211267424839,-21.451950073242188,-75.1953125,76.66015625,-22.4609375,199.61751168011688,14.128606147816454,1595,eeg_data_level_8.csv,0,AF7,120.0078125,130.00390625
670.0537196619084,95.72195995170121,133.3056841106533,71.7123433203811,99.66619006631622,126.29454424984173,15.786818031230217,28.51169789362057,8.764276475183523,14.292367010464169,14.799667864199836,1.8499584830249796,3.7420080462379186,0.5239788106963371,1.7318831577535343,49.31544815380824,1.2977749514160064,2.9782855502658316,0.5035846491496537,1.1075304254260128,72.96211343065059,0.8291149253483021,1.8518703680883375,0.22242639761181884,0.7971793615244578,1.5863561997319162,0.5268785984046933,0.09298696773936059,0.33200587018956834,0.5276101641009932,hjorth_mobility,hjorth_complexity,3.325816377873162,0.8125958769934217,-22.209930419921875,-208.49609375,85.44921875,-21.484375,413.59919065143913,20.337138211937273,1595,eeg_data_level_8.csv,0,AF8,120.0078125,130.00390625
522.6771914730137,74.66817021043053,109.09737064550418,21.8087940864371,78.44309999968607,320.0587972815888,40.0073496601986,57.812386326805985,20.04599936719946,41.177546473326785,77.2419766127918,9.655247076598975,20.867321336574218,3.0015358522916857,7.887173785848102,67.39562919168806,1.773569189254949,3.352715365236694,0.602892725023626,1.5721764915895866,96.36274828646928,1.09503123052806,27.624709113478477,0.15566217770883267,0.586691836070379,1.237048820314665,0.945017989339004,0.31889645918415543,0.38755803462453625,0.5193821250909728,hjorth_mobility,hjorth_complexity,2.9410477277734746,0.7581323097787767,-21.440887451171875,-282.71484375,104.98046875,-20.99609375,835.867197602056,28.911367964903633,1595,eeg_data_level_8.csv,0,TP9,120.0078125,130.00390625
851.186292448421,121.59804177834586,152.91417118913384,50.95481125564214,126.89311327984963,384.1599209280611,48.01999011600764,97.66837806376809,17.104916432516532,51.30099442572852,67.45618608463775,8.432023260579719,13.819324753101819,4.503803426960804,7.298088547170983,66.81915469895176,1.7583988078671517,3.068288071306849,0.7380459969491084,1.7705670210411029,137.77910981934883,1.5656717024926003,50.54418698173008,0.20853746672817933,0.6806368182521917,1.3795805284300187,0.8317245086255508,0.22471136861238336,0.2912917173913352,0.49379351633649077,hjorth_mobility,hjorth_complexity,3.560215670462627,0.817531624012316,-22.10674285888672,-314.94140625,84.47265625,-21.484375,988.6793745317846,31.443272325440056,1595,eeg_data_level_8.csv,0,TP10,120.0078125,130.00390625
25238.991405252185,3605.5702007503123,9218.888140821256,629.7039295824737,2818.870799651233,1117.718505539602,139.71481319245024,385.60085121072046,34.55593794831321,87.65487965451362,123.92434082701399,15.490542603376749,28.02073496457646,5.541569239534205,13.106292013878193,136.0438139754616,3.580100367775305,7.1250951619608145,1.6770410211040643,3.102130716134457,269.8620339662465,3.06661402234371,7.579991780853724,0.6674284516671826,2.773744164292875,1.5702086502846326,0.19442578913626435,0.03177006148155556,0.04191718679850652,0.08402431341924779,hjorth_mobility,hjorth_complexity,1.954801647632896,0.684905383876405,-2.974700927734375,-656.25,688.4765625,-24.4140625,16951.140411547385,130.19654531341214,1595,eeg_data_level_8.csv,1,AF7,130.0078125,140.00390625
5833.044540757312,833.2920772510445,1321.1496422371288,369.60550160638763,797.372064778734,773.7014502689581,96.71268128361976,234.62942726248235,30.923526907990784,70.00158486216412,92.08917438545866,11.511146798182333,20.28432240860875,5.634723168389793,10.914458256907201,107.47077655787696,2.8281783304704464,5.5742489619696975,0.6991682367104053,2.8436588303014867,124.4332046406378,1.4140136890981567,2.9759959800026783,0.2986383761971057,1.2871163342184144,1.676194059326723,0.4378105920309723,0.08072725091048055,0.11483268338330689,0.14396405372738968,hjorth_mobility,hjorth_complexity,2.2643856189774723,0.7110612575535679,-14.216423034667969,-186.03515625,492.1875,-22.4609375,3249.0418298039,57.00036692692337,1595,eeg_data_level_8.csv,1,AF8,130.0078125,140.00390625
501.2091558572766,71.60130797961094,154.75428475450613,28.465500811880702,68.66685603158436,112.91632942910148,14.114541178637685,30.302868313476147,5.364470880702582,8.143229291090021,34.380683249940034,4.297585406242504,5.607709629825353,2.442812667444706,4.562850193476033,77.89837357767065,2.0499571994123857,3.8929700308319775,1.26992363316448,1.829833150120928,134.582598342427,1.5293477084366704,25.408999285796522,0.29481741723067756,1.0681214208577752,1.3052316744768262,0.48464428514745567,0.19857434181989414,0.5103599403641746,0.85617637320201,hjorth_mobility,hjorth_complexity,2.23784985000508,0.8161442286108836,-27.564239501953125,-143.5546875,59.5703125,-26.3671875,508.4194237133488,22.548157878490844,1595,eeg_data_level_8.csv,1,TP9,130.0078125,140.00390625
540.8027737575206,77.25753910821723,160.45265098726787,34.826992154137095,66.04823516135015,109.35312159197017,13.66914019899627,25.691833747335036,3.991303928373346,10.69200603562356,24.63106239691347,3.078882799614184,4.4438214132555345,1.435056901209135,3.589411169445226,85.26505476696589,2.2438172307096287,3.6420780042094996,1.134637067133883,2.116248534009383,194.31632710207086,2.2081400807053506,44.70236279789192,0.3947922467278102,1.3657709436349648,1.308031308093046,0.4447107174996729,0.13822337783169567,0.5087242199113353,1.0345840239816386,hjorth_mobility,hjorth_complexity,2.5828148466461793,0.8721232287586047,-28.032684326171875,-166.50390625,65.91796875,-25.87890625,611.0807595541701,24.720047725564164,1595,eeg_data_level_8.csv,1,TP10,130.0078125,140.00390625
6537.715236951095,933.9593195644421,2151.1079451452697,100.0494581593371,809.1832252445606,195.54756658287766,24.443445822859708,56.36361074946692,12.699163799435004,18.308575515541968,61.2066475759713,7.650830946996413,11.548280713644804,5.045669176626926,6.695139290574657,115.55871672495333,3.0410188611829825,5.978930509039195,1.4862481708888973,2.8982230285229584,187.87515282031032,2.1349449184126175,6.1758165711385615,0.4130103099075214,1.9144977550804045,1.533703628505002,0.14821046159704307,0.05671895727668182,0.12147090944696633,0.2046966423813421,hjorth_mobility,hjorth_complexity,2.1759330557361647,0.7606178724783818,-43.778419494628906,-585.44921875,105.95703125,-33.203125,4379.241161768731,66.17583517998644,1595,eeg_data_level_8.csv,2,AF7,140.0078125,150.00390625
1407.5345274072051,201.07636105817215,370.2249252963715,90.71586021214213,197.36438531796418,305.1826273461404,38.14782841826755,103.09018882512535,15.758139769538063,28.073113959437336,39.498625715379255,4.937328214422407,8.58505329366052,3.0105729382698345,4.624757857605578,113.01193929402518,2.973998402474347,5.762766201513255,0.9818839514216422,2.631630609122753,156.15499415610915,1.7744885699557857,3.9545569028705523,0.43932460769407883,1.6342704124607823,1.4986393416002466,0.5501435795640411,0.11322645942660309,0.34940655950914673,0.5216769511314787,hjorth_mobility,hjorth_complexity,2.47667177075661,0.7361487586531679,-24.912452697753906,-202.63671875,133.30078125,-23.4375,1051.0802178396261,32.420367330424035,1595,eeg_data_level_8.csv,2,AF8,140.0078125,150.00390625
3503.5463383748893,500.5066197678413,755.040875951902,288.63114675528766,445.05910299561833,1148.4087051321803,143.55108814152254,237.00129551540638,46.59878032276285,135.67850791496332,145.06024995183367,18.13253124397921,30.634413801797994,5.886742486610516,18.93023649351938,162.8252513722004,4.284875036110537,6.643389794416151,2.1933344885330275,4.0233194857356045,225.35651200214755,2.5608694545698585,32.061213566860786,0.45234519740541695,1.8162134929713312,1.5336823169160219,0.7577499629265012,0.15117852213473648,0.21820071185723394,0.3106612868800972,hjorth_mobility,hjorth_complexity,2.074212608008661,0.6930084461194677,-20.537567138671875,-547.36328125,151.85546875,-20.01953125,3250.0286115100607,57.00902219394804,1595,eeg_data_level_8.csv,2,TP9,140.0078125,150.00390625
3454.8985460478525,493.55693514969323,829.5927882973314,313.75768506592846,462.18826889344746,1143.6367449814124,142.95459312267656,281.00751091972234,37.84626358466795,116.17523768196844,97.83622362503817,12.229527953129772,24.141590236032304,3.613122806761114,10.12034791396223,158.38569787805358,4.16804468100141,10.08326788744357,1.4356405314927174,3.7449125467685844,259.98348106067846,2.9543577393258915,69.16265620882149,0.5314734786443975,1.7446191796476904,1.509362882730246,0.7433937263101282,0.10848013440879026,0.20948488796940276,0.32403009637353875,hjorth_mobility,hjorth_complexity,2.2068914528706225,0.7300109630635482,-20.893478393554688,-496.09375,137.6953125,-20.01953125,2951.162209355971,54.32460040677677,1595,eeg_data_level_8.csv,2,TP10,140.0078125,150.00390625
412.39149984292715,58.91307140613245,98.83362334268988,33.49200032931039,45.585429918818505,101.10551360542907,12.638189200678633,31.068752858147278,5.594405719316512,8.360893863710526,21.25570483925111,2.6569631049063887,4.482634673130865,1.7216386239339783,2.4797684102945583,95.7263159479173,2.5191135775767712,5.336961228980364,0.8573660548631785,2.370988009916974,125.27493738812859,1.4235788339560067,2.749323072983721,0.3688036617469634,1.3936449790511465,1.3021656159580572,0.5030564160050011,0.15044161963405434,0.6786221759944722,0.9810141506577323,hjorth_mobility,hjorth_complexity,2.861440420856298,0.831649194290321,-21.918869018554688,-96.6796875,112.3046875,-24.4140625,434.3175269605126,20.840286153517965,1595,eeg_data_level_8.csv,3,AF7,150.0078125,160.00390625
1059.4674273509545,151.35248962156493,200.14250681014903,75.2461507589738,168.21821178316108,237.84536303313624,29.73067037914203,86.64265655859059,5.345307403833238,23.20805753604006,55.55195251265072,6.94399406408134,10.070499166433352,2.159016904763589,8.44435947372276,89.53245727595554,2.356117296735672,4.289436362727027,1.0062677798095476,2.1017627065665208,124.56494542510387,1.4155107434670895,3.8545277475335262,0.4570880617327625,1.3830386151025809,1.526054241633853,0.5507692513942783,0.18404646242650313,0.358288645481528,0.5354871710000102,hjorth_mobility,hjorth_complexity,2.556279077673787,0.7638145645609088,-24.84130859375,-204.58984375,142.08984375,-21.97265625,922.8741750121117,30.37884420138646,1595,eeg_data_level_8.csv,3,AF8,150.0078125,160.00390625
2486.0456275435963,355.1493753633709,618.3326654331279,139.0901255767418,337.33822385212545,747.6393795569376,93.4549224446172,187.4242040837582,51.32475970690602,82.189150731034,201.71075058468062,25.213843823085078,56.2277803477414,13.22182016832596,17.25698319431863,183.30242508683193,4.82374802860084,10.068057491485177,2.398503098817364,4.33546477672821,219.89897460719124,2.4988519841726275,28.35151949795817,0.45459863941635853,1.9878876415702718,1.4214651752086747,0.6786437375593295,0.24552267348263423,0.3021639367304108,0.38269845712157474,hjorth_mobility,hjorth_complexity,1.685021329746908,0.7014389860963575,-24.07550811767578,-351.5625,172.36328125,-27.34375,2471.883435464406,49.71803933648637,1595,eeg_data_level_8.csv,3,TP9,150.0078125,160.00390625
1354.494261196762,193.49918017096599,249.67354487436148,90.99089843506202,215.94056201992203,1024.9316748726967,128.1164593590871,226.31736567407765,57.283972741100534,103.28210605565866,133.1627981943222,16.645349774290274,41.03513283156274,4.915535145268162,11.636061099763758,140.78315222107273,3.7048197952913875,8.074884676410456,1.370232210466227,3.4015602478953477,216.8894861646407,2.4646532518709168,36.81881532230025,0.4643475779634969,1.8392787214914648,1.2366047718097597,1.0501299510188764,0.2263431650632885,0.3160502751344502,0.48796121911384954,hjorth_mobility,hjorth_complexity,2.852595164532167,0.7356035989345415,-31.59465789794922,-329.58984375,142.578125,-30.2734375,1649.9692119759857,40.6198130470339,1595,eeg_data_level_8.csv,3,TP10,150.0078125,160.00390625
461.07758858290276,65.86822694041469,115.36017937023578,14.435818493797619,51.87211613056504,58.11427122271752,7.26428390283969,13.17442130415738,3.2555564203432152,5.527110011581226,23.269771708359585,2.908721463544948,3.9542097165823185,1.8161861698827981,2.707038433910024,77.54390467685938,2.040629070443668,3.561672444940745,1.155408675125467,1.8491101064408375,121.0093297408262,1.3751060197821159,2.7744838663926767,0.46021532160445033,1.26909459188779,1.3417565850578492,0.3336966373723513,0.16374286866645799,0.5791837014570609,0.9595127765105644,hjorth_mobility,hjorth_complexity,2.6093506156185713,0.8192098136440397,-19.30694580078125,-83.49609375,85.9375,-21.484375,440.99425664171576,20.999863252928954,1595,eeg_data_level_8.csv,4,AF7,160.0078125,170.00390625
1378.9251297707272,196.98930425296103,277.59684502188,90.9030257506826,224.2764418915718,288.274762635712,36.034345329464,85.03585150064227,11.328277509858223,22.897137019525825,73.54147914356508,9.192684892945636,14.85347615216831,3.190641252361803,8.40955683315706,83.10401907657824,2.1869478704362693,4.154875826161633,0.9723418529482589,1.964475403301091,121.2142916815871,1.377435132745308,2.8925085368561616,0.2983958961478855,1.3387287073011946,1.5454440794980946,0.5421756538058952,0.1947001215006307,0.2814001241483668,0.43557837448920755,hjorth_mobility,hjorth_complexity,2.2776535034636685,0.7069595173847499,-20.235443115234375,-161.62109375,143.06640625,-19.04296875,931.2735352432355,30.516774653348207,1595,eeg_data_level_8.csv,4,AF8,160.0078125,170.00390625
5370.097491302704,767.1567844718148,1225.3167705481103,352.29148680287665,685.8278762094302,1292.6310641158168,161.5788830144771,308.59339642888307,55.93290620266148,151.87136778823287,164.58153744887963,20.572692181109954,30.834961253703984,11.65014174819594,19.77480257375106,246.4363369688498,6.485166762338152,17.390216073070338,1.158617306293724,5.545031868424655,231.27792611562228,2.6281582513138897,31.22946566432054,0.6412196602627723,1.914230742389809,1.565929122633583,0.6343661830972248,0.12772606560498004,0.22404042159256465,0.23266722696028394,hjorth_mobility,hjorth_complexity,1.9061527378501768,0.6550712625039379,-30.679702758789062,-465.33203125,163.57421875,-22.4609375,3288.535007595783,57.34574969076421,1595,eeg_data_level_8.csv,4,TP9,160.0078125,170.00390625
4462.614524749989,637.5163606785699,821.3246215580378,191.5797385216389,670.2210338541781,1819.7649534172094,227.47061917715118,518.597775283443,81.9256109734752,180.88874012623208,196.51375777365038,24.564219721706298,57.243689623710935,15.328708186511607,18.59500301674104,194.2534483489507,5.111932851288176,15.59444116806956,1.4681282660308679,3.4287786499544115,239.34942004305802,2.7198797732165683,39.48623736297574,0.5434749940414235,1.9266806428131353,1.492750295807012,0.8414699214580306,0.1557200002227771,0.19480026844681417,0.25351776248312036,hjorth_mobility,hjorth_complexity,2.6801126662116177,0.6785462161316675,-26.207542419433594,-468.26171875,166.015625,-22.4609375,2835.0408505866653,53.245101658149416,1595,eeg_data_level_8.csv,4,TP10,160.0078125,170.00390625
4343.790497347936,620.5414996211338,1954.3638054586454,77.78965286771513,219.54261589706795,168.20309313339052,21.025386641673816,63.14324389747081,4.380773131692134,15.847078877905375,15.077031130485597,1.8846288913106997,3.855796134645489,0.697527966936205,1.4022384835987198,91.45438811943562,2.406694424195674,4.581621532486841,0.5492264194918298,2.360877241797536,138.46662204296342,1.5734843413973116,3.1315584444582427,0.6493355976320426,1.479373316600092,1.3338395503896296,0.17362423734150198,0.023273025049106888,0.13833307635871023,0.2206818714360933,hjorth_mobility,hjorth_complexity,2.23784985000508,0.7671077362065672,-21.426010131835938,-306.15234375,218.75,-25.87890625,2828.6162226868328,53.18473674548773,1595,eeg_data_level_8.csv,5,AF7,170.0078125,180.00390625
984.9712663527407,140.71018090753438,174.93034832053027,83.1988279542881,149.60728587314682,163.1508318560538,20.393853982006725,47.91154293667242,5.036915513867539,11.584529416956684,35.48056289546328,4.43507036193291,8.506418729080268,1.6903240071158203,4.665580200724961,92.21465157699659,2.426701357289384,4.781689997237485,0.8332713422014564,2.307555539172844,128.25244535090303,1.4574141517148071,4.034181282724425,0.42940462376908267,1.4005871717621186,1.5479439015072733,0.43934552989500947,0.13640093856494834,0.39610933111177593,0.5928554466580207,hjorth_mobility,hjorth_complexity,2.3970644638394334,0.7593009121381648,-21.753692626953125,-142.08984375,158.69140625,-22.4609375,800.42622925248,28.291804983996336,1595,eeg_data_level_8.csv,5,AF8,170.0078125,180.00390625
5082.683569177075,726.0976527395821,1329.2721910274618,430.2696495644347,583.1076329193338,1030.4217795776024,128.8027224472003,364.51628146652666,29.57644959353937,73.04436395247805,76.23664101221794,9.529580126527243,21.228771401538808,4.860362198992707,7.591905196522159,179.42446332047848,4.721696403170486,9.52933898686619,2.136190366107585,4.218877811085395,191.03703416564952,2.1708753882460172,27.968109196610445,0.650772318521318,1.697575091241199,1.5907537583700762,0.5453410639949738,0.07223062706207685,0.18987840090180783,0.21624597492697584,hjorth_mobility,hjorth_complexity,2.4191776046497604,0.6992299902491641,-22.95818328857422,-373.046875,247.55859375,-22.94921875,3250.1684629460215,57.01024875358834,1595,eeg_data_level_8.csv,5,TP9,170.0078125,180.00390625
2741.143913167845,391.5919875954064,447.8740806327171,310.49123176764726,390.3133706574671,1000.734609524394,125.09182619054926,311.0814621275729,28.0711743344863,76.3254564905748,78.1631123348596,9.77038904185745,20.684637166774927,3.5245107212227857,7.6900219600509185,158.2970491474799,4.165711819670523,10.022367377784434,1.139334148877004,3.39821856441122,239.33401770787026,2.719704746680344,45.20413970491789,0.5637533567117259,2.010907630233441,1.5152320192254944,0.7389345341542726,0.10682025023809347,0.24870963113082478,0.3780547330004975,hjorth_mobility,hjorth_complexity,2.627041128266833,0.7412197037491459,-26.98497772216797,-308.59375,271.484375,-26.85546875,2197.2781890872284,46.875134016738855,1595,eeg_data_level_8.csv,5,TP10,170.0078125,180.00390625
26227.63969672553,3746.8056709607904,11401.890904282036,327.3466941136378,3272.5136342414853,799.1207917513954,99.89009896892442,289.65429978095983,11.401530787644298,49.04692987076637,62.57014720461944,7.82126840057743,18.93901177546123,3.2174776633270525,6.541550812865893,141.00146850458168,3.7105649606468862,7.497855558837563,1.785345769775825,3.4993760875450493,239.9580191395945,2.7267956720408466,8.320568861513838,0.7231327829780654,2.23625104825826,1.4913515505079362,0.14518612797701425,0.017745765903747525,0.04425428916794474,0.07723525181256213,hjorth_mobility,hjorth_complexity,1.8442359435812616,0.6946675391268857,-14.281654357910156,-523.4375,770.5078125,-28.80859375,18594.37939678173,136.36120928175185,1595,eeg_data_level_8.csv,6,AF7,180.0078125,190.00390625
2077.59848700737,296.79978385819567,563.796033894536,159.83890672431346,252.48026529754003,280.8736565948445,35.10920707435556,114.21648156088125,10.139135146567101,22.004749849981504,38.244423207927284,4.7805529009909105,9.020444609049585,2.3607353373544813,4.007658502920808,69.7973386091193,1.836772068661034,4.0284542995627355,0.6940753102935767,1.8402420275733076,84.79163606217156,0.9635413188883132,2.2907963075938564,0.28138293934659125,0.8728819719332543,1.6345621303850462,0.41980032455020977,0.08905074802109433,0.18866289950365694,0.249583901890382,hjorth_mobility,hjorth_complexity,2.1361294022775765,0.6956761542266967,-16.776657104492188,-216.796875,129.39453125,-20.01953125,1293.4961180144455,35.96520704812424,1595,eeg_data_level_8.csv,6,AF8,180.0078125,190.00390625
2815.4754856511076,402.21078366444397,607.3965530039428,324.2279048819627,364.0246882329332,1155.679319930946,144.45991499136824,310.32645868173836,31.496746667614723,112.66800256256266,85.953031666751,10.744128958343875,19.481308935096077,7.621011719367096,9.090216584025807,135.16326768300013,3.556928096921056,9.27800761360381,1.1367925535218883,3.1791579720444,167.97807503874935,1.90884176180397,20.169715125298367,0.5087465822794325,1.48740253292145,1.5145820177659608,0.8386708477700366,0.11624386589885108,0.2149346413587755,0.2837787705678177,hjorth_mobility,hjorth_complexity,2.1715104275740993,0.7144898264952896,-24.51305389404297,-402.34375,168.9453125,-22.94921875,2008.221278047131,44.813181967442695,1595,eeg_data_level_8.csv,6,TP9,180.0078125,190.00390625
2891.8299250219625,413.11856071742324,488.58864726344586,282.56709915027943,416.33332423672056,1098.7217144906813,137.34021431133516,303.6120938028252,31.152907095842416,110.70731046395638,95.458145556875,11.932268194609374,25.46606919807798,4.972788267228957,7.334373967283404,96.77416248488791,2.5466884864444186,5.052293302614697,0.8309047095844573,2.289269066820677,158.2789866554043,1.7986248483568672,25.342523937953686,0.5580348072755799,1.3320595877047663,1.54806052510278,0.8097653893583492,0.1236038770998838,0.16193460596785245,0.2660630960680027,hjorth_mobility,hjorth_complexity,2.547433821349656,0.7284369519885098,-22.986793518066406,-419.43359375,247.55859375,-21.97265625,1945.361666403187,44.10625427763264,1595,eeg_data_level_8.csv,6,TP10,180.0078125,190.00390625
19072.270556473002,2724.610079496143,5576.614825686282,598.8010106900115,2363.656248915988,1177.0926837159416,147.1365854644927,425.92354814324773,27.532330844008797,89.83846928745055,83.25565965495939,10.406957456869923,22.66719264774875,0.7175688916402755,8.604068294069165,128.88533728239642,3.391719402168327,8.034448981332043,0.800533787672589,3.4664805904667935,198.70554071996406,2.25801750818141,5.151458027018324,0.6991269948999568,2.181096335445245,1.6209426426977782,0.2484753247320109,0.02770506418770558,0.050821920435530396,0.08229383823155481,hjorth_mobility,hjorth_complexity,2.4103323483256296,0.7162629942906606,-14.23797607421875,-396.97265625,791.9921875,-25.87890625,10580.440701451153,102.86126920007915,1595,eeg_data_level_8.csv,7,AF7,190.0078125,200.00390625
1033.5661701937172,147.65231002767388,215.02898547186936,82.3132622836434,163.46484572449495,140.27788581390237,17.534735726737797,43.08287315644019,5.698934009794851,11.263780182451287,18.442075459396143,2.305259432424518,4.699701011184931,0.9240549625890956,1.693798773873009,51.62130384881355,1.3584553644424617,2.3706838690350507,0.6306782226314809,1.3187865208495335,74.54032830531779,0.8470491852877021,1.7606270592457947,0.27886038310783606,0.7551121366662621,1.6587794178598918,0.42614236617591095,0.08472230099646405,0.2606887235435181,0.4017283192663411,hjorth_mobility,hjorth_complexity,2.2157367091947533,0.7574057452132223,-18.825912475585938,-194.82421875,125.9765625,-19.04296875,800.4700879973825,28.292580087319404,1595,eeg_data_level_8.csv,7,AF8,190.0078125,200.00390625
2661.170933318265,380.16727618832357,485.36873444801427,263.07500442013065,387.48937547079277,1081.674419768357,135.20930247104462,252.093203033954,31.48489503931659,111.6410166631942,126.4271877237127,15.803398465464088,27.025916216355636,9.12555094935511,15.338505046079284,138.35596233488707,3.6409463772338704,7.313685873394426,1.4007445675765284,3.6056276279728943,172.1914286108418,1.9567207796686568,28.298740367787236,0.4876854493633589,1.472064995904078,1.4970001474520092,0.8313706675619809,0.16428659312436306,0.22800019431060778,0.29468131403343084,hjorth_mobility,hjorth_complexity,1.968069532119092,0.6825202021916407,-22.970008850097656,-445.3125,205.56640625,-22.4609375,2338.4092709966353,48.35710155702713,1595,eeg_data_level_8.csv,7,TP9,190.0078125,200.00390625
3770.5826971465967,538.6546710209424,654.8719052306991,422.65216499162057,578.4261593140938,1164.7032576793129,145.5879072099141,298.98923163054894,31.849006049242657,125.24698187080288,111.92549277421026,13.990686596776282,37.38082472607143,3.1106074503879086,11.17641014772294,93.88173083734009,2.4705718641405285,4.667684974832276,1.1451195615581573,2.369716707383385,182.40803142703862,2.0728185389436207,41.93229658223757,0.4078352274319625,1.2800304395722133,1.603092619881648,0.7354816120852399,0.11706290760665039,0.13284658660621404,0.24200459282709078,hjorth_mobility,hjorth_complexity,2.498784911566937,0.7174092303365903,-22.275161743164062,-454.1015625,301.26953125,-24.90234375,3122.9612811875995,55.88346160705866,1595,eeg_data_level_8.csv,7,TP10,190.0078125,200.00390625
17518.585709277686,2502.655101325384,5957.994434887742,577.2006465542479,2068.398415878274,1839.8060183292473,229.9757522911559,362.73340000379505,73.16407527092531,238.28194050530297,146.34134574211097,18.29266821776387,67.13169955806389,3.888781186299675,8.702439665155136,155.80459847930328,4.100121012613244,7.5826073688382785,1.3500675256420438,3.921879529638688,168.6536215821637,1.9165184270700422,5.88709980989192,0.5896018502387901,1.6679999928947806,1.5605957063897715,0.3955451226678054,0.04686099659769218,0.06455064264741663,0.07551562187032174,hjorth_mobility,hjorth_complexity,2.1936235683844263,0.657327813386905,-32.23247528076172,-856.4453125,699.21875,-32.71484375,13085.635623392587,114.3924631406833,1595,eeg_data_level_8.csv,8,AF7,200.0078125,210.00390625
1179.756134014919,168.53659057355986,335.6033191365473,66.98245612480609,159.1091464305706,216.60593822827678,27.075742278534598,64.59218751622467,7.712081958700676,23.225345389461545,44.77801092648899,5.597251365811124,13.071469364966989,1.779684204647264,5.2018258623816696,62.00785786400852,1.631785733263382,2.6350564478990868,0.5155352040681511,1.5880966122290485,73.50310367244741,0.8352625417323569,1.7023603093429756,0.24556315461233666,0.7617366483519222,1.5603362113062207,0.51185791302533,0.15026774304519988,0.2577570935183816,0.3346834984380497,hjorth_mobility,hjorth_complexity,1.8928848533639806,0.713906236060172,-22.45311737060547,-275.87890625,117.67578125,-20.01953125,1046.2489298879518,32.345771437514856,1595,eeg_data_level_8.csv,8,AF8,200.0078125,210.00390625
2663.805207357275,380.5436010510393,678.6807145428822,161.16620246090272,341.8851711674108,792.0138481966164,99.00173102457705,155.92447495857255,29.43234104312742,104.213164582469,139.29233684387083,17.411542105483854,33.86939889896236,8.34459797233459,15.7192852303397,164.7942498103941,4.336690784484055,8.218609856840395,1.5598955839882498,4.293894665474937,207.17678012115653,2.3542815922858695,28.31581699495162,0.3762022528158815,1.819074367912414,1.4724343784548912,0.6902020746893337,0.1805353753228775,0.2692708531423623,0.35477008410071725,hjorth_mobility,hjorth_complexity,2.2864987597877993,0.738039758046627,-30.70201873779297,-487.79296875,84.9609375,-26.3671875,1934.8189915399416,43.98657740197505,1595,eeg_data_level_8.csv,8,TP9,200.0078125,210.00390625
2143.1799121028785,306.16855887183976,393.0266538313097,221.95505918804577,302.08089376696205,583.5755249351059,72.94694061688824,146.39131922894012,34.49786637287936,63.98844338900995,121.57482404381247,15.196853005476559,24.928301898961124,4.330635073982748,15.168492265550999,133.5652601061074,3.5148752659501943,12.260987972859947,1.1964764624017183,2.494424509934245,191.57971209604696,2.1770421829096245,37.251539233371346,0.6217666748446733,1.462117449863843,1.5499575093836917,0.665726517433713,0.19696776712934336,0.27546716903793433,0.4003794340102826,hjorth_mobility,hjorth_complexity,2.3882192075153026,0.7694842026402366,-26.464462280273438,-431.640625,111.328125,-22.94921875,1643.0518029665109,40.53457540133498,1595,eeg_data_level_8.csv,8,TP10,200.0078125,210.00390625
164.03165540205808,23.43309362886544,45.161060370075475,10.748166731451091,18.469795453856996,37.64600716043472,4.70575089505434,9.625911159787702,2.2023368181114886,3.6231368952274,11.365816067584852,1.4207270084481065,1.7966125440248237,0.9658664245603015,1.4986243625667601,53.50411531271241,1.4080030345450634,3.038892119647405,0.6237948152160384,1.3090878103530483,72.92668164193009,0.8287122913855692,1.701574539102064,0.23044230356895654,0.8027272804695602,1.1672573127546921,0.43608652882170706,0.17218781673856703,0.8044535270760917,1.205814244540895,hjorth_mobility,hjorth_complexity,2.8481725363701016,0.831985543738664,-25.256919860839844,-74.70703125,29.78515625,-24.4140625,179.48607415746665,13.397241289066441,1595,eeg_data_level_8.csv,9,AF7,210.0078125,220.00390625
1035.7555118534974,147.9650731219282,233.97324204230597,88.24416437414327,128.36318115999595,394.12198304381263,49.26524788047658,126.1364472699986,18.517636910994803,32.674873455312614,42.03242325562876,5.254052906953595,9.51008476142767,3.183665128766121,4.837260773982276,55.15272272911112,1.4513874402397662,3.1015323832763264,0.630289510560313,1.3636512231861189,72.111971967498,0.8194542269033863,2.0606720390812217,0.20419226649761363,0.8317003721708505,1.4809948812884264,0.7928277254275342,0.14573053379833523,0.2345655912436421,0.33077765479946286,hjorth_mobility,hjorth_complexity,1.8884622252019152,0.6735578666017549,-18.621826171875,-121.09375,135.25390625,-19.287109375,727.272741496563,26.967994762246654,1595,eeg_data_level_8.csv,9,AF8,210.0078125,220.00390625
5798.847778703628,828.4068255290897,1430.76714460156,453.338526246895,721.3644488471367,1387.4273965542425,173.4284245692803,330.39263200298683,42.38441677805559,165.64913695631589,161.500132047044,20.1875165058805,40.26491020451939,7.706574822041314,15.30499756928561,191.34971487145143,5.035518812406616,10.951069196021297,1.7579299626816587,4.350129308500298,208.23908992384986,2.366353294589203,27.482674827172755,0.7488762977191382,1.9398329634756926,1.5993420933468192,0.6410975250639741,0.11877133871828005,0.17525025921857884,0.20534135367089754,hjorth_mobility,hjorth_complexity,2.202468824708557,0.6959392155735351,-13.712120056152344,-305.17578125,369.140625,-22.705078125,3855.761104168778,62.0947751760869,1595,eeg_data_level_8.csv,9,TP9,210.0078125,220.00390625
15923.514969467356,2274.787852781051,8962.840531993586,279.6387793875128,651.8911453926985,877.3181804986282,109.66477256232852,179.02162659046016,16.78740393885017,123.85163764164948,83.67806314729697,10.459757893412121,24.23036272510624,3.7991975306962282,7.202076470932665,153.31446515135713,4.034591188193609,8.272283532062824,1.5587573839638287,3.5253340775960624,222.20957143087423,2.5251087662599345,33.587589662074194,0.6155285754011447,1.999144213843445,1.2493356851476232,0.24457204730777093,0.034264998394755664,0.07224097680301651,0.10701028770870928,hjorth_mobility,hjorth_complexity,2.1626651712499685,0.7572195485991463,5.9314727783203125,-229.4921875,518.06640625,-23.92578125,13413.214328320464,115.81543216825841,1595,eeg_data_level_8.csv,9,TP10,210.0078125,220.00390625
20996.899736098414,2999.5571051569164,6373.332116568727,500.20379800811315,2231.133043572556,866.1148432336352,108.2643554042044,307.1042837886356,9.86943483241603,51.910582019824446,39.907523170687554,4.988440396335944,14.811811991026067,2.406552891968163,3.7830237310028725,116.17731716769552,3.0572978202025136,7.143595541658154,1.053061055472418,2.753697637405514,130.73501481858625,1.4856251683930255,4.964621671180181,0.41215569797934976,1.3159816079844067,1.6273894885410791,0.1855186353721299,0.014429755093487876,0.04511657446466781,0.054853420852719326,hjorth_mobility,hjorth_complexity,2.4943622834048718,0.6671164201734958,5.7857513427734375,-176.7578125,978.02734375,-22.94921875,16234.997454885155,127.41662942836447,1595,eeg_data_level_8.csv,10,AF7,220.0078125,230.00390625
4578.58238141057,654.0831973443671,1865.9687448123445,181.7151142175641,318.55202610324346,1187.68455131653,148.46056891456624,283.0921671530618,29.906507300636903,151.86825583149147,58.10785738400334,7.263482173000417,11.619759225102783,3.679483135519077,6.7465673584255335,74.70800017119754,1.9660000045051984,8.965017877587456,0.5151393844526999,1.202619303898755,81.02693969038405,0.9207606782998188,3.568627765527449,0.17238524637303348,0.8572878486615199,1.426966699544426,0.6938519014727433,0.06420788498191582,0.09539850068900611,0.11650500964357985,hjorth_mobility,hjorth_complexity,2.2201593373568183,0.6251393180055309,-3.1419754028320312,-162.109375,612.3046875,-18.06640625,7020.5560983959,83.78875878300084,1595,eeg_data_level_8.csv,10,AF8,220.0078125,230.00390625
1939.2092442952883,277.02989204218403,539.6366094205197,126.63783784005487,160.66223296482895,338.6639502676371,42.33299378345464,112.19766134568638,18.812671929744063,27.96481726013674,133.56150783209085,16.695188479011357,26.66070529829763,7.215322126552629,17.2339611128387,201.36216024290647,5.299004216918592,14.569420646327448,1.7593859343961342,4.634062033531976,203.92087361305414,2.317282654693797,29.715580089167005,0.6085530969562314,1.828445318627011,1.4508717588000242,0.4655829573291209,0.2332917534142054,0.4263789217610601,0.47429013170640855,hjorth_mobility,hjorth_complexity,1.9282658786605036,0.7322561477379789,-38.43574523925781,-323.2421875,81.54296875,-32.2265625,1807.9919843876269,42.52048899516122,1595,eeg_data_level_8.csv,10,TP9,220.0078125,230.00390625
1211.5787454482147,173.08267792117354,508.3433584452437,49.25357117235501,86.44555218287344,121.87325225616468,15.234156532020585,27.357264139749514,7.818012152465233,13.797207285696814,36.61762089447703,4.5772026118096285,6.292249302178351,2.782712131923857,4.48884782206032,112.70981981509702,2.9660478898709743,6.139690520705938,1.2102798691693932,2.9187118249335695,220.63835933057098,2.5072540833019428,39.39567937718098,0.6491010618778896,1.8081439163293673,1.3355475075730834,0.3180083272121802,0.12145324342353785,0.3990476675363569,0.7502258242032402,hjorth_mobility,hjorth_complexity,1.5213840877504892,0.8401996483549181,-52.014732360839844,-248.046875,53.22265625,-36.62109375,2336.3793498356245,48.33610813704,1595,eeg_data_level_8.csv,10,TP10,220.0078125,230.00390625
621.9118054260865,88.84454363229807,268.1638868760947,32.05937468975811,62.09652237932802,88.35546048210527,11.044432560263159,19.137177836793896,2.332476760419547,11.835324970983223,17.117257168168834,2.1396571460211042,2.9991342209198226,0.711587423948217,2.1667831434154485,80.31780432670111,2.1136264296500293,4.409277704216814,0.701832705872675,1.8113935146062714,188.6775300793866,2.1440628418112113,4.848194717188155,0.4822514157557054,1.9502589947273443,1.293981373242796,0.36898938039671225,0.09998979422169599,0.4665930422765286,1.0909251139824052,hjorth_mobility,hjorth_complexity,2.88797618982869,0.8789339491760824,-37.274742126464844,-259.27734375,76.171875,-24.4140625,2328.259066816827,48.252036918837184,1595,eeg_data_level_8.csv,11,AF7,230.0078125,240.00390625
766.3769024159774,109.48241463085391,173.99030170580033,16.818307983853508,124.49319372289503,238.94051349591706,29.867564186989632,62.83244678626617,8.879512279546008,23.00428936362881,32.00643325755908,4.000804157194885,9.472461643974144,1.3529102038921765,3.65314958556958,68.25499890607276,1.7961841817387567,3.813633807020605,0.7367659880477191,1.5596383616576277,97.69674109649932,1.1101902397329468,2.7139747473230096,0.4488637017969648,1.0122884323432757,1.3716728656094257,0.6669691585845691,0.14167323588880928,0.351451919303985,0.5391423784903722,hjorth_mobility,hjorth_complexity,2.343992925894649,0.6784479469409351,-27.360153198242188,-266.6015625,787.59765625,-26.85546875,3766.9931641721632,61.37583534398667,1595,eeg_data_level_8.csv,11,AF8,230.0078125,240.00390625
1566.4716434750994,223.78166335358563,311.3346244812644,49.593178797043805,257.47493192323515,973.9898857726068,121.74873572157585,210.11420276677833,65.6258099259229,114.61789510537453,190.69796385477167,23.83724548184646,56.66321827610736,8.251208068921008,18.98239037934534,118.16299056521324,3.1095523832950853,9.158346224700331,1.0592079825505918,2.6528254595618685,121.16502899834987,1.376875329526703,23.216086358314136,0.3004450268466269,0.9199267099288915,1.3012866798740057,1.016438999170031,0.29327377168968116,0.26387891837618577,0.28798704897610133,hjorth_mobility,hjorth_complexity,2.5739695903220485,0.6988602567864108,-15.589523315429688,-312.98828125,112.3046875,-16.6015625,1286.5001788304653,35.86781536183191,1595,eeg_data_level_8.csv,11,TP9,230.0078125,240.00390625
1964.4957143555516,280.64224490793595,458.1128219003393,37.50326914616376,326.6588435370519,1131.1565003497249,141.3945625437156,207.48583916156664,63.0967391558613,160.84877527668016,203.66605920596692,25.458257400745865,56.480904973652684,6.290126391375715,22.332218576425475,105.57146958806354,2.778196568106935,7.030311592510258,0.6959634911752599,2.6760763411505972,155.00628236897066,1.761435026920121,41.030758617889845,0.3374243476369814,1.0401268350629251,1.3060945857069721,0.996201423998418,0.2682234190005343,0.20691959486795655,0.2927752453314127,hjorth_mobility,hjorth_complexity,2.755297344966729,0.7424527016873375,-12.939453125,-357.91015625,125.9765625,-13.671875,1536.158099770546,39.193852831414084,1595,eeg_data_level_8.csv,11,TP10,230.0078125,240.00390625
132.58956833035893,18.94136690433699,27.293055484312895,9.096272202585517,16.87442116047417,31.24338091570863,3.905422614463579,6.691692992795768,1.8763153400229824,3.3676400713482013,7.823798736885742,0.9779748421107177,1.3422082207056265,0.5421133056678213,0.9472632429105923,74.79152352408744,1.9681979874759852,5.963233095363622,0.6615239848307901,1.8542852887276986,148.31489098143817,1.6853964884254338,6.033181654636376,0.48962453146810364,1.4608462030471037,0.9451389266233379,0.33540397740411465,0.1101769829093136,0.9188285955117698,1.8722876619244169,hjorth_mobility,hjorth_complexity,3.2904353525766394,0.8897242660373833,-21.70543670654297,-96.6796875,41.50390625,-21.484375,212.97636263625463,14.593709694120088,1595,eeg_data_level_8.csv,12,AF7,240.0078125,250.00390625
778.4069779779317,111.20099685399023,171.5423596755395,60.96596728563093,95.04418717654016,200.34756641143073,25.04344580142884,39.32602637719245,8.26657384170032,28.094267853192044,46.88181117994985,5.860226397493731,11.066341476122236,2.6662677937768624,4.512788883867412,62.25820408147789,1.6383737916178394,3.1603759892198386,0.7273706756077076,1.4139249017788589,86.81377428880535,0.9865201623727881,2.2000229259934114,0.37070246204330176,0.904527878645425,1.48998532704727,0.6212038286667272,0.2019318498704638,0.33765284430171266,0.5072751622012953,hjorth_mobility,hjorth_complexity,2.64915426907716,0.7425914176446923,-19.57111358642578,-140.625,100.5859375,-19.04296875,540.4269264181494,23.247084256270707,1595,eeg_data_level_8.csv,12,AF8,240.0078125,250.00390625
619.5134853869794,88.50192648385419,132.61737214107012,46.8249775839523,83.9240256087743,363.2242957675484,45.40303697094355,95.91803066610451,17.063067676689585,36.50591845585051,60.03732129026206,7.504665161282757,15.226765732524136,2.585800736212129,7.257750055308959,123.11854574062922,3.2399617300165584,6.50789315108445,1.3676920940917001,2.888554068922954,155.5804676471511,1.767959859626717,30.51528327919404,0.4684041123716237,1.183371792644687,1.2140775888539195,0.8555975323258339,0.22168778371716094,0.5321690231717967,0.691301363861833,hjorth_mobility,hjorth_complexity,2.7464520886425983,0.7649919869027452,-21.023178100585938,-220.21484375,185.546875,-21.484375,719.3613912386354,26.820913318502697,1595,eeg_data_level_8.csv,12,TP9,240.0078125,250.00390625
576.5085056515805,82.3583579502258,97.96457016736252,44.43595198254751,91.1169987982137,354.9637368181076,44.37046710226345,83.46749668425845,18.84251966938339,37.93867181510103,53.35573317853701,6.669466647317126,11.047068472580838,3.1955747384784434,6.035017569123276,94.1263487929652,2.477009178762242,5.382567980141925,1.0319093074894488,2.4561594736574994,165.55103307550493,1.8812617394943743,40.24611404794952,0.36246430768405385,1.2058595371688088,1.2239814822127875,0.8928548035649035,0.2164525780104771,0.4549373056225792,0.747830439999236,hjorth_mobility,hjorth_complexity,2.936625099611409,0.8019077207728631,-19.235801696777344,-188.96484375,198.2421875,-19.53125,663.2562478989712,25.75376182034328,1595,eeg_data_level_8.csv,12,TP10,240.0078125,250.00390625
16826.198201208124,2403.7426001725894,5314.200883531875,402.0000215085748,1850.7692402479843,976.5861466929966,122.07326833662458,253.6825915424004,22.23056296534505,97.76215421224776,193.7525100921323,24.219063761516537,61.656447514371656,7.526736243848735,22.507691306623457,204.5316106125332,5.382410805592979,14.373613411580042,1.268763691443699,5.301379777391231,213.9223474469486,2.4309357664425977,5.457722353630917,0.5862513534129251,2.255577242346342,1.6161152905333322,0.243317622306654,0.0647556540405394,0.08478879905938778,0.09774746350563723,hjorth_mobility,hjorth_complexity,1.671753445260712,0.632969495858822,-26.239395141601562,-806.15234375,542.96875,-21.97265625,15636.442289542174,125.04576078197204,1595,eeg_data_level_8.csv,13,AF7,250.0078125,260.00390625
2444.189593475856,349.16994192512226,866.4674120786875,108.54495746487922,240.69231022482805,177.22110566231333,22.152638207789167,43.2882275340497,10.812507144917095,19.42307826589675,50.08962168461492,6.261202710576865,17.852695050023893,1.858646767915589,4.544297756912075,86.75500951402256,2.2830265661584885,4.495597341058516,0.8088178141049133,2.116979690062217,136.48445281897298,1.550959691124693,6.025562046415356,0.4289896139507412,1.2990123525317938,1.4790635149138058,0.26498317400935456,0.09201706404923407,0.19077651056581732,0.3126460169296117,hjorth_mobility,hjorth_complexity,2.131706774115511,0.7496415730731222,-25.48847198486328,-207.03125,149.90234375,-25.390625,1592.488791757205,39.90599944566237,1595,eeg_data_level_8.csv,13,AF8,250.0078125,260.00390625
15772.389168074696,2253.1984525820994,7476.488586774198,749.6244962138595,822.6690999671365,1137.038297959542,142.12978724494275,506.4012536598757,32.23848154456021,79.97694361930533,145.60137281242456,18.20017160155307,25.048474875441165,9.687675475673212,17.29687948158807,266.4296674120285,7.011307037158645,13.510771650240153,1.5984082424673869,6.208111795803887,254.26624692279373,2.8893891695772016,21.884417411639745,0.5262184609562793,2.402310629383037,1.4440271626263257,0.2782933731647895,0.055669975164986556,0.11533208000155842,0.12086559850244544,hjorth_mobility,hjorth_complexity,1.5744556256952738,0.5966813089332835,-16.240310668945312,-599.609375,978.515625,-40.0390625,25171.20845019235,158.65436788879262,1595,eeg_data_level_8.csv,13,TP9,250.0078125,260.00390625
6111.087005019904,873.0124292885577,2061.543153176421,409.5480090535809,494.2958660130023,922.8917570176559,115.36146962720699,252.59897417276918,39.02161016442964,103.87015805050015,143.14780071921453,17.893475089901816,28.856721002704507,7.702388173156169,20.14993391475455,185.80870711928958,4.889702818928673,8.641623963125086,1.881329030645012,4.669232203708971,264.33722945399506,3.0038321528863077,32.63341280386342,0.7795375844995925,2.250896037049582,1.5499351880577843,0.4762723976253449,0.11013162825068855,0.17428204271760597,0.2559756934792927,hjorth_mobility,hjorth_complexity,1.8177001746088692,0.6891878933858492,-23.116302490234375,-326.66015625,598.14453125,-32.2265625,8456.092723063193,91.95701562721135,1595,eeg_data_level_8.csv,13,TP10,250.0078125,260.00390625
12716.850758467337,1816.692965495334,4363.219479078473,409.08489494514515,1291.2869910136365,832.9923869298783,104.12404836623479,304.0819744695548,29.105953867224247,76.30490272404543,105.35399645983651,13.169249557479564,47.31645847746691,1.1172383069144474,8.091071906460197,130.93380466628236,3.4456264385863777,8.564691825964822,1.3044310100204304,3.0946933964290206,273.2050138646394,3.1046024302799933,9.559923839821117,1.0687155018587235,2.6291526070352806,1.5700420408576772,0.26754949239413933,0.04724440306436045,0.07477322752297631,0.1572454383361085,hjorth_mobility,hjorth_complexity,2.273230875301603,0.7597440896121345,-16.95880889892578,-820.3125,306.640625,-17.08984375,8271.619736879074,90.94844548907405,1595,eeg_data_level_8.csv,14,AF7,260.0078125,270.00390625
1442.6156685257754,206.08795264653935,426.4792970248307,89.46065651726914,132.93170684402097,172.05720979724967,21.50715122465621,51.830570849040754,8.26800856981338,18.14019152332535,37.890870070598766,4.736358758824846,9.237125924512435,1.9435870214575586,4.855031508140127,65.38982522995676,1.7207848744725462,3.2802934805193775,0.6486683922725218,1.5812134909031388,73.7709111914817,0.8383058089941102,1.6840621958929947,0.15651451727349405,0.7873579591371063,1.585568268768847,0.40336577695329595,0.12123581649812651,0.24736397237571026,0.3078872770576131,hjorth_mobility,hjorth_complexity,2.140552030439642,0.709305225611091,-19.869422912597656,-268.06640625,126.46484375,-20.01953125,1070.574583391135,32.7196360522414,1595,eeg_data_level_8.csv,14,AF8,260.0078125,270.00390625
2896.396280255109,413.7708971793013,723.730712297537,209.13784646044004,355.1380606605792,724.5448977454985,90.56811221818731,186.96967799624295,47.974273358751056,77.20047373838526,171.698463437943,21.462307929742874,52.723405398702454,8.097820663016401,18.87904549133148,206.84159581800444,5.443199889947485,13.393651950659123,1.7490044328793624,5.2439702212392785,223.8470247032889,2.5437161898101013,25.080740077104867,0.776708538600608,1.925407958759982,1.4974126632799183,0.630342619185307,0.2051425082842479,0.31594038718782436,0.37046912475608124,hjorth_mobility,hjorth_complexity,2.2422724781671453,0.6871228630944034,-23.493576049804688,-387.6953125,201.171875,-23.92578125,2324.865594127914,48.21686006085334,1595,eeg_data_level_8.csv,14,TP9,260.0078125,270.00390625
2502.5036339505614,357.5005191357945,407.78539212549515,260.03964607130473,382.2295533809836,678.7789592327728,84.8473699040966,200.01582577933075,19.428606510601703,75.61516738924203,52.97205942105039,6.621507427631299,11.824992530979191,3.6974917267309686,5.7627061669494255,103.93454900111436,2.735119710555641,5.337528701503668,1.185274935932399,2.4965999960395324,179.31630444336818,2.0376852777655476,38.77370911134035,0.38061299407199467,1.3516527123130815,1.6060029565651288,0.6703083378271881,0.09208029697624938,0.20708820911338577,0.3432573958194318,hjorth_mobility,hjorth_complexity,2.5828148466461793,0.7462035145594988,-26.372909545898438,-393.06640625,273.92578125,-27.83203125,2047.4882468988653,45.249179516305766,1595,eeg_data_level_8.csv,14,TP10,260.0078125,270.00390625
15447.692008527574,2206.8131440753677,5861.6311087288705,877.1649090603252,1724.0727849092225,2831.6661836594726,353.9582729574341,786.5015175157306,77.76813413469175,310.0262342346012,249.05113318178869,31.131391647723586,80.69267351662239,10.406646763102328,21.351671449790054,281.50305478235197,7.407975125851368,17.494884527957268,2.6384724054525734,6.918406840009087,239.4301736839182,2.7207974282263434,7.940319164734096,0.6787201074010453,2.491807741484515,1.532290761076408,0.5451825866183055,0.07895360767513235,0.11140250441463263,0.10649473916030697,hjorth_mobility,hjorth_complexity,1.8177001746088692,0.6502452673575289,-26.250076293945312,-904.296875,356.93359375,-17.578125,12293.711745733162,110.87701180016154,1595,eeg_data_level_8.csv,15,AF7,270.0078125,280.00390625
2495.5520490123795,356.5074355731971,471.8591521014982,218.7745705710301,353.33409693722217,497.935260999521,62.241907624940126,124.89939247716542,23.43307998352627,47.21882792606058,72.90585213659324,9.113231517074155,24.12355582416878,3.7076287196626247,5.103288733624183,109.32693637059076,2.8770246413313356,4.485661716725826,0.729954463708138,2.843875541278184,164.4815747490542,1.8691088039665251,3.6690425331342493,0.5101244136855613,1.6775190148796382,1.6198973121940123,0.5543539152619882,0.11915336717491945,0.2231661167852505,0.3540098084670952,hjorth_mobility,hjorth_complexity,1.8796169688777846,0.6752876134899316,-21.680641174316406,-457.03125,146.484375,-17.578125,2021.6961754704244,44.96327585341647,1595,eeg_data_level_8.csv,15,AF8,270.0078125,280.00390625
26521.125802202056,3788.7322574574364,7482.299079425091,1243.1240031936254,3487.715184723785,2651.2700045588813,331.40875056986016,761.5254557145582,58.670038174438965,216.63128596856427,525.8929783476453,65.73662229345567,89.81346103507401,46.289273463319375,60.08913444924714,336.97314800496537,8.8677144211833,34.46098712002986,2.4865890869093814,5.787011523195577,277.86219546135544,3.1575249484244936,30.352060144505717,0.8808599441919863,2.5475128567009033,1.6397421060756687,0.35379158872466865,0.10033232167111547,0.08285564730202026,0.07707787296195943,hjorth_mobility,hjorth_complexity,1.6054140228297313,0.5921452796891183,-9.342193603515625,-454.58984375,972.65625,-30.2734375,20948.98902287241,144.7376558566305,1595,eeg_data_level_8.csv,15,TP9,270.0078125,280.00390625
8652.272844249002,1236.0389777498574,1616.5653399280955,752.5603607467574,1242.994432410743,1891.208358422084,236.4010448027605,523.0549904403467,65.98534222260143,154.8834160447967,236.76720044444414,29.595900055555518,65.17579821812282,6.345669629607877,22.023094998112015,188.62647595725656,4.96385463045412,9.394019621179549,2.1900447463917465,4.753708235906154,274.09784526553005,3.1147482416537504,42.640956667291135,0.5365733142288076,2.31550719881675,1.6353388154299215,0.5878273551859736,0.11633642784599489,0.12348780685058178,0.1818636624998644,hjorth_mobility,hjorth_complexity,1.919420622336373,0.6817899110083843,-22.84412384033203,-386.23046875,299.31640625,-29.296875,5549.748838493542,74.49663642402616,1595,eeg_data_level_8.csv,15,TP10,270.0078125,280.00390625
39850.20242622291,5692.886060888987,13816.596944571846,1357.1937712316876,2285.4910465429843,2225.6808023847843,278.21010029809804,706.7688473380954,83.07974418512008,225.45001501752895,257.56020389384526,32.19502548673066,53.24292630250828,16.843692133271663,30.439074072412726,339.1249004779485,8.924339486261802,28.886676917791867,3.9032401173498474,6.620138580026405,273.0597141713727,3.1029512974019626,8.163999202535233,0.9958163647274847,2.6357109585939265,1.4835856354268777,0.24036428359545012,0.04091964746769618,0.06253171832028911,0.05715395108980292,hjorth_mobility,hjorth_complexity,1.4638899216436392,0.6088832484647199,-9.578323364257812,-1000.0,480.46875,-20.01953125,26218.54779412388,161.92142475325457,1595,eeg_data_level_8.csv,16,AF7,280.0078125,290.00390625
3021.541985010101,431.648855001443,965.2543226746155,117.95089923297964,350.25932192134434,503.75181751743344,62.96897718967918,142.1282971009187,18.696645780980223,40.42123913502881,66.17230428448282,8.271538035560352,15.343864582152763,4.666881309319152,6.637746163539642,71.80253416347075,1.8895403727229145,3.857218595048255,0.4494849051376484,1.6568172388823303,91.55701910450748,1.0404206716421305,3.1928999883006415,0.35360294127647895,0.9079645721938717,1.586785850694192,0.5042666757907541,0.1031025300905741,0.13835731374089705,0.19071550940958795,hjorth_mobility,hjorth_complexity,1.2471811417024359,0.6253293826671742,-13.499259948730469,-417.48046875,175.29296875,-16.11328125,2682.4896287507727,51.79275652782706,1595,eeg_data_level_8.csv,16,AF8,280.0078125,290.00390625
6468.911623483375,924.1302319261964,1426.562707832936,685.7053971544948,889.7268149405298,2305.174237328333,288.14677966604165,647.4885013639073,42.93362239807969,218.56300370448804,159.4404687983153,19.93005859978941,30.317422916311166,13.351352125863954,19.743912707564164,284.74274143077645,7.493230037652012,21.779004838276226,3.115335163774345,5.990719156145072,313.14355601230255,3.5584495001398015,30.4289950474206,0.8005431133538425,3.0209079914392714,1.537208462271444,0.7562711353467588,0.10036036544579505,0.20386221445635952,0.24541314908523565,hjorth_mobility,hjorth_complexity,1.8000096619606079,0.6412471160848138,-29.761123657226562,-353.515625,405.76171875,-35.15625,6013.255733851111,77.54518511068956,1595,eeg_data_level_8.csv,16,TP9,280.0078125,290.00390625
11310.602037256069,1615.8002910365813,2581.429387011268,735.8053272790869,1359.5719742605386,1939.466497652404,242.4333122065505,532.7430538158231,50.0447113649715,184.50591621727455,121.85261375906651,15.231576719883314,28.530336254755046,8.233878702473321,13.967205642574815,190.76090853516044,5.020023908820011,11.224799030015694,1.4079210724697522,4.875882398836328,297.4893364489711,3.38056064146558,53.13888873090925,0.3311984553178683,2.242485916402627,1.6797221534381603,0.5265330530394227,0.058916373819256046,0.10687351725056234,0.16580797231160693,hjorth_mobility,hjorth_complexity,2.0830578643327917,0.6779336396254687,-25.057220458984375,-398.92578125,471.19140625,-31.73828125,7272.44563808199,85.27863529678457,1595,eeg_data_level_8.csv,16,TP10,280.0078125,290.00390625
13599.892760357649,1942.8418229082356,4607.09738007308,418.90082547301364,1330.9089416939437,524.714263619081,65.58928295238512,211.85477070518462,8.562417176821812,28.764233171555823,95.38602534511273,11.923253168139091,22.527440850503545,3.340670338816157,11.43093802149226,149.10019557507295,3.9236893572387617,10.917946591108059,1.9381031612746749,3.015723855266346,187.45668216182804,2.1301895700207734,5.231002900372679,0.34814782371226727,1.976798122089408,1.6248705819065064,0.1741240828258024,0.044339804893963206,0.08051891496225996,0.10864687383925004,hjorth_mobility,hjorth_complexity,2.4722491425945448,0.7627938556581866,-36.48872375488281,-776.85546875,165.52734375,-23.92578125,7984.268652362516,89.3547349185398,1595,eeg_data_level_8.csv,17,AF7,290.0078125,300.00390625
1741.5268588958402,248.78955127083432,486.2082448849062,141.72361179435154,198.39028222911895,308.71479510007174,38.58934938750897,124.78857627627251,9.446632359959404,21.882976619015395,43.35917096918161,5.4198963711477015,12.074967759812358,2.7883667594995685,4.552742898214481,65.98653987435627,1.736487891430428,2.7586715055106055,0.893327855947549,1.712746589887912,74.78166535974621,0.8497916518152979,2.504818598943333,0.2964427310767053,0.743395536918019,1.6193627144665603,0.5026470135006582,0.112701477661025,0.20637022696867485,0.25454981298305157,hjorth_mobility,hjorth_complexity,2.3174571569222566,0.6926781514320929,-26.819610595703125,-338.37890625,123.53515625,-24.4140625,1350.5254121264443,36.749495399616634,1595,eeg_data_level_8.csv,17,AF8,290.0078125,300.00390625
1705.3962369319577,243.62803384742253,316.26902075787467,177.63593887790614,231.20617300073985,783.8391071717755,97.97988839647194,192.16880945089085,22.616583328579072,96.05885968085585,126.06664600394672,15.75833075049334,33.25289875383002,7.2117731172842685,11.972024325648448,185.64120705911765,4.8852949226083595,10.882098412292471,2.0634622107595093,4.333350174351082,245.42279991588126,2.78889545358956,21.559960221187126,0.4553171006881072,2.1849477543552362,1.3784991704627907,0.8181210756980767,0.20594935205182685,0.3776257309209178,0.5308052147469668,hjorth_mobility,hjorth_complexity,2.229004593680949,0.7327097867319441,-31.54125213623047,-325.1953125,194.82421875,-30.2734375,1494.331114772649,38.65657919129225,1595,eeg_data_level_8.csv,17,TP9,290.0078125,300.00390625
1977.2492110846968,282.46417301209954,369.8065150161074,211.4700276091917,287.82825841688424,931.5301174140782,116.44126467675977,200.07227196791243,30.55357734747794,127.36392163947937,136.38863921537694,17.048579901922118,28.295901647012382,5.580343639522834,16.344518216039955,108.25575015826121,2.848835530480558,6.079090228949205,1.4100535401489298,2.614423358630659,202.4476265033602,2.300541210265457,34.80115635378643,0.6248555439134426,1.585036708482297,1.4313093248483946,0.87389265162847,0.20620207521930511,0.22190870253499176,0.4023651055500368,hjorth_mobility,hjorth_complexity,2.5164754242151988,0.7688799855512037,-26.810264587402344,-382.8125,242.67578125,-26.3671875,1706.188084463065,41.30602963809358,1595,eeg_data_level_8.csv,17,TP10,290.0078125,300.00390625
147.25014793371207,21.035735419101723,33.194958255245666,13.933324343696139,18.773238507773964,33.47378827591922,4.184223534489902,6.483617855789575,2.5757069166458515,3.845086774319094,14.067093247193954,1.7583866558992443,2.8728837696463234,1.0909678420929287,1.595961828962368,45.059242023036916,1.185769526922024,2.3884707626369206,0.35078273724258485,1.0538373006100898,79.84019534491526,0.9072749471013097,1.8317768432001809,0.3268363147686987,0.8136161225825291,1.1705945289716189,0.4239525077648823,0.21351982842730163,0.7303952535708665,1.3576411276791154,hjorth_mobility,hjorth_complexity,3.1179528542560897,0.8445823306474911,-22.249984741210938,-82.03125,25.87890625,-21.97265625,182.65267586684786,13.51490569211816,1595,eeg_data_level_9.csv,0,AF7,120.0078125,130.00390625
719.0876653640087,102.72680933771552,184.18615991710837,54.05591161200501,95.91138281386905,227.89946052868774,28.487432566085968,58.97787589373037,12.065402841509774,24.80761215068432,40.701678478098465,5.087709809762308,8.069194625667222,2.7613375742543322,4.350275010228013,76.83206478417752,2.0218964416888823,4.044941449460087,0.6652757509886558,1.9545057843656113,114.50252196979696,1.3011650223840563,2.958897000741458,0.3713249807923133,1.2631086745604165,1.410011208574507,0.6819040607671714,0.18016372284535237,0.3973797626159912,0.6323252837789622,hjorth_mobility,hjorth_complexity,2.6668447817254215,0.7514272837871695,-20.87860107421875,-130.859375,84.47265625,-20.99609375,656.1090960167348,25.614626603109695,1595,eeg_data_level_9.csv,0,AF8,120.0078125,130.00390625
697.5543005621571,99.65061436602244,128.08515788655328,67.72636889373754,96.90992190730714,500.69585593199633,62.58698199149954,104.55943855849509,27.02210427553029,55.33515448765016,93.04592783317977,11.630740979147472,17.704799351784114,6.174536937862587,10.991320990592659,124.24906576925679,3.269712257085705,6.08547028507749,0.7842892551206915,3.0753386394437845,152.2322680326369,1.7299121367345103,23.15575445652181,0.3697656824196278,1.2051075413551622,1.2009090467996342,0.9843525791942638,0.28332593491710667,0.4732637484252623,0.6098585367159051,hjorth_mobility,hjorth_complexity,2.3970644638394334,0.7291371369716436,-22.743797302246094,-289.55078125,116.2109375,-22.4609375,782.087436200527,27.965826220595147,1595,eeg_data_level_9.csv,0,TP9,120.0078125,130.00390625
702.8437742367278,100.40625346238969,173.6827051529688,54.720334560453104,82.86654110133342,440.9445948304004,55.11807435380005,110.08124752674689,27.421276177571762,48.21581938074493,82.44981495796819,10.306226869746023,14.804144670649253,6.1901611227816264,11.564318275289619,98.80688479432403,2.600181178798001,4.799404901146971,1.0696505729566312,2.3825015256967177,179.95205889524425,2.0449097601732302,37.982012458478614,0.31170090733417594,1.318524513211408,1.204171671850052,0.9287318066923487,0.26600761982904547,0.4069009242584522,0.7013375137487796,hjorth_mobility,hjorth_complexity,2.88797618982869,0.7851034837008197,-20.326614379882812,-262.20703125,126.46484375,-20.01953125,772.3245267698076,27.79072735229878,1595,eeg_data_level_9.csv,0,TP10,120.0078125,130.00390625
13609.304832435815,1944.186404633688,4543.392698008654,267.11182724625564,1457.04324850468,729.4144046223611,91.17680057779513,211.6403142420015,22.289483813817426,78.66276528795449,83.10177614734708,10.387722018418385,19.940105943769964,2.759137627740835,11.029111690703537,90.29478360103762,2.3761785158167794,4.426004984348709,0.9319977077102715,2.214494954111208,154.2372061864032,1.752695524845491,3.6473204549318643,0.4842048069093691,1.7449567989347696,1.511487625832136,0.22424729831969983,0.03675849600117217,0.048846215403431946,0.08612437346892607,hjorth_mobility,hjorth_complexity,2.1715104275740993,0.7035868929530329,-16.962242126464844,-198.2421875,592.28515625,-27.34375,7718.497716959973,87.85498117329475,1595,eeg_data_level_9.csv,1,AF7,130.0078125,140.00390625
1318.098374822097,188.29976783172813,264.36276778805455,91.24386642967903,193.8853061384133,400.56144088558995,50.07018011069874,114.881836768756,16.311336180086638,40.31689200334481,50.71617389958072,6.33952173744759,17.099016275107232,2.3672360053302643,5.457189713791099,89.42923551490703,2.3534009346028166,4.799463109560639,1.2834795404397075,2.1055818218161555,125.75480512598645,1.4290318764316643,3.3775318420805407,0.5056744068744917,1.3638423074801957,1.501767084213868,0.6851636212414526,0.1385511552448177,0.2936132333542988,0.44269441433788514,hjorth_mobility,hjorth_complexity,2.4324454891359566,0.717610197455564,-20.977401733398438,-190.91796875,113.28125,-21.484375,966.5204443444964,31.088911919597578,1595,eeg_data_level_9.csv,1,AF8,130.0078125,140.00390625
1296.1565268172822,185.1652181167546,257.6577819455695,92.09743063314961,169.84949580222727,691.9202633773004,86.49003292216256,142.3998571354915,32.151040341263176,85.45266105503948,134.86553138409448,16.85819142301181,27.865391034557074,8.379087150489733,15.766054759296043,152.45988792623578,4.01210231384831,8.273495418258632,1.78086289754319,3.8580687202084656,194.1045298181005,2.205733293387506,22.52602631499624,0.5312233650170431,1.7420614435852386,1.3213727068937557,0.8991885192231883,0.26491764670631934,0.38598326704442454,0.5198756340039357,hjorth_mobility,hjorth_complexity,2.4899396552428064,0.7306960180452855,-25.644493103027344,-234.86328125,138.18359375,-22.94921875,1159.11392345879,34.04576219529811,1595,eeg_data_level_9.csv,1,TP9,130.0078125,140.00390625
1529.2614905770595,218.46592722529422,417.75276645410867,127.61081165856828,180.85973243015962,723.8542077137184,90.4817759642148,161.23263589638074,44.98486527280916,92.4527392865603,173.78155187021744,21.72269398377718,47.85619768815206,10.405239809988082,14.415252158121946,147.73606178676593,3.887791099651735,9.882429914555702,1.6007064237589317,3.6732810001938923,244.20174351842797,2.775019812709409,38.912518630955596,0.8143633729011605,2.0495861506439357,1.312982560217505,0.8431749360008373,0.28453424058936955,0.3337941038870107,0.5523112416266979,hjorth_mobility,hjorth_complexity,2.7508747168046637,0.7736006993566074,-25.25634765625,-298.33984375,102.05078125,-23.4375,1375.846229493618,37.09240123655542,1595,eeg_data_level_9.csv,1,TP10,130.0078125,140.00390625
6357.560776398359,908.2229680569084,1940.9888760131555,230.3846605136814,583.6326520669295,512.9743431111142,64.12179288888927,192.75921986164127,13.8197894601698,44.16077122054929,53.75181234818649,6.718976543523311,10.947600870299887,4.7883796698611265,5.941015233885945,133.22918002048576,3.5060310531706778,6.335830679917367,1.3546782706343687,3.2722778070993592,149.35346147324282,1.6971984258323047,3.776096686087109,0.5029170777216548,1.6452226968326173,1.5799340413623468,0.29914673300601413,0.04935342564602106,0.13287887074523821,0.16338326465275804,hjorth_mobility,hjorth_complexity,2.0344089545500728,0.7300272750507737,-27.962493896484375,-254.8828125,420.8984375,-31.73828125,3911.225986084901,62.53979521940331,1595,eeg_data_level_9.csv,2,AF7,140.0078125,150.00390625
3363.213101851098,480.4590145501569,1040.2296700489899,148.5552115565395,343.37447134722674,467.2283285922586,58.403541074032326,204.50902224910385,16.46953476987782,38.680560631034076,52.899745529624816,6.612468191203102,16.011328956892388,1.9760002045837715,5.912411011082481,92.2457108294728,2.4275187060387577,4.0528348018124785,0.8271275283025213,2.423209371054473,196.70721492650483,2.235309260528464,7.231354266080757,0.6335191808919197,1.9886389549427022,1.5291828105259895,0.4160258689131153,0.0753670961645155,0.1555413186969912,0.33238356343937386,hjorth_mobility,hjorth_complexity,2.6447316409150945,0.7560007823502557,-21.946144104003906,-179.19921875,318.84765625,-25.390625,1995.3049209652818,44.668836127274254,1595,eeg_data_level_9.csv,2,AF8,140.0078125,150.00390625
2037.0711363600067,291.0101623371438,418.22154190977034,193.92908518618347,275.1687820934632,1412.4582296832507,176.55727871040634,241.88460505013174,76.1171904068217,197.85980819942358,306.6854328176114,38.335679102201425,113.71628908230069,14.738969517393148,25.97963256918474,223.54305370619133,5.882711939636614,17.475935805275352,2.9397167765545262,4.707205545407638,212.23309578515682,2.4117397248313277,19.908435085553265,0.6738006232843012,1.9335778648384059,1.2617142834965906,1.0307383732922433,0.3212663498082011,0.33775982235109137,0.36081575107675135,hjorth_mobility,hjorth_complexity,2.313034528760191,0.6460525989407473,-24.373245239257812,-318.359375,164.55078125,-21.484375,2150.198268791428,46.37023041555248,1595,eeg_data_level_9.csv,2,TP9,140.0078125,150.00390625
2013.394256741791,287.627750963113,428.29646829822065,107.93205700062718,334.0953944453918,1551.9545946051808,193.9943243256476,349.89302573887295,41.83886794964731,172.9119988298827,200.8661780108951,25.10827225136189,86.39595899307038,7.360626282442997,14.898431647542102,141.40171190303295,3.7210976816587618,6.7354213392438425,1.374483359079601,3.2241695735674396,263.89318816581203,2.998786229156955,40.30389931467044,0.9080951424256833,2.067828861967362,1.2263678286348645,1.0751635687161074,0.22535434431624446,0.2313536844352819,0.4242761440893664,hjorth_mobility,hjorth_complexity,2.4943622834048718,0.6897238980733472,-22.83000946044922,-318.359375,174.8046875,-20.99609375,2383.3651479435503,48.81972089170062,1595,eeg_data_level_9.csv,2,TP10,140.0078125,150.00390625
965.493180466062,137.92759720943744,249.79620496466845,49.41027649687905,136.43665985424687,106.14664003689626,13.268330004612032,36.44118040268855,1.6914810422264057,10.017084430237212,19.54086229662727,2.442607787078409,3.2094604157598017,1.757071801262165,2.5231835674170733,69.9356208685847,1.8404110754890712,2.915484445610458,0.5892956782514739,1.8943334741272269,115.3475369802731,1.3107674656849218,2.646171895222433,0.3438529309426503,1.258408710794913,1.5267490923177747,0.34255693559874484,0.09266476727122674,0.3452788382338771,0.5954433997758212,hjorth_mobility,hjorth_complexity,2.8216367673977096,0.8196299416143396,-22.353744506835938,-156.73828125,146.484375,-22.94921875,712.6372888160404,26.695267161353534,1595,eeg_data_level_9.csv,3,AF7,150.0078125,160.00390625
1033.5760746409157,147.65372494870226,169.00490463351488,133.49793706289495,139.7723308037481,336.7804287961516,42.09755359951895,98.84574032766943,6.0991510721959115,38.06687722166778,32.66372151818269,4.082965189772836,7.266946766953209,1.712062013774086,3.8631072249770586,102.1098994901701,2.687102618162371,5.756270189455275,1.172386335752666,2.616694774342503,192.88218926923534,2.1918430598776744,3.958546492012831,0.6754433159066713,2.1292928852845137,1.4507814741746394,0.6656907864621258,0.11008366716106091,0.3714643974961934,0.723296290368332,hjorth_mobility,hjorth_complexity,2.768565229452925,0.7826283391036559,-23.256301879882812,-197.265625,118.65234375,-22.94921875,836.4825938770082,28.922008814690038,1595,eeg_data_level_9.csv,3,AF8,150.0078125,160.00390625
1982.979096859321,283.28272812276015,369.1683856745334,223.06298525972863,290.77314708500654,994.0945957245738,124.26182446557172,181.5087915330838,77.73764792859384,123.63076398292608,327.6859387878207,40.96074234847759,82.05012383971278,11.678021173803517,34.46705901611959,163.94887766149108,4.314444148986607,10.055761217948984,1.082695866984019,4.262183256674897,228.1208911634639,2.592282854130272,23.7755761963824,0.639943243996616,1.978434181200456,1.3573004588875806,0.8934613691336466,0.3793405554220911,0.29165027811258964,0.42585601811817836,hjorth_mobility,hjorth_complexity,1.9105753660122422,0.6648615439672382,-25.838088989257812,-334.47265625,115.234375,-23.92578125,1858.4689228737261,43.109963150920535,1595,eeg_data_level_9.csv,3,TP9,150.0078125,160.00390625
2003.873796503176,286.2676852147394,350.86894630982505,158.06670460540286,324.30431483256143,1149.3233244719843,143.66541555899803,252.7784816183589,64.79094414784599,121.30851146771995,184.48945199179445,23.061181498974307,46.04085976835788,6.079803913378063,20.073261185234742,138.46145416431287,3.6437224780082333,8.703151924974406,0.9373992280836829,3.149738673555193,226.23256059966542,2.5708245522689253,37.20876395323102,0.5977499646229196,1.8924731837081632,1.3520147723454032,0.9655087740852141,0.24135689373374838,0.24999972834086184,0.4077049381550111,hjorth_mobility,hjorth_complexity,2.29534401611193,0.7432478976303617,-27.306175231933594,-307.6171875,134.765625,-27.83203125,1936.8445351938135,44.00959594445072,1595,eeg_data_level_9.csv,3,TP10,150.0078125,160.00390625
315.58817718333756,45.084025311905364,114.43014399147654,15.571665945821044,28.228912810471506,69.93328313505769,8.741660391882212,22.85309647293952,3.3569769670415273,6.020008068560688,12.08622277000941,1.5107778462511763,2.1253213618787035,0.9739660489337472,1.5559198912239296,72.21597852321374,1.900420487452993,3.6080126431881974,0.43716295634894387,1.7444775835474597,101.08764781002982,1.1487232705685206,2.725357764413692,0.5031934561267692,1.0400581810488765,1.1487157740375267,0.43958725470262155,0.11203801698778393,0.6395867232626165,0.9742886459829099,hjorth_mobility,hjorth_complexity,2.6535768972392253,0.8046857981319733,-19.158554077148438,-106.93359375,224.609375,-20.99609375,768.7649269064423,27.72661044748244,1595,eeg_data_level_9.csv,4,AF7,160.0078125,170.00390625
1340.0555014655176,191.43650020935965,394.05328257357155,96.37010650565978,175.86222325873408,432.7961106927747,54.099513836596834,131.38219097808985,21.665325955280256,27.608768976764374,50.88892273931428,6.361115342414285,11.196995361037047,3.276252345208478,5.6006591826780525,99.91297710260122,2.629288871121085,5.551128693416396,1.0273161595015106,2.4475759062800533,155.13497744319073,1.7628974709453493,3.605347574614866,0.6189149419575599,1.6947552649889939,1.4352025697826236,0.6948208481629201,0.13665149724879122,0.31006040086680203,0.510784466784704,hjorth_mobility,hjorth_complexity,2.826059395559775,0.7559787511258201,-22.629737854003906,-179.6875,155.76171875,-22.94921875,1005.597510629741,31.711157510090057,1595,eeg_data_level_9.csv,4,AF8,160.0078125,170.00390625
822.7007132314177,117.52867331877395,150.90070055917883,64.84004946741618,111.5781221123426,619.8401248181019,77.48001560226274,120.16922506103326,30.97791958764884,78.2454677686413,192.21959042634234,24.027448803292792,38.0074457990637,13.727398927373399,21.54544616717962,153.49238753222338,4.039273356111141,9.906324110891237,1.786885899461114,3.7242930111162824,207.17074736981235,2.354213038293322,20.053981633613787,0.6403844501338527,1.9901822270147558,1.1331871402486757,0.9736590038249788,0.41171301693313406,0.460852262063636,0.6621431409266407,hjorth_mobility,hjorth_complexity,2.392641835677368,0.7180489012970175,-23.913002014160156,-261.23046875,87.890625,-21.484375,1057.8531070132158,32.52465383387217,1595,eeg_data_level_9.csv,4,TP9,160.0078125,170.00390625
870.3778876895292,124.33969824136132,144.13284726608867,106.0460869790215,122.50833065006022,584.7845179816447,73.09806474770559,153.86266315967498,30.466877914652216,63.47309545547818,168.90830413268938,21.113538016586173,29.566083976556715,14.469652775513667,19.573368895718744,143.54286012816962,3.777443687583411,12.289084574210513,1.622152257328059,3.2973917425294887,302.052725762195,3.4324173382067613,32.48868858384642,0.5361190347852227,2.5091490445725686,1.1549142614419718,0.8911665026868298,0.36170086488173114,0.4169914749251229,0.8656533911046678,hjorth_mobility,hjorth_complexity,2.6049279874565063,0.7632667309278316,-28.349876403808594,-200.1953125,138.18359375,-27.34375,1082.6846226336784,32.904173331565076,1595,eeg_data_level_9.csv,4,TP10,160.0078125,170.00390625
25.019606969720734,3.574229567102962,5.835224543681445,1.606744613456915,3.2626414017088217,11.860966571988115,1.4826208214985144,2.1368230851968684,0.720922036251793,1.4531266116767871,8.514943945036542,1.0643679931295678,1.4655086133558748,0.8572025601905714,0.9926507963193807,62.277655704499786,1.6388856764342048,3.506152959855446,0.49596399510377764,1.4077709636336073,104.75394667446281,1.1903857576643502,2.5254713823165846,0.4034714565959632,1.1487419314564948,0.42614203750286717,0.24765550144845003,0.19014208877766817,1.2484158504373961,2.2717672038526784,hjorth_mobility,hjorth_complexity,3.900758038941661,0.8964613493157136,-20.84636688232422,-63.96484375,18.06640625,-20.5078125,121.98745153000345,11.044792960033405,1595,eeg_data_level_9.csv,5,AF7,170.0078125,180.00390625
195.23511376487895,27.89073053783985,48.468948045963295,8.508095980919562,24.713875505155002,41.695914363225995,5.211989295403249,7.55890779745253,3.9138283609239988,5.130593722113218,17.41808499488401,2.177260624360501,3.0602104449502883,1.4048308917942605,2.08224689151612,79.03608212122076,2.079896897926862,5.062157565218063,0.6206347386101043,1.9673861466647193,130.18549181064836,1.4793805887573677,3.796567584163188,0.49767903822084075,1.3788168096700328,1.069073590160397,0.380897873258061,0.1895784400305036,0.8485139323840436,1.5047578386995912,hjorth_mobility,hjorth_complexity,3.2815900962525086,0.8579512615291988,-21.424102783203125,-99.12109375,45.8984375,-20.99609375,253.9600239833817,15.936123241973931,1595,eeg_data_level_9.csv,5,AF8,170.0078125,180.00390625
217.03527630490612,31.005039472129447,41.769084994545516,20.870037439813295,30.189993098012256,113.63863342123716,14.204829177654645,24.088205307779695,5.847732073104497,14.380782352166857,51.084728802524815,6.385591100315602,11.093585501699403,3.120291832309549,6.087505478258494,106.56491433015894,2.8043398507936566,4.892536417888256,1.3080101316476282,2.842694718681723,142.85925701988376,1.6234006479532246,17.853813030914875,0.32611901614634053,1.2595936373713648,1.0006384076742594,0.6498117714738361,0.354194137429183,0.8759813960003283,1.241027982159504,hjorth_mobility,hjorth_complexity,2.7641426012908594,0.7935528386442534,-23.33984375,-141.6015625,33.203125,-22.4609375,362.8266602754593,19.04800935204147,1595,eeg_data_level_9.csv,5,TP9,170.0078125,180.00390625
338.7181708749418,48.38831012499168,87.53273440450107,23.479568015418206,40.36662967206625,139.86122260177996,17.482652825222495,29.226563687503724,8.777748698690267,15.559953918848073,54.17389575994724,6.771736969993405,12.371492413354888,2.52355126223288,6.74588107267042,119.62157463040329,3.147936174484297,6.212454095936975,1.2153666503948284,3.034175504716907,168.83923176737835,1.9186276337202086,32.77891014372408,0.3448495851522551,1.355891605170423,1.1083044431672944,0.6249608745148709,0.3008112111273127,0.7747629038779782,1.0971121959200227,hjorth_mobility,hjorth_complexity,2.8481725363701016,0.8136709018538905,-27.09503173828125,-144.53125,41.9921875,-25.87890625,450.05490770563483,21.214497583153715,1595,eeg_data_level_9.csv,5,TP10,170.0078125,180.00390625
29567.392280658805,4223.913182951258,12184.506708956767,155.03585570645768,886.9437074331247,236.79982048520128,29.59997756065016,56.76062755629758,8.537642428327192,25.362471825746844,86.9962558147262,10.874531976840775,17.691009889736602,6.489314445840591,9.665389666787677,103.34745380431363,2.719669836955622,6.362189326132228,0.6247039043069422,2.5948002869520765,145.44036618966,1.6527314339734092,2.9306545508089235,0.5378774342329873,1.6019107031387025,1.2342107476114803,0.05178808125724896,0.022034432341813584,0.03065763053495573,0.04553555575273362,hjorth_mobility,hjorth_complexity,2.1980461965464917,0.6449502466872475,-24.952316284179688,-557.6171875,979.98046875,-30.76171875,26718.750706495484,163.45871254385764,1595,eeg_data_level_9.csv,6,AF7,180.0078125,190.00390625
4651.989935706459,664.5699908152084,1547.4485822193726,218.58762597465966,464.71722518814215,520.1622207098619,65.02027758873274,171.2240107982062,29.555351717281763,41.69573511693318,70.27166122708155,8.783957653385194,13.242632256946882,4.53714725698821,8.51496906734856,102.43279393651422,2.6955998404345847,4.142419591022514,1.2391545405668187,2.719818533713866,183.36845576959257,2.0837324519271885,6.721793029580426,0.5731821696240086,1.8182313231627978,1.5711542600729247,0.38996971687870385,0.07967242384263182,0.1377952169756678,0.2534677449678821,hjorth_mobility,hjorth_complexity,2.038831582712138,0.6982702554502606,-20.822715759277344,-181.15234375,499.51171875,-27.34375,4285.77794078592,65.46585324263268,1595,eeg_data_level_9.csv,6,AF8,180.0078125,190.00390625
1428.0939641588898,204.01342345126997,298.85712081166736,153.5456189359143,175.9053400517263,735.7688199502344,91.9711024937793,142.84322084053468,23.019197189607752,87.38306551846432,198.07051840910603,24.758814801138254,55.172204568181044,10.841444698914723,22.873423305392425,196.3460309170446,5.167000813606437,14.40395663188236,2.438495352347392,4.639139742366903,221.00028082661134,2.511366827575129,26.39167971179426,0.6075148840395972,1.9815752504054993,1.3101681641824952,0.8666868252527645,0.3211320345928581,0.4288316006410286,0.5240392157630549,hjorth_mobility,hjorth_complexity,2.2157367091947533,0.6999183831096575,-23.4130859375,-275.390625,123.53515625,-19.04296875,1507.4541419744492,38.82594676211321,1595,eeg_data_level_9.csv,6,TP9,180.0078125,190.00390625
1560.7360787518837,222.9622969645548,335.5394215601581,112.20624074730073,244.61698389828567,745.0484591382972,93.13105739228715,141.95050403283196,33.58624407137789,87.9940826864163,194.2841578717801,24.285519733972514,48.39451734754049,10.556859868928335,20.521966032573296,159.794826230008,4.205127006052842,9.853699382461159,1.4608150237343809,4.039365185176399,270.6759000429651,3.07586250048824,45.506167646901375,0.8353447373233233,2.1522426904696457,1.3186996722234727,0.8375905571072291,0.3019174011193665,0.3425666168519342,0.5748943192916802,hjorth_mobility,hjorth_complexity,2.3616834385429106,0.7431046693484188,-23.688316345214844,-270.01953125,137.20703125,-21.97265625,1518.1816668700776,38.96385077055498,1595,eeg_data_level_9.csv,6,TP10,180.0078125,190.00390625
16950.205371519794,2421.4579102171133,5067.626903322603,461.0662984016838,1710.85169671398,946.1152109035365,118.26440136294207,304.17368359032923,27.55196275847841,82.1641091199295,71.86432556982902,8.983040696228628,20.66496986588548,3.175657657694313,7.977227638022438,140.961882452977,3.709523222446763,7.263774024170402,1.0162369509492812,3.587426138439266,158.01468458883772,1.7956214157822468,4.261916341025207,0.5587741319117361,1.6085305280378845,1.5903385198286075,0.2407041580623048,0.028536298669145185,0.06292121269224932,0.07653077022277707,hjorth_mobility,hjorth_complexity,2.144974658601707,0.6337554536958806,-21.41399383544922,-600.09765625,588.37890625,-28.80859375,9987.945464636141,99.93970914824668,1595,eeg_data_level_9.csv,7,AF7,190.0078125,200.00390625
1862.8812777921896,266.1258968274557,398.4856893738048,151.67739125825952,263.84363317059046,439.229154758208,54.903644344776,123.3823377763109,16.591325465001827,32.030297997048464,49.58049841160798,6.197562301450997,11.721892391758624,2.754013354006182,4.831820243602158,100.62235457625582,2.647956699375153,5.116852914687322,1.0502650082951321,2.481847541356105,159.59910784328403,1.813626225491864,3.277375948193876,0.6461643907577721,1.786251704013806,1.5758629795555525,0.589769169031592,0.10891370599444206,0.25528536400817553,0.4291090181970892,hjorth_mobility,hjorth_complexity,2.3395702977325836,0.7511535760239949,-21.982765197753906,-204.1015625,141.6015625,-20.5078125,1394.3204565657652,37.340600645487285,1595,eeg_data_level_9.csv,7,AF8,190.0078125,200.00390625
4046.482353320975,578.0689076172822,839.6425949591634,380.76835465046685,534.2342274123858,1729.6521985479412,216.20652481849265,359.63053833080136,99.97791790008907,237.05824378464234,328.4195482126213,41.05244352657766,92.59509990516715,15.783405058519369,23.89521415384963,246.1831893877325,6.478504983887698,15.804639029623903,2.5944964698415216,5.1920391325023125,262.7317176681395,2.985587700774312,24.939903839451752,0.806054857748025,2.489920803463052,1.4345787139462856,0.8493143496646324,0.2333426070002429,0.24452101179259392,0.28732383151319896,hjorth_mobility,hjorth_complexity,1.9946053010914844,0.6449197018579111,-23.294639587402344,-328.61328125,213.37890625,-21.484375,3147.8155272998265,56.10539659693911,1595,eeg_data_level_9.csv,7,TP9,190.0078125,200.00390625
3348.9082064129284,478.41545805898977,642.9991111483256,228.24079720986032,551.0971961020937,1389.8386993961599,173.72983742451999,375.8124297176743,74.61984802756453,166.37665133278767,246.00420477113,30.75052559639125,58.186851093144824,11.427069203532838,22.46567652090817,239.64001915303072,6.306316293500808,12.60806024268378,1.4418088028667546,5.857804081689254,361.20027552521003,4.104548585513751,56.76292527733912,1.0464424588658314,2.651270039371739,1.4310863826850377,0.8240861719282608,0.21973986664566902,0.2830450380531536,0.430023149543029,hjorth_mobility,hjorth_complexity,2.2334272218430145,0.7134011197936773,-27.25391387939453,-305.17578125,227.5390625,-24.4140625,2753.164464920701,52.4706057228302,1595,eeg_data_level_9.csv,7,TP10,190.0078125,200.00390625
2697.6968010186306,385.3852572883758,980.0248906467552,66.73186558746272,344.74344072549667,184.9451746962049,23.118146837025613,52.69783300800631,7.1523814262097085,18.748528315068413,35.10846972821643,4.388558716027053,9.723047563618842,1.9742718506898076,3.340054932820322,83.18300275076906,2.1890263881781333,3.910865212685019,0.9832175104533556,2.1605889996693417,134.03906834887218,1.523171231237184,3.539095247558766,0.30085442910459964,1.2638721999587121,1.4994706860047218,0.2658295327101605,0.06878073780143225,0.18304683240674902,0.30582129093290356,hjorth_mobility,hjorth_complexity,2.5960827311323755,0.8015754490909001,-18.47553253173828,-303.22265625,144.53125,-20.01953125,1583.112564367184,39.78834709267506,1595,eeg_data_level_9.csv,8,AF7,200.0078125,210.00390625
955.1403583776948,136.44862262538498,171.21164546436512,105.69374981522284,145.9241112483479,264.74226978562825,33.09278372320353,108.73093821688526,13.34663584634943,21.918485453476087,44.29827819529058,5.537284774411322,10.257706895950294,2.409973602003631,5.074877276922058,100.96966532713344,2.6570964559771957,4.7561670424645115,1.1448255590651155,2.6425079106107603,144.51171313663548,1.6421785583708577,3.739165970011246,0.7117414875003656,1.4822437027140707,1.4739641617408898,0.5990017802041467,0.15683769493983868,0.4053982524019367,0.6241108052742371,hjorth_mobility,hjorth_complexity,2.423600232811826,0.766962496651519,-19.356536865234375,-168.45703125,130.37109375,-19.53125,862.6962307607755,29.37169097550864,1595,eeg_data_level_9.csv,8,AF8,200.0078125,210.00390625
4705.738949059941,672.2484212942773,1026.9963060844418,337.9431060177918,618.0258070053727,1384.000668548608,173.000083568576,430.2281786988112,50.921467036557836,131.48947433250643,271.78840702195225,33.97355087774403,81.47841649862265,9.609048998144207,27.096565912838308,237.0479523858859,6.238104010154892,20.48500245270035,1.5235374826037626,5.325575633074884,207.04165561311845,2.3527460865127097,19.848790807444995,0.7434104055506955,1.8014551432912551,1.5058357119092218,0.6774948098897797,0.19457654759188067,0.22660250243170826,0.22328533897360184,hjorth_mobility,hjorth_complexity,1.8044322901226733,0.6324022569846561,-23.607635498046875,-363.28125,234.375,-25.390625,3392.928763641976,58.24885203711723,1595,eeg_data_level_9.csv,8,TP9,200.0078125,210.00390625
3747.809818143413,535.4014025919162,693.0235843510467,255.3537916639505,556.4128152775578,1454.647025022791,181.83087812784888,328.2716061305956,46.38854893614037,159.15547398515355,190.516269944704,23.814533743088,44.18282287139517,9.83809810583265,23.85945483089302,190.2980186699229,5.007842596576919,11.944053014202355,1.5148770490857488,4.606341079258959,246.90546575221234,2.805743929002413,39.02065286291171,0.9555374891559575,2.0752586235489017,1.502861107856454,0.8185764176584077,0.1738044925723132,0.22479414431540942,0.30271374890642827,hjorth_mobility,hjorth_complexity,2.025563698225942,0.6935557540259019,-26.034164428710938,-343.26171875,215.33203125,-24.4140625,2684.699853271013,51.81408933167709,1595,eeg_data_level_9.csv,8,TP10,200.0078125,210.00390625
8067.054140689413,1152.4363058127733,2856.7282258016558,140.2313642549853,692.1469242614522,269.76314552724244,33.720393190905305,110.44558354004998,6.026964836995394,15.150774217427639,25.99172464215549,3.248965580269436,4.716800542652311,2.1155494893990756,3.3247179179936768,76.88990889747078,2.023418655196599,4.4238843436818165,0.9272409839580313,1.7386037441181084,126.27121869057945,1.4349002123929482,3.3923530144649123,0.41904244161341087,1.18168674587296,1.4915288104401718,0.14832204708707836,0.021842409090159186,0.06819146822795068,0.11610001251960322,hjorth_mobility,hjorth_complexity,2.2864987597877993,0.7610763230078864,-19.512939453125,-164.55078125,519.53125,-26.3671875,4496.1270317435265,67.05316571008058,1595,eeg_data_level_9.csv,9,AF7,210.0078125,220.00390625
754.8736803063285,107.83909718661836,229.66820564118962,52.640268229309676,99.96034661419736,272.84203979281176,34.10525497410147,74.60802994645115,12.114814742537115,23.42461260926083,37.1906818777614,4.648835234720175,9.851673263062446,2.0961450211468087,3.533149149619363,91.39466010979719,2.405122634468347,5.499974633971072,0.8709175461853246,2.2269047556750303,125.37066050114588,1.4246665966039305,3.0018747965982904,0.5368377502223145,1.3632911490861008,1.355784132139613,0.7071269506394964,0.15348744522705193,0.4278311764861641,0.6379474401584916,hjorth_mobility,hjorth_complexity,2.321879785084322,0.755046471106638,-20.584678649902344,-127.44140625,92.28515625,-19.53125,673.4316757865599,25.950562147794795,1595,eeg_data_level_9.csv,9,AF8,210.0078125,220.00390625
1122.7934851662949,160.3990693094707,245.2422637523328,76.99732916958394,160.75626240493096,488.83218646716864,61.10402330839608,105.61831175229803,27.494840147822146,46.22270161749368,134.66333734311002,16.832917167888752,26.73959770637757,6.715562232036968,18.318038324110688,171.46107257611467,4.512133488845123,10.901055506875037,1.1461216706915653,4.109252696323926,201.84906677270976,2.293739395144429,28.224606609026345,0.6713968968502054,1.8195538655628205,1.3060509786203027,0.7713209068997274,0.2953502419028172,0.47855285880706955,0.6022573126081283,hjorth_mobility,hjorth_complexity,2.2245819655188837,0.7048858141630189,-25.564002990722656,-255.37109375,93.26171875,-23.4375,1192.0074218869559,34.52546048768873,1595,eeg_data_level_9.csv,9,TP9,210.0078125,220.00390625
1021.0270668329533,145.86100954756475,208.56366906768977,96.38725614053911,133.35630914619384,527.5447839346039,65.94309799182548,128.7325348092197,23.28229639219896,47.12818999419388,119.1049505999672,14.8881188249959,28.689563205251414,5.854348062054269,12.387459355862099,151.06072054890473,3.975282119708019,8.273765500070384,1.2942473412317113,3.9738043386581414,241.2855923711133,2.741881731489924,45.71700992853487,0.6687600492136677,1.9194181350143635,1.2676711951230921,0.825117234278593,0.27211803826337455,0.4424717725580521,0.6995399928956755,hjorth_mobility,hjorth_complexity,2.520898052377264,0.7871675568992155,-24.55005645751953,-215.8203125,109.86328125,-21.97265625,1044.6830110959127,32.32155644606108,1595,eeg_data_level_9.csv,9,TP10,210.0078125,220.00390625
3628.5896254982877,518.3699464997554,1661.325043439127,70.39889611890825,324.9205438787825,196.72958119295214,24.591197649119017,55.73184050945626,7.520399373822043,16.526547988590316,30.06792421921274,3.7584905274015923,7.252589306595007,1.3591151454370312,3.6673746836118513,107.37817768851356,2.825741518118778,5.094858434232569,1.0007316050608503,2.7760467299980647,159.58247863480057,1.8134372572136428,5.102981576131975,0.5754927949773427,1.6162366146222225,1.3493834606689046,0.21184647784801577,0.04527845657779647,0.17015151911636442,0.2664175641112284,hjorth_mobility,hjorth_complexity,2.423600232811826,0.7867052339545204,-24.594497680664062,-235.83984375,197.265625,-24.90234375,2211.013475753134,47.021415076038856,1595,eeg_data_level_9.csv,10,AF7,220.0078125,230.00390625
673.5852972657594,96.22647103796564,160.76950515427063,44.166744920087496,91.97858506021647,148.5083454340642,18.563543179258026,44.93886044813595,4.568524263880098,12.32133324945243,26.560155084165352,3.320019385520669,4.945466527083568,2.01776020107548,3.4230605818901214,92.53031708915655,2.435008344451488,4.847640583803145,1.1606580953868204,2.345890815790078,182.16416010279926,2.070047273895446,4.874659675235779,0.489560287739751,1.9487775378649717,1.3927077315300915,0.4924315126851977,0.13178793393443333,0.482262727663614,0.9658611555926904,hjorth_mobility,hjorth_complexity,2.9764287530699978,0.8180476787536956,-20.90473175048828,-194.3359375,95.21484375,-20.01953125,649.0038125411957,25.475553233270436,1595,eeg_data_level_9.csv,10,AF8,220.0078125,230.00390625
2137.212262240289,305.3160374628984,431.64830993224797,214.3487114101399,271.7552328040234,1075.4460510192778,134.43075637740972,239.24399952576803,42.37839466290709,123.52977927690961,157.62741401750196,19.703426752187745,33.17546276741464,10.027097932627122,18.470742483588822,170.0477306761154,4.474940280950405,12.664300971544,1.3682565507493332,3.997938067817058,169.86726195402696,1.9303097949321246,20.830560891141467,0.4583446710260004,1.495959625925222,1.3964109746844529,0.902547150776871,0.21432345558179322,0.2941116872606337,0.32470730131720016,hjorth_mobility,hjorth_complexity,1.9724921602811574,0.6477633491639677,-21.750640869140625,-263.671875,187.98828125,-20.99609375,1949.6525399154052,44.15486994562893,1595,eeg_data_level_9.csv,10,TP9,220.0078125,230.00390625
1666.344804674284,238.049257810612,476.486159878465,97.074806712389,203.79072082912595,864.2260754545823,108.02825943182279,236.8677947706481,39.23274656701092,76.38597628028842,138.72692121483644,17.340865151854555,26.185136242177023,9.377721423018869,14.660133862565921,146.84018925545857,3.864215506722594,7.553505999707007,1.0767189154093686,3.4570998077872526,233.78581206357262,2.6566569552678705,39.81071599300648,0.7173220023134032,1.9485777397617623,1.326046002974377,0.8825214310354181,0.22922959433490914,0.31254352408128955,0.49986988314166964,hjorth_mobility,hjorth_complexity,2.5430111931875907,0.7333556417988996,-21.036720275878906,-330.56640625,128.41796875,-18.5546875,1615.2520922696567,40.19019895782623,1595,eeg_data_level_9.csv,10,TP10,220.0078125,230.00390625
141.40890251883116,20.20127178840445,32.75432059517526,8.118575498968717,15.466852342854388,47.21461895845163,5.901827369806454,12.945661197818323,2.1994814581298985,4.1124073375308114,9.375365925211284,1.1719207406514105,2.4510883669970105,0.4915388197707125,1.1380744147971071,69.98186649042712,1.8416280655375559,4.27352281127704,0.5300376487016389,1.7025729029377972,110.52043705112881,1.255914057399191,2.47443961949569,0.5417829237253274,1.17600428151844,0.9941816234329214,0.462242784101048,0.12979951067187612,0.8899862471688912,1.5268611298339807,hjorth_mobility,hjorth_complexity,3.4540725945730584,0.8752761472755494,-23.43769073486328,-85.44921875,21.97265625,-22.94921875,193.28901540575316,13.902841990246209,1595,eeg_data_level_9.csv,11,AF7,230.0078125,240.00390625
869.4436044860174,124.2062292122882,196.27186307539296,63.845323535891666,116.85243659890524,260.44010404734223,32.55501300591778,66.78762202888433,12.967586857771932,21.677157550582123,48.662481314911375,6.082810164363922,11.714250171615733,3.267529441629203,4.3226390246206545,101.71745781650515,2.676775205697504,5.140947442999034,0.9515849654624932,2.393565553752082,143.3927088884928,1.6294626010056,3.41002468270209,0.5954014121115722,1.4198883368887778,1.4136047147651833,0.6391519213154664,0.17474077490600792,0.42498254361585336,0.6448788615151821,hjorth_mobility,hjorth_complexity,2.861440420856298,0.78136838391085,-20.782089233398438,-128.90625,132.8125,-20.5078125,648.1303133477923,25.45840358993062,1595,eeg_data_level_9.csv,11,AF8,230.0078125,240.00390625
1124.5151790690518,160.6450255812931,179.82098503004974,145.3248974774876,160.87617299507198,648.565996815476,81.0707496019345,120.50159115290944,49.063409927978256,79.87906286643431,148.18458955250352,18.52307369406294,34.61673081600353,7.614061888458584,19.114019577455025,159.0745301271087,4.186171845450229,8.025985171205006,1.4199501322372576,3.914039430108401,157.38582561514332,1.788475291081174,25.80254354472729,0.4626225684463343,1.3016917752070305,1.3017777907623265,0.9327856643163518,0.30550365753099834,0.43053672000141646,0.46231693110086053,hjorth_mobility,hjorth_complexity,2.719916319670206,0.6889380661607389,-21.622657775878906,-300.29296875,102.05078125,-20.01953125,1048.7422046935535,32.38428947334731,1595,eeg_data_level_9.csv,11,TP9,230.0078125,240.00390625
1076.3142727046472,153.7591818149496,179.96175287759667,92.32625714006258,161.5246482971043,572.2683678147018,71.53354597683773,102.40994499907431,38.299536351790096,74.89191527470898,123.57140848718218,15.446426060897773,26.63250596948772,8.14736313638153,14.992375939318027,139.11268953957693,3.6608602510414983,9.80175291285161,1.2546056180527183,3.3974820978601854,182.1197445516965,2.0695425517238237,34.88550126898056,0.3220591351205033,1.5646423050632747,1.3197860683127443,0.896245211455265,0.2823093263457805,0.40829434512794127,0.5476926146248693,hjorth_mobility,hjorth_complexity,2.896821446152821,0.7470376075289313,-21.2188720703125,-298.33984375,156.73828125,-19.53125,965.0466125458479,31.065199380429668,1595,eeg_data_level_9.csv,11,TP10,230.0078125,240.00390625
12634.690378680294,1804.9557683828991,2863.4862546920103,664.8965849978531,1939.0220543600835,1511.1594677740957,188.89493347176196,440.3989623086535,41.8924751904946,147.7617352319414,99.7846586449196,12.47308233061495,29.96936722366455,2.7719078311030105,10.79651975693998,105.16364632964182,2.7674643770958376,5.663445234499982,1.267227330187026,2.6868090308805717,184.38952401884464,2.095335500214144,5.028974841212638,0.7707875918480404,1.9243996383628523,1.734508872589268,0.42593715212131056,0.04683919190680484,0.06134292574760235,0.11071877120336121,hjorth_mobility,hjorth_complexity,2.618195871942702,0.728114653568755,-23.75774383544922,-238.76953125,975.5859375,-30.76171875,10096.526128436377,100.48147156782875,1595,eeg_data_level_9.csv,12,AF7,240.0078125,250.00390625
1661.1132888833372,237.3018984119053,385.0159978423054,94.48643916682659,203.20170791243578,355.75857488850517,44.469821861063146,80.80099291006425,9.16769955816074,42.07196901263838,64.9603393559896,8.1200424194987,17.100248232425347,2.44900973647028,6.61973787639485,122.37783632026026,3.2204693768489543,6.619752623314642,1.4890770395663036,3.042124052947022,189.3672269817439,2.151900306610726,5.911350711656325,0.7375747636343916,1.99897987891691,1.5076981059251666,0.5486896494554172,0.1439193966340936,0.32246327859711854,0.5291282791285232,hjorth_mobility,hjorth_complexity,3.122375482418155,0.7776666964423695,-21.517181396484375,-190.4296875,264.16015625,-22.4609375,1390.1243399595842,37.28437125605827,1595,eeg_data_level_9.csv,12,AF8,240.0078125,250.00390625
1512.770719554047,216.1101027934353,269.36757103574126,109.45313531806079,221.6613547104877,748.4941991646062,93.56177489557578,170.44984450463812,45.55851949994383,83.6150523156435,203.9516489991526,25.493956124894076,48.90649004228155,6.144255203853824,21.663970383844738,197.10088342118925,5.186865353189191,15.114944026679098,2.0848588727858144,5.524686908613532,246.68584424763827,2.8032482300867985,30.218829892348612,0.6484034702827353,2.32558938880684,1.3130267390160995,0.8373883944462093,0.3107821458343817,0.4117492332839453,0.5496346580866664,hjorth_mobility,hjorth_complexity,2.3616834385429106,0.7215542207684991,-23.79741668701172,-305.6640625,131.34765625,-20.99609375,1501.2323925839155,38.74574031534196,1595,eeg_data_level_9.csv,12,TP9,240.0078125,250.00390625
1463.349172707784,209.0498818153977,270.3925786416688,164.89917044900332,210.19006418468905,821.5707118044716,102.69633897555894,171.21060789076358,60.125336716882515,100.69953882668408,203.9282890646067,25.491036133075838,40.824120470733746,9.07099008925875,25.348942309559646,176.4739630616198,4.64405165951631,7.114439094803114,1.8959400976386758,4.581888940945404,265.4712631010239,3.0167188988752716,40.967355909078925,0.48364752897235896,2.267878283404957,1.2865743724151155,0.9023152026958831,0.31582288578448714,0.3759698609289059,0.570697694866533,hjorth_mobility,hjorth_complexity,2.905666702476952,0.7716063804194807,-21.085357666015625,-338.8671875,130.37109375,-18.5546875,1468.9881767844781,38.32738155398146,1595,eeg_data_level_9.csv,12,TP10,240.0078125,250.00390625
33137.559591247016,4733.93708446386,16706.90111769356,776.1728639973376,2935.655547143064,947.9493854728432,118.4936731841054,386.7325951466406,26.561368978912824,48.583623615779146,124.60555376116847,15.575694220146058,28.03456358357718,8.319322892506941,12.007087727883285,94.33512795208334,2.482503367160088,7.616899282381133,0.9237401965421077,2.065012441364818,169.31111219814838,1.9239899113425951,4.462869850508536,0.5555158032243913,1.6904646016041873,1.4037669010498455,0.14097416371508528,0.026927744504192375,0.025235122849234362,0.0464712283036868,hjorth_mobility,hjorth_complexity,1.9459563913087652,0.6805459671103232,-20.7763671875,-375.9765625,973.14453125,-27.34375,21903.274916112423,147.99755037199915,1595,eeg_data_level_9.csv,13,AF7,250.0078125,260.00390625
3092.7108869878903,441.81584099827006,1386.044951149629,105.7752173637153,256.67951995314564,209.31086587676978,26.163858234596223,46.990891249764495,10.323892606904874,21.314317492663683,47.90245090336952,5.98780636292119,10.481132008301966,2.883170315362983,4.514959788037175,115.45348123454474,3.03824950617223,5.316362479733709,1.3936530281329196,2.8384942036368472,123.4180908483122,1.402478305094457,3.0946828268763684,0.3384063567139661,1.2848847739861642,1.432697329270675,0.2727045212714846,0.08146751233310642,0.21888386537855528,0.259088844664663,hjorth_mobility,hjorth_complexity,2.131706774115511,0.7275640531515665,-21.283721923828125,-158.69140625,300.78125,-26.85546875,2422.65087494161,49.220431478620846,1595,eeg_data_level_9.csv,13,AF8,250.0078125,260.00390625
6864.8222346764405,980.688890668063,3672.4251587397343,106.69878565770665,251.91653766160374,337.8946213949513,42.23682767436891,102.19175764099566,7.1072391798397625,27.903311266086,84.36266910324892,10.545333637906115,18.975704645248314,3.516224209986164,10.154420432778345,158.7103029224306,4.176586919011331,8.577452848526699,1.6392078197274522,3.4978035279951727,171.3097724279288,1.946701959408282,25.66644690937862,0.37485530096586117,1.3731501170958005,1.186623704919487,0.1923424186538938,0.06263154625629078,0.13500089845822785,0.1542813157464123,hjorth_mobility,hjorth_complexity,1.2162227445679783,0.6928404973021162,-23.140525817871094,-173.33984375,359.86328125,-32.71484375,6367.046388586458,79.79377412170989,1595,eeg_data_level_9.csv,13,TP9,250.0078125,260.00390625
838.1181938885654,119.73117055550935,238.40473568534168,58.91372830843515,96.48938307365192,277.6994399553494,34.71242999441868,73.06202611213394,12.726795901810995,29.343492667003797,60.589975613110916,7.5737469516388645,16.06508308576405,4.223829678838606,6.584832170031136,110.89780335308086,2.918363246133707,6.098268983167492,0.8025832735697104,2.618477232388469,193.95825745825525,2.204071107480173,41.03789126361841,0.2087935449386957,1.4231112478749965,1.3353503540332046,0.6591036273502078,0.20762173514771134,0.45019825312996903,0.7529015284335492,hjorth_mobility,hjorth_complexity,2.4943622834048718,0.8076957370259642,-24.271774291992188,-266.11328125,90.8203125,-21.97265625,903.6210003250744,30.060289425171447,1595,eeg_data_level_9.csv,13,TP10,250.0078125,260.00390625
13900.043852152605,1985.720550307515,4718.707034296498,94.15373518735552,1476.036997356202,390.5841746973169,48.82302183716461,70.45206349872103,23.333709853297137,50.29212401768995,36.04108936520372,4.505136170650465,14.118878785891598,1.7297736261106993,2.912977333117346,78.84292635641108,2.0748138514845023,5.395366986792147,0.5357343665951417,1.7433615448310928,178.89637855340118,2.032913392652286,5.131304782009395,0.7022559376897716,1.8330827098547644,1.4722330347627974,0.1427569724468102,0.018197431841774567,0.04442986269208606,0.10172007685372181,hjorth_mobility,hjorth_complexity,2.060944723522465,0.7604854449057429,-20.635223388671875,-365.72265625,661.1328125,-29.296875,9520.626598387025,97.573698292045,1595,eeg_data_level_9.csv,14,AF7,260.0078125,270.00390625
800.2904897146311,114.32721281637588,154.94809419371396,73.28608138895378,131.93179830633957,210.07195450038833,26.25899431254854,59.665116623531745,6.997399322171079,19.82863088359594,40.97478210732683,5.121847763415854,9.28641834545994,2.4821282363857997,4.392383030394652,83.14180746465524,2.1879423017014537,4.663065788932766,0.9641172445514251,2.023548151637107,115.36334753194474,1.3109471310448266,2.880771791671785,0.4986362246676793,1.2642707978617844,1.46317220055561,0.5919554493765052,0.17009139592434147,0.4000540456448716,0.6009904568472446,hjorth_mobility,hjorth_complexity,2.5518564495117215,0.7640403764008696,-21.826744079589844,-140.625,87.890625,-20.5078125,684.1205429736874,26.155698097617034,1595,eeg_data_level_9.csv,14,AF8,260.0078125,270.00390625
718.902383269465,102.70034046706643,147.99491027684698,50.78087432025267,111.02449494604691,234.35840768583233,29.29480096072904,59.00133688523473,20.96493768262482,24.243121020396686,98.72793644640589,12.340992055800736,16.904869042067318,7.392131718996247,12.326066971874114,149.26738269585846,3.9280890183120647,10.138811664422224,1.5252120139979521,3.449175860135651,154.27333833582705,1.7531061174525802,23.242177170664604,0.34615876193410344,1.3042322193790419,1.313754869241225,0.6399158089839063,0.33369571210650656,0.6176376783996036,0.6979773562116331,hjorth_mobility,hjorth_complexity,2.0565220953603998,0.7194144670126149,-27.625274658203125,-220.703125,92.28515625,-27.34375,841.5355341276154,29.009231877587098,1595,eeg_data_level_9.csv,14,TP9,260.0078125,270.00390625
473.64489240455845,67.66355605779407,100.1922261318072,36.14109510353381,67.04704606377267,323.49299984351387,40.436624980439234,88.94334597290637,16.831889964393355,27.17668098618145,90.89774081840062,11.362217602300078,20.140123960689603,5.601590543743849,11.827353815535183,135.01240264725834,3.552957964401535,8.350401893336091,1.337081445275864,3.0556121843398936,180.34873210045413,2.0494174102324334,45.06796805049876,0.23754542072825224,1.1484329279237726,1.0876621615409268,0.8491396712280783,0.33680563890467297,0.6218041625804934,0.8124106573100648,hjorth_mobility,hjorth_complexity,2.5385885650255253,0.762437965251573,-28.072547912597656,-246.58203125,74.21875,-24.90234375,706.6031786598614,26.582008552023705,1595,eeg_data_level_9.csv,14,TP10,260.0078125,270.00390625
2313.560966340353,330.5087094771933,743.9960824378699,56.505710764880085,227.93718554264018,92.59278998537823,11.574098748172279,28.74059944194959,2.333050211099632,8.959260394491295,23.324394592156338,2.9155493240195423,3.9047679617442217,1.7911758743968191,3.0736283847394366,99.83212607721508,2.6271612125582915,4.270679908734701,1.033607069702642,2.655596746885938,138.94444082909723,1.5789141003306504,3.5512068309975677,0.3222749890342204,1.4308332755870787,1.5130255980494376,0.17405234377525552,0.057303746995012346,0.2480890471209327,0.3686187167991634,hjorth_mobility,hjorth_complexity,2.556279077673787,0.8021629592315742,-26.548194885253906,-215.33203125,203.125,-27.34375,1649.3781658573425,40.61253705270507,1595,eeg_data_level_9.csv,15,AF7,270.0078125,280.00390625
777.6628712755933,111.09469589651333,167.8241671414872,71.20811025707553,112.03631498140436,230.73732551306367,28.84216568913296,71.4619298043896,7.286792308449981,23.861366237380494,33.98499040962155,4.248123801202694,5.539444297874126,1.9423919996190082,4.719837995531561,94.66808686310931,2.4912654437660344,5.127956666897349,1.0601048305613476,2.2385967012579964,150.43658412374108,1.709506637769785,3.212484966704674,0.3418631735443703,1.673422911217717,1.4181984712566558,0.6252862027472026,0.14478849273278227,0.43788322385996065,0.738746873377881,hjorth_mobility,hjorth_complexity,2.865863049018363,0.7928079688616017,-22.95970916748047,-200.1953125,120.1171875,-21.484375,731.6388020626619,27.048822563332806,1595,eeg_data_level_9.csv,15,AF8,270.0078125,280.00390625
1428.4263110032173,204.0609015718882,271.18096073403524,85.10005055829808,213.3126020471548,730.3296194712972,91.29120243391215,198.20404272393162,40.19337789195289,76.90178448900352,123.38027368430393,15.422534210537991,24.122952240001762,6.842437288465566,14.39082371686754,139.664930602741,3.6753929105984477,9.925334223392815,0.9433868644850352,3.313015104977495,175.8819811905866,1.9986588771657567,24.216939304313136,0.4302361745458504,1.510041910857883,1.3588044638594894,0.8908396280909332,0.23482991633367628,0.34249989910136597,0.4533651861708006,hjorth_mobility,hjorth_complexity,2.1051710051431187,0.699455490629892,-23.163223266601562,-277.34375,136.23046875,-21.484375,1502.8110005368944,38.76610633706839,1595,eeg_data_level_9.csv,15,TP9,270.0078125,280.00390625
1186.5996355999007,169.51423365712867,230.63922739120355,122.20610473849494,157.30601715689173,779.9769300838633,97.49711626048291,200.50326430895592,47.68994694303366,84.2581887737471,107.68216739308305,13.460270924135381,28.56364965922306,4.572303892677343,12.973741709011097,135.05075514514783,3.5539672406617853,7.063651968632666,1.7264828083160375,3.256032266735353,195.32769546267556,2.2196329029849498,39.3709971086341,0.5305059070248934,1.47757139006967,1.2751674044217727,0.9839350922671652,0.2204554525341869,0.3532276455387553,0.5066946427759776,hjorth_mobility,hjorth_complexity,2.547433821349656,0.7301088195705944,-24.22943115234375,-293.9453125,148.92578125,-23.681640625,1433.5243008099496,37.861910950319846,1595,eeg_data_level_9.csv,15,TP10,270.0078125,280.00390625
590.076687493132,84.296669641876,169.95099536035534,34.78237329248408,59.382032767275405,163.71439426558368,20.46429928319796,36.934039314350834,8.567352108616312,18.48125494243344,33.54961411865804,4.193701764832255,5.887922818747983,2.4442815559016373,4.437911724927218,97.0222249330024,2.5532164456053263,7.256534682083851,1.0912655564414657,2.3896090322337806,158.97239800672412,1.8065045228036831,4.289304494110252,0.4774904200735039,1.6592317990438321,1.2722189180929249,0.5650004055188838,0.16525231812727803,0.5162088217488032,0.8924983541599172,hjorth_mobility,hjorth_complexity,2.2688082471395377,0.8388890642126796,-22.574234008789062,-180.6640625,78.61328125,-22.4609375,725.5280551908072,26.93562798953845,1595,eeg_data_level_9.csv,16,AF7,280.0078125,290.00390625
1538.4089485666573,219.7727069380939,351.35755779388404,103.34027907358694,251.35525164150118,377.8661199481042,47.233264993513025,107.83701994705993,14.185057747594328,23.042005255066897,47.51492194651006,5.939365243313757,14.556119216216858,2.77977066202459,5.264268441481482,124.01914015930043,3.263661583139485,7.755091690435354,1.6161308131875218,2.693666139993014,198.85583039981287,2.259725345452419,7.81149854203614,0.4405817475495931,1.876176620901012,1.5007574998146154,0.5747243684794408,0.11771657116166054,0.3402026683000146,0.5739012749063837,hjorth_mobility,hjorth_complexity,2.896821446152821,0.7777200692585063,-18.62335205078125,-152.83203125,168.9453125,-19.53125,1132.0577352307737,33.646065672389895,1595,eeg_data_level_9.csv,16,AF8,280.0078125,290.00390625
4419.451635660334,631.3502336657621,1731.0186431430745,108.6050467881582,467.07447710880047,450.7026729951224,56.3378341243903,73.90581879187674,39.21472917278121,55.58776311579534,201.19381660105938,25.149227075132423,43.724676051043524,7.6327865120092575,26.104335030283384,196.01662457369608,5.158332225623581,10.151741330703649,2.447816870308837,4.653947026926824,236.2898301873662,2.6851117066746157,28.116867976926642,0.6229802565655478,2.0619523803897852,1.3634805330309425,0.33918741209845404,0.17443272115160535,0.22105270253770326,0.28122585032332775,hjorth_mobility,hjorth_complexity,1.9857600447673536,0.7126791584451866,-21.223831176757812,-296.38671875,402.34375,-22.94921875,2950.8222929143813,54.321471748419896,1595,eeg_data_level_9.csv,16,TP9,280.0078125,290.00390625
473.8911314132475,67.69873305903535,88.38018637502226,50.20867176776873,70.38198859841617,362.05234216300653,45.256542770375816,84.17906342095434,20.7538882249473,36.15520358353043,139.05376923486656,17.38172115435832,27.288884060156775,7.613539770537031,18.01282944334711,145.3585565493031,3.825225172350082,7.375113153230775,1.679110923194958,3.6908174439364325,275.0419485244429,3.12547668777776,47.95516394817581,0.6144234418787851,2.287502568231731,0.9999272463130915,0.8394513515503458,0.41874273101594645,0.5934167223894167,1.0776449605821787,hjorth_mobility,hjorth_complexity,2.8172141392356442,0.7989988182864266,-18.235015869140625,-160.15625,121.09375,-18.06640625,718.1294955080375,26.797938269725854,1595,eeg_data_level_9.csv,16,TP10,280.0078125,290.00390625
12497.864026983627,1785.4091467119467,4670.25163412621,253.13228831574887,1305.4099806172255,455.71283198797187,56.96410399849648,160.5296351471976,14.314812862027376,33.28096543052614,59.99145010369827,7.498931262962284,13.141159289246641,3.242266767197533,6.983205994491547,142.29535741733167,3.744614668877149,8.601522762676744,1.0784468306765453,3.104536102398427,177.6117336671677,2.018315155308724,5.829181494899502,0.5395824622140657,1.7613653404202065,1.5542147762836342,0.17148219433008038,0.03258981998334795,0.0839007164713267,0.11277498987124773,hjorth_mobility,hjorth_complexity,2.5651243339979177,0.7426362464118462,-20.771026611328125,-268.06640625,734.86328125,-27.83203125,9522.93463924434,97.58552474237324,1595,eeg_data_level_9.csv,17,AF7,290.0078125,300.00390625
1490.2972258006985,212.89960368581407,479.66848734728217,71.8912002688104,110.5692435797039,190.3920077917228,23.79900097396535,55.67010442685557,9.706268577962309,20.202742358049562,35.03888743094008,4.37986092886751,11.35614701116752,1.78792735417401,3.7336558179279433,108.46272585096989,2.8542822592360495,6.092468389933618,0.8973391633657614,2.752435461590856,153.50653140579837,1.744392402338618,4.077792064081156,0.48991633960547915,1.682321912531473,1.4518583562669374,0.3940837706078446,0.10127563753808261,0.3391333948977013,0.516347360674829,hjorth_mobility,hjorth_complexity,2.8393272800459712,0.7783070803763514,-22.246551513671875,-200.1953125,211.42578125,-21.97265625,1477.4036122253165,38.43700836726652,1595,eeg_data_level_9.csv,17,AF8,290.0078125,300.00390625
626.3173071362588,89.47390101946554,139.5422024161693,56.053070547054375,77.00300555139779,371.9240813280054,46.490510166000675,68.40826588647028,22.08338987796159,47.85481539184494,91.29178171952763,11.411472714940954,19.480190087744507,4.244997847370901,10.84061258299445,148.41177690902765,3.905573076553359,9.908634522659717,1.189893856881132,3.303968497135173,141.31980676582148,1.6059068950661533,22.1345040220849,0.3460461556264039,1.2245469090097618,1.2020965696142878,0.8877720098445157,0.3057096899173134,0.6058535694089131,0.6359964743601652,hjorth_mobility,hjorth_complexity,2.2688082471395377,0.6653560573551051,-21.974754333496094,-200.1953125,190.91796875,-22.94921875,1052.7995371012366,32.446872531897995,1595,eeg_data_level_9.csv,17,TP9,290.0078125,300.00390625
497.7262898477402,71.1037556925343,102.95632824604301,34.107399454418506,77.63823072000625,322.51062439681834,40.31382804960229,60.44189046496654,12.381884564185988,41.244985482482896,90.61967200881776,11.32745900110222,19.547073713027324,5.420690162566592,8.240996909967379,146.2363585737693,3.848325225625508,9.821101582563351,1.4090188079180967,3.495023192984328,199.91974638138203,2.271815299788432,37.65946701352302,0.4828358369296196,1.6806661819432365,1.0877786922897525,0.8417533357726101,0.3207645188287447,0.6438489741179959,0.8913148604626289,hjorth_mobility,hjorth_complexity,2.7641426012908594,0.7419740774141819,-23.818016052246094,-309.08203125,102.05078125,-21.484375,1104.8924459828413,33.23992247257567,1595,eeg_data_level_9.csv,17,TP10,290.0078125,300.00390625
