delta_abs,delta_mean,delta_max,delta_min,delta_median,theta_abs,theta_mean,theta_max,theta_min,theta_median,alpha_abs,alpha_mean,alpha_max,alpha_min,alpha_median,beta_abs,beta_mean,beta_max,beta_min,beta_median,gamma_abs,gamma_mean,gamma_max,gamma_min,gamma_median,delta_entropy,theta_entropy,alpha_entropy,beta_entropy,gamma_entropy,hjorth_mobility,hjorth_complexity,lempel_ziv,higuchi,mean,min,max,median,var,std,Participant,File,Window,Channel,Start_Time,End_Time
232.24553009026693,33.177932870038134,53.4752459255814,13.046349163578501,32.854027226142115,66.57453927624246,8.321817409530308,22.478833731345464,3.4365523935071027,6.236547619464499,14.171508932862368,1.771438616607796,2.5987573357682905,0.6158540447084646,1.9952477475069128,116.20875160327282,3.05812504219139,5.989005423951141,0.9938800136875225,2.604404888831694,175.5012240140419,1.994332091068658,5.557608657579897,0.4129042252332959,1.8399073721444292,1.043356322926643,0.43407605981899866,0.12962411529047008,0.9569377404032364,1.553620308599883,hjorth_mobility,hjorth_complexity,2.8172141392356442,0.8328631457410786,-38.11931610107422,-121.58203125,39.55078125,-37.59765625,325.11251392861595,18.03087668219757,1716,eeg_baseline_level_1.csv,0,AF7,0.00390625,10.0
807.1358628873837,115.30512326962625,205.4272744704075,61.83987640760923,105.92468463834716,163.68815632864616,20.46101954108077,43.36194589688603,9.654119862012852,17.10150287439171,40.213703173458384,5.026712896682298,9.745553486231449,1.8484606085679904,4.554465746217341,45.58238315570158,1.199536398834252,2.313587392331721,0.39276241236110604,1.1566569594942462,52.622768510361055,0.5979860057995574,1.5193072193719408,0.18599668954067278,0.49999947214908447,1.5540236788810744,0.5583938206539137,0.1866878992315504,0.27106788487099387,0.34187530438650754,hjorth_mobility,hjorth_complexity,1.9503790194708306,0.658717944698494,-35.87665557861328,-149.4140625,63.96484375,-36.1328125,597.0769049235969,24.43515714955803,1716,eeg_baseline_level_1.csv,0,AF8,0.00390625,10.0
9657.63179523103,1379.6616850330042,2341.752433051828,463.1882415312664,1322.5252481866037,1713.238111982692,214.1547639978365,511.57474190931885,69.30470952009638,162.64912754837314,218.21450103424576,27.27681262928072,62.84260442156229,6.684496934561575,22.232474671752584,169.92928545734839,4.471823301509168,10.343653597744751,1.4897334715950088,3.8367553443851814,322.6017493454701,3.6659289698348876,110.92314200227794,0.47639063078542043,1.6736014737102698,1.6609800886972983,0.5375072467619109,0.10494891499820758,0.10875878456405087,0.18101841208329927,hjorth_mobility,hjorth_complexity,1.6231045354779927,0.6521705980755454,-45.221710205078125,-435.546875,366.69921875,-44.921875,5995.8590840687975,77.43293281329849,1716,eeg_baseline_level_1.csv,0,TP9,0.00390625,10.0
4105.421265202131,586.4887521717329,789.6950620856909,391.62775693047143,603.6482200912378,942.138900638153,117.76736257976913,311.4239798738937,23.906860687644592,73.52086619383127,58.194829565638216,7.274353695704777,14.074500254268807,2.4956848268024845,5.18820358323536,68.54135920999039,1.8037199792102734,3.5858243101802083,0.765751023414278,1.746010808464074,98.38711991019983,1.1180354535249981,2.4016618961892586,0.24881662795031556,1.0830323475621366,1.6747750176450042,0.6153711060360822,0.0695354904955175,0.10148466299593337,0.15428178051917268,hjorth_mobility,hjorth_complexity,1.990182672929419,0.6212180205288204,-37.77637481689453,-401.85546875,61.03515625,-31.73828125,2682.6528872697963,51.79433257866923,1716,eeg_baseline_level_1.csv,0,TP10,0.00390625,10.0
142.86690606265586,20.409558008950835,27.41656228166733,14.898842431092865,18.894852262969295,59.418487099964835,7.427310887495604,13.037708903450538,3.4705206016393846,6.107500980707904,16.451081029798793,2.056385128724849,4.170959722815122,1.0853383076283498,1.8299279282746859,113.3832921516268,2.9837708460954424,6.548699298050214,1.2373287854898234,2.7403531061362063,121.91862323169909,1.385438900360217,3.2163873941041334,0.26042071860512483,1.2935419256425296,0.9360510441076559,0.5059458269380963,0.1851526942316855,1.18889531213643,1.467993211388209,hjorth_mobility,hjorth_complexity,2.852595164532167,0.7972091641242787,-36.235618591308594,-96.19140625,38.0859375,-35.888671875,258.1793363424367,16.06795993094446,1716,eeg_baseline_level_1.csv,1,AF7,10.00390625,20.0
446.1923966936915,63.74177095624164,108.7664428990318,33.60136507158625,65.80400284231159,115.16223776606375,14.39527972075797,29.938674453277503,8.045203486398657,10.817169257814971,27.356057161511192,3.419507145188899,6.3868159916857605,1.4902413980387224,3.103118469806379,53.72961585884641,1.4139372594433266,4.368503059853696,0.4766006702992798,1.1425097846345054,63.00681838418634,0.715986572547572,1.8090613713594001,0.13332268743215145,0.6745441003708221,1.435597741983361,0.5900754569220282,0.1941710989972483,0.4416874124085867,0.5757364744805009,hjorth_mobility,hjorth_complexity,2.131706774115511,0.7243886675108089,-36.855506896972656,-138.671875,36.62109375,-36.62109375,388.04905339929974,19.698960718761274,1716,eeg_baseline_level_1.csv,1,AF8,10.00390625,20.0
4153.530466793146,593.3614952561637,1299.0006646518461,303.07600463041496,552.8300594593538,701.5044260888017,87.68805326110021,271.73492019051207,23.181324018551546,56.61270839966804,60.537134469775765,7.567141808721971,12.957417879559795,2.6182562596520995,6.893322101975833,109.22932917352148,2.8744560308821443,5.237901865152371,1.5683526723235643,2.737477309814345,305.4680081591438,3.4712273654448156,79.75746157109012,0.6886104106778287,2.098660778394044,1.5933055012407875,0.4888141511391748,0.07225450547744561,0.15107792174838205,0.3671723607296272,hjorth_mobility,hjorth_complexity,2.003450557415615,0.8008153527825999,-41.72496795654297,-366.69921875,91.30859375,-41.50390625,2758.6072944905027,52.52244562556567,1716,eeg_baseline_level_1.csv,1,TP9,10.00390625,20.0
3235.7678706423194,462.25255294890275,735.875054996565,286.0634851955613,404.1604552692964,543.4376233100796,67.92970291375995,222.1354701655857,14.015950800138942,43.35613115597863,53.81729531707121,6.727161914633902,11.218056824988786,1.697726860513015,7.0355617744662045,88.5054989984456,2.3290920789064633,4.641045020206701,1.1463657940243317,2.2223639816206746,123.44562965509779,1.4027912460806566,3.486641310722401,0.24928727518819294,1.2862376743477242,1.6733525313988133,0.4888499145937278,0.08152697366870071,0.15771289408291,0.23410632441158963,hjorth_mobility,hjorth_complexity,1.9724921602811574,0.697654059461956,-37.34302520751953,-339.35546875,91.796875,-35.15625,2075.216995399387,45.55454966739752,1716,eeg_baseline_level_1.csv,1,TP10,10.00390625,20.0
389.3114579225463,55.61592256036376,85.12491350733148,39.36237240336855,52.48287489437777,130.6989236701845,16.337365458773064,23.57386600057761,5.585189247283788,18.798592363542028,28.286199208670944,3.535774901083868,4.929547530964897,2.437267428805365,3.2862598969048236,130.2587552260855,3.4278619796338288,7.5128126391052525,1.2797817579368438,2.858946192339938,169.31787843870404,1.9240668004398187,4.662910862823966,0.5200548531854395,1.820233959152592,1.1926927345088445,0.5691977103543657,0.17388688042605177,0.7963746409440358,1.1431925289314067,hjorth_mobility,hjorth_complexity,2.7862557421011864,0.801351256112047,-38.95301818847656,-157.71484375,78.125,-38.57421875,471.22568808845244,21.707733370585988,1716,eeg_baseline_level_1.csv,2,AF7,20.00390625,30.0
1073.9350107298665,153.41928724712378,270.0362390586027,79.06918207678216,116.1912112685738,283.6227172958687,35.45283966198359,63.62138736699952,13.110676194350397,29.750369557093602,45.86120642075951,5.7326508025949385,9.427970049050321,3.951762065117675,5.164480838270013,77.38843665228298,2.036537806639026,4.64041079195508,0.8045981159514426,2.014563418935785,110.22162211155228,1.2525184330858214,2.935423924832582,0.3349884903823523,1.1460749977959974,1.4672430699309742,0.6350171431930738,0.15496732325337714,0.30758439792040254,0.4703090232174317,hjorth_mobility,hjorth_complexity,1.7955870337985425,0.7082916699288996,-37.56389617919922,-168.45703125,169.921875,-37.59765625,927.9622474787175,30.46247277354085,1716,eeg_baseline_level_1.csv,2,AF8,20.00390625,30.0
9179.31473981095,1311.33067711585,1889.2081737343751,752.7889553552237,1326.1233959360502,1283.8856662438689,160.4857082804836,468.4469989987752,39.263541083190326,102.00151179628799,132.7355267807786,16.591940847597325,33.29198925104249,5.197921437268337,11.52497719214882,153.03905908666644,4.027343660175433,10.876390011230864,1.7296521574509,3.3185849494855075,427.7406871887487,4.860689627144872,107.85797606072104,1.161372567397041,3.0925887860058907,1.6982599255492374,0.44431263111657754,0.07377442001116657,0.10495780859546486,0.26146688183440314,hjorth_mobility,hjorth_complexity,1.919420622336373,0.7486513998644525,-43.90907287597656,-447.75390625,215.33203125,-36.62109375,5312.244398373878,72.88514525178554,1716,eeg_baseline_level_1.csv,2,TP9,20.00390625,30.0
7077.004297483302,1011.000613926186,1338.1241978086462,681.2430752048398,991.4910018291525,1272.4957702454278,159.06197128067848,466.9580436130316,30.821170783978662,103.03350292814147,97.19311246997934,12.149139058747418,26.549802922719447,3.0886304067066446,8.6652627642668,108.41649476152855,2.8530656516191724,8.020986627260093,1.1955940579779967,2.308872215268226,189.78822952092386,2.156684426374135,5.51119685595669,0.5958958473190722,1.9684632592269158,1.6975271734087263,0.5214213953088832,0.0688392271318623,0.09539510555358817,0.17354311029990763,hjorth_mobility,hjorth_complexity,1.791164405636477,0.6463350764056534,-40.14873504638672,-400.390625,158.69140625,-33.69140625,4219.636493326107,64.95872915417993,1716,eeg_baseline_level_1.csv,2,TP10,20.00390625,30.0
415.10263760370646,59.30037680052949,88.80203730353547,38.86667353477536,53.67092380260882,152.15736032710723,19.019670040888403,28.95093431863092,10.161191386925298,17.74620724261228,38.68680140950935,4.835850176188669,7.782240374709996,2.012904945296942,4.3883737651953805,132.28924444028104,3.481295906323185,7.045275253967572,0.5594775203764027,3.282111867815839,243.00229674772504,2.761389735769603,7.257316557095098,0.4763672446082647,2.4192386786710376,1.1247761816633506,0.5763430403825623,0.19534514085949706,0.713146639467381,1.350716883286746,hjorth_mobility,hjorth_complexity,2.6226185001047675,0.8210827819497271,-35.959625244140625,-128.41796875,96.19140625,-36.62109375,457.5842939084396,21.39122001916767,1716,eeg_baseline_level_1.csv,3,AF7,30.00390625,40.0
4079.9811849448497,582.8544549921214,1895.7148778737162,67.6125615361144,321.5522026984544,499.5014716886107,62.43768396107634,157.82725468276823,35.56306409777016,45.79894295362332,83.66676606617602,10.458345758272003,17.879529518235266,5.32106993622376,10.655686840355,125.65894897935097,3.3068144468250256,7.69842556134092,1.2356023449274711,3.214144613496182,333.4233219417373,3.78890138570156,8.784981429397623,0.6043153487542625,3.0896437868804765,1.2969847675209447,0.3887510966166369,0.09297412181894382,0.16484735356952487,0.42506876303242536,hjorth_mobility,hjorth_complexity,1.671753445260712,0.7601902617642855,-38.848876953125,-307.12890625,150.87890625,-35.64453125,2933.5293918848038,54.16206598611988,1716,eeg_baseline_level_1.csv,3,AF8,30.00390625,40.0
7144.228304926184,1020.6040435608835,1975.7832649665074,208.98856741897924,864.3127954511183,1555.0422795569493,194.38028494461867,397.53794542071086,28.938118938594965,150.875199629687,140.60315096878767,17.57539387109846,33.20874795206411,8.021676552112917,10.594328324503582,168.3160719996737,4.429370315780887,7.523524263240215,1.8940851028744465,4.281176704499172,498.56272414473494,5.665485501644715,83.51262116916627,1.657438895292772,4.088045536499887,1.562353623296034,0.5895088268980226,0.08910544833309965,0.13283686834626132,0.3607324273959659,hjorth_mobility,hjorth_complexity,2.1936235683844263,0.7242689403288258,-36.87248229980469,-379.8828125,156.73828125,-28.3203125,4587.632551410934,67.73206442602303,1716,eeg_baseline_level_1.csv,3,TP9,30.00390625,40.0
6613.910082301659,944.8442974716655,1735.3809848205756,311.88338706940937,823.0865999778409,1614.4712739944719,201.80890924930898,410.3692358385879,33.23131183089603,188.1868630396016,161.25098441587247,20.15637305198406,42.072553294618245,7.264972223251026,10.613103077261535,109.44755473253636,2.880198808750957,4.845136499915658,0.885737185512117,2.8916657392295146,279.8871649945755,3.180535965847449,7.1703494865936115,0.9200832693559862,2.909717006307152,1.5825067681450178,0.6418645053324961,0.10548876660378399,0.09796277156989998,0.24626177061891724,hjorth_mobility,hjorth_complexity,1.6275271636400581,0.6304765163789158,-36.67430877685547,-370.1171875,166.9921875,-31.25,4218.6037258579745,64.95077925520197,1716,eeg_baseline_level_1.csv,3,TP10,30.00390625,40.0
158.69514005168966,22.670734293098523,26.66913300572351,18.166887457680307,21.99585411229799,70.14101726931874,8.767627158664842,16.471527800370225,2.651144666610646,8.29059749872493,20.515860950830607,2.564482618853826,3.129438103995712,1.8725340675335589,2.6403272654230694,91.97747545020964,2.4204598802686745,5.197379482327035,1.0166395471554774,2.1317603416358457,110.04344185842874,1.2504936574821448,4.009255922027919,0.27258030161908336,1.0611985852122883,1.0114875973146609,0.5718197273135349,0.22443522676675298,1.0021059804132217,1.3364829125269573,hjorth_mobility,hjorth_complexity,2.4103323483256296,0.7838165786510939,-36.83624267578125,-121.58203125,47.8515625,-37.109375,262.99590012058616,16.21714833503678,1716,eeg_baseline_level_1.csv,4,AF7,40.00390625,50.0
450.79393445843095,64.39913349406156,84.21929604172729,37.585384862111994,62.465690634318975,164.19495906542338,20.524369883177922,30.414259056569207,8.766404424551475,25.168938214910007,49.99193927848448,6.24899240981056,10.022638656202709,2.9952942291406606,5.5912983436732695,83.35918253837647,2.1936626983783283,5.218667982297315,0.9467979665097166,2.1478227800003826,79.03256944656506,0.8980973800746029,2.313425140593031,0.34353251211739905,0.8146532796988792,1.3406640455742975,0.6941132448380651,0.2805411035951782,0.5701912764823116,0.619324044741931,hjorth_mobility,hjorth_complexity,1.9946053010914844,0.7275108751086777,-35.75325012207031,-186.03515625,60.05859375,-34.1796875,456.1248315440025,21.357079190376258,1716,eeg_baseline_level_1.csv,4,AF8,40.00390625,50.0
6016.514830165404,859.5021185950578,1658.5115340414536,582.0623250414826,733.2071311868677,1304.9282197535545,163.1160274691943,487.5897009356083,20.13186217774193,69.16238135519062,70.25909480789005,8.782386850986256,12.164386701795905,6.72015463139723,8.553842975076648,121.43203615007488,3.195579898686181,7.8195728245801694,1.691060574120971,3.2901918963015513,354.94513510752205,4.03346744440366,93.13087555836661,0.7846057877197165,2.316949102018908,1.5916590165822946,0.5476297163090825,0.05765032865709814,0.11381984526087693,0.28860606164421476,hjorth_mobility,hjorth_complexity,1.6761760734227773,0.7684099036429335,-31.031036376953125,-316.40625,337.40234375,-38.57421875,7459.073624922894,86.36592861147788,1716,eeg_baseline_level_1.csv,4,TP9,40.00390625,50.0
4593.836618710184,656.2623741014548,795.5005299237738,430.3615327921494,698.5915958737901,1078.7437245310414,134.84296556638017,398.794188606332,21.030462021697517,59.03970113952006,51.70058701381119,6.462573376726398,7.625559395652475,5.428947910073811,6.445017056082351,89.2536560416425,2.348780422148487,7.082301021508027,1.1107144898522527,2.094214809996301,131.2747020293136,1.4917579776058363,2.7070800888769204,0.45197555475377477,1.4335089018313425,1.6658726691407677,0.6021285140343196,0.05800726546214342,0.1139478580724116,0.17745239832736573,hjorth_mobility,hjorth_complexity,1.7071344705572349,0.6374054145562407,-36.54212951660156,-274.90234375,132.32421875,-34.66796875,3100.5977698077913,55.6830115008859,1716,eeg_baseline_level_1.csv,4,TP10,40.00390625,50.0
96.77824733758786,13.825463905369693,20.08754125809295,6.333105572818706,15.013152700693594,51.34426667862877,6.418033334828596,10.523552564725819,3.114995388977688,6.6621112960852145,22.275418407444732,2.7844273009305915,4.034476951157136,1.5315847043388646,2.8556353291161276,99.47382848977318,2.6177323286782417,5.868003132297825,1.2783840173804337,2.336749153553656,149.56673351624474,1.6996219717755083,4.289196494332907,0.30200001348387884,1.609791687233534,0.743771173291069,0.4838119351103527,0.2525217398811099,1.1315852234623998,1.832952159897638,hjorth_mobility,hjorth_complexity,2.883553561666625,0.8346593785473018,-36.26842498779297,-87.890625,20.5078125,-35.64453125,226.44973647402367,15.048246956839314,1716,eeg_baseline_level_1.csv,5,AF7,50.00390625,60.0
192.3813747980651,27.48305354258073,46.5887380700662,10.620612073360107,27.857966385136884,47.199454494488855,5.899931811811107,12.0209511267609,2.2945045132697115,4.536683696431725,25.28781231135007,3.1609765389187587,4.691207482678374,1.4700167692513082,3.363211927955448,53.386390875834984,1.4049050230482891,2.8544884145756724,0.5953183521872923,1.358282008873634,64.87415067600716,0.7372062576818995,1.8264728160503587,0.23183133809974887,0.6839238290348043,1.2257057198652608,0.47424636186300917,0.29901132950254217,0.7361699020373575,0.996590627100237,hjorth_mobility,hjorth_complexity,2.405909720163564,0.7944655210315086,-33.79650115966797,-108.3984375,39.0625,-33.69140625,225.14522130222758,15.004839929243749,1716,eeg_baseline_level_1.csv,5,AF8,50.00390625,60.0
1361.0943269693512,194.44204670990732,409.4655002978847,27.538912796720474,149.28357364972467,104.95428791090522,13.119285988863153,17.785015810614677,7.367141347948329,13.769570195148281,25.956137619799215,3.244517202474902,6.3795087569465405,1.771952479377829,2.666371768455634,90.41510576992741,2.3793448886823003,5.400256990513279,0.8125787695803929,2.2258405393206413,310.7163249844333,3.53086732936856,98.89073431444962,0.4938218386685372,1.7681950371071526,1.399471613162139,0.2623252082945101,0.08214667294818923,0.3016711044648029,0.8091051546043108,hjorth_mobility,hjorth_complexity,3.109107597931959,0.9144930570193134,-34.69524383544922,-168.9453125,131.8359375,-35.15625,1079.2166937244474,32.85143366315156,1716,eeg_baseline_level_1.csv,5,TP9,50.00390625,60.0
1282.231805441736,183.1759722059623,406.40390735001563,15.986670653124852,126.33606614334286,80.47929370170272,10.05991171271284,15.15122329252541,5.8173245263759155,9.458050431972955,21.166867605601546,2.645858450700193,4.072785759134831,1.348571034128839,2.0430581463676134,73.41471867725065,1.9319662809802802,2.9714300447454978,0.6101809839500896,1.9325794963003293,109.75670827547293,1.2472353213121925,3.028307035296523,0.42749458354182124,1.1878815579460338,1.425489410133546,0.24605121976892375,0.08147043553372324,0.2981705226554216,0.4716942605768415,hjorth_mobility,hjorth_complexity,2.1493972867637723,0.8097818175061203,-36.982154846191406,-155.2734375,108.3984375,-37.109375,912.7469002487487,30.21170137957723,1716,eeg_baseline_level_1.csv,5,TP10,50.00390625,60.0
116.18187684305624,16.597410977579464,21.439476279900507,8.571560026628298,17.855694900654093,70.98574768545447,8.873218460681809,12.396047492066298,3.9053530844614506,9.216519095651094,22.800877348664386,2.8501096685830483,4.791796299379882,1.6571365629919097,2.6063178904877438,98.00737071835364,2.579141334693517,5.560960503151294,1.0418507715694698,2.297691734210433,115.2050552428978,1.3091483550329295,3.5074642693407907,0.3147556306472403,1.3067726726426687,0.8546164826433646,0.619563050776833,0.25653526706393703,1.1173671797138498,1.4911268681545498,hjorth_mobility,hjorth_complexity,2.9145119588010826,0.8012739388678964,-37.051963806152344,-85.44921875,39.0625,-37.109375,222.77083331573522,14.925509482618516,1716,eeg_baseline_level_1.csv,6,AF7,60.00390625,70.0
551.7909686455012,78.8272812350716,148.0258713831131,32.87930454995588,79.86920341717502,104.28946420235744,13.03618302529468,23.221627105032233,4.824731159163255,13.44583807776878,27.938014883609362,3.4922518604511703,4.702157318663988,2.268494256937471,3.5297461404374797,61.91876144078632,1.6294410905470085,2.4400404556539996,0.5384836034324246,1.6278854891563448,79.71160935629372,0.9058137426851559,1.9090211078874515,0.20680433178525723,0.8078252866581535,1.4468924382688824,0.4956656339538209,0.17736385074426986,0.44693116407548195,0.6240526625972505,hjorth_mobility,hjorth_complexity,2.392641835677368,0.7530963651386353,-36.75994873046875,-143.06640625,38.57421875,-37.109375,414.8195474408567,20.36711927202413,1716,eeg_baseline_level_1.csv,6,AF8,60.00390625,70.0
3535.292503903854,505.04178627197916,621.3051824588624,375.92959792068774,484.1800274136554,1355.3978372520664,169.4247296565083,405.911101973152,64.61829534664568,112.7526100316905,159.89880717896335,19.98735089737042,54.22549655397746,11.808483605654406,14.471777863851958,126.49369624961483,3.328781480253022,6.828558310346845,1.3951216149336652,3.235799643878889,234.82171386459117,2.6684285666430814,47.793109470892965,0.4973709203674343,1.7353707389297899,1.5256551168150498,0.8091157866558762,0.15810967398264433,0.16852691007402604,0.29807630598749185,hjorth_mobility,hjorth_complexity,2.4324454891359566,0.6855570359528161,-41.457366943359375,-338.8671875,147.94921875,-34.66796875,2955.393934971653,54.36353497494118,1716,eeg_baseline_level_1.csv,6,TP9,60.00390625,70.0
3701.997909190514,528.8568441700734,644.9637266433876,368.703012486728,511.2588653609269,1220.07588555802,152.5094856947525,358.77902868996466,57.03055931821869,98.78216563261665,129.25289086846115,16.156611358557644,42.741615471627455,7.532129061210625,10.987257269884623,87.40006298493093,2.300001657498182,5.426852299756527,0.7572642964772361,2.0522064172414387,105.06404052647707,1.1939095514372395,2.980017797447766,0.2693305590237704,1.08568808808829,1.5958816539431997,0.7679124003560708,0.13679483528158287,0.12582071606911283,0.16422429916866438,hjorth_mobility,hjorth_complexity,2.1007483769810533,0.5809122254534418,-41.47510528564453,-350.09765625,89.35546875,-35.64453125,2825.00610624993,53.150786506409574,1716,eeg_baseline_level_1.csv,6,TP10,60.00390625,70.0
175.5756824833859,25.082240354769414,29.724237736592936,14.436773878465734,26.830210102011684,75.24562102259014,9.405702627823768,18.034112253541434,5.378386730286398,7.870815150279283,27.083974622043975,3.385496827755497,7.568109352922073,1.4019294966990006,2.8023950705414205,116.58389144693793,3.0679971433404716,5.64805072187633,0.8679739241540122,2.9979936770331577,162.17123645795945,1.8428549597495392,6.128139998121493,0.4107665111871847,1.5152673801663696,0.945134755782486,0.5228236668357298,0.23312504221920938,1.0425713072258689,1.5682828577968875,hjorth_mobility,hjorth_complexity,2.7995236265873826,0.7939190248280854,-37.21504211425781,-107.421875,62.01171875,-36.62109375,307.20532973646186,17.52727388205199,1716,eeg_baseline_level_1.csv,7,AF7,70.00390625,80.0
1501.4618320671334,214.4945474381619,393.85202575422113,45.24757417718528,153.8619069891314,115.6635823562868,14.45794779453585,37.882161459839416,3.938984166082988,11.241154479712542,30.884187507133614,3.8605234383917018,5.766931308126077,2.1202849504752685,3.819610244442527,69.5251581225263,1.829609424277008,3.671093313953768,0.9315064958803281,1.6418626600260362,81.67732624093895,0.9281514345561245,2.373091944664279,0.21792465025017052,0.8392709819727372,1.5546967293314162,0.2861400631504749,0.10152004144437231,0.25596665635169324,0.32851122236154023,hjorth_mobility,hjorth_complexity,1.662908188936581,0.7047403297604871,-34.693145751953125,-252.44140625,130.37109375,-33.69140625,1250.848844065331,35.3673414899301,1716,eeg_baseline_level_1.csv,7,AF8,70.00390625,80.0
5627.6549752399305,803.9507107485615,1781.0685130336892,272.4254218137161,542.7506852561685,1997.9637070362005,249.74546337952506,668.5032829200331,66.01659354664197,179.41616212936282,164.96484952198466,20.620606190248083,56.60884880766563,5.622358545040192,14.348392695321916,175.30619408994565,4.613320897103833,10.663445020393706,1.2458423420856812,4.075695311782944,276.67681673074003,3.1440547355765913,42.18957877708038,0.8094331875896797,2.136934126998552,1.457907757951668,0.7651347866851649,0.11393762095427762,0.15598380823388092,0.24810061249164558,hjorth_mobility,hjorth_complexity,1.7513607521778887,0.6590145674710994,-35.31665802001953,-448.2421875,126.46484375,-30.2734375,4516.854576613696,67.20754850917935,1716,eeg_baseline_level_1.csv,7,TP9,70.00390625,80.0
6159.403204743222,879.914743534746,1619.7484871807735,438.3388765732659,688.9330955971514,1748.1777337165584,218.5222167145698,659.9439515205472,50.413459115133044,131.2869155661317,134.15456742721946,16.769320928402433,50.01831015452203,6.39116429332261,10.875316968370957,122.30148504345969,3.2184601327226234,9.172236973465944,0.9726694646952238,2.87422918368131,153.9787811241995,1.7497588764113579,4.876615167601335,0.5227115122014441,1.4856481638150791,1.5772194191760205,0.6741688908816212,0.09479562102283695,0.11298006673831272,0.15317697061654517,hjorth_mobility,hjorth_complexity,1.662908188936581,0.5992302991276977,-32.822227478027344,-500.48828125,146.97265625,-28.3203125,4748.791566489672,68.91147630467418,1716,eeg_baseline_level_1.csv,7,TP10,70.00390625,80.0
182.99164072906416,26.14166296129488,40.011760987396855,15.105712545563357,23.767450806295816,66.74861824962188,8.343577281202736,17.81499736158807,3.018699209874908,7.702568418656502,20.703721991113003,2.5879652488891254,3.7677141596279893,1.842050818880847,2.355128648837228,132.73849960763084,3.4931184107271274,7.893090329793141,0.8070907980790205,2.9168051360878824,162.8630457258341,1.8507164287026603,4.690415392351009,0.3376480643628317,1.7482855828606254,0.9456931741183155,0.46609272243760624,0.18780917346439271,1.1158065255211111,1.5399457114296458,hjorth_mobility,hjorth_complexity,2.768565229452925,0.8251697441301925,-35.83946228027344,-112.3046875,44.43359375,-35.64453125,329.87538710585795,18.162471943704634,1716,eeg_baseline_level_1.csv,8,AF7,80.00390625,90.0
650.1057838730188,92.8722548390027,194.0443873739266,52.531652112469274,72.45433778641079,116.29315483565416,14.53664435445677,35.68104725171103,3.0518371079126436,10.060767107858847,29.119527962758156,3.6399409953447694,8.970664910037208,1.944706682974444,2.6763846882137017,75.42634896119654,1.9849039200314877,3.935156183292366,0.6296634380423838,2.111283129883937,75.94649895015343,0.8630283971608343,2.364166788703116,0.19649341649780327,0.7689565992154642,1.4789183566904616,0.4638395305512648,0.1618981872931157,0.4704173800228292,0.5376653556578526,hjorth_mobility,hjorth_complexity,2.273230875301603,0.7470999817878761,-38.60816955566406,-234.86328125,26.3671875,-35.64453125,569.7114042413887,23.868628034333867,1716,eeg_baseline_level_1.csv,8,AF8,80.00390625,90.0
9734.2619383198,1390.6088483314,2417.708350782774,668.8690109268758,1264.491733088577,2573.1413652226365,321.64267065282957,855.1804652690734,100.7248117572404,223.4397150387451,236.67750575793497,29.58468821974187,100.62869393760732,8.70157763296848,21.523033593879347,133.0545668448634,3.501435969601668,6.842053693683422,1.7893735876998806,3.3280717994024744,230.7458238210051,2.6221116343296034,42.273687707515904,0.6338333773724161,1.8617625973363348,1.6190685552319288,0.6805204020531349,0.10376380923833137,0.08319292883808473,0.14115586965459292,hjorth_mobility,hjorth_complexity,1.5744556256952738,0.5766090936109384,-43.65711212158203,-414.0625,105.46875,-28.80859375,6706.109005572216,81.89083590715273,1716,eeg_baseline_level_1.csv,8,TP9,80.00390625,90.0
9246.649025632336,1320.9498608046194,2293.4260638653022,737.7900568055231,1259.9286504108122,2394.3058579735716,299.28823224669645,822.4561646658045,77.74898440626227,199.19574920935173,168.01683478890118,21.002104348612647,72.2864247363835,7.754947191636818,13.202132329671835,97.70553643744567,2.571198327301202,6.098741280155577,0.9559213536233125,2.3113353277992825,128.2076724995002,1.4569053693125023,2.8538823586266804,0.40564076198270743,1.324407824157666,1.6399105885102196,0.6714973034715527,0.08321092004301019,0.06672732469374687,0.09409717161748499,hjorth_mobility,hjorth_complexity,1.6805987015848427,0.49668081732468905,-41.29486083984375,-432.12890625,98.14453125,-28.80859375,6216.138859745115,78.84249399749551,1716,eeg_baseline_level_1.csv,8,TP10,80.00390625,90.0
3962.2110677821797,566.0301525403114,932.3028810220749,189.4352635059401,538.913031153116,268.2073814968554,33.52592268710693,107.72117936046816,11.721821475163024,24.53371346928836,112.86294983415377,14.10786872926922,22.98552926660866,8.168259252703905,13.121385362000868,345.2846296743517,9.086437623009255,18.348220970199552,2.870779688525797,8.681663464828652,464.8647839112595,5.282554362627949,13.70076189083398,0.6783667928782899,4.983750966569199,1.5727425954226253,0.24038077417895604,0.1244935778720505,0.4057359294406427,0.5917725743585587,hjorth_mobility,hjorth_complexity,2.671267409887487,0.834154957748132,-31.969642639160156,-294.43359375,260.7421875,-32.2265625,2317.9790234644315,48.14539462362347,1716,eeg_baseline_level_1.csv,9,AF7,90.00390625,100.0
4670.396880950693,667.1995544215276,1406.6595291084348,50.637560573737716,517.5423519316819,109.37970252943668,13.672462816179586,35.7530277159085,7.5359748297938545,10.301631648387787,35.32889221031271,4.416111526289089,9.557120482101563,1.9554261899095584,3.0725871442839745,88.70078148265908,2.334231091648923,6.562870893319753,0.8040382999953252,1.9934405108724205,399.0608885119197,4.5347828239990875,13.708828788100574,0.9429005430270022,3.055773831722642,1.5153444307343356,0.11593519651394635,0.044568850272654156,0.12321006725834395,0.49662175315213425,hjorth_mobility,hjorth_complexity,2.711071063346075,0.8439410622843225,-35.976600646972656,-492.67578125,165.0390625,-34.66796875,2139.726000277733,46.2571724198284,1716,eeg_baseline_level_1.csv,9,AF8,90.00390625,100.0
5994.07529377104,856.2964705387201,1169.8297105578824,423.53388030475185,820.1245944673733,2016.948201322798,252.11852516534975,933.9698610799185,73.11474486127757,106.86677986429703,224.18397681078852,28.022997101348565,68.4960812863257,6.740107364418453,27.53315491450941,194.54162398219214,5.119516420584003,9.251706363081649,1.7358351064151276,4.812411441670756,574.7813813752845,6.5316066065373235,42.1003905673442,1.4105427623256943,4.997371596176359,1.5088921306328298,0.6761114261867528,0.13460737321636557,0.1553193643945614,0.434333061844981,hjorth_mobility,hjorth_complexity,2.1847783120602955,0.7166123342385001,-36.921119689941406,-319.82421875,218.75,-33.69140625,4211.337535198254,64.89481901660758,1716,eeg_baseline_level_1.csv,9,TP9,90.00390625,100.0
6570.283167214686,938.6118810306695,1661.214855261191,529.5231731306571,853.3073544122758,1491.0329710924045,186.37912138655057,691.8913472839574,57.88712102359711,93.44651587887805,155.00028368725674,19.375035460907092,48.27197823575432,6.776676162060178,15.972671755696716,115.5054124656524,3.0396161175171685,4.6791858150313335,1.7058699158024093,2.9895098767426953,353.99082621502873,4.022623025170781,10.137264744010958,1.0917149102929982,3.3050319356499944,1.6093862126166993,0.5698377068106305,0.10310166048546224,0.10293379128445557,0.2999840399092329,hjorth_mobility,hjorth_complexity,2.0432542108742036,0.6589243095460131,-35.986328125,-354.00390625,218.26171875,-34.1796875,4092.9941087961197,63.97651216498223,1716,eeg_baseline_level_1.csv,9,TP10,90.00390625,100.0
338.33163286222526,48.333090408889326,75.97878439695609,12.832308883612034,53.55149520464451,112.4685247990687,14.058565599883588,26.309166762384255,3.7008697719634194,12.830740143085498,35.216852944639626,4.402106618079953,6.860762169790491,2.004128280778292,4.011050763760684,155.79629455455503,4.099902488277764,8.374022508097028,1.7666475273577167,3.714118543751583,249.15441188622165,2.8313001350707006,8.99493243469622,0.22049198918115515,2.4437233339273696,1.028668897237646,0.4932908861064067,0.2000591514511475,0.895166539589976,1.5132281913168204,hjorth_mobility,hjorth_complexity,2.910089330639017,0.8158666601576995,-38.323402404785156,-134.765625,85.9375,-39.55078125,464.44009258266306,21.550872200044783,1716,eeg_baseline_level_1.csv,10,AF7,100.00390625,110.0
1376.9009877130832,196.70014110186904,337.6747898955096,68.99058757456191,196.52889748528986,213.60596580160217,26.70074572520027,63.79965855905001,11.553892382486692,24.53917820334395,52.46466932238454,6.558083665298067,12.243303441197414,2.054593248428801,6.279846019462198,94.71928770451021,2.492612834329216,4.2044879113654385,1.0698744497350918,2.5117269705023118,137.21478061657712,1.5592588706429218,4.474913842479584,0.5260304018550309,1.5632854253466753,1.492412363668311,0.44953048305575505,0.14800797800864313,0.315995280813342,0.48627535646735276,hjorth_mobility,hjorth_complexity,1.9415337631466998,0.7244324373387664,-36.38896942138672,-231.93359375,158.69140625,-37.109375,1069.5754037806182,32.70436368102303,1716,eeg_baseline_level_1.csv,10,AF8,100.00390625,110.0
9254.134976001298,1322.0192822858996,2254.4395623308756,447.3672635934738,1213.0149820641002,1957.1892679047648,244.6486584880956,589.8362369005516,52.29739318475785,192.2360150719815,146.63990012290662,18.329987515363328,36.145044368475546,7.355141687957385,14.276659648513663,113.58307613031387,2.989028319218786,5.928173100938441,1.498675335413027,2.756199266913126,262.42655102539317,2.9821198980158314,35.78684956147915,0.6029559735256229,2.223317421770789,1.6142577126627171,0.5985981963094045,0.07842459413940958,0.07883179185018685,0.17608820532921277,hjorth_mobility,hjorth_complexity,1.6761760734227773,0.6017802338391747,-41.034698486328125,-418.9453125,127.9296875,-29.296875,6677.321539609693,81.71487954840106,1716,eeg_baseline_level_1.csv,10,TP9,100.00390625,110.0
9102.022164771899,1300.2888806816998,2094.8825585030554,389.98917892495047,1206.8509307960996,1836.212318888191,229.52653986102388,591.5072389207602,58.76870894068463,165.88337515828982,106.5325424395302,13.316567804941275,29.43348719812244,5.464417671358696,9.211052205935417,92.9644253053325,2.446432244877171,4.234253448481912,0.9641158849189638,2.4159684397094368,145.75442094949847,1.6563002380624825,4.619733009582507,0.45407395402092654,1.4130941161961728,1.6465377330074975,0.5867901502302696,0.06174154928909677,0.06861577833864972,0.11184653597272488,hjorth_mobility,hjorth_complexity,1.273716910674828,0.5017519692683339,-39.864540100097656,-403.80859375,128.90625,-30.2734375,6535.955887193268,80.8452589036195,1716,eeg_baseline_level_1.csv,10,TP10,100.00390625,110.0
139.46737779602995,19.923911113718564,25.955127492243985,15.472339353129106,18.112305128555576,91.96780473950145,11.49597559243768,18.383072815097634,4.2648497010654225,12.54213980848116,29.97743102541752,3.74717887817719,6.3444322036815,1.1144850104513684,3.3387003059359017,133.3901427748859,3.5102669151285766,6.589019515230707,1.143887725755938,3.447063490804078,171.3867582301843,1.9475767980702763,6.1999528743766446,0.4288655988228778,1.7559109836587958,0.7967766442279035,0.600030226093671,0.24879316968371984,1.1452933048255207,1.612418474770866,hjorth_mobility,hjorth_complexity,3.1046849697698935,0.8011427097345124,-37.89405822753906,-103.515625,65.4296875,-38.0859375,298.45132245100103,17.275743759705428,1716,eeg_baseline_level_1.csv,11,AF7,110.00390625,120.0
2372.721010662098,338.9601443802997,595.7557019877264,208.74067644414563,266.8769444255556,261.468675825751,32.683584478218876,59.04160089380831,8.815858072699601,32.963816850347015,23.11090166573311,2.8888627082166387,5.1985676314256555,1.3817585546649551,2.539304967499167,82.20168529527791,2.1632022446125765,3.7284000441069836,0.8960758333562282,2.0697999124545965,83.55194690091622,0.9494539420558662,2.1686774174011036,0.25889605545716743,0.9211318739456171,1.6992855275291736,0.39603336172098824,0.05448629695293109,0.2029755885825508,0.22952217649097972,hjorth_mobility,hjorth_complexity,2.2068914528706225,0.6927631964176333,-36.18183135986328,-216.796875,192.87109375,-37.59765625,1364.4262402885943,36.938140725929806,1716,eeg_baseline_level_1.csv,11,AF8,110.00390625,120.0
7795.928547923043,1113.7040782747204,1953.5037886509454,467.958240223001,924.422048497497,2000.1562758983878,250.01953448729847,629.1509271934007,68.64617422042205,211.79332490661142,164.62504258431662,20.578130323039577,48.78842276093503,6.2161757789510625,16.513810154215598,183.76116193021468,4.835820050795124,12.967443693665325,1.1103575627056639,3.8343884414735743,288.82886566609744,3.2821462007511073,47.52384254498017,0.7518323114964934,2.38899980228724,1.581524239659745,0.6570103319412935,0.09322047125114095,0.13073794854846701,0.20819470873739104,hjorth_mobility,hjorth_complexity,1.9503790194708306,0.6515609269288707,-42.855072021484375,-347.16796875,140.13671875,-37.109375,5052.731488249265,71.08256810392591,1716,eeg_baseline_level_1.csv,11,TP9,110.00390625,120.0
8450.481009790998,1207.2115728272854,2205.2705699395774,571.8648704108299,1014.4733175521319,1632.9989217542407,204.12486521928008,469.7087041811445,83.97203335450132,163.2595771972996,134.63875484601715,16.829844355752144,48.978904151690315,3.8806560728707264,12.538188111602693,112.8121518774442,2.96874083888011,8.733745064130368,1.2476217859320047,2.5168784704167075,161.1865266862342,1.8316650759799342,4.948121764450236,0.5106241204465733,1.6765725447466446,1.6461495328580145,0.5774892079443241,0.07784593618671402,0.08524047140547733,0.129420688093988,hjorth_mobility,hjorth_complexity,1.88403959703985,0.5603093552323708,-39.77699279785156,-359.86328125,158.69140625,-33.203125,5170.939355011797,71.90924387734721,1716,eeg_baseline_level_1.csv,11,TP10,110.00390625,120.0
127.1459162617208,18.16370232310297,30.42850976261546,8.054269435447862,17.72260238256738,49.242029233259316,6.1552536541574145,10.606295227095014,4.019244278384056,5.499894366190791,37.67135507635773,4.708919384544716,6.641001001699166,2.6516139815512,5.020925470432124,111.3134963753024,2.9293025361921687,5.325027219285231,0.8969570476846691,2.8123539469221557,158.48554852613654,1.8009721423424607,6.559413687101405,0.4809961903712594,1.2517383292853377,0.818656019386365,0.42239084096333196,0.34380161141960874,1.1123094769131907,1.700668877397172,hjorth_mobility,hjorth_complexity,2.94547035593554,0.8159434129308495,-37.586021423339844,-96.19140625,33.203125,-36.62109375,269.2995170582435,16.41034786524172,1716,eeg_baseline_level_2.csv,0,AF7,0.00390625,10.0
688.6246080601751,98.37494400859644,133.23069975140893,68.03980037755221,97.57082832322506,180.9766447283635,22.62208059104544,50.25193753467496,9.740056381499475,20.958371930812056,49.48288681933536,6.18536085241692,9.760747718986543,3.328546045253919,5.84412601762954,56.85764504352549,1.4962538169348811,4.5935329201645025,0.5103210253104064,1.3390677313334431,59.87491421079501,0.6803967523953979,1.9646045315496983,0.08332944320560066,0.6308775969762666,1.5009116464767933,0.6226261844145609,0.23136498756380108,0.3364675891557358,0.396510696394737,hjorth_mobility,hjorth_complexity,1.4506220371574432,0.6419430817636588,-36.52515411376953,-121.09375,63.96484375,-36.1328125,535.3698663748219,23.1380609899538,1716,eeg_baseline_level_2.csv,0,AF8,0.00390625,10.0
1085.1873518157172,155.02676454510245,225.56914453800053,43.856414512656094,161.46910364458773,270.9304710973478,33.86630888716847,51.90293448585039,11.5899266556684,32.47813172392431,85.5668284784046,10.695853559800575,18.006998723925502,7.644638395853595,8.974868009127315,167.17016220394905,4.3992147948407645,8.521996629148749,1.636920623771309,3.9614455445331065,415.2931683088181,4.7192405489638425,128.5201892714141,0.7366759812150439,2.416150439790508,1.3052596786189807,0.5246452002220087,0.21401341566958879,0.4866045591487253,0.9946186279215694,hjorth_mobility,hjorth_complexity,3.2285185583077243,0.8669857834208798,-38.12274932861328,-307.12890625,75.1953125,-37.109375,1160.6742115327506,34.06866906019005,1716,eeg_baseline_level_2.csv,0,TP9,0.00390625,10.0
993.1896809971068,141.88424014244384,186.00745250046108,90.32568478039565,125.9813925004077,278.42881337615756,34.803601672019695,71.68742878690588,10.302119224869926,30.49608880896851,53.97646341107083,6.747057926383854,9.677594597594496,4.559892541923041,5.705085080706446,123.45580956332523,3.2488370937717166,5.828570191454279,1.4379022436177893,2.9175411026574447,174.66172271967815,1.9847923036327062,5.354871907275881,0.578925195373007,1.7895337026212554,1.436366342882539,0.6185406507755438,0.17537872867253262,0.45285433801369757,0.6869702893154278,hjorth_mobility,hjorth_complexity,2.463403886270414,0.7730412403960544,-37.475013732910156,-286.1328125,71.2890625,-36.1328125,963.7781881247065,31.044777147286894,1716,eeg_baseline_level_2.csv,0,TP10,0.00390625,10.0
382.47430032254306,54.6391857603633,80.91221308986441,35.27126422400532,50.72780738829925,88.10261180869281,11.012826476086602,17.19271366263611,3.8866593846382997,11.207519382837184,35.81134276259844,4.476417845324805,6.4612346642915215,3.1518612251969227,4.519086718801224,113.8274477473188,2.9954591512452318,6.755533435379764,1.1404802111729802,2.578455767452161,174.28997241690692,1.9805678683739423,5.037260586081468,0.6811076122753434,1.8009375544905097,1.23506979074525,0.4499550251766299,0.22447188655341757,0.7592533687518837,1.2518793636709344,hjorth_mobility,hjorth_complexity,2.59166010297031,0.8156869235470915,-35.57853698730469,-103.02734375,58.10546875,-36.62109375,436.84162534191273,20.900756573433238,1716,eeg_baseline_level_2.csv,1,AF7,10.00390625,20.0
535.2439435128982,76.4634205018426,172.4835184903303,27.90218092022431,43.19093467640269,102.72354462907005,12.840443078633756,19.476621886051117,7.460808978665202,11.268045538284799,47.00342845747719,5.875428557184649,10.405332339123795,2.973926920775404,5.147230677358149,61.708164267270554,1.6238990596650147,3.7874570803031045,0.7946933535448915,1.4933741531392326,80.12721324121881,0.9105365141047592,2.7688146643319285,0.2874871358305276,0.7979604027976847,1.3439777177913652,0.4879194920282335,0.26556607824184486,0.4390905399344697,0.6184924625133708,hjorth_mobility,hjorth_complexity,2.0520994671983344,0.7364314493339319,-36.60907745361328,-120.60546875,43.45703125,-36.62109375,436.281734109798,20.88735823673731,1716,eeg_baseline_level_2.csv,1,AF8,10.00390625,20.0
15258.015626432465,2179.716518061781,3366.2937174555195,743.1540220234297,2162.9699274329414,1863.9296911348938,232.99121139186173,494.17640700004074,34.10342100497999,169.21212180607557,189.20648838405342,23.650811048006677,48.05097332334614,9.949272909922776,16.403761366043415,133.25652686922788,3.506750707084944,13.716168483119452,1.19432198030462,3.153904120024463,363.2297441978278,4.127610729520771,125.25368127010977,0.6711867902569987,1.8811927357743148,1.6816982698531109,0.4057446844147007,0.06527749369768511,0.05962352746249283,0.13757702012940365,hjorth_mobility,hjorth_complexity,1.8928848533639806,0.6580207439038998,-26.14002227783203,-326.171875,572.75390625,-33.203125,10267.016748512106,101.32628853615485,1716,eeg_baseline_level_2.csv,1,TP9,10.00390625,20.0
5538.403698470891,791.2005283529844,1339.8201295246113,346.55930917222054,750.7318448026829,1208.7797440391478,151.09746800489347,339.91431016227705,34.71830267340445,111.64418474225387,157.55778781392237,19.694723476740297,38.712945843356145,7.810111936183931,15.395229579197022,105.5231101095546,2.7769239502514367,9.319605417053019,1.446137125044357,2.4147757673411006,160.0370810321882,1.8186031935475933,4.537085458263075,0.5097952179110803,1.6581101192548737,1.6271972598451763,0.5979259281689834,0.12429603323029298,0.11226303853392239,0.179290506631348,hjorth_mobility,hjorth_complexity,1.8088549182847387,0.6081581797705512,-34.085655212402344,-285.15625,120.60546875,-27.34375,3673.7846265532426,60.61175320474769,1716,eeg_baseline_level_2.csv,1,TP10,10.00390625,20.0
305.4207097489768,43.63152996413954,72.0304378698925,26.27403341531707,42.09782479171664,143.22143246733202,17.902679058416503,36.97135921608154,3.767546605364553,14.5031730581185,44.671173330902505,5.583896666362813,9.499095898106,2.6357244334176904,5.692613987568604,118.59571473809204,3.120939861528738,5.175058354324565,1.5606288526182335,3.0687088221360934,168.26030213261407,1.9120488878706146,9.753507601571657,0.34720450708491946,1.6620507060794893,1.078396798016073,0.6405447748540567,0.2697246092986364,0.805963657008853,1.218671593706178,hjorth_mobility,hjorth_complexity,2.414754976487695,0.7704104591599172,-38.402366638183594,-121.09375,56.640625,-39.0625,431.64378872461384,20.77603881216566,1716,eeg_baseline_level_2.csv,2,AF7,20.00390625,30.0
370.1570252951386,52.879575042162664,82.61480536748245,32.07781551961743,44.083294211385194,111.01722346783815,13.877152933479769,33.055480458484794,3.6519952787877696,11.596837575519249,38.673764742658165,4.834220592832271,7.970974417768804,1.4059483057562732,5.244518389113974,59.83920015245812,1.5747157934857399,3.610837062985683,0.3724701540120033,1.6834697100589935,60.768853859137664,0.6905551574902007,2.067823957383416,0.21089191207455432,0.5635707301340998,1.3817723211718376,0.607281360845137,0.27985274707945307,0.5351261582086109,0.6145810245851495,hjorth_mobility,hjorth_complexity,1.8221228027709346,0.694973636074789,-37.82539367675781,-100.5859375,26.3671875,-37.59765625,342.9149380826857,18.51796257914692,1716,eeg_baseline_level_2.csv,2,AF8,20.00390625,30.0
8753.362083000624,1250.4802975715177,2150.968954567074,625.484251566366,1253.1211341634378,1839.7109421115806,229.96386776394758,752.9860482126807,54.67108604561565,136.26017405208412,129.18845724618248,16.14855715577281,33.774564883811905,6.339472618226702,16.6784341036849,137.0009342268083,3.605287742810745,6.545426972972631,1.4435656084832256,3.421677514730513,344.8661070539106,3.9189330347035294,140.32921311362418,0.6657491867215621,1.6102685816672586,1.6351445839234517,0.5641560869827558,0.07274627161085737,0.09589420073361346,0.19299282122025302,hjorth_mobility,hjorth_complexity,1.8000096619606079,0.688046970467184,-39.39075469970703,-332.03125,241.69921875,-32.2265625,5469.478110862838,73.95592005284524,1716,eeg_baseline_level_2.csv,2,TP9,20.00390625,30.0
6401.596182032793,914.513740290399,1708.0125414412773,276.1929071884197,1000.5960003313074,1533.5206309373698,191.69007886717122,642.6329970813058,46.19903718565441,123.93698949563807,88.40881474926516,11.051101843658145,26.806127217234753,4.549190528846828,9.963624660665662,100.32389916553082,2.640102609619232,4.93587978779944,1.2393502871558082,2.394534388882105,110.57645222535757,1.2565505934699723,2.6030095696911175,0.3048522735697199,1.1414009641860223,1.6043460605774773,0.6172908043278602,0.06826552287996382,0.09559342843699054,0.11520116079980289,hjorth_mobility,hjorth_complexity,1.401973127374724,0.5258893589594127,-37.15953826904297,-283.203125,117.1875,-31.25,4129.945112472342,64.26464901073017,1716,eeg_baseline_level_2.csv,2,TP10,20.00390625,30.0
946.149793423873,135.16425620341042,224.85376588665576,38.06134339154701,142.65123313617653,208.50245771243343,26.062807214054178,58.16775944403964,9.193818420216251,20.11470453018304,68.15904370700099,8.519880463375124,15.295297851770938,5.201473569334359,7.771035354911508,195.84221288870182,5.153742444439522,11.265540888228093,1.9150311361509589,4.784666056438635,272.10408932227614,3.092091924116774,8.891793041882522,0.5435699260287583,2.741443691841744,1.3117749751603152,0.47470997251825575,0.20440880755694607,0.6423943695104919,0.9595866313603949,hjorth_mobility,hjorth_complexity,2.1936235683844263,0.7719371415590777,-35.69164276123047,-334.9609375,129.8828125,-32.71484375,1157.6016590333893,34.02354565640373,1716,eeg_baseline_level_2.csv,3,AF7,30.00390625,40.0
1981.8097198327898,283.1156742618271,435.6778182095479,83.50145159433615,320.65302984640897,433.3018287768222,54.16272859710278,133.49675076272374,13.655854403799921,45.23236834793352,72.43383387852165,9.054229234815207,20.164706520320966,2.8144066438731357,8.521462740757363,116.42172626791437,3.0637296386293253,6.16933543476948,1.0575610808306413,2.9827519325008036,154.43751417365195,1.7549717519733177,5.3750826785176375,0.4007684912442643,1.5897626055540597,1.5411632198079224,0.5684173747844207,0.1421373985840657,0.27501445270196134,0.3909879158208937,hjorth_mobility,hjorth_complexity,1.826545430933,0.6932547700641923,-38.385963439941406,-278.3203125,130.859375,-35.64453125,1959.5032991128392,44.26627722220199,1716,eeg_baseline_level_2.csv,3,AF8,30.00390625,40.0
71171.79531735534,10167.399331050763,39600.617738213165,546.3593684557533,1096.197213635974,1109.2998250978771,138.66247813723464,315.84780371847575,33.69846223936389,112.16689774926644,205.82513567987098,25.728141959983873,59.06379715115837,9.158920712583594,17.33034663985277,253.4023133593718,6.668481930509784,14.006288958602745,3.15655990380918,5.987988210684579,627.6955332322319,7.1329037867299085,132.8857135521511,1.9669929591602273,4.403167784036782,1.0557514914584554,0.08286147506395698,0.01960285648430486,0.02857747930562281,0.06589901855607588,hjorth_mobility,hjorth_complexity,1.189686975595586,0.7845885421096713,-23.235321044921875,-315.4296875,970.21484375,-57.861328125,55754.49253374245,236.12389233989526,1716,eeg_baseline_level_2.csv,3,TP9,30.00390625,40.0
4262.153626990089,608.8790895700128,1136.971453647684,179.55010546302466,598.7029355424927,767.0220023627086,95.87775029533857,218.24214647400316,26.047369988396653,68.35344669772618,116.32600673730678,14.540750842163348,27.192045961722346,5.46208868808717,11.679102920596694,190.63537062438894,5.016720279589182,11.480870252227385,2.3905033046541853,4.814448885425241,325.8130582881901,3.7024211169112515,8.36623517405926,1.159601842432344,3.2279355216076793,1.5013079128186684,0.5072127773139551,0.11581269158283071,0.22640613528133888,0.4040888387384406,hjorth_mobility,hjorth_complexity,1.7425154958537579,0.7875136819371014,-26.059532165527344,-392.578125,186.03515625,-25.87890625,4651.269752903318,68.20021812944088,1716,eeg_baseline_level_2.csv,3,TP10,30.00390625,40.0
187.0316171902829,26.7188024557547,33.76378974282625,18.433946014718387,27.107669381396494,75.25243236446255,9.406554045557819,21.432648429374993,3.830792859939915,6.5928660428141,20.372480836796598,2.5465601045995747,4.797135436277529,1.5684119495984299,2.341376975937658,43.52821245321274,1.1454792750845457,2.5463533917503764,0.4530148827021097,0.986210680876745,51.157481486165075,0.5813350168882395,2.1443798595216297,0.15679275876984797,0.532342841318175,1.2747678867505257,0.6765773120611795,0.25889209524878554,0.6366659245596085,0.8314408502075117,hjorth_mobility,hjorth_complexity,1.897307481526046,0.7222462563569789,-32.21549987792969,-84.9609375,38.57421875,-33.69140625,279.08745090826415,16.705910657855924,1716,eeg_baseline_level_2.csv,4,AF7,40.00390625,50.0
625.4683608540989,89.35262297915699,156.16423103185386,31.774731443662784,76.90988221195074,116.73064324765306,14.591330405956633,33.159376064643475,3.7705856416086974,10.531659564412202,23.110728035914804,2.8888410044893504,4.813894610476812,1.3861238170759604,2.3813215685655913,28.796167452348428,0.7577938803249586,1.707700136940569,0.1506867182379823,0.7050188126513357,33.008929737901916,0.37510147429433993,1.0231340763155314,0.09753097770498731,0.34790190456030323,1.5644786156739903,0.5238947553477011,0.15100251433998058,0.2318752492583487,0.29269130383715414,hjorth_mobility,hjorth_complexity,1.600991394667666,0.6786309735092807,-33.303070068359375,-155.2734375,40.52734375,-32.71484375,496.44752813037485,22.28110248911339,1716,eeg_baseline_level_2.csv,4,AF8,40.00390625,50.0
5426.148757928019,775.1641082754313,1488.430799746798,489.83562343060726,654.1850892234252,824.7486029032539,103.09357536290673,279.43794530168884,26.479006021467292,81.73943380366205,72.2282478956256,9.0285309869532,17.158434623932145,3.08608183076247,9.11706901101083,166.69237395722865,4.38664141992707,7.729171146711808,1.7440612927787202,4.310640278005192,530.3349318997264,6.026533317042345,116.54687840926704,1.1176008901618268,4.1903059085858185,1.6129769951046742,0.4553556394681211,0.06546608063243715,0.16982276758793488,0.47327026590714993,hjorth_mobility,hjorth_complexity,2.1493972867637723,0.8214698836307293,-45.83320617675781,-411.1328125,125.48828125,-41.50390625,4264.84740441083,65.30579916371003,1716,eeg_baseline_level_2.csv,4,TP9,40.00390625,50.0
6716.357217331125,959.479602475875,1922.4961984376137,511.2336099933114,755.0053081784968,902.5113854833387,112.81392318541734,297.22316804517584,19.992531674615325,84.0399636286413,54.59157099012473,6.823946373765591,17.68986506194487,2.59446989087934,4.445483761092073,91.25519307455382,2.4014524493303635,6.675966097475847,1.1345552456756556,2.1868956919607125,206.35643627882777,2.3449595031684973,5.057246990684552,0.8339538701754644,2.161339189100709,1.6796116933024068,0.43989200635619413,0.04582967216562492,0.08996887875443212,0.2047219754408539,hjorth_mobility,hjorth_complexity,1.5921461383435351,0.7146333951207413,-38.498878479003906,-426.7578125,130.37109375,-33.69140625,4513.536212289182,67.18285653564593,1716,eeg_baseline_level_2.csv,4,TP10,40.00390625,50.0
210.4902025855959,30.070028940799414,49.57596068045743,12.874032888308886,32.58095216446941,69.23547329354854,8.654434161693567,18.042458918091466,4.87187717489804,7.8090106484030954,20.171202737346025,2.521400342168253,4.712066914875792,1.1553767051144597,2.4824800657755057,43.428487306191265,1.1428549291102965,2.385765016386933,0.5616972635429615,1.0131002649647984,57.857935627928,0.6574765412264546,2.0581528913450473,0.18463202709529772,0.591660184935692,1.2947971111264103,0.6345088588848513,0.24560083538729335,0.6139418437784752,0.8911639074906351,hjorth_mobility,hjorth_complexity,2.087480492494857,0.7251307856339579,-37.52861022949219,-92.28515625,38.0859375,-37.59765625,206.4290280395653,14.367638220652875,1716,eeg_baseline_level_2.csv,5,AF7,50.00390625,60.0
496.4610165922379,70.92300237031971,139.81046022520687,30.894992651068826,62.844261155016085,166.41430189778663,20.80178773722333,44.69709481142424,7.52776633803325,16.745643769294915,33.882801754206184,4.235350219275773,8.998257565928059,1.5624793690893715,3.3099851492340395,36.65486470714679,0.9646017028196524,2.319617522981073,0.24818554301366103,0.7182545909348801,35.221140156120185,0.4002402290468203,0.9089161442432696,0.07950754730357024,0.37673584883816147,1.4542497302993955,0.7326727363912928,0.21962087160783947,0.3064156718507599,0.3370557703328412,hjorth_mobility,hjorth_complexity,1.755783380339954,0.6232436122295845,-36.869239807128906,-144.53125,45.41015625,-36.1328125,434.29134671896463,20.83965802787955,1716,eeg_baseline_level_2.csv,5,AF8,50.00390625,60.0
9930.261868514568,1418.608838359224,3291.3210365846503,219.98711105187118,878.3036582075141,678.4950052459805,84.81187565574756,271.3518680573181,18.803647997443946,56.90917932081779,76.02281915755384,9.50285239469423,22.76694870085923,2.761283087266751,8.317660109254865,145.0248819250352,3.816444261185137,7.47088438905978,1.7605860057392055,3.6080661831570153,517.6139398992113,5.881976589763766,108.7667820326878,1.1516411360008787,3.6609365588274363,1.5149928035395805,0.2583504392880349,0.04374155299695946,0.09582279840153053,0.298604670253305,hjorth_mobility,hjorth_complexity,1.861926456229523,0.8361733531071444,-28.844070434570312,-354.4921875,302.734375,-21.97265625,7830.586515920004,88.4906012857863,1716,eeg_baseline_level_2.csv,5,TP9,50.00390625,60.0
4452.446971516866,636.063853073838,1072.100633139692,240.48534647563773,583.4891184126251,616.2343609350977,77.02929511688721,287.5419105849296,13.059423443877018,48.358843923846464,47.874703916804435,5.984337989600554,16.718563280612766,2.3578796988128214,4.877273964308053,86.08887315646618,2.265496662012268,4.252986971115066,0.8573366628604899,2.0655820193569356,257.9768377334183,2.9315549742433897,7.694910802545771,0.6593507727814019,2.821617350048338,1.6572679779004016,0.421108761011313,0.05658808672053855,0.11921049089963764,0.34407125211826084,hjorth_mobility,hjorth_complexity,2.2466951063292107,0.7752227882773848,-36.63444519042969,-311.5234375,102.05078125,-30.76171875,2806.7717408703174,52.97897451697529,1716,eeg_baseline_level_2.csv,5,TP10,50.00390625,60.0
210.55818022088795,30.07974003155542,43.53654567778462,18.24876835787839,28.082120451353454,83.36577425067978,10.420721781334972,23.051548526454305,3.6695607075780305,9.51049077486774,27.057218241594047,3.382152280199256,5.6216816732197366,1.9167774358805485,3.0369146987627538,105.25237193868763,2.7697992615444114,6.279821786191097,1.2163284380544541,2.442583911187122,131.61140238007266,1.495584117955371,3.7065996408937334,0.2859766383379194,1.3867994461163677,1.0639291158909796,0.553778880336681,0.23821401320290214,0.958906927341556,1.325148753161438,hjorth_mobility,hjorth_complexity,2.3970644638394334,0.758553147856602,-38.90800476074219,-115.234375,46.38671875,-39.0625,290.8134563767817,17.05325354226523,1716,eeg_baseline_level_2.csv,6,AF7,60.00390625,70.0
2519.5748390977856,359.9392627282551,583.8073578589804,99.81634416588253,361.73624628962415,227.6894950126104,28.4611868765763,64.76727373294193,5.645736162089607,19.107986019729445,35.32216732797628,4.415270915997035,6.923074134461967,2.4474856619081558,3.8967258352779908,64.5181079780199,1.6978449467899974,3.8217145668138652,0.874412822434205,1.5331147369977098,108.43921414285998,1.2322637970779544,3.4079315059696307,0.19780893274029476,1.1500580751127436,1.6283246456771054,0.31917667446355547,0.07261090537993747,0.1521586517207605,0.2640524554372993,hjorth_mobility,hjorth_complexity,1.3223658204575472,0.6363689096604433,-38.105201721191406,-271.484375,125.9765625,-37.59765625,1316.7901910128421,36.28760382021445,1716,eeg_baseline_level_2.csv,6,AF8,60.00390625,70.0
24150.15804470103,3450.022577814433,6373.5799027008,697.8258366013201,3163.7801733919077,2017.854380947099,252.23179761838736,586.5170518772205,59.468000917213416,180.76608771477757,235.46976155113416,29.43372019389177,40.787094485515546,15.322747462256132,29.173510620479142,208.30879400896788,5.481810368657049,24.823987548836186,1.8903829032991233,4.108196145270991,413.2630451287307,4.69617096737194,58.82085766549047,1.249119732289009,3.3493303867622473,1.638068113991276,0.3144822209393842,0.05634512775063858,0.060908167795753664,0.12035328659430881,hjorth_mobility,hjorth_complexity,1.0260497335991672,0.6534336158295895,-41.925621032714844,-395.99609375,552.734375,-54.19921875,13005.530966584047,114.04179482358232,1716,eeg_baseline_level_2.csv,6,TP9,60.00390625,70.0
11910.03252843271,1701.43321834753,2233.8065922005367,722.2935955113883,1933.382973558636,2014.2779239455754,251.78474049319692,589.2859788292642,58.38706994896102,167.63459777989107,147.0183174148923,18.377289676861537,43.627069171037334,6.790513041499851,17.227617184788816,148.66595350355368,3.9122619343040443,11.6660545213534,1.8379191760260183,3.3131406722613193,234.34597656966304,2.663022461018898,7.121724438635961,0.62740584902841,2.2858712478476995,1.6904863543937836,0.5131342135265724,0.06428667154243105,0.08115751535149303,0.13378410119575318,hjorth_mobility,hjorth_complexity,1.2471811417024359,0.6004914028031284,-31.15997314453125,-461.9140625,257.32421875,-26.85546875,6666.312830056995,81.64749126615584,1716,eeg_baseline_level_2.csv,6,TP10,60.00390625,70.0
157.99062567345283,22.570089381921832,35.564669336605704,13.63217051136786,20.261413861127092,112.41541497324354,14.051926871655443,19.865178013569743,10.208580959295045,12.246528333277997,34.97742906181962,4.3721786327274526,8.22095534893381,2.6368074903986027,4.0852242810100226,90.60687804324593,2.38439152745384,4.111529258595751,0.9787299511174415,2.2558502750745926,114.84590013466804,1.3050670469848642,3.962806011621528,0.2614594748673765,1.1311850695417556,0.9245490320365526,0.7644943307691493,0.31252317008747704,0.9151864633192337,1.27585350902477,hjorth_mobility,hjorth_complexity,2.2776535034636685,0.7406628221835238,-36.847686767578125,-104.4921875,42.96875,-37.109375,263.937441050075,16.246151576606536,1716,eeg_baseline_level_2.csv,7,AF7,70.00390625,80.0
816.4493832382716,116.63562617689594,257.995568553544,43.53004772260097,98.10107259296097,121.43043556011487,15.178804445014359,31.900006802149182,5.732243550388866,9.62581330566417,32.90555098893206,4.113193873616508,7.906133697478116,1.1777623525833014,3.3972585683721883,74.73398080960925,1.9666837055160329,3.7317264982598055,0.712646521692738,2.0454871265275893,78.64965418380396,0.8937460702704996,2.778437151911071,0.3074195784632141,0.8111791575717724,1.4955547468054462,0.437090035324334,0.1564085871669565,0.4098873154433787,0.48274246844648516,hjorth_mobility,hjorth_complexity,2.1980461965464917,0.689269616432951,-34.571075439453125,-229.98046875,38.0859375,-31.73828125,699.6185699244961,26.450303777546605,1716,eeg_baseline_level_2.csv,7,AF8,70.00390625,80.0
15651.46770912704,2235.92395844672,6064.436157759907,1156.0741343536597,1726.3644773775436,2461.811119088867,307.7263898861084,786.0878607135187,65.97625845218633,221.15253830004087,247.66206867052097,30.95775858381512,59.83775604410525,9.674829599517428,21.510159933299597,172.94114121738832,4.551082663615482,10.94321265020734,1.3060729726358058,3.3886559300443375,275.07974410598536,3.1259061830225607,75.62323427777261,0.5131420643196299,1.7800684164637,1.542764530347165,0.4763414551208556,0.07636091325474662,0.06990985616912263,0.10645948181508016,hjorth_mobility,hjorth_complexity,0.8756803760889443,0.5867390761235273,-55.36060333251953,-453.125,793.45703125,-68.359375,27639.924755167158,166.25259322839796,1716,eeg_baseline_level_2.csv,7,TP9,70.00390625,80.0
8199.417697846147,1171.3453854065924,1994.5557781383322,600.7821889184758,1035.750876201117,2303.703446529018,287.96293081612725,568.276538253588,82.18039580977695,224.0450541912374,199.38412255146307,24.923015318932883,49.2534976141058,5.318384654578414,19.074690102808823,136.46944812698038,3.591301266499484,10.581006204200513,1.6361956065197076,2.7389593769381095,133.7183027076297,1.5195261671321558,3.9250249376968216,0.43906799561698184,1.4210552729209334,1.6136899357687078,0.7171144363121646,0.10590560637143842,0.09714248332202327,0.10611914097206099,hjorth_mobility,hjorth_complexity,1.791164405636477,0.5344722259539737,-48.41804504394531,-416.015625,85.44921875,-36.62109375,5318.101713055512,72.92531599558217,1716,eeg_baseline_level_2.csv,7,TP10,70.00390625,80.0
199.11967671903952,28.44566810271993,37.79429676518519,17.276699887556045,29.865528582915918,68.18226572420485,8.522783215525607,10.857206725241632,6.502353379150846,8.946224425486818,29.507758094945803,3.6884697618682254,9.1988712720223,1.1766640570553293,3.0036870619263523,111.47157741541976,2.933462563563678,6.147720307392934,1.0295923371803635,2.6303850010654504,163.41082995254675,1.8569412494607584,3.8892485699689314,0.37241388557537847,1.7575183732796837,1.0010518179258987,0.482743236086976,0.24115801840456472,0.9728725966909066,1.550179960594401,hjorth_mobility,hjorth_complexity,2.9012440743148864,0.8166842239567729,-38.52558135986328,-102.05078125,41.015625,-38.57421875,290.0795638197451,17.031722279903025,1716,eeg_baseline_level_2.csv,8,AF7,80.00390625,90.0
876.1744063493372,125.1677723356196,215.51345256208018,58.104249350533195,111.0880278717446,164.38611297450768,20.54826412181346,52.44516514695939,7.558908546776444,14.531058558248645,27.767180335782605,3.4708975419728256,7.018037698015475,1.3574452568168385,2.726748956657657,51.3486005933692,1.3512789629834,3.2226603856280693,0.4380927558308516,1.2081287513937782,43.26414406207563,0.49163800070540487,1.6077834751377944,0.11116586107800402,0.42025261528538954,1.557567958146138,0.5185741693251888,0.1294192271797788,0.2817200614292759,0.2718782596417835,hjorth_mobility,hjorth_complexity,1.9238432504984384,0.6510327463992578,-36.368751525878906,-171.875,115.234375,-36.62109375,586.9874058043933,24.227822968735623,1716,eeg_baseline_level_2.csv,8,AF8,80.00390625,90.0
3338.8487681492797,476.9783954498971,626.1523363267933,278.90186716189714,527.9698686370598,920.1661038696573,115.02076298370716,272.8060353537396,16.62700403714073,88.81048852062614,43.63013417568333,5.453766771960416,10.253500442135644,1.765975941591899,5.173149081991966,105.84297828857349,2.7853415339098286,5.459416130111478,1.5213064724510037,2.863449375368817,274.6259400336127,3.120749318563781,64.31719695890736,0.2898374314620056,2.0252841460610895,1.5880848921157464,0.6549336488273965,0.061074288065596255,0.1636829597782722,0.37946836425251784,hjorth_mobility,hjorth_complexity,2.8393272800459712,0.7955887807980523,-46.75865173339844,-319.82421875,77.1484375,-44.43359375,2115.6784750928637,45.996505031283235,1716,eeg_baseline_level_2.csv,8,TP9,80.00390625,90.0
2918.8127263113643,416.9732466159092,567.2051450627914,244.70760094716843,466.2425712423926,834.3883747998635,104.29854684998294,233.09896430493325,16.9600777580062,86.58343498960836,44.742168739575206,5.592771092446901,11.57375311621024,1.7634051914546356,4.550394978975072,74.34476456183593,1.956441172679893,3.979984161342818,0.8197852129934732,1.8328395726555589,99.96319424189916,1.1359453891124904,3.2564107226276664,0.3539707252212685,1.0432286103212882,1.6139843761644648,0.6977680597303786,0.07121863183217172,0.13858881587640642,0.19867732710280903,hjorth_mobility,hjorth_complexity,2.2422724781671453,0.6633485051104132,-40.180206298828125,-252.44140625,104.98046875,-38.0859375,1775.7631925633177,42.13980532184881,1716,eeg_baseline_level_2.csv,8,TP10,80.00390625,90.0
178.2405089405649,25.462929848652127,31.28998398644171,20.089007517128845,24.03806788885574,86.54207389231367,10.817759236539208,19.664431152523097,5.843170375005432,10.864146012700198,24.932189997963007,3.116523749745376,5.34426992303445,1.6664681134685213,2.9694397023414822,85.50889240184667,2.2502340105749123,4.705305450305021,0.5472619946228634,2.2348560677863167,89.62597296299438,1.0184769654885726,2.5305032000672805,0.2891071097083279,0.8713393884937077,1.081038692806941,0.668296301971434,0.25654687035486534,0.9368810794295905,1.1253689681727974,hjorth_mobility,hjorth_complexity,2.8570177926942324,0.7633993921379261,-37.64324188232422,-93.75,59.5703125,-38.0859375,234.51081357052317,15.313745902636727,1716,eeg_baseline_level_2.csv,9,AF7,90.00390625,100.0
929.841837398307,132.83454819975813,211.93318949318422,62.24300551490002,126.34534790952168,194.98376617175666,24.372970771469582,54.71140051834358,4.708908501738713,19.358091381990064,33.761048582740784,4.220131072842598,6.640587189350196,1.5844759568868643,4.5981665684223145,41.00093871602646,1.0789720714743805,1.9315240266734988,0.5254268726325517,1.0097031535375596,32.57429801907347,0.37016247748947123,0.8939637701708953,0.09481421970434425,0.3512821933675655,1.5891105098923022,0.577302753174436,0.15140214784967154,0.23005766075837192,0.2099952192815976,hjorth_mobility,hjorth_complexity,1.7690512648261503,0.6238481345297774,-36.502647399902344,-224.609375,97.65625,-36.1328125,728.1842044540099,26.98488844620281,1716,eeg_baseline_level_2.csv,9,AF8,90.00390625,100.0
4653.937709150427,664.8482441643466,1313.5845228048277,249.94017875972426,538.7677513425842,1396.7837186925217,174.5979648365652,477.52863531113223,48.94772479094544,146.96466583449805,109.74496305901536,13.71812038237692,21.308847410604958,8.335184605984175,13.63456354759857,112.74944760272271,2.9670907263874398,8.377315049106405,1.1102582459059176,2.6511322619036957,242.22397174445976,2.75254513345977,54.53858062411438,0.6682127304620731,1.7168574007437276,1.5189392875526786,0.7114902009056528,0.10168820563727926,0.12958464031037906,0.2603112278981871,hjorth_mobility,hjorth_complexity,2.47667177075661,0.7200318230961852,-41.167259216308594,-362.79296875,94.23828125,-35.888671875,3043.2973164352006,55.16608846415704,1716,eeg_baseline_level_2.csv,9,TP9,90.00390625,100.0
4788.564308887207,684.0806155553153,1290.973680000975,329.84038046077757,581.3745415054078,1398.783577930333,174.84794724129162,488.51270305087473,47.10496349556034,145.37880837244242,98.81282030900235,12.351602538625293,18.26172203031475,7.466007333399045,12.637439594432255,71.37692948013485,1.8783402494772328,5.806531852416014,0.4810718654907574,1.6088869722085142,84.81895443668328,0.96385175496231,2.1716702634123997,0.30056170047297415,0.8755258850855764,1.5822220299237757,0.7145124226619433,0.09437752378293862,0.08772970781568049,0.11392400381961959,hjorth_mobility,hjorth_complexity,1.7071344705572349,0.5519555967629481,-38.36784362792969,-346.6796875,101.07421875,-34.66796875,3008.0261347757187,54.845475061993206,1716,eeg_baseline_level_2.csv,9,TP10,90.00390625,100.0
161.06301365437258,23.009001950624654,35.09087832328941,11.947520579136386,19.361126792356636,72.02045508106103,9.002556885132629,16.27888368203312,3.3301735607248375,9.589624866095198,26.499700124274348,3.3124625155342935,4.6502886948952185,2.284146591011178,3.3551824632836875,103.39459052208218,2.7209102768968996,6.31499248173871,1.0865586625477637,2.5603858902747314,107.17299430138935,1.217874935243061,5.432392512442348,0.2424965832440004,1.1874449588412634,0.9747321003625645,0.5706199713994672,0.26814476850970315,1.075826055137318,1.2746595649320862,hjorth_mobility,hjorth_complexity,2.6093506156185713,0.7817962555528801,-37.62321472167969,-93.75,40.0390625,-38.0859375,256.11827019019984,16.00369551666739,1716,eeg_baseline_level_2.csv,10,AF7,100.00390625,110.0
193.58398338709128,27.654854769584468,41.954566733355925,9.463851193852351,28.235288948515247,58.54489995861087,7.318112494826359,14.239373536741615,2.8357525564227366,5.883048673815661,34.08898786209615,4.261123482762018,6.423088800971004,1.5987439493105782,4.4198809217176755,39.68369543712035,1.0443077746610618,2.2262552988403,0.22962793899150766,0.9326587715491009,33.75190240763429,0.38354434554129874,0.9551718005153885,0.13995029991095403,0.34755944819207607,1.3096524851328035,0.6012417977656093,0.4035272436239955,0.6170207259623381,0.6160539051031437,hjorth_mobility,hjorth_complexity,1.8575038280674576,0.7005362470683631,-35.70823669433594,-98.6328125,22.4609375,-36.1328125,176.87496016151272,13.299434580519305,1716,eeg_baseline_level_2.csv,10,AF8,100.00390625,110.0
7550.421184750492,1078.6315978214989,1812.681609706023,591.955092445654,1013.7426511028405,1215.8661162907504,151.9832645363438,364.07297469093976,43.790016310819254,92.0808900265244,129.42937919415337,16.17867239926917,33.10726617868923,7.435645476585857,14.012429079573035,84.48368592056232,2.223254892646377,3.583875814063865,1.1007903079091137,2.1729223122430854,218.74756161092967,2.4857677455787464,52.36524645747264,0.5759744950881097,1.6006447480740718,1.6754167912141176,0.4966304588296388,0.0866783225556232,0.07513285097978445,0.17554534923277185,hjorth_mobility,hjorth_complexity,1.7778965211502809,0.6464740529079893,-46.90723419189453,-299.8046875,125.48828125,-38.330078125,4509.299047604145,67.15131456348524,1716,eeg_baseline_level_2.csv,10,TP9,100.00390625,110.0
6739.731339159426,962.8187627370609,1555.3511828496862,571.9165603931319,861.2423271437716,1103.0760216056347,137.88450270070433,328.48685564637316,34.25319060021821,85.0675254962149,114.26040432308525,14.282550540385657,33.13545429986104,4.973662514594592,11.3589063305491,63.040744006008445,1.658966947526538,3.3364801744192016,0.9913156656868899,1.5618601146511102,85.16640845503335,0.9678000960799245,2.176271359762785,0.35133880574086834,0.9137462749751539,1.7007497881972817,0.5094659184817117,0.08617281483131266,0.0649509528607297,0.09322144883350414,hjorth_mobility,hjorth_complexity,1.4550446653195086,0.49043303829254153,-38.945770263671875,-297.36328125,101.5625,-32.2265625,3998.5501853516325,63.23409037340248,1716,eeg_baseline_level_2.csv,10,TP10,100.00390625,110.0
167.70698676897953,23.958140966997075,34.35916365200884,9.425647487711094,23.04490518779268,82.32314649410962,10.290393311763703,18.19000675898454,4.062374135649702,9.642732270824341,20.83568868068236,2.604461085085295,4.8886633576413425,1.019065813999903,2.191562519494214,94.34875183229937,2.4828618903236674,5.143001554725195,1.1607109188622917,2.2297182634308728,111.63419263391677,1.2685703708399634,3.36217960344604,0.2899727739730538,1.1241479166799286,1.0060233934871652,0.62349950799102,0.21592058763342004,0.9919679126247708,1.3144240230014947,hjorth_mobility,hjorth_complexity,2.790678370263252,0.7964420735307075,-36.97242736816406,-99.12109375,29.296875,-37.109375,238.3061333966907,15.437167272420504,1716,eeg_baseline_level_2.csv,11,AF7,110.00390625,120.0
136.68078256534343,19.52582608076335,26.2591179326876,8.08766541361904,21.93264268867855,61.27903007140566,7.659878758925707,16.11481430231651,3.5572878586872534,6.319966698775078,19.743242998355562,2.4679053747944453,5.657931605424364,1.3940163821690394,1.61227337008971,35.29223156067573,0.9287429358072561,2.039647693548666,0.3716758963868076,0.8120265702471663,32.3597006941935,0.36772387152492614,1.087280223424643,0.09499951467433261,0.33552955919478666,1.234465251680584,0.7312028274792598,0.3095707541442885,0.6792017730381817,0.7195409925472884,hjorth_mobility,hjorth_complexity,2.060944723522465,0.703555513057572,-36.475372314453125,-115.72265625,20.5078125,-36.1328125,170.67734093870968,13.064353827828977,1716,eeg_baseline_level_2.csv,11,AF8,110.00390625,120.0
7577.355910623385,1082.4794158033408,1972.8577019022187,320.89773597521827,905.2617314852299,1219.842143390167,152.48026792377087,424.939766493078,38.767456949076774,87.41469000781953,92.36352824462959,11.545441030578699,25.019794069198362,4.021587765846337,8.750111042206488,82.2586692516983,2.164701822413113,3.568343296503525,1.0170202038670497,2.106165461685812,213.13439745943856,2.421981789311802,56.21821905664027,0.5269939589331867,1.4627276655719128,1.6453264395131353,0.4983893943922689,0.06459913012208784,0.07336790718310099,0.16926406652027798,hjorth_mobility,hjorth_complexity,1.5833008820194043,0.6585059144130349,-41.03069305419922,-293.45703125,170.41015625,-34.66796875,3810.972400206083,61.73307379522004,1716,eeg_baseline_level_2.csv,11,TP9,110.00390625,120.0
6039.96281713857,862.8518310197958,1582.723027961917,217.08129715838223,832.756166964675,1148.632228827988,143.5790286034985,293.9063882018725,32.889347721261544,110.87420599725888,62.52756163002527,7.8159452037531585,23.950229925937744,1.4075977228867602,6.002249325044908,52.86835042186655,1.391272379522804,2.857773785157741,0.6542427459495017,1.3964771899936514,78.49673535987071,0.8920083563621671,2.2372944481920443,0.22965378136496042,0.8341784484258686,1.6290148161427058,0.5687192902961031,0.054840478128461115,0.06050039924360151,0.0942073865333485,hjorth_mobility,hjorth_complexity,1.5479198567228813,0.5430238613092755,-36.425209045410156,-269.53125,83.49609375,-29.78515625,3047.658409595897,55.20560125200972,1716,eeg_baseline_level_2.csv,11,TP10,110.00390625,120.0
191.41929073261278,27.345612961801827,39.8836422291724,18.549578977592798,27.758061396958652,75.92945544096449,9.491181930120561,17.429118248435717,2.7962619390074153,9.143962603157997,15.87373953480968,1.98421744185121,2.7612267770924994,1.3584648021743546,1.8980707897044764,62.12363137061598,1.6348324044898943,6.3755171062516744,0.5570981177109191,1.459200301744497,89.97804208617178,1.0224777509792249,3.185234090806055,0.32218478544631524,0.8924158670925708,1.1638725667423757,0.6170560487305412,0.18814201611820466,0.7487104076305283,1.1777978407018233,hjorth_mobility,hjorth_complexity,2.9852740093941286,0.8181768142190395,-36.18316650390625,-83.984375,46.38671875,-36.62109375,218.0496952496469,14.766505857840809,1716,eeg_baseline_level_3.csv,0,AF7,0.00390625,10.0
270.55351020262,38.65050145751714,60.77937433836977,8.38554947864141,46.48716310900417,63.834818435460164,7.9793523044325205,14.378343491143093,1.133671558234962,8.458342412299261,21.27608860240058,2.6595110753000726,5.0765349389148025,0.7077209614537945,2.625358210582276,28.669756967059975,0.7544672886068414,1.9901872634305167,0.30589742592415436,0.656449548873419,37.72316788767504,0.4286723623599436,1.2808415417863694,0.07165647262218539,0.3876863629325107,1.4074044875255387,0.5411282264689985,0.23901915333287602,0.4057890524498391,0.57814202840515,hjorth_mobility,hjorth_complexity,2.3041892724360604,0.755498538498509,-36.43760681152344,-123.046875,17.578125,-36.62109375,203.4767063742038,14.264526153160636,1716,eeg_baseline_level_3.csv,0,AF8,0.00390625,10.0
4337.184423978288,619.5977748540411,803.322748889459,439.6366293717581,593.5729432178026,1015.693054883373,126.96163186042162,315.1133132754609,19.473756909181663,103.23188311561506,60.710424240011406,7.588803030001426,16.367538581767693,2.249208610468059,6.941460393535582,106.61432242244754,2.8056400637486196,6.196711564647124,0.7164723486071414,2.4665476970018823,333.0637391468681,3.7848152175780467,115.75955293775486,0.6666576649892771,1.7008466917214162,1.6312824783438566,0.6017709905391655,0.06659874063032996,0.13470297210420215,0.33803722343935527,hjorth_mobility,hjorth_complexity,3.2771674680904432,0.8142833868968091,-40.81878662109375,-362.3046875,101.07421875,-36.62109375,3219.9611864052713,56.744701835548234,1716,eeg_baseline_level_3.csv,0,TP9,0.00390625,10.0
4187.257374518405,598.1796249312008,817.546506907897,427.89836461695955,555.3368186231833,963.7279954577284,120.46599943221605,279.64516065944514,14.208756779972932,103.03535280579663,64.50322398634354,8.062902998292943,12.267127218965179,2.8463366734225377,8.20500327399317,63.81776827764038,1.679414954674747,2.7946629003392136,0.6573097976363704,1.5624434092497492,93.92955031616951,1.0673812535928353,3.484970771375937,0.33417833711113176,0.9086623365403592,1.6776951063082997,0.6164337246065156,0.07629543347948976,0.09385252611316855,0.14514555515047753,hjorth_mobility,hjorth_complexity,2.4722491425945448,0.6654416657498382,-39.74285125732422,-363.76953125,83.984375,-35.888671875,2990.6940541332006,54.68723849430688,1716,eeg_baseline_level_3.csv,0,TP10,0.00390625,10.0
291.44632118940496,41.63518874134356,69.62501601803007,24.496297806587833,33.05159430489405,172.3836771846207,21.547959648077587,40.98056234911978,11.136616304488577,19.987949199067145,44.88787394157574,5.610984242696968,9.343618182283969,3.0800473088241125,5.471514381507671,101.68354349530301,2.6758827235606057,4.912510302191265,0.9937596611757764,2.4457233335503776,137.67514295534033,1.5644902608561402,5.596402196208168,0.2535099264390136,1.367637627057928,1.07657761734055,0.7780829640797652,0.28216252312830925,0.7356186020223378,1.0740395406417338,hjorth_mobility,hjorth_complexity,2.383796579353237,0.7335735848372495,-37.21122741699219,-100.09765625,63.4765625,-38.0859375,385.27404991327785,19.62839906648726,1716,eeg_baseline_level_3.csv,1,AF7,10.00390625,20.0
1153.451924162043,164.77884630886328,286.75557116830396,76.21594748609682,153.46340485215737,251.71044617676944,31.46380577209618,57.05014625150113,14.13470034717194,26.523714867457112,47.69245529305347,5.961556911631684,10.247184742499037,2.981534173335128,5.5569637482059235,48.518869046554975,1.2768123433303942,2.675405857000819,0.7288065548468423,1.155403922499577,45.46480301136377,0.5166454887654974,1.972397769279299,0.17281924285926506,0.4217658412277244,1.581119230716358,0.5991345430522538,0.1646237317160824,0.21587021710300872,0.22558008098307858,hjorth_mobility,hjorth_complexity,1.5258067159125546,0.5774028924773132,-36.107826232910156,-185.546875,89.84375,-36.1328125,837.4264739904902,28.938321893131437,1716,eeg_baseline_level_3.csv,1,AF8,10.00390625,20.0
6508.7388064328425,929.819829490406,1464.6621681559461,453.99222368649885,972.7743194288295,1548.7921328599703,193.59901660749628,525.6730701903239,45.51521443874028,142.0442024145218,122.51295092523617,15.314118865654521,45.43022765654948,4.340336250429666,11.189556455340647,138.52476967442138,3.6453886756426677,7.541024128521053,1.3313519295380638,3.455957085649686,358.18513051095096,4.070285573988079,112.79630214584493,0.8273793695695644,2.0544387308398706,1.605584260213095,0.6246714866338812,0.08422856765181055,0.12097742802031666,0.26573209868113706,hjorth_mobility,hjorth_complexity,1.9149979941743076,0.681553195305416,-38.079071044921875,-301.7578125,134.27734375,-26.3671875,5315.0556510081515,72.90442819889716,1716,eeg_baseline_level_3.csv,1,TP9,10.00390625,20.0
6258.0830014232415,894.0118573461774,1327.5894988085192,495.32034897429435,881.8739634503117,1479.8696014888267,184.98370018610333,544.9872745307741,37.54298907904676,123.92496596838548,97.33964540417283,12.167455675521603,37.46834654221082,4.409491948759853,8.187228844245013,95.30928842512616,2.508139169082267,4.887289700080185,0.845554377383873,2.4384307616000394,162.20750961216,1.8432671546836366,4.4133585672604765,0.5921043258338359,1.7791078522594592,1.6434961916775672,0.6268137724849249,0.07398712836782803,0.09296606335909927,0.16406210765682466,hjorth_mobility,hjorth_complexity,1.5833008820194043,0.567274811585412,-38.24119567871094,-292.96875,104.00390625,-26.3671875,4899.7593273816165,69.9982808887591,1716,eeg_baseline_level_3.csv,1,TP10,10.00390625,20.0
342.7935972307688,48.97051389010983,61.84822409674852,33.12081944542417,51.589715311708794,87.88392247275874,10.985490309094843,28.487838290591622,2.0934100142527874,8.736372848904203,20.1777946289139,2.5222243286142376,4.660415037636516,1.4374199856388266,1.978510656777959,100.91865443258307,2.655754064015344,5.251699383231421,1.1409414023913744,2.467256035325488,94.7924972084825,1.0771874682782103,2.7842484345934677,0.2479065449001956,0.9338550719551428,1.3313696843750373,0.5111244231292077,0.1656798850763122,0.8250243537536481,0.8886357462324224,hjorth_mobility,hjorth_complexity,2.299766644273995,0.7453622312117343,-36.333656311035156,-93.26171875,60.546875,-37.109375,325.67138518061256,18.046367645058453,1716,eeg_baseline_level_3.csv,2,AF7,20.00390625,30.0
1067.2358023736574,152.46225748195107,331.8347188730466,50.77487995712452,132.81195825574432,194.5900436929986,24.323755461624824,68.23450227863593,5.780884275803174,19.889724563570304,44.08608027892208,5.51076003486526,7.3962266268511865,4.177559463632287,5.519085853337634,68.35496947300454,1.7988149861316984,4.65301293361396,0.5489192589816354,1.3928075524986006,59.36036237264303,0.6745495724163981,1.3634975083700165,0.21961249362527327,0.6554250347928928,1.4938315567061253,0.5022490368256926,0.16409990729358903,0.299866628061563,0.30222805891310345,hjorth_mobility,hjorth_complexity,1.5744556256952738,0.616705706498742,-35.77613830566406,-182.12890625,73.2421875,-35.15625,705.0724721921142,26.553200789963423,1716,eeg_baseline_level_3.csv,2,AF8,20.00390625,30.0
10712.359238456402,1530.3370340652002,2127.941240614449,800.0827368345758,1596.858361124198,1550.0333649922059,193.75417062402573,547.8555415184301,28.44854931654247,130.62475729299936,108.5310601803002,13.566382522537525,31.306120377513725,5.158603490264283,10.040938479099077,142.9125052026768,3.7608554000704424,8.727440974748134,1.6187338927492223,3.638928610913442,436.0401329943593,4.955001511299537,135.23288974632945,1.1227720363222697,2.523856096433523,1.6972805998611011,0.4423624368309952,0.054138553306529134,0.08614808475084056,0.22106597334553868,hjorth_mobility,hjorth_complexity,1.309097935971351,0.7599946622771,-31.06250762939453,-535.64453125,389.6484375,-33.203125,9673.917437285127,98.35607473504179,1716,eeg_baseline_level_3.csv,2,TP9,20.00390625,30.0
10000.453908456788,1428.636272636684,1927.1151857207342,745.5849637034127,1495.9651176705684,1432.368836930593,179.04610461632413,482.1304669274889,21.00064914921463,125.56806741870346,78.56619719338886,9.820774649173607,24.653710955872754,3.4010588255012393,8.168129699663341,92.87301221663148,2.4440266372797756,5.669966550055986,0.8769244318433177,2.394353027183207,175.07779927447808,1.9895204463008873,3.5790145694978954,0.6096695533557824,1.9670144316743259,1.731316623496425,0.4535830558297439,0.04532631275750403,0.06499094039215915,0.1258619513360647,hjorth_mobility,hjorth_complexity,1.2471811417024359,0.652294369045807,-34.23938751220703,-534.1796875,195.3125,-34.66796875,6161.578440187439,78.49572243241946,1716,eeg_baseline_level_3.csv,2,TP10,20.00390625,30.0
215.2577127997609,30.75110182853727,40.55915233258353,8.663438995596787,34.095805677840296,106.28751447069831,13.285939308837289,28.695472133896843,4.0483723789750075,11.47492545040916,33.42649730410412,4.178312163013015,6.517870498080551,1.529563893644904,4.162259165535233,109.37441470105912,2.878274071080503,6.432107512525657,1.109537368795098,2.506990057998748,132.89122820877606,1.510127593281546,4.42497406525498,0.3260814011748741,1.3841280449770395,1.022153366463397,0.6372450942424883,0.2665880724685551,0.9333462909446404,1.26533729047103,hjorth_mobility,hjorth_complexity,2.5651243339979177,0.7777050546136348,-38.71135711669922,-106.93359375,58.10546875,-39.0625,323.1254464117228,17.975690429347154,1716,eeg_baseline_level_3.csv,3,AF7,30.00390625,40.0
1049.7509617148492,149.96442310212132,241.439163361192,51.82530406266569,139.2958516766795,188.50558224903656,23.56319778112957,68.4526184539893,7.3263770698926045,21.60636153487786,32.79590256858681,4.099487821073351,5.45674770669018,2.2992649944131225,4.1210304062284955,48.28864835041028,1.2707539039581652,3.2523174671697155,0.4605573574000159,1.0486050695675821,37.133244989172454,0.4219686930587779,1.179094771786859,0.12359846328735112,0.38604370672832583,1.59312165498964,0.5145389686370871,0.13551438226019416,0.23683889605839786,0.21134984143763122,hjorth_mobility,hjorth_complexity,1.494848318778097,0.5818142494022194,-38.25206756591797,-141.11328125,91.796875,-39.55078125,670.1294943559333,25.886859491949448,1716,eeg_baseline_level_3.csv,3,AF8,30.00390625,40.0
6051.073185314504,864.4390264735006,1202.644912881643,351.3473565958099,921.2653051922932,1366.484285474714,170.81053568433924,391.25524139491057,33.20787178663586,136.60622786702172,146.34485166758904,18.29310645844863,39.96920706015569,6.40515442853133,12.12663942127946,172.21812914718498,4.532056030189079,8.216700686384222,1.941422265868274,4.2193090741897565,426.5159084308483,4.8467716867141855,139.76839736139084,1.1341119356965847,2.3289006298172925,1.612680397426953,0.598930762619598,0.10346392890448365,0.15493439565126135,0.3236568689618507,hjorth_mobility,hjorth_complexity,2.529743308701395,0.7495026188388975,-39.81170654296875,-307.12890625,102.5390625,-28.80859375,4053.6246239207685,63.66808167300762,1716,eeg_baseline_level_3.csv,3,TP9,30.00390625,40.0
6042.473872347219,863.2105531924599,1228.2502411340604,324.04862321538,980.5547887416097,1361.328325014722,170.16604062684024,366.9071767013681,36.82638605808452,139.3661068121768,131.06522650548558,16.383153313185698,38.7433064112728,6.563857957391281,9.676458123965368,113.83779082849742,2.995731337592037,6.605253700932742,0.7425922246400325,2.8360548272538963,134.6561653419525,1.530183697067642,3.420323281395494,0.6479267411941769,1.4475885846943441,1.6494880795603888,0.6219718095851194,0.09849372273118108,0.11226459907830574,0.1450728355883682,hjorth_mobility,hjorth_complexity,1.7734738929882155,0.5734395347178484,-38.553428649902344,-309.5703125,113.28125,-28.80859375,3857.696089798992,62.11035412714205,1716,eeg_baseline_level_3.csv,3,TP10,30.00390625,40.0
22007.432099983504,3143.918871426215,8056.95171079865,415.3324710908691,2055.3812978954684,468.3252755242191,58.540659440527385,199.51563280623589,4.5169670198355085,29.70374430319915,59.833856091382984,7.479232011422873,12.106876395992733,3.233110581557054,6.914710678029041,235.17067899194944,6.188702078735512,16.047647475223307,1.8499510103627246,5.4130055134269295,600.9969579827584,6.82951088616771,21.969112745838434,1.2437157761797966,6.518903400308818,1.5247673602517144,0.10549945998306211,0.019684710031861577,0.07870875457416476,0.19882774897719394,hjorth_mobility,hjorth_complexity,2.5385885650255253,0.8318411741047239,-20.81298828125,-193.359375,970.703125,-39.306640625,15609.358809888363,124.93741957431473,1716,eeg_baseline_level_3.csv,4,AF7,40.00390625,50.0
839.8555954854721,119.97937078363887,213.44833260565014,71.80412549679485,104.77225657368678,309.08299526077826,38.63537440759728,102.87556446502485,15.120507670068084,25.21286447966351,78.45709579337714,9.807136974172142,20.54575781103145,4.398785073916311,7.950862239242284,125.79484986710148,3.3103907859763546,8.982129873866997,1.0000478502397512,2.796141771015465,255.35586548214286,2.901771198660714,7.067622649500873,0.9169144548890391,2.7361590364432926,1.2747426533715474,0.6466078530450505,0.23139799248035162,0.4550462569877959,0.9460738916608921,hjorth_mobility,hjorth_complexity,2.259962990815407,0.7948434563666976,-35.36567687988281,-179.19921875,187.5,-36.1328125,938.8915319868829,30.641336981060128,1716,eeg_baseline_level_3.csv,4,AF8,40.00390625,50.0
8699.561187978654,1242.794455425522,2306.7622603286995,321.93005233319667,970.3216339494593,1038.9424258738547,129.86780323423184,357.94098142968676,17.199457120898213,104.48483627920189,116.05034834154188,14.506293542692735,22.56292258001766,8.319054862932727,13.617926579590787,207.16331897668178,5.4516662888600464,12.55478661256383,0.9453009179523606,4.904255517890859,511.3500882115561,5.810796456949501,125.76555306141242,1.6895262328774008,3.5894336169828382,1.5574646105685543,0.37871217527147505,0.0679016791691947,0.13824036011602941,0.30962610051820616,hjorth_mobility,hjorth_complexity,2.1847783120602955,0.8031364886872199,-36.121368408203125,-344.7265625,458.0078125,-39.0625,6948.500554426573,83.35766644062544,1716,eeg_baseline_level_3.csv,4,TP9,40.00390625,50.0
3547.9238354264753,506.8462622037822,874.3609153831529,175.36118071264406,498.5405899568875,658.4545515289376,82.3068189411172,205.55938623338133,16.66330704753115,71.0604353044422,82.98998806537162,10.373748508171452,17.163550052665652,4.4887226359875365,9.937596175389064,163.79784666703827,4.310469649132586,9.029930249355182,1.5245803420214974,4.051269058134737,326.119268801257,3.705900781832466,9.856091390797072,1.060862688184014,3.482704237181757,1.548027777435891,0.5022259043816389,0.10093334339307042,0.22816663897960524,0.46145378145467986,hjorth_mobility,hjorth_complexity,2.2643856189774723,0.7731428459213437,-26.02405548095703,-330.56640625,270.99609375,-28.80859375,2925.249075597094,54.08557178765049,1716,eeg_baseline_level_3.csv,4,TP10,40.00390625,50.0
27338.177410943394,3905.453915849056,11838.90948985814,783.952332780184,1767.7627539448856,1754.2580521679247,219.2822565209906,333.5253193470596,114.964213355886,239.73242631963706,352.59943539251645,44.07492942406456,60.86301586987031,30.77747179264867,40.05663706722888,442.01448779012094,11.631960205003182,32.977820382904866,3.3464573108009454,7.780573171812099,814.1743182597507,9.25198088931535,24.48256487551835,2.087182641789911,8.48934421829307,1.4156824529311591,0.27239944279170814,0.07297871986081571,0.1077101812663221,0.20651834169495437,hjorth_mobility,hjorth_complexity,1.0746986433818861,0.6975162439889343,-29.622268676757812,-366.69921875,979.98046875,-78.125,28521.15362053155,168.88207015705234,1716,eeg_baseline_level_3.csv,5,AF7,50.00390625,60.0
5996.985854093315,856.7122648704735,1555.9250067244243,328.50822988203186,761.8289181429892,2137.945150440335,267.2431438050419,446.47721096786194,107.70056986188699,292.11577050847825,203.6365659566875,25.454570744585936,72.66711717224108,7.70620062204563,16.701963206870417,377.255190589269,9.927768173401816,15.635969838459017,2.277353454616975,10.226859808527475,567.6340688652601,6.450387146196138,18.46269102979751,1.2522347969576642,5.38675860868414,1.4279559522501941,0.7752784485908937,0.11978637343742302,0.26685117903774375,0.4208072780547547,hjorth_mobility,hjorth_complexity,1.5611877412090776,0.7068194997805797,-35.13507843017578,-382.32421875,372.55859375,-37.109375,6017.785164258385,77.57438471724016,1716,eeg_baseline_level_3.csv,5,AF8,50.00390625,60.0
34542.75178993265,4934.678827133235,11916.960116981763,1405.1943967822435,3063.246821943832,3662.0143119398203,457.75178899247754,1612.9231315115346,155.7287717231467,232.10269422721115,402.482412545034,50.31030156812925,92.73045600136392,19.011007409943325,39.88189040805497,323.4159158284811,8.510945153381082,36.320188956315434,3.881319643318894,7.355150588386316,971.520524730812,11.040005962850136,149.70827190586144,3.4035049761803813,7.958172017469196,1.5385371874140432,0.3666606784858193,0.06402745342598015,0.06541242822892826,0.18431542254148714,hjorth_mobility,hjorth_complexity,0.8933708887372058,0.7238762207743544,0.05645751953125,-371.58203125,695.80078125,-28.3203125,23978.929759468883,154.85131500723165,1716,eeg_baseline_level_3.csv,5,TP9,50.00390625,60.0
19309.392832583795,2758.4846903691137,5163.23666253338,845.5622758198384,1784.8339642683632,2413.043271395909,301.6304089244886,811.2812799471752,94.58383116468927,221.95783484156678,280.6904981421567,35.086312267769586,54.982853428802756,16.87622576901481,32.77455406103387,362.5981118024794,9.542055573749458,23.622651850804147,3.514510081174084,9.017624879681424,590.6752299286188,6.712218521916123,16.12959074454759,1.3815623845354865,5.856529436125927,1.6144035575589302,0.4248541093242138,0.07685511451734145,0.11839777489631564,0.2013998161800517,hjorth_mobility,hjorth_complexity,1.0791212715439515,0.6612166800880357,-22.487640380859375,-608.88671875,277.34375,-12.6953125,15261.796335107647,123.53864308429021,1716,eeg_baseline_level_3.csv,5,TP10,50.00390625,60.0
263.3425210773547,37.62036015390782,53.76900685543919,30.096343234618733,34.830948023968666,169.5390904745905,21.192386309323812,38.26329625373021,8.143453413102064,15.26966688770857,33.85260880177083,4.231576100221353,7.325231402966525,2.0784826125769715,3.730913987333123,57.22725964204978,1.505980516896047,3.290152325066984,0.7226803022750736,1.4169145409659851,50.52212839706097,0.5741150954211474,1.6752578383513637,0.12147936259042405,0.4901597632476608,1.2263871440690495,0.9068519186333194,0.2812784458933605,0.5751898460168744,0.5859754225615843,hjorth_mobility,hjorth_complexity,1.565610369371143,0.6147731820743083,-45.64018249511719,-127.9296875,31.25,-45.8984375,336.4847843477037,18.343521590678918,1716,eeg_baseline_level_3.csv,6,AF7,60.00390625,70.0
1683.415718155304,240.487959736472,420.5668898099446,112.96726562043717,209.26805340231937,299.2210053565003,37.40262566956254,100.93272580890758,11.637457819492159,24.436053858525288,49.15106416575456,6.14388302071932,12.056896635438553,2.1615656927752642,5.660602454980971,58.99903212791673,1.5526061086293876,3.9426466649217793,0.4194696031192405,1.4410912488351748,36.83628983361824,0.4185942026547527,1.4985903368939524,0.10171120126243406,0.27753563272538173,1.6286419369503726,0.5211882952687271,0.13048119885084097,0.19198487236146702,0.14100051667680666,hjorth_mobility,hjorth_complexity,1.083543899706017,0.49585047847446106,-34.11865234375,-185.05859375,126.46484375,-34.1796875,1150.074414908886,33.91274708585086,1716,eeg_baseline_level_3.csv,6,AF8,60.00390625,70.0
10153.913769092627,1450.5591098703753,2206.558871275845,1072.9782120675166,1231.5080315913065,2565.8995137866887,320.7374392233361,788.9614656768338,56.18415239482643,220.16398572387484,166.58978750248627,20.823723437810784,32.39465747863671,9.905445699172118,20.45301029233633,156.9633657122533,4.130614887164561,8.708614973804208,0.8234746347714935,3.671352123127932,363.30569443530874,4.128473800401236,68.0438808267086,1.0034481168915828,3.06005625317118,1.63503578936856,0.645605383332685,0.07761060250093363,0.09153845538929391,0.1999672439039169,hjorth_mobility,hjorth_complexity,1.3046753078092856,0.6536517781087813,-47.71308898925781,-486.81640625,320.80078125,-48.828125,10076.786215504399,100.38319687828435,1716,eeg_baseline_level_3.csv,6,TP9,60.00390625,70.0
7559.852315662594,1079.9789022375135,1970.2432692809302,785.1086900248036,920.1154120922238,2104.7901599891165,263.09876999863957,828.6654588965139,57.39258071135838,141.36070586228894,135.0430549454277,16.880381868178464,39.84374177824961,5.764597036925408,15.428897642151822,94.29228624143892,2.4813759537220768,5.974999678376897,0.9659397948987437,2.282016031695715,176.12936726148143,2.0014700825168346,5.49449084005445,0.7324989337616239,1.7422430236725743,1.597964411857474,0.6541894607040293,0.08071093947973884,0.07436532407370461,0.14229520034602045,hjorth_mobility,hjorth_complexity,1.4152410118609202,0.585092818185302,-43.04370880126953,-434.5703125,178.22265625,-36.1328125,5676.319884914847,75.3413557411522,1716,eeg_baseline_level_3.csv,6,TP10,60.00390625,70.0
33668.45130346014,4809.778757637163,9110.17466195162,1361.1818524747798,4439.951561878511,3121.9855768875595,390.24819711094494,1002.4155740839449,23.444893899124008,240.5947062029932,1022.2216852216204,127.77771065270255,191.02512705980783,53.00965719374133,131.39277020938945,489.9979488805616,12.894682865277936,78.26962556662914,0.5670820418880489,5.626036224385981,192.9404700754739,2.192505341766749,4.9831924991700705,0.6107170689935406,1.9100532068972425,1.642836194977781,0.323619541188635,0.14517619784292735,0.09229713154552999,0.046909814401006375,hjorth_mobility,hjorth_complexity,1.0039365927888402,0.5849913066236881,-45.63884735107422,-248.046875,969.23828125,-55.6640625,15840.541332690915,125.85921234733243,1716,eeg_baseline_level_3.csv,7,AF7,70.00390625,80.0
86443.12661352624,12349.018087646606,21646.276367775085,2928.894067517241,11325.89662095179,5282.17376918558,660.2717211481975,1649.7089878021259,359.6124910215077,457.7267600279468,2300.7669443987156,287.59586804983945,530.1194085243319,93.77505568866657,267.0309425189084,923.9477386468999,24.31441417491842,71.19297854734835,9.297696628412988,18.082912214731152,709.9689932759966,8.067829469045416,16.26849667138805,2.5737675587502773,6.47691089100536,1.6518975775451041,0.2502407032410042,0.1274955137479007,0.07336436977379884,0.064294468179909,hjorth_mobility,hjorth_complexity,0.9287519140337288,0.4276983956384622,-47.829246520996094,-1000.0,987.79296875,-51.26953125,38865.09981497512,197.14233389856963,1716,eeg_baseline_level_3.csv,7,AF8,70.00390625,80.0
95918.29612131568,13702.613731616526,27791.280004499054,5954.72655496799,11494.941290180974,7141.374594381299,892.6718242976624,2862.3959644594916,47.034706446564115,717.5760543843294,625.9633790857338,78.24542238571672,112.79099617774001,26.57199994979048,93.74104020563792,377.8390169915901,9.943132026094476,42.34808417169367,3.2876242905936977,7.0148728990330245,596.3213051524908,6.776378467641941,62.55525495289625,1.8482141661526397,5.55306229029128,1.6693571568301668,0.27544202405006857,0.03983597389452691,0.030541701621751738,0.05012354796600223,hjorth_mobility,hjorth_complexity,0.49975698231338744,0.5658775993288266,-70.78914642333984,-726.07421875,970.703125,-83.984375,67793.24072846067,260.3713515893419,1716,eeg_baseline_level_3.csv,7,TP9,70.00390625,80.0
27756.509716401644,3965.2156737716637,6256.028138833096,2018.6102616148908,3275.234242878424,3490.060480666725,436.25756008334065,972.54988911113,47.650091444259814,414.5726610518228,311.1411098301649,38.89263872877061,64.76716043162351,18.297325667970888,36.58087819338193,224.74616663277814,5.914372806125741,14.567585045502284,2.1331243073812702,4.828526392657428,385.1291508802203,4.3764676236388675,10.731623173945259,1.627548395743421,3.887277038431794,1.7445890870650889,0.4287394969971744,0.06371573346198335,0.058460863358944036,0.10461556381489712,hjorth_mobility,hjorth_complexity,1.578878253857339,0.5847097272903455,-39.03369903564453,-719.23828125,289.55078125,-37.353515625,14698.14796870196,121.23591864089602,1716,eeg_baseline_level_3.csv,7,TP10,70.00390625,80.0
114.12212147173615,16.30316021024802,21.449876360500394,9.800992673859831,17.775554631032332,58.00529911550175,7.250662389437719,13.244332016721538,2.451702940284845,6.788137451439983,20.618135466318066,2.577266933289758,3.4741095747966013,2.075948711438492,2.4190120845095118,77.03071654370171,2.0271241195710976,3.7141644885300256,1.0318899125859329,1.9554259928087758,86.37438650637526,0.981527119390628,2.7476000529169613,0.15899695200692898,0.8305057554335123,0.9484030980555527,0.5939442958153955,0.2744232894968814,1.0682548674705599,1.3390773129274418,hjorth_mobility,hjorth_complexity,2.392641835677368,0.7640449398601118,-50.74481964111328,-136.23046875,10.25390625,-50.78125,224.19493176130345,14.973140344006111,1716,eeg_baseline_level_3.csv,8,AF7,80.00390625,90.0
20347.56261374345,2906.794659106207,8006.495472722706,687.1623493995049,1654.350828662702,1446.5317695649233,180.8164711956154,317.4829840838827,21.82715243409939,225.98740580553823,137.79592545637604,17.224490682047005,36.189389370929305,8.853434959371603,12.861554884767493,177.97791842897658,4.683629432341489,24.73974239082975,0.8945076635134477,1.9677805363713914,66.1293275500935,0.7514696312510626,2.2101577861811297,0.15549567826819047,0.6198003839170898,1.575604678773459,0.29222511403251633,0.04287264840635891,0.0620318967481088,0.02956042067639878,hjorth_mobility,hjorth_complexity,1.4108183836988548,0.48274434817940254,-105.54180145263672,-1000.0,5.859375,-49.8046875,23313.648970761275,152.68807736939146,1716,eeg_baseline_level_3.csv,8,AF8,80.00390625,90.0
4007.6665974738935,572.5237996391277,857.6218828490911,359.82703201809704,470.4537063406054,1106.3550191254647,138.29437739068308,385.59743675603664,33.656679261539814,102.5270267640696,75.85544545194867,9.481930681493584,24.420270114208037,3.1136771253483766,6.657781309611222,149.41852265262096,3.9320663855952884,10.784505422274243,1.6903280772921119,3.6509424077640276,364.334079504162,4.140159994365477,56.842937670064515,1.1852004175036994,3.133863244729449,1.556042245625315,0.6589270232497819,0.08094752834674018,0.18441040645163587,0.4264294912304798,hjorth_mobility,hjorth_complexity,2.428022860973891,0.767160157471912,-72.88150787353516,-419.43359375,103.515625,-60.05859375,4177.052543636819,64.63012102446365,1716,eeg_baseline_level_3.csv,8,TP9,80.00390625,90.0
3368.721587933588,481.24594113336974,718.5485693838792,228.27756309722145,456.291046151539,1039.3419204961601,129.91774006202002,335.67329491065186,33.55968518995602,90.83671748134952,80.693405146571,10.086675643321374,27.635764422739463,2.646800223968277,8.360057507961162,125.51841561712892,3.303116200450761,7.114502201537765,1.3504529603925388,3.352693551880986,196.79344425859887,2.2362891393022597,5.556060379725173,0.6283689680996222,2.0731972060311623,1.5491557901518875,0.7159497992741162,0.09753373014607357,0.1841411791275979,0.3036878489010999,hjorth_mobility,hjorth_complexity,2.5518564495117215,0.7016290586196666,-41.718101501464844,-325.68359375,125.0,-38.57421875,2901.3539079096518,53.86421732383802,1716,eeg_baseline_level_3.csv,8,TP10,80.00390625,90.0
119.42432535173249,17.060617907390355,23.068956053121962,12.392016696817505,16.931309242728066,51.42900065677432,6.42862508209679,14.02415591400264,3.2635644345590684,5.464138356499315,22.016324141905994,2.752040517738249,4.224875816173385,1.74111402651258,2.5384329277349402,78.42130315217061,2.06371850400449,4.039219189702468,0.8958753975510658,1.87540725806374,129.3497852067532,1.4698839228040137,4.059082466065135,0.34291288171416817,1.3268148027140219,0.8919432153083491,0.492269725174036,0.25755195160820377,0.9653779004916108,1.675786057395476,hjorth_mobility,hjorth_complexity,2.9941192657182594,0.8384907443475097,-42.897796630859375,-98.6328125,28.3203125,-42.48046875,231.93396104034036,15.229378222381253,1716,eeg_baseline_level_3.csv,9,AF7,90.00390625,100.0
417.2154201098525,59.602202872836074,177.5167147366875,15.979435637529415,48.60297376631485,129.80627804198576,16.22578475524822,30.290526942054385,4.8798722669033054,15.920661541616306,34.94588443257733,4.368235554072166,7.778550316611469,1.6108228771207347,4.2287735524554995,66.70064799160843,1.7552802103054852,3.1569063502269956,0.7814998903808905,1.78372524271043,71.5086014598873,0.8125977438623557,1.9272965843535188,0.20831626924702934,0.7080400217710372,1.2336622535332968,0.6299000322208379,0.2325375823496429,0.5301408562682216,0.6364664150751996,hjorth_mobility,hjorth_complexity,2.1228615177913803,0.729612652007024,-40.984535217285156,-140.13671875,124.51171875,-41.748046875,562.3818022650084,23.714590493301976,1716,eeg_baseline_level_3.csv,9,AF8,90.00390625,100.0
2562.0171131419766,366.0024447345681,549.3538438171919,142.2078685062831,412.50562838497177,816.2879225485757,102.03599031857196,210.7534134497065,23.610373460758908,80.76464928556723,74.58965038110212,9.323706297637765,15.918777919638687,3.8659883354642273,8.401723659411111,136.72437711169596,3.5980099239919987,7.574869025708602,1.4672729911522093,2.9376449777442577,290.66545607794603,3.3030165463402956,48.93244669530654,0.8462714201055304,2.377359246855855,1.4897747940298687,0.704844446036716,0.11174027581718714,0.23849180724182287,0.4863324894477939,hjorth_mobility,hjorth_complexity,2.7287615759943367,0.7739348905106512,-47.70622253417969,-346.19140625,91.30859375,-42.96875,2617.3989461676683,51.160521363329245,1716,eeg_baseline_level_3.csv,9,TP9,90.00390625,100.0
2646.8934864431467,378.12764092044955,614.8720961182648,98.04075604931573,423.1838509285137,750.8233312116737,93.85291640145921,214.95429996886568,23.270355653640983,69.69073259003926,69.7803547461059,8.722544343263237,15.818035354908956,3.813439361529335,7.132936718582899,106.91054961023605,2.8134355160588433,5.713895609879307,1.4030554465386833,2.7023046508711905,150.8570719934636,1.7142849090166317,4.089653169373756,0.6218143726958346,1.548298179830638,1.5275481833910685,0.6833602797811916,0.10975356693182123,0.20191545439645334,0.3038158825895878,hjorth_mobility,hjorth_complexity,2.3041892724360604,0.6763957253046952,-42.489051818847656,-310.546875,123.53515625,-39.55078125,2433.9053974472336,49.3346267589736,1716,eeg_baseline_level_3.csv,9,TP10,90.00390625,100.0
106.66514627777285,15.237878039681835,20.048509380046326,10.533132103172521,13.886215293303746,50.113569378290094,6.264196172286262,8.851115647739622,4.686138352835707,5.79588129193456,19.635346710920366,2.454418338865046,3.3770524341349017,1.6785534458991989,2.4394752758085056,93.72404377708665,2.466422204660175,7.8756176585422235,0.5294160941937094,2.202984322957136,135.68172245812,1.541837755205909,3.923407204675895,0.4473026710045283,1.396192823435002,0.819559420536936,0.4874200300765066,0.23328612500402401,1.092540472932075,1.7323818400306048,hjorth_mobility,hjorth_complexity,2.905666702476952,0.8435298185045784,-41.15123748779297,-96.6796875,13.18359375,-41.015625,222.031169651018,14.900710374039823,1716,eeg_baseline_level_3.csv,10,AF7,100.00390625,110.0
247.85954018828951,35.408505741184214,59.43889540442457,10.575286045873238,38.6907153969267,48.49851289741132,6.062314112176415,13.597207105199034,2.2185924364026515,4.534393556320044,13.951340631172727,1.7439175788965908,2.356314107760433,1.0890739790696558,1.767070710702419,53.97896211681958,1.4204990030741995,2.731700764724792,0.5095819140715881,1.3908181699293003,69.943759215036,0.7948154456254091,2.2040782306064473,0.2910902299926196,0.7198376224085227,1.3336104793137256,0.44069005148438267,0.17009140324344563,0.6756264327618294,0.9619117321711224,hjorth_mobility,hjorth_complexity,2.405909720163564,0.800713855730053,-37.11376190185547,-124.51171875,12.6953125,-35.64453125,237.81441090250155,15.421232470282703,1716,eeg_baseline_level_3.csv,10,AF8,100.00390625,110.0
4686.274021028648,669.467717289807,1331.2547756815563,248.5209262071419,590.5983015336378,626.209710220962,78.27621377762026,163.93086179334597,17.012319814306316,63.92931702039702,51.78674210993846,6.473342763742307,13.455524991985056,3.251188377150529,5.812616641840086,111.21692738927608,2.9267612470862128,4.987977001693769,1.4586509225773523,2.905401569858818,284.5882776304029,3.2339577003454876,36.34388136836326,0.5285817716678416,2.506852686844299,1.6005187957993752,0.4418778843736866,0.05925912636807087,0.1436747210279107,0.3490799029671722,hjorth_mobility,hjorth_complexity,2.4324454891359566,0.7771604348502026,-45.90950012207031,-321.77734375,118.65234375,-38.57421875,3346.7211468087044,57.85085260226252,1716,eeg_baseline_level_3.csv,10,TP9,100.00390625,110.0
4635.156666906447,662.1652381294924,1327.9406399098252,248.50904986169988,578.4279269024005,591.7084201999505,73.96355252499382,151.55612905501877,18.023671440192103,59.93636429947353,60.07776507071941,7.509720633839926,13.812727150537166,3.746237052157632,7.042241675238483,89.2026975755412,2.347439409882663,5.671716651928997,1.1485693885825532,2.0278903839972022,140.5237845608762,1.5968611881917751,4.646959642383426,0.6839459209335662,1.4005758376769082,1.621233670579546,0.4394304271824867,0.07011610220163715,0.12285591505580769,0.20314700162747262,hjorth_mobility,hjorth_complexity,2.0344089545500728,0.6935696559026074,-43.695068359375,-326.171875,102.5390625,-35.15625,3322.5256577134132,57.641353711666184,1716,eeg_baseline_level_3.csv,10,TP10,100.00390625,110.0
101.66235768861554,14.523193955516506,28.52734587271192,7.6431197845950685,13.7998398813754,35.000001121803535,4.375000140225442,8.177326223508052,2.2027336994156377,3.859728398319575,19.728131208977388,2.4660164011221735,3.985762906868872,1.6838007909245174,2.158843499022755,83.64705156993975,2.201238199208941,4.39161527002478,0.9056195007369019,2.159871434404092,89.0426971828318,1.0118488316230887,2.140809696196632,0.27840449739150586,0.846611540493768,0.8906068185564558,0.42710777413321455,0.27451403229440763,1.1860389903812443,1.4458180204854243,hjorth_mobility,hjorth_complexity,2.834904651883906,0.7887374972497732,-40.40069580078125,-89.35546875,12.20703125,-40.52734375,179.13428833708167,13.38410581014218,1716,eeg_baseline_level_3.csv,11,AF7,110.00390625,120.0
34754.11156491385,4964.873080701979,8041.817491921272,2272.9326283913497,4413.962038805497,2612.5346905403103,326.5668363175388,965.4104840032952,7.5989943245185145,252.1403989069725,444.99144078557777,55.62393009819722,94.43093781449473,4.177521969522399,67.1331441130374,371.22921821491525,9.769189953024085,54.99962609812684,1.4580595999951027,5.137036528049295,90.66842475895032,1.0303230086244355,3.4609453574114357,0.2627611364758283,0.8269070134399684,1.7706206241828002,0.30118823174010156,0.07239454900097109,0.07471446350379178,0.024305317182660265,hjorth_mobility,hjorth_complexity,2.18035568389823,0.5400766795798135,-36.07654571533203,-999.51171875,879.8828125,-36.1328125,15792.783815959407,125.66934318265297,1716,eeg_baseline_level_3.csv,11,AF8,110.00390625,120.0
19452.15934838544,2778.879906912206,8926.311536621615,199.65642929730518,1887.5492230256573,1285.2718821389249,160.6589852673656,395.50158797333205,23.218188545936673,127.99928008243825,94.74801808077527,11.843502260096908,24.118774562649687,6.783143369836164,8.870703950876521,192.36381014198184,5.062205530052154,10.005637872111853,2.8590850712292664,4.787193703001881,358.65659356086235,4.075643108646163,50.689903321750975,0.9756061330751893,3.1748058315159575,1.4336205632346228,0.2752703274746044,0.03243035624010271,0.07404121808919227,0.13633242583744906,hjorth_mobility,hjorth_complexity,1.1675738347852591,0.7109895897690465,-23.750686645507812,-411.1328125,562.5,-33.69140625,14119.517878716579,118.82557754421637,1716,eeg_baseline_level_3.csv,11,TP9,110.00390625,120.0
7396.389372536834,1056.6270532195479,1405.677734395565,516.0852169335938,1035.1728316003328,1186.2448663969433,148.2806082996179,339.5789060926371,29.292503963015754,110.64391337269436,48.93114075539115,6.1163925944238935,10.718152881965487,3.321697369846367,5.3435681878354835,132.31245535215686,3.4819067197936016,5.468760720812678,1.3631076075223365,3.5934591774258346,223.8272352029832,2.543491309124809,6.04773203300815,0.6198925912745467,2.4084917334012,1.7056848096892578,0.49252430319303264,0.03846639596051774,0.11229560267085305,0.19721477866526219,hjorth_mobility,hjorth_complexity,1.2914074233230897,0.6803363016813996,-28.195762634277344,-513.18359375,324.21875,-23.92578125,4980.299848502909,70.57123952789061,1716,eeg_baseline_level_3.csv,11,TP10,110.00390625,120.0
749.0468241121678,107.00668915888112,180.92796150313802,36.85417436522586,104.61772015282543,147.0105682671378,18.376321033392227,58.402903459582326,4.916343984647213,12.897934460668795,37.50911154809228,4.688638943511535,9.594661106730186,1.6671055336841099,4.4463241461062255,58.29477458972143,1.534073015518985,2.7250560913429944,0.6031446163428088,1.5089012113336395,97.99606523537595,1.1135916504019994,3.3905636756578432,0.28098269788941266,1.0035980769519355,1.4926539738358675,0.4973589353518363,0.17733739463447631,0.33676533892168214,0.5885810126307801,hjorth_mobility,hjorth_complexity,1.8751943407157192,0.7135906707511804,-38.52062225341797,-104.4921875,95.21484375,-41.50390625,544.9857707935735,23.344930301750175,1716,eeg_baseline_level_4.csv,0,AF7,0.00390625,10.0
2815.867279252815,402.2667541789736,879.2191418775612,126.05423012907343,277.8137518253343,224.98380742117192,28.12297592764649,48.671407660170026,12.544162355311268,26.587914066894726,29.717370881183747,3.7146713601479684,6.877538290727858,1.7939183243006036,3.575869506464377,33.362426644859525,0.8779585959173559,2.0472782760438792,0.36750728765003154,0.8039784956770345,30.615656807669254,0.3479051909962415,0.676346673296522,0.1290040472792581,0.3254283445911988,1.6659084177359331,0.32641836900859833,0.06152303477520871,0.08431842098544748,0.08640508198846114,hjorth_mobility,hjorth_complexity,1.154305950299063,0.4929914262788631,-36.951446533203125,-199.70703125,126.46484375,-38.57421875,1450.4127384861931,38.08428466554404,1716,eeg_baseline_level_4.csv,0,AF8,0.00390625,10.0
8070.820713709757,1152.9743876728223,1768.5451718711147,498.96055465512484,1064.959446515959,2179.49374021419,272.43671752677375,670.0980747186685,89.30777107336354,225.78083507022006,178.6197916252513,22.327473953156414,45.48206711157596,10.079798687975252,17.20002152388857,145.64522404470506,3.8327690538080277,9.109716571392331,1.8153235919074637,3.5413017477650692,417.44800323257186,4.743727309461044,136.8585306848832,0.9503681185672908,2.2458514436416523,1.5916708640780408,0.6769714399826245,0.09724877600867213,0.10276587677819338,0.24554070736342376,hjorth_mobility,hjorth_complexity,1.9149979941743076,0.6809153936743747,-39.057159423828125,-350.09765625,217.28515625,-30.76171875,5722.220586030744,75.64536063785236,1716,eeg_baseline_level_4.csv,0,TP9,0.00390625,10.0
8698.71572812753,1242.67367544679,1848.4979865889961,562.3136160120453,1147.4378875363373,2239.3937675528823,279.9242209441103,824.5247994271094,78.00092072229407,187.18313444243157,131.69063225431904,16.46132903178988,41.910973641981805,4.987602475664932,14.603095066097243,75.68363609854296,1.9916746341721832,3.8810693048883684,1.034088351025006,1.8566121211504623,139.41652911495729,1.5842787399426965,3.408210239155698,0.5544674007947284,1.4921371741187528,1.6349252659292532,0.6651493771931396,0.07254894695667924,0.056902878952118915,0.1071941747303464,hjorth_mobility,hjorth_complexity,1.2471811417024359,0.4972272135882689,-37.7716064453125,-355.46875,184.08203125,-30.2734375,5756.839839741588,75.87384160395193,1716,eeg_baseline_level_4.csv,0,TP10,0.00390625,10.0
25601.45521793551,3657.350745419358,9245.744463641906,487.630522397165,1806.4777296942852,961.0923946684552,120.1365493335569,305.17761266263886,40.17813675930004,64.57913570986682,467.1483032697681,58.393537908721015,86.79877231838796,40.0095791855849,58.98995296621345,418.35147124680304,11.009249243336923,40.39963786215133,1.9352229447456355,6.288146883082593,264.606794267757,3.0068953894063295,10.218760668919368,0.4547565595671769,2.5261603515396174,1.4209446278005624,0.17117105747621136,0.09868052106683338,0.10873192428511716,0.0810295125543818,hjorth_mobility,hjorth_complexity,1.6142592791538621,0.5663522037391934,-29.587364196777344,-535.64453125,782.2265625,-47.119140625,17574.54098518792,132.56900461717257,1716,eeg_baseline_level_4.csv,1,AF7,10.00390625,20.0
87148.7849622822,12449.82642318317,30264.817126348815,573.3134973290537,10285.678439503763,3091.7910413769946,386.4738801721243,664.209820307288,88.13041783851959,419.36603004213555,473.94742965360876,59.243428706701096,91.47941443948663,36.369185906189365,52.43328679804398,482.92691539489715,12.708603036707819,64.19575442238764,0.7350185230832118,7.676318444807508,165.2409594035742,1.877738175040616,5.674041857281867,0.49243022908389555,1.5524231584474064,1.4694422392974285,0.1694706787038988,0.035757034023760056,0.041722579946015054,0.018095122378643934,hjorth_mobility,hjorth_complexity,0.8181862099820945,0.39174367857261977,-41.03126525878906,-1000.0,970.703125,-41.015625,50627.32988721108,225.00517746756648,1716,eeg_baseline_level_4.csv,1,AF8,10.00390625,20.0
55355.393186923495,7907.913312417642,30949.19233761401,1276.1880866810893,1741.8302623217269,2030.322812811124,253.7903516013905,681.0187827309933,41.60073899300657,160.63538034502614,185.95015238498613,23.243769048123266,48.49542183810733,12.660811741740648,15.629717478043228,215.3527452759356,5.667177507261464,12.866414313300567,1.3819616586260646,5.055887224317749,660.1888433440758,7.502145947091771,151.92958719856782,1.075577155487258,4.912302734950938,1.2454486595392784,0.17592304559504413,0.024237682692550694,0.03350529745050164,0.0925667770080148,hjorth_mobility,hjorth_complexity,1.6054140228297313,0.6946770585962108,-19.668197631835938,-404.78515625,968.26171875,-49.560546875,41115.01431310898,202.76837601832534,1716,eeg_baseline_level_4.csv,1,TP9,10.00390625,20.0
8389.138222435367,1198.4483174907668,2103.3646301074696,665.78906362382,1005.62334237222,1502.343534071025,187.79294175887813,449.06339548255085,36.041113032371534,125.69002321940994,147.83060058679018,18.478825073348773,30.64841198188293,9.648307394302982,16.41890545502985,145.07786604500217,3.817838580131636,10.1539825505113,0.8509043481411801,3.2451141698196935,288.48898297205267,3.2782838974096893,7.811879264652974,0.8691225894784361,3.0632273626183295,1.623372086341401,0.5157376764884158,0.0847361929089804,0.10347720691687813,0.21019419135044148,hjorth_mobility,hjorth_complexity,1.2825621669989589,0.631363194073196,-27.47802734375,-363.28125,355.46875,-28.3203125,6276.570484042168,79.22480977599231,1716,eeg_baseline_level_4.csv,1,TP10,10.00390625,20.0
10954.422083204237,1564.9174404577482,2248.577868606194,846.5993971425497,1554.0578253587307,2124.830123556734,265.6037654445918,592.7873867437461,59.40866968579084,194.1014808970006,198.34247479273367,24.79280934909171,55.39281182374886,13.317563352132694,18.601566296025794,486.52341680930533,12.803247810771193,34.44762486040448,2.0664616727636322,7.546250991831762,131.16719438060568,1.4905362997796099,5.050589158341117,0.2819157096721631,1.2356650344707967,1.660284925721976,0.5571554882566154,0.08702090821569183,0.23022248883991817,0.08315908215264567,hjorth_mobility,hjorth_complexity,2.18035568389823,0.6131894523733376,-46.72832489013672,-698.73046875,517.578125,-41.9921875,6896.655634009218,83.04610547165483,1716,eeg_baseline_level_4.csv,2,AF7,20.00390625,30.0
47117.47999949691,6731.068571356701,9748.397399522984,2321.2776862473256,7998.780383082751,24418.933286292122,3052.3666607865152,7172.026165501175,812.7417714820739,2282.1585958791875,1490.0659170710583,186.25823963388228,541.8666193034537,74.50034394120361,138.4041315160806,4389.652695424133,115.51717619537192,465.14990870698665,5.570834544999873,79.03882549282687,743.1324715493957,8.444687176697679,46.76698293494788,0.20978525071005394,4.895370887402654,1.3798371287799756,0.9129020158413396,0.1071311641613943,0.3324347785678343,0.07932974152177483,hjorth_mobility,hjorth_complexity,1.154305950299063,0.33184871288264206,-73.96984100341797,-1000.0,983.3984375,-41.015625,40235.43593993963,200.58772629435637,1716,eeg_baseline_level_4.csv,2,AF8,20.00390625,30.0
58572.68905132357,8367.527007331939,22138.351174699346,1452.466561433282,3132.486510267019,2511.3150286535874,313.91437858169843,1161.939806467139,45.213124098677625,147.6566531480265,699.0419935887884,87.38024919859855,250.13456092075546,11.269274265850257,61.880555860102035,310.11362489963847,8.160884865779959,14.612760337871144,3.5734953252996515,7.65049964699943,621.0268334710115,7.057123107625131,134.17154978271682,1.185981561400371,4.368439014247192,1.418608103022318,0.1820443704043244,0.06453498633689261,0.0410064326157452,0.07780493414625216,hjorth_mobility,hjorth_complexity,1.331211076781678,0.7185437952652761,-53.18946838378906,-486.81640625,971.19140625,-86.181640625,43705.5951145885,209.0588317067435,1716,eeg_baseline_level_4.csv,2,TP9,20.00390625,30.0
7545.844379800897,1077.9777685429851,1986.3504169078099,436.8327936264492,891.3711733913689,1761.9365741793913,220.2420717724239,603.2180302738794,20.0804522882478,140.1828161115359,249.1317444369208,31.1414680546151,72.2501538404012,9.320328676745756,25.361860435294105,138.55660842259388,3.646226537436681,6.41492382600239,1.7812519385016807,3.584119857171185,262.2498345107275,2.980111755803722,8.788695123777636,1.0860155778963771,2.5158010062656135,1.5439562230995223,0.5887067911454611,0.13359412964735207,0.10579539267682636,0.20329908264037358,hjorth_mobility,hjorth_complexity,1.5700329975332084,0.661708667915127,-40.29102325439453,-431.15234375,352.5390625,-53.7109375,7918.240627586783,88.98449655747221,1716,eeg_baseline_level_4.csv,2,TP10,20.00390625,30.0
110.18716946539541,15.741024209342202,20.903571203897215,8.404603213780701,15.54834164099589,42.32612180519203,5.290765225649004,10.181893485234506,2.0520820580855177,5.259982348719735,15.585845005687348,1.9482306257109185,3.1515446720677915,0.8917784580908514,1.9068246763192553,38.71104920623985,1.0187118212168382,1.8101494883069043,0.40286723769253874,0.9444183799391989,46.270547970874745,0.525801681487213,1.244187654135279,0.13241845189680643,0.4967861953325339,1.1512651101337976,0.5988487116597099,0.2819414630344709,0.7971780130008796,1.0589381402064726,hjorth_mobility,hjorth_complexity,2.5253206805393296,0.7665105400848597,-37.16926574707031,-79.58984375,29.78515625,-38.0859375,131.23913537128828,11.455965056305308,1716,eeg_baseline_level_4.csv,3,AF7,30.00390625,40.0
722.5514687998598,103.22163839997997,191.84374268346073,44.87248682535314,70.78856537107352,193.3216675420811,24.165208442760136,43.27238632303196,6.753152682559485,19.24250058403968,30.178977468767833,3.772372183595979,6.430693744937063,1.744607348675119,3.2125584776654694,30.0364279236845,0.7904323137811711,2.2495415643483345,0.2296068143678582,0.5494180854761028,22.100906808387876,0.25114666827713494,0.6403226216320039,0.06285458854131555,0.22825176415171672,1.4874726011511092,0.6675943462237461,0.1594360076272263,0.20001148342248246,0.17376632481295623,hjorth_mobility,hjorth_complexity,1.3798599865643972,0.585855473989904,-37.3748779296875,-159.66796875,13.671875,-35.15625,477.25449316203594,21.84615511164461,1716,eeg_baseline_level_4.csv,3,AF8,30.00390625,40.0
1451.995923857918,207.4279891225597,362.6461702941014,103.87619667596056,172.59173279942735,423.79018883370895,52.97377360421362,107.35161568102615,15.366051544761639,46.931684125495636,76.81335700977412,9.601669626221765,17.51251605828594,3.1764058663350974,8.726533088345185,153.5110618403788,4.039764785273126,8.360157732331928,1.587249207625293,3.6386367199669505,375.2965264794092,4.264733255447831,115.869821175738,0.683864160883083,2.039017835641731,1.3576220661038152,0.6134036007257364,0.16377789989232627,0.381529687561919,0.770463960715252,hjorth_mobility,hjorth_complexity,3.1267981105802205,0.8765047270923949,-47.42240905761719,-261.71875,70.80078125,-47.8515625,1126.7977264651563,33.56780788888599,1716,eeg_baseline_level_4.csv,3,TP9,30.00390625,40.0
1169.2983830416167,167.04262614880238,214.08242527702973,114.48622651184675,174.3492497788677,399.2762968400476,49.90953710500595,90.77122638762816,8.241867630227175,46.929111995952056,63.11012381452708,7.888765476815885,17.171729119100632,4.245554583333621,6.344724636053758,92.21846679754424,2.4268017578301113,6.156651142289228,1.0358842268025752,2.1588036667909516,117.06248991225203,1.3302555671846823,2.6207152336546264,0.48970396898427676,1.1995104276230193,1.4737861010095008,0.7130319603457721,0.17711514231858683,0.31657672170802253,0.43970006856388566,hjorth_mobility,hjorth_complexity,2.6093506156185713,0.7438605629147738,-44.12117004394531,-253.90625,47.8515625,-41.50390625,801.8720835389104,28.317345983317548,1716,eeg_baseline_level_4.csv,3,TP10,30.00390625,40.0
405.46484914737664,57.92354987819666,107.97170109411046,33.127792757778224,52.23413550826387,154.11881878460727,19.26485234807591,35.938818947688375,7.659102556528343,18.38868322426252,23.291298423951847,2.911412302993981,4.775397614505374,1.4123015026470123,3.2746122476385753,39.7019300427345,1.0447876327035395,1.5978015230143938,0.449553121382845,1.0079935605195585,66.83646339070157,0.7595052658034269,1.5810765918045213,0.3063397569964073,0.7440719166519618,1.3778595552925699,0.7495833831442821,0.17544446636195554,0.35862896059677773,0.6307338495849737,hjorth_mobility,hjorth_complexity,2.3882192075153026,0.788688763519884,-34.097862243652344,-113.28125,86.9140625,-37.109375,449.62066309381044,21.204260493915143,1716,eeg_baseline_level_4.csv,4,AF7,40.00390625,50.0
1411.6511731591706,201.66445330845295,414.4653633871346,70.90965413855861,181.69311865755648,251.56399274551995,31.445499093189994,55.445237010130995,8.088157913058486,33.75304849833681,49.30122935476426,6.1626536693455325,9.99725086191776,2.4470045059187497,6.221369127047728,34.7848710936385,0.9153913445694343,3.235292791323726,0.2847205524525388,0.6412121106546664,29.153815552978323,0.3312933585565718,0.6643503966879916,0.09876714592638101,0.3112078539419407,1.593718670844098,0.5355955291175362,0.15048596765647354,0.1398179562966522,0.13577776616078885,hjorth_mobility,hjorth_complexity,1.309097935971351,0.5358278841943476,-39.86186981201172,-185.05859375,60.546875,-36.62109375,974.8699026749819,31.222906698047538,1716,eeg_baseline_level_4.csv,4,AF8,40.00390625,50.0
3806.447343682948,543.7781919547068,1391.8617928849062,182.79048433703653,240.01105539422647,939.1917517152361,117.39896896440452,254.97285278989568,33.558956104864656,67.3172658558085,85.97878394246628,10.747347992808285,21.01985830069786,4.393084826336057,10.380102770319002,119.06998569533603,3.133420676193053,6.266094508694697,1.1351503516656023,2.9220666973045892,376.4835417274695,4.278222065084881,163.24131656034658,0.5583175891756142,1.557853798490231,1.4059835751913872,0.6190849221304602,0.09751558289632642,0.16224933080879492,0.37721172582384305,hjorth_mobility,hjorth_complexity,3.0427681755009783,0.8270869205711141,-44.71263885498047,-302.24609375,153.80859375,-43.212890625,2477.3209279737785,49.772692593165765,1716,eeg_baseline_level_4.csv,4,TP9,40.00390625,50.0
3952.823438041152,564.6890625773074,1287.8493317274083,233.634472820322,318.59808780227195,936.7122776582873,117.08903470728592,240.62478961109431,28.22525969377365,74.80986975199103,94.32131527595175,11.790164409493968,21.670758302293216,5.0976509144665085,11.667187698190837,85.97526334801064,2.2625069302108063,6.206469328891309,0.32303767097504715,2.015006891605533,90.52047777592739,1.0286417929082659,2.553207477831736,0.345571640002438,0.9890002730466911,1.5353372408697858,0.6355267970099239,0.10875838808180029,0.12547076880876035,0.1467920151717861,hjorth_mobility,hjorth_complexity,1.7646286366640849,0.5796824147859532,-41.660308837890625,-296.38671875,137.6953125,-37.59765625,2406.9345876341686,49.060519642928455,1716,eeg_baseline_level_4.csv,4,TP10,40.00390625,50.0
1567.564402212691,223.93777174467013,387.176749991169,71.50179017905376,227.88778420892316,429.0456469011299,53.630705862641236,78.25053546817338,12.252549292428167,61.120750937378034,121.2385717981347,15.154821474766837,17.52671590998639,9.370492544020435,16.180635810561114,196.13192012233384,5.161366319008785,11.774926948050098,1.6999031650606358,4.657492595105419,142.22328872777274,1.616173735542872,4.590094251685084,0.3860116454516215,1.4336305747670561,1.4100050890730385,0.6355167100414774,0.24350540032562012,0.47076167626692633,0.4056497886720528,hjorth_mobility,hjorth_complexity,1.7248249832054965,0.6966727266135744,-38.20362091064453,-269.53125,102.5390625,-38.0859375,1361.32801821077,36.89617891070524,1716,eeg_baseline_level_4.csv,5,AF7,50.00390625,60.0
2355.6768724879553,336.52526749827933,568.7710546144526,117.58648194602928,330.7371897645295,289.36734773898,36.1709184673725,86.19759949731923,17.11716705606965,26.54082941272333,57.522811191523445,7.190351398940431,15.650385719126044,1.4380910982179718,7.756854303207081,40.88532166042578,1.0759295173796257,3.229573708080965,0.3727983650778645,0.7954642194162084,62.954778689726304,0.7153952123832534,1.5503121287482653,0.22364782060332125,0.6869124812234774,1.6326276440619036,0.40875898955702356,0.11142493844002953,0.10575187962405115,0.1734587182414491,hjorth_mobility,hjorth_complexity,1.3710147302402664,0.6185295499305704,-35.56842803955078,-170.8984375,139.6484375,-36.1328125,1438.6678870869218,37.92977573209367,1716,eeg_baseline_level_4.csv,5,AF8,50.00390625,60.0
10971.313561515019,1567.3305087878598,2471.44651201962,513.0556742780664,1578.0711121136728,881.7953204911852,110.22441506139815,259.77277176933364,26.161549546704634,97.3073458404294,73.12875145776613,9.141093932220766,15.71228240035155,5.410530859684551,9.150356313593207,151.85018975528791,3.9960576251391555,6.590829181600008,1.9273310166543725,3.8059653072148087,434.34764708099004,4.935768716829433,154.26248547758246,0.6272739551448939,2.1876582249933185,1.724309262161364,0.31349380411014616,0.041293281561715384,0.09563781662094512,0.22294900268583867,hjorth_mobility,hjorth_complexity,2.016718441901811,0.7768220844294207,-35.524749755859375,-330.56640625,429.6875,-34.1796875,6476.659136242233,80.47769340781477,1716,eeg_baseline_level_4.csv,5,TP9,50.00390625,60.0
6474.4729766882165,924.9247109554595,1639.2263404225728,418.4491588872221,822.1061071525337,815.3051084696135,101.91313855870169,200.3173148826471,18.600496963055175,116.54871782390106,62.97612965242978,7.872016206553723,15.392732997664382,4.7788642643721335,6.760553059911912,91.13193423458446,2.3982087956469598,6.63735927400641,0.6657552643939122,2.1374314388717828,162.63855769002197,1.8481654282957043,4.515432984500304,0.6107779250098306,1.7503699044373509,1.6805468023239087,0.4343457336631741,0.05547386026685833,0.09439669226005082,0.17384238248591627,hjorth_mobility,hjorth_complexity,1.7071344705572349,0.6267337274986845,-38.301658630371094,-296.38671875,197.265625,-36.1328125,3804.6102344742394,61.6815226342074,1716,eeg_baseline_level_4.csv,5,TP10,50.00390625,60.0
25616.04692839089,3659.4352754844126,5296.178704991748,1193.4610007370281,3571.4718290328774,2572.511072090363,321.5638840112954,871.3275570538472,109.51948860513659,176.6974571030726,200.01407865476685,25.001759831845856,71.11831801763017,2.4712203890234417,15.518673446672457,282.97145478570263,7.446617231202701,31.862460814568028,1.0805497700925077,5.294030432262076,190.4444926313001,2.1641419617193196,5.459243182349615,0.40764750046240394,1.9206032611649344,1.7304702184292093,0.36564292131165566,0.0452478633788564,0.076185117935191,0.06001696458153403,hjorth_mobility,hjorth_complexity,1.2471811417024359,0.5131541352518603,-31.00719451904297,-242.1875,968.75,-41.9921875,11361.463179891869,106.59016455514022,1716,eeg_baseline_level_4.csv,6,AF7,60.00390625,70.0
65351.71539405358,9335.959342007654,20682.28153600373,820.565327510653,8289.518399935012,2058.9197871647284,257.36497339559105,499.86954912366986,49.36036170020955,209.94058901224747,1262.5456678118867,157.81820847648584,489.3734535148194,32.259257598075514,83.01075291069783,4335.073164968875,114.08087276233881,426.1770660217336,1.2322437706302736,79.51733112163835,946.3399523399474,10.75386309477213,32.067681630320436,0.22241038502609228,8.093140496804637,1.5339687978642205,0.1437944322876146,0.093757989595143,0.3428193631161961,0.10557017884661407,hjorth_mobility,hjorth_complexity,1.012781849112971,0.41966024935411567,-36.03382110595703,-1000.0,993.65234375,-35.64453125,37756.242955183545,194.30965739042293,1716,eeg_baseline_level_4.csv,6,AF8,60.00390625,70.0
68926.48357219511,9846.640510313588,34967.41786587492,1378.730413814837,3149.590546194205,2678.8001921649393,334.8500240206174,830.3890727696922,82.59831031593484,252.85473952873514,273.5215968126708,34.19019960158385,91.29973210483259,11.694389087287291,26.18060577854787,342.6633172841654,9.017455718004351,16.195448626466586,2.7586118009979668,8.421074880984921,818.3806746646911,9.299780393916945,82.84300217133425,2.2147040828935585,6.720030199950587,1.215306829116197,0.16268243638565705,0.023938184213397787,0.035829983195025054,0.08329230291865082,hjorth_mobility,hjorth_complexity,0.9022161450613366,0.6616022580562213,-55.219459533691406,-653.3203125,972.65625,-99.609375,65225.574235919354,255.39298000516646,1716,eeg_baseline_level_4.csv,6,TP9,60.00390625,70.0
20947.96456113568,2992.5663658765257,4723.477136545499,723.255107507018,3010.7477189692613,2044.9947453005072,255.6243431625634,592.5438991358301,42.73654384319394,212.74131798559614,205.24817446227624,25.65602180778453,48.57041427594632,9.314798404540166,21.419721015703715,228.0135900159111,6.000357631997661,13.152376776401049,1.9714236930421944,5.301464342586456,417.6052884232441,4.745514641173228,18.981979774928952,0.9528798915383686,4.277918504127475,1.649012651486773,0.3491075056754755,0.05455550220242766,0.07398281937117056,0.13847940353839522,hjorth_mobility,hjorth_complexity,1.2294906290541743,0.5857427503391311,-28.988075256347656,-464.84375,517.578125,-41.9921875,14375.841162072902,119.89929591983808,1716,eeg_baseline_level_4.csv,6,TP10,60.00390625,70.0
966.1908614519192,138.02726592170274,309.5524213894608,36.51956255385143,112.44048456418241,307.5804655729594,38.44755819661992,88.54773216666855,16.390622856088807,27.26491514562775,67.64468512056693,8.455585640070867,16.17160223326071,3.120317265053575,8.978989611607046,62.87334987600366,1.6545618388422014,3.796651810941708,0.5924640696320971,1.4153398129221908,86.1717193386832,0.9792240833941274,2.3463778205328816,0.15083341112234816,0.8513611808049414,1.3881458489459975,0.6936555963605031,0.22141164639791433,0.2719011470614033,0.39844623240420984,hjorth_mobility,hjorth_complexity,1.9990279292535498,0.6613741128795932,-34.999656677246094,-207.51953125,627.9296875,-40.0390625,3304.39076784387,57.483830490355025,1716,eeg_baseline_level_4.csv,7,AF7,70.00390625,80.0
1218.157967048623,174.02256672123187,316.2217298483814,80.48859064817893,137.04682608967127,277.83883569689726,34.72985446211216,88.84125200410486,8.232895120884868,22.120966173037985,36.730171918711804,4.5912714898389755,9.194435250020076,1.3709547132771562,3.638270888228261,44.23197869891475,1.163999439445125,2.8584698151565635,0.3384560460535473,1.0713799559007595,44.124426991394884,0.5014139430840328,1.3872463240564683,0.14935984715319528,0.4518544953777963,1.549468344913213,0.5983496884753594,0.12504223063616415,0.18815495858147263,0.20961208779689577,hjorth_mobility,hjorth_complexity,1.4771578061298354,0.6412275733649658,-35.1898193359375,-221.6796875,67.3828125,-34.66796875,1064.3890034407377,32.62497514850759,1716,eeg_baseline_level_4.csv,7,AF8,70.00390625,80.0
23104.335795393727,3300.619399341961,7194.967765859598,400.40398509642523,2166.5395105085854,2067.5338343935637,258.44172929919546,811.9112009973114,60.11816575043517,182.43760161368522,180.8583006351621,22.607287579395262,38.108130525918945,9.440125730557103,21.529288123829225,178.94529379054987,4.7090866786986805,8.478280254883003,2.4921129015429524,4.561561337548223,368.8570009075517,4.191556828494906,72.31846833519946,0.45497710966524507,3.0276423450548506,1.4570173105890663,0.32787212296771967,0.04666382763074607,0.05682725169038476,0.11152807180670529,hjorth_mobility,hjorth_complexity,1.7646286366640849,0.685974371035442,-47.405433654785156,-415.0390625,497.55859375,-64.453125,14995.083950598197,122.45441580685524,1716,eeg_baseline_level_4.csv,7,TP9,70.00390625,80.0
5129.7387249958065,732.8198178565438,1224.473548743808,335.4730078480348,750.0179737068834,1500.0264571493558,187.50330714366947,442.6981151661265,51.89358785494169,172.11493516571073,146.89620099095796,18.362025123869746,41.837251247734315,8.277914076015113,13.959046781811207,121.16050974374133,3.1884344669405613,5.888615316297723,1.180792207548796,2.973652756838533,194.45475291474762,2.2097131013039504,5.4717335858559615,0.46651841040150305,2.297988206668816,1.5631074338037914,0.7112915080976802,0.11872972257881778,0.12873050660624152,0.21533104451094043,hjorth_mobility,hjorth_complexity,1.6275271636400581,0.6906919150587929,-38.672447204589844,-431.15234375,234.86328125,-37.59765625,4371.634814560821,66.11833947219803,1716,eeg_baseline_level_4.csv,7,TP10,70.00390625,80.0
175.91343246013935,25.13049035144848,37.84354126859619,20.206754809875015,21.287640231723906,75.13156995123299,9.391446243904124,15.050100278222736,4.9912287434272,8.390682048471394,13.716707302044139,1.7145884127555173,2.7405168157346056,1.007328340027004,1.3525400519229431,31.487637877531615,0.8286220494087267,1.6532104319386576,0.3892472927118617,0.7464890941414528,41.55797810166285,0.47224975115525963,1.2950272646781424,0.1129378314011831,0.43809111773183407,1.318247901228598,0.772365335984706,0.2071799456079031,0.5431443548609168,0.7775719310573772,hjorth_mobility,hjorth_complexity,1.7469381240158233,0.7296453651674254,-48.68602752685547,-114.2578125,24.4140625,-47.36328125,296.9369472339167,17.231858496224856,1716,eeg_baseline_level_4.csv,8,AF7,80.00390625,90.0
580.6631000233484,82.95187143190692,158.79558788466878,39.01188242923925,59.755607579696,80.6035228135595,10.075440351694937,19.654138834605718,2.1167252303125648,11.460038868558998,18.109483127778255,2.263685390972282,3.653794029734724,1.4632607539753073,2.11292042177256,29.169160866717412,0.7676094964925635,1.7281607684779827,0.26092338900674056,0.6718625905841272,32.61412994491169,0.3706151130103601,0.8314756768449579,0.14546918932884986,0.3392380045283294,1.5384605091264278,0.42546864583154165,0.13180776875001263,0.24998146660863396,0.30907187670678915,hjorth_mobility,hjorth_complexity,2.1936235683844263,0.7145125057058588,-40.8477783203125,-161.62109375,31.25,-40.0390625,370.520306751132,19.248904040259852,1716,eeg_baseline_level_4.csv,8,AF8,80.00390625,90.0
4715.35649280499,673.6223561149985,1028.7818797905175,448.3765429137615,662.3160023376616,1198.229269906884,149.7786587383605,310.43221687830567,41.069370766980015,125.71673490809505,68.14629069941766,8.518286337427208,11.693170361286747,5.036825951836016,8.327187584656313,111.07523425121529,2.9230324802951393,5.927002407675094,1.1295296606248308,2.8768927867071286,271.6596354756412,3.0870413122231954,62.15321327044332,0.5802483334256876,2.0850877690230916,1.6037851417410207,0.6442226421620458,0.06804711331807331,0.12869974214705793,0.2872019049265872,hjorth_mobility,hjorth_complexity,2.0786352361707263,0.7559255672112587,-51.405906677246094,-382.32421875,135.7421875,-44.921875,3312.5522828413523,57.5547763686156,1716,eeg_baseline_level_4.csv,8,TP9,80.00390625,90.0
4963.519075103478,709.0741535862111,1101.0319071931033,449.6367295946441,712.8460523129149,1208.8218252087856,151.1027281510982,324.03665548325364,38.3955933162986,121.09577642082488,85.8802155235214,10.735026940440175,15.795351147816028,3.4859752372446233,12.32650773278225,84.32558475201115,2.219094335579241,5.8803963930285805,0.802587755266327,2.069518666684796,114.2665029082402,1.2984829875936386,2.974738667758726,0.45705182296294833,1.1268263142932955,1.6352557664002456,0.637097042897568,0.08112997405013245,0.09980718104437451,0.14405109977382666,hjorth_mobility,hjorth_complexity,2.096325748818988,0.6494031140028995,-40.319061279296875,-379.39453125,147.4609375,-37.109375,3092.336486442946,55.608780659559024,1716,eeg_baseline_level_4.csv,8,TP10,80.00390625,90.0
3160.327556638,451.475365234,567.8498927996247,159.53226101694355,500.1740225503926,788.7839090456284,98.59798863070355,311.47057017946105,30.54674938817148,62.83661021208316,372.3666151186274,46.545826889828426,93.85976944554494,1.6087363805110937,46.38336929238593,153.6325437532418,4.04296167771689,13.500362714518095,0.9587770730375791,2.8474976905420455,103.14453383380365,1.1720969753841324,3.538865058874516,0.31328497383711607,0.9349057069999809,1.5563959445056628,0.6003845232141998,0.33767505827490846,0.22607754311969722,0.18080538955480668,hjorth_mobility,hjorth_complexity,2.330725041408453,0.6619930283943305,-39.22119140625,-375.9765625,341.796875,-41.015625,1765.7680064439774,42.02104242452794,1716,eeg_baseline_level_4.csv,9,AF7,90.00390625,100.0
845.8631891636433,120.83759845194903,218.59968399770693,62.467347667981926,98.7290501222019,260.89915879199816,32.61239484899977,90.22764404489382,8.922886383202377,16.097033751296184,47.57972621667098,5.947465777083872,18.631264380993994,1.184389612812537,3.5360311035789374,44.46130871385312,1.17003443983824,3.121391783429105,0.2805973685265346,1.0265438014153547,49.162154606840375,0.5586608478050042,1.1705654122699671,0.08609460710011432,0.5362837328484145,1.4779729322482515,0.6717081660823819,0.1822442093291092,0.2338695623479507,0.28779176652755956,hjorth_mobility,hjorth_complexity,1.7646286366640849,0.6631052512211634,-40.14244079589844,-158.69140625,107.421875,-41.015625,597.9239240696188,24.452482983730278,1716,eeg_baseline_level_4.csv,9,AF8,90.00390625,100.0
6884.992686487873,983.5703837839818,1759.520649149547,544.3082798435697,669.2835573739487,1573.2659836948883,196.65824796186104,525.594323343224,59.07123080981843,147.5961027593774,166.8558355496347,20.856979443704336,36.494684645748315,5.984545915639392,20.243621217009135,161.608600549436,4.252857909195685,11.463777739637797,1.2687773784051346,3.381988488843062,341.98423216180095,3.8861844563841017,66.677600430195,1.0459380058566055,2.6392782003588415,1.5398421865222163,0.5898587695190451,0.10295982856019276,0.12678880588045904,0.2570548388660028,hjorth_mobility,hjorth_complexity,1.954801647632896,0.7334183890875654,-33.675575256347656,-345.703125,343.75,-35.64453125,5748.5692490809015,75.81931976139657,1716,eeg_baseline_level_4.csv,9,TP9,90.00390625,100.0
6237.9905732118095,891.1415104588299,1377.9046127060496,635.9761386806059,730.3942592321259,1334.3963674863417,166.7995459357927,490.21474720434514,46.105182808136824,123.3084603570846,143.49503223411733,17.936879029264666,32.32454301425574,4.924268292410513,17.52652916729696,113.3697545762812,2.983414594112663,9.34480897480595,1.1856011512808573,2.1430267188203027,161.17399317604958,1.831522649727836,3.599918677703209,0.5694034475539862,1.814156770780857,1.660663387340875,0.588016865759743,0.10446763705696913,0.10725766199457834,0.16463896382504595,hjorth_mobility,hjorth_complexity,1.720402355043431,0.6401601349311763,-36.997413635253906,-349.609375,229.4921875,-36.1328125,3854.915909723786,62.087969122236444,1716,eeg_baseline_level_4.csv,9,TP10,90.00390625,100.0
10738.567128304921,1534.0810183292745,4862.938762963194,169.72206934085432,1002.6332507497079,676.9381994377082,84.61727492971353,162.90421175166836,33.402325672696115,72.00682458963183,135.4131521910446,16.926644023880574,48.97617313871953,5.826607219390469,13.725117537240859,226.91554237748602,5.97146164151279,14.373557650136794,1.3619569116618016,5.089080853439966,742.7210001261017,8.440011365069337,17.54999643794592,2.2713823256539953,8.099258294987834,1.4225573202387338,0.2597073779505636,0.06789488141895493,0.13403365555377794,0.42100093151033874,hjorth_mobility,hjorth_complexity,1.8309680590950654,0.8470457231355781,-24.086570739746094,-609.86328125,381.8359375,-34.1796875,9058.128427968768,95.1742004325162,1716,eeg_baseline_level_4.csv,10,AF7,100.00390625,110.0
125931.36575988148,17990.195108554497,42812.25015284352,4340.303879378851,17699.094865350038,24136.473259837687,3017.059157479711,4340.519805424225,2078.558870851637,2775.227931198931,11265.894084360629,1408.2367605450786,2406.0402365837645,726.1663789584496,1290.0525763938053,7477.20787286556,196.7686282333042,701.1349743256637,12.299508674823274,113.08610005179713,2589.116731339619,29.421781037950215,129.73577712426038,6.188265116596203,20.9694099149902,1.4619782811764703,0.5446250611545759,0.29983287125163505,0.2654166909704093,0.12135870439514751,hjorth_mobility,hjorth_complexity,1.1587285784611283,0.34927517370985567,1.5184402465820312,-1000.0,995.1171875,-12.20703125,97452.19965985596,312.1733487340903,1716,eeg_baseline_level_4.csv,10,AF8,100.00390625,110.0
38954.1576274834,5564.879661069057,12675.563060868964,742.3347502915608,4567.927746426121,3539.9526635195966,442.4940829399496,934.0812774688329,66.89447735204308,297.91807079728983,321.1935103325534,40.14918879156917,76.45355212723459,16.485743164839032,34.843014013364964,273.9988830346162,7.210496921963585,17.07704664219011,2.051617301692081,6.696608295891335,837.286730373432,9.514621936061728,66.55857098670205,2.4240470135842997,7.927315558649368,1.5310818370528212,0.344615190502846,0.04931101917555357,0.05267360271128786,0.1539772618458417,hjorth_mobility,hjorth_complexity,1.4815804342919008,0.6719718759293211,-17.37041473388672,-547.36328125,971.19140625,-32.2265625,36506.870551929744,191.06771195555189,1716,eeg_baseline_level_4.csv,10,TP9,100.00390625,110.0
15128.461838784315,2161.2088341120448,3489.750816702311,782.6600628580115,2351.897429288567,2868.5937646209823,358.5742205776228,983.5461185641091,67.74268246245246,243.9076518359165,264.3861917347658,33.04827396684573,65.62785464310004,15.713696422088894,24.78489063294105,220.60677664133624,5.80544149056148,14.458970013961256,2.351715209437,4.510007447778844,540.3957437290369,6.140860724193601,15.262829816955612,1.0154478783428866,5.16188960592726,1.624193831495608,0.5503495200032061,0.08550438038443149,0.09129490951380465,0.22302010557970559,hjorth_mobility,hjorth_complexity,1.5479198567228813,0.6876234297596198,-34.11712646484375,-616.69921875,369.62890625,-16.6015625,10756.450516637415,103.7133092550682,1716,eeg_baseline_level_4.csv,10,TP10,100.00390625,110.0
57646.012133354954,8235.14459047928,18102.776932110464,172.6357986191871,8303.69051293028,2303.8440078319973,287.98050097899966,529.17233408734,97.09818795164968,257.3213286636016,698.7198448356672,87.3399806044584,152.21087332858895,25.589545515447984,79.43579171641647,460.23517630615675,12.111452008056757,90.39266993858423,0.9775549062928657,6.322373076904135,173.52630631649373,1.9718898445056106,4.136782413169471,0.34978124639576724,1.9836782683831053,1.5189400364835532,0.18603902845162273,0.06927014411153051,0.0562598997465295,0.0274651093774146,hjorth_mobility,hjorth_complexity,1.0304723617612326,0.5956594652350125,-36.8743896484375,-461.42578125,971.19140625,-52.24609375,26903.39676104486,164.02254955049582,1716,eeg_baseline_level_4.csv,11,AF7,110.00390625,120.0
139997.1810033621,19999.597286194585,34040.50547075068,9901.712013687149,19647.10029758585,21320.427348975092,2665.0534186218865,8735.629317912628,174.47715945832533,1143.5452024958813,4434.449668850932,554.3062086063665,941.4707040000103,95.79093570772928,545.6818863921318,4287.058661770625,112.81733320449013,630.3949302461674,16.372759179297574,67.43642776828483,1592.9939314406624,18.102203766371165,35.89234327916868,7.832218597105694,14.442702461410876,1.6489475054807976,0.43402027642334157,0.1406309263583522,0.16590150421987906,0.08209300566603792,hjorth_mobility,hjorth_complexity,1.260449026188632,0.28620459261486564,-41.59965515136719,-1000.0,987.79296875,-28.3203125,72769.0038793662,269.75730551621064,1716,eeg_baseline_level_4.csv,11,AF8,110.00390625,120.0
41925.08051231913,5989.29721604559,15678.631211969398,1012.0844220678409,3468.9009328059906,2742.067669483702,342.75845868546276,700.5926370282718,94.4701885013049,340.18275098734557,341.6323566636654,42.704044582958176,61.215393297363434,20.935687076876825,47.49840787799783,310.44354802232016,8.169567053218952,22.61255548344158,3.5953653894459245,7.248739650936042,650.7981296083449,7.395433291003919,76.58249299822239,1.421711218375848,5.588070750064119,1.497235457541033,0.27906487215394704,0.0506486576621428,0.056767825972822206,0.1174298072661214,hjorth_mobility,hjorth_complexity,1.2560263980265667,0.7055021519373083,-59.963226318359375,-559.08203125,812.01171875,-86.669921875,24752.8374515241,157.33034497999458,1716,eeg_baseline_level_4.csv,11,TP9,110.00390625,120.0
31232.615329982058,4461.8021899974365,11134.736155683082,1124.5142334715254,2013.1222438493105,2376.620355281225,297.0775444101531,696.7774386909579,76.3441061929223,236.490123280249,182.8775903320229,22.85969879150286,44.30979079049519,7.689756353027089,19.5925997513721,115.88257756094563,3.049541514761727,5.238063731491855,1.0091365256153857,3.1105152975879617,331.1712386040301,3.7633095295912513,8.96302826884505,1.042763297374487,3.474401680579336,1.5071625798979844,0.30835030053000057,0.037864049949635145,0.030961567197915027,0.08586593901105935,hjorth_mobility,hjorth_complexity,1.4815804342919008,0.6648979722839428,-25.824546813964844,-483.88671875,668.45703125,-38.0859375,16978.166370790856,130.30029305719484,1716,eeg_baseline_level_4.csv,11,TP10,110.00390625,120.0
144.2866238080892,20.612374829727028,28.27064941157298,10.050416750869934,20.33304588434629,60.033373291618,7.50417166145225,13.264062030316877,2.791698025569179,6.479891880964971,15.261724742793904,1.907715592849238,2.963029138395475,0.7916595281443514,1.897946404184568,50.78304819752433,1.3363960051980086,2.7980667093783143,0.4755969037368455,1.3111544425072865,50.490991008133946,0.5737612614560675,1.787254392173387,0.12288687281999332,0.4725399724793605,1.1870408396261276,0.6665697258423107,0.23479187799001747,0.8347972120261652,0.944613258820416,hjorth_mobility,hjorth_complexity,2.0565220953603998,0.7156565250368463,-43.60809326171875,-119.140625,0.9765625,-44.43359375,176.4881401322782,13.284883896078211,1716,eeg_baseline_level_5.csv,0,AF7,0.00390625,10.0
633.9862129200056,90.56945898857224,185.44819889113865,33.127089395909515,70.93725121731043,216.8965294860054,27.112066185750674,93.15074203200096,9.712542176231612,13.685158988903762,27.52986447524538,3.4412330594056724,8.09733395498443,1.622218146424843,2.9172094721483655,34.56750639665213,0.9096712209645297,2.0595576751952227,0.28299509029937797,0.7280681213071583,23.54712989599941,0.2675810215454479,0.6279396634870433,0.07339298509347592,0.23169706635781945,1.4533099120734596,0.719422724041411,0.15754354718391395,0.24610399288092588,0.19786407980773174,hjorth_mobility,hjorth_complexity,1.273716910674828,0.557726297085905,-34.394073486328125,-121.58203125,76.66015625,-36.1328125,576.8606899073347,24.017924346357134,1716,eeg_baseline_level_5.csv,0,AF8,0.00390625,10.0
3372.4493527368677,481.7784789624097,658.6721498919535,126.7000006056656,519.4647123593581,826.3042411026884,103.28803013783605,283.10008046266944,36.00526453228382,50.039572549778676,132.01984796576664,16.50248099572083,28.27547922414425,2.3806294886444928,18.054604017783383,175.24139084675818,4.611615548598899,9.026891039763035,2.0390596982338933,3.906159033545662,305.0998603199705,3.467043867272392,102.49981626290543,0.4472623092807104,1.5110982701319673,1.5466609345126514,0.6030060481997146,0.14870329865503815,0.24680011129851298,0.3749125049857662,hjorth_mobility,hjorth_complexity,2.5960827311323755,0.7626791581441459,-44.704246520996094,-314.453125,149.90234375,-40.52734375,2484.7051550386823,49.846816899764846,1716,eeg_baseline_level_5.csv,0,TP9,0.00390625,10.0
2982.5628756654537,426.08041080935055,582.5822053166627,155.0558806459464,495.8137722996901,627.4961472679115,78.43701840848894,203.73572936617202,13.3198097253606,58.675431691937405,63.09703673776151,7.887129592220189,10.953800816699658,3.6036588349117276,9.571135802743758,69.4315266720161,1.8271454387372659,4.246795868826839,0.7139119302978212,1.54883744160869,87.9250568672897,0.9991483734919284,2.297615823229484,0.36197459108408436,0.9378634698733155,1.6396072738498901,0.5847195121934812,0.09891669946943814,0.1346889435806035,0.18463244109567462,hjorth_mobility,hjorth_complexity,2.003450557415615,0.6461387503282137,-42.64030456542969,-308.59375,104.98046875,-38.57421875,2043.8875710533466,45.209374813785544,1716,eeg_baseline_level_5.csv,0,TP10,0.00390625,10.0
172.94388848953304,24.706269784219007,36.062463306827674,13.686308602037222,25.696243632394484,61.474645275175995,7.684330659396999,17.089863541250743,3.184840325458941,6.053385811243555,17.510509411316644,2.1888136764145805,3.625836804385811,1.462314897435523,1.9823287292764935,48.1171676058765,1.2662412527862237,2.295329637445094,0.569192898192284,1.2659497178726955,84.39278067680786,0.959008871327362,2.588400140677286,0.12133060256457119,0.8961615082233746,1.1673294107157843,0.572675261234246,0.22181937887598252,0.6712337252061829,1.2213365170839579,hjorth_mobility,hjorth_complexity,2.556279077673787,0.7959119954087661,-40.545082092285156,-95.21484375,52.24609375,-41.50390625,210.07579020078992,14.493991520653996,1716,eeg_baseline_level_5.csv,1,AF7,10.00390625,20.0
3805.501390503704,543.6430557862434,1199.4631695588196,125.42946121027957,403.3004986552216,199.88016619989997,24.985020774987497,74.0568096493501,11.659903495104247,16.30546753981404,59.305155361188284,7.4131444201485355,11.498296904970877,4.080334372366094,7.037002869254048,67.85734715526922,1.7857196619807691,4.155279747472754,0.4265654466905363,1.6328286659642155,91.6475610829504,1.0414495577608,3.1269157903219083,0.1599448285337442,0.9296530611104195,1.5885713063452944,0.2258712810853032,0.08615931086120655,0.11967833958986149,0.17253549427197548,hjorth_mobility,hjorth_complexity,1.1145022968404745,0.6145130985123198,-42.162322998046875,-313.4765625,106.4453125,-37.59765625,2006.11270905938,44.78964957509022,1716,eeg_baseline_level_5.csv,1,AF8,10.00390625,20.0
4750.075633055583,678.5822332936548,1193.4490974922528,154.28251121542678,519.2322613813762,975.3974282274798,121.92467852843498,339.7519226679457,25.32896212024474,68.42947437977573,72.81261149460931,9.101576436826164,21.46544525641609,3.998720170671977,8.018921543074612,122.96034319600606,3.2357985051580544,6.657138869977764,1.4946669176779361,2.894279533399102,373.6447498491832,4.245963066467991,114.86941131063183,0.6116757364120489,2.2016015137923124,1.5553019891280104,0.5476724656696454,0.07282763465928234,0.1441314810244412,0.36138754831622333,hjorth_mobility,hjorth_complexity,2.6756900380495523,0.814195567257271,-40.865325927734375,-390.13671875,145.5078125,-41.015625,3269.386425963603,57.17854865212655,1716,eeg_baseline_level_5.csv,1,TP9,10.00390625,20.0
6280.410027330156,897.2014324757365,1420.5317054459001,167.97621679689644,1141.673987361704,754.4382963296855,94.30478704121069,286.9165709273453,17.514588520921368,58.31807834548865,60.89974427292874,7.612468034116093,12.167469697889535,5.385690858506218,7.139314021833062,84.39751883831293,2.22098733785034,6.078576653514165,1.081330807278883,2.1476489731664268,160.20648768462027,1.8205282691434121,4.2867073951549015,0.6211542076619447,1.6835466140170399,1.658034161346671,0.4045876873527511,0.05569758705098552,0.09055291920696956,0.17609550087359216,hjorth_mobility,hjorth_complexity,1.9415337631466998,0.664107148710274,-35.929107666015625,-422.8515625,143.5546875,-38.57421875,3673.530225059949,60.60965455321412,1716,eeg_baseline_level_5.csv,1,TP10,10.00390625,20.0
98.76381710044771,14.109116728635387,20.861822429672657,4.581591863311434,17.116738846115403,36.878791545380295,4.609848943172537,11.015711542910365,2.134653832442176,3.1165504083345796,15.090503181506353,1.8863128976882941,2.608674854012734,1.3331120613229592,1.7585406972486939,47.15302855049119,1.2408691723813472,1.9605970583713177,0.7066104893796558,1.225945985943119,48.908181723438446,0.5557747923118005,1.0874846455820877,0.15905781512618586,0.5078880311792275,1.069847748552074,0.5483935755165756,0.2848586821987652,0.9657355864608799,1.1407634993156288,hjorth_mobility,hjorth_complexity,2.662422153563356,0.783796768233202,-40.48786163330078,-84.47265625,11.71875,-40.0390625,133.71913340961328,11.563698950146241,1716,eeg_baseline_level_5.csv,2,AF7,20.00390625,30.0
832.9239036303228,118.98912909004612,273.1085274385648,51.828151919398614,66.76733992449074,271.6341079313066,33.95426349141332,69.20084179029915,9.898566676344121,21.564419067003524,53.64202757362915,6.705253446703644,10.470051944973093,2.610570187535165,6.728867388549224,39.80831416485023,1.0475872148644798,3.900099911901098,0.26562948207505954,0.9434365263402786,29.94703236435908,0.3403071859586259,0.7767083443790356,0.1315768779970522,0.3184722937703304,1.4445371661389803,0.7390514735968623,0.22096063918356515,0.22039994783412506,0.19488451966643222,hjorth_mobility,hjorth_complexity,1.3179431922954818,0.5480653519824674,-37.62855529785156,-140.625,108.88671875,-38.330078125,630.4794688185211,25.109350226927837,1716,eeg_baseline_level_5.csv,2,AF8,20.00390625,30.0
1451.6988864655002,207.38555520935716,284.5635122085919,106.82683128972695,225.78849496496963,652.3364345292232,81.5420543161529,165.19665267569158,35.27064446699463,68.00286644733178,118.7699660093299,14.846245751166238,34.027747873960415,8.671321751831117,11.5285705526704,96.59654808297891,2.5420144232362873,5.4680799368611455,0.4942557292351122,2.251802094189027,299.1409808229987,3.399329327534076,124.5008316072179,0.41867331609950403,1.2150299161330391,1.3711108609902354,0.8163758697639405,0.22632249882653568,0.24810380531899712,0.5586269309639411,hjorth_mobility,hjorth_complexity,3.308125865224901,0.8302199523366552,-40.30590057373047,-265.13671875,62.5,-37.59765625,1220.3367863185122,34.93331914259669,1716,eeg_baseline_level_5.csv,2,TP9,20.00390625,30.0
1414.7767166230499,202.11095951757855,294.92821166626754,100.3944084443362,203.39664736548644,572.2748755697538,71.53435944621923,141.17932512977254,25.37740970397378,60.55773003682553,91.36036842773132,11.420046053466415,21.798416661842356,4.140721385547519,9.425865516153799,79.51078659015172,2.0923891207934666,5.9292190107444,0.6154203552894881,1.8397157299278715,77.48002422127915,0.880454820696354,1.7691768492101867,0.2468552204935736,0.8566161916732257,1.4813755131290736,0.8253034287517214,0.20784386937784793,0.2400854040858593,0.265391319754541,hjorth_mobility,hjorth_complexity,2.0078731855776804,0.6384180273902635,-40.523529052734375,-234.375,41.50390625,-38.0859375,1051.3646382605657,32.424753480336065,1716,eeg_baseline_level_5.csv,2,TP10,20.00390625,30.0
13174.696447147233,1882.0994924496047,3776.8889031132285,1030.4032144725813,1495.258995803141,1070.9392846619176,133.8674105827397,573.5968894414275,36.08515718560302,52.5716100596367,342.379094521113,42.79738681513913,83.63506626139338,9.657506627744404,43.04066415980637,441.71444210527426,11.62406426592827,46.88845247544831,2.2357316142326673,6.752522703381029,408.061562783387,4.637063213447579,14.66182251451258,0.7133317075194114,3.995724166701513,1.6559996850537821,0.2744316455335087,0.11866166572939299,0.18315955374366874,0.19854665309665367,hjorth_mobility,hjorth_complexity,1.4240862681850508,0.7368733798841886,-32.55138397216797,-217.7734375,811.03515625,-50.29296875,9512.290368402317,97.53097132912353,1716,eeg_baseline_level_5.csv,3,AF7,30.00390625,40.0
171394.7787253753,24484.96838933933,61251.50885019929,1884.154817939262,10472.400009011206,4564.508007840817,570.5635009801022,984.0023125559442,132.51965249227902,560.6991275758928,421.23854839216864,52.65481854902108,99.65982778341557,19.334328881344273,39.3203683376578,583.5687694047305,15.357072879071854,63.09924873459025,1.8029966892827407,7.502168451754094,185.26835529673406,2.105322219281069,5.74410658036992,0.4593930355729234,1.8263581479989628,1.4484317482458324,0.13918469039447462,0.018536225763696856,0.028516377707257814,0.01142040170597066,hjorth_mobility,hjorth_complexity,0.9641329393302518,0.4080301217031422,-102.59742736816406,-1000.0,969.23828125,-50.78125,90556.28547663215,300.9257142163696,1716,eeg_baseline_level_5.csv,3,AF8,30.00390625,40.0
10231.103090579685,1461.586155797098,3559.3787876179786,724.4047030033912,1045.6820284763326,2863.681130804367,357.9601413505459,912.0005303954846,42.9806427928006,267.6230861384336,129.70144910473505,16.21268113809188,28.087767520486818,4.419842033897558,14.3155707368395,150.33512118234717,3.9561873995354517,6.268244571983832,1.5115501506250504,4.0061095736133545,498.2964627051058,5.662459803467112,121.62134920033373,1.010243090706668,3.7621637269534562,1.5052827972166727,0.6613737378745608,0.05912015708023971,0.08447181719068605,0.24296845089848434,hjorth_mobility,hjorth_complexity,1.3798599865643972,0.6985171820686397,-33.099365234375,-404.78515625,335.9375,-39.0625,10517.893955111504,102.55678405211185,1716,eeg_baseline_level_5.csv,3,TP9,30.00390625,40.0
8152.380800927029,1164.6258287038613,1580.1378574540006,632.2711051519561,1393.1429497976774,2643.8367633921566,330.4795954240196,901.1601482277706,41.835351012000906,244.10592263566008,136.2056106295796,17.02570132869745,37.64443384394987,7.423005386504648,12.545512749419931,109.2728320823699,2.875600844272892,6.027010501306391,0.9327489724387059,2.6983332613716944,220.48627600217424,2.5055258636610707,6.156322865516433,0.8299287603696027,2.2425129141350393,1.5844654826342675,0.7305152142439845,0.07526667752619925,0.07797760584849261,0.16001006017664365,hjorth_mobility,hjorth_complexity,1.4506220371574432,0.5655624622880122,-38.664817810058594,-381.34765625,154.296875,-37.109375,5738.397954519314,75.75221418888898,1716,eeg_baseline_level_5.csv,3,TP10,30.00390625,40.0
105.04862859885003,15.006946942692862,21.21434013415937,8.85427357722108,14.399362747450628,96.44921844906028,12.056152306132535,28.694428311018132,4.694300645060302,10.9935850896034,16.454244501338493,2.0567805626673117,4.5959440357254415,0.8845033223198189,1.7723658651679903,35.831503602703506,0.9429343053343028,1.6283993780432093,0.30898025845385035,0.8768130399835947,36.953196178075345,0.4199226838417653,0.8090599050601728,0.12194004861458091,0.4067701289762537,1.0273460844876527,0.9752507020699913,0.2662111039205295,0.6762449902462756,0.7968656990711693,hjorth_mobility,hjorth_complexity,2.379373951191172,0.7184861873009994,-41.52851104736328,-94.23828125,11.23046875,-41.50390625,158.46253369090846,12.588190246850754,1716,eeg_baseline_level_5.csv,4,AF7,40.00390625,50.0
895.1809731652467,127.88299616646381,314.4279561357082,20.608748768310047,118.78696289204248,143.0122446182036,17.87653057727545,51.85842046711244,7.1069869650134585,10.32329161334182,31.007371436192997,3.8759214295241247,5.993606738216336,2.6281006198632415,3.562035956501433,44.95328966677873,1.1829813070204929,2.471538546858397,0.4117139064096033,0.9873588698963067,42.05589456533815,0.4779078927879335,1.1763942022314835,0.1012395893714717,0.44322398122556605,1.492533358104253,0.46810771635650766,0.14800434100503232,0.2576173484411474,0.27273654183168294,hjorth_mobility,hjorth_complexity,1.7159797268813657,0.6532890685624052,-40.71178436279297,-170.8984375,46.875,-39.55078125,557.5744184534415,23.613013752027534,1716,eeg_baseline_level_5.csv,4,AF8,40.00390625,50.0
4551.4921822881015,650.2131688983002,806.6626401392039,236.17534809268415,712.3969027952243,1338.2620574737714,167.28275718422142,445.74930389185437,32.82448159037239,118.82867690092311,114.1711131123759,14.271389139046988,33.4338862319409,5.229050462181675,10.852855654481537,86.04398125747643,2.26431529624938,6.508227022675753,1.0579018175887218,2.0868622485227766,298.4725903595506,3.39173398135853,111.98040237053263,0.4194166496910696,1.330187277315678,1.578107842870758,0.6977024875516258,0.10414638365343822,0.10446116482723787,0.28080293516662763,hjorth_mobility,hjorth_complexity,2.313034528760191,0.7414030916289392,-42.56420135498047,-398.4375,139.16015625,-36.62109375,3595.7541054449393,59.96460710656695,1716,eeg_baseline_level_5.csv,4,TP9,40.00390625,50.0
4864.564160648229,694.9377372354612,1002.0694155713609,296.30382948688737,728.0030114472336,1277.4994330159575,159.6874291269947,406.1740924019028,33.274410148417374,115.66783972189884,103.4862272626392,12.9357784078299,37.10961805863157,4.8186216385513925,7.474207621762127,58.768594608342774,1.5465419633774413,4.543842590023069,0.411481010151564,1.3528262681631509,83.76806439888736,0.9519098227146291,1.684951110367309,0.2531536651478534,0.9473784929383706,1.632796397657494,0.67812198518357,0.09421782835410764,0.07420025179368714,0.11252769266293555,hjorth_mobility,hjorth_complexity,1.7469381240158233,0.5872616840953262,-36.94000244140625,-375.0,151.85546875,-30.76171875,3516.243582125753,59.29792224121983,1716,eeg_baseline_level_5.csv,4,TP10,40.00390625,50.0
80.71645013431143,11.530921447758775,18.19189935897228,7.256153437652646,11.695252835077165,23.739053440610803,2.9673816800763504,4.514865940424038,1.7792151227245556,2.813492514739812,6.356383901897272,0.794547987737159,1.2763553241371377,0.3739081262295133,0.6960035691338651,26.572602934047026,0.6992790245801849,1.4237283111236065,0.3152805761658504,0.6273972293945198,42.48326250955884,0.4827643466995323,1.1408122288953808,0.12783225344464677,0.4620671207677827,1.169167293315236,0.5114960063073991,0.1806578173467511,0.7708593005801934,1.3060456205155933,hjorth_mobility,hjorth_complexity,2.5385885650255253,0.8251654877126738,-41.73774719238281,-85.9375,-11.23046875,-41.50390625,93.45420272438787,9.667171392107822,1716,eeg_baseline_level_5.csv,5,AF7,50.00390625,60.0
73.34323447409501,10.477604924870716,12.507348746501886,7.456704315043747,11.211900576228842,24.582813155689397,3.0728516444611746,4.895082253500778,1.921642057776086,3.0389542268055325,8.486753013993287,1.0608441267491608,2.1193477049505556,0.5117084899939237,0.8530417357160764,29.4109575793386,0.7739725678773316,1.6129744653888727,0.3792693032919623,0.7710639272502743,33.86734874139485,0.38485623569766875,0.8652296425756494,0.12652898788851774,0.3608172343735417,1.1553154018399703,0.5516584010114207,0.23779977964009807,0.8839034055280356,1.142527133650205,hjorth_mobility,hjorth_complexity,2.405909720163564,0.7796562535894839,-40.06004333496094,-86.42578125,-8.7890625,-40.0390625,89.66673849499784,9.469252266942615,1716,eeg_baseline_level_5.csv,5,AF8,50.00390625,60.0
174.73365092904214,24.961950132720307,33.64251728730853,14.218605205233748,25.043112678524125,40.48774924168367,5.060968655210459,10.560855360668077,2.6009628374824834,4.558596638892306,20.52702534056655,2.5658781675708187,4.862320892011202,0.7208543612438246,2.6782306405564427,61.47623278943056,1.617795599721857,2.6349226641785775,0.8299423269627387,1.6047714194985896,264.26588139950815,3.0030213795398653,124.07930319823393,0.4481373860773593,0.8847807820501691,0.9208666729411122,0.3178620912333956,0.18403694768823192,0.6062930397171966,1.4976922118473173,hjorth_mobility,hjorth_complexity,3.82557336018655,0.9593149195464382,-41.916656494140625,-127.9296875,38.0859375,-41.9921875,319.8469750350341,17.88426613073721,1716,eeg_baseline_level_5.csv,5,TP9,50.00390625,60.0
91.53541286951754,13.07648755278822,15.617772614739478,6.794381031705669,14.810402174058204,27.84179793267235,3.4802247415840437,5.255461491439376,1.7881401825579215,3.367586755492215,13.090798441139762,1.6363498051424703,2.085797234702513,0.9177277566549882,1.6662179384195115,38.88865963410452,1.0233857798448558,1.7309535604574628,0.4961428674401267,1.004202014183311,61.51531132230856,0.6990376286625973,2.2320805125392513,0.26779632858998614,0.6282790676590331,1.0487724928822548,0.4587787026303185,0.25568096050510225,0.8272376829119024,1.3902245478912887,hjorth_mobility,hjorth_complexity,2.8481725363701016,0.8471035685718333,-37.66975402832031,-84.47265625,34.66796875,-38.57421875,153.7788832501974,12.400761398002842,1716,eeg_baseline_level_5.csv,5,TP10,50.00390625,60.0
332.09089734073973,47.44155676296282,70.1699589633346,29.712067521367324,47.03321600159606,141.83419683617814,17.729274604522267,32.63048729230708,4.787067646718708,12.510512706172499,18.894060332879974,2.3617575416099967,3.3014058937848976,1.9327820875420842,2.087491364827378,36.220285514341214,0.9531654082721372,1.9590154113760971,0.3421724898291876,0.9143526576039285,39.91607711808587,0.453591785432794,1.4892408771396406,0.18829201643128413,0.39903046299108236,1.4093029686540355,0.7989648887155837,0.17802173463216753,0.3937005922776355,0.48250656971503153,hjorth_mobility,hjorth_complexity,2.2909213879498647,0.7115453811140202,-41.17889404296875,-98.6328125,47.36328125,-41.50390625,266.6659443639219,16.32990950262499,1716,eeg_baseline_level_5.csv,6,AF7,60.00390625,70.0
1110.5681723902067,158.6525960557438,257.43003190763983,60.49070426712755,178.21533118210212,168.03276080889674,21.004095101112092,38.930715942447556,5.738637537645134,20.357503172742113,30.909784220849243,3.8637230276061554,5.893249098723541,1.3171924798698906,4.214413440628319,35.71085089212665,0.9397592340033329,2.391263245317454,0.3624576987201686,0.7814341532712198,38.62966069811098,0.43897341702398845,0.9499987303383146,0.1272456260278948,0.40471913533215903,1.603449270285893,0.4842704999535276,0.12717617097202855,0.18262772959416812,0.21843528411717494,hjorth_mobility,hjorth_complexity,2.0565220953603998,0.6408683256491849,-36.722564697265625,-224.609375,101.07421875,-37.109375,742.1878579771146,27.243124967175014,1716,eeg_baseline_level_5.csv,6,AF8,60.00390625,70.0
6309.144780155595,901.3063971650851,1084.879328193717,690.4832126446641,897.5907386533556,1703.5612572189768,212.9451571523721,532.5431128964078,43.18183865124451,166.54010332868663,142.92893151495483,17.866116439369353,28.81976477367672,8.9438919885314,18.100819218167782,104.51924135323922,2.7505063514010324,8.203298659843567,1.127189189398446,2.7160850353662407,259.8861511379241,2.9532517174764106,87.46055256954097,0.28591414898926876,1.3280851597885346,1.6332915089324103,0.6725967297078135,0.0999707742958164,0.09505132080850136,0.19793848598605324,hjorth_mobility,hjorth_complexity,2.140552030439642,0.690351370840616,-34.27238464355469,-368.1640625,182.12890625,-33.69140625,4306.6812433244195,65.62530947221826,1716,eeg_baseline_level_5.csv,6,TP9,60.00390625,70.0
6579.099683347105,939.8713833353007,1133.5706573430507,796.2237570556214,948.0958686799988,1602.570748768156,200.3213435960195,508.5275742070219,41.50268898014693,143.71647890654225,112.60127672186462,14.075159590233078,24.65431222626722,5.878393480539588,13.831370782836622,75.91802555138847,1.9978427776681176,6.074984145097755,0.6266541154654626,1.5033675462601157,78.96382145978305,0.8973161529520801,2.418032596257425,0.17634040451931884,0.8393501281283509,1.6824996814926245,0.6466470755246057,0.08204813811051268,0.07165309124334694,0.08276467523963356,hjorth_mobility,hjorth_complexity,1.7513607521778887,0.5105249499959403,-35.112953186035156,-383.7890625,194.82421875,-34.1796875,4182.684502702614,64.67367704640439,1716,eeg_baseline_level_5.csv,6,TP10,60.00390625,70.0
478.6540722779557,68.3791531825651,117.8440927554171,34.81556410238752,45.64199659356459,101.40401794877158,12.675502243596448,38.626199648903565,2.841777477156232,8.663283550014157,20.28688334045311,2.5358604175566386,4.214753378776477,0.7395246632590429,2.7455980355361835,37.53554430780946,0.9877774817844595,3.085971779895006,0.2793134120367295,0.7607896147116952,50.98116618137049,0.5793314338792102,2.2276572090714604,0.20364774505957298,0.4902740696096465,1.4936702948074274,0.5327224336652536,0.1578225054365149,0.33974833886670264,0.4996863624058151,hjorth_mobility,hjorth_complexity,1.6540629326124505,0.7089195949985059,-36.599159240722656,-127.44140625,44.921875,-38.0859375,341.7664984226576,18.486927771337715,1716,eeg_baseline_level_5.csv,7,AF7,70.00390625,80.0
7445.690480486572,1063.6700686409388,3037.9456287928124,128.13279405718998,744.1655403804442,391.2388006648446,48.90485008310557,119.97250433812766,8.902295918084432,32.798791085665634,45.85271635567282,5.731589544459102,14.326647308775676,2.762367431462965,3.694631727646263,53.693372907395215,1.412983497563032,4.893871307222565,0.5213336392472606,1.0398823273619222,37.50012397478924,0.4261377724407868,0.9128208177013664,0.08900980758735984,0.3801077568189716,1.4997190512345184,0.2130848317117561,0.03646211585059818,0.051144986070175306,0.040975169701321854,hjorth_mobility,hjorth_complexity,0.7076205059304601,0.48243120218951036,1.0873794555664062,-214.84375,483.88671875,-15.625,6911.224605537427,83.1337753595819,1716,eeg_baseline_level_5.csv,7,AF8,70.00390625,80.0
12221.790175201033,1745.970025028719,2375.484343080218,838.7220266466761,1653.7837100082886,3285.809068592568,410.726133574071,1537.1234598262683,84.78653395694197,237.00879841530661,221.84865979652778,27.731082474565973,51.97051412281036,11.996990790614507,26.224341640216984,162.6440079393027,4.280105472086913,7.688274249876004,1.6150618516051702,4.121735208982059,425.979031147878,4.840670808498614,103.88082708730961,1.038977007046543,2.8326583757643666,1.6315753280179655,0.6518074944242357,0.08437617309162332,0.0808011086253724,0.18990049168903136,hjorth_mobility,hjorth_complexity,1.6231045354779927,0.6431507299514161,-33.35704803466797,-374.51171875,259.27734375,-26.3671875,8362.475280264334,91.44657063151321,1716,eeg_baseline_level_5.csv,7,TP9,70.00390625,80.0
12102.582655339635,1728.9403793342335,2517.2885243358137,1103.1988115441009,1653.1378628910022,3142.8983189555593,392.8622898694449,1362.2304218550348,70.15236091110597,228.51054514857407,207.29321436499484,25.911651795624355,47.457122655768075,10.033926393824315,27.231959466597573,124.12126801642825,3.266349158327059,10.667906254012745,0.9402101547803796,2.7751991579926507,199.0189931606477,2.261579467734633,6.766606011062304,0.5845098526848179,2.0880426239669734,1.650210148107755,0.654408718739154,0.08183286444892257,0.06493600622358334,0.10923927374522047,hjorth_mobility,hjorth_complexity,1.1366154376508015,0.5176563073253628,-32.2357177734375,-376.953125,288.0859375,-24.90234375,7550.861416384578,86.89569273781399,1716,eeg_baseline_level_5.csv,7,TP10,70.00390625,80.0
6357.820544497945,908.2600777854207,2216.4625755539596,167.62134362564066,495.1480930319883,631.4799818481218,78.93499773101523,121.74427728639358,44.542994794451644,81.15696318791075,273.91803872111007,34.23975484013876,65.05047671988149,9.884099322913702,28.809912342865047,389.0860909236035,10.239107655884302,24.412972013552093,1.2531829101878864,8.727568938469325,274.24949859471076,3.116471574939895,10.33138499051485,0.44695027280327726,2.559745176058943,1.4138483026591526,0.3430949165340508,0.17051766294544182,0.29719667082235574,0.24660756241277482,hjorth_mobility,hjorth_complexity,1.7778965211502809,0.6650355646424693,-32.17582702636719,-173.33984375,400.390625,-43.9453125,3970.5692195275333,63.01245289248414,1716,eeg_baseline_level_5.csv,8,AF7,80.00390625,90.0
112315.75883722772,16045.108405318246,33765.8240627452,7820.9934654458375,11219.762350103296,10258.04996962657,1282.2562462033213,3145.7069473665315,328.87618438969093,716.7176072160431,2315.429583512052,289.4286979390065,348.67425158495666,204.44884707777993,273.15304967300096,2010.636074612848,52.911475647706524,171.22208705729912,8.36090082563233,43.96532306338579,475.14979022612704,5.399429434387807,14.465156029180097,1.0002586814979104,4.777157855107877,1.6518801338730214,0.33168892997344823,0.10516211085364886,0.11247236989890612,0.035125507905509494,hjorth_mobility,hjorth_complexity,1.1675738347852591,0.3811307008933583,-19.324493408203125,-1000.0,973.14453125,-25.87890625,65241.54590384569,255.42424689885198,1716,eeg_baseline_level_5.csv,8,AF8,80.00390625,90.0
5846.215918425877,835.1737026322681,1065.7966978290465,548.7572624908663,770.6914376711729,2638.633697957369,329.8292122446711,853.5111843194619,96.25381053566349,255.9549256608737,453.3057418275891,56.663217728448636,92.417580685813,22.821217525087384,53.41142063402785,397.22830456497934,10.453376435920509,25.37829967974726,3.0402714629127385,8.087126796351063,608.5549901142131,6.915397614934239,113.72185131312452,1.3810218771524485,4.801518186707221,1.4151853292001246,0.8212312044257929,0.22459225239678132,0.26143976796406027,0.4014976107262075,hjorth_mobility,hjorth_complexity,1.6805987015848427,0.7216142861450278,-35.90526580810547,-344.7265625,248.046875,-38.0859375,5686.097130492271,75.40621413711386,1716,eeg_baseline_level_5.csv,8,TP9,80.00390625,90.0
5147.508116584592,735.3583023692274,1341.2250157104577,384.4681618215123,748.1362219201767,2366.061377128656,295.757672141082,741.5851237981476,87.53276338226505,248.87216079164608,371.7031962772655,46.462899534658185,82.31301279812328,13.200781061069424,39.902333135859074,269.7467957116017,7.0985998871474125,15.074171992742034,1.8371302218523207,6.710054621741542,288.14884976761294,3.274418747359238,10.205263104507825,0.906797359217308,3.062820363577556,1.4183533227403686,0.8590511126300575,0.216902694579668,0.21831378863853376,0.25961855676302426,hjorth_mobility,hjorth_complexity,1.5213840877504892,0.6430736147886029,-37.107276916503906,-357.91015625,204.58984375,-30.76171875,4502.212531187979,67.09852853221133,1716,eeg_baseline_level_5.csv,8,TP10,80.00390625,90.0
190.56998234103466,27.22428319157638,37.67915046717528,7.567629649916485,30.25445462606066,45.370433849318346,5.671304231164793,9.357455335222445,2.858056925985517,5.275202046612595,9.085356762216993,1.135669595277124,2.2484702695770147,0.47982578282137006,0.9619997124697022,17.55324108397595,0.46192739694673557,0.8782570340350948,0.229315161588188,0.4365744917362201,20.487963639524697,0.23281776863096246,0.842864798088493,0.07421092521771414,0.1960077494551986,1.4841825674789384,0.5913850050934438,0.16728426429446402,0.3783258662150534,0.4836089053903765,hjorth_mobility,hjorth_complexity,2.0122958137397458,0.7052897108761269,-37.169837951660156,-73.2421875,19.53125,-38.57421875,148.6148449112079,12.190768840036625,1716,eeg_baseline_level_5.csv,9,AF7,90.00390625,100.0
520.4486678595715,74.3498096942245,161.70463011296897,33.386686736822256,47.69788465596269,65.27487885602457,8.159359857003071,19.060970018135873,3.6413936717099995,6.2365068668405765,19.382322488576165,2.4227903110720206,3.7913796768819146,1.1073522495489057,2.3447056345620565,21.940273731082563,0.5773756245021727,1.3471845626110475,0.1937091551106376,0.5180517511076254,25.515651387553376,0.2899505839494702,0.5708798852552897,0.09723021443988361,0.28051412998574343,1.4810519471497867,0.39346090599894895,0.150355900725058,0.21482561382460322,0.2750812434218392,hjorth_mobility,hjorth_complexity,1.5346519722366854,0.6400805571267301,-26.344871520996094,-84.47265625,93.26171875,-28.3203125,353.9634545086301,18.81391651168438,1716,eeg_baseline_level_5.csv,9,AF8,90.00390625,100.0
4737.095702018844,676.7279574312635,965.0158312535784,309.40242466880574,725.340388083791,855.6482890189842,106.95603612737303,279.38043709177634,28.75509213525631,68.66891859347133,68.07548576932075,8.509435721165094,19.458097842751368,4.809849408114093,7.850365263747584,97.42209628293261,2.5637393758666476,4.175061456124594,1.308301040569399,2.5844948260148026,340.70680200490466,3.8716682046011894,129.6106946100697,0.5214692687745592,1.6178457047299641,1.6447247558335287,0.5180408249571249,0.07063947525599831,0.12100960583529942,0.32268192795227224,hjorth_mobility,hjorth_complexity,2.454558629946283,0.77332200107682,-37.363243103027344,-329.58984375,125.9765625,-34.1796875,3339.2562516019098,57.78629813028267,1716,eeg_baseline_level_5.csv,9,TP9,90.00390625,100.0
5641.769494041778,805.9670705773968,1095.9112605161893,324.13556026823454,873.2494261820775,942.076765963833,117.75959574547913,285.92018191199674,29.709954977629554,74.7676377126734,64.68221832326697,8.08527729040837,21.993494959969635,3.132526607438418,6.478202860718241,71.27621763595614,1.8756899377883196,2.9530471761750925,0.8626874719893605,1.8613337022461935,106.68587274785492,1.2123394630438058,2.190072797437307,0.3943025764387465,1.1690942358116052,1.6976716952029896,0.5134472130908978,0.06075522977220715,0.08360286298674666,0.1312712500258641,hjorth_mobility,hjorth_complexity,1.5833008820194043,0.5854152878319472,-34.882545471191406,-345.21484375,124.51171875,-29.78515625,3546.3575846733875,59.551302124079434,1716,eeg_baseline_level_5.csv,9,TP10,90.00390625,100.0
412.29662945887543,58.89951849412506,77.58011036280939,32.82175734375272,66.54601190365962,110.86901401931597,13.858626752414496,27.18227861099977,5.235038241237898,13.534891956124742,26.673028134620544,3.334128516827568,5.635460319847884,2.005707394766962,3.003057069814763,47.538336076753986,1.2510088441251048,1.9837429375563518,0.6882497881390293,1.274436441496729,49.19457256397855,0.5590292336815744,1.2645338778291269,0.15034929652645543,0.5389718670336161,1.4712309378545099,0.6169664090021543,0.2073704469623941,0.44171377222690894,0.5089091611547878,hjorth_mobility,hjorth_complexity,2.2643856189774723,0.7078105089805603,-37.062644958496094,-83.0078125,138.18359375,-39.0625,296.9804734675563,17.23312140813603,1716,eeg_baseline_level_5.csv,10,AF7,100.00390625,110.0
2020.1295456907887,288.5899350986841,564.1129164991338,74.17422829894146,305.1495085043255,194.0495277711812,24.25619097139765,70.39643092161029,3.420901076962242,14.299237813205643,20.155628513701757,2.5194535642127196,4.715254596076739,0.9049650768614532,2.402301924445272,29.89279266583447,0.7866524385745913,2.3584697334137927,0.3710939603632849,0.6926891629701443,22.65827357067358,0.257480381484927,0.5678052396409579,0.0848562596087955,0.23383832370178742,1.601712395213597,0.3392035713857932,0.056803452007264665,0.0993129393725354,0.08581332336553366,hjorth_mobility,hjorth_complexity,1.5611877412090776,0.5617257808648646,-33.2275390625,-217.7734375,145.01953125,-34.1796875,1063.537746667862,32.61192644827751,1716,eeg_baseline_level_5.csv,10,AF8,100.00390625,110.0
12395.731635065476,1770.8188050093538,2253.669239585702,828.7141715694147,1951.7921142026878,2285.973565541855,285.74669569273186,706.56585479544,53.356013810125866,268.32890740642165,161.10747641804136,20.13843455225517,36.15443950146769,5.3453620262020385,19.947718517823375,96.7891323837979,2.5470824311525764,5.489782476605643,0.764616949962412,2.3456373378648383,239.319871736811,2.719543997009216,72.74397645338303,0.4534763968679264,1.353745196293068,1.7106297831103041,0.5578988118405415,0.06757457042473153,0.054345302149414014,0.11762036664876546,hjorth_mobility,hjorth_complexity,1.5213840877504892,0.606743931568602,-44.06471252441406,-452.63671875,157.71484375,-36.62109375,6782.028910092777,82.35307468511893,1716,eeg_baseline_level_5.csv,10,TP9,100.00390625,110.0
14416.207378873345,2059.4581969819064,2919.351167996496,1291.113610956299,2097.3923747777003,2332.7179342430554,291.5897417803819,767.5111172433252,69.1156497107069,269.33777592623284,171.27262365712699,21.409077957140873,40.27840406486172,4.929517699480757,19.268615180063314,72.95836696673194,1.9199570254403142,3.6271136917052593,0.6864089397769673,1.8788269563294016,85.13863236284759,0.9674844586687226,1.9742637174353637,0.3215592412321139,0.9624534320463165,1.739510779627122,0.5192346372606884,0.06402993991565412,0.03808771993931446,0.047853853703524046,hjorth_mobility,hjorth_complexity,1.0393176180853632,0.4296401453389599,-38.485145568847656,-493.1640625,169.921875,-30.2734375,7631.786149831896,87.36009472197186,1716,eeg_baseline_level_5.csv,10,TP10,100.00390625,110.0
313.35846832684814,44.76549547526402,60.365707335804196,29.844288177453635,42.16059925092051,83.47561671681427,10.434452089601784,30.52497245973258,3.1892136231432926,7.69850051479753,15.349233211698293,1.9186541514622866,3.7408422795060283,0.7466362356973535,1.590889533358069,32.42531596035217,0.8532977884303203,1.439980089273879,0.3762523050559853,0.8430184197814596,48.714955593697226,0.5535790408374685,1.803631433770069,0.1634263541902687,0.4859118963241949,1.4781745719855832,0.5990967049593833,0.16555492593957288,0.4043998103301358,0.6414165268865368,hjorth_mobility,hjorth_complexity,2.016718441901811,0.7335258334215821,-41.271209716796875,-95.21484375,24.90234375,-42.48046875,237.15855495538563,15.399953082895598,1716,eeg_baseline_level_5.csv,11,AF7,110.00390625,120.0
1777.716758522974,253.95953693185342,481.625939319942,126.09434192938403,189.89650310860245,194.50347518202815,24.31293439775352,73.43964269108761,7.6855754231654,16.617770918447206,23.685029456329083,2.9606286820411354,7.095871161467224,1.0261973101391577,1.9031333993075208,26.911419475088294,0.7081952493444288,1.943097411719438,0.204765036649368,0.6359752796466567,25.13198904634976,0.2855907846176109,0.8315065131545545,0.09653778045207989,0.2512241553332808,1.6182814304992474,0.36803882884165007,0.06748257465370971,0.09514580654402913,0.09849612390227735,hjorth_mobility,hjorth_complexity,1.3135205641334164,0.5568306960035381,-36.409568786621094,-269.53125,91.30859375,-36.62109375,973.5275597995496,31.201403170363182,1716,eeg_baseline_level_5.csv,11,AF8,110.00390625,120.0
9723.227570581188,1389.0325100830269,2205.4826745905775,534.3686392287618,1280.91098533087,2714.0786766752008,339.2598345844001,896.4919037708999,37.4585041985633,214.35540210067822,128.26331946169643,16.032914932712053,30.613978876916917,8.13664167319806,15.698180319942736,99.9572942337166,2.630455111413595,5.5001457732478825,1.0223090894876319,2.443888138854759,191.16543598805492,2.1723344998642604,53.417448033395914,0.32858318908056244,1.1361698644380303,1.59846267241512,0.688106714053992,0.06521999459151921,0.06483519801892666,0.11373148998280877,hjorth_mobility,hjorth_complexity,1.5258067159125546,0.5650511856548043,-44.31915283203125,-442.87109375,130.37109375,-32.71484375,5635.994614567608,75.0732616486563,1716,eeg_baseline_level_5.csv,11,TP9,110.00390625,120.0
10566.12867974236,1509.4469542489085,2355.421712276444,701.5316138608488,1298.5074265837463,2258.960185252144,282.370023156518,785.23547681679,33.904604470673796,160.43763010299512,92.00206854527545,11.500258568159431,28.82089828424825,6.316661192386821,8.794402889534954,56.64624079651408,1.4906905472766863,4.056492139522381,0.5278572231981246,1.251310674957769,79.55813177734584,0.9040696792880208,2.813786970951837,0.22989735297118966,0.8283372628096597,1.6599153619570972,0.5900885129733782,0.0479591784983011,0.038429279378571324,0.05698282678852186,hjorth_mobility,hjorth_complexity,1.2162227445679783,0.4483141785325308,-38.176536560058594,-457.03125,93.26171875,-27.83203125,5705.910442884488,75.53747707518757,1716,eeg_baseline_level_5.csv,11,TP10,110.00390625,120.0
2616.479614434417,373.78280206205955,858.4990833788897,83.4815521854255,349.55689526346987,146.9957469267629,18.374468365845363,35.01350714005799,7.167946877180231,16.013660688566848,41.764039637729,5.220504954716125,11.481264650413792,2.4737054918833206,3.0795467838350135,132.58806903205735,3.4891597113699304,9.37417617771792,1.5406943893926868,3.255762766380519,235.29561128373194,2.673813764587863,8.839661797453504,0.5422422095536076,2.4316047019602305,1.5160065543759855,0.22196196730433068,0.0776271140985266,0.26662057294482855,0.48732875254673336,hjorth_mobility,hjorth_complexity,1.954801647632896,0.7646943823013891,-41.60137176513672,-311.03515625,106.4453125,-39.55078125,1788.397412710765,42.289448006692695,1716,eeg_baseline_level_6.csv,0,AF7,0.00390625,10.0
2409.3845413372405,344.19779161960577,1074.274237678542,69.59982565246398,199.57939769560383,201.75045997194246,25.218807496492808,57.19316967446716,7.564044903210633,18.522428240305246,23.729218450817896,2.966152306352237,5.153640683365925,1.6301331481319106,2.9244949832706535,73.45182648729819,1.9329428022973207,3.8299840798405054,0.5830394444397391,2.0170295023406313,76.72870898331698,0.8719171475376929,1.8630484234390454,0.13281921793676438,0.8149013785414796,1.4463486129059766,0.31393019756811225,0.05613603262308349,0.18329868491418191,0.2122779439640885,hjorth_mobility,hjorth_complexity,1.4992709469401622,0.647083546547738,-39.63737487792969,-288.0859375,103.515625,-38.0859375,1814.9533761607017,42.602269612788255,1716,eeg_baseline_level_6.csv,0,AF8,0.00390625,10.0
10895.779155398306,1556.5398793426152,3269.649977326686,408.81348112906034,1146.9573727985253,1158.212016372106,144.77650204651326,401.783384887414,33.631191715220595,94.0062764982209,94.62147227423308,11.827684034279136,22.15712843159418,6.564397384935741,10.195697559604731,178.04149122208983,4.685302400581311,8.321282836228656,1.6815553588152439,4.392625159148697,489.2250025187396,5.559375028622041,106.76887847924814,1.0454722619032841,3.7715840711868323,1.6014442450982886,0.36790747202055557,0.04968746976836781,0.10626171054267648,0.26360193657103737,hjorth_mobility,hjorth_complexity,1.6894439579089735,0.7622608248258691,-41.83216094970703,-578.61328125,162.59765625,-28.3203125,6635.6252907644375,81.4593474732301,1716,eeg_baseline_level_6.csv,0,TP9,0.00390625,10.0
10580.60072682939,1511.5143895470558,3116.81952700073,451.68089190554815,1044.3805244314651,1049.8591661673793,131.2323957709224,398.1858563051407,29.25760603879419,95.92951981065139,74.04290211383903,9.25536276422988,19.474493787340563,4.518384921463326,7.384450321609721,127.31140618589531,3.3503001627867186,5.35981830166324,1.6119277411847417,3.4413148173123185,247.0515922645584,2.8074044575518,6.532170523996639,0.7815462461454201,2.6302354160215717,1.6103678576524703,0.3519384340986147,0.04180015600096435,0.08273053536655321,0.16366523732756966,hjorth_mobility,hjorth_complexity,1.0658533870577556,0.6703182658911931,-40.523338317871094,-537.109375,118.65234375,-26.3671875,6418.0270608267165,80.11258990212909,1716,eeg_baseline_level_6.csv,0,TP10,0.00390625,10.0
265.0702490882262,37.86717844117517,61.566404628132055,28.276467955917944,32.65998870968808,162.43345701074253,20.304182126342816,64.02971919248336,5.0710389431129075,11.696103178550487,18.094500123717744,2.261812515464718,3.8856570421670846,1.3305018224497211,2.1934456139488474,74.18068708765945,1.952123344412091,3.7802385749584704,0.8899022986367053,1.7525548647690554,82.00779499419124,0.9319067612976277,2.9721925376991907,0.19230201166264804,0.8160505097855695,1.168918487593328,0.7953473773587798,0.1604900280652628,0.6748442799719526,0.8312725599867639,hjorth_mobility,hjorth_complexity,2.251117734491276,0.7043223038602728,-38.422393798828125,-98.6328125,59.08203125,-38.0859375,374.3594972183928,19.348371952657743,1716,eeg_baseline_level_6.csv,1,AF7,10.00390625,20.0
571.2838277176149,81.6119753882307,106.15896846072201,48.470395833794356,84.11777559416593,148.22755869238136,18.52844483654767,47.55697003553935,6.536438874383062,12.75181989774839,21.10165107376087,2.6377063842201087,5.1061150939533295,1.3162499692420444,2.3772973627626475,35.83929654034789,0.9431393826407339,1.9291683248282563,0.4102537847399257,0.9336163622737612,34.38067183706702,0.3906894526939434,0.8258067478982581,0.11198167624068787,0.3775402994311381,1.5695715785685134,0.6315432347021254,0.1430991774763617,0.2879950549185111,0.31263900476948914,hjorth_mobility,hjorth_complexity,1.6142592791538621,0.612421794586525,-37.61940002441406,-129.39453125,103.515625,-39.0625,616.0297359747346,24.81994633303494,1716,eeg_baseline_level_6.csv,1,AF8,10.00390625,20.0
5028.249792995806,718.3213989994009,887.7919562523562,563.6554063976871,750.0383983909225,1298.392010699686,162.29900133746074,406.0253486056227,45.10273575632087,82.6693441619113,105.63106550277845,13.203883187847307,28.167939138608396,6.995304678546357,9.9041312921307,124.51994585610149,3.276840680423723,6.523989026083458,1.8685790687980441,2.9286467697798946,334.5815162198253,3.8020626843161964,85.02041813040832,1.0490034456032926,2.299846828594326,1.617165917292136,0.6314302062249264,0.09178676257639899,0.13426810421044466,0.31699577563930503,hjorth_mobility,hjorth_complexity,2.1493972867637723,0.7156762813044154,-36.930084228515625,-335.44921875,183.10546875,-31.25,4597.304467461072,67.80342518974297,1716,eeg_baseline_level_6.csv,1,TP9,10.00390625,20.0
5110.867424144689,730.1239177349555,955.4213051924843,567.2357495649412,667.2804147286894,1190.5858598609284,148.82323248261605,378.62634867262557,48.74667799752816,81.11359434928177,87.16577135606741,10.895721419508426,27.677347477048766,4.629960251017902,7.066766205771735,93.5040712262201,2.4606334533215817,5.02523811162395,0.9582708551674486,2.1243408699337474,153.99229644727092,1.7499124596280786,4.15527709931575,0.7199524467808447,1.6079330663934672,1.6481530243667146,0.6080007733431518,0.07838658410282262,0.10614673445588285,0.18296983821223411,hjorth_mobility,hjorth_complexity,1.4417767808333124,0.6007909300493866,-40.96546173095703,-383.30078125,353.515625,-35.400390625,5341.95862532215,73.088703814763,1716,eeg_baseline_level_6.csv,1,TP10,10.00390625,20.0
274.8768865867418,39.26812665524883,58.014750352542315,28.440012903637967,37.90755778108667,103.5011970737485,12.937649634218563,25.93215003779177,6.8746904151372,11.409734065667024,22.524945751551037,2.8156182189438796,5.192869149602282,1.397747733437627,2.331519112568873,61.8509197460218,1.6276557827900475,2.6763602043591317,0.6713381302600351,1.5126723646801232,110.7387553008172,1.2583949466001956,2.8141128051389703,0.425927805668884,1.109564691774017,1.2326654540676418,0.6427696475649098,0.19846104441316664,0.6047331993396072,1.1213704909977422,hjorth_mobility,hjorth_complexity,2.9277798432872784,0.8211406349512781,-36.61670684814453,-93.75,85.44921875,-38.0859375,320.17797169828555,17.893517588732674,1716,eeg_baseline_level_6.csv,2,AF7,20.00390625,30.0
967.9296474876027,138.27566392680038,283.59503505456985,75.5851381232352,110.82981238434769,276.39446117475387,34.549307646844234,53.95147430967298,13.785719617252365,34.645786990797745,38.756852018714966,4.844606502339371,6.90231244311208,2.6643334745345313,5.107545575748285,32.601194763325154,0.8579261779822409,1.5053154543347458,0.28742208381699336,0.8271013658883803,42.7992625448518,0.4863552561914977,1.2967758180215603,0.1348507397055389,0.43657070964088196,1.4735323371863123,0.6920482192751765,0.1489060949013115,0.1630669559078372,0.22923558233719887,hjorth_mobility,hjorth_complexity,1.4461994089953778,0.5787404230311979,-39.98832702636719,-235.83984375,55.17578125,-37.59765625,1000.8888655283954,31.636827678014676,1716,eeg_baseline_level_6.csv,2,AF8,20.00390625,30.0
2830.892779816322,404.4132542594746,564.8502851893587,144.95712733633,468.34165234284205,932.8223428043214,116.60279285054017,290.8879547451174,32.52434145271948,88.89849734220417,85.88843530172419,10.736054412715523,20.612097171642947,2.275377992420247,11.092835885502923,116.01043196886157,3.0529061044437253,8.359300436133951,1.2489819637031265,2.784489677072245,309.36561908781835,3.5155183987252085,103.44981638677702,0.4014452951879481,1.803221446955399,1.4979426407761542,0.7118491132528268,0.11604090893979524,0.1903183163027498,0.41855681289137253,hjorth_mobility,hjorth_complexity,2.671267409887487,0.767651766654973,-37.01019287109375,-400.390625,78.125,-31.73828125,2762.382512446493,52.55837242958055,1716,eeg_baseline_level_6.csv,2,TP9,20.00390625,30.0
3177.111526324882,453.8730751892689,610.6811442425973,193.0246482416892,509.0035053431345,987.9233221303627,123.49041526629534,309.1397270836105,31.11951453152681,97.14334535170973,98.51690881983694,12.314613602479618,23.26259373861321,4.317375129271054,10.99146655027724,95.48734106833918,2.512824764956294,6.588631103167709,1.0981619211359115,2.0866860502656888,117.16680244500535,1.3314409368750608,3.9702211101768055,0.3927545650438061,1.2797578084079801,1.5750873809419887,0.7203293292841885,0.12457903401771395,0.1552141687757322,0.20740648085395313,hjorth_mobility,hjorth_complexity,1.8398133154191962,0.5972491588419022,-46.804237365722656,-292.48046875,82.51953125,-40.52734375,2539.103034323489,50.38951313838514,1716,eeg_baseline_level_6.csv,2,TP10,20.00390625,30.0
592.8439577778934,84.69199396827048,277.83423043107484,29.05592484058921,56.72892320395426,129.83188759593622,16.228985949492028,36.35060537638349,5.439278375695749,11.609415843807824,19.900441471222578,2.4875551839028223,4.595658992638331,1.3587281238729159,2.2756811476862353,99.99468987056761,2.6314392071202004,4.998079241994763,1.021748996469618,2.557866292507092,240.32300900940385,2.730943284197771,8.224071705359648,0.6920376687690573,2.513412643301571,1.1744622380505931,0.4524126174857359,0.10413482954262233,0.5198085037543162,1.227030771603669,hjorth_mobility,hjorth_complexity,2.0565220953603998,0.8735422401854184,-28.258705139160156,-136.71875,104.00390625,-32.71484375,1330.4867079932592,36.47583731723316,1716,eeg_baseline_level_6.csv,3,AF7,30.00390625,40.0
1287.793623655595,183.970517665085,350.12648592635753,112.80342097192425,164.7363487051221,343.14505607802573,42.89313200975322,97.3765683495067,14.902509134037262,39.29697271888149,61.197372113758405,7.649671514219801,15.613163096773693,2.540814484424766,7.236655215465499,50.29006575242585,1.3234227829585752,3.5066844207752217,0.5610254332882397,1.1834458149368505,52.23683590265608,0.5936004079847282,1.3509888472929603,0.18417242873382747,0.5729108211846776,1.5602337094651484,0.6753861972796261,0.1787653400837607,0.19623064860855052,0.22642876226234773,hjorth_mobility,hjorth_complexity,1.3754373584023318,0.6010638574188728,-37.33234405517578,-150.390625,62.98828125,-37.109375,831.5137761746882,28.835980582853225,1716,eeg_baseline_level_6.csv,3,AF8,30.00390625,40.0
35870.08863030437,5124.298375757768,8463.798036000098,1776.4912147035038,5453.044908965354,2965.354696434632,370.669337054329,952.0658661059848,130.1462295718318,265.03477214093573,566.5509088955391,70.81886361194239,162.37013118035887,14.472107712533607,41.8144757802669,228.34861329638113,6.009174034115293,21.956623407710882,1.1432993565867569,3.8783922589501625,292.77495605878016,3.326988137031593,106.05558039337969,0.3577895289511693,1.3241110979968775,1.737533418638526,0.3233754360700073,0.08363904032241772,0.0473812658031844,0.05709181589570561,hjorth_mobility,hjorth_complexity,1.8663490843915884,0.6017781298985893,-19.299697875976562,-321.2890625,967.7734375,-33.69140625,22444.07053090981,149.81345243638773,1716,eeg_baseline_level_6.csv,3,TP9,30.00390625,40.0
4101.2513925427065,585.8930560775295,942.7996404567875,316.91129511962833,499.56044687446524,1658.9438600479707,207.36798250599634,582.355464111841,32.50310836080065,152.26609135774197,132.14443696168703,16.51805462021088,32.40835426801769,6.131223369934663,12.604530542056896,80.91262205889772,2.1292795278657297,5.504208208877241,0.4505969847560205,1.7173776696215561,92.82642736384358,1.0548457654982224,2.1485393568478854,0.37459363731841216,1.0048437866365356,1.5197660507271205,0.8297368525732014,0.12372371977763158,0.10350832994626541,0.13004048720510156,hjorth_mobility,hjorth_complexity,1.2781395388368935,0.4846196442855548,-35.63861846923828,-249.0234375,448.73046875,-38.57421875,4486.598691401014,66.98207738941078,1716,eeg_baseline_level_6.csv,3,TP10,30.00390625,40.0
389.6258762367892,55.660839462398464,78.01361272650134,34.62301915859781,59.56664642457516,110.0997890622147,13.762473632776837,26.502483091584757,7.533954330066024,11.05770419883386,26.074884064607645,3.2593605080759556,5.645175903231385,1.0443285669264368,3.149511655862778,74.30513441121795,1.9553982739794198,3.5787762015021443,0.25519293660656467,2.043645614670954,195.47129836164652,2.2212647541096193,6.083143965239789,0.4154797146862558,1.822959238797936,1.2435866654908105,0.5244035643599628,0.16927842456826706,0.529255373806811,1.3531277473470333,hjorth_mobility,hjorth_complexity,2.7066484351840097,0.8684616739647417,-35.63518524169922,-124.51171875,63.96484375,-36.1328125,443.5975162414252,21.061754823409782,1716,eeg_baseline_level_6.csv,4,AF7,40.00390625,50.0
1521.00985243042,217.2871217757743,393.5080553903616,97.00164683452,196.2705284436739,304.3399178839218,38.04248973549023,106.71187890657805,7.94621490785741,21.715950559095045,62.38041041799613,7.797551302249516,11.241243114355326,3.1817813772623547,9.064645452289625,45.77721755354857,1.2046636198302254,3.88756339948229,0.5295713922764175,0.9108535678644223,41.0970536393244,0.4670119731741409,0.975853468006004,0.16640194388432952,0.4205943645906952,1.6077986232257124,0.5411312985432184,0.16885392004636482,0.16447756059173466,0.16876947100465264,hjorth_mobility,hjorth_complexity,1.4461994089953778,0.5852327486443181,-37.51239776611328,-132.8125,122.0703125,-40.283203125,1014.6497701862245,31.853567621009496,1716,eeg_baseline_level_6.csv,4,AF8,40.00390625,50.0
397575.6210912243,56796.51729874633,88186.64384181211,13662.200803367201,62131.626801570565,55638.84337864595,6954.855422330744,10789.42327981459,3231.460595823395,8127.426979938692,26761.28338421412,3345.160423026765,8451.44420766791,1368.6326499551226,2052.9497392619805,11643.185765746346,306.3996254143775,1121.8774798988723,23.812408649699826,199.75292566532022,2583.851656938857,29.36195064703247,150.71876021475921,4.462931768047437,21.135137115364316,1.6012700658373211,0.45008377222112095,0.2448062943757265,0.15714923312180312,0.046764043602564774,hjorth_mobility,hjorth_complexity,0.7430015312269831,0.26260942573197044,-79.32910919189453,-1000.0,984.375,-79.58984375,270755.33857972914,520.3415595353971,1716,eeg_baseline_level_6.csv,4,TP9,40.00390625,50.0
5987.509797964561,855.3585425663658,1561.3666164896144,339.7868045785428,665.2596796780399,709.3047540050425,88.66309425063031,176.48773479851232,19.34227614969026,92.04935741951448,73.04994136107544,9.13124267013443,13.661980116563804,3.363910092982965,9.320371602059772,94.30353042758246,2.481671853357433,6.072270406526633,1.0423549502609577,2.1797668227102296,89.7260006761608,1.0196136440472818,2.4410408346305763,0.35082366559679884,0.9680990785728432,1.681398832373996,0.42595097755767264,0.06842112965551303,0.10548666630623321,0.11204582399648938,hjorth_mobility,hjorth_complexity,1.225068000892109,0.5182737568913748,-23.938560485839844,-263.18359375,181.640625,-25.390625,4158.870060600748,64.48930190815177,1716,eeg_baseline_level_6.csv,4,TP10,40.00390625,50.0
412.9481269398757,58.992589562839385,66.2880801244395,47.19512384823136,60.87233541153281,171.12479447858215,21.39059930982277,53.855834131260345,7.711200087288434,15.74670650425222,38.81618356577563,4.852022945721954,9.690125881107216,2.6959896522959035,4.17274059337775,103.02739452710888,2.711247224397602,7.144816375448166,0.8930922390613634,2.338113692536832,242.67680556182,2.757690972293409,7.450924896679418,0.7297000285074366,2.380877801959609,1.1467779714750546,0.6130424798228361,0.19956426969329366,0.586217928146929,1.3714104516262744,hjorth_mobility,hjorth_complexity,2.865863049018363,0.8699561732786159,-37.71209716796875,-153.80859375,75.1953125,-37.109375,514.6012990735471,22.684825304012087,1716,eeg_baseline_level_6.csv,5,AF7,50.00390625,60.0
772.0608299858218,110.29440428368882,226.0690497533514,57.12907169320993,80.79189030674344,247.14557322103457,30.89319665262932,65.85676820041924,9.920046075283462,30.686690975501733,43.508656982100895,5.438582122762612,12.032471316136176,2.1855021388847544,4.29056397649126,48.33744982059892,1.2720381531736558,3.5821053442428497,0.5128956958073452,1.0610995362042317,64.79693222684904,0.7363287753051027,1.899743777563381,0.2657636489402498,0.6427774235718791,1.4321694510645266,0.697937555309587,0.1856661974420655,0.2646052909153882,0.38425205406071716,hjorth_mobility,hjorth_complexity,1.733670239529627,0.6832993507227395,-35.559654235839844,-144.53125,61.5234375,-36.1328125,593.2088612098596,24.355879397177585,1716,eeg_baseline_level_6.csv,5,AF8,50.00390625,60.0
105241.3903735141,15034.484339073444,42254.07477146095,3038.1644232102763,10360.41473212044,15205.952954938222,1900.7441193672778,4144.194992100654,417.6734068734834,1544.5299820125085,3389.811074854286,423.72638435678573,1352.830017561412,66.72326207619444,314.9231894178928,3566.797369167009,93.86308866228971,533.5032429756925,4.069221295009985,45.35952711597108,797.2952206515074,9.060172961948949,210.52829117106486,1.0160460977056545,4.376259096624305,1.5113249017581079,0.470488993718854,0.13819734287309632,0.18270212450382553,0.05259461972268294,hjorth_mobility,hjorth_complexity,2.0520994671983344,0.4983691400511508,-62.79010772705078,-1000.0,977.5390625,-56.640625,115893.14204753462,340.43081829871784,1716,eeg_baseline_level_6.csv,5,TP9,50.00390625,60.0
7144.065698965469,1020.5808141379241,1341.469068893514,771.8826865714935,936.0815564519775,1682.488264650497,210.31103308131213,353.66483597326055,51.99863818112286,231.06354030241135,184.78405952875596,23.098007441094495,33.290734565148036,5.4900553747420835,25.107529845510047,139.88551133896348,3.6811976668148283,8.401734181704597,1.5902389570166322,2.869938091778452,113.74239919292737,1.2925272635559928,2.974479805209433,0.3938531277568057,1.23298605091821,1.6605885415620047,0.6524610290766817,0.11522331318378139,0.1138684601622984,0.10560539881373907,hjorth_mobility,hjorth_complexity,1.3754373584023318,0.5127203617976414,-52.24647521972656,-396.484375,146.97265625,-41.015625,4478.374495956814,66.92065821520896,1716,eeg_baseline_level_6.csv,5,TP10,50.00390625,60.0
3088.230061912527,441.175723130361,993.7425335741102,55.63495067320755,277.12960716663486,192.58280139357868,24.072850174197335,48.663981189669215,6.032802594109426,23.90887892130224,39.19766295540103,4.899707869425129,9.488851284217679,3.1051056043506446,4.49484981110275,129.18532917804092,3.3996139257379188,6.653803218435175,1.4167196524566492,3.195726147508406,342.25450265520055,3.8892557119909155,8.639396218421686,0.5837554649653559,3.4740450059147676,1.4539740199496705,0.2365999944761189,0.06440636133123759,0.22410540734852596,0.5774912310999154,hjorth_mobility,hjorth_complexity,2.520898052377264,0.8820407724784634,-28.508377075195312,-127.44140625,393.5546875,-39.0625,2707.0939760596957,52.029741264585354,1716,eeg_baseline_level_6.csv,6,AF7,60.00390625,70.0
4339.0313086326805,619.8616155189544,1228.556241919048,176.16908978335542,405.9499696122076,1827.3170109528796,228.41462636910995,500.4680249014665,78.48738361241706,162.0835866757228,1584.5564243536767,198.06955304420958,231.9649761845615,138.2003098613107,198.1342185914947,979.7481613088694,25.782846350233406,132.34950987169867,1.0398918183382342,7.315197602327476,116.02830827655289,1.3185035031426464,3.789707617959424,0.24255466063677136,1.135354949901933,1.191943903985117,0.7054170751284543,0.6717998397061579,0.5589876648490765,0.11194963501667143,hjorth_mobility,hjorth_complexity,1.2471811417024359,0.5160170639196524,-30.575942993164062,-518.5546875,645.01953125,-37.59765625,4887.504821963375,69.91069175715096,1716,eeg_baseline_level_6.csv,6,AF8,60.00390625,70.0
3168.4159472789397,452.6308496112771,672.7643457639916,215.1329705792747,490.0258842254809,1072.3993615412683,134.04992019265853,326.75972844827913,28.405348694459708,100.00354074176241,118.51718884784597,14.814648605980747,26.43123583788289,3.0790172608848847,12.989927305547997,125.3591844417373,3.2989259063615077,7.3390871861949005,1.0465904175405116,3.1913369008755286,348.5379047475086,3.960658008494416,84.75844593791291,0.9189177072416709,2.4286989668166488,1.4865308163268642,0.7376340379180932,0.13583316861291805,0.18340818959022565,0.44773599475640957,hjorth_mobility,hjorth_complexity,2.7951009984253172,0.7978149063629821,-43.944549560546875,-322.265625,78.61328125,-40.0390625,2305.5717343231663,48.01636944129748,1716,eeg_baseline_level_6.csv,6,TP9,60.00390625,70.0
3103.8138955342874,443.40198507632675,642.5912203101794,208.0271386920937,469.4830928559508,1010.0977366424635,126.26221708030793,349.9033430305492,26.904862776413342,88.9388918946361,84.52734290185887,10.565917862732359,25.627522725913213,3.019488481553651,8.301102388668225,76.69341875356228,2.0182478619358495,4.208248809801998,0.8965671927138429,1.7897702888028313,124.14142775666687,1.4106980426893962,4.090856335045599,0.48414420670377417,1.2297195926750748,1.5590286711704917,0.7460849581689202,0.11069647713017784,0.13080617470956274,0.2206381491614133,hjorth_mobility,hjorth_complexity,2.1626651712499685,0.6618523259670861,-40.054893493652344,-298.33984375,87.890625,-35.15625,2127.406029867416,46.12381196158245,1716,eeg_baseline_level_6.csv,6,TP10,60.00390625,70.0
23294.429305550304,3327.775615078615,8151.153619037689,279.7054562157094,2205.3511764203195,5365.453496562188,670.6816870702735,1038.8004371261834,199.5094583355309,678.7414460194595,648.8748745176426,81.10935931470533,161.39173252050634,22.49724100595214,75.5312607311428,883.5485549680602,23.251277762317375,65.17876074466962,4.361281050034545,16.94111219328489,430.5631469373957,4.892763033379496,16.760079820968926,0.8216645950342596,3.8497180105360727,1.309764437334153,0.6141815370891559,0.11414529404553056,0.18794674184975518,0.11153381963004602,hjorth_mobility,hjorth_complexity,2.313034528760191,0.7147908415318345,-32.70435333251953,-211.42578125,971.6796875,-46.875,13824.840618144659,117.57908240050463,1716,eeg_baseline_level_6.csv,7,AF7,70.00390625,80.0
38661.23733988456,5523.033905697795,8007.857751897636,1932.2862223339207,5485.219156441353,2943.6043299728667,367.95054124660834,615.2618026906777,196.85895620061692,348.468181936959,1249.861864790404,156.2327330988005,327.5789805884025,40.45309210833526,114.09127038666473,894.010936460282,23.526603591060052,69.97211232679221,8.707896776705233,19.977688887738893,903.4024138863075,10.265936521435313,36.47103396566902,0.627343024193438,6.702008774577793,1.7208774749433051,0.3031210567004834,0.14720865487127657,0.1443466166224642,0.1549783573817723,hjorth_mobility,hjorth_complexity,1.2471811417024359,0.5163088472346388,-71.08440399169922,-1000.0,297.8515625,-51.7578125,19583.845628621926,139.942293923681,1716,eeg_baseline_level_6.csv,7,AF8,70.00390625,80.0
8659.840427346518,1237.1200610495027,2501.77736145916,283.280977202834,1141.2327195992493,826.7613567166638,103.34516958958298,166.90708095419794,32.64268572548044,112.15829596979518,194.57117263811114,24.321396579763892,37.86234398835252,11.901245304938413,22.69789137764085,181.88988228769688,4.786575849676233,9.819958918821476,2.0606307265760204,4.029026720573163,465.66451736629523,5.291642242798809,82.41146861100525,0.6342486630051942,3.281670040236598,1.5359093507253736,0.3420877324486258,0.10637146871833106,0.12580161914248525,0.29889021796186627,hjorth_mobility,hjorth_complexity,2.463403886270414,0.7873005755031771,-45.77808380126953,-347.16796875,278.80859375,-44.43359375,5068.657870251627,71.19450730394605,1716,eeg_baseline_level_6.csv,7,TP9,70.00390625,80.0
5311.2761224274645,758.7537317753521,1371.2283184698367,276.2981340419599,733.5589415122246,656.0826615765831,82.01033269707288,178.9847308123362,19.353780136238587,69.36058673863836,83.86902718234823,10.48362839779353,17.801122155709383,6.322757120049738,8.034111394210834,115.68456956333118,3.0443307779823994,8.139453569536759,0.6904963501700525,3.059128552195954,199.7739438622089,2.2701584529796466,6.6838440551103115,0.7720608137707453,2.1357238888331485,1.608132836711734,0.4119193820436372,0.08034874295510637,0.13242243487703997,0.23735919344357034,hjorth_mobility,hjorth_complexity,1.4815804342919008,0.6976757210852057,-43.92108917236328,-295.41015625,130.37109375,-37.59765625,2996.1165692293434,54.73679355999348,1716,eeg_baseline_level_6.csv,7,TP10,70.00390625,80.0
896.4177295764168,128.05967565377384,242.89935430187694,49.80531603846769,131.48422848629195,264.43092342259945,33.05386542782493,56.46612804165408,14.965499842761236,30.194374173053557,34.141953524916424,4.267744190614553,10.256973460423312,2.362441502668753,3.5306044309372493,112.43087159310447,2.95870714718696,5.387873583817381,1.212824160132269,2.803319592479551,150.14500111486663,1.7061931944871207,4.789807427970689,0.3395339271958233,1.5234818899825187,1.371001087690682,0.6344140492520915,0.1252108358265664,0.44253098535926244,0.63942646716514,hjorth_mobility,hjorth_complexity,2.8083688829115134,0.7852559963363223,-37.011146545410156,-104.98046875,97.65625,-41.9921875,835.2342430953286,28.900419427671437,1716,eeg_baseline_level_6.csv,8,AF7,80.00390625,90.0
1250.3944498873705,178.62777855533864,379.2136962249822,28.696497858264074,169.75496647765618,188.99982384744348,23.624977980930435,56.222821464266616,5.440310079249683,14.152043787849818,21.89647347830278,2.7370591847878476,4.2301238875667275,1.4715458885542434,2.506539713259742,43.52588465313436,1.1454180171877464,3.5016195827277032,0.2031410967896648,0.901731819610464,46.07073039350417,0.523531027198911,1.3313087532050334,0.1810777473604572,0.45647801752521966,1.513299247106677,0.4528084357545594,0.0832609415133116,0.1857371057677723,0.22019205734983613,hjorth_mobility,hjorth_complexity,1.8177001746088692,0.6747260046464204,-43.186187744140625,-173.828125,101.07421875,-41.9921875,769.3671010201797,27.73746745865923,1716,eeg_baseline_level_6.csv,8,AF8,80.00390625,90.0
10318.13518029465,1474.0193114706642,1732.3731000209814,1149.8989707300711,1556.291275263438,2587.8625633515844,323.48282041894805,678.7408612631424,133.99742219249987,276.9790611682787,360.39271749356885,45.04908968669611,105.60712775492169,23.829576466850366,38.97891313885988,255.11928341817992,6.713665353109998,23.06630256505951,1.9386655475034646,5.106782954318193,355.27439725121786,4.03720905967293,89.7485467657138,0.6840807915111039,2.296885024336988,1.6389770242792372,0.6626059533950083,0.14313878436695598,0.13345772709173112,0.18190831606845415,hjorth_mobility,hjorth_complexity,1.5125388314263584,0.6434481271594202,-41.040992736816406,-586.42578125,107.421875,-33.203125,5785.750047325564,76.0641180013649,1716,eeg_baseline_level_6.csv,8,TP9,80.00390625,90.0
12599.38069228474,1799.9115274692485,2630.3311882367143,814.3845459558327,1961.9151657762636,2142.6543641852286,267.8317955231536,602.4752940009461,87.66102088013658,205.73349291264432,240.73375597342653,30.091719496678316,77.2983376664916,11.92077035749859,19.36925833187148,171.63272295875578,4.516650604177784,13.613627741879293,1.3796343495882533,3.0790741928353444,109.73142982732747,1.2469480662196304,3.2303651685578534,0.42713359605229384,1.0649232679225142,1.6769362772166558,0.5213286249343965,0.09145219255123418,0.08582037410942818,0.06437084061891776,hjorth_mobility,hjorth_complexity,1.11892492500254,0.490238109687325,-42.73033142089844,-470.703125,251.46484375,-33.69140625,6530.251693766331,80.80997273707207,1716,eeg_baseline_level_6.csv,8,TP10,80.00390625,90.0
1139.461821072213,162.7802601531733,383.95396322598407,46.61450639207257,153.5488663475069,429.7932017000677,53.72415021250846,140.83970232720495,6.578619316507185,33.31944710452542,54.007220107285164,6.7509025134106455,14.008804271452705,3.138525516321012,4.806540456126089,96.57231473247133,2.5413767034860877,6.394031410304245,0.6400741506387919,2.2448681736640124,79.4199589718148,0.9024995337706226,2.958523000548697,0.26054292695206777,0.8055460181928971,1.3443463927451669,0.7082282251565526,0.15530671555143333,0.3266696465445782,0.311812876981591,hjorth_mobility,hjorth_complexity,1.8575038280674576,0.674074265848491,-48.563194274902344,-251.46484375,91.30859375,-44.921875,1001.4209299333743,31.645235501310054,1716,eeg_baseline_level_6.csv,9,AF7,90.00390625,100.0
94157.0119198211,13451.001702831587,31040.79762211041,2828.5449967300538,9328.942363530527,5321.997357297456,665.249669662182,2015.3409952535965,188.31210739131933,430.8220096976147,1003.9644074025257,125.49555092531571,166.1061656888284,92.51965230550158,124.37693344333698,1137.119203981466,29.92418957845963,67.19291322007423,12.681853389380969,26.958432520051126,1438.2242102364503,16.343456934505117,25.209477934189703,11.306979744711905,16.067733825490976,1.5010765467082794,0.22105943362204558,0.05846032662727745,0.07900731519017047,0.10867045903385056,hjorth_mobility,hjorth_complexity,0.35381025296523005,0.38284237986041353,-11.176681518554688,-1000.0,973.6328125,-20.01953125,51752.479647839195,227.49171336081497,1716,eeg_baseline_level_6.csv,9,AF8,90.00390625,100.0
18788.216054273616,2684.030864896231,5961.663254256469,617.2328928321155,2629.2898211295046,2107.437149289171,263.4296436611464,675.1168918185355,44.79167644301586,140.44750875794654,145.37196652680657,18.17149581585082,34.45228524196527,12.143035989563447,14.80146917947714,158.03392831065992,4.158787587122629,11.714064068421742,1.1887055457357363,3.360793300104331,356.5955476486255,4.052222132370744,104.52741804220234,0.8893651669101585,2.098090534100371,1.5589121373762689,0.3645851305264178,0.043476153750920704,0.05679643877074076,0.11535370994569631,hjorth_mobility,hjorth_complexity,1.0260497335991672,0.6590539967089706,-34.441566467285156,-404.78515625,397.4609375,-43.45703125,14655.025920037588,121.0579444730398,1716,eeg_baseline_level_6.csv,9,TP9,90.00390625,100.0
10350.418770976738,1478.6312529966767,2451.915738776409,589.951441045119,1528.3879064559792,2136.4638596208033,267.0579824526004,524.3310226895926,62.72033710303598,227.07043496430697,122.8611903335785,15.357648791697313,34.714663058730224,9.351344242412791,11.061809543509277,136.62359528545934,3.595357770669983,11.614599116403117,1.2232786852729947,3.033401878591369,118.61765046052423,1.3479278461423208,2.8849531455923176,0.48356120895148297,1.2366540495408769,1.6251333625940374,0.5973424168406405,0.06145121903566024,0.08303343015214103,0.08161078227784907,hjorth_mobility,hjorth_complexity,0.8668351197648135,0.47952454194578775,-35.66398620605469,-368.65234375,295.8984375,-31.982421875,6097.868637734791,78.08885091826356,1716,eeg_baseline_level_6.csv,9,TP10,90.00390625,100.0
207.13490321608273,29.59070045944039,43.15521971204227,16.692454613137283,29.247981175117022,55.07387895738229,6.884234869672786,9.834921543371587,2.7368437531602146,6.756409039979118,13.522815709243707,1.6903519636554634,2.4434631687139037,1.0371330014342175,1.5161220044831687,58.0520188992426,1.5276847078748053,3.2390126321281962,0.7213551309304417,1.4393510676492205,83.94314192242342,0.9538993400275388,2.178351501030772,0.376564370639757,0.9143008262325936,1.2475117334481653,0.509848592935568,0.16877395534830117,0.7358908567127567,1.151263935310574,hjorth_mobility,hjorth_complexity,2.9941192657182594,0.8322518042911013,-38.18092346191406,-102.5390625,45.41015625,-38.57421875,218.75380756682716,14.790328176441088,1716,eeg_baseline_level_6.csv,10,AF7,100.00390625,110.0
190.77988320294193,27.254269028991704,49.41556387513547,13.570128746964347,23.735280261605222,53.16176385930045,6.645220482412556,10.999217855755226,3.2333379214956204,6.569226817347777,15.357534577025705,1.919691822128213,2.749322499575566,1.349733706218392,1.7705316029890155,30.785320414431023,0.8101400109060796,1.430700714185407,0.36566635526254126,0.7545454768744463,35.98228606113669,0.40888961433109877,1.2503114309394112,0.15901989002516473,0.3690110858023682,1.3834630400535675,0.6079131911142713,0.23402524764295812,0.5446781762118972,0.7041409345952416,hjorth_mobility,hjorth_complexity,2.109593633305184,0.7340303796470741,-32.753562927246094,-100.5859375,26.85546875,-32.71484375,171.40460226073628,13.092158044445396,1716,eeg_baseline_level_6.csv,10,AF8,100.00390625,110.0
3011.4081126639085,430.20115895198694,624.2467171640762,192.834271239899,454.2198047004787,897.4940375962092,112.18675469952615,206.89258820701775,40.19768907458412,89.57331424245743,108.85779174575151,13.607223968218939,19.08086445667337,9.190276696784219,12.884507214888298,100.90894555402387,2.6554985672111546,5.881705208898755,0.574243925260155,2.5672364288500984,215.67029903344968,2.4507988526528375,73.14355207999944,0.4435665247869529,1.1241901186432617,1.5331708018312922,0.7073663853193489,0.14171149907562164,0.16669631432876328,0.3062368163538157,hjorth_mobility,hjorth_complexity,2.9985418938803243,0.7634153793433921,-42.960357666015625,-281.73828125,89.35546875,-37.109375,2119.1687550162897,46.03443010417626,1716,eeg_baseline_level_6.csv,10,TP9,100.00390625,110.0
2870.6422707044667,410.09175295778095,679.1128861749444,164.95928918964572,410.5959603445294,745.497828083448,93.187228510431,182.430931653541,28.35795096914619,65.45884231878325,97.69217129642985,12.211521412053731,23.646850521777466,6.176800950450701,9.958478106587673,72.17963676143721,1.8994641253009792,4.544230137641995,0.6478360446875263,1.7305497939822454,76.63583167629557,0.8708617235942678,1.8729562954338332,0.35071424523631334,0.842958281047081,1.5664377374073024,0.6677040904283538,0.14095083397648722,0.13830884893196435,0.16279666371492327,hjorth_mobility,hjorth_complexity,2.0299863263880074,0.6122673256440896,-47.54619598388672,-288.0859375,68.359375,-42.48046875,1909.8615040638833,43.70196224500547,1716,eeg_baseline_level_6.csv,10,TP10,100.00390625,110.0
158.93883501457685,22.705547859225266,30.442055554236553,16.257783165023508,20.24846428160515,75.648829453751,9.456103681718876,21.38010098151307,2.9800228886498585,9.330324363282138,15.272385112795634,1.9090481390994543,4.243685447785958,0.6273914098595825,1.5005403954005168,76.46501537679877,2.0122372467578624,5.433499410527578,0.3586420639589496,1.565972662118123,124.01498517379859,1.4092611951568021,3.6780797603150526,0.29045123926557564,1.2032486473716197,1.0069877063539123,0.5978228645489556,0.17198655276981267,0.8460309177923241,1.4868143972801542,hjorth_mobility,hjorth_complexity,3.073726572635436,0.8625379517071347,-40.64502716064453,-86.42578125,34.1796875,-41.50390625,234.19505854690215,15.303432900722052,1716,eeg_baseline_level_6.csv,11,AF7,110.00390625,120.0
434.7849351276814,62.11213358966877,101.9744692994127,41.69437408502978,52.8500339542403,145.15530156600764,18.144412695750955,44.975209861203815,3.6449361363870443,12.632230434705445,37.93345848231372,4.741682310289215,6.967970543697881,3.008245351318183,4.632298528413747,56.29300463677584,1.481394858862522,3.29861694824998,0.45819708324289504,1.2748632908722497,39.22116106245994,0.44569501207340845,1.3496727147119763,0.0838119959402071,0.3664236396114881,1.4177465538042686,0.6617802538368177,0.2581213824361326,0.4665831914079118,0.38736300292807796,hjorth_mobility,hjorth_complexity,1.8088549182847387,0.6983716291886758,-28.241539001464844,-95.21484375,150.390625,-30.2734375,389.48397817875957,19.735348443307494,1716,eeg_baseline_level_6.csv,11,AF8,110.00390625,120.0
6215.592826790652,887.9418323986646,1131.8476592266895,421.6578106472823,973.5212308977243,1455.3158509697296,181.9144813712162,436.687315727802,40.93051134338518,137.94710993973882,99.13315210791237,12.391644013489046,21.457175052274682,5.725135684359964,11.517349165493137,95.44227617014784,2.5116388465828376,6.926219649270242,1.1785981105271401,2.063150054994087,221.40597273704503,2.5159769629209663,73.392826499182,0.45613551281918396,1.1482347451303077,1.662244588847521,0.6360226793615611,0.07795442792989168,0.09348076898351146,0.18612723715616297,hjorth_mobility,hjorth_complexity,1.9990279292535498,0.6676360055779936,-39.61334228515625,-359.86328125,125.48828125,-31.73828125,4072.117058094591,63.813141735026576,1716,eeg_baseline_level_6.csv,11,TP9,110.00390625,120.0
5420.48211135309,774.3545873361556,993.9394734927147,409.98771688217016,851.4980005005815,1362.7901378611361,170.34876723264202,430.05354519330757,24.34742925817158,134.9012353201057,63.99334704108445,7.999168380135556,18.662384594527836,2.14855201009908,5.946506818301728,61.07894086858728,1.6073405491733495,2.5483220350861595,0.6880896097317134,1.673772856171337,73.78973457234306,0.838519711049353,1.816455529331059,0.33935554216544994,0.7878502306770987,1.6748301789926403,0.6673177657907376,0.05925024538122779,0.07233797936334138,0.09409906981698493,hjorth_mobility,hjorth_complexity,1.5877235101814697,0.5325192047610916,-43.04924011230469,-365.234375,93.75,-36.376953125,3675.1177567930426,60.62274949878999,1716,eeg_baseline_level_6.csv,11,TP10,110.00390625,120.0
83.07257968833265,11.867511384047521,17.77935487112613,7.017686650468609,10.153273861564019,40.7133562997335,5.089169537466687,9.248949748377019,1.8209176261629159,4.8211152512455,12.18286365638625,1.5228579570482812,2.570995495165894,0.7902320596298682,1.3545127194737585,98.7232610333909,2.5979805535102867,4.96247047131421,0.5676253608246173,2.209280580650148,163.70236244120593,1.8602541186500674,4.922029156994597,0.5876958895676788,1.542057884411487,0.6909273923739805,0.415509366958255,0.16031902596957542,1.1556067933564866,2.0493802970151895,hjorth_mobility,hjorth_complexity,3.2683222117663124,0.8652002055916235,-36.68479919433594,-89.84375,32.2265625,-36.1328125,233.98533681756817,15.296579252158574,1716,eeg_baseline_level_7.csv,0,AF7,0.00390625,10.0
394.1996028136414,56.31422897337734,112.59911362123718,26.215666128413815,35.43029041579671,93.48555570247434,11.685694462809293,20.732260629316833,3.6589325897321348,11.91974375997137,31.2143408557083,3.9017926069635376,5.7083035062334835,1.0595941040506724,4.101775860081522,39.97824160313259,1.0520589895561208,2.710785220621855,0.22271882208032118,1.0081500388116718,40.40297728111824,0.4591247418308891,1.3559418793178546,0.0825463785715759,0.38678032832100184,1.4080029999385275,0.5646733083341381,0.24568378385926704,0.3949643525549981,0.449961602840417,hjorth_mobility,hjorth_complexity,2.109593633305184,0.736764093132539,-35.90812683105469,-103.515625,103.02734375,-36.62109375,296.6774567903485,17.224327469899908,1716,eeg_baseline_level_7.csv,0,AF8,0.00390625,10.0
1978.64054629387,282.6629351848386,376.1537060010976,201.00368471176498,316.91014575481535,449.8890078152024,56.2361259769003,124.42193303107953,15.129932157459885,46.036433235422635,61.351500264447075,7.668937533055884,14.694248964744999,3.226772296869666,6.919965758954698,83.10254966255359,2.186909201646147,3.8939001468061605,1.113635781474983,2.04297454534892,764.7283581003377,8.690094978412928,429.574444889346,0.3158646735297564,1.2327091815377271,1.4375269450879735,0.515652555101016,0.1081172936275766,0.17915344453639542,0.7463575847984533,hjorth_mobility,hjorth_complexity,3.803460219376223,0.9684012369123091,-45.0531005859375,-304.6875,93.75,-42.48046875,2003.356171771884,44.758866962557086,1716,eeg_baseline_level_7.csv,0,TP9,0.00390625,10.0
2055.2203255190043,293.60290364557204,348.5953884948447,170.79585078452578,308.9640762177239,371.51927872041136,46.43990984005142,87.32181662668624,12.913311722551263,38.0384314445028,41.32581688906882,5.165727111133602,8.84805228055436,1.544076059808422,5.333913228350305,68.53695236095966,1.8036040094989385,4.0126433823617695,0.7754542783148588,1.6931079045354123,85.53723426343419,0.9720140257208431,3.05379617719668,0.23381831867740718,0.8460164284137957,1.6866186431790051,0.5368113149487744,0.09539752371543012,0.185948661800391,0.2504609581975298,hjorth_mobility,hjorth_complexity,1.636372419964189,0.6746781875564567,-38.330078125,-299.8046875,73.2421875,-34.423828125,1729.8383638262749,41.59132558390361,1716,eeg_baseline_level_7.csv,0,TP10,0.00390625,10.0
151.07609515400011,21.5822993077143,34.297950025662516,9.443953592384913,20.96066833705598,64.59184054876235,8.073980068595294,22.56401263014617,3.246320924604168,5.024176278071767,21.679996614729074,2.7099995768411342,3.9693255712620945,1.712816260494943,2.7185652189551845,133.55202325106487,3.5145269276596016,7.289532338996218,0.8894853130202242,3.0167975164550906,423.36702121299584,4.8109888774204075,14.55213017049674,1.3159740763000534,4.031294427931305,0.6177662513558188,0.3245408959381615,0.14052798887677015,0.8081314014974081,2.417062271561868,hjorth_mobility,hjorth_complexity,3.378887915817947,0.9295612824004051,-29.61444854736328,-109.86328125,66.40625,-30.2734375,553.5433161639958,23.527501273275828,1716,eeg_baseline_level_7.csv,1,AF7,10.00390625,20.0
401.43306539585353,57.34758077083622,95.0217807508298,23.85287331836086,47.685058616608856,100.34527530358598,12.543159412948247,27.08732559965851,3.7453571639201684,11.551999010059632,25.677659618972896,3.209707452371612,4.6154380752435795,2.0912078220335926,3.2352419523837757,43.81261358860536,1.1529635154896147,2.0687960318214476,0.4685955953122818,1.1424340233583328,84.25870727729821,0.9574853099692979,2.458138080139165,0.25326927147953676,0.7892536386724591,1.3878817737690594,0.559829533557521,0.1984220614258731,0.4011974185911381,0.787313065790166,hjorth_mobility,hjorth_complexity,2.2157367091947533,0.8080787173679984,-36.15531921386719,-131.34765625,74.21875,-36.1328125,401.5250653901603,20.038090362860437,1716,eeg_baseline_level_7.csv,1,AF8,10.00390625,20.0
1065.3178053249503,152.18825790356433,231.44549869465988,60.51942004608525,119.47381571282679,468.8848733292213,58.61060916615266,127.22473103080172,18.48924511765169,54.51171314040156,43.89760635813865,5.487200794767332,10.897036495554998,1.773817938139815,4.625654740230518,108.32328780326806,2.8506128369281067,4.389242634827947,1.1141462391287729,2.8386121088501772,799.4416083453376,9.084563731197019,400.4853313314668,0.7985972049505546,2.3054492977889973,1.145956118551677,0.6631529951360593,0.1040753048410863,0.28756387802336264,1.0902233695284953,hjorth_mobility,hjorth_complexity,4.13073470336906,0.9850493978351259,-42.25578308105469,-284.66796875,90.8203125,-40.52734375,1314.7357791604009,36.25928541988108,1716,eeg_baseline_level_7.csv,1,TP9,10.00390625,20.0
1127.7732409800212,161.1104629971459,242.51158309526156,61.196096859204204,136.38793489603302,467.9598689577914,58.494983619723925,136.62249497281576,18.171446155897527,40.509187332309544,33.70185645752575,4.212732057190719,8.169502437384148,2.2564551743106627,3.7235480639848237,87.29430638907456,2.2972185891861727,4.490484436923377,0.5757306041954544,2.2057382474538985,143.07472686365054,1.6258491689051198,3.216437637127111,0.5104464179964389,1.5431933681005057,1.416297694801895,0.7994199680083063,0.10703730403895512,0.3042169387591084,0.5253504685453881,hjorth_mobility,hjorth_complexity,2.6358863845909637,0.7630793780719316,-35.4278564453125,-238.28125,62.5,-34.1796875,996.723948046565,31.570935178524014,1716,eeg_baseline_level_7.csv,1,TP10,10.00390625,20.0
253.30330379504218,36.186186256434596,63.04796076981758,10.995506214509907,37.40732865642099,113.0173208704326,14.127165108804075,27.292149310924277,4.870754928638263,12.140785762052275,26.951265531206218,3.3689081914007772,5.197031034146167,1.2256605316588738,3.5564166091986005,148.73654958743325,3.9141197259850853,9.289525416725196,1.1559187899567633,3.706469174253221,310.03862731701815,3.52316621951157,10.068099217715691,1.0043706011002467,3.1906372646930716,0.8722119298894935,0.495860270639448,0.16272528108773596,0.862049735128491,1.8479357920478408,hjorth_mobility,hjorth_complexity,3.3302390060352276,0.8867529990699776,-37.264442443847656,-114.2578125,62.5,-38.0859375,463.5146641157917,21.52939070470392,1716,eeg_baseline_level_7.csv,2,AF7,20.00390625,30.0
715.3297465528078,102.18996379325826,239.56884594735982,36.45678390330608,52.36396177925037,174.2486442884165,21.781080536052063,52.90832685934544,7.080130366776341,18.810351621925726,42.03525662555754,5.254407078194692,7.2720738864250665,2.6613567963631084,5.2338965195050715,44.55144404908281,1.1724064223442845,2.2956976822340316,0.3843087000665253,1.0550005793056947,62.61579903766416,0.7115431708825473,1.4246518082333415,0.16768926792574584,0.6599067047527346,1.3890610241588195,0.5935020345828419,0.20398100561976712,0.2760219768835674,0.41699283546306365,hjorth_mobility,hjorth_complexity,1.8530811999053922,0.7370476743783825,-33.60023498535156,-148.4375,34.1796875,-32.71484375,536.6292547842022,23.165259652855227,1716,eeg_baseline_level_7.csv,2,AF8,20.00390625,30.0
2722.6351030171045,388.94787185958637,571.9621413229578,156.5578833621096,402.5325478024661,855.1734764915723,106.89668456144653,219.71905424176424,21.519398162950715,88.12130345594491,90.1386961375884,11.26733701719855,27.028834183603266,4.341879863132389,9.693203678966839,124.18323287923509,3.2679798126114497,5.136737216086846,1.517591128913573,3.3128352160965164,701.7147865718318,7.974031665588998,354.19367162188024,0.6025823473910251,1.7374969735000612,1.4370465243991153,0.6673566556437012,0.11506289445227288,0.19556087018900828,0.6239969134152887,hjorth_mobility,hjorth_complexity,3.4319594537627314,0.9146759334541777,-40.334129333496094,-270.5078125,77.1484375,-35.400390625,2122.524953701941,46.07086881861401,1716,eeg_baseline_level_7.csv,2,TP9,20.00390625,30.0
2612.8624539098773,373.2660648442682,477.81724484577416,143.51565156649735,409.0366914823331,845.9412911403771,105.74266139254713,225.90699843258298,21.421593093179858,89.30999982460116,66.94640930448242,8.368301163060302,18.51251271389942,3.1796391692769936,8.261607431253415,82.26011295290859,2.164739814550226,3.34280843520044,0.7923491353800832,2.066379019552429,115.5471645497374,1.3130359607924704,2.5802980098849186,0.4080589788018463,1.2284855288061118,1.5672851130958134,0.7581971999610121,0.10542064681795749,0.16123147177208944,0.24116800485075607,hjorth_mobility,hjorth_complexity,1.8353906872571308,0.6476300501220281,-33.44554901123047,-233.3984375,76.171875,-28.80859375,1766.4870217777207,42.02959697377219,1716,eeg_baseline_level_7.csv,2,TP10,20.00390625,30.0
240.7715596968552,34.39593709955074,48.05247408402246,11.432961488332873,40.24490331911079,92.44129051315335,11.555161314144168,26.18572283700674,3.9855244909778,7.552267274655695,22.19590983847923,2.774488729809904,4.775037063462271,1.123677844651349,2.9710719000536994,129.35034821286425,3.4039565319174803,6.871854682572133,1.0197427406419033,3.487517322674168,302.7055457027885,3.439835746622597,12.711034800392143,0.9353155767648964,2.852359510037104,0.8820548079617576,0.4380638499820065,0.14566902959474165,0.8137287609844709,1.8937547309280849,hjorth_mobility,hjorth_complexity,3.4452273382489276,0.9104308098510061,-35.20183563232422,-98.14453125,59.5703125,-36.1328125,431.4920573597192,20.772386896062745,1716,eeg_baseline_level_7.csv,3,AF7,30.00390625,40.0
690.6067410782574,98.6581058683225,221.94871792017668,46.03432955025648,54.28188547851116,158.31373469136705,19.78921683642088,44.04886141997174,7.357783854200188,14.461242552299822,31.164207295987218,3.8955259119984023,7.255221403424555,2.365953669361267,3.2082226829384712,41.368566850416485,1.0886464960635918,2.276008772891509,0.5027407688242913,0.9432446987121854,55.71421905569845,0.633116125632937,1.2624932107811073,0.1833934631928636,0.6326610207343673,1.4282977442352778,0.5844407637024,0.16887160932330755,0.2754950554331375,0.40258672795488004,hjorth_mobility,hjorth_complexity,2.2555403626533415,0.7347017090725115,-37.81852722167969,-182.6171875,33.203125,-36.62109375,531.7978734092321,23.060743123525576,1716,eeg_baseline_level_7.csv,3,AF8,30.00390625,40.0
2281.9973768659843,325.9996252665692,480.8053845579573,211.58426741313673,315.0129811575419,633.435571246143,79.17944640576788,192.67367543712024,20.49649450635565,55.67138462749098,56.62906605631607,7.078633257039509,15.21274771155339,1.9723293575116527,4.9829153823947685,100.8829020565454,2.6548132120143526,4.891936986355987,1.0847056030157785,2.347492240804349,741.6263579422923,8.42757224934423,394.65581498249674,0.5881831582736177,1.573644835813036,1.4259371812135822,0.5948933712276296,0.08915885454370065,0.18837893953347587,0.7065435786858651,hjorth_mobility,hjorth_complexity,3.8919127826175304,0.9641153651328551,-40.79627990722656,-308.59375,60.546875,-37.109375,1798.0427852307912,42.4033346003683,1716,eeg_baseline_level_7.csv,3,TP9,30.00390625,40.0
2448.3585070106647,349.76550100152355,502.25727264341015,162.9169302880498,330.92192641234345,666.934423743388,83.3668029679235,208.60410832503163,26.419090832569392,54.56993324750792,45.87390449859818,5.734238062324772,15.258980825182704,2.6591883210650433,3.9469053646290253,83.44902897033955,2.1960270781668303,3.6820807027898215,0.7851218963373265,2.348144609638311,96.38395964040765,1.0952722686409961,2.8227200647382866,0.4927115580759407,1.024703865153223,1.5997381592876758,0.6824318576249605,0.0834153250704553,0.17884112672422386,0.22640131115188253,hjorth_mobility,hjorth_complexity,2.158242543087903,0.6754906356809762,-38.22917938232422,-315.91796875,67.87109375,-34.66796875,1665.7584055428742,40.81370364893235,1716,eeg_baseline_level_7.csv,3,TP10,30.00390625,40.0
537.0101770467468,76.71573957810668,114.35832634938232,34.717142948416296,77.62350954152822,195.00922422079003,24.376153027598754,86.11914917313572,5.8644808308789145,13.153947662977195,29.854785486804843,3.7318481858506054,7.9768905184266305,2.1892533214652308,3.1517482989496868,208.84388661904228,5.495891753132692,15.474315721371836,2.482509464682518,4.710641399435576,444.5111217030661,5.051262746625752,13.650523423649325,1.0513034758675446,4.539466920676999,1.0312080561569028,0.47449146723916413,0.11587438206070427,0.7599211740546549,1.6342418319260474,hjorth_mobility,hjorth_complexity,3.144488623228482,0.8874575609885702,-39.423561096191406,-142.08984375,83.0078125,-40.0390625,734.8700626971549,27.1084869127208,1716,eeg_baseline_level_7.csv,4,AF7,40.00390625,50.0
1729.834491329467,247.11921304706672,498.3823192796808,64.99047056498412,195.9104680131792,195.32775022346297,24.41596877793287,85.57453235837362,9.047102845827535,13.494387839334166,47.80174921860803,5.975218652326004,11.162376846005635,2.0797306598543215,5.673508087429493,51.09751927667687,1.3446715599125492,3.059877802354984,0.3841718198345297,1.28672673660262,92.42634310606987,1.0502993534780667,2.0360938132772888,0.3780974595184303,0.9979725469922083,1.5293659634948111,0.3636648603824766,0.12449618166513887,0.1678681496009497,0.3150385478070576,hjorth_mobility,hjorth_complexity,2.1936235683844263,0.7554044087010167,-35.776710510253906,-160.64453125,184.5703125,-37.109375,1074.9000499708927,32.78566836242465,1716,eeg_baseline_level_7.csv,4,AF8,40.00390625,50.0
5386.320723478284,769.4743890683263,1080.6069358732675,525.1035547051924,723.330168367426,1483.8838867058646,185.48548583823307,523.2269246076577,35.26479837713115,145.4323118541321,108.66871561217714,13.583589451522142,19.069050566683277,7.031760708124306,14.356422836362967,152.67512190883448,4.01776636602196,6.759213195945327,1.5444947445798707,3.9637426832846874,872.1250774383132,9.910512243617195,384.8456637533164,0.7083496373656397,3.261776820667879,1.543861272721174,0.6368013075871792,0.08488903908784433,0.14166039709341047,0.5272293503634611,hjorth_mobility,hjorth_complexity,3.06045868814924,0.8707473291749535,-41.034698486328125,-309.5703125,144.53125,-36.1328125,3871.855334728025,62.22423430407179,1716,eeg_baseline_level_7.csv,4,TP9,40.00390625,50.0
4884.768976355995,697.8241394794278,980.2557787887903,488.58857072090814,654.6577151140675,1587.3208626012565,198.41510782515707,569.7744892381432,31.36706463631493,137.57444755270402,95.24455098479817,11.90556887309977,22.651377441982905,4.172369317787172,11.413524620644907,108.78429718910272,2.862744662871124,6.475099046209554,1.2043846912394747,2.4756921565432903,198.24274446411795,2.252758459819522,4.889202065109162,0.7454058438484412,2.005968167811851,1.591201814832658,0.7320422714650732,0.0850287402887489,0.12002918446401226,0.22588192439913374,hjorth_mobility,hjorth_complexity,1.8884622252019152,0.6425222853759984,-43.143653869628906,-304.19921875,132.32421875,-40.0390625,3465.1401012888527,58.86544063615639,1716,eeg_baseline_level_7.csv,4,TP10,40.00390625,50.0
251.45803262459512,35.922576089227874,43.033954437946214,18.36305181161902,37.87330072983306,87.74371196169079,10.967963995211349,24.212231233998605,4.07337252766902,7.034210741783233,19.931174996034876,2.4913968745043595,4.78392631425752,1.1580710447131488,2.073581925137566,138.3591571876838,3.641030452307468,7.104477611711839,1.435796945171769,3.4515560662274103,230.21013060791637,2.616024211453595,5.17252358386067,0.9977608935578723,2.40739180390986,0.9918908746865241,0.46059643376920806,0.14527193493539584,0.9489635116011906,1.6732602512846109,hjorth_mobility,hjorth_complexity,3.24178644279392,0.8572583869491879,-38.31748962402344,-102.5390625,71.77734375,-38.57421875,362.8084714000579,19.047531897861674,1716,eeg_baseline_level_7.csv,5,AF7,50.00390625,60.0
1076.1306130252933,153.73294471789904,329.94662860130046,40.87860929440907,139.78910509064656,128.13037995577955,16.016297494472443,52.621283799418734,5.77485746603432,10.411122005050728,25.136364860044313,3.142045607505539,6.3592494353318,1.4237826165435754,2.478308956570116,38.7088783142823,1.0186546924811133,2.793122206344343,0.5093008448819178,0.93585427568815,59.5683552235774,0.6769131275406522,1.6385972197085188,0.21120206859131585,0.6378108756289447,1.524366611161834,0.3885558226770494,0.11035090719716419,0.20349472337821964,0.32967230498672057,hjorth_mobility,hjorth_complexity,2.463403886270414,0.7381783840889746,-34.22813415527344,-158.69140625,107.91015625,-35.15625,641.2728501891252,25.323365696311484,1716,eeg_baseline_level_7.csv,5,AF8,50.00390625,60.0
5328.41649097581,761.2023558536872,1104.1251889791008,367.2306838625889,764.5687497687933,1221.413051070345,152.67663138379314,296.59502029474186,52.6258795178001,139.99540891936354,125.69596838246548,15.711996047808185,35.14550803882,7.138901758613303,11.371033572677096,112.02056958975116,2.9479097260460834,6.184584664082496,1.4371554057999778,2.581497017467779,752.3416512836208,8.54933694640478,400.75593381483225,0.4812583734296825,1.5988155102043105,1.5683111631044804,0.6002039323602932,0.09919202098806992,0.11412992627162477,0.4332381196323027,hjorth_mobility,hjorth_complexity,3.511566760679908,0.904323698498636,-40.06977081298828,-327.63671875,178.7109375,-35.64453125,3194.876469169685,56.52323831106711,1716,eeg_baseline_level_7.csv,5,TP9,50.00390625,60.0
6653.775778621848,950.5393969459783,1271.1256254751925,558.7428479909609,1048.7625767567945,1274.226866560858,159.27835832010726,369.5676069099634,38.25647085638137,135.35152558582914,101.00575013052476,12.625718766315595,27.12049078508951,6.3443802771444435,10.710369480367687,82.6977832804217,2.1762574547479394,3.9679494699709625,1.092437017688038,2.12108413538962,122.0508163116917,1.386941094451042,3.1383238525577206,0.30724014044375286,1.3867764520493011,1.6886080711219493,0.565963201339616,0.0764351504986989,0.08069501766990464,0.12539019116977396,hjorth_mobility,hjorth_complexity,1.9636469039570268,0.6286285343829815,-32.93952941894531,-354.4921875,271.97265625,-29.78515625,3416.146890813252,58.447813396338894,1716,eeg_baseline_level_7.csv,5,TP10,50.00390625,60.0
292.87529948954244,41.83932849850606,50.86606034843133,29.123851396510858,43.834479445125226,58.8397217271903,7.354965215898788,19.09388688246612,2.2365349448700655,5.089993198813078,23.38631631459568,2.92328953932446,4.073163504187601,1.6267018130986441,3.062873871226557,159.51527714924097,4.197770451295815,10.430156594855083,0.799130854972162,3.732930954351093,250.85737152776613,2.8506519491791606,7.192863883547424,0.8645809991920281,2.519369446707036,1.0362991933350145,0.3148989141580757,0.15620886997254024,0.9785609450461934,1.6584867852530871,hjorth_mobility,hjorth_complexity,3.073726572635436,0.8578190613376795,-36.92150115966797,-111.328125,76.66015625,-37.841796875,412.2119402381941,20.303003231989944,1716,eeg_baseline_level_7.csv,6,AF7,60.00390625,70.0
1139.6288055487835,162.80411507839764,286.63104042825745,52.21655086573347,151.99930518183768,96.54984321111888,12.06873040138986,28.875405625340036,2.3591582666654904,10.294155485997848,17.645808358127578,2.2057260447659472,3.3786729957153843,1.2536464620310541,2.267520609698188,40.87113320843258,1.0755561370640152,1.8940423146655592,0.41390042367517427,1.0053415236220558,57.417886690539504,0.6524759851197671,1.3948314588722504,0.17484507627422452,0.6379275263103257,1.6542383835890972,0.30715351511445166,0.0796427174770894,0.20524851277624404,0.3071617235279334,hjorth_mobility,hjorth_complexity,2.3351476695705182,0.7543067168378906,-34.05628204345703,-149.4140625,90.8203125,-35.15625,619.1998236681684,24.88372608087801,1716,eeg_baseline_level_7.csv,6,AF8,60.00390625,70.0
7313.095338714276,1044.727905530611,1885.2057825785128,357.4173955210851,971.5476962675423,1088.9578075995207,136.1197259499401,303.1707431860583,31.27056243200157,92.2275022368662,146.7433483473961,18.342918543424513,26.195542211811418,4.939868436022595,19.22752262846533,141.52581251010434,3.724363487108009,9.4941578240185,1.542132701343075,3.1073374691858424,564.488372848963,6.414640600556397,239.3563778498347,0.7141080249833706,1.9340779461814133,1.6120602639404442,0.45601369679573783,0.09527784139533238,0.11486288892349944,0.3248218532428153,hjorth_mobility,hjorth_complexity,2.640309012753029,0.8367314434714193,-36.09905242919922,-425.78125,146.484375,-31.25,3921.943415152782,62.62542147684742,1716,eeg_baseline_level_7.csv,6,TP9,60.00390625,70.0
10397.181853507855,1485.3116933582648,2534.52211333824,363.7934791560476,1643.4312931217776,1226.5424304928656,153.3178038116082,328.53626557422575,34.89478710754037,107.17647150206908,97.42719152104988,12.178398940131235,22.64704676621444,4.945544107549038,10.984246451967717,96.75469554477543,2.5461761985467217,5.691322312776852,1.034339944259457,2.368412847128239,124.75978436075458,1.4177248222813021,3.7682931579362124,0.49267335922301236,1.3366553686324278,1.6501233889782896,0.41003234471371663,0.05331810752331122,0.06510391116503628,0.08964047411605508,hjorth_mobility,hjorth_complexity,1.1852643474335207,0.5862327642482619,-34.84477996826172,-484.375,145.01953125,-29.296875,5159.653660339245,71.83072922043354,1716,eeg_baseline_level_7.csv,6,TP10,60.00390625,70.0
1721.312595114621,245.9017993020887,523.0751494432935,81.77003360129726,178.92237361722997,108.31963397190268,13.539954246487834,37.436598711353525,3.0710364970408963,7.321592434273131,33.39539216414046,4.174424020517558,7.657566872965028,2.288139221947337,4.30111745331471,169.87571472047918,4.470413545275768,11.527774212412385,2.1769122977617488,3.5837504862106933,283.5856196888361,3.2225638601004105,8.108251618131092,0.7475875978217045,2.930179835208308,1.4867828749049479,0.21889240461348172,0.08688506280136146,0.4348411251342299,0.763664219497811,hjorth_mobility,hjorth_complexity,3.0471908036630437,0.8652514503420162,-37.705421447753906,-306.640625,63.4765625,-35.64453125,1073.2893182648695,32.761094582825976,1716,eeg_baseline_level_7.csv,7,AF7,70.00390625,80.0
3353.394187536557,479.0563125052225,858.4132048826194,177.1930178059498,397.72751849166605,185.8459220979071,23.23074026223839,50.971111913915955,10.78117880568207,17.787652972290054,38.20368323902145,4.775460404877681,7.388715441597684,2.205890227367785,4.699263362949303,77.93316093105133,2.050872656080298,3.4392237212672687,0.5545403893926945,2.094131134505562,109.5710676062705,1.2451257682530739,4.0582886121027775,0.3269440673403088,0.9139949549908781,1.655781484850617,0.23390006219946444,0.06403182054487111,0.14748323391821908,0.2181502678672641,hjorth_mobility,hjorth_complexity,2.087480492494857,0.721664144556874,-41.15734100341797,-380.37109375,65.91796875,-36.62109375,1977.6837300378247,44.47115615809673,1716,eeg_baseline_level_7.csv,7,AF8,70.00390625,80.0
6151.950082887293,878.8500118410419,1896.9930696884112,268.58244351810214,681.5999942181727,639.1048248521606,79.88810310652008,175.1313083854703,18.47828387935029,55.996084465614274,81.55980013291703,10.19497501661463,15.225285817314184,4.978427515698382,10.260094059026825,174.93203214647906,4.603474530170502,9.630925793117742,1.4876014247397635,4.399700825078037,547.2340480729563,6.218568728101776,192.5513352551269,1.0639938213545785,2.5172773844697662,1.5393754472953187,0.3522784842167009,0.0684591450204754,0.16413943110108664,0.4018675483136087,hjorth_mobility,hjorth_complexity,2.8570177926942324,0.8285835509760313,-44.44427490234375,-420.41015625,142.578125,-36.1328125,4759.55426460132,68.98952286109333,1716,eeg_baseline_level_7.csv,7,TP9,70.00390625,80.0
7458.073832839644,1065.439118977092,2126.4357799539875,239.65147938588947,890.5340022891271,474.8845857617131,59.360573220214135,115.9944316857105,10.641210954826313,46.41203800298308,49.72676830120305,6.2158460376503815,9.463365782642931,3.455136983813009,5.343488487829731,129.42871388011577,3.406018786318836,6.015640520799625,1.366229700104398,3.114390695194561,161.9640833450476,1.8405009471028138,5.213973944425262,0.4103798881261863,1.6038953913447618,1.6045693784583301,0.26452249699200847,0.04151092869231951,0.1172034677854733,0.1573258701815214,hjorth_mobility,hjorth_complexity,1.7690512648261503,0.6276160113356004,-41.895103454589844,-425.29296875,125.0,-30.76171875,5374.017152607848,73.30768822304962,1716,eeg_baseline_level_7.csv,7,TP10,70.00390625,80.0
27.092110363119343,3.87030148044562,5.502868292243948,2.2689949410333212,3.448774849310753,20.119095298811636,2.5148869123514546,4.984868197982838,0.8771981030231522,2.1918191403011416,13.464742323255262,1.6830927904069077,2.3766906676328223,0.8705652944045098,1.7344089487564178,121.56138391332199,3.198983787192684,5.753757814863117,0.8158571451428845,3.202918504484802,168.2328990788494,1.9117374895323798,3.7879660587435557,0.5458916563978808,1.8694596290418155,0.3187584739979701,0.25477967000644863,0.18718921757383733,1.4786899522708699,2.2739781557695453,hjorth_mobility,hjorth_complexity,3.887490154455465,0.8750166053281214,-37.098121643066406,-83.49609375,17.08984375,-37.109375,195.63861565984553,13.98708746164996,1716,eeg_baseline_level_7.csv,8,AF7,80.00390625,90.0
119.32484059842534,17.046405799775048,25.399826181576746,6.913090278127623,14.148861414350357,66.90656064552985,8.363320080691231,19.77207900397979,2.5632953643173684,4.392775512605127,15.194615765740334,1.8993269707175418,4.111248047272837,0.6435432017411414,1.5490112259937658,40.732103591686375,1.0718974629391151,1.8758582752556083,0.449134830542554,1.0358490331245132,54.624042963901815,0.6207277609534297,1.2893720915701807,0.22224115666006672,0.5656897572737893,1.0751797630232525,0.7095530004362012,0.23746569973439352,0.7296949901058283,1.0681459128137099,hjorth_mobility,hjorth_complexity,2.8304820237218404,0.8232849001353499,-36.08856201171875,-80.078125,31.25,-36.62109375,164.25186535343528,12.81607839213834,1716,eeg_baseline_level_7.csv,8,AF8,80.00390625,90.0
1697.5444847909232,242.5063549701319,326.44786154205576,141.96361564934665,276.9837897806768,442.3899382675826,55.29874228344782,107.98321591974258,18.52833025324106,42.739172929367406,52.028605336450426,6.503575667056303,12.756709651280504,1.954259005372859,6.898692627359888,102.62411765168325,2.700634675044296,4.770719838495392,1.3387024114811936,2.4857362917756234,467.4841477060366,5.3123198602958706,197.62604841328272,0.3973744463668545,1.6501137600942755,1.4497306713119564,0.5865352530170497,0.10834055803927684,0.24984259605402198,0.7378128078406496,hjorth_mobility,hjorth_complexity,3.838841244672746,0.9376232880628202,-38.09528350830078,-272.4609375,75.68359375,-36.62109375,1371.506979885453,37.033862610932886,1716,eeg_baseline_level_7.csv,8,TP9,80.00390625,90.0
1617.0574228870755,231.00820326958222,319.1470529984927,149.41871865855603,208.9032134438014,451.57385343311654,56.44673167913957,121.69357774773019,21.40429536602207,48.17416288280337,51.90898926166952,6.48862365770869,10.03210568747941,2.6465028978501515,7.148649218662843,83.3376142150988,2.1930951109236525,4.7000193359647975,1.0549043059657917,1.921665868500185,100.89095620105095,1.1464881386483063,3.671464062980665,0.23800311262874782,1.0235952481199737,1.560852990483487,0.6834312810873506,0.12699459429747145,0.24390425107080163,0.3217502471007676,hjorth_mobility,hjorth_complexity,2.445713373622153,0.7005090677175156,-35.98155975341797,-260.7421875,49.31640625,-34.1796875,1146.706133695261,33.86304968096142,1716,eeg_baseline_level_7.csv,8,TP10,80.00390625,90.0
79.55130609812714,11.36447229973245,13.288933987548123,6.863529352883713,11.402239651465068,27.86276614141127,3.482845767676409,6.227239240801936,1.1048356962695682,3.4446066996532405,14.192793947897506,1.7740992434871883,2.336070092265676,1.089285686933757,1.7771634134236416,121.25326102544787,3.190875290143365,5.2662483301111775,0.9257543024009607,3.464415997168379,208.25120414137655,2.366490956152006,4.992988596068481,0.6249895953522757,2.2342663778343788,0.6097728653044373,0.2736211516463337,0.16267942990193476,1.2332243943356402,2.2393155376390297,hjorth_mobility,hjorth_complexity,3.5779061831108887,0.8658428458090582,-39.171791076660156,-98.14453125,15.625,-39.0625,238.5726893771789,15.445798437671614,1716,eeg_baseline_level_7.csv,9,AF7,90.00390625,100.0
141.26395274839518,20.18056467834217,30.07270112684931,10.024614848749781,20.408909982294606,29.88888019916532,3.736110024895665,7.40837192350399,0.7488843440526094,3.5889255594898977,8.933873244064355,1.1167341555080443,1.8830053119901227,0.6697354990206539,1.061961867432724,38.5191212137745,1.0136610845730132,1.9985449571143776,0.559343884658317,0.9274834552913409,61.380160724753594,0.6975018264176545,2.059833057443135,0.1928271486730112,0.6482563957124226,1.2363272455872272,0.41968747625810887,0.16355001749969988,0.7140842355299674,1.2065017111303242,hjorth_mobility,hjorth_complexity,2.755297344966729,0.8309541443656348,-36.849212646484375,-97.65625,66.40625,-37.109375,156.6800515865907,12.51719024328506,1716,eeg_baseline_level_7.csv,9,AF8,90.00390625,100.0
3904.6608369809915,557.8086909972845,1034.8355917324209,207.65333967619867,540.9836573026076,314.50646623759303,39.31330827969913,114.02813248340557,7.9200082623631625,25.103721673955764,35.70618572140178,4.463273215175223,6.060309482094097,3.7503487804971516,4.135919787673359,91.32173785933303,2.403203627877185,4.240107488764767,1.3302141738133426,2.1429568538684736,465.9466697472755,5.294848519855403,212.50226793402734,0.674466550758012,1.6510334635006023,1.6054413976745976,0.2840557100396155,0.04978561923913706,0.13795003116909302,0.46368976757106356,hjorth_mobility,hjorth_complexity,3.0206550346906513,0.9264041153428137,-39.986228942871094,-295.41015625,106.4453125,-38.0859375,2347.3181787630892,48.44912980398192,1716,eeg_baseline_level_7.csv,9,TP9,90.00390625,100.0
4036.709451528687,576.6727787898125,1012.950487602419,202.9683359676582,620.3249872337024,289.1984124682996,36.14980155853745,101.20593126856939,11.69691116878221,28.40698938917242,34.2856154047001,4.285701925587513,6.665413197294809,2.6498663909951334,3.88553048544733,77.35874083277871,2.035756337704703,3.6113789528513,0.7741196991528498,2.0104093880182474,112.53213462229837,1.2787742570715723,3.8735324557789386,0.42247193120735405,1.207951451674905,1.689909799216086,0.282556394905633,0.050330079914413,0.1253886714572258,0.19241821616199448,hjorth_mobility,hjorth_complexity,2.1936235683844263,0.7331504727219941,-38.37165832519531,-283.203125,126.46484375,-38.0859375,2203.9183821470942,46.94590910981589,1716,eeg_baseline_level_7.csv,9,TP10,90.00390625,100.0
35.74782256696545,5.106831795280779,7.697805339991969,2.384413440429498,4.919123189221218,19.94992855226637,2.4937410690332964,3.9451964794827936,0.8754397654872855,2.4806532939716277,6.531693986693583,0.8164617483366978,1.2280922935004537,0.6055806816504732,0.7211242789440014,127.1373389286975,3.3457194454920396,10.944954486676536,0.42447305529082635,3.1144106817685753,155.9076222304755,1.7716775253463126,3.998381591929176,0.6271151313589025,1.6366787172684907,0.3982670184067711,0.25788744774565764,0.10431095879696747,1.4950524806507701,2.1543696316693284,hjorth_mobility,hjorth_complexity,3.5646382986246925,0.8734715549214243,-38.96007537841797,-90.33203125,10.7421875,-38.57421875,195.6751901525422,13.988394838313015,1716,eeg_baseline_level_7.csv,10,AF7,100.00390625,110.0
46.329936141778376,6.618562305968339,10.174947425544012,3.19631718352616,8.120457302911168,11.88410074384334,1.4855125929804176,2.4774629991066757,0.5051144297209089,1.4648374818130887,7.736381035383399,0.9670476294229249,2.046919877619138,0.37594056518697777,0.9305256141566282,29.966541227496844,0.7885931901972854,1.7515540514852337,0.3080021933503781,0.6963318551964456,46.570852055168345,0.5292142278996402,1.1003999506595166,0.14584539892870094,0.5020562790698717,0.9153783912225532,0.3471861479737358,0.24636256347043278,1.0005292714195835,1.6925456413777509,hjorth_mobility,hjorth_complexity,3.4142689411144698,0.8813888694373262,-37.587738037109375,-76.66015625,-0.9765625,-37.59765625,79.53075168188661,8.91800155202311,1716,eeg_baseline_level_7.csv,10,AF8,100.00390625,110.0
403.9728327260212,57.71040467514588,84.6762961243608,30.15078703009672,59.422767997327156,95.09942539028285,11.887428173785356,26.055585455132316,3.840558373764939,7.714456402418367,16.894044826760116,2.1117556033450144,3.936027471699521,0.9922813433762039,1.7887588429067982,71.02482627367876,1.8690743756231252,4.763648049820418,0.5326300776642533,1.5187931206013041,435.9036059122776,4.953450067184973,211.0424780322114,0.43447676067029106,1.311715543247751,1.0920502093166646,0.3824285775146638,0.09796693248203839,0.4166508681207047,1.371880733980906,hjorth_mobility,hjorth_complexity,4.515503353468748,1.0032820930940567,-39.908790588378906,-198.2421875,33.69140625,-39.0625,475.9079569703317,21.81531473461549,1716,eeg_baseline_level_7.csv,10,TP9,100.00390625,110.0
473.93311747425383,67.70473106775054,111.66870362742378,17.68495591708169,81.77557353012571,102.76783422058797,12.845979277573496,38.475950700612906,2.6698837580485146,10.57852727692896,17.809829623896032,2.226228702987004,3.715103922539878,1.1533448062801825,2.086448418523973,58.647068908397735,1.5433439186420457,2.862548160431799,0.7155634715154083,1.3030211814708266,84.04271096022154,0.9550308063661539,3.3534718761270588,0.29435177004121443,0.8878412343881563,1.4217886527242352,0.500924681912009,0.13565622240415035,0.47390518612175575,0.7296672342333277,hjorth_mobility,hjorth_complexity,2.7464520886425983,0.8077304016185048,-40.415000915527344,-183.59375,32.71484375,-39.55078125,353.68776731047546,18.8065884016872,1716,eeg_baseline_level_7.csv,10,TP10,100.00390625,110.0
183.41077441626476,26.201539202323538,32.701778871633756,17.193051215684658,26.958108685717335,103.23440751674663,12.904300939593329,29.480725402503836,4.0165225452602495,7.4855844984724325,12.186846771258914,1.5233558464073642,1.9429343227316922,0.5112427507887406,1.8101700084702923,123.96896129443705,3.2623410866957117,6.377166843364352,0.7631994669260007,3.435597231313569,182.7833425442656,2.0770834380030183,4.91904988983625,0.4819149000922082,1.9908528295441514,0.9078815316691257,0.587144528349488,0.1133768758192917,0.9964957845235847,1.5980729055345588,hjorth_mobility,hjorth_complexity,3.0560360599871745,0.835485633066507,-38.648033142089844,-94.7265625,31.25,-39.0625,302.614876673033,17.39582928960367,1716,eeg_baseline_level_7.csv,11,AF7,110.00390625,120.0
113.92871318487315,16.27553045498188,24.59383842736908,7.21651906851341,16.728513204457965,38.2564482573326,4.782056032166575,8.158775142645313,1.7561324136834495,4.072428729338959,9.493655112073426,1.1867068890091783,1.8908722804514508,0.7134039460659302,1.1440294406616305,30.963911099677052,0.8148397657809751,2.38395660909233,0.3470945634511622,0.7215844541921679,44.6021318473495,0.5068424073562443,1.0716233820640073,0.18736238805575173,0.4661671848753023,1.227560527972675,0.5885849359943733,0.20267015785119422,0.700701919879371,1.0994845674298677,hjorth_mobility,hjorth_complexity,2.671267409887487,0.8163099245388504,-37.195396423339844,-81.0546875,11.23046875,-37.109375,118.9350659478805,10.905735461117718,1716,eeg_baseline_level_7.csv,11,AF8,110.00390625,120.0
5769.521630448447,824.2173757783495,1379.8194825435555,153.10883961015918,922.1596269241832,1071.4074515665043,133.92593144581303,245.50461335449052,32.23820944347164,141.70826237956447,107.87841400056173,13.484801750070217,26.385379425193797,4.011858212759061,10.893671124959134,93.03040558985215,2.448168568154004,5.204684058501268,0.8709112962793363,2.193588920398852,391.76480045889156,4.451872732487404,180.5835382004844,0.502086873753171,1.3598917195600486,1.6020167399253284,0.5570243667061653,0.08828848131671357,0.09877135741218346,0.2896005626546104,hjorth_mobility,hjorth_complexity,2.498784911566937,0.7958773486881823,-39.26582336425781,-354.00390625,123.53515625,-33.203125,3145.5317615473177,56.08504044348473,1716,eeg_baseline_level_7.csv,11,TP9,110.00390625,120.0
4043.526314761873,577.6466163945532,910.875357630237,111.08051061016657,586.1953018382729,821.9929671898645,102.74912089873307,226.41698077050134,31.609140405449537,66.9571673754099,40.61294858228512,5.07661857278564,10.170853970963842,2.178072639329355,4.52569030050636,51.96977748392199,1.3676257232611049,2.397436405842976,0.5211132238431416,1.4116159731696962,89.82101266180246,1.0206933257023005,2.7573774435128846,0.374655763977976,0.9553008107609524,1.6123486990968967,0.592278788164824,0.05422748346932322,0.08345188146501563,0.1488753093674734,hjorth_mobility,hjorth_complexity,1.565610369371143,0.6056167022266752,-38.63697052001953,-230.46875,51.26953125,-32.71484375,2128.4865884445026,46.135524148366436,1716,eeg_baseline_level_7.csv,11,TP10,110.00390625,120.0
231.22242294532768,33.03177470647538,49.55492286310441,16.44619628549693,30.107961876568147,47.16697850223759,5.895872312779699,12.339779992514325,2.960137610761804,5.38523800905132,9.194218463066143,1.1492773078832679,2.002131739032647,0.5424748090052115,0.9197932300369407,55.07910601231759,1.449450158218884,2.4263548195817455,0.5595129927730951,1.3700852682427498,75.9080449527701,0.862591419917842,2.025536402832658,0.15567530102339044,0.7416111376265864,1.3365189390164443,0.4550477813297051,0.12223785709630644,0.710977270479959,1.060238039575273,hjorth_mobility,hjorth_complexity,2.662422153563356,0.7917220068363677,-37.06035614013672,-107.421875,54.19921875,-38.0859375,256.6156163447886,16.019226459001963,1716,eeg_baseline_level_8.csv,0,AF7,0.00390625,10.0
780.9538585249927,111.56483693214182,383.6786171568837,14.34324748835495,61.034571588821564,65.26863750908421,8.158579688635527,15.366037515649582,5.0575336263511685,7.347004564973566,17.128445627447327,2.141055703430916,3.1572443702835544,1.2329477295531368,2.1722111472078325,25.45689001249643,0.6699181582235902,1.7114571381483108,0.2898393449166047,0.635963061707751,31.90006520188375,0.36250074093049717,0.8234581805297776,0.10431698645810156,0.3514351257629601,1.3266937665638157,0.30607814034728253,0.10371080413810324,0.18189673361066314,0.24695545353331594,hjorth_mobility,hjorth_complexity,2.0122958137397458,0.7126409630635736,-37.322425842285156,-147.4609375,67.3828125,-37.59765625,518.8163017373881,22.777539413584343,1716,eeg_baseline_level_8.csv,0,AF8,0.00390625,10.0
5369.940548595604,767.1343640850863,1209.7802857510694,349.80718321460614,703.5667433127542,496.33032559994194,62.04129069999274,156.66876699761963,11.725623597142233,35.586161738112736,41.76237193573416,5.22029649196677,7.810664797668969,2.141712864252884,5.373022880684909,109.96668522514864,2.8938601375039115,4.9461835620685966,1.3143677911473175,2.8224832316781088,821.6193965722878,9.336584051957816,415.8547043023525,0.7373323509996607,2.2661538565216635,1.6548374145205642,0.31294441511047766,0.042923581230938854,0.12233563860893958,0.520702510708762,hjorth_mobility,hjorth_complexity,3.4540725945730584,0.9318552847400172,-48.57330322265625,-414.0625,235.3515625,-46.38671875,3920.6125563941896,62.614795027965954,1716,eeg_baseline_level_8.csv,0,TP9,0.00390625,10.0
5128.376846679713,732.6252638113875,1076.5537635149537,332.4527681672965,657.4133266639254,500.0576456289295,62.50720570361619,163.82664221239156,8.65398416563938,38.29190433586533,29.42570511650388,3.678213139562985,6.449907355014019,2.3392855460062267,3.5462616977559627,74.59584899307296,1.9630486577124464,3.009134574484439,1.0416007394347626,1.9024679584592248,120.43073861472516,1.3685311206218769,3.0125436365037674,0.4040873399959773,1.371285008579606,1.7480711246136726,0.3520923990377933,0.0363455368543147,0.10016279816701583,0.1685735361793672,hjorth_mobility,hjorth_complexity,2.3970644638394334,0.6794486123410407,-39.794349670410156,-415.0390625,181.15234375,-36.1328125,3489.1292449538014,59.06885173214222,1716,eeg_baseline_level_8.csv,0,TP10,0.00390625,10.0
297.56881397506936,42.50983056786705,60.94082863071591,26.31770261452531,34.48874001387002,127.95706778363464,15.99463347295433,25.93153535637067,6.6053530546102195,15.684905047427188,35.61316324173371,4.451645405216714,6.978286198318832,0.8097733947730363,5.838745073263427,64.41316236650215,1.6950832201711092,2.754422023856076,0.601477001451115,1.6498377965413824,93.63156968862091,1.063995110097965,2.3982845561595525,0.25177324038192705,0.9567388180568444,1.2428751682006942,0.7184819055678544,0.2685943777596207,0.5931099444706159,0.9253327396550677,hjorth_mobility,hjorth_complexity,2.569546962159983,0.7749575860372465,-37.25013732910156,-95.703125,87.40234375,-37.59765625,320.7133382966276,17.908471132305728,1716,eeg_baseline_level_8.csv,1,AF7,10.00390625,20.0
1011.0609199562014,144.43727427945734,228.26769991551257,65.23546857636276,116.18550097241018,224.28202636679225,28.03525329584903,56.86710182034716,11.169219199332764,20.580993212394272,25.399150625777178,3.1748938282221473,5.445852459937893,1.437887389875308,2.9514072597651317,28.374858746836292,0.7467068091272708,1.6753185342636856,0.2347382058367246,0.7237617437703218,28.560660903812494,0.32455296481605106,1.074114437218155,0.11850207387194524,0.28377190626963034,1.5724825102453328,0.603298379371364,0.10958590175712976,0.15246962019698374,0.17051287186996072,hjorth_mobility,hjorth_complexity,1.5744556256952738,0.605128001180876,-34.70268249511719,-208.49609375,60.546875,-32.71484375,670.6803162524011,25.897496331738346,1716,eeg_baseline_level_8.csv,1,AF8,10.00390625,20.0
1847.0195282945783,263.8599326135112,331.5635461051203,179.19799321631572,266.09996576925226,903.3303156813171,112.91628946016463,251.3027789201831,49.327008723237995,82.6663275495645,105.71876605565534,13.214845756956917,32.22502810822449,6.811451819278709,10.255438929018098,112.66888267468129,2.964970596702139,7.642149398522889,0.8556323251485323,2.711985975900866,809.2350177154321,9.195852474039002,448.1868000085294,0.45229137234727584,1.508022641280102,1.2814531680515282,0.78951632209855,0.15278521852521942,0.20843755499524366,0.7350412268009963,hjorth_mobility,hjorth_complexity,3.7150076561349152,0.9539669336766933,-44.806671142578125,-349.609375,95.703125,-42.48046875,1958.0443849554285,44.24979530975741,1716,eeg_baseline_level_8.csv,1,TP9,10.00390625,20.0
2329.298834766259,332.75697639517983,498.0462410037318,199.67657707000834,302.95282821104786,843.0070490004584,105.3758811250573,227.6177671040306,37.30658454248796,74.14830807135152,95.52238509658005,11.940298137072507,27.58528136959341,5.661096465412519,11.402382313346562,69.50670520662426,1.8291238212269543,4.76479677897975,0.901214712163969,1.5552098653261939,92.92952148687115,1.0560172896235358,3.4915525583809037,0.34080027181457145,1.003256848748007,1.5037729797675954,0.769339005824908,0.14617117890239578,0.1429973087140422,0.20448961517382996,hjorth_mobility,hjorth_complexity,1.6452176762883197,0.6509108333683089,-41.27063751220703,-312.98828125,79.1015625,-36.62109375,2181.782827792631,46.70955820592431,1716,eeg_baseline_level_8.csv,1,TP10,10.00390625,20.0
301.88173178249684,43.12596168321384,62.69359747373389,28.505195099926464,45.16777652572025,77.61993055925062,9.702491319906327,17.21955566266367,2.9301429438709885,8.472049672423312,14.936644742657375,1.8670805928321719,2.638843066834011,0.4052907367687837,2.077555510998667,38.97155931566818,1.0255673504123206,1.9374148540843927,0.5105791642102585,0.9404383565712129,56.72802830011947,0.6446366852286304,1.4771945503597932,0.17015855167352825,0.6144426890924177,1.4352105488054527,0.5777274459178975,0.16015587908164014,0.46693721575445013,0.7253651692468446,hjorth_mobility,hjorth_complexity,2.5739695903220485,0.7655469807777643,-36.777496337890625,-90.8203125,38.0859375,-38.57421875,269.2495792871341,16.40882626171458,1716,eeg_baseline_level_8.csv,2,AF7,20.00390625,30.0
832.6049946596869,118.94357066566955,215.2970844521006,30.0786584110689,117.33843810341253,109.52946730547525,13.691183413184406,19.7094920004531,9.43698329550945,12.843104552440705,40.223027118844996,5.0278783898556245,8.26252696821842,2.561388061847345,4.931513398028914,57.53170233508566,1.5139921667127805,4.260089356968365,0.2478757757578108,1.0656699508158347,103.79563359656467,1.1794958363245984,2.8549518020124123,0.20285392392987342,1.097301665666865,1.4718408616249001,0.40003442904557773,0.17862613816826306,0.30715733900103376,0.5795789020182469,hjorth_mobility,hjorth_complexity,1.5921461383435351,0.7345482196616369,-31.78997039794922,-104.98046875,95.21484375,-34.66796875,719.2060642046272,26.818017529351927,1716,eeg_baseline_level_8.csv,2,AF8,20.00390625,30.0
5746.864833386045,820.9806904837207,2040.9425195373713,281.48799475521105,543.7889962248212,728.8800590437885,91.11000738047356,224.15782781102,21.756999207007922,67.72000545863503,115.5494233146116,14.44367791432645,19.487241246953648,8.447980619678088,15.288564415550638,234.71422920618986,6.176690242268154,12.313582549101305,1.7311054024702281,5.5943999292812565,1142.000228855679,12.977275327905444,556.9868209466808,0.6525673088634325,2.9931478190487297,1.4284277768772558,0.3648022173310454,0.08547785597163049,0.19532135255129265,0.581644316858763,hjorth_mobility,hjorth_complexity,1.6894439579089735,0.9491420084656774,-37.07733154296875,-437.01171875,246.09375,-48.33984375,10192.945131566375,100.96011653898967,1716,eeg_baseline_level_8.csv,2,TP9,20.00390625,30.0
15774.177677804935,2253.4539539721336,5695.900299997405,333.05873506699965,1317.5057619348636,1787.0397384690566,223.37996730863208,459.2475741803671,98.57357748727318,147.97605223561047,456.7438373478333,57.09297966847916,80.81863024073623,28.005343583962244,61.79463788896665,406.87746272111184,10.707301650555575,34.11693734123598,2.076200286920811,6.806473999181607,214.49041080184546,2.437391031839153,9.043593041477186,0.6176120863401575,2.123207893038627,1.490640316023923,0.4017715351320632,0.13787547855339738,0.15368042476140534,0.0993006855946583,hjorth_mobility,hjorth_complexity,0.7253110185787216,0.5948597545406353,-15.053939819335938,-299.31640625,976.07421875,-34.1796875,14959.231803513825,122.30793843211414,1716,eeg_baseline_level_8.csv,2,TP10,20.00390625,30.0
702.8955190303432,100.41364557576331,166.0109598954341,35.82933797165054,111.89463338123527,194.92353453796744,24.36544181724593,34.84589160894731,9.974064919562403,25.005266394596042,32.04750914420253,4.005938643025316,10.699085512010555,1.5667766076102765,3.2095383301100067,54.93676871303509,1.445704439816713,3.9199741156666636,0.571869171065379,1.2484904353396025,98.23045095031,1.116255124435341,3.297621069755521,0.20147238690422653,1.037989779023932,1.45796085508681,0.6609683909938129,0.15810427240912864,0.3258403423682143,0.6029486142967194,hjorth_mobility,hjorth_complexity,2.2909213879498647,0.7350134307869016,-34.66167449951172,-354.4921875,83.984375,-34.423828125,662.3132689492195,25.735447712235736,1716,eeg_baseline_level_8.csv,3,AF7,30.00390625,40.0
1419.109069582759,202.7298670832513,355.3721953815166,126.71158045805515,179.41446340957162,177.53960532732236,22.192450665915295,52.91563761234726,10.470708556823581,15.37517122043019,36.80860525885617,4.601075657357021,13.228622947047489,1.917657770312844,2.9927060011251854,39.98257234944317,1.0521729565642939,2.3062359895983167,0.3985667139533207,0.9800468734851142,122.82636666824516,1.395754166684604,4.128944866642731,0.2452618580648771,1.2134707261064532,1.6521347039754046,0.407981499048303,0.11394400955063377,0.1585563212158173,0.46267251942729715,hjorth_mobility,hjorth_complexity,1.8088549182847387,0.6639000405977841,-36.45458221435547,-399.90234375,101.07421875,-34.1796875,1097.618908934237,33.13033215852562,1716,eeg_baseline_level_8.csv,3,AF8,30.00390625,40.0
4622.071549621694,660.2959356602421,824.9109095918125,379.07149508576157,674.4878109343958,1255.4730047695155,156.93412559618943,341.08832389311715,31.972779552419095,124.92684200619372,112.06774724982665,14.008468406228332,30.807777948614508,7.766100922957678,9.76045585963625,116.97965100076337,3.0784118684411412,7.675731487583856,0.9334207413328487,2.781824546832004,824.3507595163645,9.367622267231415,398.06456098505424,0.6748384828788042,2.2970056449759153,1.5380936507033098,0.6318542402885083,0.09677000802048448,0.1264581197995138,0.531730841494614,hjorth_mobility,hjorth_complexity,2.9720061249079324,0.869955322728429,-45.12004852294922,-458.984375,91.30859375,-35.64453125,3879.1804865104496,62.28306741410903,1716,eeg_baseline_level_8.csv,3,TP9,30.00390625,40.0
14211.722122467972,2030.2460174954247,3871.315797790941,604.1023382346704,2172.99177219182,1646.2196860237655,205.77746075297068,428.7949774333381,54.09137777595884,160.35702447649908,139.24119807309935,17.40514975913742,37.01677929959589,8.988350134101422,14.590854845456995,83.91339695361363,2.20824728825299,6.161356730351198,0.5232999791106495,2.1931561145641565,158.0554733249533,1.7960849241471968,4.690917065978148,0.5863771284002112,1.5998167969492254,1.6022801742448258,0.40904737837430316,0.055994567946565994,0.043994113648816724,0.08477857038985401,hjorth_mobility,hjorth_complexity,1.141038065812867,0.5048220188099535,-47.82257080078125,-555.6640625,266.6015625,-34.66796875,8192.245194222778,90.5110225012555,1716,eeg_baseline_level_8.csv,3,TP10,30.00390625,40.0
209.11501961961764,29.873574231373947,50.79156206141015,14.1842138112817,30.504550327617185,71.67199664166375,8.95899958020797,17.371315721706647,1.9073479389221706,9.295379146081544,13.13784922361101,1.6422311529513762,2.5174888720142565,1.1633332748411336,1.4770131703507776,53.414889663300244,1.40565499113948,3.2881642731650764,0.49329125055942163,1.2468124929243967,88.41258229030366,1.004688435117087,2.7613462198915766,0.21573647121911577,0.9881607236721988,1.2200535473466991,0.593587476093417,0.16131919707568476,0.6682300690862752,1.1616981642268072,hjorth_mobility,hjorth_complexity,2.578392218484114,0.8048760908189647,-31.650733947753906,-92.28515625,63.96484375,-34.1796875,326.70355427399045,18.074942718415194,1716,eeg_baseline_level_8.csv,4,AF7,40.00390625,50.0
203.37000308071936,29.05285758295991,69.59423545620659,7.73564191997179,18.879883725386822,41.17858317229725,5.1473228965371565,9.002975177465254,2.010471627712108,4.728719386929755,10.003081710249564,1.2503852137811955,1.992384509097676,0.6294524372268965,1.122439516820339,23.613369887040047,0.6214044707115802,1.4156988886967374,0.3801872144883688,0.5867357281277148,36.12955185530734,0.41056308926485613,1.1077936327557085,0.12101293357635051,0.36514385229182933,1.3168290906072688,0.4924606058918403,0.1630728921337844,0.43753361569563004,0.706229998021973,hjorth_mobility,hjorth_complexity,2.0919031206569225,0.7954518867300774,-37.84523010253906,-101.07421875,19.04296875,-37.59765625,175.37436200655065,13.242898550036191,1716,eeg_baseline_level_8.csv,4,AF8,40.00390625,50.0
1593.1690149002673,227.59557355718104,363.15012091750305,123.62222603348033,202.48394606144328,411.18015576074674,51.39751947009334,93.23450794033424,19.801904487416024,51.942215441098924,67.35443960325259,8.419304950406573,16.57304193402736,2.1198088208054098,7.311570669054735,91.19939359504534,2.3999840419748772,5.106776654762969,0.9042388692973439,2.112797576176784,693.3707841588266,7.8792134563503025,370.85162512087584,0.4155140232360922,1.4042978215286013,1.362204546224959,0.5535818477373211,0.1311413967215534,0.2199817361316861,0.8190313432151379,hjorth_mobility,hjorth_complexity,3.2683222117663124,0.9677344956104136,-39.94560241699219,-257.8125,106.4453125,-40.0390625,1701.6500431054737,41.25106111490314,1716,eeg_baseline_level_8.csv,4,TP9,40.00390625,50.0
14382.080125523396,2054.582875074771,5451.340998182136,365.9897671765077,1801.480461207846,1322.9849172185764,165.37311465232204,264.2799253603855,54.2217846653913,162.28299384837658,766.5259571107399,95.81574463884249,150.869658067447,42.72731786021571,94.7238454788621,381.32195395314426,10.034788261924849,35.529183447955894,1.5310117336426847,6.274400496565874,200.3014303889302,2.276152618056025,6.154367930151363,0.43667704681487074,1.845748712955967,1.4614972858229502,0.32307951590611683,0.21069629884242602,0.1444495986751829,0.09325652522095212,hjorth_mobility,hjorth_complexity,1.0746986433818861,0.5726030695329981,-44.42138671875,-1000.0,139.16015625,-35.15625,11511.533185839653,107.29181322840832,1716,eeg_baseline_level_8.csv,4,TP10,40.00390625,50.0
1116.172510188813,159.45321574125902,251.45511446636823,80.5621107860281,170.83308804761285,283.17669458769956,35.397086823462445,61.195279254479814,18.77016507094878,32.054613971657076,92.604885016682,11.57561062708525,15.70265982232859,9.13119394454923,10.936269076707212,143.23920773293665,3.76945283507728,9.621497667172228,1.4360650739074994,3.595583691403602,93.11982066135823,1.058179780242707,3.6931805181131687,0.24337897059821584,0.8585165837294417,1.4630683066532595,0.606222172781826,0.2588834672419513,0.4846909525809616,0.37636073314617124,hjorth_mobility,hjorth_complexity,3.1356433669043513,0.8134848052591505,-37.95299530029297,-79.1015625,292.96875,-41.015625,739.8206024299725,27.19964342468431,1716,eeg_baseline_level_8.csv,5,AF7,50.00390625,60.0
51.48665633616523,7.355236619452176,10.303669997603992,3.92251314273255,6.565817411179361,19.610853639910225,2.451356704988778,2.9149402644875164,1.909217891366181,2.459820909372864,4.817884980569918,0.6022356225712397,0.8541804942256219,0.3112233283450651,0.6572425752487088,18.205792695454704,0.4790998077751238,0.8495848881000209,0.17093776221177445,0.46031298201294835,23.887697071443778,0.27145110308458836,0.9335459883851583,0.04596848096788957,0.21597178276003257,1.1569676627963796,0.6204182475005569,0.205511448778032,0.8052566434614271,1.151410169900652,hjorth_mobility,hjorth_complexity,2.498784911566937,0.7981746807353288,-35.59112548828125,-60.05859375,16.6015625,-36.1328125,60.51840027794242,7.779357317795759,1716,eeg_baseline_level_8.csv,5,AF8,50.00390625,60.0
241.45001915662385,34.492859879517695,59.28053719888206,8.450807695839696,41.36360136353216,68.39963873459396,8.549954841824245,12.360865715773022,2.333002429064747,8.919066185227102,28.109265817947346,3.5136582272434183,6.736149450352077,1.2043334169922648,3.2215022455926396,67.24831316324524,1.7696924516643484,2.784373777945802,1.0000696432571752,1.8323848088203525,753.7637022037636,8.56549661595186,447.00889254455916,0.24963829169438054,0.8152591770354176,0.6905482262346531,0.280555521469806,0.13424228765628826,0.3672258042381962,1.2921744014221617,hjorth_mobility,hjorth_complexity,4.6924084799513635,1.0616702183408606,-41.481781005859375,-150.87890625,36.62109375,-41.015625,610.2696753805503,24.70363688570066,1716,eeg_baseline_level_8.csv,5,TP9,50.00390625,60.0
237.82862169186586,33.97551738455227,105.8177706641641,4.603085695161806,12.374152946722385,37.52782185348657,4.690977731685821,10.458564651843819,2.438694800102831,2.9051485530376353,8.604059843389763,1.0755074804237204,1.875323943440705,0.6031765037726153,0.9584149486726331,36.23218555218583,0.9534785671627851,1.9450127014767788,0.4364704905542583,0.9013805080910157,54.685317919039825,0.6214240672618162,2.322770374024196,0.2046919799768689,0.5553591863934743,1.152288192723247,0.40321151495192126,0.12591354763711093,0.5438571306370596,0.870225054491256,hjorth_mobility,hjorth_complexity,1.8796169688777846,0.8166519669876073,-43.06774139404297,-120.1171875,9.27734375,-41.9921875,287.51658097462496,16.956313897030363,1716,eeg_baseline_level_8.csv,5,TP10,50.00390625,60.0
493.070585411769,70.43865505882414,104.07456007365079,23.296970494700044,65.64150314123431,155.91744372270514,19.489680465338143,48.25794181794949,4.107160874236914,14.33367909493346,17.66523773314208,2.20815471664276,3.590837597767061,1.0833614882771059,2.196959632860634,48.420544380387675,1.274224852115465,2.260557015690268,0.3046895417306819,1.2607433336936014,78.47728255478214,0.8917873017588879,1.818201076288381,0.2714858274184959,0.8094479553773931,1.4053458610543832,0.64643083500451,0.12332940735413939,0.3676159923488315,0.6317623997060946,hjorth_mobility,hjorth_complexity,2.3705286948670414,0.7597783546465161,-36.788177490234375,-136.71875,65.91796875,-36.62109375,374.91137569304556,19.362628326057532,1716,eeg_baseline_level_8.csv,6,AF7,60.00390625,70.0
1391.3330146231908,198.76185923188442,440.87289721085796,96.22600874755796,149.6055781002351,141.7513044506304,17.7189130563288,41.62530849169118,5.0581051397374495,12.109948119972962,32.28326412208028,4.035408015260035,7.074192649572023,2.184359303509617,4.13713879859815,35.40421377776388,0.9316898362569441,2.2899677465076014,0.288236115997486,0.8036628708699347,63.91725742834419,0.7263324707766385,2.419248999005265,0.14674036756064882,0.5759422937763721,1.5645507593810575,0.34007340209165104,0.10612893178001585,0.144148751127269,0.26623438365202223,hjorth_mobility,hjorth_complexity,1.954801647632896,0.7036505351371501,-38.1927490234375,-155.76171875,106.93359375,-39.0625,733.965402469039,27.091795851678768,1716,eeg_baseline_level_8.csv,6,AF8,60.00390625,70.0
14489.2479100909,2069.8925585844145,6864.69539957408,560.9335742726485,1042.3018395250365,2274.44934937259,284.30616867157374,592.3452674139727,41.897988062334235,227.50423896245456,195.59512629507833,24.44939078688479,69.61339334129417,10.304542391193873,15.720392773577545,216.32707473953477,5.692817756303547,11.1952004665127,2.2515407043921907,5.41586477081204,963.4430842417162,10.948216866383138,362.2515748968414,0.937246634999173,4.181740329357639,1.4017090177206395,0.4644886322325458,0.06625856725067301,0.09189415008067262,0.3010410171605068,hjorth_mobility,hjorth_complexity,1.826545430933,0.8481677712119424,-35.43281555175781,-686.03515625,371.09375,-42.724609375,17683.09722756385,132.977807274612,1716,eeg_baseline_level_8.csv,6,TP9,60.00390625,70.0
18368.712432177515,2624.1017760253594,6480.139164201844,692.3577427380876,2299.3948423240345,4588.784312933567,573.5980391166959,1606.8422267621247,60.15309374635628,302.96491837978635,430.773782797766,53.84672284972075,93.48490576762013,24.88139835742553,50.53425580620046,152.8010172443615,4.021079401167408,8.339181094316825,1.5340551171575982,3.970510072280382,164.5522967033509,1.8699124625380783,4.926780365885303,0.3108745068290819,1.7403841690287312,1.5111502617035024,0.6353346590423155,0.10820700381721597,0.055049222135428046,0.06425615962500905,hjorth_mobility,hjorth_complexity,0.8402993507924214,0.4642130041662631,-18.6370849609375,-367.1875,974.12109375,-39.306640625,16800.775108858943,129.61780398100774,1716,eeg_baseline_level_8.csv,6,TP10,60.00390625,70.0
1444.151884124683,206.30741201781186,650.6883666740985,19.223543943294015,138.08065115273138,111.45792047669272,13.93224005958659,24.95366359066379,2.7545471159603627,13.943935199763338,15.379684195772725,1.9224605244715907,2.4348339822089793,1.3384291225480365,1.819378579807163,37.9200122207475,0.9978950584407237,2.698444637316995,0.38305098147478883,0.9744291969667087,74.14795682516731,0.8425904184678104,1.9741728708395092,0.3080808410510779,0.7202336454795795,1.3401205010104165,0.30143072415500144,0.06023248535709114,0.16160858786248913,0.322208124804493,hjorth_mobility,hjorth_complexity,2.118438889629315,0.7976013598191819,-24.891281127929688,-77.63671875,208.984375,-32.71484375,1163.8727677927818,34.11557954648846,1716,eeg_baseline_level_8.csv,7,AF7,70.00390625,80.0
111.97421156037026,15.996315937195751,22.29490425489135,7.083861014273573,17.72734494316254,22.331799522361123,2.7914749402951404,4.642657420680478,1.7065295108760643,2.5872138494015626,8.330760939505467,1.0413451174381834,1.8742432331618442,0.4894415829168188,0.8872050319932794,14.811495643501965,0.38977620114478856,0.6273874676443758,0.17288226285595792,0.38753139248635027,23.574382454837735,0.2678907097140652,0.6759783391417451,0.06568914651794545,0.24984518375645864,1.41799477942452,0.4900741827012756,0.22442416449690225,0.4780919163866324,0.8015092455999612,hjorth_mobility,hjorth_complexity,2.6801126662116177,0.788267495707728,-35.901451110839844,-83.0078125,45.41015625,-36.62109375,143.35403651784873,11.973054602642081,1716,eeg_baseline_level_8.csv,7,AF8,70.00390625,80.0
1263.1091766235656,180.44416808908082,253.56803376214373,91.22812211764366,215.05022574121742,277.543547349434,34.69294341867925,102.24362584956235,12.105394123184618,25.42210988069815,42.4218891914894,5.302736148936175,8.985641882630352,2.405179265394118,4.564414021949409,61.89371176125007,1.6287818884539491,3.9451920897158907,0.5702385458558658,1.4096306058568362,912.6902004632842,10.371479550719139,555.3685897634928,0.27543155696644855,0.8192472090688578,1.2439867206684885,0.42492226883823114,0.0977001301648066,0.16937953207503983,0.8734829106281743,hjorth_mobility,hjorth_complexity,4.06439528093808,1.0118327112789791,-41.75987243652344,-390.625,140.625,-40.52734375,2145.0330036168452,46.31450100796559,1716,eeg_baseline_level_8.csv,7,TP9,70.00390625,80.0
2753.673976336222,393.38199661946027,659.8170807194776,155.2898499780885,375.5797867485675,291.95255731352023,36.49406966419003,80.18283944717466,10.928636496490666,31.604528903638418,29.928723372793403,3.7410904215991754,8.207905845748517,1.011767161653809,3.454491695833335,33.6792695191265,0.8862965662928026,1.7849514974725882,0.27120527666904237,0.9057553387151001,50.09301333002813,0.5692387878412287,2.6965448252794126,0.1690983244010677,0.4835989157514682,1.695082181159111,0.38800078671952176,0.061230691174729415,0.08484934664157245,0.13261023012930426,hjorth_mobility,hjorth_complexity,1.083543899706017,0.5981605833763012,-39.598655700683594,-411.62109375,142.08984375,-38.0859375,2508.2968538845307,50.08289981505195,1716,eeg_baseline_level_8.csv,7,TP10,70.00390625,80.0
433.006379807835,61.85805425826214,89.21807063003777,23.547678181364084,64.50969718509654,149.47591904938798,18.684489881173498,32.70873157369133,10.795706236899157,18.089836018110397,43.79766461291115,5.474708076613894,8.425730984475617,3.6227131068895426,5.214905546128829,42.86353193928872,1.127987682612861,3.1264675998116767,0.41682633296815397,0.9909668775134379,32.110231966575085,0.3648889996201714,0.8186547019439828,0.07612824297219174,0.34781590764059256,1.4313839393953502,0.7430248128355851,0.2938956301044025,0.3759121302728641,0.3328957897263284,hjorth_mobility,hjorth_complexity,1.8132775464468038,0.6477222150769038,-43.54114532470703,-182.12890625,63.4765625,-42.96875,378.18858687387547,19.447071421524512,1716,eeg_baseline_level_8.csv,8,AF7,80.00390625,90.0
812.2242031417975,116.03202902025679,243.33125920695315,26.830719140174363,111.17426500464472,71.02598502183017,8.87824812772877,22.132672161167854,1.8682013750902793,6.399173082625297,10.653505910429956,1.3316882388037445,1.9845057385451657,1.091870101346031,1.1821183597581786,20.24261162613583,0.5327003059509429,1.3138134749747545,0.2821457328255557,0.38850437092843987,20.654044176474475,0.23470504745993723,0.5735048823598612,0.08007007397881406,0.21154653841707644,1.6228258828296507,0.31252513115653124,0.07022813328730665,0.15026258412502766,0.1706731836809336,hjorth_mobility,hjorth_complexity,1.11892492500254,0.6396275624857356,-34.95750427246094,-131.34765625,99.12109375,-36.1328125,653.3210979250725,25.560146672604844,1716,eeg_baseline_level_8.csv,8,AF8,80.00390625,90.0
12513.8194432782,1787.6884918968858,2690.858249835393,1198.1042127730298,1584.3293361325166,3184.0605093777344,398.0075636722168,980.4321111690211,139.52874006271455,338.21974689197134,458.7174741926334,57.339684274079175,114.27065814939318,30.572794609961143,46.34721368078094,229.2513481744696,6.032930215117621,28.40263397678345,1.1013396632262258,4.91504497137894,934.8995469168057,10.623858487690974,498.86832440083737,0.21011631372726322,1.2934508054295346,1.5849651661848179,0.6509915137876665,0.14532573891977413,0.09962617062391942,0.24801210706680263,hjorth_mobility,hjorth_complexity,2.321879785084322,0.7970449232247673,-36.94496154785156,-373.046875,472.16796875,-35.64453125,8521.534479077673,92.31215780750482,1716,eeg_baseline_level_8.csv,8,TP9,80.00390625,90.0
20874.99428224997,2982.1420403214242,6031.306590319558,565.6034207578128,2966.270547590794,1510.8371148782762,188.85463935978453,348.2377277832106,47.14708301205808,172.2166126039631,245.4134536701869,30.676681708773362,53.320767842685804,13.214717143207354,29.277342842207545,173.278659812105,4.5599647318975,14.8195562125826,0.5271257471787231,4.1290262464795315,71.91253410703783,0.8171878875799753,6.307718967649855,0.22585098994140493,0.6609637411138942,1.6277575500014347,0.2847513225257956,0.06520504912566699,0.059153424871936214,0.029346948615267175,hjorth_mobility,hjorth_complexity,0.4466854443686029,0.3200196417956476,-44.27223205566406,-372.0703125,239.74609375,-33.203125,11336.884687043494,106.4748077577203,1716,eeg_baseline_level_8.csv,8,TP10,80.00390625,90.0
622.5051457771926,88.92930653959895,134.65013147769727,45.33494674470146,93.30137779343535,216.58657971104873,27.07332246388109,77.68672227341241,5.718277184897808,14.542963916285775,64.78592029623721,8.098240037029651,11.544413083329205,5.088946141394967,8.249532919825851,104.26392114430365,2.7437873985343066,7.99325076726959,0.9870201156952335,2.1835211800539334,126.0191195491592,1.4320354494222636,3.9846629935383273,0.2299646617499647,1.3567418291312627,1.3110793192149968,0.6216705548950003,0.2675608485157868,0.513553816735844,0.6922000544779217,hjorth_mobility,hjorth_complexity,2.18035568389823,0.7254425387294298,-37.63923645019531,-182.6171875,155.76171875,-39.55078125,601.2677621038165,24.52076185814414,1716,eeg_baseline_level_8.csv,9,AF7,90.00390625,100.0
2399.3327255345744,342.7618179335106,516.5688743946116,107.10554895103525,399.40574826989354,495.9130007367201,61.98912509209001,126.08994335238238,12.481833524333465,59.4920136614045,41.58457624412248,5.19807203051531,9.357592693517878,1.830917498453747,4.2948471952686225,73.35374379470184,1.9303616788079432,6.394978214586185,0.2539215523854822,1.6535263194141843,148.03187159613964,1.6821803590470414,5.557351911220657,0.24689991145109927,1.3254816231549371,1.5657335524637035,0.5642158560114432,0.07894757534888058,0.1586215632995435,0.3293449290066886,hjorth_mobility,hjorth_complexity,1.4240862681850508,0.6497943639931416,-39.350318908691406,-427.734375,120.60546875,-37.59765625,1537.3194138737745,39.20866503559863,1716,eeg_baseline_level_8.csv,9,AF8,90.00390625,100.0
41404.14328783755,5914.877612548221,11404.80599131237,1712.6994803497282,4450.594183192192,3075.402189313586,384.42527366419824,975.6847681575914,96.32605981579152,302.0444646604916,320.8253630809619,40.10317038512024,93.44063027932734,13.291578873613576,36.525158513813295,181.95251978608158,4.788224204896884,16.558650156231195,1.5003513350898454,3.191739159470557,783.103459581559,8.898902949790443,281.8426196012058,0.41396385690134035,3.5564339462079824,1.6337592751726295,0.29001548547588124,0.045913492560129616,0.03373197109230414,0.11685334239468506,hjorth_mobility,hjorth_complexity,1.6407950481262543,0.7060191076554251,-48.45561981201172,-860.83984375,968.26171875,-60.546875,31823.167304937662,178.39049107207947,1716,eeg_baseline_level_8.csv,9,TP9,90.00390625,100.0
29842.948826541622,4263.27840379166,6852.280381361385,1927.9852532218347,4859.658451914949,3075.53419970264,384.44177496283,1136.5984012013537,83.4807321294627,255.87773920254054,210.117274499353,26.264659312419123,46.858377503604316,7.581442709177015,28.484723270864897,115.29206150118321,3.03400161845219,10.392880571189213,1.0726832503797155,2.309512491532898,226.43124081086142,2.5730822819416073,7.072918610045966,0.3141902045532259,2.1157686521409085,1.7322671824994198,0.36956944984189855,0.04248255844955598,0.030211225972674716,0.060689498992556226,hjorth_mobility,hjorth_complexity,0.5705190329064335,0.43451464794728945,-45.52803039550781,-912.59765625,395.5078125,-36.865234375,15749.016852205386,125.49508696441222,1716,eeg_baseline_level_8.csv,9,TP10,90.00390625,100.0
151.44690772597417,21.635272532282023,37.86824063746078,6.430820552065089,19.240464924712263,62.64028474132474,7.830035592665593,16.430560474147423,2.9037690259586704,7.1568591382170945,7.280415294757885,0.9100519118447357,1.1515577153333219,0.3805956669342982,0.9760240778842614,34.820372970320115,0.9163256044821083,1.6691448623790122,0.4078158920841016,0.8332417518435262,51.243454679133166,0.5823119849901496,1.801512699894967,0.1427544625310807,0.49952551996303296,1.230664384896516,0.7050341836350948,0.1334299478896341,0.6355780551076899,0.9913986456297428,hjorth_mobility,hjorth_complexity,2.6756900380495523,0.791152091033971,-36.57379150390625,-81.54296875,62.5,-37.109375,157.83067559823394,12.563067921420863,1716,eeg_baseline_level_8.csv,10,AF7,100.00390625,110.0
132.40914649544337,18.91559235649191,33.836952154683985,9.097185272774347,15.05469402961262,42.206666622277886,5.275833327784736,17.809776794036008,2.4410014439402903,3.0123357976810547,9.466500522044523,1.1833125652555654,1.8785657092644803,0.4579212556858022,1.1567721168968625,23.385170116737378,0.615399213598352,1.5219365462395475,0.12236909748121633,0.5781039076125478,24.454034271996395,0.27788675309086813,0.8021268605839407,0.05999174872306374,0.2586480224371891,1.3488813083893152,0.6170837184253549,0.2061036707435206,0.5694317967034681,0.6749796884131922,hjorth_mobility,hjorth_complexity,2.1361294022775765,0.7250080270608451,-38.05370330810547,-100.5859375,17.08984375,-37.59765625,120.72248788172146,10.987378571876071,1716,eeg_baseline_level_8.csv,10,AF8,100.00390625,110.0
19938.460883883676,2848.3515548405253,4562.859892802509,1003.3113719127006,3139.619453438063,1410.5138746160023,176.3142343270003,561.8378732340575,23.181330183827995,120.11914902950011,129.75871038609836,16.219838798262295,29.287524490017258,4.974248309526479,12.800681206820034,110.12179563465632,2.897941990385693,7.357201895774858,0.9388850878290458,2.3553857906070395,360.3145833917191,4.094483902178626,173.80124764525826,0.22531021161368706,1.046830766578577,1.7505835879863152,0.27802345301198367,0.041012547491035056,0.04338475603230128,0.1051761054942656,hjorth_mobility,hjorth_complexity,2.852595164532167,0.7955257387414923,-40.27214050292969,-291.9921875,876.46484375,-49.31640625,10392.506111966211,101.94364184178536,1716,eeg_baseline_level_8.csv,10,TP9,100.00390625,110.0
13927.74685708547,1989.6781224407816,4504.703222107127,417.56721043772694,1485.1766104168019,2391.0576323658015,298.8822040457252,494.40194352985236,150.5065021034869,287.23840692803327,597.2923478147238,74.66154347684048,158.7682625113767,17.753486649239026,63.38441534810477,640.6954966596106,16.86040780683186,72.44434806073193,1.3037754410522515,9.75213670997333,202.79382217289992,2.3044752519647718,7.687624283357603,0.5262095207801901,1.8476368892182102,1.4140061637432146,0.5128245426525428,0.16610618205354968,0.2212862429904472,0.09350956118252406,hjorth_mobility,hjorth_complexity,1.5611877412090776,0.5104137144863435,-60.192108154296875,-1000.0,60.546875,-41.015625,10010.678562684916,100.05337856706747,1716,eeg_baseline_level_8.csv,10,TP10,100.00390625,110.0
221.60485022806228,31.657835746866038,57.953198967491794,12.998899991514163,31.039064840106327,73.96814206030902,9.246017757538628,26.415243295724302,2.275958555774231,7.759475859502723,7.288941416345297,0.9111176770431622,1.6846605082712676,0.3246121880554543,0.7535414778385477,33.4851117333553,0.8811871508777711,1.5756330944423043,0.27432612385508665,0.8562954436382677,39.2988148663612,0.4465774416631954,1.217910707827723,0.14805497867825965,0.4035357127198017,1.3814637079592977,0.6636470649391617,0.11097654314595293,0.5227363099045911,0.6799895995606213,hjorth_mobility,hjorth_complexity,2.733184204156402,0.7736662454760646,-35.523223876953125,-80.56640625,59.08203125,-36.1328125,190.25690795388073,13.793364634993187,1716,eeg_baseline_level_8.csv,11,AF7,110.00390625,120.0
121.49555580760554,17.35650797251508,26.23514042296936,8.29693588168269,18.086256398251287,32.76164636088619,4.095205795110774,11.65552666615726,0.8507152802487613,2.7386100169621015,6.914328259971841,0.8642910324964801,1.7894031011730567,0.3876602287359629,0.6102591764521275,15.03128879836242,0.3955602315358531,0.7404370952707332,0.16538003391826145,0.38135967430337825,16.6171379943257,0.18883111357188295,0.6540498325723054,0.06022768717883652,0.17323394971664152,1.4582334911352346,0.5940734353379176,0.18436155925008152,0.46758946317010797,0.5766866596574655,hjorth_mobility,hjorth_complexity,2.202468824708557,0.7298613798955981,-36.08894348144531,-65.91796875,10.7421875,-36.62109375,99.24018158926629,9.961936638488838,1716,eeg_baseline_level_8.csv,11,AF8,110.00390625,120.0
3942.6146652515963,563.2306664645138,901.8691676878701,242.0742816733588,585.1870580685309,838.9878653690697,104.87348317113371,263.2171836369315,24.739246237122227,96.11037757668959,63.75136128113564,7.968920160141955,17.127286509179793,2.709627898486657,7.909920383935775,67.85065789282999,1.7855436287586839,4.205150828577241,0.4042010546295994,1.5458623547784864,299.4074945675559,3.4023578928131353,164.1386411737489,0.2085275113625571,0.5169702570659569,1.6193826773894577,0.5878597456325093,0.07633388373368581,0.10082964482244526,0.27294735180041185,hjorth_mobility,hjorth_complexity,3.038345547338913,0.8010559413407483,-39.53132629394531,-269.04296875,105.46875,-35.15625,2586.3828077854123,50.85649228746918,1716,eeg_baseline_level_8.csv,11,TP9,110.00390625,120.0
3876.313969532292,553.7591385046131,919.6352548503395,182.9920089195026,459.4374155373987,864.7590261658945,108.09487827073681,291.7061197398377,21.158319517209843,92.97742951106528,44.424290121681146,5.553036265210143,9.25029244534954,2.7015819152947227,5.491205920880182,38.29060783689505,1.0076475746551328,1.8991282871558839,0.4189424540987103,0.9798681583588482,40.41099834270396,0.4592158902579996,2.0452483489287525,0.17458336854411066,0.40118666695462124,1.6469189544856182,0.6210381801252188,0.06060338007357312,0.06573669820057422,0.07535400239494933,hjorth_mobility,hjorth_complexity,1.7071344705572349,0.5078582558908112,-40.56739807128906,-269.53125,64.94140625,-37.59765625,2307.229374855524,48.03362754212432,1716,eeg_baseline_level_8.csv,11,TP10,110.00390625,120.0
931.5828691483607,133.0832670211944,209.86032719775923,67.09595590867337,106.90726215588357,166.92162950664292,20.865203688330364,48.679830107462834,8.191185224571619,19.10802043270501,55.76176804900294,6.970221006125367,10.83537500228767,3.5706244827797957,6.431761021188883,90.04010822267622,2.3694765321756903,4.708179526778562,1.1445137652364883,2.19180887891617,68.11598096888578,0.7740452382827929,2.591606952629417,0.2359087948151241,0.6288822208995668,1.5475560239932453,0.49597804801827505,0.2131105143975003,0.41842466299504655,0.3694295819167687,hjorth_mobility,hjorth_complexity,1.3621694739161356,0.627246716544728,-36.23847961425781,-142.08984375,104.98046875,-35.64453125,676.4268605911639,26.0082075620594,1716,eeg_baseline_level_9.csv,0,AF7,0.00390625,10.0
3846.476841809495,549.4966916870707,1152.8091339675914,86.55897867142029,482.46852836081194,531.403874202505,66.42548427531312,152.61180950892108,19.15032125968546,64.35453382294915,138.0712619249622,17.258907740620273,26.060146301697532,7.899233647245158,17.840950686737166,139.28559007201542,3.6654102650530374,10.157784405817267,1.348809979875208,2.853755018256447,68.81828982077191,0.7820260206905899,2.1263419527983674,0.1731639519763222,0.6688625245748754,1.5369466586580791,0.45854993913614017,0.1605568302871107,0.2035922119020763,0.12262220085179257,hjorth_mobility,hjorth_complexity,1.0216271054371018,0.5381756658004258,-43.448448181152344,-200.1953125,474.609375,-45.8984375,3049.4019583784393,55.22139040605949,1716,eeg_baseline_level_9.csv,0,AF8,0.00390625,10.0
20542.887117080634,2934.698159582948,6900.997015854949,479.6092813485475,1770.346427477637,2056.2420845358142,257.0302605669768,568.0684181086158,82.77781265072254,174.98505525860855,141.89393202920786,17.736741503650983,36.87719157826575,7.896496465829376,17.1853354547465,251.71379495004922,6.624047235527611,12.100772263845492,2.9746603382954557,6.013310454508529,471.3028100715436,5.3557137508129955,115.33972554340315,1.1506121378988823,3.2163012505782644,1.5230691421011253,0.3669145239433171,0.04138661083849856,0.0842246374626356,0.14761274752191736,hjorth_mobility,hjorth_complexity,0.6324358271753487,0.6328863340569777,-40.71159362792969,-456.0546875,286.62109375,-26.85546875,14499.149423645576,120.41241391005155,1716,eeg_baseline_level_9.csv,0,TP9,0.00390625,10.0
207129.4645985753,29589.923514082184,48304.958446124736,9857.296120072511,25707.375551725643,30286.673232538094,3785.834154067262,8278.88550358854,906.4241226244294,3679.5660763907235,6876.147225021435,859.5184031276793,1613.9545703932774,581.379555637884,717.3079242182857,6620.0099414038,174.21078793167896,627.0925308943876,42.6598759048914,131.9549403145723,1708.5768905278264,19.415646483270756,91.09206989318199,1.7354828136591094,13.910720233216882,1.6251122116131878,0.4676767593391912,0.14727097724501875,0.1785853948573594,0.05917952579278114,hjorth_mobility,hjorth_complexity,0.5970548018788256,0.2522862461418711,28.41358184814453,-1000.0,981.93359375,-24.658203125,139407.25285498044,373.37280679634455,1716,eeg_baseline_level_9.csv,0,TP10,0.00390625,10.0
3436.9912895713155,490.99875565304507,960.5682338499666,131.4105632177379,421.64793953703287,534.6541259629697,66.83176574537121,134.57775271326398,12.847774100370653,53.96389889297902,232.2484264218681,29.03105330273351,34.3470356065906,23.19590046352736,28.168016985667357,425.07846654921116,11.186275435505557,35.86279778317379,3.1799869920216683,7.295211627414025,307.6814346914153,3.496379939675174,12.042211609428328,0.5625237294070078,2.8589689652288213,1.4399688290262662,0.4227524599636572,0.23468316355815474,0.4846890426998564,0.4294954226376562,hjorth_mobility,hjorth_complexity,1.5877235101814697,0.7151826300435178,-26.359176635742188,-229.00390625,383.30078125,-36.62109375,2606.7071883881,51.055922167639864,1716,eeg_baseline_level_9.csv,1,AF7,10.00390625,20.0
2809.2823897011094,401.3260556715871,667.0708195379206,61.18461928015025,465.32332808863816,822.3727077855565,102.79658847319456,156.35032002806096,45.830242707826145,112.48181409072654,68.0366402542804,8.50458003178505,15.195958534408232,4.045660272698379,8.823599607649802,118.14095663715892,3.1089725430831296,8.722527552418144,1.0168676688433695,2.901664274894217,188.40635419461344,2.140981297666062,6.230784089070686,0.4273247618250815,1.8512715034513887,1.4788036903416233,0.7204555497701468,0.10046440166913057,0.20135393597022516,0.33808726225638663,hjorth_mobility,hjorth_complexity,1.5877235101814697,0.6790089336772178,-49.17449951171875,-456.54296875,112.3046875,-41.50390625,2136.518785264343,46.22249220092252,1716,eeg_baseline_level_9.csv,1,AF8,10.00390625,20.0
40100.91419526148,5728.702027894497,9006.10988046011,1206.7402860974237,6869.770134548702,2255.109643514459,281.8887054393074,554.3889997464316,64.70275328458908,290.9543260140645,195.58710036545537,24.44838754568192,42.66402246459553,14.644601233407501,21.592818568681732,234.43885790474306,6.169443629072186,11.266338312152888,2.3258930725086526,5.988027851770823,601.9244919387538,6.8400510447585665,101.14881388963586,1.4544943591051915,5.121233974405146,1.743000210865661,0.2510530430752137,0.03309564531610859,0.04705188330467157,0.11420759863090725,hjorth_mobility,hjorth_complexity,0.9862460801405787,0.6710753219383541,-30.167198181152344,-849.12109375,433.10546875,-21.484375,20704.32378062833,143.8899710912068,1716,eeg_baseline_level_9.csv,1,TP9,10.00390625,20.0
41996.483723487836,5999.497674783976,10999.031983824185,2218.0365938048517,5917.267992381236,10535.450191909136,1316.931273988642,2162.633228094216,695.2414250963345,1450.0150912513557,2081.65359160782,260.2066989509775,519.6738967068662,75.42420899139483,228.07315616116347,889.0400790435255,23.395791553776984,67.75990137704115,5.576808451787727,19.598988704084046,443.3632749477682,5.038219033497366,10.740251586942597,1.9056538165779087,4.568094847801179,1.573501412118261,0.6867515838474747,0.19124264952622233,0.11937323037014683,0.07251112325732417,hjorth_mobility,hjorth_complexity,0.849144607116552,0.45986174848558975,-55.15460968017578,-1000.0,739.74609375,-33.69140625,26445.80604388465,162.62166535823155,1716,eeg_baseline_level_9.csv,1,TP10,10.00390625,20.0
18100.091871914203,2585.7274102734577,7158.011615221759,1139.545204132216,1719.4248375151276,2072.4636007350678,259.05795009188347,387.08736223194904,123.67697293469298,232.79155123901182,269.9129586567054,33.73911983208818,71.47716384463843,9.8861339654075,25.308594490671908,262.34013668897444,6.903687807604591,17.156675968159448,2.520222096431967,5.988932652604726,155.34615635539583,1.7652972313113162,5.322579946451552,0.27230851187376,1.390515283758877,1.6030285502335693,0.4255660711351158,0.08037805214733182,0.09891588786833944,0.06799957699698311,hjorth_mobility,hjorth_complexity,0.8137635818200291,0.4775722054639379,-16.58649444580078,-273.92578125,919.921875,-41.9921875,15581.807546514025,124.82711062310953,1716,eeg_baseline_level_9.csv,2,AF7,20.00390625,30.0
34517.609585968625,4931.087083709804,11323.136712081621,1927.9851963845108,2735.762642710238,5572.379222085185,696.5474027606481,1558.8186067299478,46.394457095224574,754.2253027520744,883.6849402635504,110.4606175329438,193.92984546591535,37.54513717230709,99.47439597468434,411.59704655045795,10.831501225012051,67.9529650180738,1.1975224741210562,5.821045594369772,163.3262610117507,1.8559802387698943,8.0678163120754,0.17221484645768106,1.399458532364012,1.5567301303277052,0.48201643654096127,0.11912204419936957,0.07367265778419065,0.03677202465927255,hjorth_mobility,hjorth_complexity,0.9906687083026441,0.41456052469548477,-46.54369354248047,-1000.0,843.75,-45.8984375,19790.05135766783,140.67711739180552,1716,eeg_baseline_level_9.csv,2,AF8,20.00390625,30.0
10909.682470633395,1558.5260672333422,2596.452736553086,802.907723398715,1272.023002898743,2079.783282854757,259.97291035684464,518.8288167009755,83.87618254663172,245.83702476103863,369.01009235701713,46.12626154462714,75.69148926159924,18.27231372682006,41.461240325109,415.1075818212326,10.9238837321377,29.270917616017712,2.591977418684433,9.031012502278617,547.123436300029,6.217311776136693,117.76187405883257,0.9628212884888803,3.949085558428493,1.5634238141848769,0.5273559090223068,0.13782365375830669,0.19237080941823925,0.25521603628720313,hjorth_mobility,hjorth_complexity,2.299766644273995,0.7663521184657983,-25.92315673828125,-414.0625,766.11328125,-25.87890625,7332.252429332584,85.62857250551701,1716,eeg_baseline_level_9.csv,2,TP9,20.00390625,30.0
9795.683434374096,1399.3833477677279,2806.272072195978,915.4452032166441,1017.7913553654022,2091.405067275471,261.4256334094339,494.1088254815316,75.83234456077119,247.76211392522845,311.7074234047901,38.963427925598765,68.15402554236442,14.249065055640479,36.56280623820747,335.0638836044516,8.817470621169779,20.92267316509332,3.2962386849215273,7.141799472021574,248.8148372373665,2.827441332242801,6.36670172609961,0.9468494404329678,2.6681695773702234,1.5369701567476362,0.5632269343826141,0.12748798630227307,0.1726695800850434,0.14938344293696032,hjorth_mobility,hjorth_complexity,1.6894439579089735,0.6662617918467736,-20.07923126220703,-458.49609375,619.140625,-21.484375,6789.953143415914,82.4011719784125,1716,eeg_baseline_level_9.csv,2,TP10,20.00390625,30.0
470.12516099997885,67.16073728571126,106.0828135326328,16.63499503834906,86.19391666508174,110.84202463965545,13.855253079956931,24.88843159087594,5.044887906875247,12.852765245676206,34.45745864087594,4.307182330109493,6.224937396604554,2.5596347392585437,4.0894655593847276,56.15924755594999,1.4778749356828944,2.8113224703935003,0.6291550897550743,1.3896098376713968,50.39552442473723,0.5726764139174686,1.6625365725038483,0.12369992120298728,0.5368847524716318,1.422248832081882,0.5676516381812171,0.2352122852005965,0.4631351903019652,0.4745056629490105,hjorth_mobility,hjorth_complexity,1.5213840877504892,0.695969471323538,-44.2901611328125,-142.578125,47.8515625,-41.50390625,465.0228749960661,21.564389047595718,1716,eeg_baseline_level_9.csv,3,AF7,30.00390625,40.0
484.74194922066357,69.24884988866623,126.22603004552067,34.6290337731288,49.57661960143916,149.48020376028558,18.685025470035697,41.91897625693235,5.848701606208109,11.674183781404725,29.006766405027093,3.6258458006283867,5.198637498003155,2.1449643729125913,3.634199409783397,24.753723771044953,0.6514137834485514,1.4981803951841517,0.20189653849020228,0.5346312536056452,21.28586150989131,0.24188478988512851,0.48626791741259345,0.0864122538636778,0.22327534758425233,1.4604076079592896,0.6889770773849369,0.20560383662268306,0.22929082730559613,0.22699156945846485,hjorth_mobility,hjorth_complexity,1.5346519722366854,0.5927758442433095,-39.688873291015625,-142.08984375,19.04296875,-38.0859375,338.132981560193,18.38839257684567,1716,eeg_baseline_level_9.csv,3,AF8,30.00390625,40.0
2678.6855552484467,382.6693650354924,741.5204249848227,217.2727823245217,262.5839305178783,573.5812953013888,71.6976619126736,148.30761398413233,26.356355048127433,64.39503722074087,91.04177426859917,11.380221783574896,19.010765852177606,6.207128088063669,10.758682744875625,131.88080837619694,3.4705475888472876,8.125377756108191,1.3014351878699137,2.877713799387907,344.5089509608647,3.9148744427370987,107.29682390196871,0.7591509875113922,2.0315653708716583,1.4742483312686239,0.5457882323720462,0.12836671336885086,0.22303037631442368,0.4844307824107348,hjorth_mobility,hjorth_complexity,2.3616834385429106,0.8211892919208641,-27.8472900390625,-235.3515625,268.5546875,-34.1796875,2582.1446906775236,50.81480778943795,1716,eeg_baseline_level_9.csv,3,TP9,30.00390625,40.0
1017.500143229779,145.35716331853988,188.8917857497114,57.41753803755617,157.84803705443676,445.45051487622806,55.68131435952851,146.4110119424333,14.51475106984005,35.66409444856253,69.76091061567271,8.72011382695909,14.301533992003597,3.1149863844028216,8.73035896343599,84.23117329289292,2.216609823497182,5.6128335295368785,0.6279159708212495,1.8112490459870687,113.13805138058427,1.2856596747793667,2.954354111970149,0.4166699581640561,1.2066317393154655,1.4086488993001338,0.8036580431957848,0.20446667543360225,0.311712674762321,0.4560543289263156,hjorth_mobility,hjorth_complexity,2.1936235683844263,0.7254299334767216,-24.779701232910156,-232.91015625,86.9140625,-23.4375,946.3861115727923,30.763389143148586,1716,eeg_baseline_level_9.csv,3,TP10,30.00390625,40.0
1512.803111408671,216.1147302012387,396.06775461951315,54.6759536693288,216.04585364013062,138.08034617249538,17.260043271561923,47.81498994486323,6.672644613088284,11.252163004612541,43.67899919025878,5.459874898782347,9.261253371204885,3.600135918459393,4.505316882302424,54.971933821318075,1.4466298374031072,3.34006348765929,0.38459218095961023,1.3202251633571154,34.44274615676825,0.3913948426905483,0.9001597817570904,0.06916182842767682,0.37460798610358204,1.5766166852591461,0.3276446156316385,0.13374470691976142,0.20622828488044778,0.1532821257275674,hjorth_mobility,hjorth_complexity,1.5567651130470122,0.600239896188992,-36.637115478515625,-133.7890625,122.0703125,-41.015625,911.6170223569497,30.192996246761428,1716,eeg_baseline_level_9.csv,4,AF7,40.00390625,50.0
1161.4521561539102,165.92173659341574,299.5988793432373,68.22268156090945,136.8295172670036,200.05997349264845,25.007496686581057,40.84777569756762,11.17901223760192,25.38891457669953,33.95345787558416,4.24418223444802,8.871585059533816,1.4022434593083162,2.858638635874303,51.09197966044293,1.3445257805379718,5.5491108663411355,0.29687869198823374,1.0950943182535529,28.868648104027336,0.328052819363947,0.6896156525983321,0.07756495833160981,0.3228750348306804,1.6097163553193712,0.5271700391654801,0.12641860147078082,0.22395393645001654,0.1573467657188851,hjorth_mobility,hjorth_complexity,1.4550446653195086,0.5393966468005945,-31.57806396484375,-165.52734375,138.671875,-32.71484375,695.8876154385507,26.379681867652437,1716,eeg_baseline_level_9.csv,4,AF8,40.00390625,50.0
3175.0473586659923,453.5781940951418,679.2768662884073,210.5332087294895,554.47471876811,793.8354532465165,99.22943165581457,174.07105561465696,32.81229841759432,77.9105654860482,147.14522607780904,18.39315325972613,28.421516187641103,10.58118219010619,18.185229302237065,159.89865511080245,4.2078593450211175,11.982476140691084,1.3375590249942977,3.655993720750569,379.63818515048814,4.314070285801002,123.86978627660703,0.49606333855363716,2.0491767701946646,1.501176308429102,0.6172922069891911,0.16920102925098174,0.23052602936480213,0.46607803741457887,hjorth_mobility,hjorth_complexity,1.9990279292535498,0.7797786564683256,-40.5303955078125,-326.66015625,272.94921875,-42.48046875,3550.8140828460455,59.588707678939016,1716,eeg_baseline_level_9.csv,4,TP9,40.00390625,50.0
3273.123703540171,467.5891005057387,809.2887666626381,161.2211638113048,516.3381956474199,715.2092052113602,89.40115065142002,172.92012669040489,34.11997290351142,73.90803583195338,82.94984166627252,10.368730208284065,17.112588203917106,6.3368609397219995,8.270718434529229,98.57898994422538,2.594183945900668,7.238424409275069,0.7688415668193115,2.0083319394182375,106.57301108856072,1.21105694418819,2.161870166962353,0.460721075938178,1.1350999924669827,1.5456315416353728,0.6031538046400718,0.11181853894317394,0.16160400435539124,0.1953232420078711,hjorth_mobility,hjorth_complexity,1.6186819073159273,0.6283608401524985,-35.169219970703125,-299.8046875,229.98046875,-34.1796875,2797.1763344248757,52.88833835946139,1716,eeg_baseline_level_9.csv,4,TP10,40.00390625,50.0
2436.6580459106353,348.0940065586622,736.8542269670542,103.55869335710597,220.01971802600147,391.7702314353242,48.971278929415526,88.80681140934495,18.58759483905115,41.895510735301016,37.83211781469412,4.729014726836765,10.554844364156484,2.2998052376100135,3.2922025691368333,57.8021211606366,1.5211084515957,2.182359637625771,0.5583845105729394,1.5241355546139168,92.02549019648251,1.0457442067782103,2.3577254575516147,0.43148141420422337,1.0441228265903055,1.4855045969586094,0.4982689048854594,0.0754385521045659,0.13837781571701274,0.23006922960859783,hjorth_mobility,hjorth_complexity,2.547433821349656,0.7720720545090936,-25.40454864501953,-121.58203125,302.734375,-35.15625,1967.773113246949,44.35958874073281,1716,eeg_baseline_level_9.csv,5,AF7,50.00390625,60.0
629.6419126751815,89.94884466788308,144.5765581969262,43.263712112070486,92.10164082754889,104.97126946149099,13.121408682686374,38.78090836634168,5.891075869531523,8.756639270203564,18.311154332923408,2.288894291615426,4.515293323914084,0.7487560013096418,2.243871573333224,22.913527352197665,0.6029875618999385,1.6582364044185824,0.23792341579080054,0.5354474153031072,22.618573901093956,0.2570292488760677,0.7943980124133649,0.07627816000987808,0.23243724387775794,1.6105245437275824,0.49471678538073827,0.1267644607670898,0.19660672617973043,0.21718584290598342,hjorth_mobility,hjorth_complexity,1.6054140228297313,0.6673914448198299,-33.70628356933594,-150.390625,22.4609375,-31.73828125,359.82966641313396,18.969176745793,1716,eeg_baseline_level_9.csv,5,AF8,50.00390625,60.0
2238.2403242237488,319.7486177462498,457.39625487798344,208.60046088434183,312.4198623486857,802.0382558971069,100.25478198713836,189.67008038356278,45.92298547965416,90.67417902287065,108.57177544759216,13.57147193094902,34.276193181309466,4.692671315356449,10.059634973465995,132.24604074598443,3.4801589669995905,9.335324105813264,1.495726546255771,3.0007667592852965,317.4080471139555,3.6069096262949487,125.30192427584727,0.5829338129326042,1.4758913938500022,1.4691631827066223,0.7660670430695835,0.15909559965126463,0.24663714178292956,0.4672393366935532,hjorth_mobility,hjorth_complexity,2.600505359294441,0.8037414694259478,-35.79978942871094,-326.171875,84.47265625,-33.203125,1733.0219199357089,41.62957986739367,1716,eeg_baseline_level_9.csv,5,TP9,50.00390625,60.0
1985.479654294739,283.63995061353415,492.96879239587844,108.05404935068964,279.02059728058975,714.4034174581699,89.30042718227124,216.43372168854427,30.355532815311378,81.85884044640827,94.7639829281625,11.845497866020313,30.593165028664878,1.9681729444055671,9.362504769687833,83.50428594109718,2.1974812089762414,5.091702270351997,1.075589987000803,1.7382292838204754,88.72318186010696,1.0082179756830336,2.0717764877939158,0.3281795797803443,0.9750435372740722,1.503709226492945,0.787662164995479,0.1644739236490405,0.1966918579493393,0.2327870932917413,hjorth_mobility,hjorth_complexity,1.7646286366640849,0.6636353111107982,-40.285301208496094,-267.08984375,58.59375,-38.57421875,1472.675609657017,38.37545582344289,1716,eeg_baseline_level_9.csv,5,TP10,50.00390625,60.0
560.8140192631212,80.11628846616017,202.6528835561733,40.13150882348502,62.01710114194363,100.97737475862655,12.622171844828319,25.907601120322536,4.44405010420367,9.648486177343672,20.81335253366757,2.601669066708446,5.525006293009057,1.0037965537367988,2.374306727623769,48.24093874583093,1.2694983880481825,2.5758650309824627,0.43407772794898436,1.1508303193862242,139.74509472397725,1.588012440045196,4.183087202014928,0.47949537723004987,1.407579698327703,1.393202152123764,0.45087681692032633,0.13060283014081,0.34374035361667554,0.9571415590418475,hjorth_mobility,hjorth_complexity,2.0078731855776804,0.8775295475007335,-36.893653869628906,-128.90625,111.81640625,-40.0390625,677.714806770382,26.032956166566677,1716,eeg_baseline_level_9.csv,6,AF7,60.00390625,70.0
2576.850177820817,368.1214539744024,720.8308298310353,132.1497593044131,273.278714721879,256.75272133019837,32.094090166274796,51.31633847725404,10.214975037726951,33.4438593998831,41.85868933298999,5.232336166623749,9.807589267395766,2.106285776336039,4.45998116826368,36.89358669766539,0.9708838604648787,3.661423073908064,0.39794000636109494,0.7113782135416107,44.464155672603624,0.5052744962795866,1.3498027699917996,0.12330985648989905,0.42179141319356594,1.6309298965550778,0.36487813698823146,0.08347562125788127,0.09301007825731895,0.12260745091247982,hjorth_mobility,hjorth_complexity,1.401973127374724,0.5917674794990633,-29.290199279785156,-132.8125,243.1640625,-34.1796875,1577.0068877827725,39.7115460260964,1716,eeg_baseline_level_9.csv,6,AF8,60.00390625,70.0
6119.5443375822315,874.2206196546045,1493.4058021794363,348.7773746189434,806.7584222693333,1119.1244818330917,139.89056022913647,367.3850122579477,51.80424684590529,83.7829358989555,99.04273257180031,12.38034157147504,18.85496388080915,4.259979960281343,11.917978189101035,141.22210578844886,3.7163712049591804,10.638732770638452,0.9972750176896845,3.2973581155643132,287.72302078665206,3.2695797816665007,85.38547116633852,0.47636681425589295,1.588534653990132,1.6363839926867885,0.5323530182492648,0.07944910040411905,0.13288947517358385,0.24154873628061616,hjorth_mobility,hjorth_complexity,1.3798599865643972,0.7271084094329465,-37.22515106201172,-343.75,155.76171875,-37.109375,4241.486738865206,65.12669758912396,1716,eeg_baseline_level_9.csv,6,TP9,60.00390625,70.0
5827.350273037427,832.4786104339181,1256.4400395100854,497.32482100764213,805.466237241701,1185.4169898376833,148.17712372971042,360.9672163676714,35.33291712313553,92.66300234907662,62.63156431879592,7.82894553984949,12.564179952755515,2.862030171898761,7.979194165473238,78.66353144978754,2.0700929328891458,6.0626922093315105,0.9611173750014304,1.7740430360583974,107.04574334611607,1.21642890166041,2.7639825500857462,0.38732489707510825,1.144614340800241,1.7005002228404256,0.5847158412895832,0.05746015425409348,0.08623485462193699,0.12553591474218492,hjorth_mobility,hjorth_complexity,1.5921461383435351,0.5913860343915887,-35.8856201171875,-371.58203125,163.57421875,-31.494140625,3428.469030186534,58.553129977709425,1716,eeg_baseline_level_9.csv,6,TP10,60.00390625,70.0
1609.427798352324,229.91825690747487,518.8749057964816,35.47059214870468,154.53202773796218,138.61234616202555,17.326543270253193,32.38524629385566,6.820946240392835,16.916289410356804,32.36470034599,4.04558754324875,6.713612519451465,1.1108349609077801,4.207381337160983,53.46520213509042,1.4069790035550112,2.4744510523364136,0.7235933986831878,1.346384654424242,61.90241819711014,0.7034365704217062,2.2127931813964317,0.17963131107348468,0.6111121779938887,1.5113435601367415,0.32579582116033173,0.10028728945183973,0.19635287406296062,0.24626857924544393,hjorth_mobility,hjorth_complexity,1.6496403044503851,0.6935415059856286,-47.367286682128906,-269.04296875,143.5546875,-44.43359375,1215.1135902604437,34.85847945995987,1716,eeg_baseline_level_9.csv,7,AF7,70.00390625,80.0
1295.864695419842,185.1235279171203,288.66936207385385,93.1883665731267,165.63234914941268,304.3685057242145,38.046063215526814,124.26005233506723,13.067899907888188,17.625590889193255,55.53935809890216,6.94241976236277,12.980759434802476,2.568614087223079,5.6404308592088865,65.26995373188355,1.7176303613653565,10.982939245752611,0.3078500900705534,1.0366754550895774,43.43511791934562,0.4935808854471093,1.3031877235998994,0.06159207989898542,0.3847964635215314,1.5380938488160776,0.5681514522484165,0.16094936603617332,0.2279306246660443,0.18651504309922848,hjorth_mobility,hjorth_complexity,1.1277701813266707,0.5500871505941722,-30.919837951660156,-192.3828125,139.16015625,-34.912109375,1070.8034547496936,32.72313332719979,1716,eeg_baseline_level_9.csv,7,AF8,70.00390625,80.0
2419.842274303384,345.69175347191197,553.3403709003097,167.41822875996542,382.1112378233814,794.7056730199134,99.33820912748918,252.28607897072573,24.01804283098121,75.58337294752855,141.18956976791057,17.64869622098882,34.939419759273655,6.188839214066903,13.810992895457526,123.46117153854179,3.248978198382679,9.069587752130051,1.1122930788167684,2.4977281737396817,321.02811618870555,3.648046774871654,132.06400318840204,0.3829838429959746,1.3029426315132677,1.4537585119245675,0.6870938995412291,0.18901017700276995,0.2195699785994573,0.4397099442936919,hjorth_mobility,hjorth_complexity,1.4506220371574432,0.7472373301805949,-24.986839294433594,-365.234375,118.65234375,-18.5546875,3446.7792455325252,58.70927733784947,1716,eeg_baseline_level_9.csv,7,TP9,70.00390625,80.0
2073.4512083232275,296.2073154747468,382.9906995287008,184.1455924069877,330.6175025145973,763.9516121759474,95.49395152199342,225.60620613921174,22.397680539512848,61.8970351418838,88.65144822326941,11.081431027908677,26.310745267499534,4.197361377757537,5.785850706267432,66.2134215204669,1.7424584610649183,4.3872019484227955,0.5136439995621469,1.5284119353784527,83.58392805738893,0.9498173642885106,2.188199207973017,0.21635478686779244,0.8542834678329909,1.5306508054374888,0.7744423138420299,0.15117769637087555,0.15500716572892903,0.21201283346673122,hjorth_mobility,hjorth_complexity,1.7071344705572349,0.573310077756784,-38.333702087402344,-380.37109375,83.0078125,-33.203125,2713.0484449662617,52.08693161404559,1716,eeg_baseline_level_9.csv,7,TP10,70.00390625,80.0
535.2267338493864,76.46096197848377,105.10865661881128,39.75393230519344,81.23800959017446,153.71384782028747,19.214230977535934,34.208088774923354,6.191133221641673,16.25428140630436,26.836267421613066,3.354533427701633,8.650014299482478,1.6207334273315464,2.256256771769969,77.25326769615528,2.0329807288461916,3.985199635867829,1.0776956189799753,1.878601131567048,143.24554256271065,1.6277902563944393,5.217815671960602,0.42190172943495224,1.5012041965013279,1.3663613693358707,0.584333592405077,0.14898990615296195,0.4780553204108073,0.9095504897212908,hjorth_mobility,hjorth_complexity,2.498784911566937,0.8182661714041457,-41.758155822753906,-118.65234375,84.9609375,-42.96875,542.6616317345179,23.29509887797255,1716,eeg_baseline_level_9.csv,8,AF7,80.00390625,90.0
783.4542372524218,111.9220338932031,239.73118252611948,39.09617297063627,109.23338703180734,134.76901975480183,16.84612746935023,48.62617255121058,3.2456892182631227,10.787270155808994,26.7496581877156,3.34370727346445,6.089286295127647,1.3572859288365562,3.6428219443857186,47.634629444788395,1.2535428801260105,2.6620629526018873,0.552184468643115,0.9825330352725089,57.83654202778454,0.6572334321339152,1.696327711264247,0.19372181219101992,0.6027114434871499,1.4838935979221122,0.45602956906179465,0.13515879170699402,0.2820009643352773,0.376834607450108,hjorth_mobility,hjorth_complexity,1.6319497918021235,0.6987837236272872,-40.62347412109375,-177.24609375,35.15625,-38.0859375,661.0548845492303,25.710987622983883,1716,eeg_baseline_level_9.csv,8,AF8,80.00390625,90.0
4105.140777564453,586.4486825092075,810.3328471736781,307.4254812396823,484.0714114886719,1274.5210943082552,159.3151367885319,344.3474463274905,44.307922934849415,136.3991098220437,167.16439464517111,20.89554933064639,40.58942069058453,6.990337587292355,18.584916989871402,135.87154878397843,3.57556707326259,8.574492775101628,1.2016235986435757,3.2105563032196347,245.470469762399,2.789437156390898,52.85653678864731,0.4503212149621942,1.882302364555044,1.5477386200316492,0.7234535906397455,0.152582895122367,0.16430384338586995,0.2856060327633476,hjorth_mobility,hjorth_complexity,2.0344089545500728,0.6628440937618356,-37.53643035888672,-345.703125,127.44140625,-29.78515625,3121.5850961962133,55.87114726042605,1716,eeg_baseline_level_9.csv,8,TP9,80.00390625,90.0
3830.3073775179682,547.1867682168526,828.311869482877,274.68070454197385,435.452888683235,1045.5407527658642,130.69259409573303,278.7245398241461,35.097296362011676,111.91276461370887,95.63448408981426,11.954310511226783,32.735600841228546,5.659318250556235,8.221620327851836,73.9879747758748,1.947051967786179,4.406900328229782,1.010872014198841,1.7471705526076524,133.27143494571777,1.5144481243831565,3.2842500226964075,0.5515939113328829,1.46073051715328,1.5942678793870662,0.688996371984434,0.10716944071553552,0.11040729197073038,0.20474369129600234,hjorth_mobility,hjorth_complexity,1.954801647632896,0.6103375134895964,-44.151878356933594,-295.8984375,56.15234375,-37.109375,2871.4253418365843,53.58568224662801,1716,eeg_baseline_level_9.csv,8,TP10,80.00390625,90.0
8356.234686882197,1193.7478124117424,1955.7199802668556,503.4377248362368,1015.3816128239646,1760.1018117309263,220.0127264663658,341.685111290805,91.87417762738991,216.03800219976915,401.34959307492005,50.168699134365006,68.20719282873976,37.28252653763953,49.164131138561785,554.8082655372956,14.600217514139358,26.39436245738911,4.17803967141153,15.76322383563086,459.53049027336135,5.221937389470015,16.57201129866802,1.0818888102267055,4.567257120909164,1.5703241093288187,0.5845059391608298,0.18556168569192621,0.3122112958200744,0.2956501740115295,hjorth_mobility,hjorth_complexity,2.0565220953603998,0.7254839446725152,-35.83030700683594,-799.31640625,546.875,-37.59765625,5546.568280406063,74.47528637344111,1716,eeg_baseline_level_9.csv,9,AF7,90.00390625,100.0
3806.1043264240975,543.7291894891567,908.4692073833044,319.94796216776626,530.0723996448401,1270.0643507673137,158.75804384591422,405.2560533703491,63.91022813894366,139.11898089716368,221.43453639185674,27.679317048982092,40.37405426776577,14.392712904359819,29.219866935799132,290.38760995642457,7.641779209379594,21.878783278511307,2.517627908851605,6.130816896143292,179.1578042156206,2.0358841388138704,5.0840499532691945,0.6738879437105871,1.871612021814482,1.5013405753015119,0.735999267012605,0.19923173630940358,0.319455413401183,0.2388740523602566,hjorth_mobility,hjorth_complexity,1.366592102078201,0.6635533396031361,-15.748023986816406,-158.69140625,526.85546875,-30.2734375,3419.112459778262,58.47317726768627,1716,eeg_baseline_level_9.csv,9,AF8,90.00390625,100.0
3115.2849754016142,445.0407107716592,768.1953536357039,269.5508519336468,416.85988642493226,731.4449873641164,91.43062342051455,224.5462305928049,12.779945518172227,57.238862753621085,103.94506448924076,12.993133061155095,35.88077847424558,4.730330634421544,9.833054790698842,196.58456011983688,5.173277897890444,11.59445081443744,2.4059635753025397,4.962759312225408,401.74979779063335,4.565338611257197,61.31878047552009,0.7801273002608602,3.4224835269055167,1.5259318931640173,0.556474225098525,0.12667331129288018,0.2831282115365065,0.5628867647355773,hjorth_mobility,hjorth_complexity,2.3174571569222566,0.7562218497631212,-38.52348327636719,-318.359375,200.68359375,-34.1796875,3043.911080894759,55.171651061888284,1716,eeg_baseline_level_9.csv,9,TP9,90.00390625,100.0
2523.5986753984284,360.5140964854898,620.7779074876777,210.7377300578554,321.0604222899418,790.471177510574,98.80889718882175,252.54763061336973,14.589587430137751,61.43029648524256,126.97178323865421,15.871472904831776,33.91685941310248,7.125716890923438,14.65899089846828,201.4604849780486,5.301591709948648,14.683993376716693,0.9822047754952096,4.815489317860598,262.38618845485365,2.981661232441519,6.437207289511047,0.8589205063209635,2.5692967933358575,1.4862381328393082,0.6701767943859205,0.17152664842362306,0.3286868660303696,0.46721727502060095,hjorth_mobility,hjorth_complexity,2.273230875301603,0.6836924042258278,-48.363494873046875,-300.29296875,130.37109375,-43.9453125,2534.701488330029,50.34581897566102,1716,eeg_baseline_level_9.csv,9,TP10,90.00390625,100.0
3725.8515952562516,532.2645136080359,979.6408979854722,118.97668408197885,470.8307563152825,238.22765558654123,29.778456948317654,54.457662318088744,10.288172834158088,29.27607930781284,59.7537578771169,7.469219734639612,20.35450038270723,2.0255913031902457,6.3477997994397,77.4872819780764,2.039138999423063,4.36551352956682,0.6111091187490971,1.9925732126665596,90.6951948505904,1.0306272142112545,3.296754528721132,0.3011159043194752,0.8784004757242807,1.6362734182617724,0.2742434444492796,0.08649746207195519,0.1389703407747812,0.17563939855561378,hjorth_mobility,hjorth_complexity,2.463403886270414,0.7254248120678145,-41.025733947753906,-142.578125,443.359375,-45.8984375,2561.8396608842877,50.61461904316072,1716,eeg_baseline_level_9.csv,10,AF7,100.00390625,110.0
5813.1267452344355,830.4466778906336,2135.466669209205,264.19030647235087,507.17533201034166,2777.9103482299315,347.23879352874144,438.3239617922122,215.8660934774493,368.70790068385486,307.5686470616734,38.446080882709175,120.34535291088855,11.87550442453125,21.155138610878716,272.03462637834696,7.15880595732492,16.900160903714458,1.9637746913508005,6.062687996659246,604.6980471539728,6.871568717658781,17.44768633228655,0.3414558170356199,7.5606985580565516,1.308354384964721,0.9331754598271527,0.16243181557133488,0.19445055785434232,0.4286122614690365,hjorth_mobility,hjorth_complexity,1.4329315245091816,0.5923405883251516,-51.41944885253906,-1000.0,129.39453125,-36.1328125,7605.631525948411,87.21027190617176,1716,eeg_baseline_level_9.csv,10,AF8,100.00390625,110.0
4760.020597427158,680.0029424895939,945.5596452070126,443.3420528412428,661.8308611626026,1162.5789018696682,145.32236273370853,448.8219637868963,33.3896688919868,107.94365454870554,104.58548342375636,13.073185427969545,40.30274134532525,2.9090335446164217,6.2707556610135535,94.1460943031719,2.4775287974518925,5.594406619670596,1.1144154415161003,2.2869157157801574,195.88747725560955,2.225994059722836,47.026046401218395,0.5244671269998881,1.4056419643384257,1.6290406247525593,0.6248386540711375,0.09361174227700855,0.11338131602319051,0.21909520336858873,hjorth_mobility,hjorth_complexity,2.5032075397290026,0.7172430964451465,-37.819480895996094,-359.375,170.41015625,-34.1796875,3135.5905023156083,55.99634365131002,1716,eeg_baseline_level_9.csv,10,TP9,100.00390625,110.0
4550.28476120139,650.0406801716272,896.4447344169369,348.36588776394944,652.4508654471562,1109.826129845207,138.7282662306509,374.0612022995495,29.797418304588877,91.30684273616285,102.06251067485304,12.75781383435663,33.020439541105354,3.7219045786023077,7.205725790128298,78.59066264422762,2.068175332742832,3.8519757050508554,0.9264838086406171,1.7778940551677878,108.11616640988794,1.228592800112363,3.171522443320983,0.3543953276533378,1.1358099228491405,1.6363587187094648,0.6372741066848422,0.09812202091161859,0.10265670623647047,0.15034213093344012,hjorth_mobility,hjorth_complexity,2.2245819655188837,0.6544939979295405,-40.44532775878906,-317.87109375,112.3046875,-36.1328125,2916.646727680927,54.00598788727901,1716,eeg_baseline_level_9.csv,10,TP10,100.00390625,110.0
388.35076265164554,55.47868037880651,94.4025615428624,9.699281562272633,53.56555849078893,174.83365662416384,21.85420707802048,42.7704014589542,5.032577801539923,21.9756048030294,21.33199715059168,2.66649964382396,5.555602312034562,1.2518268855903028,2.2634088129853027,61.007847439585625,1.6054696694627797,2.9883275302120698,0.5289278612756746,1.538574312490863,87.60194219976913,0.9954766159064673,2.150603407019312,0.25329074943444563,0.9277117674210253,1.2824625185324345,0.7874620299633706,0.1559918026883872,0.49349926422330587,0.763303611832443,hjorth_mobility,hjorth_complexity,2.5651243339979177,0.770474904386418,-40.24085998535156,-87.890625,75.1953125,-41.9921875,372.66861167154275,19.30462669081023,1716,eeg_baseline_level_9.csv,11,AF7,110.00390625,120.0
324.2943996915945,46.3277713845135,84.89650108427662,18.83732600256833,48.16436690826245,91.46990348127007,11.433737935158758,18.20407655903767,2.7353997176015805,12.899834730057062,27.38198643834546,3.4227483047931826,5.777764749062489,1.5296152588180887,3.0457832962983584,38.339169911247296,1.008925523980192,1.7971813043350946,0.3630523534909032,0.9469844052252376,29.965879165371838,0.3405213541519527,0.7034904182713784,0.08948049840139621,0.3232123499124093,1.4173360730865958,0.6360754128439048,0.2538680130945575,0.4478502426534892,0.41091171041846397,hjorth_mobility,hjorth_complexity,1.6761760734227773,0.6860754372726764,-33.82587432861328,-93.75,39.55078125,-34.1796875,260.81901505676797,16.14989210666028,1716,eeg_baseline_level_9.csv,11,AF8,110.00390625,120.0
4593.218275659696,656.1740393799565,1118.488903380286,233.2377936260005,684.940811331662,1060.5192875845323,132.56491094806654,231.317751479984,52.69728789132792,111.02596276001495,145.81707023347707,18.227133779184634,42.9710630584822,6.813631041648581,13.196328220461746,140.94002676084503,3.7089480726538167,14.481167280297816,0.8613014618963581,2.319815393879452,208.07739220187233,2.364515820475822,61.83192714433388,0.5812622148122863,1.2150966199295627,1.5970734466708305,0.6358950684419307,0.1324740404245356,0.162063715402445,0.22970329019501684,hjorth_mobility,hjorth_complexity,1.6894439579089735,0.6366546301604986,-33.09612274169922,-261.71875,163.0859375,-25.390625,3182.397788586968,56.41274491271425,1716,eeg_baseline_level_9.csv,11,TP9,110.00390625,120.0
3727.856971381884,532.5509959116977,880.6754443159675,157.67958930213288,572.0350739031234,902.796846691843,112.84960583648038,225.01257117680274,24.621292019718865,98.66351316274006,78.02790287183932,9.753487858979915,16.542424577647765,4.424156704796314,8.454098774372543,82.37289669368536,2.1677078077285623,4.093675273264066,1.0581752053677915,2.0658595249028595,103.77758048034178,1.1792906872766111,3.0728607503806336,0.34884267211756126,1.130483637528458,1.611717207155973,0.6526611293185854,0.09670170809343184,0.12766758764910435,0.17309937505911738,hjorth_mobility,hjorth_complexity,1.6938665860710387,0.5632680932855676,-40.07835388183594,-258.30078125,64.94140625,-34.1796875,2684.8699360562023,51.81573058498937,1716,eeg_baseline_level_9.csv,11,TP10,110.00390625,120.0
189.60159025448195,27.08594146492599,32.77962221978785,17.784730133082387,27.294430872291734,118.68523201763284,14.835654002204105,25.69880992083412,6.3435867532073384,13.460080773765245,26.389826921807504,3.298728365225938,5.504322181731445,1.6522405895638979,3.0552663419023913,121.51661628956647,3.1978056918306965,6.964561158963117,0.8779224687929814,2.7842017420040794,202.5320655286146,2.3015007446433478,5.6433150383486215,0.529899888261077,2.112324076239436,0.8834872740556972,0.6445191590117942,0.20140286154008072,0.9219226019887242,1.634485288475773,hjorth_mobility,hjorth_complexity,3.2064054174973973,0.821396460264628,-37.283897399902344,-111.81640625,48.33984375,-37.109375,321.08220821100986,17.918766927749516,1716,eeg_data_level_1.csv,0,AF7,120.0078125,130.00390625
1810.6696735221467,258.6670962174495,474.63126760168024,106.89003264779275,221.58672289373493,378.2253144779931,47.27816430974914,168.8920492595875,8.695058734721096,28.360675729627125,31.678102947835136,3.959762868479392,6.309456910259244,1.9830318222996222,4.0403751573649265,65.88506890810743,1.7338176028449324,2.8439163934134957,0.9429277655189495,1.727032682270404,77.49644573764378,0.8806414288368611,2.6217678308658585,0.34654090388944325,0.839308561957429,1.5656410030688699,0.5373907154002746,0.08257088537365317,0.19435590112718293,0.24863605484996246,hjorth_mobility,hjorth_complexity,2.5651243339979177,0.703327242144591,-36.59172058105469,-217.28515625,160.15625,-37.109375,1193.1511327566113,34.54201981292656,1716,eeg_data_level_1.csv,0,AF8,120.0078125,130.00390625
3843.6717103376955,549.0959586196708,747.5446961667571,380.54584824017024,543.0615831282395,1385.418355557828,173.1772944447285,324.1372382882161,52.7223547862757,128.11228161546128,279.9739049879287,34.996738123491085,74.57952707749367,8.250440485716172,31.891581925948707,164.60924814679362,4.3318223196524634,12.154303901818011,1.1117814059383595,3.5684847404989055,327.57363418229215,3.7224276611624108,72.76431380241587,0.7801667219249633,2.4177446082631375,1.4954151124015471,0.7710036580181487,0.22632755148678185,0.19080103633763326,0.35984139353055056,hjorth_mobility,hjorth_complexity,2.405909720163564,0.7547172274470977,-36.08074188232422,-348.14453125,250.0,-32.71484375,2801.85527048161,52.93255397656163,1716,eeg_data_level_1.csv,0,TP9,120.0078125,130.00390625
3497.05122221449,499.5787460306414,704.5275362977056,347.42586668801556,504.99836846632337,1190.3945602357483,148.79932002946853,296.26830621341156,40.44607943377706,120.70232270608756,201.4306651128079,25.178833139100988,51.113401478414644,8.549070696168084,19.82679642881245,114.0066660299895,3.000175421841829,7.949063808156893,1.2371720022586103,2.551066554870399,140.74200824183754,1.5993410027481538,2.974493495031656,0.3219412405944549,1.706820837162665,1.5478896566823188,0.768275385523703,0.19748765385409828,0.15938521109096432,0.21425045090755923,hjorth_mobility,hjorth_complexity,2.211314081032688,0.6464427148578975,-36.11946105957031,-322.75390625,116.69921875,-33.447265625,2356.8460797832813,48.54735914324569,1716,eeg_data_level_1.csv,0,TP10,120.0078125,130.00390625
40.811205725451096,5.830172246493014,8.295053028228935,3.913941151694092,5.953840686678888,24.420687532721914,3.052585941590239,5.433929520668539,1.3495389496715506,2.998233084821136,10.84711037557586,1.3558887969469826,2.1938362156659714,0.807016525410599,1.1518511375065006,105.3327245400075,2.771913803684408,5.905939171060055,0.8938573799682303,2.8396463196353494,124.36074466646417,1.4131902803007292,3.9036566169499727,0.3596470062578361,1.3431856443502677,0.49271981522435593,0.33990587810497874,0.17825342015644702,1.4805810300316442,2.014346011296972,hjorth_mobility,hjorth_complexity,3.4098463129524044,0.8368587828377905,-37.982940673828125,-83.984375,36.62109375,-37.59765625,173.58195909764618,13.175050629794415,1716,eeg_data_level_1.csv,1,AF7,130.0078125,140.00390625
228.9543754625464,32.70776792322091,70.14301287037719,9.648122353120726,26.848215447080793,56.991224386693375,7.123903048336672,12.552371914179638,4.183141493147045,6.656261779817024,18.14364991654851,2.267956239568564,4.6560531947947945,0.9636016969712373,2.1566995429050397,58.535287440956,1.5404023010777894,4.213830020929007,0.2773515157575405,1.5334132012598467,70.5126338147268,0.8012799297128045,1.8414325352890768,0.24308823554548153,0.7481786264103305,1.2192687899655663,0.5082276364444553,0.20460700105717466,0.7076279478551601,0.9592074121127282,hjorth_mobility,hjorth_complexity,2.9631608685838016,0.812611206754457,-36.4654541015625,-130.37109375,30.2734375,-36.376953125,258.79758410155773,16.0871869542676,1716,eeg_data_level_1.csv,1,AF8,130.0078125,140.00390625
1098.134484531499,156.8763549330713,249.03780396713708,63.938057897589175,157.4478796548285,492.87729792898426,61.60966224112303,128.52928687305825,12.5832938643331,45.99653989217059,106.37791441612885,13.297239302016106,32.589997434522836,5.034925383527487,9.070424846390171,109.30879788752974,2.87654731282973,7.309555520240413,1.4507263391840968,2.6708403667173855,256.9033871053099,2.919356671651249,75.95212663183459,0.7115825534110174,1.5288550896350848,1.3016899894671237,0.7755175993214852,0.24289646734493425,0.33291944672214174,0.6724343737376505,hjorth_mobility,hjorth_complexity,3.1621791358767433,0.8295169638987137,-36.759185791015625,-359.86328125,62.5,-34.66796875,1239.4904386019334,35.206397694196625,1716,eeg_data_level_1.csv,1,TP9,130.0078125,140.00390625
1109.218044381161,158.45972062588015,226.79675007393303,61.30982433894327,164.8896922087934,493.5297309938986,61.69121637423733,144.89223632852406,17.044436384107183,39.51941331748505,94.9118640908336,11.8639830113542,31.041866492978652,4.143294003014077,8.361665139689821,67.19418526870665,1.768268033387017,4.095712761199124,0.692632309067354,1.5800166503613715,103.80568811324336,1.1796100921959474,4.415150282380263,0.2669533113937418,1.0121082606704561,1.4025494748711305,0.8260717161935399,0.23879564676096407,0.24033162210131911,0.3910644847940097,hjorth_mobility,hjorth_complexity,2.5518564495117215,0.7231950082606462,-38.31310272216797,-333.49609375,73.73046875,-37.59765625,1156.9137597325607,34.013434988729976,1716,eeg_data_level_1.csv,1,TP10,130.0078125,140.00390625
94.95026976040654,13.56432425148665,18.887549397435617,11.210137367672912,13.13034587139349,44.48918708966562,5.5611483862082025,8.627984559129818,2.4818022661294634,5.504260230801138,17.92821968599356,2.241027460749195,3.322188649167798,0.9139441818075706,2.4773357669966884,108.41601893384222,2.8530531298379533,6.707467406087496,0.9612605943324771,2.610010475400472,134.61569174485277,1.5297237698278723,3.8773993544736913,0.35362422271873833,1.466348868066098,0.7602919859045228,0.4376329169372217,0.21644619434160448,1.237002591249627,1.7310017930127932,hjorth_mobility,hjorth_complexity,3.051613431825109,0.8251486978516449,-36.629676818847656,-101.07421875,21.484375,-36.62109375,228.9882124387077,15.132356473421703,1716,eeg_data_level_1.csv,2,AF7,140.0078125,150.00390625
515.667288289038,73.66675546986257,151.27857534402418,20.79303383797953,53.407685031371926,70.51794205636591,8.814742757045739,18.360267470691323,3.6220244146402556,5.886583240185889,19.43580756272185,2.429475945340231,4.231428278412558,0.6259108181170701,2.4535017705786784,63.37556597443108,1.6677780519587126,3.4903675880785654,0.6400653010844497,1.4012430784403165,78.50457600338757,0.8920974545839496,2.0075027396327587,0.26124088702299075,0.810237810792203,1.433248860404609,0.38379454762080045,0.13929434957844258,0.4850913822607173,0.6642833206225522,hjorth_mobility,hjorth_complexity,2.6447316409150945,0.7875576249336299,-36.626434326171875,-132.8125,46.875,-36.1328125,401.3558564474806,20.03386773559915,1716,eeg_data_level_1.csv,2,AF8,140.0078125,150.00390625
4077.674303123285,582.5249004461836,866.7452871324781,237.34776362722363,574.90647835451,939.5715055779525,117.44643819724406,161.4032866666793,48.94247486444074,124.87763349100713,217.54287505104486,27.192859381380607,67.16887566440698,12.193914005549587,22.163361815214017,157.9063005042509,4.155428960638182,14.963614858856179,0.7251597283646638,3.096729705017309,221.01270092453305,2.511507965051512,69.81279726824303,0.556860521906497,1.288205039301524,1.5706225915441103,0.6277884896157927,0.19670890024293644,0.19319975013966206,0.2555138301758628,hjorth_mobility,hjorth_complexity,2.109593633305184,0.703171439747502,-41.799354553222656,-355.95703125,156.25,-38.0859375,2835.713860949909,53.25142121061098,1716,eeg_data_level_1.csv,2,TP9,140.0078125,150.00390625
3390.4205475232116,484.3457925033159,676.1770412621565,295.07692309128686,478.2492018473903,845.3396118400865,105.66745148001081,215.41326146865822,25.29084503798575,91.62853037546728,115.63223684133419,14.454029605166774,29.58207933498347,5.442191514026795,13.709955179452017,78.84804383955536,2.074948522093562,6.0433250034545445,0.7711079142923124,1.734972400434882,88.62153147848879,1.0070628577101,3.6844658563443837,0.2884956342235035,0.9293163280732817,1.6274412236685951,0.6575269472057153,0.1406639956501167,0.12912447904167806,0.1594589525737049,hjorth_mobility,hjorth_complexity,2.131706774115511,0.6266391749324739,-38.758277893066406,-340.8203125,66.40625,-34.66796875,2304.7154061714537,48.007451569224685,1716,eeg_data_level_1.csv,2,TP10,140.0078125,150.00390625
86.6963595100144,12.385194215716343,18.87239481874688,5.373841610646203,12.589430737604731,50.573462877253505,6.321682859656688,14.658664562081318,1.9140096125751522,4.164420115031487,16.663648961093784,2.082956120136723,3.7915289358050828,1.0009708265687274,1.5330182392702678,119.53429131198456,3.1456392450522253,7.836191876665889,0.6159826485471172,2.7032203250011486,165.51855583657817,1.8808926799611156,4.76724371145714,0.5876899505170754,1.757621644156207,0.6613282553427327,0.4400925777033712,0.1882141151654686,1.2439763441913514,1.9212096305192772,hjorth_mobility,hjorth_complexity,3.2771674680904432,0.8469464338227162,-38.323020935058594,-104.98046875,26.85546875,-38.0859375,232.40013655595249,15.244675678936318,1716,eeg_data_level_1.csv,3,AF7,150.0078125,160.00390625
467.0011796408122,66.71445423440174,142.78750646525575,29.61619865653974,52.34704066201297,67.73503448722369,8.46687931090296,20.503801059006094,4.066026594897695,6.095328155394373,23.502313597544102,2.9377891996930128,4.1114827872073905,1.1446494729801815,3.4181783709940134,61.96700241945788,1.6307105899857337,2.8790346540237852,0.8372163110713048,1.444775889718148,89.75076473964889,1.0198950538596465,2.346501118986102,0.2491829914128592,0.9165096541347797,1.3822310822450947,0.37772922328030734,0.1657774013034615,0.4845503313411739,0.7520160938285612,hjorth_mobility,hjorth_complexity,2.436868117298022,0.817100084107498,-37.652015686035156,-112.79296875,42.48046875,-36.62109375,389.00480340089416,19.723204693986577,1716,eeg_data_level_1.csv,3,AF8,150.0078125,160.00390625
4632.435214693509,661.7764592419298,1057.8960212313984,310.7801456763076,614.5623472576555,1194.3804369518098,149.29755461897622,252.29117284070773,85.29415637262123,124.53472274390643,284.05050881199475,35.50631360149934,65.02577602913766,11.868978268027018,36.276610518688514,101.16363746990861,2.6622009860502267,5.071545739469269,1.2579957469414853,2.4479152999057074,240.61028843315094,2.734207823103988,79.81636851496982,0.5007584925907065,1.3633260717630014,1.5607721476351244,0.6747091755002348,0.22170804285704665,0.11950260093246712,0.2428881570181552,hjorth_mobility,hjorth_complexity,1.7955870337985425,0.7133543254473488,-41.463470458984375,-482.421875,91.796875,-36.62109375,4102.577496669255,64.05136607964936,1716,eeg_data_level_1.csv,3,TP9,150.0078125,160.00390625
4173.52065121625,596.2172358880358,749.3684807964296,333.4422872766382,654.7318847436106,1358.0018672008441,169.75023340010551,382.8730622634199,68.25919901195202,140.51412754781865,181.61764313720087,22.70220539215011,44.48419812701804,6.907235397610655,16.29124261484948,73.92271408985205,1.945334581311896,3.9742288502728735,0.690203417243811,1.7737748721672257,90.29842350854605,1.0261184489607507,4.185043796666483,0.45002060340370575,0.9000224500274896,1.5881660387273668,0.7699894438339807,0.16377001433976804,0.09858900165068173,0.12949367664942363,hjorth_mobility,hjorth_complexity,2.074212608008661,0.6073277012134584,-38.954925537109375,-382.32421875,71.2890625,-34.1796875,3275.3973960643634,57.23108767151262,1716,eeg_data_level_1.csv,3,TP10,150.0078125,160.00390625
310.8716276068687,44.410232515266955,80.8755814691043,15.251175793374792,45.20103338605966,73.7582113285701,9.219776416071262,22.026121161077747,2.784150233777484,6.6038620960275125,25.613100980231728,3.201637622528966,4.333274974654971,1.718280098482597,3.316961041917261,120.72455639097588,3.1769620102888387,6.213625876041727,0.924212067822617,3.05313083499234,206.09925991260837,2.342037044461459,6.548599548579952,0.6602196410690105,2.1455538187767695,1.1095978237668618,0.40090897161742095,0.18075421076446274,0.8453832570463867,1.5206944955781245,hjorth_mobility,hjorth_complexity,3.0914170852836973,0.8381905471286029,-38.91716003417969,-142.578125,58.59375,-38.57421875,361.426471354207,19.011219617746963,1716,eeg_data_level_1.csv,4,AF7,160.0078125,170.00390625
2827.2968456620715,403.8995493802959,850.8206695949233,84.39640044180953,329.6512306037701,447.9006066002346,55.987575825029325,207.0700918734757,7.637822870335989,23.87498351214435,74.2086644418685,9.276083055233563,13.803888958877941,4.49564885800357,8.015895695272565,103.86987381867571,2.7334177320704134,5.776785673270321,0.4976841618681347,2.2996349469726693,152.66909314271203,1.7348760584399094,6.642525524242902,0.43153026493333535,1.5277644996324429,1.4829412009669838,0.44050993103350256,0.11851774066618435,0.19763623110357287,0.3072887121833332,hjorth_mobility,hjorth_complexity,2.414754976487695,0.7413455131959151,-39.72625732421875,-254.39453125,201.66015625,-38.0859375,1753.888779785484,41.87945534251232,1716,eeg_data_level_1.csv,4,AF8,160.0078125,170.00390625
35905.752403444865,5129.3932004921235,11246.861853161687,823.2614925609514,4185.10549266077,2258.408726637841,282.30109082973013,673.3472682115894,57.2333745443265,239.26334461102033,204.15782312534918,25.519727890668648,68.82549297790096,6.459763958862605,21.10527292941906,153.85993414176966,4.048945635309728,9.914482276762362,1.1263799005320825,3.9565193528146425,314.1284548371617,3.569641532240474,71.56287773052523,0.9028131035639387,2.200059739933462,1.4908866452059417,0.25291279042733544,0.034658110716290054,0.03338827667720619,0.06442195323904848,hjorth_mobility,hjorth_complexity,2.0520994671983344,0.6454107809350802,-36.52667999267578,-449.70703125,838.37890625,-44.43359375,18612.219140595695,136.42660715782569,1716,eeg_data_level_1.csv,4,TP9,160.0078125,170.00390625
5870.599186847579,838.6570266925113,1517.4925893040593,313.31810506525835,898.3985642700983,1375.078208978624,171.884776122328,383.04802324383394,32.28705577203283,146.940626667189,139.43993640314295,17.42999205039287,38.65600790581601,5.794732799793666,15.379683542929163,116.5228133397099,3.066389824729208,9.992566511327228,1.1294520276219,2.769543841631352,162.20625496387996,1.8432528973168176,4.024889855052684,0.3087182136575495,1.6340578167230204,1.6157281566842356,0.6404224038262207,0.1076272393165671,0.11666184553319195,0.1732680057279581,hjorth_mobility,hjorth_complexity,2.0344089545500728,0.6223514556412115,-37.186622619628906,-437.98828125,198.73046875,-31.73828125,4227.802616333065,65.02155501318825,1716,eeg_data_level_1.csv,4,TP10,160.0078125,170.00390625
25.722023102635244,3.674574728947892,5.50363097801175,2.0109559765993175,3.673045241843285,14.862020142497018,1.8577525178121272,2.9686158925696953,1.1071447172779254,1.7895864237807038,9.815180174994985,1.2268975218743732,2.899961138851476,0.6200704397945087,0.9746701040852872,85.39924357832801,2.247348515219158,5.073569307469548,0.6657999832691927,2.1430457964147083,102.75929601970802,1.1677192729512276,3.015488954864747,0.3795908512961346,1.006143334575201,0.4184988057282513,0.2813347449202963,0.19880063637654244,1.5293578526959852,2.1115438096952586,hjorth_mobility,hjorth_complexity,3.462917850897189,0.8264683100848345,-37.10346221923828,-88.8671875,35.64453125,-37.109375,137.7547741503804,11.73689797818744,1716,eeg_data_level_1.csv,5,AF7,170.0078125,180.00390625
222.62847511607913,31.80406787372559,54.12722017595224,7.360313157582052,25.525905371108617,28.083931350634252,3.5104914188292815,8.79675314648169,1.1486184243706745,3.292199211350545,9.944957264623238,1.2431196580779047,1.8067784867966097,0.685509331017468,1.2737338434752776,44.58462447386282,1.1732795914174425,2.267291043001907,0.42699665438676004,1.0817535931940863,71.81331353506927,0.8160603810803326,1.9713287491856641,0.22410163256807014,0.6979269642269297,1.3239652377822793,0.32039753723976494,0.14209991606631164,0.6413867937741065,1.0908695930692862,hjorth_mobility,hjorth_complexity,2.905666702476952,0.8426641524768269,-37.751197814941406,-103.02734375,28.80859375,-37.59765625,221.77471455506748,14.892102422259507,1716,eeg_data_level_1.csv,5,AF8,170.0078125,180.00390625
2149.6349104383457,307.09070149119225,476.07534968599145,190.89117565766253,278.5289887405142,618.7924628160465,77.34905785200581,161.08642969598085,25.080382796771715,50.25781702116601,65.91502538110161,8.239378172637702,14.7100701612445,3.527492717817987,6.871634128709231,80.95084785581726,2.130285469889928,3.863025782785938,1.1373563596063656,1.9625675916620213,236.99283477821655,2.693100395207006,81.2552196982981,0.3553089251629761,1.2661905543774261,1.5378093774623707,0.6785510984944074,0.11982900658540879,0.18270873085706885,0.4302130271687878,hjorth_mobility,hjorth_complexity,3.0427681755009783,0.8311672122488755,-38.994789123535156,-352.05078125,73.2421875,-36.62109375,1834.9306445088587,42.83609044379352,1716,eeg_data_level_1.csv,5,TP9,170.0078125,180.00390625
2201.356914332538,314.4795591903626,526.3840759364889,179.96169571641377,286.74150905981264,591.8305750747571,73.97882188434464,161.72781884916995,19.937693633650145,50.678132921478564,61.71958198537441,7.714947748171801,17.522277715109762,2.4028989189761467,5.259461982045007,58.43689198481796,1.5378129469688937,3.3622125262105516,0.45540245919439926,1.4812452978536874,94.96179095205358,1.0791112608187907,4.365836013528,0.40465643197832546,0.887644985647468,1.5966503307024156,0.6777704985726896,0.11662604823542916,0.14312254546067768,0.24223620536520662,hjorth_mobility,hjorth_complexity,2.5960827311323755,0.7136826029422505,-37.159156799316406,-333.984375,98.14453125,-35.15625,1828.9734041536576,42.766498619289116,1716,eeg_data_level_1.csv,5,TP10,170.0078125,180.00390625
53.11873907292185,7.588391296131692,9.890076678339032,5.2129696082060475,7.647106278387568,24.883997878354403,3.1104997347943004,5.726482141986391,1.9344813149493147,2.459260049082166,14.965125763923556,1.8706407204904445,2.5081565577592544,1.1386800750132184,1.83846372177443,75.01874307803841,1.9741774494220634,4.098445346922968,0.6112956314878204,1.9196635299143883,109.37492206744082,1.2428968416754638,3.306340735723006,0.2778640963597742,1.1752403429633649,0.6540922460391675,0.37623768090886234,0.25432012389114833,1.2452315069796607,1.9786554871582474,hjorth_mobility,hjorth_complexity,3.2683222117663124,0.8369035231072222,-37.898826599121094,-76.66015625,12.20703125,-37.59765625,148.58442151307827,12.189520971436009,1716,eeg_data_level_1.csv,6,AF7,180.0078125,190.00390625
267.5943691229653,38.22776701756647,76.51268899519297,14.77912437784458,30.94428920689305,32.31529957170185,4.039412446462731,6.7955520920154155,1.193537414906829,4.16969566692684,8.863060403102367,1.1078825503877958,1.6947126846108334,0.6731827023711665,1.0888768401381022,53.88219480474861,1.4179524948618054,3.40032025199765,0.5078508013838342,1.2731978718341015,74.50692617647674,0.8466696156417811,2.444273296031609,0.22434601904482335,0.7502919834454482,1.3614528512073345,0.3224611557167485,0.11476962244835782,0.6607745597180471,1.0017306760882738,hjorth_mobility,hjorth_complexity,2.8172141392356442,0.8406589683299353,-37.49103546142578,-104.98046875,20.01953125,-37.109375,238.96106864413014,15.458365652426847,1716,eeg_data_level_1.csv,6,AF8,180.0078125,190.00390625
2716.6502561877487,388.09289374110693,589.6571720334906,246.06807382378722,371.55559389436706,786.4110982551032,98.3013872818879,197.9096249301084,24.803248631606,83.859845894725,85.8258173043927,10.728227163049088,21.933468463349993,4.868822210547262,8.469922938260192,87.62381465025209,2.30588985921716,3.9522685753334414,1.0597149260086463,2.05915552196959,239.8662331810856,2.7257526497850635,85.78090964743004,0.4408423834306644,1.1161707784111963,1.5626551876020958,0.6992307790566685,0.12530583009202173,0.16326225760527352,0.35949861203215605,hjorth_mobility,hjorth_complexity,2.861440420856298,0.7865149922942235,-39.81952667236328,-346.6796875,83.984375,-37.109375,2168.3267783009796,46.56529585754803,1716,eeg_data_level_1.csv,6,TP9,180.0078125,190.00390625
2925.2268988907645,417.8895569843949,687.2625644315989,278.6184064331444,364.0517108137843,770.8535113722805,96.35668892153507,202.2168341079622,27.495234458559413,72.34233001582916,71.2571790352533,8.907147379406663,18.289806773505024,3.394113338543191,6.756670255080417,65.13733695599291,1.7141404462103396,3.2749168051401956,0.8052356495896836,1.5263160450842594,84.78242304175978,0.963436625474543,3.6301803669998467,0.43029572689095436,0.8401742965351326,1.6269260620269246,0.6842598610726507,0.10698233800333955,0.12634245327397303,0.1763103308878944,hjorth_mobility,hjorth_complexity,2.5872374748082447,0.6577758249256432,-37.39280700683594,-332.03125,87.890625,-34.66796875,2137.104554421967,46.22882817487338,1716,eeg_data_level_1.csv,6,TP10,180.0078125,190.00390625
55.489709411639495,7.927101344519928,12.452682328120671,4.998933385677396,7.204206632959786,32.13437246362061,4.016796557952576,8.451417961550419,1.604810795859107,3.533760149224197,15.571663070332402,1.9464578837915503,2.999644163103719,0.775399957348853,1.9018033987826541,86.3006826609182,2.2710705963399525,5.609978271188994,0.9451967707894541,2.053671633314348,101.29036842317319,1.1510269138996954,3.0076290568508526,0.36428826521077,1.0753708938489526,0.6424953494409288,0.4342846853646135,0.2498749739667216,1.3289800842718573,1.7782324898734283,hjorth_mobility,hjorth_complexity,3.144488623228482,0.8076007495833731,-37.40081787109375,-81.54296875,17.578125,-37.109375,161.81375598534942,12.72060360145498,1716,eeg_data_level_1.csv,7,AF7,190.0078125,200.00390625
183.5031699479184,26.21473856398834,52.30266715847798,11.947074705903667,22.746042394323478,42.8739295082875,5.359241188535938,13.019064756947095,1.9780267843641954,3.354839566972068,17.70726479553429,2.213408099441786,4.108146801944677,0.6345631462527562,1.8475327716835916,62.18980446964406,1.6365738018327385,4.491135732291202,0.6466842484153936,1.494841093468179,67.76871491465423,0.7700990331210708,1.982853287102568,0.19656498585773283,0.7126959456981101,1.1892005579874452,0.44034007678904663,0.22477759210036846,0.8405040878102471,1.0456479669655423,hjorth_mobility,hjorth_complexity,2.8570177926942324,0.7909187458566604,-36.96556091308594,-114.2578125,21.97265625,-36.62109375,203.3302489144262,14.259391603936901,1716,eeg_data_level_1.csv,7,AF8,190.0078125,200.00390625
1415.431947201292,202.20456388589884,325.21633209812376,94.80016286366478,173.52605928680055,477.43099144243746,59.67887393030468,126.3161202350775,25.41816280573656,46.90899988579134,77.87131841639777,9.733914802049721,19.063363303143618,2.9375640017397395,9.437788141742114,99.86307584818081,2.6279756802152847,4.665394072359177,1.160538772146771,2.444134191014185,226.18116463998098,2.570240507272511,79.83610821995401,0.38938170409871303,1.1027526015818823,1.440993384569531,0.7198075598501581,0.17618883884284492,0.2878241989662471,0.5339389669397825,hjorth_mobility,hjorth_complexity,3.2992806089007702,0.8351514711128737,-38.99650573730469,-305.17578125,73.73046875,-37.59765625,1213.3551049919333,34.83324712098965,1716,eeg_data_level_1.csv,7,TP9,190.0078125,200.00390625
1669.3866927545587,238.48381325065125,331.24803919633473,139.63119213547265,232.57751677061327,401.7918692154473,50.223983651930915,127.71784933086003,19.93732049992663,33.10612822748013,49.039745529406815,6.129968191175852,12.844416405926877,1.6635703845788767,5.841613115674782,60.750478654451356,1.5986968066960883,3.118817282610772,0.5674851024863756,1.5815728006584737,90.58847227261492,1.0294144576433515,2.930438280492342,0.23943694055944192,0.9399372951500824,1.6140438991616746,0.6332852534274571,0.12328508230924759,0.1908112804052912,0.2999580713827815,hjorth_mobility,hjorth_complexity,2.6933805506978135,0.7347364998083797,-35.516929626464844,-325.1953125,67.87109375,-35.15625,1166.1119918790064,34.14838198039559,1716,eeg_data_level_1.csv,7,TP10,190.0078125,200.00390625
567.280042192141,81.04000602744871,148.69547740306476,21.765315447809723,61.880002322812466,87.13498803703409,10.891873504629261,19.516125018848342,4.153183595129682,9.538690052400355,18.98747689406823,2.3734346117585288,4.96350317509477,1.1613220100305879,1.7257207123106022,123.39583539501702,3.2472588261846584,5.577916281024184,0.956522188119747,3.179031138532834,186.40056000787888,2.1181881819077146,6.675293412397412,0.5268392458017095,1.8793379931685448,1.3053911194762273,0.36975138689336695,0.10738460995458039,0.6696663918021784,1.0716799291536547,hjorth_mobility,hjorth_complexity,2.6535768972392253,0.8096690922203384,-35.857200622558594,-136.71875,54.6875,-34.1796875,499.84989364020294,22.357323042801948,1716,eeg_data_level_1.csv,8,AF7,200.0078125,210.00390625
3222.1063079223736,460.30090113176766,822.5195457303994,99.22060289238607,531.7230208036646,204.45101148564163,25.556376435705204,45.78379344809742,11.212561895482912,21.495654081617545,35.48508429717731,4.435635537147164,5.909402216409567,3.34354336756536,4.1371198046189175,83.49760431358455,2.1973053766732775,4.195504616561091,0.8632748815545729,2.052503057846162,183.19322595598072,2.0817412040452354,6.543920882475029,0.35837136481925125,1.7133953279708127,1.5658611606951756,0.24779031380334043,0.05889519739683937,0.15190748932625894,0.3304645880745124,hjorth_mobility,hjorth_complexity,2.18035568389823,0.7657335518558152,-33.09154510498047,-232.421875,226.07421875,-34.66796875,1707.4535897336318,41.32134544921828,1716,eeg_data_level_1.csv,8,AF8,200.0078125,210.00390625
7146.617985659592,1020.9454265227988,1358.6148884373195,465.7986529849294,1096.1728959448271,1862.8383135313627,232.85478919142034,490.8759236321605,35.60024540552646,226.87124905749033,148.463510144873,18.557938768109125,41.592788666269584,4.642763719512164,14.685835726828332,130.1299062532391,3.424471217190503,7.413200963396345,1.2923413823669871,3.276846469945418,339.71795908757866,3.8604313532679395,87.47709172570201,0.5106377083439292,2.2040009371885647,1.61261464100029,0.668916909424168,0.09194354810097305,0.10502721003114061,0.243226985918745,hjorth_mobility,hjorth_complexity,2.251117734491276,0.7277492890110013,-37.082481384277344,-385.7421875,152.83203125,-32.2265625,3961.2571926772944,62.93851914906558,1716,eeg_data_level_1.csv,8,TP9,200.0078125,210.00390625
7387.65079506181,1055.37868500883,1306.6428874573494,676.6824880266993,1226.7078696375877,1612.9634205510772,201.62042756888465,487.9978464638418,29.82233821681895,166.51404619070593,114.1216046787057,14.265200584838212,37.42190058435009,4.582516042934782,8.868805492926658,94.61920738286989,2.4899791416544708,6.609200697915644,1.273314830847535,2.1939677031648834,161.9988193641121,1.840895674592183,7.483175155155487,0.5773853944245895,1.5691959364561594,1.6793950621465248,0.6017961089801399,0.07443996023895183,0.08082016869047051,0.1417937376015546,hjorth_mobility,hjorth_complexity,1.5965687665056005,0.6078606773477646,-37.0513916015625,-373.53515625,175.29296875,-31.73828125,3876.4540012925863,62.26117571402411,1716,eeg_data_level_1.csv,8,TP10,200.0078125,210.00390625
74.28110338104852,10.611586197292647,13.363773971836803,6.134880633960415,12.251600562962409,53.121725282685766,6.640215660335721,11.820713578515187,2.306099935357542,5.830255907916149,17.140041904644892,2.1425052380806116,2.650546643397268,1.2523555682436214,2.292679317197414,112.21390180797553,2.952997415999356,5.174059187699474,1.3317212654303743,3.0441169587082095,105.15120953012593,1.1949001082968855,3.041138417076114,0.3953349872803191,1.1482000999915902,0.6935420428344254,0.539492480460329,0.23291808152828014,1.423039911762282,1.5682074446618897,hjorth_mobility,hjorth_complexity,2.874708305342494,0.7705848645431068,-37.53929138183594,-89.84375,20.01953125,-37.59765625,192.02972049242817,13.857478864946112,1716,eeg_data_level_1.csv,9,AF7,210.0078125,220.00390625
285.47708410317466,40.78244058616781,77.01512019947519,19.42250050379034,33.943561018850545,82.02468173454507,10.253085216818134,21.666896370145444,5.218764537168759,6.458170626404486,17.476661915267428,2.1845827394084285,4.0008366127276,1.1042507736963112,1.887256466302796,77.88317786429617,2.04955731221832,3.866686566816218,0.7974778121066272,1.7589103724513426,65.42710062965764,0.7434897798824732,2.7672107947637374,0.09893659772355715,0.6524924286681075,1.253512670804515,0.5534881642708789,0.16674079779308965,0.7580227584011757,0.7437396105607181,hjorth_mobility,hjorth_complexity,2.4899396552428064,0.7527503402620491,-35.758018493652344,-118.65234375,15.625,-35.15625,274.7724493019632,16.576261620219537,1716,eeg_data_level_1.csv,9,AF8,210.0078125,220.00390625
2973.830643060919,424.8329490087027,541.7246361991351,292.4148199338604,496.3885823431977,771.2829187245625,96.41036484057031,219.02632526394416,24.785230314672212,80.14823131864895,68.63423990770366,8.579279988462957,21.385404448116258,3.1688711584129403,4.598133388376684,115.83529677416777,3.0482972835307307,7.659618181427159,1.1952003537849099,2.8493210228969312,240.49606609122029,2.732909841945685,79.95004210598044,0.417131193307497,1.2421703309163383,1.5852660924106377,0.6441164397925503,0.09540707654511794,0.1942765787011971,0.3438507181346334,hjorth_mobility,hjorth_complexity,2.8481725363701016,0.7626718983386939,-39.3798828125,-334.9609375,57.6171875,-34.66796875,2275.790497660637,47.705246018238256,1716,eeg_data_level_1.csv,9,TP9,210.0078125,220.00390625
3090.6402407462797,441.52003439232567,545.3856619602119,302.0478763176903,515.7550822533786,696.5131081420323,87.06413851775403,220.78815775017804,19.42614438243864,59.359634704054045,54.32952495180064,6.79119061897508,16.248794023299396,1.5527619690200138,5.295449618801104,79.08766528960534,2.081254349726456,4.812562935348779,0.8995972315922613,1.8718924044652097,92.1452037952423,1.0471045885822987,3.142696018650897,0.38776515766456526,0.9215711488970192,1.654203893407176,0.6050585781347255,0.08117273226245732,0.1436908340942768,0.18254576889634688,hjorth_mobility,hjorth_complexity,2.202468824708557,0.6417537052827611,-39.56127166748047,-325.1953125,59.5703125,-34.66796875,2166.293544541986,46.54345866544499,1716,eeg_data_level_1.csv,9,TP10,210.0078125,220.00390625
362.7078766352844,51.81541094789777,118.04280685951517,18.681736645360687,23.444048061628504,65.12200983922627,8.140251229903283,13.979771989304387,3.287053958570665,8.36577208137047,17.501048310517117,2.1876310388146396,3.8643647175576055,0.5743292638767402,2.0969127784742847,115.474631573198,3.0388060940315262,7.101843658902706,1.021790195171623,2.8778593998230635,158.43620614542039,1.8004114334706862,3.9310390273111206,0.4235296725231013,1.7814403462508284,1.1431021812481927,0.36967284031647635,0.12903047979609222,0.8078513325833143,1.2100303450342524,hjorth_mobility,hjorth_complexity,2.8923988179907556,0.8192336462115902,-38.168907165527344,-167.48046875,69.82421875,-37.59765625,378.703613205289,19.460308661614004,1716,eeg_data_level_1.csv,10,AF7,220.0078125,230.00390625
1019.3840568781548,145.6262938397364,214.36022822046795,70.64506788728892,160.7288850418557,166.7190364967655,20.83987956209569,51.25256476721984,4.829110999250095,17.044611792240474,17.69773024282436,2.212216280353045,4.781523422611395,1.575843948521211,1.8500969498957183,71.73585493978624,1.887785656310164,3.689927106715641,0.7111325239670343,1.7100647753051041,79.57485767157903,0.9042597462679435,2.5067880714992063,0.22178684904413182,0.7862238924877041,1.6011548538225688,0.46874477073047666,0.08009497803047834,0.3325790087261048,0.4085938127250802,hjorth_mobility,hjorth_complexity,2.485517027080741,0.7524930780199229,-36.24134063720703,-185.05859375,92.7734375,-36.1328125,639.9442004840239,25.297118422540223,1716,eeg_data_level_1.csv,10,AF8,220.0078125,230.00390625
4376.670855037357,625.2386935767653,1117.0227965862016,267.5807545730844,511.5584736531564,930.4345141467188,116.30431426833985,209.51329459252415,33.63158307066769,99.68179206959032,82.19327244171241,10.274159055214051,20.494841265339094,3.2805231479056935,8.970331270745412,95.98752235051651,2.5259874302767504,5.931835122345678,0.9047649733677956,2.153161003128277,288.68534639601796,3.2805152999547498,86.16139783862995,0.49782224240340206,1.5596169208418997,1.5828336241813037,0.5981773261327531,0.08656874555455826,0.12442882779013774,0.3165252122608494,hjorth_mobility,hjorth_complexity,2.7729878576149902,0.7732916755377081,-41.007041931152344,-381.8359375,245.60546875,-38.330078125,3158.3056048475555,56.198804300870634,1716,eeg_data_level_1.csv,10,TP9,220.0078125,230.00390625
3394.0375325978853,484.86250465684077,670.6186624432637,191.89222521025079,485.4696028399676,948.6235774127921,118.57794717659901,250.78956918683636,22.79616902931724,97.69910685456261,66.43560448417229,8.304450560521536,14.259482349774752,3.04989944726378,8.28171341755473,66.80953215484796,1.7581455830223147,3.50564426772476,0.47851378259681215,1.6972649938862991,114.25334306851724,1.2983334439604233,4.305402507080493,0.3469431483460886,1.0607473892092911,1.6002700637224163,0.7041503442037212,0.08868052156060402,0.1113577914008534,0.19609289423912393,hjorth_mobility,hjorth_complexity,2.167087799412034,0.6532611377160911,-40.244293212890625,-316.89453125,126.953125,-36.62109375,2473.6856803065166,49.736160691256785,1716,eeg_data_level_1.csv,10,TP10,220.0078125,230.00390625
225.03621945401625,32.14803135057375,64.8172535799219,5.753360040882657,24.721803929924363,54.58348362344031,6.822935452930039,14.158083269259127,1.37475096436326,6.927741786852855,17.80569633851188,2.225712042313985,2.8975194783466183,1.594746789992649,2.2511670430480732,123.70968390803378,3.2555179975798363,7.0217836241474005,1.071709806731114,2.996565224631758,162.66112124782234,1.8484218323616175,5.5795124726677905,0.5165041199647749,1.5485761409973628,1.006554071190951,0.37729023793551864,0.16217284570012097,1.0326627923272538,1.4979989431842144,hjorth_mobility,hjorth_complexity,3.1666017640388087,0.845664755681128,-37.34607696533203,-128.41796875,40.0390625,-37.109375,289.43618814082583,17.01282422588401,1716,eeg_data_level_1.csv,11,AF7,230.0078125,240.00390625
3024.616656762598,432.08809382322823,1046.386181394163,46.567096732471704,309.78965959600447,111.20683644782667,13.900854555978334,42.896221537761654,4.509063440377762,7.248981590697487,23.34453606637708,2.918067008297135,4.660698458743834,1.1223745726409233,2.776338583480147,68.14356587764922,1.793251733622348,3.6606306824056776,1.0161654804139042,1.8105154574531668,99.63742838403249,1.1322435043640056,2.568395947967161,0.408755932502346,0.9956976832653763,1.4937405431435917,0.1697320909112589,0.04781895320482045,0.15008039827110964,0.23131908316400002,hjorth_mobility,hjorth_complexity,2.423600232811826,0.7609464914641711,-36.630821228027344,-241.69921875,233.88671875,-36.62109375,1476.5525221810094,38.42593554073875,1716,eeg_data_level_1.csv,11,AF8,230.0078125,240.00390625
3082.792093885628,440.39887055508973,712.2865421856886,156.04024536450788,461.3198232035315,947.4852519384393,118.43565649230491,251.36977390946782,19.10527724557797,83.07569662396718,89.2181374851204,11.15226718564005,23.89229054044472,3.414003476392047,9.563449383683647,92.75230505250842,2.440850132960748,5.947477955690435,1.0005330862890858,2.164449193318631,276.30550167960234,3.1398352463591177,84.2962133293515,0.40210934884115157,1.797392836060229,1.5080422885706275,0.7061013159767685,0.11534774855103039,0.1523531755975937,0.38104838928928264,hjorth_mobility,hjorth_complexity,2.9631608685838016,0.781828704046095,-38.812255859375,-349.12109375,147.4609375,-36.1328125,2401.5193432569504,49.00529913445025,1716,eeg_data_level_1.csv,11,TP9,230.0078125,240.00390625
3684.3109835459154,526.3301405065594,967.6533593385601,175.18176122475188,449.28306830353256,1103.9648638898564,137.99560798623205,275.15275247292027,22.411473995518058,82.60870687107698,65.06934729289802,8.133668411612252,16.464876902427665,3.003454547740431,7.585124931139935,68.73467920473524,1.8088073474930326,4.337474196320937,0.6474748480856196,1.7212739451766097,114.7435819848061,1.303904340736433,3.5001959637105813,0.3579397079426705,1.1816973519200964,1.5478307121297368,0.71516865775558,0.08099689873057819,0.1063188848332905,0.1841006123553044,hjorth_mobility,hjorth_complexity,2.401487092001499,0.6578000516567193,-36.945343017578125,-331.0546875,160.15625,-34.66796875,2557.956342934631,50.57624287088386,1716,eeg_data_level_1.csv,11,TP10,230.0078125,240.00390625
55.831096374706505,7.9758709106723575,10.686814269309966,5.947266458031966,7.404987657966921,35.83546448441827,4.479433060552283,8.000210562704206,1.5315920028921033,4.692790575958703,9.924740789931075,1.2405925987413844,2.120658072717637,0.6602196755627943,0.9633659594906068,98.4974990089315,2.5920394476034603,6.086134924839097,0.8314147201852634,2.124568661989459,115.04847840664037,1.3073690728027314,3.154423875333018,0.35698533681126715,1.1055413981936648,0.6159465674897674,0.4470751670049756,0.1618815111615992,1.3924494136342072,1.8571175504731054,hjorth_mobility,hjorth_complexity,3.3037032370628356,0.8288984408268526,-37.299346923828125,-80.56640625,37.109375,-37.59765625,157.64594951178879,12.555713819285177,1716,eeg_data_level_1.csv,12,AF7,240.0078125,250.00390625
160.66312814473494,22.951875449247847,47.24681364420488,4.8561217434635875,21.226996398524406,33.728628665444866,4.216078583180608,8.111797960352895,1.7012735173331155,2.917501368846599,8.269567077602918,1.0336958847003648,1.8960927423010467,0.5041214260717628,0.9168646226775194,50.33000286559394,1.324473759620893,2.736898815796123,0.33998244093749996,1.305562455743484,63.268210534423744,0.7189569378911789,1.7706815474981072,0.21063556367052505,0.6992604695533138,1.1747019569798027,0.4120974579378441,0.13608747902464075,0.7885202618574083,1.1074277441945182,hjorth_mobility,hjorth_complexity,2.936625099611409,0.8326304420121744,-35.894012451171875,-102.05078125,21.97265625,-35.64453125,175.437675206922,13.245288792884887,1716,eeg_data_level_1.csv,12,AF8,240.0078125,250.00390625
1259.614774027151,179.94496771816443,259.61684167212985,122.79930834536364,161.74782747089273,352.01913236964725,44.00239154620591,111.12152672375045,14.777474916632052,36.985656170117196,68.03640047930807,8.504550059913509,13.91257884869649,2.9170076015740634,8.467095019156897,75.00706091956276,1.9738700241990201,3.800176678966141,0.8588761403076925,1.8395397581272623,254.411799219078,2.891043172944068,91.77192886995022,0.36060254677354026,1.3100625541958943,1.4643331732929616,0.6232592635711941,0.1777390900451722,0.2503863593844291,0.6431408348713566,hjorth_mobility,hjorth_complexity,3.4363820819247968,0.86985149014757,-39.04075622558594,-272.4609375,65.4296875,-38.0859375,913.3652712625917,30.22193361223917,1716,eeg_data_level_1.csv,12,TP9,240.0078125,250.00390625
1180.0367345539469,168.57667636484956,225.73904813480144,105.87965120927089,181.92561265235756,342.0141252734542,42.75176565918178,99.28534883794534,14.739789424287828,30.586004661130964,37.78909628069343,4.7236370350866785,10.481808100633799,1.3707234068237866,4.583768381652966,53.995655896747216,1.4209383130722952,2.7875539586264964,0.6295805745514025,1.4020598141592528,86.26722765663013,0.9803094051889787,3.216560957926801,0.2768733758545899,0.9101802078411232,1.551568894629265,0.6894640964314209,0.1242244406148608,0.21826768151284084,0.36447287460919287,hjorth_mobility,hjorth_complexity,2.790678370263252,0.7705440970864009,-37.0208740234375,-275.390625,59.5703125,-36.62109375,773.8547306507826,27.818244564508067,1716,eeg_data_level_1.csv,12,TP10,240.0078125,250.00390625
352.7373685689382,50.39105265270546,125.42359748123334,6.777975210357723,31.211835441571832,67.94756829760686,8.493446037200858,15.003038908996594,5.0266324259875965,7.101513474324916,16.08743942599002,2.0109299282487525,3.3575925479491047,1.1556045815056526,1.7080392480136424,107.93686356906495,2.840443778133288,6.210452941275108,0.6381964626224244,2.8278235219504824,192.73263155699777,2.1901435404204292,6.417073373138143,0.36608261934208475,1.7283090095204612,1.0312674163122681,0.3768272970849292,0.11802729999645703,0.7357884689438646,1.361764945795952,hjorth_mobility,hjorth_complexity,2.989696637556194,0.8353165711183875,-36.95354461669922,-126.46484375,104.00390625,-37.59765625,441.34559688245645,21.008226885733514,1716,eeg_data_level_1.csv,13,AF7,250.0078125,260.00390625
614.6901819350927,87.81288313358468,118.84499517834865,47.845909795205095,106.95803003985566,78.42114514004659,9.802643142505824,27.317536693019335,2.705468935207455,5.726581458892744,25.465363720944193,3.183170465118024,4.57411088581667,1.254429658151035,3.518791777961651,59.38463033960326,1.5627534299895596,3.2366652721169213,0.5919143528184017,1.5041767031861988,74.08411824677833,0.8418649800770265,1.8784423482385924,0.30457624615911044,0.7755653539282101,1.5545080626641652,0.3688030687417443,0.15864946976312555,0.41770067573299624,0.5701777810817505,hjorth_mobility,hjorth_complexity,2.507630167891068,0.7831736672820198,-37.017059326171875,-173.33984375,107.91015625,-36.62109375,556.105607538484,23.581891517401314,1716,eeg_data_level_1.csv,13,AF8,250.0078125,260.00390625
2384.8685697992505,340.6955099713215,478.2059536237933,238.42093082637197,310.69211654909225,550.1671710245162,68.77089637806452,178.15788534748538,21.447071677502713,38.66537351897539,87.65133726481768,10.95641715810221,21.5606948231683,2.4416762312564586,9.716447870682586,84.25049381698769,2.217118258341781,4.706439796668,1.001989852451309,2.028452946324379,261.73492759532746,2.974260540855994,83.80958780977393,0.4865067074159782,1.6089409763511557,1.5784321097459002,0.5845763371607402,0.14174421792808306,0.1782042869980841,0.4540035359538085,hjorth_mobility,hjorth_complexity,2.918934586963148,0.7827575811783525,-39.71672058105469,-359.375,164.55078125,-34.66796875,2685.485625261208,51.82167138621841,1716,eeg_data_level_1.csv,13,TP9,250.0078125,260.00390625
2129.1291813375583,304.1613116196512,392.99208456777694,180.41979371699543,352.49990660481893,516.7670872438123,64.59588590547654,166.89950423891946,21.223431789039118,37.78077651118417,71.51379449162495,8.939224311453119,21.894357842312186,3.308103009549772,6.770423355332257,67.47671735184,1.7757030882063156,2.8897948534612503,0.5469681495848226,1.7433691317999778,104.11441537415675,1.1831183565245085,3.0537312441440827,0.38147414764838383,1.0870968637927345,1.614442652996822,0.63082057475271,0.13686174625504297,0.16938089199190323,0.27429481192664124,hjorth_mobility,hjorth_complexity,2.330725041408453,0.6557378898423932,-39.25895690917969,-304.19921875,80.56640625,-34.66796875,2272.342479409417,47.66909354507821,1716,eeg_data_level_1.csv,13,TP10,250.0078125,260.00390625
179.09326235298767,25.584751764712525,49.95814497827259,12.53790878395671,21.17762826964627,76.900111975608,9.612513996951,14.48646381234013,4.326544097881494,8.74887515611378,25.653060045122945,3.206632505640368,6.160868315564566,1.7458987157404555,3.0308339053295166,131.6182508893635,3.4636381812990398,8.101683899818426,1.041498637707015,3.372209469847972,156.37576068375026,1.776997280497162,4.589593931297071,0.4815138845346019,1.529573555056548,0.8952443876097851,0.5211323057484311,0.22076127017206476,1.1095371890291854,1.4876700073165583,hjorth_mobility,hjorth_complexity,3.06045868814924,0.8058154221982045,-36.81831359863281,-102.05078125,71.2890625,-37.109375,292.6221453526523,17.10620195580107,1716,eeg_data_level_1.csv,14,AF7,260.0078125,270.00390625
1719.7122940534107,245.67318486477296,405.1467669400338,110.75375974338542,237.07111988288838,348.0200891809808,43.5025111476226,155.2363933237624,6.095607826389671,18.158080646966454,34.80779235487314,4.350974044359143,6.017052228719015,1.3833754128964686,5.290070829954184,103.11754661421058,2.7136196477423837,5.461617928339612,0.9652682861901192,2.3702481294056565,145.64881082937322,1.6551001230610594,3.678247895245487,0.2868876120770428,1.5736207537441835,1.5294684621742016,0.4951331730222152,0.08799899530290355,0.28111197356371664,0.4259888914890987,hjorth_mobility,hjorth_complexity,2.569546962159983,0.761695510049889,-35.953330993652344,-237.79296875,184.08203125,-36.62109375,1340.51713244844,36.61307324506426,1716,eeg_data_level_1.csv,14,AF8,260.0078125,270.00390625
1789.652694961625,255.66467070880358,322.1169443287297,184.03900039376458,260.57287454922823,707.242504261025,88.40531303262813,197.55323388810183,35.92910085642801,76.76636943202315,115.3034408948771,14.412930111859637,24.99981381643049,4.949887057584671,14.943048468481855,100.6793521005292,2.6494566342244528,4.3244336987861764,0.5343717453020513,2.7815355546614624,311.80664878298796,3.543257372533954,89.39396638825038,0.2790661733795778,1.9107569564768903,1.4375048228708518,0.7763900128164074,0.1960458214228544,0.22846356599725934,0.5867884860857951,hjorth_mobility,hjorth_complexity,2.874708305342494,0.830582905358617,-37.98675537109375,-350.09765625,132.32421875,-37.59765625,1603.6849818192422,40.04603578157571,1716,eeg_data_level_1.csv,14,TP9,260.0078125,270.00390625
2294.747090498222,327.82101292831743,417.63068274991247,241.70091941702606,352.52927933694315,657.9517426770649,82.24396783463311,204.41657383469476,29.95442895780384,65.78736792920743,88.40638762164566,11.050798452705708,20.955468494009214,2.9527127488765292,11.48388087688805,83.7937874960057,2.2050996709475186,4.936579290457849,0.827296549120403,2.172551231534099,153.07890452948686,1.739533006016896,3.9808262134905275,0.336760702336919,1.6908683180445077,1.5868936364020505,0.6945701512046091,0.14706209511093954,0.1827112921882055,0.34356002416859355,hjorth_mobility,hjorth_complexity,2.600505359294441,0.7394620493171915,-37.570953369140625,-358.3984375,116.2109375,-37.109375,1676.8558270996436,40.9494301193514,1716,eeg_data_level_1.csv,14,TP10,260.0078125,270.00390625
169.0117326514844,24.144533235926342,39.20251803984618,6.413823318638972,28.0674610611986,67.4583872979527,8.432298412244087,16.117074791177064,2.6928552500406493,6.9608713329435785,18.265135281540097,2.283141910192512,3.313001948541527,1.359962948561491,2.4020796487447056,102.2423800851289,2.6905889496086552,5.546348264466557,0.9689878732282136,2.6669273013726915,151.10636499540652,1.7171177840387104,7.331594696406068,0.4078479300947897,1.538112259270127,0.9339599212581239,0.5111560243911435,0.18570256787981126,1.0069008017224719,1.5950792103421856,hjorth_mobility,hjorth_complexity,3.0118097783665205,0.8175936658757674,-36.59820556640625,-143.5546875,44.43359375,-37.109375,262.0330429635942,16.18743472461261,1716,eeg_data_level_1.csv,15,AF7,270.0078125,280.00390625
1723.188901306198,246.16984304374256,500.7524512910113,59.85729583412842,251.69521010340188,122.97664757227017,15.37208094653377,26.29205875950193,3.092168198599388,16.922223790744972,24.604140997987283,3.0755176247484104,5.064505531026077,0.7863072400035755,3.3271146690493096,83.19331859089998,2.1892978576552626,3.801084672201675,0.8411725684990323,2.0881474846510812,138.14631728768563,1.5698445146327913,3.7017390066384497,0.41721190842572514,1.3500421073495712,1.5546266325796019,0.2694742772806603,0.07178491735923138,0.25721060576933574,0.44506557768942767,hjorth_mobility,hjorth_complexity,2.330725041408453,0.7855930450919271,-35.433387756347656,-225.09765625,123.53515625,-34.66796875,1076.6228948705248,32.81193220263818,1716,eeg_data_level_1.csv,15,AF8,270.0078125,280.00390625
6705.130305965811,957.8757579951159,2021.694521871532,374.8497536716036,906.3739777698814,1396.3830536996377,174.5478817124547,320.61217686774427,50.475866245356784,146.8535147930229,147.08575326807107,18.385719158508884,49.59390804778101,8.85550854489966,11.933655263608856,111.82939801782513,2.9428788952059244,5.292275470916706,0.7519693523807661,2.6643735711718235,297.73260679834414,3.3833250772539105,80.11881497015044,0.4541647531138175,1.9402922459481629,1.5955827444968615,0.5906720325355299,0.10006267647200856,0.10133866877390306,0.23772275466105294,hjorth_mobility,hjorth_complexity,2.0697899798465955,0.7221673462588687,-39.663124084472656,-328.125,285.15625,-39.0625,4860.943507774209,69.72046692165945,1716,eeg_data_level_1.csv,15,TP9,270.0078125,280.00390625
5274.0565284201075,753.4366469171582,1099.2515809734814,384.31056905838733,705.6537662849299,1314.9725446756147,164.37156808445184,346.31660541786647,38.44739169896543,136.77567942589843,103.67321655132059,12.959152068915074,34.690458048637254,5.264960003387819,8.12337364300791,84.05228898648024,2.21190234174948,3.604078199541742,0.864636267621907,2.2474381267602617,152.14182290112794,1.7288843511491812,4.082906683919355,0.5004590569110402,1.6660031427477546,1.6392670762135237,0.6587099122241888,0.08953169661503418,0.09609948090298291,0.17826094242977714,hjorth_mobility,hjorth_complexity,1.9415337631466998,0.6379786700351009,-36.89918518066406,-321.2890625,183.59375,-34.66796875,3448.2320419920143,58.72164883577448,1716,eeg_data_level_1.csv,15,TP10,270.0078125,280.00390625
128.5888346213675,18.369833517338215,35.43604238986534,9.7006859622686,14.823356105243041,60.37417043784859,7.546771304731074,11.99108758274371,4.523752044262855,6.9889048595025995,29.929709399870013,3.7412136749837517,6.0140188909328405,1.9645215153810314,3.5999870897643813,116.02950951816418,3.053408145214847,6.832448728041249,1.0984240131512495,2.9274893173824617,127.27962357474624,1.4463593588039345,3.6455273694135917,0.4063424598511534,1.287587935947593,0.847966533480579,0.5132507026562687,0.29699240544554406,1.1959644920466075,1.5010353038552233,hjorth_mobility,hjorth_complexity,2.7022258070219443,0.7834976374027546,-38.80805969238281,-98.6328125,18.5546875,-38.57421875,243.65455479710363,15.609438003884177,1716,eeg_data_level_1.csv,16,AF7,280.0078125,290.00390625
539.5876085400146,77.08394407714493,158.38971138005297,27.22504806315448,59.29749724846129,110.18946948447481,13.773683685559352,31.34512544655324,5.114015210370325,10.239732772366485,27.107169273718753,3.388396159214844,4.805269136076585,2.1799000711498326,3.335507746877436,90.99786674404452,2.394680703790645,4.15268798807281,1.129240989934282,2.3933038315712105,104.0347154588699,1.1822126756689761,3.475724095406888,0.3021444534345614,1.0952171997584115,1.3518696185601968,0.47968403672980775,0.16495909310724738,0.5866641678786495,0.7453340248030922,hjorth_mobility,hjorth_complexity,2.167087799412034,0.7772280670864414,-36.85016632080078,-104.00390625,47.36328125,-37.109375,421.8281770226895,20.538456052553936,1716,eeg_data_level_1.csv,16,AF8,280.0078125,290.00390625
4356.592056126756,622.3702937323936,986.8970064012813,328.07131334266046,654.2351335807352,1350.0929535655127,168.7616191956891,363.8869862719763,25.496494974668565,133.0917735342139,140.8486296923787,17.606078711547337,41.462745903538305,4.312794569778477,13.128876281976186,148.18349803708057,3.89956573781791,10.247413689913097,1.1245347880908239,3.602888513344257,294.91718144684603,3.3513316073505233,87.08681149253768,0.7345577803806237,1.7782466849977938,1.5433928535729136,0.7137777750869789,0.12500455305997282,0.16933006318974717,0.30208370984378163,hjorth_mobility,hjorth_complexity,2.600505359294441,0.7578407649876069,-36.604881286621094,-338.37890625,73.73046875,-31.73828125,2762.7514840787626,52.56188242518301,1716,eeg_data_level_1.csv,16,TP9,280.0078125,290.00390625
4464.476929186811,637.7824184552586,866.6347060867226,361.17282000966924,721.4457865424959,1350.4762088512812,168.80952610641015,347.77238949348686,28.235880662424677,134.24161723220226,119.89799063765794,14.987248829707243,38.31267753772686,3.3462143451219997,10.55137280922882,117.24425452574445,3.085375119098538,7.059489676851276,1.4926234337085527,2.7013947693003164,112.43377256975694,1.2776565064745107,3.794958438662264,0.4735847891507827,1.187873663112971,1.5964934977975063,0.7292078309501655,0.11046266094087255,0.14095005868926444,0.1506447363196618,hjorth_mobility,hjorth_complexity,2.047676839036269,0.6276259417475422,-37.104034423828125,-333.984375,81.54296875,-33.203125,2690.6422985484824,51.871401547948196,1716,eeg_data_level_1.csv,16,TP10,280.0078125,290.00390625
251.4499529931091,35.92142185615844,74.60777400325735,9.047342567709755,29.837932943598858,70.30352811821591,8.787941014776989,19.523677926482364,1.8782114376231338,7.589890727897465,29.213290830958094,3.6516613538697618,5.2369340924775605,2.2859850792610352,3.6083121671971523,115.43542361288365,3.0377743056022015,6.894872601367214,1.4434227663330574,2.8033902694174904,197.72870543396937,2.2469171072041974,8.218801477123442,0.2061006314298043,1.9254170420428518,0.994333591318017,0.41343077867206957,0.21483535268858522,0.8675759085784762,1.5484068986258877,hjorth_mobility,hjorth_complexity,3.0471908036630437,0.8545693855491008,-37.39433288574219,-117.67578125,46.875,-37.59765625,331.58847232698463,18.209570899035064,1716,eeg_data_level_1.csv,17,AF7,290.0078125,300.00390625
1129.1174560524676,161.30249372178108,298.2335322303581,48.89121858896452,148.334387816378,219.06649964663202,27.383312455829003,74.55058813864909,10.406524557377617,19.580316152730234,26.195645906056555,3.2744557382570694,6.171318362315929,1.7887606396269742,2.6940621424502877,80.43134690091284,2.1166143921292853,4.251149549505514,0.9152571492498723,1.8747261641102015,110.96785512997175,1.260998353749679,3.9399441604821797,0.28335702709594357,1.118520226323211,1.488412645497687,0.5228094526398104,0.09858148018745874,0.3254890082718138,0.481766229681971,hjorth_mobility,hjorth_complexity,2.401487092001499,0.757607702203463,-35.034942626953125,-163.57421875,118.65234375,-35.15625,780.7483890792355,27.941875189028302,1716,eeg_data_level_1.csv,17,AF8,290.0078125,300.00390625
2839.3191515004,405.61702164291427,560.4952906465072,258.80594227450376,374.86469540601524,679.0800543721261,84.88500679651577,151.7227330405875,32.67862127843833,74.6341483265933,95.37425947532165,11.921782434415206,25.237927107255825,5.180842968867926,8.289834959680908,127.28098365893514,3.3494995699719774,6.30884394393566,1.3007800221570318,3.1638846444548356,297.9039399980293,3.385272045432151,90.2039007313439,0.7533596221069199,1.769514938845536,1.573414666073349,0.6203613914051294,0.13183395688548455,0.21815038912725393,0.439780914998198,hjorth_mobility,hjorth_complexity,2.7066484351840097,0.7958146114005784,-35.741424560546875,-318.84765625,88.37890625,-32.71484375,2195.1996901771054,46.852958179576085,1716,eeg_data_level_1.csv,17,TP9,290.0078125,300.00390625
2802.497406479548,400.3567723542211,597.8701269189002,238.86512990392617,417.8748520360766,687.0332591286891,85.87915739108614,141.56062180774262,34.26605174352365,79.10404746123479,92.56017574026559,11.570021967533199,27.85140086552056,3.3377319096079736,9.123598228743495,84.14425162394713,2.214322411156503,4.3532678860413805,0.7821909064441855,2.198835752015147,137.69798888564833,1.5647498737005492,3.392312620654192,0.5141431590322433,1.4821318386239686,1.6146015588925144,0.657958313924126,0.13468426402201167,0.16154713532329232,0.2762425931712261,hjorth_mobility,hjorth_complexity,2.251117734491276,0.6847706479759336,-35.769081115722656,-322.265625,104.4921875,-33.203125,2085.5622770250193,45.667956786186735,1716,eeg_data_level_1.csv,17,TP10,290.0078125,300.00390625
145.9916471270812,20.855949589583027,39.711341741195746,8.259184162773664,20.535106597800223,63.6449679191808,7.9556209898976,16.445021700032964,4.1493356980873,6.991653485478048,31.918485552166437,3.9898106940208047,4.322235819506842,3.7442340335755824,3.8973028852091796,108.18602944619703,2.8470007748999215,4.841327055111403,1.0789588688639484,2.8073371532731697,140.99489032803106,1.6022146628185348,3.6797881260151746,0.3703590154607777,1.5984839216857374,0.8818972499917489,0.5050822634960801,0.30239077909763945,1.0864179655456783,1.5533006557548172,hjorth_mobility,hjorth_complexity,2.5960827311323755,0.7749253442616106,-35.94551086425781,-95.703125,53.22265625,-36.62109375,283.31999768852256,16.832112098263917,1716,eeg_data_level_2.csv,0,AF7,120.0078125,130.00390625
491.6776507326998,70.23966439038568,94.23485874948567,50.34834733129354,68.2844369570486,178.72313149134868,22.340391436418585,43.87359192350466,4.349065346718761,20.71672533976043,35.96039431726578,4.495049289658223,6.337624293810495,2.8026057144240233,4.648457144242456,62.98139978523026,1.6574052575060594,3.963783360019858,0.4239858449243474,1.3697416627135532,47.900264243154204,0.5443211845812977,1.2579907233935113,0.17634850548113556,0.5284309073001465,1.4488345398522244,0.7419311275846758,0.2248146966180382,0.4596638873074625,0.41791264647548365,hjorth_mobility,hjorth_complexity,1.8309680590950654,0.62356593587028,-35.931396484375,-160.15625,123.046875,-37.109375,471.9110578298569,21.723513938353918,1716,eeg_data_level_2.csv,0,AF8,120.0078125,130.00390625
2844.9703882170197,406.42434117385994,1091.5806243297081,148.1980564915169,218.97833047638875,697.9290021388877,87.24112526736096,161.7691384529925,18.443981760353722,72.5995303835302,167.23537628799605,20.904422035999506,33.93814733825265,9.650816239918036,22.005351392656017,257.87399252279596,6.7861576979683145,15.804541347286488,2.380484632016164,5.667311763882264,343.7514520018077,3.9062665000205423,85.96016148132736,0.736457302157797,2.44268849392824,1.3541881762732488,0.5900538825181714,0.1981353119980923,0.36967873488448294,0.4822596055458073,hjorth_mobility,hjorth_complexity,2.5651243339979177,0.7403776958100364,-34.348106384277344,-267.578125,301.7578125,-34.1796875,3716.9849904239527,60.96708120308822,1716,eeg_data_level_2.csv,0,TP9,120.0078125,130.00390625
2482.81332651573,354.6876180736757,1009.7311140144952,121.62722227540134,163.65604081766455,496.4861793580534,62.060772419756674,130.25878878104848,19.17351457443226,46.38107590354591,77.21643948557497,9.65205493569687,12.266665890237757,6.161102591388488,10.201118612260167,99.60119491484033,2.6210840767063246,5.333802334982875,0.5967631823376016,2.3246559355784306,120.20244287175518,1.3659368508153997,3.7126807464425005,0.4616332928979594,1.2104721913111895,1.4397402611056727,0.5660361263325926,0.13543131346310214,0.2112576584812863,0.2786424269142216,hjorth_mobility,hjorth_complexity,1.5965687665056005,0.611043469669791,-35.993385314941406,-247.55859375,85.44921875,-33.69140625,2190.7203146474785,46.80513128544218,1716,eeg_data_level_2.csv,0,TP10,120.0078125,130.00390625
87.33031672691827,12.475759532416896,16.41105097072201,8.817532177469111,13.668813473304679,30.92719911794346,3.8658998897429324,5.753088210817151,2.3487253397294254,3.738341363196617,19.946670205074653,2.4933337756343317,3.2911659489613716,1.6946380701595727,2.4938112910498225,41.2908395898616,1.086601041838463,2.1834013574491355,0.27808756620239183,1.0705506694541442,30.920167795972592,0.35136554313605217,1.012518728864268,0.0860195234570047,0.27319287935753367,1.1408041545202185,0.566487511611939,0.4083279450871697,0.9902226554833737,0.8925334854813014,hjorth_mobility,hjorth_complexity,2.2643856189774723,0.6784755242834751,-37.084388732910156,-70.3125,22.94921875,-37.59765625,109.5371596966288,10.466000176601796,1716,eeg_data_level_2.csv,1,AF7,130.0078125,140.00390625
165.33781806089098,23.619688294413,50.93590954800439,8.34315470342407,13.398112735301721,62.98607418260469,7.873259272825586,14.524767939189445,1.967216386786417,7.399101499589541,24.9251186437053,3.1156398304631625,5.233857853570855,0.8570252329073086,3.336787150235132,30.04724455306726,0.7907169619228226,1.9227154724115019,0.1909990641788564,0.7481845153050355,20.051489838786374,0.22785783907711787,0.7755498102444132,0.060703343205744026,0.19747702283989124,1.2290486919112562,0.7044072696709058,0.3547688110454663,0.5568555818993453,0.45150892903076295,hjorth_mobility,hjorth_complexity,1.6054140228297313,0.6136026005990456,-35.29376983642578,-109.86328125,33.69140625,-34.66796875,187.70582388242474,13.70057750178527,1716,eeg_data_level_2.csv,1,AF8,130.0078125,140.00390625
1684.580668532221,240.6543812188887,398.5384630700622,110.64125989440767,213.38347781827088,406.3238028740876,50.79047535926095,107.56216185046816,27.99676821420563,41.09014166845471,143.7460490342139,17.96825612927674,34.698293998054325,10.56777935576316,12.113496387450638,131.0600102246874,3.4489476374917736,9.301648095905525,1.2427908480415915,2.735429674991341,311.6283956271107,3.541231768489894,111.83938144575194,0.5834665193046384,1.5691449635597996,1.4040312559153691,0.5573568264425971,0.24835356297581426,0.30137389132287534,0.5884432418846417,hjorth_mobility,hjorth_complexity,2.0565220953603998,0.8084281036282753,-32.28740692138672,-238.76953125,452.63671875,-51.7578125,6900.763441772142,83.07083388152633,1716,eeg_data_level_2.csv,1,TP9,130.0078125,140.00390625
962.2098427618123,137.4585489659732,206.25479535005076,86.675248304568,125.22610374672068,298.5388003234384,37.3173500404298,79.45590979947964,18.136251736876204,34.041019575789754,112.3409793688407,14.042622421105088,30.1035662783069,5.368594772094039,10.835034132344417,78.32018008202644,2.0610573705796433,5.304858885385634,0.5980882002333404,1.730220939336438,84.85911412858823,0.9643081150975935,4.354651394244109,0.35094000730358604,0.8922903142029647,1.4354486184757411,0.6732506104822313,0.31617202580524734,0.3155861437117089,0.3826770483068941,hjorth_mobility,hjorth_complexity,1.932688506822569,0.7001747648365939,-36.144256591796875,-244.140625,150.390625,-40.52734375,1234.3068228801712,35.13270303976299,1716,eeg_data_level_2.csv,1,TP10,130.0078125,140.00390625
92.81721773288207,13.259602533268867,19.95003566666145,4.696048160831101,13.022069243205058,38.308586443157736,4.788573305394717,5.817175770002419,2.704427577958778,5.359833750072675,17.37493278457535,2.1718665980719187,3.797012414817056,1.1827735790829517,1.6631982848553368,22.748030198246564,0.5986323736380674,1.6530509100872313,0.18984404391667448,0.5620696195898112,15.402601754311117,0.17502956538989906,0.7057463377535788,0.04463663369472216,0.14406872361073703,1.2390068105862193,0.7159925064411381,0.3889003873673567,0.648869321013522,0.537249103202212,hjorth_mobility,hjorth_complexity,1.7425154958537579,0.6272499436051822,-37.355804443359375,-72.265625,2.9296875,-37.109375,93.46864593680948,9.667918386954323,1716,eeg_data_level_2.csv,2,AF7,140.0078125,150.00390625
383.6868575463671,54.81240822090958,145.21893832116507,18.82879635771146,51.93749204351617,79.87479194035926,9.984348992544907,23.01276629945893,4.645900309789156,8.871355074222993,20.703199792618538,2.587899974077317,4.48817714480133,1.5451551570950735,2.6055027132270405,25.545958099760536,0.6722620552568562,2.7284125567760302,0.12879150072512574,0.5086835834691734,15.859777654776487,0.18022474607700553,0.551972707544629,0.05461093856879126,0.162005887796636,1.404213265873646,0.5398297681534425,0.19011787197870955,0.285452194534242,0.21617640211362332,hjorth_mobility,hjorth_complexity,1.53022934407462,0.5842438666825874,-36.387062072753906,-113.28125,24.4140625,-35.64453125,270.5980933023966,16.449866057278296,1716,eeg_data_level_2.csv,2,AF8,140.0078125,150.00390625
2657.051089941948,379.57872713456396,450.6950776358892,297.09607806987134,373.3433232836829,999.6909486076026,124.96136857595033,252.58782048658134,69.84332072905357,107.23679692923663,214.34699106636975,26.79337388329622,51.5662933092788,7.761885935818494,24.28352470754962,127.62943963708095,3.358669464133709,8.86295060104485,0.8862661753233535,2.419466162784536,246.0958853732797,2.7965441519690875,95.33626994149479,0.25817925430269795,1.1864313207559751,1.489334441376991,0.8004251601423099,0.24587051699385187,0.2060272278645293,0.3349649399385338,hjorth_mobility,hjorth_complexity,2.7774104857770556,0.7594213118896351,-41.386985778808594,-315.91796875,98.14453125,-37.59765625,1936.2677089156932,44.00304204160996,1716,eeg_data_level_2.csv,2,TP9,140.0078125,150.00390625
2173.616059818343,310.51657997404897,400.47705015120187,221.26917979310915,325.30972876706255,1023.6066457696842,127.95083072121052,254.03578955786102,57.87175016774778,106.56251688635133,164.31370589797876,20.539213237247345,34.05213697202317,7.828946832895135,21.54378385372276,71.6903819575394,1.8865889988826159,5.948177085907008,0.6016988582130449,1.5932216147510707,59.26246018471198,0.6734370475535453,3.2910594158328372,0.23371231097241646,0.5642772137096161,1.4784648091648875,0.9258881345263192,0.23409546382132942,0.1485292135292823,0.14008890041388056,hjorth_mobility,hjorth_complexity,1.7823191493123463,0.5736098430233235,-37.71076202392578,-309.5703125,51.7578125,-34.66796875,1568.8538213362335,39.60875940163026,1716,eeg_data_level_2.csv,2,TP10,140.0078125,150.00390625
318.1821771475817,45.45459673536881,92.94436295673428,12.1155449177412,46.696213089658194,39.30104648047648,4.91263081005956,7.971645141973448,2.2826998342070706,4.749842605830166,16.42857443220045,2.053571804025056,2.748773906944316,1.2683966223423329,2.1468227062162692,33.992359150668506,0.8945357671228554,2.2767503616645044,0.26012133631490914,0.7607967439860093,43.85317724123233,0.4983315595594583,2.1750897343302245,0.06069939517224163,0.33832158867075834,1.4404872495273329,0.37570262281708033,0.18903606008066842,0.4434732731984335,0.61073155931445,hjorth_mobility,hjorth_complexity,1.7513607521778887,0.7120174771126002,-38.59405517578125,-125.48828125,86.42578125,-38.0859375,303.5686700604856,17.42322214920322,1716,eeg_data_level_2.csv,3,AF7,150.0078125,160.00390625
769.1199848767634,109.87428355382335,163.78686688719895,53.2259321256716,118.78247330798288,136.16664063078517,17.020830078848146,31.07256410931259,5.3327160110675,16.70600622154133,28.418116508552018,3.552264563569002,4.855213574945939,2.7516218107402484,3.4566137015571234,33.44590287296105,0.8801553387621329,2.62990947165354,0.17738276438783787,0.6613609307344166,31.391253199693583,0.35671878636015436,1.6073121446351908,0.05842715864051979,0.25831547775915414,1.6291993838945955,0.5252026331729129,0.15682165130610226,0.2240189249572955,0.2374608600543325,hjorth_mobility,hjorth_complexity,1.47273517796777,0.5558792158930553,-37.01190948486328,-189.453125,146.484375,-37.109375,642.7324376636534,25.352168303000305,1716,eeg_data_level_2.csv,3,AF8,150.0078125,160.00390625
2031.6306949826535,290.2329564260934,459.4165895830447,153.88003092752473,333.63760045361755,709.0001528830633,88.62501911038291,157.1441155728252,30.87018214162076,87.43200400212882,145.28041255587164,18.160051569483954,23.508005022176075,12.945116834853172,17.684741569469796,128.50841704936013,3.381800448667372,7.4095587434691526,1.4681760421092926,2.722896706337691,287.48714196551646,3.2668993405172326,109.04110690520261,0.6818389529689335,1.339589693993636,1.432745511067308,0.7442979800570871,0.22391159380316383,0.259304657889216,0.46866085977617344,hjorth_mobility,hjorth_complexity,2.733184204156402,0.8136005414069667,-40.75584411621094,-310.05859375,165.52734375,-39.55078125,1632.4180526135024,40.403193594238346,1716,eeg_data_level_2.csv,3,TP9,150.0078125,160.00390625
1181.9622295835788,168.8517470833684,230.1339697759146,133.45201711701054,156.310235996294,545.0661454620328,68.1332681827541,111.81452196898454,29.987995515110534,70.83663845587185,120.66693718007605,15.083367147509506,25.7442542543348,5.593874839096218,13.043139061247453,77.1114173708797,2.029247825549466,4.511769428605285,1.0291824712883308,1.8139939611233755,71.85990277025824,0.8165898042074801,1.7377687318614656,0.29381900659040816,0.7153675482418634,1.4315161619366117,0.8853590652254818,0.28215221480755304,0.25759870590258965,0.27108069379820837,hjorth_mobility,hjorth_complexity,1.9769147884432228,0.6326671392518911,-37.11681365966797,-286.62109375,66.89453125,-36.1328125,1045.4118629786535,32.332829492307866,1716,eeg_data_level_2.csv,3,TP10,150.0078125,160.00390625
211.59081845584473,30.22725977940639,44.23069070462523,12.382644451659946,31.088226051536235,78.05486054799053,9.756857568498816,17.239352656383133,5.886205389201214,8.910866343072449,31.259510121908715,3.9074387652385894,5.273985286383796,3.0910700019331774,3.745781395784568,50.451499100687855,1.3276710289654698,2.7994107094673475,0.63327304915,1.2430292584942322,48.449466188435835,0.55056211577768,1.35128980923825,0.13654814332003845,0.4459133880817113,1.2745959217621246,0.675149998506579,0.3410008501061169,0.6711787551933072,0.7359445334397732,hjorth_mobility,hjorth_complexity,1.7292476113675619,0.6526186075527387,-36.26213073730469,-131.34765625,80.078125,-37.109375,322.0258686633315,17.945079232573242,1716,eeg_data_level_2.csv,4,AF7,160.0078125,170.00390625
1776.2405562052384,253.74865088646263,496.76531216126256,93.6064969657942,238.61096244051708,192.67327036726292,24.084158795907864,58.250367682671786,2.8406659755269823,15.552210929281447,50.439552364991144,6.304944045623893,12.070255543200679,3.1482152079396526,5.819322274678331,49.65268657501524,1.3066496467109274,4.6532289698570795,0.4944667050193756,1.085930593644464,50.82441711839145,0.5775501945271756,1.4132668238730235,0.17450681174506652,0.5841309759098434,1.6200834306252951,0.3688683500731286,0.13267202682338428,0.1651449209159327,0.1884976166681383,hjorth_mobility,hjorth_complexity,1.5125388314263584,0.5975790644716112,-33.332061767578125,-230.95703125,194.3359375,-36.1328125,1518.490863381885,38.96781830410685,1716,eeg_data_level_2.csv,4,AF8,160.0078125,170.00390625
4352.318161223822,621.7597373176889,935.5073778592463,348.4263084997085,659.8742164560242,1513.559441645198,189.19493020564974,325.13946095475023,73.82375000710981,153.918420463482,165.15357443028225,20.64419680378528,44.995359560938454,6.516191786059601,18.39945851519264,157.81371546827165,4.152992512322938,11.006498693231215,1.419126706144811,3.564362575037836,293.611206813262,3.3364909865143413,87.61609294853092,0.2637719743645603,1.74652106395361,1.5317743396929409,0.7847269394582213,0.14127586252186244,0.17313976219162214,0.29040884180572407,hjorth_mobility,hjorth_complexity,1.9503790194708306,0.7350020271143998,-41.141700744628906,-443.359375,166.9921875,-37.59765625,3638.1163008263684,60.31679949090774,1716,eeg_data_level_2.csv,4,TP9,160.0078125,170.00390625
3805.549433041222,543.6499190058888,778.3469361139854,322.6430658927932,528.7152479675952,1010.1164580453814,126.26455725567267,259.2641582619995,40.64389940306536,108.21201673286386,88.20753692275122,11.025942115343902,23.36224428979456,3.382750354845923,10.287343285953325,78.01198828094668,2.0529470600249127,5.079464721310827,0.7603766726558757,1.9436027334447372,92.74058068428322,1.0538702350486728,3.033048935941508,0.27115906297601233,0.9369211281926029,1.6344009757673355,0.6935226026284327,0.10350884949551237,0.11723999614058576,0.1514577324779311,hjorth_mobility,hjorth_complexity,1.543497228560816,0.5837832467286226,-35.41145324707031,-323.2421875,240.234375,-36.1328125,3173.8222284184303,56.33668634574126,1716,eeg_data_level_2.csv,4,TP10,160.0078125,170.00390625
60.3116975464373,8.615956792348186,13.066873982378887,5.089894580257927,8.344592398119348,35.167213812253635,4.395901726531704,8.191260226115514,1.5900672618204683,4.732592925897735,15.362573719855904,1.920321714981988,2.445195056211631,1.5763121664442297,1.7874036411542802,31.941356377247903,0.8405620099275763,1.7685216862227044,0.2540745760664611,0.7614967538888857,25.739875027273108,0.29249857985537625,0.6192977708323831,0.07451715176177592,0.2859344793381118,1.0155825188033107,0.7114487636353576,0.39267996124166327,0.9486353331440498,0.920881947457779,hjorth_mobility,hjorth_complexity,2.1626651712499685,0.6804672515605307,-38.11779022216797,-71.2890625,19.04296875,-38.0859375,96.54463323386153,9.82571286135828,1716,eeg_data_level_2.csv,5,AF7,170.0078125,180.00390625
429.189886156818,61.312840879545426,134.56673170196234,16.629791132683298,42.425588289430614,90.17612488428112,11.27201561053514,24.20456070093761,4.164659990864096,8.318869451881863,26.117396457104658,3.264674557138082,4.883364541385724,1.8468627891803533,3.335432981495847,27.569015036701355,0.7255003957026672,3.554382675276331,0.19386866250265544,0.5228123416427235,15.71711877631975,0.17860362245817898,0.6496983154797659,0.05516713337464231,0.162353421787983,1.4305755761182846,0.5747368896613145,0.22590807164103782,0.29724483942215757,0.2105115135296301,hjorth_mobility,hjorth_complexity,1.6496403044503851,0.5702177325521849,-37.49847412109375,-130.37109375,35.15625,-37.109375,320.2876425348222,17.896581867351717,1716,eeg_data_level_2.csv,5,AF8,170.0078125,180.00390625
2119.5159063411534,302.78798662016476,477.4351002026524,146.19105086719415,290.7086287674703,601.1160513287266,75.13950641609082,144.20577511913547,24.7800875630159,63.790160897396504,100.08622901635543,12.510778627044429,29.749842195386293,3.225524565397179,10.33887986053396,93.3455663214047,2.4564622716159135,5.337166398289416,0.6605026213894729,2.110144727795265,263.49729763670325,2.994287473144355,110.92086417000611,0.41604294309703455,1.1099894522802827,1.5195016524633362,0.6721832883065336,0.16615370818278286,0.20484193853138544,0.4368538454324987,hjorth_mobility,hjorth_complexity,2.7995236265873826,0.8100384080209235,-39.435768127441406,-318.359375,77.63671875,-36.1328125,1904.1900490628905,43.63702612533181,1716,eeg_data_level_2.csv,5,TP9,170.0078125,180.00390625
1915.1993280686397,273.5999040098057,408.586719029366,161.79960777304805,272.71873267478884,571.3298590138334,71.41623237672917,132.13336357113815,26.64077117369848,50.80534389387587,62.68899294874122,7.836124118592653,20.30434752614065,2.5936117353556214,7.2345413182218925,55.235270715860025,1.453559755680527,4.167593409404827,0.615433360025325,1.19602528918461,55.890478709385754,0.6351190762430199,4.788761116882789,0.3065570743751921,0.5194633050038873,1.5986195728460795,0.7365501878269807,0.1313990160902631,0.15200075442096178,0.16981517745987115,hjorth_mobility,hjorth_complexity,1.7955870337985425,0.6028610210919582,-39.1387939453125,-328.125,51.26953125,-36.62109375,1676.2008424848318,40.94143185679797,1716,eeg_data_level_2.csv,5,TP10,170.0078125,180.00390625
45.76111828647305,6.537302612353293,11.990193732938017,3.815583219591117,5.175807663128586,31.49535668105128,3.93691958513141,8.564855644104497,1.7062700797125516,3.0834713585762734,15.119023514992824,1.889877939374103,2.2057684461494267,1.3814107246434615,1.9397837242460922,30.229807935709186,0.7955212614660312,1.5042184502409066,0.3745801051162125,0.6886819606661898,26.119730402210436,0.2968151182069368,0.8357772322907253,0.07554099628153736,0.2729849098756456,0.9163593488065279,0.7254724523514395,0.43099967879694806,1.0214457603347966,1.0426142344951905,hjorth_mobility,hjorth_complexity,2.299766644273995,0.7017199392998095,-36.21025085449219,-71.77734375,2.9296875,-36.1328125,78.45923406421207,8.857721719732004,1716,eeg_data_level_2.csv,6,AF7,180.0078125,190.00390625
247.03063187768458,35.290090268240654,80.82730753617713,10.085198828221017,27.648922202709386,57.659473439122394,7.207434179890299,15.746140295591893,2.4112262982425143,5.674131537474595,15.751205561841259,1.9689006952301573,2.5105011656137335,0.9436302070898629,2.0673230338559003,26.40988483809261,0.6949969694234897,1.319232619326779,0.1975718640602937,0.6635899708669086,21.659989168759612,0.2461362405540865,0.7512844132976229,0.08820385051900424,0.22678755832036085,1.3657573552044397,0.5558402948986766,0.20862748314084648,0.41576857481741486,0.39629567526222786,hjorth_mobility,hjorth_complexity,1.990182672929419,0.6854117104603586,-34.74712371826172,-126.953125,24.4140625,-34.66796875,191.82727901352337,13.850172526489457,1716,eeg_data_level_2.csv,6,AF8,180.0078125,190.00390625
838.5347975513192,119.79068536447417,179.25947876922535,75.86611987408935,116.89866414487041,384.0877905150639,48.010973814382986,74.8761958879438,15.338771889342727,55.87116391205774,48.61315449892578,6.0766443123657226,11.962785553386398,3.2814075749352223,5.417012644101133,76.86042401792591,2.0226427373138396,4.092105551508732,0.5620313552627247,1.7743741815446454,247.57823998552956,2.813389090744654,109.55185707427853,0.4300384223405078,0.8075097997791616,1.3288508024057706,0.7983552451844419,0.16475055098270106,0.3108683289587469,0.6883838403022801,hjorth_mobility,hjorth_complexity,3.378887915817947,0.8895056423754714,-37.697792053222656,-302.24609375,73.2421875,-37.109375,798.4257614225498,28.256428674242432,1716,eeg_data_level_2.csv,6,TP9,180.0078125,190.00390625
926.9669565571435,132.4238509367348,185.91005421591683,84.88328551491527,139.49694088142948,286.7042025225609,35.83802531532011,72.3010896690559,14.01599665435905,32.69471229972443,38.81846899663282,4.852308624579102,9.353227354184149,2.007327757594355,3.7757033356674308,40.825917464401435,1.0743662490631956,2.7219389343145366,0.4050481377230214,0.8908964926729941,52.73571344515261,0.5992694709676433,3.3601678312485337,0.2237938190526482,0.5111567640857251,1.556023756471011,0.7250159314617912,0.15474154677948437,0.20961492688490138,0.29142761722368726,hjorth_mobility,hjorth_complexity,2.463403886270414,0.7206828758927227,-37.71629333496094,-321.77734375,57.12890625,-37.59765625,692.9666617361363,26.32425994659938,1716,eeg_data_level_2.csv,6,TP10,180.0078125,190.00390625
77.01860715112073,11.002658164445819,16.043171199727258,6.960431583185218,10.756513373915531,38.45853050753159,4.807316313441449,7.665869945440281,1.6106853628152118,4.792077330224664,10.586548414870894,1.3233185518588617,1.7740570754736285,0.7986709499466815,1.4778232679669276,26.582372142128136,0.699536109003372,1.2682233529936788,0.3080869159578386,0.6968585839509768,24.695644811128197,0.28063232739918403,1.0458729199301793,0.07865413872463822,0.24073175474523464,1.1711024221546702,0.7476546541156419,0.2827093881534094,0.8014153466969455,0.8558857193790963,hjorth_mobility,hjorth_complexity,2.29534401611193,0.7163891866598173,-36.83128356933594,-67.87109375,40.0390625,-37.109375,94.57521358854137,9.724978847716914,1716,eeg_data_level_2.csv,7,AF7,190.0078125,200.00390625
224.08540059957866,32.012200085654094,58.080164735324125,11.411067035506665,27.795132835392376,54.02433228476973,6.753041535596216,12.793858905665457,1.2984546065215166,5.7607390039742645,10.967115965384396,1.3708894956730495,1.9487879574136433,0.6506887645010315,1.460804817900526,23.7679773461635,0.6254730880569342,1.4068897284388255,0.2172873304369981,0.5859831340269357,22.374779096646783,0.2542588533709862,0.8070816419074426,0.08180816807369154,0.2248854441888306,1.4198586994809241,0.5747732576231668,0.16905252629237788,0.4177885872593848,0.44737760106495006,hjorth_mobility,hjorth_complexity,1.9990279292535498,0.699468205008962,-35.70137023925781,-112.3046875,42.96875,-35.64453125,166.60683890222572,12.907627160025413,1716,eeg_data_level_2.csv,7,AF8,190.0078125,200.00390625
1285.1103159577679,183.58718799396684,224.7650642219103,96.4465478056887,197.10295748402027,492.2547353634204,61.53184192042755,134.34313601518386,20.55259515238819,53.046781659034686,84.40820562620628,10.551025703275785,19.398924122353016,2.846327122115493,8.522379756814466,76.97540888557367,2.0256686548835177,3.794470265528986,0.6355793391584628,1.973775662740176,246.13447662348202,2.7969826889032046,117.04878417621057,0.1820700299876463,0.6868290703151685,1.4229415134518502,0.7536011448692408,0.19660097270886595,0.2383264132953577,0.5080406848467023,hjorth_mobility,hjorth_complexity,3.051613431825109,0.8520717855279646,-38.15422058105469,-288.57421875,144.53125,-37.59765625,1095.4461932124104,33.09752548473089,1716,eeg_data_level_2.csv,7,TP9,190.0078125,200.00390625
1401.8052841210642,200.2578977315806,287.8394725470685,113.35257676928978,204.51352916561524,327.2597114896781,40.907463936209766,100.44656204598328,14.79862491215213,35.437568094063835,34.91339961214255,4.3641749515178185,6.785532933507538,3.0229567404793927,3.75900943161562,37.63879843167507,0.9904946955703966,2.8050339049891777,0.25718113439412194,0.8952277200938263,47.339053308485184,0.5379437875964226,2.638224924479391,0.09638275771352686,0.4404584479220275,1.6284028620582642,0.6315338194614358,0.11126916058385969,0.14803212839487645,0.20083516317928168,hjorth_mobility,hjorth_complexity,2.2688082471395377,0.6798167516598842,-37.07427978515625,-293.9453125,61.03515625,-36.1328125,856.8960032425821,29.272786051938787,1716,eeg_data_level_2.csv,7,TP10,190.0078125,200.00390625
90.09757524775519,12.871082178250742,20.843470729762227,5.623255448383089,12.08978679765206,26.42806420335755,3.303508025419694,5.700958034204719,1.6086494252520624,3.3981787967679002,12.070793548937207,1.5088491936171509,2.1079202543055278,1.0763799725093568,1.4015902490162233,31.8942008074393,0.8393210738799816,1.9898877876134289,0.42856112335927254,0.7481391121338614,33.746836265333265,0.38348677574242346,1.056233362171026,0.09132566777373423,0.35241268304898354,1.185622913076006,0.5250343729210643,0.29005399953131616,0.8527559075760278,1.0225891984373936,hjorth_mobility,hjorth_complexity,2.2422724781671453,0.737474280008236,-37.51220703125,-78.61328125,39.55078125,-37.59765625,99.18265044689178,9.959048671780442,1716,eeg_data_level_2.csv,8,AF7,200.0078125,210.00390625
303.73521809026886,43.39074544146698,76.46421546805414,14.949852614997562,41.79938370289223,54.902859583312505,6.862857447914063,13.21353846080135,3.245513182354959,5.307280385996233,18.593538369343953,2.324192296167994,4.468612086062943,1.3068431925197121,1.945405041629948,21.174301265684942,0.5572184543601301,1.6582886986724874,0.21992746260933738,0.5378390937184809,21.678030932492053,0.2463412605965006,0.8662100856997222,0.052596548759098395,0.22087463263248971,1.5268793421770666,0.5092086546555782,0.2215622487420257,0.32153808086111474,0.36903748614429754,hjorth_mobility,hjorth_complexity,2.074212608008661,0.6904300733021224,-36.31572723388672,-125.0,30.76171875,-36.62109375,216.63920484570554,14.718668582643796,1716,eeg_data_level_2.csv,8,AF8,200.0078125,210.00390625
1382.612434008413,197.51606200120185,328.3608014201626,110.80440737275701,193.45928748595756,604.087492956082,75.51093661951025,185.81391335278852,30.0294581718141,63.12947511635451,99.0621589025827,12.382769862822837,23.938360871021032,6.098281406423542,8.76412301509675,92.05073966459956,2.422387885910515,5.745617116074913,0.7125664767444299,1.9521567248214982,232.5918059742271,2.643088704252581,103.97412288877668,0.234034211634846,0.8114125907791006,1.394393406693046,0.8178054917030516,0.2079982134737465,0.2547565027933172,0.4693539754633461,hjorth_mobility,hjorth_complexity,2.9410477277734746,0.8279730050643843,-38.42334747314453,-276.85546875,80.078125,-36.1328125,1125.3243864848628,33.545854982171235,1716,eeg_data_level_2.csv,8,TP9,200.0078125,210.00390625
1344.3065324435015,192.04379034907166,259.838605026647,99.64696677575846,200.55282734344792,566.6454256780457,70.83067820975572,179.16912440238795,30.52078913355641,56.56608575849097,80.77167574818925,10.096459468523657,21.828127060078636,4.896963201830736,7.799170949156728,55.89090505332279,1.4708132908769156,4.11446697526541,0.5346875211032152,1.185749146090962,49.22969541313329,0.5594283569674238,2.9239162020397993,0.2682424201311738,0.5107706408722829,1.4973778370696673,0.8588707608790822,0.19857238800306098,0.1873132025816284,0.18871920899735353,hjorth_mobility,hjorth_complexity,2.1007483769810533,0.6318628981665161,-36.86408996582031,-273.4375,61.5234375,-35.15625,948.8683180825319,30.803706239388337,1716,eeg_data_level_2.csv,8,TP10,200.0078125,210.00390625
270.37411852757845,38.624874075368346,87.54807870446967,19.040302253843613,29.32905179016428,82.87404037911719,10.359255047389649,17.488995907436514,3.3578963349296074,9.661038605548843,31.973384394036444,3.9966730492545555,6.050398220318595,1.799735530198852,3.9213924602623056,91.25396141211723,2.40142003716098,5.893171109307067,1.2200603179076115,2.279811076176192,110.87834979224905,1.2599812476391938,3.1788847559950337,0.3319846884800121,1.1045292568796876,1.1395236923585492,0.52836962698145,0.255223791728804,0.8032071168572287,1.0766074800982428,hjorth_mobility,hjorth_complexity,2.06536735168453,0.7527098352722195,-36.41338348388672,-110.83984375,51.26953125,-35.64453125,298.4216203549295,17.274884090926037,1716,eeg_data_level_2.csv,9,AF7,210.0078125,220.00390625
2934.71489016073,419.2449843086757,1013.2816693342453,31.74364065337393,316.72966291495584,218.52822691346518,27.316028364183147,68.90224088284857,8.236785400692149,16.54456212101295,30.581380483708905,3.822672560463613,5.609324169451363,2.7881031537600838,3.4892359071268215,79.07821393578905,2.0810056298891855,3.738782951784656,1.0562413470456307,2.0065917946221363,109.22376492530022,1.2411791468784115,4.169418907445308,0.40037057982298907,1.0550902832383562,1.4856537739348548,0.27604784505152025,0.05745799433851114,0.16142364478320878,0.23543896449641832,hjorth_mobility,hjorth_complexity,1.6186819073159273,0.6845149919419183,-31.985855102539062,-204.58984375,192.87109375,-35.64453125,1929.6055541781243,43.927275742733286,1716,eeg_data_level_2.csv,9,AF8,210.0078125,220.00390625
4409.52062219603,629.9315174565756,1032.1090110183293,210.0254174400146,620.6757581062097,1420.389713035538,177.54871412944226,356.28478563602243,45.54156969337144,121.34362593201274,184.9045422045082,23.113067775563525,53.411764588679375,9.120769606003854,16.96442419900332,166.23408585602652,4.37458120673754,10.948683273548067,1.8262273587414626,3.501998941606219,294.2444203159572,3.3436865944995136,101.6666365709615,0.4824666152048912,1.4261692340942154,1.527313817940329,0.7369821411310465,0.15385832892550141,0.18316054280315003,0.2829665619593279,hjorth_mobility,hjorth_complexity,2.118438889629315,0.7042506362585649,-37.357139587402344,-342.7734375,132.32421875,-32.71484375,3247.284876088088,56.98495306735005,1716,eeg_data_level_2.csv,9,TP9,210.0078125,220.00390625
4196.869244673814,599.5527492391163,917.9785877428011,336.7633190722906,542.4611582538333,1170.9349438539698,146.36686798174622,262.74916144240666,46.400966528981115,116.34305585114579,131.8033945223488,16.4754243152936,37.757836910801956,4.078614899460182,16.055680767984327,97.9656206350218,2.5780426482900474,6.828189753480789,0.9681421928788423,1.9877145752608314,103.22229849578251,1.1729806647248013,3.0289727554763948,0.22927329480894165,1.101934454314093,1.6151347619362917,0.7061009682007285,0.12855559870066274,0.12843342402832203,0.14960451521652207,hjorth_mobility,hjorth_complexity,1.6275271636400581,0.5876780352792945,-36.571502685546875,-352.05078125,98.6328125,-33.69140625,2983.495741500519,54.62138538613351,1716,eeg_data_level_2.csv,9,TP10,210.0078125,220.00390625
398.4807590244287,56.92582271777553,93.58009004932165,31.37383320206878,53.094923468891494,126.67096015608976,15.83387001951122,32.27507596612632,3.40781053682823,15.661323524379005,27.064715538276047,3.383089442284506,5.231573962081601,1.4486211956600235,3.2115531683770167,88.0813957786616,2.3179314678595158,4.685985233382298,0.9064192807764323,2.193219026191805,128.9056285208775,1.4648366877372445,4.744851416743655,0.3214538695314128,1.2475614776856914,1.2650640595463232,0.5879432804895993,0.18083929509300328,0.6279251572454978,0.9822065012494545,hjorth_mobility,hjorth_complexity,2.445713373622153,0.7877258561050122,-36.91215515136719,-138.18359375,55.17578125,-37.109375,372.75611990480684,19.306893067109655,1716,eeg_data_level_2.csv,10,AF7,220.0078125,230.00390625
2494.1808276790257,356.31154681128936,895.9560401098299,53.291955610791454,214.85232829826222,274.157308897525,34.26966361219063,75.6072550811381,5.975675840874837,30.39056157570151,34.39902024366306,4.2998775304578825,6.89430249461845,2.500143422229553,4.427608418477151,62.98049959024926,1.6573815681644541,3.371685833622862,0.7520477925751405,1.5681476966460952,93.97978104446132,1.067952057323424,3.330258911488369,0.22682496799897311,0.953600635538508,1.4503260783859582,0.3661147173476441,0.07038318062047122,0.147257194249113,0.23109424592225278,hjorth_mobility,hjorth_complexity,1.7292476113675619,0.7111303854696149,-34.07135009765625,-238.76953125,152.34375,-35.15625,1562.1425560675561,39.523949145645304,1716,eeg_data_level_2.csv,10,AF8,220.0078125,230.00390625
2597.147076750162,371.02101096430886,528.9265598963052,261.73536215487445,375.86860534946356,1015.1653885298233,126.89567356622791,270.36065301249755,40.696060032958556,78.85493430487378,163.27307835392128,20.40913479424016,41.11513189739059,6.532340956903528,18.603956668316954,128.8567235084875,3.3909664081180924,11.075650298146721,1.2691723042623175,2.855791635575331,323.2797559372081,3.673633590195547,106.2366777429354,0.5404926130265924,1.8058542748333652,1.4613348275559446,0.7812301740144711,0.1956652478550267,0.20945738299058708,0.44062109188495074,hjorth_mobility,hjorth_complexity,2.35283818221878,0.774354492804671,-37.86506652832031,-343.75,111.328125,-35.15625,2141.7472684697714,46.279015422432785,1716,eeg_data_level_2.csv,10,TP9,220.0078125,230.00390625
3549.3022174805214,507.0431739257888,778.6378500657343,249.93269423736592,432.656455815459,1018.7519015779242,127.34398769724052,259.52719186675887,26.086438953653595,95.89564684999436,96.02624053297848,12.00328006662231,22.19757965331229,5.130046788878762,11.29162559506894,82.01572958263102,2.158308673227132,6.743213897821914,0.8795591665815586,1.79935729490455,118.15457685221116,1.342665646047854,2.8824740834439524,0.2898050647271043,1.238728183839005,1.581855973474534,0.7024581013068024,0.1139829834787857,0.12541637458441943,0.19255362331294307,hjorth_mobility,hjorth_complexity,1.6938665860710387,0.6372652142790878,-36.45210266113281,-330.078125,62.5,-33.203125,2429.3882177153137,49.288824470820096,1716,eeg_data_level_2.csv,10,TP10,220.0078125,230.00390625
63.13721812732656,9.01960258961808,15.03645538578764,2.6880416697320983,9.49239416031535,40.06714639671887,5.008393299589859,9.504782220780369,2.139051205952708,4.374300469916793,21.15937769523646,2.6449222119045577,3.5165563739746184,1.8437731735184417,2.539513560729508,65.18235780826333,1.715325205480614,3.0559565277762895,0.5341507495756634,1.7245098448574239,70.92434283182203,0.8059584412707049,2.2290437478600076,0.17023326367626732,0.7362594386131933,0.7586277603258894,0.5662737908899698,0.3574581055208691,1.2001048455029344,1.4796193021377901,hjorth_mobility,hjorth_complexity,2.803946254749448,0.7685290342172313,-37.16583251953125,-87.40234375,17.08984375,-37.109375,135.20529260858893,11.627781069859758,1716,eeg_data_level_2.csv,11,AF7,230.0078125,240.00390625
996.1374481390228,142.30534973414612,204.74700025637765,64.97149137400172,152.7723423317676,245.6204522275772,30.70255652844715,49.711937167506186,11.681842456504812,32.2200843386894,41.21043452833852,5.151304316042315,9.347368954244617,3.4733297559424625,4.413308099170624,71.36367439779481,1.877991431520916,3.5172664646406737,0.6435815217005946,1.8909161095422256,76.23460254403778,0.866302301636793,2.2323744981597518,0.25966842707941257,0.7963929982917237,1.5181464452704596,0.612799704882888,0.15240489965556964,0.310472647874846,0.36864834743379904,hjorth_mobility,hjorth_complexity,2.4191776046497604,0.7083473122531417,-37.47406005859375,-199.70703125,78.61328125,-36.1328125,706.594807561487,26.581851093584266,1716,eeg_data_level_2.csv,11,AF8,230.0078125,240.00390625
1209.1835820171395,172.74051171673423,307.2984046018077,91.17373425627436,127.74151685935846,318.6306136430661,39.828826705383264,81.4879163128426,9.39376203355526,28.08856509688749,67.33644174818318,8.417055218522897,14.549636435407898,4.521086712842655,7.110923781893711,86.64223412071053,2.280058792650277,4.408193754944354,0.8474626125818191,2.349135028656608,266.44507522370753,3.0277849457239494,99.80510883051016,0.3702925328382547,1.3249007250600326,1.4304819858664966,0.5913281088698848,0.18332759467827692,0.29396147788802696,0.685839532950163,hjorth_mobility,hjorth_complexity,3.0206550346906513,0.8474155968860211,-38.79108428955078,-257.32421875,49.8046875,-36.62109375,1021.0003715110361,31.953096430722265,1716,eeg_data_level_2.csv,11,TP9,230.0078125,240.00390625
1271.45742224872,181.63677460696,260.1545871140586,110.2249747778349,179.69334490167947,288.34503065087756,36.043128831359695,87.89893582005178,11.111498751650847,28.020806104993856,38.51105373427067,4.8138817167838335,9.416966000446756,2.573147226647122,4.696947628718677,64.00721973330185,1.6844005192974172,3.115025957110322,0.5269421852043973,1.5673292378044206,73.80065520317294,0.8386438091269652,2.6353427908238736,0.12350874723106225,0.7703080789575627,1.5964753346239366,0.5934642755735351,0.1261739333278643,0.24748373770678478,0.3130824659832999,hjorth_mobility,hjorth_complexity,2.2864987597877993,0.7085496526925119,-39.13421630859375,-240.234375,28.80859375,-36.62109375,894.2744485102594,29.90442188891568,1716,eeg_data_level_2.csv,11,TP10,230.0078125,240.00390625
225.15030146830094,32.16432878118585,39.0312461244276,23.344383219939015,32.28937251559901,90.71197232338633,11.338996540423292,22.616869169344866,4.221163069439554,7.66673836410215,29.725671041854532,3.7157088802318166,5.316526578296639,2.267679507448067,3.450621407154145,80.52287184756041,2.119022943356853,3.7927375181267653,1.1026488162329822,2.065225610322255,102.92686449964359,1.1696234602232225,3.2224332749463884,0.3201604467025433,1.1296662906658406,1.1405572865269995,0.6015452299629573,0.26278928060933143,0.7935202485271932,1.1126784577245434,hjorth_mobility,hjorth_complexity,2.485517027080741,0.7667034918824881,-36.10706329345703,-99.609375,73.2421875,-36.62109375,263.62313710706076,16.236475513702498,1716,eeg_data_level_2.csv,12,AF7,240.0078125,250.00390625
1225.2755473519967,175.0393639074281,316.2789854660415,51.95504410026089,144.91384604912986,117.82047529338286,14.727559411672857,33.78786966604248,6.218045479687616,11.381471508870167,32.188919160010855,4.023614895001357,5.23533761112306,1.468628047278535,4.64232093357781,54.86900703170856,1.4439212376765411,2.8045333310011533,0.6470831045545359,1.3931653319208865,65.13221331270118,0.7401387876443316,2.4513524856371287,0.22106479776975435,0.679451776980142,1.5949540667322248,0.33407293777793823,0.11951086105113824,0.2394458845834081,0.30856330179908653,hjorth_mobility,hjorth_complexity,2.158242543087903,0.7140096362666416,-34.47704315185547,-145.5078125,136.71875,-35.15625,723.0050483121886,26.88875319370886,1716,eeg_data_level_2.csv,12,AF8,240.0078125,250.00390625
2019.3320063333292,288.4760009047613,428.4829097511947,135.2426339879983,270.6820692730976,578.3077572344157,72.28846965430196,162.1576266323817,24.528538703112297,69.15712752699734,114.28028579599065,14.285035724498831,25.30270683545028,8.463837947174778,12.805987126531683,118.43924496331226,3.1168222358766386,7.631971746656687,1.0362446695267875,2.9034560340187836,284.96556225387013,3.2382450256121604,112.56085399773427,0.4313351224335705,1.360767923546283,1.4970732086394103,0.6650854458594271,0.19302052862164398,0.2561902992748895,0.4855092356050992,hjorth_mobility,hjorth_complexity,2.768565229452925,0.8115839071521347,-36.066246032714844,-300.78125,163.0859375,-35.64453125,1526.513269309362,39.07061900340666,1716,eeg_data_level_2.csv,12,TP9,240.0078125,250.00390625
2302.63267740467,328.9475253435243,471.0725986159139,225.7590551072969,330.5539706674327,603.3993320281382,75.42491650351728,193.29362112040744,16.227106563222428,63.37783338244746,80.59468013647842,10.074335017059802,17.202843284882324,5.041732653843287,7.60252136898543,86.97846935132243,2.2889070881926954,5.610469249263221,0.727044014218033,1.7755369952926536,83.4183980585294,0.9479363415741978,2.6214652152216953,0.2808414031565898,0.892179341889564,1.6049596996790516,0.6606044698335947,0.14077247712308927,0.19108153768191638,0.20780924926797084,hjorth_mobility,hjorth_complexity,2.211314081032688,0.6351074932830969,-35.895729064941406,-303.22265625,90.33203125,-35.15625,1492.1025806324906,38.627743664786976,1716,eeg_data_level_2.csv,12,TP10,240.0078125,250.00390625
192.30399679514193,27.471999542163132,55.439794088273956,12.132000751446046,28.029238975847687,55.462250254155336,6.932781281769417,14.16314865961919,2.2074436183865185,6.508019264715839,20.589452941712082,2.5736816177140103,3.358394415455974,1.8350171155128432,2.590365895342078,80.08937211704928,2.107615055711823,4.3775001922595544,0.703935806309503,2.023624592062303,94.37792128159919,1.0724763781999906,2.204712029347034,0.1325392762899816,0.9575190712724134,1.1248806400617797,0.49099970210070754,0.23002020605977036,0.9223636490508628,1.2144734881852148,hjorth_mobility,hjorth_complexity,2.520898052377264,0.7778472974554678,-36.284446716308594,-88.8671875,34.1796875,-36.1328125,229.79119003139203,15.15886506409342,1716,eeg_data_level_2.csv,13,AF7,250.0078125,260.00390625
2306.216622265023,329.45951746643186,970.9530036819124,86.62938957918598,117.68760378840385,239.40339753790494,29.925424692238117,62.14092991012789,7.022067322251612,21.66838115410328,33.085005150311275,4.135625643788909,6.316492064030432,2.1748946282697657,4.456629856567946,68.00016196861272,1.78947794654244,4.529701242112307,0.6296064512859751,1.6081386759363596,101.99400442928982,1.1590227776055662,3.094041126295884,0.2830224309198242,0.976358441149358,1.3753091042874237,0.36998413760453397,0.07623583858502794,0.17625293749933285,0.2782832809097158,hjorth_mobility,hjorth_complexity,1.990182672929419,0.7065963662913815,-37.225341796875,-261.71875,154.78515625,-35.64453125,1637.1847689151764,40.46213994483209,1716,eeg_data_level_2.csv,13,AF8,250.0078125,260.00390625
1794.4896716766666,256.35566738238094,350.40142563241744,153.13785967662577,270.74719731285626,595.4508448542389,74.43135560677986,146.19808306438904,38.3244595631364,59.94208662160943,104.93917353240417,13.117396691550521,27.912552050367793,3.9304578652121243,12.147478448403604,102.99423227242542,2.7103745334848797,7.413549652967008,1.1060939027835888,2.326587775647793,318.56031046759796,3.6200035280408858,113.2274011551222,0.5928568274141881,1.626589181150286,1.4415781945377593,0.7108494308805235,0.18202671056807906,0.2362816132750432,0.5725098878090213,hjorth_mobility,hjorth_complexity,2.6801126662116177,0.8000940468046441,-32.538414001464844,-297.36328125,163.0859375,-34.1796875,2375.438694980403,48.73847243174947,1716,eeg_data_level_2.csv,13,TP9,250.0078125,260.00390625
2067.6446916704126,295.3778130957732,651.3313768487951,101.93639122823495,264.24444792719817,504.868315188328,63.108539398541,108.04303986050733,26.316965698513716,50.499335329387854,84.64037762905716,10.580047203632144,22.512442334069753,3.9675182997576335,8.93394421829101,88.83021011928322,2.33763710840219,5.924507889594321,0.9675089886960629,1.998886906148812,116.21863758587895,1.3206663362031699,3.738357225788783,0.19955832768569431,1.1795904118649303,1.5123808887724834,0.6405649531720583,0.1585357594147021,0.2140094273206067,0.3027016922336011,hjorth_mobility,hjorth_complexity,2.0830578643327917,0.6428932488477572,-37.827301025390625,-346.6796875,97.16796875,-34.1796875,2348.366728401743,48.45994973585655,1716,eeg_data_level_2.csv,13,TP10,250.0078125,260.00390625
101.10274801890787,14.44324971698684,19.393548891965608,10.396073655246402,14.422892554330026,49.27998943387945,6.159998679234931,14.979622846464828,2.4946695088006026,3.5475454110447653,15.1547477721853,1.8943434715231624,2.701578083168238,1.0802310676676403,2.106788040120863,95.00245102634818,2.500064500693373,4.091343591585367,0.7475863177023937,2.550212368359042,115.2034588840967,1.309130214592008,3.469115098953689,0.26941524871151423,1.2108879077235701,0.8382216551393433,0.4874115861176187,0.20191132041324128,1.1909607803629274,1.6200071649403303,hjorth_mobility,hjorth_complexity,2.6933805506978135,0.7972258931362536,-37.03632354736328,-91.796875,34.1796875,-36.1328125,203.45632914541056,14.263811872897461,1716,eeg_data_level_2.csv,14,AF7,260.0078125,270.00390625
1087.9715270528793,155.42450386469704,285.7224427983381,52.67438083286662,123.64675081241401,120.48812109059821,15.061015136324777,43.05052649998634,3.1665805221034398,11.072355588012556,23.978244230417108,2.9972805288021385,5.767023121855983,0.9686927919354029,2.146786205865654,55.00360240245015,1.4474632211171092,3.070244642497197,0.6663454531907518,1.3742113472458866,62.93606864549102,0.7151825982442162,1.552615969388604,0.27829407550095514,0.6792614776757474,1.5933476848040946,0.3551823525928556,0.10051745191800802,0.26303509237459494,0.3315903604190386,hjorth_mobility,hjorth_complexity,2.5872374748082447,0.7331774861494369,-35.730743408203125,-189.94140625,136.71875,-35.15625,667.3667760333046,25.833442976756015,1716,eeg_data_level_2.csv,14,AF8,260.0078125,270.00390625
1869.7174567691486,267.10249382416407,355.5124587718217,140.40352066175993,312.82090485431945,459.9876756891852,57.49845946114815,123.24274180926311,15.212825914911017,57.74041813511111,51.97546258072249,6.496932822590312,12.21452227250259,1.6412770111493447,6.821836971959717,98.3639760743711,2.58852568616766,5.414045091230786,1.310400849096766,2.426273055976255,295.7365727576161,3.3606428722456374,109.06068801953899,0.33331686651199344,1.4305762099351607,1.525524047198587,0.6047024091596933,0.10894369559099588,0.24138235202705433,0.5572001177366779,hjorth_mobility,hjorth_complexity,3.3390842623593584,0.8717936015647312,-44.2230224609375,-331.54296875,61.5234375,-41.50390625,1196.2406244128942,34.58671167389138,1716,eeg_data_level_2.csv,14,TP9,260.0078125,270.00390625
2006.965017483242,286.7092882118917,360.7531324878141,176.15884024051047,314.55571343532347,491.0658322508328,61.3832290313541,149.4653231561801,12.350778137742092,58.03985204903201,46.816788821707505,5.852098602713438,9.201008495880712,0.9438442697873956,6.8931661651183695,65.6337256278216,1.7272033059953054,4.4930424859949465,0.8069221777603119,1.5647502450038477,85.87845732236765,0.9758915604814505,2.5392470795306985,0.29710195813666557,0.8787015024064699,1.6271914755339771,0.634426123494665,0.10241573200247506,0.17355718724004782,0.24555837186829715,hjorth_mobility,hjorth_complexity,2.463403886270414,0.7203059894254656,-37.25776672363281,-314.453125,74.21875,-35.64453125,1108.3226242044475,33.29147975390171,1716,eeg_data_level_2.csv,14,TP10,260.0078125,270.00390625
201.96242555654743,28.851775079506776,44.19686671274427,14.657037207363553,28.056966159190672,150.69214516506963,18.836518145633704,24.564769385732255,12.900115405006982,18.650668944005083,93.21529981679052,11.651912477098815,16.994726222368172,8.728832844446076,10.78478720904012,136.71255557244245,3.5976988308537488,9.486773112293834,1.0269375089399289,3.494935549894442,77.36522912868463,0.87915033100778,2.6670916669038127,0.16554940852335007,0.8085162639968284,0.9254989567005025,0.7915404905920158,0.5550149197125291,1.0319349014101842,0.7438288283465644,hjorth_mobility,hjorth_complexity,2.4810943989186756,0.7051479357151313,-36.51294708251953,-297.8515625,21.484375,-36.1328125,315.65273351588985,17.766618516642097,1716,eeg_data_level_2.csv,15,AF7,270.0078125,280.00390625
335.7498885653042,47.96426979504346,95.88610564164405,15.314956174179123,37.30325335642243,76.67104045103,9.58388005637875,18.608121866507336,5.23038258003506,7.023658877417018,28.80418201263865,3.600522751579831,6.625181990065044,2.0707111115525616,2.914308327034694,70.24257022393208,1.8484886901034756,3.2896171410509294,0.7634982189117202,1.8770035543044181,57.620553484491225,0.6547790168692185,1.548492808337822,0.1812901400101252,0.590868474977065,1.3268086448480667,0.5137978317660183,0.24309763796674255,0.6754753307358334,0.6493179286500095,hjorth_mobility,hjorth_complexity,2.1140162614672495,0.7192746277195855,-34.92088317871094,-119.140625,52.24609375,-34.1796875,295.46629390097223,17.18913301772292,1716,eeg_data_level_2.csv,15,AF8,270.0078125,280.00390625
1587.811680613999,226.83024008771415,356.59054189436733,119.5349794842893,183.61710852646527,484.1767191190647,60.52208988988309,98.3370223445657,29.491683766203533,57.97260450529265,97.57073266760216,12.19634158345027,17.26900067909803,7.683690120983775,10.731954386262887,135.38812668965264,3.5628454392013853,7.58802080512676,1.900523567792411,3.231539529968213,297.6811590977136,3.3827404442922,102.5289169252548,0.47917846507906325,1.5288275814281453,1.417486764390242,0.6658541457312516,0.19322745003128156,0.3280967815270164,0.5947055910931855,hjorth_mobility,hjorth_complexity,2.88797618982869,0.8221644935103821,-40.017127990722656,-300.29296875,76.171875,-37.59765625,1441.0853231311194,37.96162961637869,1716,eeg_data_level_2.csv,15,TP9,270.0078125,280.00390625
1717.384000687609,245.34057152680128,385.98477123825035,169.69020194650597,195.52780029648738,499.59388374984536,62.44923546873067,95.24408450074785,29.83960199870077,58.6461528244988,68.61962064433659,8.577452580542074,16.741363326592218,3.2938520846529626,8.036382077314933,82.10836575790103,2.160746467313185,7.047856516809191,0.46696302192035244,1.8790289317982416,105.15798548399258,1.194977107772643,3.1647841810397344,0.33631473420927194,1.1091888873653977,1.531542764515103,0.7100262127598063,0.14979202174307135,0.22357246484449353,0.31041386776821844,hjorth_mobility,hjorth_complexity,2.273230875301603,0.6938362142364112,-37.7227783203125,-316.89453125,90.33203125,-35.15625,1341.618774458766,36.62811453595129,1716,eeg_data_level_2.csv,15,TP10,270.0078125,280.00390625
109.13148618872926,15.590212312675607,22.883159904807183,8.244374702010271,16.38387819560732,67.37137007064754,8.421421258830943,20.060778627705147,1.6649385201453903,6.223706178783665,15.025511263929936,1.878188907991242,3.8390072972217157,0.7667934028394634,1.533501496912354,76.54455710107233,2.0143304500282193,3.2311309934117975,0.678857879988978,1.8593691780656667,101.30954715978822,1.1512448540885025,2.9359591002430663,0.275000091467914,1.0869026701729854,0.892192422834406,0.6140535267019568,0.20242344873438653,1.0310841422737462,1.4967910228036125,hjorth_mobility,hjorth_complexity,2.980851381232063,0.8090506075396705,-36.77330017089844,-116.69921875,39.0625,-37.109375,189.73492537043057,13.77443012869972,1716,eeg_data_level_2.csv,16,AF7,280.0078125,290.00390625
262.7965905479801,37.54237007828287,67.53717414261017,20.320500018599446,32.11884904080529,87.61709081261716,10.952136351577145,25.775445409326167,5.159395835098278,8.234945673462157,25.95740456829874,3.2446755710373427,4.1897155158621935,1.8252805862917836,3.2368994915119575,60.20634738720304,1.5843775628211325,2.8941184922319496,0.682338222096245,1.5176686708441691,63.167335795040394,0.7178106340345499,1.5702948581655258,0.19794287460804194,0.6713551445622572,1.2708729220931316,0.6104638410453157,0.2471715485467536,0.6516952493810695,0.7738541858133011,hjorth_mobility,hjorth_complexity,2.556279077673787,0.7689171554510056,-36.14978790283203,-118.1640625,34.1796875,-36.62109375,242.22078787715873,15.563443959392751,1716,eeg_data_level_2.csv,16,AF8,280.0078125,290.00390625
1970.0529393676914,281.43613419538445,356.44925362235443,172.79946695468726,303.6514988492367,474.992220629009,59.37402757862613,112.11412660330325,25.5190340959131,43.85083106208113,126.36591486191534,15.795739357739418,36.54667745015124,5.141258182755133,9.494637772303914,98.67819075567371,2.5967944935703606,5.779702680698798,1.0960882708221664,2.2599372990619115,290.6649050833675,3.303010285038267,105.1515377229027,0.3786265411635336,1.566858082710799,1.5266934577726097,0.5955231519493522,0.20948250864705117,0.22747765575322113,0.530441819222303,hjorth_mobility,hjorth_complexity,2.9145119588010826,0.8387737231033227,-35.04161834716797,-299.8046875,109.375,-33.69140625,1464.8329378906055,38.273135981920866,1716,eeg_data_level_2.csv,16,TP9,280.0078125,290.00390625
1817.0567090580382,259.57952986543404,329.99707654546296,149.8573960190376,283.23246788386734,452.9393167494244,56.61741459367805,96.02005304602704,18.357937228662717,58.33773739545198,87.75420917120707,10.969276146400883,21.963303487704227,4.747833518671516,9.740401761554224,64.88489950811733,1.7074973554767718,3.219709232244144,0.8460060589460898,1.5417588264324849,102.04661315741026,1.1596206040614803,2.7257786030399185,0.2357298717531752,1.0157437945706835,1.5968382278350834,0.6454462930264793,0.18161721202389808,0.18198615580054311,0.299924036249723,hjorth_mobility,hjorth_complexity,2.3616834385429106,0.7214209190851728,-35.23292541503906,-309.08203125,100.5859375,-34.66796875,1260.1139837352093,35.49808422626789,1716,eeg_data_level_2.csv,16,TP10,280.0078125,290.00390625
35.84423153465966,5.12060450495138,8.178237817138672,3.0842140653214845,4.872394277214549,25.899512480273202,3.2374390600341503,6.462442335932598,1.5787240889724101,2.2608848886496933,7.413273258243529,0.9266591572804411,1.858847340406206,0.5972027989318113,0.7927927518730117,48.83213561660025,1.2850562004368487,2.437782843574292,0.28177625401565254,1.1220185176505488,61.46741168038855,0.6984933145498698,1.7721806372495048,0.1648570306963434,0.6061474434214743,0.673302200186449,0.5379028891838631,0.2050396008330374,1.2611942206173157,1.7796803708385287,hjorth_mobility,hjorth_complexity,3.224095930145659,0.8258126868728233,-37.01629638671875,-79.1015625,7.32421875,-36.62109375,96.94443782791495,9.846036655828321,1716,eeg_data_level_2.csv,17,AF7,290.0078125,300.00390625
222.2782781189498,31.754039731278542,64.58213951967636,12.050959043492647,24.922719083862553,36.31271727144305,4.539089658930381,8.096907006642573,2.0707407811735123,3.9960527644958437,11.528368468534286,1.4410460585667857,2.416309826968403,1.0770745472308088,1.1818863356830804,50.75944523105181,1.3357748745013633,2.777959957354295,0.49071555820065904,1.129848918774306,55.09292112771935,0.6260559219059018,1.701796387969832,0.1816729003548194,0.5426101411047533,1.3286610144307545,0.3997787117753032,0.16160426404557532,0.7108791096438819,0.8791097416471958,hjorth_mobility,hjorth_complexity,2.852595164532167,0.7912548768011248,-35.60009002685547,-106.4453125,33.69140625,-36.1328125,208.8097662999644,14.450251426877125,1716,eeg_data_level_2.csv,17,AF8,290.0078125,300.00390625
1738.3974225103889,248.34248893005557,345.47871472742605,144.47370323325018,258.7975606268539,524.1455691241243,65.51819614051554,150.01325601435872,20.088287907934667,55.17020301456973,55.3491298597894,6.918641232473675,12.57542754888586,2.245825370610398,6.989232107898141,76.4118148394589,2.0108372326173396,3.612216462323844,0.9126201915434388,2.0122788729146444,277.2220046305174,3.150250052619516,107.82991745058757,0.3457811692276368,1.2154515294257746,1.5075328443247396,0.6837921908387694,0.11991487323444949,0.2020357035687684,0.5355195751987603,hjorth_mobility,hjorth_complexity,3.343506890521424,0.8726821898108469,-38.106346130371094,-285.64453125,69.82421875,-35.64453125,1295.0191765776253,35.98637487407735,1716,eeg_data_level_2.csv,17,TP9,290.0078125,300.00390625
1930.0094674342745,275.7156382048964,413.5490855069649,144.9764710859128,280.7461488589026,567.2799695753961,70.90999619692451,156.8534936322685,16.816092852793712,61.57792726200884,60.075856311676404,7.5094820389595505,19.85128895902429,2.45849965018309,5.9881455903294665,55.77898702627895,1.4678680796389196,2.955686522715482,0.483778475759522,1.349455725425605,82.893114899907,0.9419672147716706,3.540913660001978,0.41595505570727986,0.8727795104003646,1.5856985931787944,0.7162499728095184,0.1249547731513847,0.15191045290971245,0.23904782246284345,hjorth_mobility,hjorth_complexity,2.671267409887487,0.7226281095215755,-36.54766082763672,-303.22265625,74.21875,-35.15625,1290.1029642307549,35.91800334415535,1716,eeg_data_level_2.csv,17,TP10,290.0078125,300.00390625
349.2809372119719,49.897276744567414,77.27811602584808,25.77718935039237,46.45535059183376,94.60253281514295,11.825316601892869,20.777189989125404,5.687811140475034,11.887654339735422,19.61521341206778,2.4519016765084727,5.232315549032063,1.5302810189105027,1.7423762401257998,107.37944152180769,2.825774776889676,5.424119212053994,1.46699255065806,2.530927082862491,134.21031451509543,1.5251172103988118,4.905936006309617,0.35858258234729673,1.4368182031869634,1.2527468620479971,0.521673655631389,0.14917872936358478,0.802304934793829,1.102134072827626,hjorth_mobility,hjorth_complexity,2.719916319670206,0.7745380952460018,-37.911415100097656,-114.74609375,81.54296875,-38.57421875,359.91295790154254,18.971372061649692,1716,eeg_data_level_3.csv,0,AF7,120.0078125,130.00390625
1101.4582039822776,157.35117199746824,315.1546297498303,47.11101104733533,166.14335781659017,200.97346262846827,25.121682828558534,74.28547656144924,4.675217067970211,17.627944629565434,30.31953407001516,3.789941758751895,5.606091836474823,2.1690002273080595,3.556305324142218,81.34961258706245,2.1407792786069066,5.331460517966484,0.8370773292435519,1.9761367786426183,77.17022261902105,0.876934347943421,1.9395679073573149,0.2199045343877318,0.8160775198872015,1.5390580762374957,0.4952563819016377,0.11821234826734339,0.34546268137141034,0.37256687519834186,hjorth_mobility,hjorth_complexity,2.2201593373568183,0.6990223235203942,-37.555503845214844,-181.640625,89.35546875,-37.109375,687.3868332695565,26.218063110564756,1716,eeg_data_level_3.csv,0,AF8,120.0078125,130.00390625
3235.6160363797135,462.23086233995906,795.2370443747337,177.61311972576067,426.37665178787864,1326.1483066711219,165.76853833389023,331.3261134061378,55.66068689625192,125.23378190642245,161.34419612745577,20.16802451593197,35.207235367095535,9.175418398690308,17.643266915788953,221.90019420578133,5.839478794888983,10.032553572122858,1.9492188994465651,5.490443606155884,361.3517924980297,4.106270369295792,69.3348459068831,0.9150052254387931,2.8868492869866014,1.4105460771242866,0.8150743706197585,0.16381955427071326,0.27684908668996616,0.4435198096025864,hjorth_mobility,hjorth_complexity,2.5032075397290026,0.7640398701900645,-48.03886413574219,-347.65625,229.4921875,-43.9453125,2494.864474138012,49.94861834063093,1716,eeg_data_level_3.csv,0,TP9,120.0078125,130.00390625
3660.9453795074955,522.9921970724994,830.8476667751667,329.40527063913964,472.2311170753142,1159.2374875134092,144.90468593917615,280.302279693627,58.39412768911762,113.99109851784931,128.85368730877173,16.106710913596466,28.342384715719945,7.215157857707873,14.277275931380423,141.9764090496091,3.7362212907791865,8.413901577437493,1.4503718740585494,3.285852505040969,152.06068268338498,1.727962303220284,4.197612915067408,0.4246199103930972,1.5995322303743291,1.5556399057461918,0.7514425224797012,0.13735438903371888,0.1900209052149592,0.22520524523396307,hjorth_mobility,hjorth_complexity,2.1228615177913803,0.6601550390669525,-40.62042236328125,-279.78515625,109.375,-35.64453125,2480.9841974638402,49.809478992093865,1716,eeg_data_level_3.csv,0,TP10,120.0078125,130.00390625
80.77342815580765,11.53906116511538,22.745470795122166,4.000417684043868,8.10240401242943,39.84460186164401,4.980575232705501,9.470985795150547,1.6694174864171576,4.855537709281409,18.354712606942087,2.294339075867761,3.836342816720846,1.2890406811971007,2.259783194948885,54.51021114216223,1.4344792405832165,2.714272529111148,0.5370829483342013,1.4604504348236844,78.38804856398889,0.8907732791362374,2.4240740602724546,0.2159531814503303,0.8243953347411307,0.8551652270299337,0.5407297243705746,0.303059926821935,0.9892470585071594,1.534632378551748,hjorth_mobility,hjorth_complexity,2.7641426012908594,0.806214391726951,-38.56697082519531,-76.171875,37.109375,-38.57421875,149.38148073269986,12.222171686435265,1716,eeg_data_level_3.csv,1,AF7,130.0078125,140.00390625
120.93995340158594,17.27713620022656,32.14752172662228,5.0781335227853255,17.339952032550542,43.470563102861334,5.433820387857667,8.718193921001784,3.3206099614857445,4.663690858973913,17.38324217112529,2.172905271390661,2.9569215763584404,1.1367145902034907,2.381552078199432,45.662561718663824,1.201646361017469,2.6169742857628346,0.332279037964067,1.1242024010334228,52.34123673607836,0.5947867810917995,1.4375615100425614,0.20111117954935387,0.5834035671689617,1.1212166137911792,0.5816016827946026,0.2876221712693153,0.8465779970352085,1.0950234408495612,hjorth_mobility,hjorth_complexity,2.7154936915081405,0.7839770322268369,-38.134193420410156,-118.65234375,11.23046875,-38.0859375,142.4890008274815,11.936875672783122,1716,eeg_data_level_3.csv,1,AF8,130.0078125,140.00390625
1183.2224891042545,169.03178415775065,236.89335014458186,61.33659820698464,180.22530125626525,351.48034418634495,43.93504302329312,90.6917938397927,21.988039467794366,34.498460309951824,140.2094250069785,17.526178125872313,23.26209982526675,9.147575439750339,19.00019173424299,167.21319964509752,4.400347359081514,13.332615695369466,2.05805052923182,3.8073411176498846,288.2843571670761,3.2759586041713193,87.57260167887856,0.45995319429619624,1.676921572153809,1.351871770131905,0.6120648838232627,0.30771100526327033,0.4674748371332173,0.7170790803174033,hjorth_mobility,hjorth_complexity,3.1975601611732665,0.8292336284524269,-44.93751525878906,-302.734375,150.87890625,-44.43359375,1132.1078402397688,33.64681025357038,1716,eeg_data_level_3.csv,1,TP9,130.0078125,140.00390625
886.340081341549,126.62001162022128,182.39177028448242,61.96092449660235,124.31938467141688,375.4175001001212,46.92718751251515,88.81522204079599,9.55824793034487,37.34858348452699,68.03039095763896,8.50379886970487,12.171215076304424,4.4696812136301265,8.544705621127607,74.25373827794704,1.954045744156501,5.560363501637763,0.5864848123217594,1.768393361585158,76.50720458496846,0.8694000521019144,3.4369078853096746,0.176578797098365,0.8119142362293084,1.4207096430852402,0.8169869927596877,0.23129224933814208,0.32032504818714297,0.3715149400674462,hjorth_mobility,hjorth_complexity,2.4103323483256296,0.7328863876470775,-40.97328186035156,-277.34375,72.265625,-39.55078125,733.1142899056431,27.07608335608463,1716,eeg_data_level_3.csv,1,TP10,130.0078125,140.00390625
994.6330377414342,142.09043396306203,303.431410667198,21.28198866561329,121.89338328562627,33.83504854938748,4.229381068673435,12.057450836723524,1.663015251931766,3.087073025022173,20.67573043770968,2.58446630471371,3.4609408204125263,1.1154483657005536,2.7283419664286734,48.42673120577462,1.2743876633098585,2.4199226280917947,0.6339323355140977,1.2157130748877754,89.60963364159264,1.0182912913817346,3.0945257204394045,0.3001125425712414,0.9544812492194577,1.5059593966369598,0.14569485213076758,0.0999179605945422,0.25999962932295106,0.4936033171731814,hjorth_mobility,hjorth_complexity,2.9631608685838016,0.8315171732785426,-37.22248077392578,-88.8671875,206.54296875,-41.015625,703.1555880894302,26.517081062768394,1716,eeg_data_level_3.csv,2,AF7,140.0078125,150.00390625
15655.061418119609,2236.4373454456586,3447.3323762958885,812.1021417028364,2401.2079799980593,2021.7839276576726,252.72299095720908,517.1392565270947,142.0586302036817,196.4390564092986,768.2735814379566,96.03419767974458,148.02174681910802,66.10574801988508,86.02429085111058,635.2252399633559,16.716453683246208,68.97612155516565,6.939538799637244,11.147771955867329,178.3041560156046,2.026183591086416,6.565528741438104,0.5071937017971053,1.5502877748937975,1.654700276812981,0.43954173121275375,0.20826527029733494,0.22184562645207342,0.08226239934097217,hjorth_mobility,hjorth_complexity,1.7248249832054965,0.6044910102760317,-11.226463317871094,-158.203125,978.02734375,-30.2734375,10770.805070897039,103.78248923058763,1716,eeg_data_level_3.csv,2,AF8,140.0078125,150.00390625
1570.7535033071895,224.3933576153128,298.09175374108685,74.4878646145418,235.7081729693917,992.838623942219,124.10482799277737,199.4701846745529,66.23998894927723,107.50394042993932,250.7227795177992,31.3403474397249,60.024706481349504,13.520573740075807,29.237514162121496,261.179810656736,6.873152912019368,17.134406552995053,2.310389076664622,6.220022055720172,262.4929471724205,2.9828743996865965,75.04666609476614,0.5490624273505904,1.4982374616704992,1.231142583707979,0.945292293832991,0.3384564211794243,0.46863250271474977,0.46300669356181245,hjorth_mobility,hjorth_complexity,2.7287615759943367,0.7739064100532207,-43.53294372558594,-425.29296875,199.21875,-41.015625,1546.1713190597948,39.3213850094296,1716,eeg_data_level_3.csv,2,TP9,140.0078125,150.00390625
520.1211041966803,74.30301488524005,103.84059312028427,50.511021802436034,75.58015347708368,253.8961866891156,31.73702333613945,55.599030777373706,14.141263442841785,28.000687504166756,71.35183820661452,8.918979775826815,12.963021900269695,6.634630882630801,7.436035323717132,74.39170160139024,1.957676357931322,7.623995102213446,0.7578238047988906,1.7048352435894154,71.5708921050128,0.8133055921024183,3.257031521942197,0.22848400756636794,0.7482273015599166,1.3227573603957425,0.841983702270006,0.32903148973076385,0.4448581931890599,0.49271259761731623,hjorth_mobility,hjorth_complexity,2.2201593373568183,0.7283594409708984,-39.90898132324219,-214.84375,31.73828125,-39.0625,493.28900044201873,22.210110320347773,1716,eeg_data_level_3.csv,2,TP10,140.0078125,150.00390625
231.62305205931864,33.08900743704552,47.86180741666021,18.092181755798222,33.75742199645316,72.40828792437222,9.051035990546527,16.64146022259615,3.0957487214744237,8.295865086136814,21.04724343176903,2.6309054289711287,3.6547982704748523,1.8536481553160076,2.5641858376898785,37.48463296459754,0.986437709594672,1.6194934095207065,0.34184540063448626,1.0571137709562937,78.47116489625768,0.8917177829120191,2.3726448576661983,0.2445735799610937,0.8047065638671174,1.2751306486389875,0.5788099760305196,0.22930055836486168,0.48473976316614387,1.0216038404458132,hjorth_mobility,hjorth_complexity,3.007387150204455,0.8638254690156639,-39.33849334716797,-76.66015625,67.3828125,-40.52734375,221.71671556861838,14.890154988065719,1716,eeg_data_level_3.csv,3,AF7,150.0078125,160.00390625
311.73587823713456,44.533696891019225,81.07000130834857,24.612026382435527,34.992981442778735,52.86948040021043,6.6086850500263035,13.951878181226109,2.6305082680588066,6.124711492046163,26.056279660583705,3.257034957572963,4.849008590005189,1.640338188436947,3.2712800810857257,37.602906174805476,0.9895501624948809,1.5990703723280206,0.40833186539649075,0.9888877852970149,41.758515309577945,0.47452858306338574,1.2283450573087373,0.2011507035650263,0.4438557655975989,1.466208074708159,0.44951310821799906,0.2628152904226365,0.47048502103387024,0.5829012493798827,hjorth_mobility,hjorth_complexity,1.954801647632896,0.7496347393699629,-34.969329833984375,-94.7265625,60.546875,-35.15625,260.8080249046907,16.149551848416436,1716,eeg_data_level_3.csv,3,AF8,150.0078125,160.00390625
1968.1861104857976,281.16944435511397,367.6021466899087,189.2671752871367,272.1853763919642,919.3951526711885,114.92439408389856,198.76471967775353,47.95797739734998,121.13465916616389,176.66496855714948,22.083121069643685,32.387906858509865,9.6623401806805,23.178578414598427,225.66484330414607,5.938548508003844,22.475381952938708,1.8731134080007534,4.084875178503994,257.55824146264166,2.92679819843911,77.78066534654272,0.39169286763295547,1.5912367517780472,1.380961393615391,0.8545140559409092,0.24709811127409792,0.38703913461986383,0.43587533308344006,hjorth_mobility,hjorth_complexity,2.383796579353237,0.708901745817951,-42.35515594482422,-332.51953125,266.11328125,-41.015625,2022.939956477785,44.97710480319721,1716,eeg_data_level_3.csv,3,TP9,150.0078125,160.00390625
1059.796469014548,151.39949557350684,243.65759280578928,87.30610293050039,133.83968857370792,380.8707733290362,47.60884666612952,85.26579681417161,20.62472272229327,43.55716613741005,80.03299719500652,10.004124649375814,14.32902275653603,3.784943625516995,12.097776104130919,78.47026731857089,2.0650070346992337,6.573785878871567,0.6968343920781134,1.621470036720791,63.12504582263819,0.7173300661663431,1.910354549000346,0.21445292201590527,0.6740791708711225,1.472667344111569,0.7838178486410516,0.23902963677017341,0.3024589554083853,0.2880038932758469,hjorth_mobility,hjorth_complexity,2.144974658601707,0.6591897899953215,-36.17725372314453,-245.60546875,50.29296875,-34.66796875,730.9479446485057,27.03604898369038,1716,eeg_data_level_3.csv,3,TP10,150.0078125,160.00390625
87.36642353917983,12.480917648454263,14.842166075225087,9.607462428619565,12.624154603043893,49.07778038092715,6.134722547615894,9.188605583226824,2.2315891048486347,6.3960497958190405,10.480115695056178,1.3100144618820222,2.502727521983914,0.48996165778537265,1.2110436260744355,41.934382482694495,1.1035363811235392,1.798892678749762,0.38251380818346326,1.1346330029312188,61.18029223471792,0.69523059357634,1.841379303411752,0.22443938347587455,0.6572228651936691,0.980453337893551,0.6705267044680858,0.20116015212144156,0.8362068326788457,1.3165704159796383,hjorth_mobility,hjorth_complexity,3.078149200797501,0.8322022584234728,-39.916419982910156,-103.02734375,55.6640625,-40.0390625,181.02931757312035,13.454713581980121,1716,eeg_data_level_3.csv,4,AF7,160.0078125,170.00390625
402.5221657982778,57.50316654261111,93.62029338974699,18.3702245192005,57.34348250144764,122.4874966179997,15.310937077249962,28.70626719890943,2.671265581287704,15.745999531355903,25.48868766521643,3.1860859581520535,5.099357761270677,1.0878006675994643,3.1978357002530844,35.90183193832446,0.9447850510085385,2.23396958483469,0.27926530439673075,0.8605853170938724,42.00426336470176,0.4773211745988836,1.0202087637589954,0.17446323940990383,0.4520719987108718,1.424703308146528,0.6710191846405233,0.20507460324926152,0.3551865787311302,0.46324283325675425,hjorth_mobility,hjorth_complexity,2.2776535034636685,0.7163275004502222,-38.5986328125,-194.3359375,59.08203125,-37.59765625,440.44550508260727,20.98679358745893,1716,eeg_data_level_3.csv,4,AF8,160.0078125,170.00390625
1903.477568367074,271.925366909582,399.54117555586697,117.75030082217005,317.51288297353307,1014.8559882376022,126.85699852970028,221.10090245171665,61.508107831981114,102.84383576311352,329.70991311423575,41.21373913927947,63.65303933522072,19.096633650095825,43.42439955026155,350.76530404337177,9.230665895878204,22.9429528653355,1.6621719733952809,7.356132061651397,284.4762222186285,3.2326843433935055,99.8743088203403,0.4551782586246385,1.4110786377573095,1.2579910975292237,0.8590093800932821,0.3766863436594249,0.5242758473286944,0.4220020592333848,hjorth_mobility,hjorth_complexity,2.520898052377264,0.6863650162311954,-42.229652404785156,-316.89453125,292.96875,-40.0390625,2370.066337425669,48.68332709897372,1716,eeg_data_level_3.csv,4,TP9,160.0078125,170.00390625
559.7719889706208,79.96742699580297,120.59904855420794,54.6947176587959,71.37393017073964,277.38210584825663,34.67276323103208,65.88865133709818,8.55581095043222,27.693528340559944,57.59312297662017,7.1991403720775216,14.483856532313158,2.120635118121582,6.727796714375593,58.5270219984011,1.540184789431608,4.095432582378735,0.4491853217183545,1.4096076046415753,64.68528974271798,0.7350601107127044,3.7417372969980676,0.27544180446867317,0.6784863481698333,1.3563028109552702,0.8628234627133514,0.26802248728306977,0.35849042893447836,0.44313973495341696,hjorth_mobility,hjorth_complexity,2.096325748818988,0.6217468056896018,-36.98577880859375,-234.375,76.66015625,-33.69140625,866.1018661223352,29.42960866410451,1716,eeg_data_level_3.csv,4,TP10,160.0078125,170.00390625
484.84748626284266,69.26392660897753,112.7751393454564,13.089717795390088,77.31559729706429,97.0308007648213,12.128850095602662,21.758921777724478,6.595076614266858,11.179159001581432,31.666698320656764,3.9583372900820954,6.187238581385042,2.7676322878413013,3.426420975166313,84.2223014672467,2.2163763544012287,4.637665215782196,0.5155696246225288,2.01555342827488,118.07275159667336,1.3417358135985609,3.897591991005541,0.5288744119253663,1.0890206944466794,1.3524514817081195,0.47170038138950204,0.19633199753971872,0.5737786353012763,0.8661585252442991,hjorth_mobility,hjorth_complexity,2.7951009984253172,0.8236468752245294,-37.21923828125,-114.2578125,64.453125,-37.59765625,415.2350500226021,20.377317046721387,1716,eeg_data_level_3.csv,5,AF7,170.0078125,180.00390625
25528.9432578636,3646.9918939805143,4906.335190408902,1898.2656580699695,3709.0315093717154,13019.689142099083,1627.4611427623854,3816.2228641810557,527.7231976858386,1443.2223934480448,901.1205969903091,112.64007462378864,369.99955022627535,23.55925719244741,55.3732655863812,1021.9489296608341,26.893392885811423,90.03653613330623,1.7975346189771608,5.646827784889484,644.959382249298,7.329083889196568,11.11160582231448,2.3416371242716956,7.5479686855449994,1.4388935951838266,0.9325780716485348,0.11475075734746609,0.1607384095362436,0.1287292488005876,hjorth_mobility,hjorth_complexity,1.9857600447673536,0.5420507981218031,-10.163307189941406,-1000.0,976.5625,-26.85546875,21836.38260376029,147.77138628219026,1716,eeg_data_level_3.csv,5,AF8,170.0078125,180.00390625
4510.104250899421,644.3006072713458,1097.6124561196398,452.78084056066314,601.0300878553176,1960.8644799281287,245.1080599910161,529.3498130731209,74.30535706118752,188.48095363727447,166.655596303754,20.83194953796925,47.24890903200978,9.757179510317581,18.186779984460834,180.6952677098049,4.755138623942234,12.701908243224288,1.2886569246950992,3.35508876945287,315.32839242310257,3.5832771866261655,89.41580050319347,0.5736556420435327,1.6747720734614457,1.441016296239179,0.8279073958563709,0.12617274073277368,0.17050268446906394,0.2772713192803463,hjorth_mobility,hjorth_complexity,2.3041892724360604,0.7476837682496347,-38.55857849121094,-328.125,242.67578125,-40.0390625,3628.893510758644,60.240298063328375,1716,eeg_data_level_3.csv,5,TP9,170.0078125,180.00390625
6013.342618730023,859.0489455328604,1796.753697461698,286.23900749321945,637.3909527850165,1068.8943676823342,133.61179596029177,285.1034782834436,24.06605340183994,121.93056941854925,68.03097783746803,8.503872229683504,19.98368569120693,3.302395371042721,7.170745130498593,84.85604037339913,2.233053694036819,6.015310265720735,0.8711737571280629,1.8606755001245676,110.92439479163593,1.2605044862685901,3.554612705032441,0.3518468777066358,1.0545339256910502,1.561176954445925,0.540195940289105,0.06007745590807407,0.09012956757404395,0.12643379902841,hjorth_mobility,hjorth_complexity,2.003450557415615,0.648236100446301,-34.810829162597656,-421.38671875,211.9140625,-35.15625,3039.440126995032,55.13111759247251,1716,eeg_data_level_3.csv,5,TP10,170.0078125,180.00390625
9753.59793887628,1393.371134125183,3254.1107044772034,255.73074193758077,834.8821114971438,556.715155007178,69.58939437589726,161.4671517615091,18.76258766972868,55.449372991773785,63.63560487010427,7.954450608763033,17.04441090761732,1.2944178609918062,6.1464447062922325,62.939258633637095,1.6562962798325551,3.4096757212872886,0.6144644200847146,1.5848114283990382,150.765920895552,1.7132491010858182,5.667424644500681,0.5417358699244602,1.5160817313281716,1.544843579876154,0.2449425679109519,0.040364972713474265,0.049749126382899404,0.11787956832387307,hjorth_mobility,hjorth_complexity,3.144488623228482,0.8273760386463889,-32.06615447998047,-105.46875,741.69921875,-44.921875,6559.524006988795,80.99088841955492,1716,eeg_data_level_3.csv,6,AF7,180.0078125,190.00390625
53804.91287854655,7686.41612550665,13861.166903373072,1780.6719198011208,7482.885182223304,3733.2930699694166,466.6616337461771,1247.8395317297086,203.54811441178785,317.1465596441036,1114.7701800046227,139.34627250057784,198.36739706399942,92.86021197282528,136.27283848055401,1273.1669636918755,33.504393781365145,106.14769990400075,8.002901089500059,21.5142694496897,1114.2780877257478,12.662250996883499,19.518097402744857,7.681547022273005,12.722180947575234,1.5964035932258382,0.26522218061988967,0.10241342504152537,0.13961520559835527,0.14261347128702964,hjorth_mobility,hjorth_complexity,1.366592102078201,0.5492456174685385,-18.36071014404297,-1000.0,974.609375,-31.25,36690.048033451596,191.54646442430516,1716,eeg_data_level_3.csv,6,AF8,180.0078125,190.00390625
544.5603813279017,77.79434018970025,167.04774625627098,30.215648993943237,50.766961704678955,203.5667367060341,25.445842088254263,45.21744739263672,9.712660280675935,23.378311858232877,78.05940759036109,9.757425948795136,13.805546154461588,2.8908195887058508,10.758513068213052,112.99360789827479,2.973515997323021,6.710175395322221,0.8230061675863252,2.623736756449203,279.96681860131173,3.1814411204694513,90.85330580376989,0.44702318883938946,1.5431070215964107,1.1203644009569367,0.614422498842272,0.2946800976741869,0.5276672188502441,1.0638354449901415,hjorth_mobility,hjorth_complexity,3.1267981105802205,0.8621289353057419,-36.64093017578125,-151.85546875,131.34765625,-36.62109375,653.0467211268842,25.554778831500073,1716,eeg_data_level_3.csv,6,TP9,180.0078125,190.00390625
222.4764194296144,31.782345632802055,67.06860454066071,8.398914533527519,22.225439621577074,51.81831878928153,6.477289848660191,9.642139526535527,3.6212874276405733,6.258103148249163,41.28164221387766,5.1602052767347075,7.449268509087577,2.654291762382571,5.490939054383928,58.14797198250067,1.5302097890131756,4.938622699069513,0.4949528382326226,1.2385649100734775,71.89669642398178,0.8170079139088838,2.2498867927824344,0.25525397822492224,0.7101820574010329,1.1672330792089238,0.46539418407065986,0.3898232273770583,0.6844573818064509,0.9523255023841988,hjorth_mobility,hjorth_complexity,2.498784911566937,0.7791249988653445,-36.78169250488281,-108.3984375,25.390625,-37.109375,225.7236336299684,15.024101757841246,1716,eeg_data_level_3.csv,6,TP10,180.0078125,190.00390625
44.29479008382043,6.32782715483149,8.586435702387654,4.301435013189584,6.882044666616839,24.462956857307567,3.057869607163446,4.619728216354194,2.161160421651178,2.912008573461974,11.322063004803299,1.4152578756004124,2.0525178134672406,0.976724388096334,1.3903923720795581,47.838304732437535,1.2589027561167772,2.8956783922464666,0.462351056236626,1.1544303517007042,134.3804362515678,1.5270504119496342,3.6259650647931525,0.5032828295392526,1.4209326917594503,0.5635647562166844,0.37036973344313073,0.20076218615878333,0.8514756825686152,2.3246895927939475,hjorth_mobility,hjorth_complexity,3.7680791940797,0.9365209219354654,-42.221832275390625,-86.42578125,9.765625,-42.48046875,159.99653784092516,12.648973786079452,1716,eeg_data_level_3.csv,7,AF7,190.0078125,200.00390625
368.95183154024926,52.70740450574989,77.96064172549069,36.395215026452085,50.542522563362404,126.78805923510316,15.848507404387895,26.007359719025384,5.309080932657022,13.047413860950615,27.55794839280404,3.444743549100505,5.231898491664676,2.15260123607317,3.2849026953353277,47.9575830546879,1.2620416593338921,2.618686462390216,0.34949198386147856,1.2193822324874293,61.9399636686867,0.7038632235078034,1.5149499275305696,0.19261430168978358,0.6700603403796517,1.390630342665653,0.6874801746165232,0.21635922177261774,0.4470198050818959,0.6336015443393617,hjorth_mobility,hjorth_complexity,2.445713373622153,0.7918254229687669,-26.55487060546875,-116.2109375,99.12109375,-26.3671875,332.75445690378547,18.241558510823175,1716,eeg_data_level_3.csv,7,AF8,190.0078125,200.00390625
1702.111479349746,243.15878276424945,398.0908024494381,133.7966153432532,233.36027968729326,747.2858774823137,93.41073468528921,185.34952787092777,30.295314103006792,86.49840429790851,204.08711036272396,25.510888795340495,46.174533007449135,16.244081364033985,19.90287348229164,210.58327820849215,5.541665216012952,18.079356269833355,1.5802323167830095,4.319188030667764,307.1955979267519,3.490859067349453,100.8620198581914,0.5968174000272202,1.7221471191414843,1.327816118176428,0.7849841925571044,0.2984076035693767,0.3972815069219491,0.5325139326578864,hjorth_mobility,hjorth_complexity,2.6137732437806367,0.8092326226625788,-38.52882385253906,-331.0546875,156.25,-38.0859375,1460.848736896878,38.22105096536303,1716,eeg_data_level_3.csv,7,TP9,190.0078125,200.00390625
890.1146553935023,127.15923648478604,145.64663948003005,98.45084749440873,130.67653197125094,456.97258244393214,57.12157280549152,93.10517954609946,26.78490893015687,54.206519318885924,115.19162298524809,14.398952873156011,21.36017869748114,6.162550120909824,12.629034275199295,80.65211958381772,2.1224241995741506,6.784432154601059,0.7342156584885089,1.3325106869448937,82.09186430213977,0.9328620943424973,3.6211245746997887,0.1750736583723439,0.8723443459794935,1.373264801962642,0.9052649159546634,0.32430356293753404,0.31206925692964427,0.36527731418277,hjorth_mobility,hjorth_complexity,2.6933805506978135,0.7208258346503328,-37.496376037597656,-284.1796875,53.7109375,-36.1328125,742.8872267701081,27.255957638103787,1716,eeg_data_level_3.csv,7,TP10,190.0078125,200.00390625
42.91503423543869,6.130719176491241,8.992274961797655,2.0661110437389683,6.697569342806432,16.501278112229365,2.0626597640286706,2.8557972121357764,1.1607691897648975,2.1562731379281,8.971651620839896,1.121456452604987,1.921524021578037,0.5390467514249068,0.9698275961888294,41.87927300569863,1.1020861317289112,3.087673024636624,0.21795781392526536,0.9826851924322394,134.09956107383795,1.5238586485663403,4.34262953175774,0.5045216334698683,1.1279653189506453,0.5717316476586957,0.285790628296525,0.1735301294140481,0.8065797825097867,2.4171983108452837,hjorth_mobility,hjorth_complexity,3.785769706727961,0.9607390877674472,-41.1865234375,-84.47265625,-3.90625,-41.015625,139.23201709985733,11.799661736670986,1716,eeg_data_level_3.csv,8,AF7,200.0078125,210.00390625
398.40451568854724,56.91493081264961,115.50010131715752,19.745954472387243,52.20382354718556,85.34116753294724,10.667645941618405,14.984610649992915,6.643125784887451,10.861105313108983,23.868059626087536,2.983507453260942,5.747131291882038,1.5318686725842325,2.6015016098044805,34.8904557840963,0.9181698890551657,1.649019633386789,0.3805035906200042,0.8462844836352563,70.2918150921887,0.7987706260475989,2.144016178830204,0.2867970170830139,0.700391332059146,1.3700534676075975,0.5297230810705946,0.1914373116204366,0.34594905518628977,0.7065443230886417,hjorth_mobility,hjorth_complexity,2.719916319670206,0.8307248144734822,-34.107017517089844,-138.18359375,57.12890625,-33.69140625,336.40715260844445,18.341405415301317,1716,eeg_data_level_3.csv,8,AF8,200.0078125,210.00390625
589.1367303436421,84.16239004909173,146.94007033674788,59.08422714171844,65.18291543952434,284.66097665758,35.5826220821975,50.17621963988644,19.681517656561237,35.62493131397868,122.22724104477392,15.27840513059674,28.296172048198528,5.01230657656672,13.198064756144305,133.05311509183343,3.501397765574564,10.121067900509967,1.200739520060225,2.7391080855581436,291.03268181223433,3.3071895660481174,99.40664373643352,0.41891120269073034,1.5379403512761742,1.1221756232737714,0.7128986460591367,0.36814422066115265,0.5315613397926509,0.9575682294094019,hjorth_mobility,hjorth_complexity,3.520412017004039,0.8752999753098472,-36.82823181152344,-269.04296875,56.15234375,-35.15625,728.4508364682551,26.989828389010835,1716,eeg_data_level_3.csv,8,TP9,200.0078125,210.00390625
699.5935589734962,99.94193699621374,158.15840014242093,61.62470203637665,87.45894415707835,285.2459152889254,35.655739411115675,68.77347461858149,15.926908354609006,32.89044246753804,83.9867342682879,10.498341783535988,17.433156497607605,3.9763017643693703,10.685001437755492,68.17609122304107,1.7941076637642386,4.636291470120845,0.39124142306784254,1.4600213406412532,74.69818192669868,0.8488429764397577,2.840345577007745,0.22259993801812936,0.7598623580064765,1.3759832531272231,0.7878431256632354,0.3142289291857401,0.3479167130240714,0.4280742342306971,hjorth_mobility,hjorth_complexity,2.547433821349656,0.733761578980425,-34.140968322753906,-227.5390625,62.01171875,-34.66796875,646.5361363007105,25.42707486717083,1716,eeg_data_level_3.csv,8,TP10,200.0078125,210.00390625
44.998560490531005,6.4283657843615725,9.35150478739186,3.355508511888656,6.95067285075496,25.493960221599327,3.186745027699916,5.746376556027429,1.4557585168943747,3.111730681950873,8.743219582392033,1.0929024477990041,1.9858733856465238,0.5215156132867074,0.9876092876377027,45.38065473499844,1.1942277561841694,3.1671991078409865,0.28763368941970335,1.0157973654744303,122.10862939974632,1.3875980613607537,4.604353914542332,0.4287555592365917,1.185434983742525,0.5963714670344578,0.39965741250697456,0.17048056324813096,0.8607319113433705,2.2484147633528573,hjorth_mobility,hjorth_complexity,3.8211507320244844,0.9454432285336144,-40.62385559082031,-80.56640625,3.41796875,-41.015625,138.80003112717532,11.781342501055443,1716,eeg_data_level_3.csv,9,AF7,210.0078125,220.00390625
321.26191071730597,45.89455867390085,94.02052753989784,19.612374678144857,25.673440094712035,78.82657197896658,9.853321497370823,14.138973138823593,5.733031891949195,9.020587233700358,17.50394086238595,2.1879926077982437,4.343101359027121,1.3511444393693441,1.9327290256446934,34.92615639661187,0.9191093788582072,1.7780530573053055,0.34627411103577965,0.8765364022347142,67.20926100990266,0.7637416023852576,1.5067862386381543,0.25643650413204966,0.7312068323109157,1.3189640369077702,0.559902564959775,0.17033592970966208,0.3937713852950376,0.7808152576570433,hjorth_mobility,hjorth_complexity,2.733184204156402,0.8463115615687771,-34.96551513671875,-120.1171875,36.62109375,-35.15625,244.86457696184516,15.648149314275,1716,eeg_data_level_3.csv,9,AF8,210.0078125,220.00390625
1403.4638530982074,200.49483615688678,389.7572694251586,63.52523231796368,138.96106047383697,562.0026631902093,70.25033289877616,94.06828990845791,26.521480200772306,73.79781905477743,107.76843080851145,13.471053851063932,25.632622373702464,6.454698279371129,10.954452455342764,122.31201225475692,3.2187371645988665,7.238657583276536,1.3536161761416676,2.8080243225391577,288.8576382241961,3.282473161638592,93.82696124923535,0.44881321665653906,1.6016304393507994,1.3164074364048393,0.7838408332177595,0.21722546500224293,0.3168954525561083,0.623865051001576,hjorth_mobility,hjorth_complexity,3.4540725945730584,0.8449976401178759,-39.23530578613281,-311.03515625,123.046875,-37.59765625,1160.696461884072,34.068995610144896,1716,eeg_data_level_3.csv,9,TP9,210.0078125,220.00390625
1091.6682635471693,155.95260907816706,223.0701279216132,95.66524133256547,140.20252426818442,509.0948917145331,63.63686146431664,133.85526035579198,17.666726050476072,56.96640046874974,83.32366294529056,10.41545786816132,18.390162275279774,4.093572620211204,9.191870043067567,56.99565804870318,1.4998857381237678,3.885495607031222,0.5170232305656933,1.2884803415597386,72.61990520844628,0.8252261955505259,3.4204642885907113,0.3125906643398773,0.7319515616760426,1.4421138692624793,0.8874407562136797,0.2286227771849766,0.21639960586092408,0.29925179751857217,hjorth_mobility,hjorth_complexity,2.547433821349656,0.7178254922828966,-38.530540466308594,-314.94140625,60.546875,-37.109375,850.4285025628633,29.16210730662075,1716,eeg_data_level_3.csv,9,TP10,210.0078125,220.00390625
45.71054494371025,6.530077849101464,9.401729194656216,4.00501728736701,6.346294506634329,24.145697362830568,3.018212170353821,5.3315132636428055,0.6768705044261831,2.8714883029229945,14.35732945310458,1.7946661816380725,2.1875138735718314,1.186430434426969,1.8321448072082294,45.9425159045792,1.2090135764362948,3.191054018156956,0.3463078276396822,1.1077877791519375,168.74485050433742,1.9175551193674707,5.609997723317611,0.5844868796865735,1.5723661757765133,0.5192260200647397,0.3239522677940495,0.21858639261925383,0.7386700080348213,2.4704043485337177,hjorth_mobility,hjorth_complexity,3.732698168783177,0.9574695560534541,-39.301109313964844,-91.30859375,18.5546875,-39.55078125,168.7770403441391,12.99142179840756,1716,eeg_data_level_3.csv,10,AF7,220.0078125,230.00390625
269.0771603712947,38.439594338756386,83.01114242543514,10.72858344476212,42.29407930323082,89.51595121817033,11.189493902271291,16.28829248706521,6.545327223842755,11.500975447574518,25.694340474237258,3.2117925592796572,5.826587279390108,1.3602723783296324,3.2263426216492928,41.04993923219838,1.0802615587420628,2.0795583615430386,0.5096495038736893,1.0626864274216206,70.46699384606134,0.8007612937052425,1.871085547506099,0.25259014883811687,0.6875951084661045,1.253737878010626,0.6498869502981311,0.24376782220460705,0.4791686084367563,0.8549008596347618,hjorth_mobility,hjorth_complexity,2.9145119588010826,0.8203246939019808,-35.79254150390625,-110.83984375,61.03515625,-35.15625,295.23510253056884,17.18240677351601,1716,eeg_data_level_3.csv,10,AF8,220.0078125,230.00390625
343.90231545665176,49.12890220809311,96.58632791052644,26.901159943752575,38.35677657802333,174.85771367809087,21.85721420976136,35.95898225934481,5.119701380082509,23.457468374968403,102.33398338922152,12.79174792365269,21.60037697049553,1.839574340761136,13.236541390594702,96.68945280947607,2.5444592844598963,4.818344383877948,0.9223175210411454,2.207943830677717,310.0009698821417,3.5227382941152467,105.06443915844783,0.4937575542111239,1.6655588685917841,0.9462551621530441,0.6053379768188336,0.4060987354786765,0.5333176534733072,1.292801262976492,hjorth_mobility,hjorth_complexity,3.250631699118051,0.8829066817126692,-40.11249542236328,-210.9375,54.19921875,-39.0625,623.9344458663254,24.978679826330403,1716,eeg_data_level_3.csv,10,TP9,220.0078125,230.00390625
159.1831358036542,22.7404479719506,33.984188148634196,16.40451405710358,23.126009262331245,81.59167831193423,10.198959788991779,21.3537021638303,5.156285681860592,7.058552308496617,39.35304760690872,4.91913095086359,8.048284897691211,1.9261883743457489,4.59734116975792,64.38320478352148,1.6942948627242493,3.779444779760725,0.3221359443327425,1.529001368678732,89.55121199925728,1.017627409082469,3.754646452476226,0.2951354519971694,0.9283281795893559,1.0255387166186682,0.6463322194406107,0.37907895399409985,0.7618324230964096,1.1594640380961558,hjorth_mobility,hjorth_complexity,2.6668447817254215,0.7727471777598661,-38.33274841308594,-186.03515625,56.15234375,-37.109375,339.4553366524633,18.424313736268804,1716,eeg_data_level_3.csv,10,TP10,220.0078125,230.00390625
46.41124927329621,6.630178467613744,12.513151744056106,2.7577565668211883,4.926379150674031,23.449156683250436,2.9311445854063045,3.91937896558788,1.8385898019101268,2.953432627514548,11.22142885244292,1.402678606555365,2.0734703782634814,1.060206457218587,1.2419529413236057,57.71570169749315,1.5188342551971883,3.3324610487340256,0.40822701355181007,1.3487338913038047,168.99601111121757,1.920409217172927,6.153133304910036,0.47826245120058863,1.5315623268178178,0.5095446165783626,0.31929149685125724,0.17608821313806813,0.8838824527410363,2.4484068667442846,hjorth_mobility,hjorth_complexity,3.7282755406211114,0.9507173323029803,-39.36576843261719,-97.65625,11.23046875,-39.55078125,172.27590651600622,13.125391670956194,1716,eeg_data_level_3.csv,11,AF7,230.0078125,240.00390625
345.4594354317776,49.35134791882537,105.67653084852114,26.18571460281015,32.22762658719791,88.62759325768606,11.078449157210757,26.57900478567745,2.3274767305126733,7.915974925515517,28.787077439705662,3.5983846799632078,4.748780754432626,2.846434588094615,3.2124881416815136,44.68564368670242,1.1759379917553268,2.6447033457284714,0.5451071456083464,1.070976599952774,77.79844222393787,0.8840732070902031,2.7216914118713773,0.2518660007420527,0.7835743592606901,1.350651421849833,0.5442219084187003,0.24047321745931124,0.4511336032926891,0.8179754050537824,hjorth_mobility,hjorth_complexity,2.600505359294441,0.8326792962282814,-36.30390167236328,-126.46484375,24.4140625,-35.64453125,288.75569809315493,16.992813130648937,1716,eeg_data_level_3.csv,11,AF8,230.0078125,240.00390625
909.7344079114145,129.9620582730592,159.8606828220877,73.33309275218936,135.6045573275954,490.4183310759268,61.30229138449085,103.0052031816742,27.31061854502296,64.64476831698451,190.71868075173848,23.83983509396731,43.59656083726015,11.500634348932847,20.63521556890349,188.75140959260347,4.967142357700091,14.724587975078444,1.3318796388038265,4.024182204586417,306.12947484522095,3.4787440323320564,94.44746180547504,0.6570747247164568,1.8047180121011959,1.1781565378490475,0.7893019158492153,0.39227088158261514,0.5206810939591973,0.7669488211245965,hjorth_mobility,hjorth_complexity,2.7243389478322713,0.8062305815411509,-39.81666564941406,-256.8359375,166.9921875,-38.57421875,1121.5313266438898,33.48927181417789,1716,eeg_data_level_3.csv,11,TP9,230.0078125,240.00390625
419.28661863546097,59.89808837649442,94.74927385071618,35.306353476752406,54.63373044310922,267.06757399333975,33.38344674916747,59.723304564533265,12.98180486835662,28.149868248731075,72.38138215603499,9.047672769504373,16.404035090529653,5.060307140549645,8.100829951502575,84.94360680506188,2.2353580738174177,5.67577613098834,0.9095219006463449,1.750360886429101,89.18338390401472,1.0134475443638036,3.9836803390770865,0.29222711581484184,0.9104472566305977,1.1842689820490482,0.9019928126472352,0.34555153162904123,0.5231893775438318,0.6263446564161866,hjorth_mobility,hjorth_complexity,2.5032075397290026,0.7557439081828371,-38.44757080078125,-249.51171875,46.875,-38.0859375,427.2615327499807,20.67030557950174,1716,eeg_data_level_3.csv,11,TP10,230.0078125,240.00390625
166.41813196422373,23.77401885203196,30.770978839091228,14.123466859286083,25.37534019920372,48.38796784562686,6.048495980703358,13.743522626659477,2.6601088529669306,5.130352396701449,15.86552121612554,1.9831901520156925,2.8694792316204354,1.4567441210146659,1.940213379579478,56.58305070005476,1.4890276500014412,3.607351212837886,0.5404175792891744,1.3448551210460056,215.9638135720629,2.4541342451370785,7.298324257284337,0.6747659364352341,1.9724688684101708,0.9318847499560224,0.37846002284135843,0.1592018123186474,0.5906683601818421,2.0332035819319283,hjorth_mobility,hjorth_complexity,3.5955966957591503,0.9576262639273133,-37.01591491699219,-98.6328125,46.38671875,-37.109375,258.52026519714855,16.078565396115057,1716,eeg_data_level_3.csv,12,AF7,240.0078125,250.00390625
404.66647512625906,57.809496446608435,119.2222689594963,17.698366502541603,37.096145490115276,76.99142338091963,9.623927922614953,14.960586387652231,5.238174764495977,9.501679124465843,28.038193210461067,3.5047741513076334,5.653212402076365,1.9154805154671675,3.0864934511770903,45.311656108443316,1.1924120028537715,2.304499604452523,0.43470974045029054,1.0167174628881765,113.42034681287129,1.288867577418992,3.3595436781177686,0.24666792747087107,1.0552769445434969,1.2990783908372374,0.44846370095790905,0.20150539990284833,0.3896222429499239,0.9584665418787104,hjorth_mobility,hjorth_complexity,2.556279077673787,0.8782852710598353,-32.964324951171875,-133.30078125,31.73828125,-33.203125,352.3977188160643,18.77225928906972,1716,eeg_data_level_3.csv,12,AF8,240.0078125,250.00390625
1170.6096547331488,167.22995067616412,270.55143871896894,41.21041982957161,156.83401319424712,577.5115677080635,72.18894596350793,130.5441894859506,18.89921081329615,67.15545994568649,166.7501482862988,20.84376853578735,34.20149518858322,11.477284561574143,21.25964807008504,162.05810180565015,4.264686889622372,13.973788669491649,0.9767256727861731,3.347966751762927,336.8659346105311,3.8280219842105807,109.97438298848408,0.6023188494304369,1.8759381922604108,1.2300789245686194,0.7909658244240855,0.3191870604948348,0.40501176355600443,0.7270820086091059,hjorth_mobility,hjorth_complexity,3.250631699118051,0.8441595452222356,-39.78252410888672,-252.9296875,186.5234375,-38.0859375,1115.3877107062726,33.39742071936503,1716,eeg_data_level_3.csv,12,TP9,240.0078125,250.00390625
1004.5067118511496,143.50095883587852,203.59165860815446,64.71023376804318,129.83109447752872,393.3355084069016,49.1669385508627,96.79793886428152,21.21182147803444,42.975554819150005,68.16644786266649,8.520805982833311,13.83524578969972,5.7919600449143855,7.865888725793832,62.12665885004,1.6349120750010526,5.275168981654822,0.4383051802962515,1.5290617571002691,96.15038989167294,1.092618066950829,3.7117223790159932,0.44313196694654416,0.9781842854721541,1.4479441699264486,0.8070850465134655,0.21432297863980432,0.2541222701547473,0.41691499220709316,hjorth_mobility,hjorth_complexity,2.6579995254012907,0.75844942145047,-36.63368225097656,-242.67578125,52.24609375,-35.15625,712.4385143106338,26.6915438727443,1716,eeg_data_level_3.csv,12,TP10,240.0078125,250.00390625
70.20602815679561,10.029432593827945,13.893400919129217,5.821586474805896,10.21071645644175,23.73191308819397,2.9664891360242462,9.034287278638557,1.2237209350675409,2.064876959868139,11.978786142156599,1.4973482677695749,2.013635225518593,1.2419113278754166,1.3837138932215924,66.17906452226016,1.7415543295331621,3.6442139031256064,0.5110090163909335,1.4171289262430822,170.37120152000415,1.936036380909138,6.1904771692196885,0.7206822060120971,1.6039362176901388,0.6496446478575727,0.2809381339522825,0.1694109615083645,0.8927093435328207,2.239366718646834,hjorth_mobility,hjorth_complexity,4.033436883803622,0.9494466116455648,-39.87407684326172,-104.98046875,10.7421875,-40.0390625,194.64220149529865,13.951422920093085,1716,eeg_data_level_3.csv,13,AF7,250.0078125,260.00390625
276.4911299857373,39.49873285510533,76.53956905349145,19.532528647564522,31.331795100875215,71.92350511168858,8.990438138961073,18.725556481391656,4.07962998877512,7.32013729638,19.949132146835286,2.4936415183544107,3.355469057739364,1.2268729544184898,2.6960337158736234,43.786884103959736,1.152286423788414,2.5678763207698365,0.35516489145266106,1.0022021535567656,96.04277053821998,1.0913951197524998,4.443915264001941,0.3190061819649661,0.9278367312996241,1.2658358436589872,0.5211582058031416,0.19488588035019255,0.4846854021577334,1.067637740836793,hjorth_mobility,hjorth_complexity,3.073726572635436,0.8790007055423379,-34.581947326660156,-115.234375,32.2265625,-34.1796875,264.9187619317672,16.27632519740765,1716,eeg_data_level_3.csv,13,AF8,250.0078125,260.00390625
528.2665052481719,75.4666436068817,126.99501800781107,29.26752823022949,74.90390991896462,203.45958841934612,25.432448552418265,47.31972917760936,13.645737382266423,20.929049864287272,98.07446983135405,12.259308728919256,23.63403453070118,4.6867084639536385,10.467281268173458,123.77313417342216,3.2571877414058465,10.479628155078355,1.2939805194380662,2.516414649635822,313.3030670894663,3.5602621260166627,101.64947971762489,0.6255288419152748,1.6226041563668625,1.1185757205538263,0.5960553161253307,0.339100801423037,0.5469625626559597,1.1272549833408592,hjorth_mobility,hjorth_complexity,3.4231141974386006,0.8819198670342664,-40.081024169921875,-210.44921875,96.6796875,-39.0625,656.3064729562029,25.618479130428547,1716,eeg_data_level_3.csv,13,TP9,250.0078125,260.00390625
320.9612835129766,45.85161193042523,74.00163744470302,17.37176907216717,44.07316804831427,154.51983345992966,19.314979182491207,31.5904436252408,12.396904800219279,17.792913278583505,65.09491348860846,8.136864186076057,14.153399098003412,3.387741363994706,6.818098285786103,72.75580792634602,1.914626524377527,6.98491232517223,0.34908726550547636,1.494959477888429,84.1109787077961,0.9558065762249556,3.3365462284394933,0.20403869423861906,0.8443009755644943,1.1862077406172233,0.7582925932993014,0.39343709906077506,0.5717081755720845,0.7492347512166333,hjorth_mobility,hjorth_complexity,2.865863049018363,0.7891193638719489,-37.011146545410156,-213.8671875,40.0390625,-36.62109375,346.2960381511948,18.609031091144825,1716,eeg_data_level_3.csv,13,TP10,250.0078125,260.00390625
788.3821462761371,112.62602089659102,281.4805420745213,25.45137422906052,69.169686919683,225.65778038131748,28.207222547664685,58.66296664848884,7.0864007093358286,25.128271024296655,35.6784496734019,4.4598062091752375,7.88750204397965,2.5185538971296415,3.9158603507910037,138.74887762754102,3.651286253356343,6.8048370192595415,0.6857181270723849,3.3988869209952526,235.25491289933905,2.6733512829470345,10.057689441131355,0.6255445930689763,2.095639790096776,1.1849238652415561,0.5535355505288639,0.13444174362499736,0.5415982712156269,0.9507207321241721,hjorth_mobility,hjorth_complexity,2.7597199731287945,0.8574730120324238,-39.63489532470703,-198.73046875,69.3359375,-39.0625,709.3749037812813,26.634092884520797,1716,eeg_data_level_3.csv,14,AF7,260.0078125,270.00390625
2015.9485571118032,287.9926510159719,614.8598185146167,112.69827747055771,189.72111683686998,655.8776554732519,81.98470693415649,202.88769032132976,7.933583444379688,53.267591035740075,44.504223758966376,5.563027969870797,7.16551974406264,4.031185934298503,5.330175514034067,114.50604928967243,3.013317086570327,5.999922599441392,0.4471199784925599,3.0329371439753765,145.99220449616593,1.6590023238200673,4.255879047548216,0.5745486660768739,1.4907573157102953,1.4075432878628362,0.7102768342395953,0.09181807705127767,0.254579932476069,0.35575687177807874,hjorth_mobility,hjorth_complexity,2.003450557415615,0.763946342142382,-37.822723388671875,-245.60546875,185.05859375,-42.48046875,1628.9992345264181,40.36086265835281,1716,eeg_data_level_3.csv,14,AF8,260.0078125,270.00390625
27362.56358138137,3908.937654483053,12617.60631689042,251.32475633050535,639.1730990781778,924.1920389713908,115.52400487142386,274.66271804633425,13.884616410280996,68.41875817566019,147.52133552151992,18.44016694018999,42.323512591205244,9.716780586936146,15.38584429270242,190.529673846966,5.013938785446474,11.290847648953354,1.8330510558245225,4.207712059349767,420.3461025224192,4.776660255936582,105.56833745841489,1.2178698409125852,2.7176953643838955,1.1842448848637237,0.1438341441693221,0.032196384822420945,0.04908696609975918,0.10006240248571877,hjorth_mobility,hjorth_complexity,2.2201593373568183,0.8042908408769934,-39.80579376220703,-274.90234375,839.84375,-48.828125,17666.70781475113,132.91616837221548,1716,eeg_data_level_3.csv,14,TP9,260.0078125,270.00390625
6942.772482263385,991.8246403233408,2757.685003916114,116.40329471169603,383.6994300572669,666.679599898977,83.33494998737213,219.6184960463246,15.662565811938228,48.05539090606851,86.88020766261775,10.860025957827219,24.076336342532475,5.734425037378672,9.472789240629037,117.46225803001825,3.091112053421533,8.59510671775058,1.1757418860045465,2.977330074275633,182.0110125877474,2.068306961224402,6.4418797472965235,0.5609460737812282,1.7507234149182604,1.4155451877352954,0.346432426924777,0.06870131078225504,0.11063678775059634,0.17975647585489896,hjorth_mobility,hjorth_complexity,2.202468824708557,0.7268971880739302,-38.89884948730469,-475.09765625,230.95703125,-37.353515625,3569.9027065129485,59.74866280104475,1716,eeg_data_level_3.csv,14,TP10,260.0078125,270.00390625
73.06834146524933,10.438334495035619,15.888527525818123,4.896786653480608,11.510171186053926,25.45709568526989,3.1821369606587364,5.117619022801995,1.6413834861679903,3.0783367920199343,14.934906200196258,1.8668632750245322,2.6998373183662485,1.3374481984182272,1.7806674757127894,82.6116062433867,2.1739896379838606,4.944564007201171,0.7297724810439731,1.9230802113787515,186.27253853372258,2.1167333924286655,5.444324339036173,0.6055599531028616,1.914757855491356,0.6203389065156872,0.2859600998346164,0.18801000119192274,0.9958025102179855,2.2538637938989163,hjorth_mobility,hjorth_complexity,3.7061623998107844,0.9345428170922414,-40.21739959716797,-90.8203125,8.7890625,-40.0390625,219.72130107315024,14.822999057989252,1716,eeg_data_level_3.csv,15,AF7,270.0078125,280.00390625
347.47298128049346,49.63899732578478,100.57322906040179,23.061560341502194,45.200960923356384,78.67639898259787,9.834549872824734,16.716564696232933,6.369668553902377,7.759521436647384,29.99160020150894,3.7489500251886176,6.214624140371629,1.9629718434052323,3.2826655132261173,59.360013065501306,1.5621056069868764,2.970133241801938,0.4810540489946086,1.475255076968832,95.23244724423434,1.082186900502663,2.372718655755096,0.2602295120231242,0.9352424128283949,1.320928248438528,0.501979695214774,0.23646556712983152,0.5471971541910825,0.9319178669606037,hjorth_mobility,hjorth_complexity,2.5120527960531334,0.8338955691470571,-35.92643737792969,-94.7265625,30.76171875,-35.64453125,316.6685519681778,17.795183392372717,1716,eeg_data_level_3.csv,15,AF8,270.0078125,280.00390625
216.18236511816227,30.883195016880325,42.137868711072414,13.199458051913846,34.14179650333411,160.6856729854498,20.085709123181225,27.636281591071793,9.808797938849871,19.924306262343105,86.50019515270412,10.812524394088015,15.446677860971725,7.067713604706682,10.431141889796415,125.89831691229968,3.3131136029552546,8.03588753621793,1.71001012538799,2.8135225739174907,326.47984308742167,3.709998216902519,97.0087885950357,0.7019057206823811,1.9855832551665311,0.7573306613542652,0.6367936217668563,0.3989338470167437,0.7275344948708872,1.5393273682890398,hjorth_mobility,hjorth_complexity,3.560215670462627,0.8895667373224376,-38.54541778564453,-221.6796875,109.375,-37.59765625,523.4951240345254,22.88001582242734,1716,eeg_data_level_3.csv,15,TP9,270.0078125,280.00390625
147.76772961948373,21.109675659926246,25.627297400684487,13.074701211496665,23.48981204966845,59.66284682461668,7.457855853077085,13.444210975823138,4.518376311487935,6.904072346886944,42.13949956847494,5.267437446059367,8.682962823923674,3.609673822909937,4.9828826493283715,71.0379052171013,1.8694185583447709,6.750587197158579,0.7195010788803998,1.6013962880165569,95.50107189095114,1.085239453306263,3.020462888869648,0.3190448445641412,1.005146430155859,0.9924306684940197,0.5333932888571916,0.409654709976329,0.837008771996838,1.2522691725426283,hjorth_mobility,hjorth_complexity,2.8216367673977096,0.8125587119266853,-38.71498107910156,-102.5390625,10.25390625,-38.0859375,233.4217772295233,15.278147048301483,1716,eeg_data_level_3.csv,15,TP10,270.0078125,280.00390625
111.35117788176902,15.907311125967002,29.076275131355843,5.281141058972533,16.572714506585715,22.881676688791693,2.8602095860989616,4.195573121247205,1.892617221383025,2.894887090229615,11.619511786102539,1.4524389732628173,2.7958010165255183,0.6760723448509511,1.3475395017679959,86.93531744213915,2.2877715116352406,6.181958201855085,0.8927856924446367,2.1498127061330896,193.52981804277795,2.19920247775884,5.925535761303614,0.8512703612330053,1.9212944574554824,0.7666324279716661,0.24237108188827694,0.13773291040354063,0.9399802272961901,2.1271447609916656,hjorth_mobility,hjorth_complexity,3.4540725945730584,0.926523619151755,-37.822914123535156,-91.30859375,25.87890625,-38.0859375,239.79527610208606,15.485324539772684,1716,eeg_data_level_3.csv,16,AF7,280.0078125,290.00390625
422.51947560649626,60.35992508664232,85.44645086805959,27.788204352741687,69.62127499054638,98.84374543061753,12.355468178827191,20.78153983817021,7.175423239647636,12.3831411592795,37.706231104243535,4.713278888030442,10.798543835691715,1.3124848236183537,4.244347854795507,56.849287338326675,1.4960338773243862,2.6296387424444183,0.5019377108723053,1.3428612695674522,119.06786909620872,1.353043967002372,3.458580954767422,0.4928381835287979,1.2679889548458643,1.3439968257953359,0.5151487765664543,0.23692722454417645,0.44702825903620247,0.9473337394673461,hjorth_mobility,hjorth_complexity,2.5872374748082447,0.8270160527855446,-36.765098571777344,-138.671875,26.3671875,-36.1328125,412.5237775951973,20.31068136708361,1716,eeg_data_level_3.csv,16,AF8,280.0078125,290.00390625
1379.1965630892792,197.02808044132559,325.2551692456105,93.51981440774841,211.80067304090088,557.9144272847429,69.73930341059287,115.55352108130904,35.10129068481055,67.81153851646138,175.56920974074242,21.946151217592803,39.23030360146757,11.53258575609954,19.38465700423941,190.1518144445066,5.0039951169607,16.751609233011187,1.6485761064152802,3.819049302470197,338.8229853415696,3.850261197063291,95.24073655065739,0.8779677349612217,2.0769573398517664,1.3013929265115538,0.7427078910351277,0.3074547273566408,0.43063778052764673,0.7013149276927626,hjorth_mobility,hjorth_complexity,2.6137732437806367,0.8004608731064798,-41.587066650390625,-398.92578125,92.28515625,-38.0859375,1478.925323463045,38.45679814367084,1716,eeg_data_level_3.csv,16,TP9,280.0078125,290.00390625
372.0920895600933,53.156012794299045,74.87004088822998,26.488436565447202,62.25338433513486,180.11116817232073,22.51389602154009,42.55363539349462,11.196333835995189,18.853579294345877,66.44101037303949,8.305126296629936,13.319287533925197,5.349125047108959,8.221536252427226,80.41979823816064,2.1163104799515957,4.247629813747542,0.49596089320115005,2.0393059281160886,102.16442004283257,1.160959318668552,2.879534846437756,0.2526127406302032,1.03873692376754,1.196874447447815,0.7528213634979681,0.3606829963705461,0.5589628001325379,0.7855321955871724,hjorth_mobility,hjorth_complexity,2.507630167891068,0.7676603575282568,-36.248779296875,-225.5859375,46.38671875,-35.64453125,461.49618923664093,21.48246236437157,1716,eeg_data_level_3.csv,16,TP10,280.0078125,290.00390625
62.13896917186703,8.876995595981004,13.614695443587186,6.165380858561241,8.490951385099242,34.84185596874255,4.355231996092819,8.971968267259754,1.9813493396461521,4.017014349907204,10.611924665248225,1.326490583156028,2.7731057572523126,0.8507502520447903,1.1050294392296505,77.74765096225914,2.0459908147962933,4.856901142152773,0.7265860471767064,1.7653070299952378,123.8011846484233,1.406831643732083,2.8865836625563634,0.4797003304520378,1.3315204599744612,0.6471045904496315,0.42658114014899,0.16707832463175626,1.1161646502665017,1.932217756706212,hjorth_mobility,hjorth_complexity,3.5646382986246925,0.8923054264717138,-39.28184509277344,-80.56640625,35.15625,-39.55078125,173.47032189718448,13.170813258762136,1716,eeg_data_level_3.csv,17,AF7,290.0078125,300.00390625
124.67528009766686,17.810754299666694,33.83355118896991,8.384382941507114,16.275349800593872,51.003261567120695,6.375407695890087,18.690166215974152,2.102433249452769,4.696675388334869,11.980604344519685,1.4975755430649607,2.2922570276289247,0.5782738061024171,1.4044510002829038,44.73509073536016,1.1772392298778989,2.4619418887921656,0.4959327948400719,1.1282304023991265,72.48437235529005,0.8236860494919324,2.4984612221301874,0.30318120153752975,0.7213088555441793,1.065663292709844,0.5659598292688989,0.19132965068901667,0.7510467891969027,1.2853200290835112,hjorth_mobility,hjorth_complexity,3.073726572635436,0.8567676366390999,-36.21654510498047,-86.9140625,21.97265625,-36.1328125,174.31841402867576,13.202969894257722,1716,eeg_data_level_3.csv,17,AF8,290.0078125,300.00390625
582.0288941636855,83.1469848805265,146.57306067076854,20.36219112210298,86.959996455361,291.71207317753397,36.464009147191746,56.02001718072963,19.83487723180137,33.260588257338426,89.91397972512874,11.239247465641093,15.364797234243785,4.604039329273402,11.755150931259571,109.24483410487632,2.874864055391482,5.982217454790137,1.4177199150887236,2.6732882388705086,268.0856322604388,3.046427639323168,95.18900852285475,0.5170650819287125,1.3653127794469255,1.110615519157002,0.7464200419841579,0.30662158822601193,0.47706442059468085,0.9263143445840993,hjorth_mobility,hjorth_complexity,3.122375482418155,0.8447319072887366,-38.94672393798828,-265.625,62.01171875,-38.0859375,788.2083835647791,28.075049128448182,1716,eeg_data_level_3.csv,17,TP9,290.0078125,300.00390625
379.7384991515923,54.24835702165604,73.12109250069553,38.2210912541713,52.757727177475054,138.24156070552198,17.280195088190247,37.84584819677755,8.242447159008355,14.888751348970267,43.153814743884666,5.394226842985583,7.621593455272097,4.03689777524409,5.439701906659903,67.00880956270723,1.7633897253344006,5.126501948032054,0.8255443907036296,1.5303032034086352,76.96852697828456,0.8746423520259609,1.93291702410462,0.26901060130131343,0.8140203515526987,1.3313323279436293,0.6824243540557549,0.2859523635083403,0.5382042352706345,0.6932820693377912,hjorth_mobility,hjorth_complexity,2.755297344966729,0.7586109009393056,-35.73760986328125,-220.703125,44.43359375,-34.66796875,414.3648757599294,20.35595430727652,1716,eeg_data_level_3.csv,17,TP10,290.0078125,300.00390625
1869.4951028296812,267.0707289756687,861.3499154246612,30.09862046371048,90.84820147849531,251.83769025751002,31.479711282188752,75.88948186359907,4.202421383933634,32.6526159344372,65.72803499441014,8.216004374301267,14.341899468010613,3.2998375517508296,7.624357398386243,108.29682573688387,2.849916466760102,9.221758507934332,0.9896301294838273,2.418691240662695,69.09994848436986,0.7852266873223848,2.2114163320686004,0.151621083936391,0.7338481497458307,1.214984768413685,0.4167325676384449,0.14690817814175536,0.2842555735481232,0.21723376160337926,hjorth_mobility,hjorth_complexity,1.6275271636400581,0.6655569656221962,-45.509910583496094,-224.12109375,245.1171875,-44.921875,1378.540150144545,37.12869712425343,1716,eeg_data_level_4.csv,0,AF7,120.0078125,130.00390625
838.2790072936963,119.75414389909947,289.7219811886182,34.33577892933995,59.164720273121105,96.98237701145092,12.122797126431365,17.967051571591284,9.260599413606393,11.33023426615336,42.62854736040498,5.3285684200506225,10.324933259658657,3.33144509582503,4.355909226931299,48.49316820332276,1.276136005350599,3.6702262046370606,0.26947299249423806,1.216458051384197,39.124835684380486,0.4446004055043237,0.9674997717323609,0.13564721766382332,0.4212077641968105,1.4707649301897832,0.3960540507313467,0.20414831665308317,0.29344919447853174,0.27513666799325087,hjorth_mobility,hjorth_complexity,0.7828051846855715,0.6111078165343593,-73.48041534423828,-526.3671875,106.4453125,-62.01171875,2773.819642570743,52.66706411573312,1716,eeg_data_level_4.csv,0,AF8,120.0078125,130.00390625
2217.3047657753627,316.75782368219467,476.72446582614964,116.68358440267804,280.5124461035549,1164.7088292266303,145.5886036533288,273.3406539864917,83.34468573491357,116.2486558444335,289.4286704178187,36.17858380222734,69.31916358399221,11.09236324579384,36.19763746818934,380.1696411483916,10.004464240747147,21.962850857257173,3.865847954392927,8.385211744906986,412.5983565466068,4.688617688029622,75.90899467969284,1.0932498072168066,3.016993602721625,1.2534481663292187,0.857805131722402,0.2954040932488047,0.49754775942049156,0.5698817439231085,hjorth_mobility,hjorth_complexity,2.1936235683844263,0.7435982951872558,-47.469139099121094,-388.671875,259.765625,-45.8984375,2799.9004980301834,52.914086007699154,1716,eeg_data_level_4.csv,0,TP9,120.0078125,130.00390625
645.9118081800447,92.2731154542921,177.69905961063887,37.427586864668086,76.88062949630499,210.8828971263518,26.360362140793974,47.17315759937351,14.72434304848334,25.60677585821623,85.89818191478061,10.737272739347576,16.769028251147365,6.170250497331356,10.582825718187475,96.12735964750082,2.5296673591447587,8.01636579153517,0.8800985934709442,2.248913217243187,126.33115091301175,1.4355812603751337,3.1166631928368833,0.5372429412223764,1.414509967730474,1.2537150046971128,0.6369065458345917,0.32282517323369675,0.4663650709532178,0.6774703527670283,hjorth_mobility,hjorth_complexity,2.109593633305184,0.7398308574931497,-40.226173400878906,-287.59765625,75.1953125,-39.0625,1250.6513928747154,35.36454994588105,1716,eeg_data_level_4.csv,0,TP10,120.0078125,130.00390625
435.8182813719244,62.25975448170349,105.3312828029919,26.373840904671127,58.182150088756366,108.72107628050152,13.59013453506269,26.559610820398795,6.161792234406928,11.884849196475347,21.29662549557123,2.662078186946404,4.335798200756874,1.8895413941577321,2.310788281641123,64.15706419896873,1.6883437947097033,3.625349374164954,0.5848021092894327,1.5965122658862834,69.99780369628456,0.7954295874577791,2.8063488222654365,0.10729008831098868,0.7410322302912147,1.4277993653687715,0.5747469077057459,0.16238770733532115,0.5262540662291367,0.6403872350901568,hjorth_mobility,hjorth_complexity,0.601477430040891,0.6758595142752687,-18.794822692871094,-89.84375,52.24609375,-12.6953125,603.0684176585055,24.55745136732445,1716,eeg_data_level_4.csv,1,AF7,130.0078125,140.00390625
522.9683769364307,74.70976813377581,178.11035369891871,20.355563583550893,60.463869949872056,116.33818771961717,14.542273464952146,27.16241333965816,6.0317109798209305,13.453075613021072,33.98407874897716,4.248009843622145,5.714647234727304,2.350714786386321,4.76518900815547,34.702315788295145,0.9132188365340828,3.2696197913996383,0.28732986401958904,0.8326094356553655,30.179190390914666,0.342945345351303,0.9140954880321444,0.0484505968004225,0.31079416397706705,1.4369211327542821,0.5895418728738964,0.2296358406870866,0.30088221291803097,0.3016731151735724,hjorth_mobility,hjorth_complexity,0.7076205059304601,0.5914217534329829,-30.508804321289062,-154.296875,28.3203125,-34.1796875,760.8669971523341,27.583817668196946,1716,eeg_data_level_4.csv,1,AF8,130.0078125,140.00390625
8239.344560970136,1177.0492229957338,1839.5402195876543,638.428520742898,1158.2388528033266,2551.6040688526764,318.95050860658455,525.4667097905959,111.25356012738307,299.0530930499864,610.3840299750686,76.29800374688358,192.8425992553847,26.70745804578896,63.24048339451164,366.26693793966456,9.638603629991172,33.4429312861533,1.9448109200734534,7.835364144194637,401.85580353798093,4.566543222022511,36.3355252097343,0.8041263600681046,3.5256939314031124,1.5234185037319425,0.7244341126620355,0.24176748688450492,0.20488999791720347,0.2471414554305233,hjorth_mobility,hjorth_complexity,0.9641329393302518,0.6069618786295742,-31.95343017578125,-372.0703125,425.29296875,-5.615234375,6560.750955250114,80.99846267214035,1716,eeg_data_level_4.csv,1,TP9,130.0078125,140.00390625
5960.500452330689,851.5000646186699,1466.842442171211,464.54117445533825,841.919953466178,2041.2010713558952,255.1501339194869,459.7326880291977,73.6636135116741,217.05172714946468,364.68028379628754,45.58503547453594,174.22215839321998,9.35254091183198,29.912553493800374,148.79870342170602,3.91575535320279,14.709812880136418,0.78785920433995,3.4384718327862807,186.08863115299187,2.114643535829453,4.591283325159476,0.5057230638516955,2.012045180862371,1.5250933210442672,0.7703030718206387,0.19669448869246572,0.1261568802753919,0.1730214110589779,hjorth_mobility,hjorth_complexity,0.7739599283614407,0.5535200710878203,-34.03816223144531,-338.8671875,152.83203125,-9.765625,4812.31258585467,69.37083382701026,1716,eeg_data_level_4.csv,1,TP10,130.0078125,140.00390625
0.0,0.0,0.0,0.0,0.0,0.0,0.0,0.0,0.0,0.0,0.0,0.0,0.0,0.0,0.0,0.0,0.0,0.0,0.0,0.0,0.0,0.0,0.0,0.0,0.0,-0.0,-0.0,-0.0,-0.0,-0.0,hjorth_mobility,hjorth_complexity,0.0044226281620653755,,0.0,0.0,0.0,0.0,0.0,0.0,1716,eeg_data_level_4.csv,2,AF7,140.0078125,150.00390625
0.0,0.0,0.0,0.0,0.0,0.0,0.0,0.0,0.0,0.0,0.0,0.0,0.0,0.0,0.0,0.0,0.0,0.0,0.0,0.0,0.0,0.0,0.0,0.0,0.0,-0.0,-0.0,-0.0,-0.0,-0.0,hjorth_mobility,hjorth_complexity,0.0044226281620653755,,0.0,0.0,0.0,0.0,0.0,0.0,1716,eeg_data_level_4.csv,2,AF8,140.0078125,150.00390625
0.0,0.0,0.0,0.0,0.0,0.0,0.0,0.0,0.0,0.0,0.0,0.0,0.0,0.0,0.0,0.0,0.0,0.0,0.0,0.0,0.0,0.0,0.0,0.0,0.0,-0.0,-0.0,-0.0,-0.0,-0.0,hjorth_mobility,hjorth_complexity,0.0044226281620653755,,0.0,0.0,0.0,0.0,0.0,0.0,1716,eeg_data_level_4.csv,2,TP9,140.0078125,150.00390625
0.0,0.0,0.0,0.0,0.0,0.0,0.0,0.0,0.0,0.0,0.0,0.0,0.0,0.0,0.0,0.0,0.0,0.0,0.0,0.0,0.0,0.0,0.0,0.0,0.0,-0.0,-0.0,-0.0,-0.0,-0.0,hjorth_mobility,hjorth_complexity,0.0044226281620653755,,0.0,0.0,0.0,0.0,0.0,0.0,1716,eeg_data_level_4.csv,2,TP10,140.0078125,150.00390625
1715.447195690391,245.06388509862728,875.7134575956085,24.598552334098194,91.13130302563155,126.30350407880474,15.787938009850592,25.65555264585734,7.059042237589098,15.718111569298799,30.189986526985518,3.7737483158731897,5.371941453665995,2.634927781227888,3.862952044466022,71.14373198336997,1.8722034732465782,4.197820286092449,0.8968320579132479,1.7350513869458148,105.47198821090507,1.1985453205784666,2.912703125966596,0.20882600636184248,1.0320858226195138,1.2419706881943242,0.2832226952358734,0.08848155190474813,0.2303348879575621,0.35954626789427235,hjorth_mobility,hjorth_complexity,0.9685555674923172,0.7524253999126649,-23.86951446533203,-147.94921875,155.76171875,-34.1796875,1908.1701530012651,43.68260698494614,1716,eeg_data_level_4.csv,3,AF7,150.0078125,160.00390625
487.731767392016,69.675966770288,152.37056558643303,16.566342111261665,49.23926795355137,87.55975864351524,10.944969830439405,23.331465665676543,3.1716534308890156,9.824673872195232,21.500561517276143,2.687570189659518,4.65928905561646,1.4593860825620804,2.7711618475650877,40.83896044573337,1.074709485414036,3.0996306267090366,0.2558442104665597,0.937989934041937,64.4021506693628,0.731842621242759,1.6420860601470961,0.1592745250080689,0.6424050589070838,1.4247210515281645,0.48694022341861626,0.1634518981621101,0.35995751460403275,0.6019605555602412,hjorth_mobility,hjorth_complexity,1.755783380339954,0.7468468883527873,-34.806060791015625,-126.953125,50.29296875,-37.109375,456.7015211796388,21.370576061015267,1716,eeg_data_level_4.csv,3,AF8,150.0078125,160.00390625
6227.121299249579,889.5887570356542,1866.1808490656408,363.62938287646034,790.1218412057721,3536.6226389901735,442.0778298737717,763.6132874100847,221.25427885478402,365.78049968863183,759.3402544896702,94.91753181120878,185.16428912469542,42.65082399619449,63.63097478840292,1191.723993183923,31.361157715366396,112.08176529534151,5.47755054639357,21.954240731710534,523.9172551204745,5.953605171823574,73.14005313941203,0.859085746399841,4.308313892455539,1.2615580080237885,0.9226904458128916,0.2880668801670137,0.5490011017455658,0.306020050463741,hjorth_mobility,hjorth_complexity,1.5567651130470122,0.6354599165498847,-39.08805847167969,-531.73828125,575.68359375,-36.1328125,5633.882338734111,75.05919223342408,1716,eeg_data_level_4.csv,3,TP9,150.0078125,160.00390625
3344.9143709318128,477.8449101331161,608.2759536358559,364.1950074109238,476.7553983762769,821.5299821054756,102.69124776318445,284.7802463598752,38.95033511793376,70.08451093715078,298.61587151368553,37.32698393921069,50.37778156562161,25.214858664853562,39.54900394083814,228.48013301631312,6.012635079376661,17.710846906312785,1.7986798978134475,4.181816990544469,186.2048104070707,2.1159637546258034,6.374832084727306,0.6823628523370987,1.8294857508804123,1.5595100726556685,0.5973452838741464,0.29010288736360035,0.2973156959199306,0.2835297225492839,hjorth_mobility,hjorth_complexity,0.9641329393302518,0.6642922503408675,-29.76398468017578,-318.359375,185.05859375,-26.85546875,2439.6941240047454,49.39325990461396,1716,eeg_data_level_4.csv,3,TP10,150.0078125,160.00390625
207.06542397865033,29.580774854092905,48.776024212219426,16.619202647340522,26.74579870242645,81.2412496490175,10.155156206127188,19.560603049502696,3.7918557072793866,9.945123260752794,16.446100340284858,2.055762542535607,3.894678165279438,1.0831977845576757,1.7929210045537922,58.21901993369595,1.532079471939367,3.376181892575469,0.5022205186335824,1.4820435996154169,68.89433825857864,0.7828902074838482,1.8950388825103193,0.14240745585959727,0.6951378870108575,1.2181087297309559,0.6639562896851391,0.1938237877412044,0.7245749453487397,0.9557011330286032,hjorth_mobility,hjorth_complexity,2.2422724781671453,0.779228835192995,-33.358192443847656,-94.23828125,49.31640625,-33.69140625,260.036700310593,16.125653484761262,1716,eeg_data_level_4.csv,4,AF7,160.0078125,170.00390625
216.0067262946541,30.85810375637916,47.02664190591549,17.455153773370622,27.252293212337793,63.237565083600224,7.904695635450028,14.945893001460185,3.8579503215877966,7.560749842898569,18.75993410363437,2.3449917629542965,4.335425421505327,1.0114608877669482,1.9896170747797441,31.69335450582636,0.8340356448901673,1.791515034465698,0.32701950088682585,0.8010795981410971,35.33295764019281,0.40151088227491827,1.1237942308113378,0.13341184569843179,0.3553251266019389,1.370528880103975,0.6160494973611729,0.24060997658869399,0.49262215186406694,0.6117377177059838,hjorth_mobility,hjorth_complexity,2.401487092001499,0.7461131991927453,-37.34130859375,-128.90625,9.765625,-36.865234375,185.02850085496902,13.60251818065203,1716,eeg_data_level_4.csv,4,AF8,160.0078125,170.00390625
5923.362704359162,846.1946720513089,1379.1558874278007,391.9197258048412,769.3215720205584,2891.9971517503736,361.4996439687967,673.0785090707658,162.64094338835557,356.114768698627,636.9197397615378,79.61496747019223,144.3161777310627,46.290194645674276,78.92977241699242,639.9626224697745,16.841121643941435,43.41631941637916,4.368269128712703,13.150018742344411,354.2885476055809,4.026006222790692,84.74797297014946,0.5150991833933218,2.3730817116766105,1.365563530293533,0.8930188343206872,0.2896568470227421,0.37931637870067836,0.23768065840200459,hjorth_mobility,hjorth_complexity,1.8663490843915884,0.5954270452588604,-50.11882781982422,-568.359375,369.62890625,-44.43359375,4941.088090381527,70.29287368134501,1716,eeg_data_level_4.csv,4,TP9,160.0078125,170.00390625
1907.25379992964,272.46482856137715,396.5835914555523,178.8139439636406,285.8436544329186,672.560590593413,84.07007382417663,149.18201107841134,36.662490151558664,81.39825872354409,131.33324892974622,16.416656116218277,36.10281483719359,5.506371832452926,13.923789318632796,94.00765741266694,2.4738857213859724,8.196515571125069,1.0558714638254587,2.0245827351705086,81.12848508772973,0.921914603269656,2.71469260357941,0.3051332632731099,0.8699620881662185,1.5019529076206428,0.7847054536258261,0.2205574646227257,0.22007651092271271,0.21821809488496557,hjorth_mobility,hjorth_complexity,1.273716910674828,0.6519354509118707,-34.58976745605469,-361.328125,71.2890625,-29.78515625,1943.3651432336774,44.08361536028638,1716,eeg_data_level_4.csv,4,TP10,160.0078125,170.00390625
235.96735573328357,33.70962224761194,43.184523307706556,20.92657182346285,34.01259190037662,84.99884750721333,10.624855938401666,13.899331026456299,3.823550419904506,11.685108225072586,17.230615692122523,2.1538269615153154,3.401399328345004,0.8634770059949619,2.1751555083940888,40.89373424008546,1.0761509010548804,1.8644724682388396,0.5799983720716633,1.0453556081277042,80.30826855215167,0.9125939608199054,2.2851732720438216,0.3423704106139654,0.8113953002391568,1.2714553107723576,0.650627628980972,0.18676856571978623,0.5020957015570893,1.005020878755885,hjorth_mobility,hjorth_complexity,3.0029645220423897,0.8367038903725561,-33.840179443359375,-104.00390625,54.19921875,-33.69140625,249.3344567483291,15.790327949359668,1716,eeg_data_level_4.csv,5,AF7,170.0078125,180.00390625
93.6837824814209,13.383397497345843,23.010032718854756,7.006873025105179,12.197441980514075,34.65738257672498,4.332172822090622,6.199098759294532,2.1008785445020357,4.481701196241968,15.755336905564654,1.9694171131955818,3.5182657616695305,0.6362393864879362,1.5950201153794006,28.077255312634165,0.7388751398061623,1.3460391695241654,0.40927395063972494,0.7716728918603332,35.732350789966176,0.40604944079507016,0.9208274778490022,0.14423546800926978,0.3811025132227697,1.1450860309530457,0.6047602147107042,0.3269315893704987,0.7161735831321007,1.0014546152045483,hjorth_mobility,hjorth_complexity,2.520898052377264,0.7838426755431729,-35.48412322998047,-94.23828125,2.44140625,-35.15625,125.83888306835433,11.217793146085121,1716,eeg_data_level_4.csv,5,AF8,170.0078125,180.00390625
2805.2606472925186,400.75152104178835,542.5290630121854,116.9238957774269,436.55682313026097,1923.4674312779575,240.4334289097447,436.84080199304344,126.92406437516631,221.52906704974077,564.1641068101209,70.52051335126511,105.2650042454156,31.79130878633122,79.54016844359671,420.20985739991266,11.058154142102964,56.542216437059004,2.905001187579354,7.304764162335524,291.8457421074162,3.3164288875842747,77.09335572692436,0.6134707442889855,1.791329665839899,1.2208737386618893,0.9939214198422845,0.40460476541021173,0.415755551410895,0.3175815425241588,hjorth_mobility,hjorth_complexity,2.547433821349656,0.6662737903876991,-38.299560546875,-360.3515625,376.46484375,-35.15625,3132.0249661803246,55.96449737271232,1716,eeg_data_level_4.csv,5,TP9,170.0078125,180.00390625
1751.4439097777058,250.20627282538655,330.7715436962041,190.7314593556969,226.19930560107642,876.1356246543098,109.51695308178873,217.77275900401463,46.785163542077754,88.56339325378825,170.26374725904648,21.28296840738081,39.98852252469528,5.470998326133678,17.860322004540134,65.1095921934875,1.7134103208812501,8.228391187497133,0.48562669936561714,1.302603979937017,68.59769752538735,0.7795192900612199,1.9371577310927728,0.2878268621357732,0.7050912445594026,1.4320536334322407,0.9186503132073597,0.2683462944379754,0.1563327862776761,0.18581679026992615,hjorth_mobility,hjorth_complexity,1.7778965211502809,0.6284247653557941,-32.09095001220703,-300.78125,66.40625,-31.25,1490.9317280034884,38.612585098688854,1716,eeg_data_level_4.csv,5,TP10,170.0078125,180.00390625
643.0017326456538,91.85739037795054,175.81061245364378,42.508194422751345,79.203276762407,146.35075597514427,18.293844496893033,43.462983994210134,6.808046274854537,15.111928901777928,42.118094570345576,5.264761821293197,6.896712110402104,2.391588746940234,5.451630103845811,53.6748449754968,1.4124959204078105,2.492205273790925,0.5162977324973624,1.4382444827959562,122.36423158957902,1.3905026316997615,4.477270834977727,0.47130736772119547,1.1541723580903407,1.3898438462569627,0.5236516399363205,0.20451541387663552,0.3248054344367346,0.7307355101186439,hjorth_mobility,hjorth_complexity,2.144974658601707,0.8133266554561303,-31.28509521484375,-122.0703125,123.046875,-34.1796875,655.0234532915056,25.59342597800274,1716,eeg_data_level_4.csv,6,AF7,180.0078125,190.00390625
241.871742067815,34.55310600968786,61.20301568427239,18.183597257469422,21.978408973203884,81.697254946295,10.212156868286876,16.982088381715908,7.321436597991728,8.923044004489054,21.5158921446447,2.6894865180805874,3.7878863715064344,1.111253735684694,2.48673194417409,32.87382903309119,0.8651007640287155,2.626958501965722,0.23915285662249497,0.778098453188292,54.29265368871095,0.6169619737353517,1.3966131848974657,0.17388035157979478,0.5783190213874616,1.3014763883533103,0.6706673919944712,0.23879348167238693,0.44059334931793936,0.7732316831105651,hjorth_mobility,hjorth_complexity,2.3395702977325836,0.7789802229648806,-34.441184997558594,-122.55859375,25.87890625,-34.1796875,227.59873096219962,15.086375673507526,1716,eeg_data_level_4.csv,6,AF8,180.0078125,190.00390625
2283.085424663817,326.15506066625954,543.3289322980404,54.08840874742087,365.25232213975,2034.1189205176915,254.26486506471144,427.9665819229788,104.78765695704331,226.81471997819136,398.12352500931195,49.76544062616399,71.37819641921514,23.7665876783024,50.96450455506287,348.3543242510094,9.16721905923709,27.817092719461463,1.5011194133961447,7.754506593986928,300.5571113396811,3.4154217197691037,98.99161447853304,0.4457563823424957,1.6662228292218628,1.1314510701479898,1.1201252169911187,0.3394114523730274,0.39789189772077027,0.3440980730503765,hjorth_mobility,hjorth_complexity,2.64915426907716,0.6870371807954783,-40.189361572265625,-656.73828125,351.07421875,-37.109375,3555.8893758570775,59.6312785026204,1716,eeg_data_level_4.csv,6,TP9,180.0078125,190.00390625
1869.3370279442286,267.0481468491755,351.9023590509861,220.53718425564904,257.0562477346598,801.2569419977268,100.15711774971585,171.2782117167126,39.33793339625124,93.75511885939468,134.35689283687444,16.794611604609305,29.664508148958607,7.787719878851298,15.362146422054547,61.92489572634741,1.6296025191144055,5.263092036403578,0.35239361198228686,1.2208745580332887,68.08230289770316,0.773662532928445,2.856608988131293,0.19464528461615688,0.6725506716117254,1.4840544778428408,0.8635917877808656,0.22537080083436367,0.14862568024949283,0.18184135380429556,hjorth_mobility,hjorth_complexity,1.671753445260712,0.581347048019591,-34.378814697265625,-283.69140625,124.51171875,-33.69140625,1950.6311271106824,44.16594986084509,1716,eeg_data_level_4.csv,6,TP10,180.0078125,190.00390625
1071.393588344159,153.05622690630844,432.3904267326345,27.68030147367303,64.3014645520911,156.07215921316336,19.50901990164542,30.28563904714172,9.754065046135393,19.70990249767167,39.95427915037907,4.994284893797384,6.537315875641301,2.451504473492735,5.109827728675061,94.90995059370034,2.497630278781588,4.667606964584371,0.8591950548945788,2.393628723199141,148.52116143869483,1.6877404708942594,4.060781903901525,0.49313288638549835,1.5475428905027593,1.2556936429978174,0.41065999377359785,0.13841472903315544,0.365621655252821,0.6034959481558462,hjorth_mobility,hjorth_complexity,1.733670239529627,0.7931030468805935,-36.495399475097656,-145.99609375,174.31640625,-41.9921875,1268.0053113945178,35.60906220886079,1716,eeg_data_level_4.csv,7,AF7,190.0078125,200.00390625
10031.297872719699,1433.0425532456713,3264.6032956497074,551.692606326482,856.3214648276029,1652.4508157557116,206.55635196946395,452.79297697028665,41.561158713994274,198.42948728436454,314.2836758616438,39.28545948270548,56.16422838000173,22.835319185951285,35.51095928578367,261.84013354887776,6.890529830233625,17.095354852377472,1.7658237687897438,5.255660551847496,106.6033989454995,1.2114022607443127,3.699048268053998,0.27333619190432135,1.1061871207344347,1.5653533903444783,0.5031373303031751,0.14055982091544153,0.1489004748366795,0.07604212087687912,hjorth_mobility,hjorth_complexity,1.5036935751022276,0.6059156001095255,-33.23535919189453,-697.75390625,395.5078125,-36.62109375,5588.276669695914,74.7547769021881,1716,eeg_data_level_4.csv,7,AF8,190.0078125,200.00390625
3877.7072437808256,553.9581776829751,991.6256080713543,292.38810950720585,445.06107311951416,1303.2019391444935,162.9002423930617,312.494934023197,39.77969307892826,167.51874720964486,387.79203804391557,48.474004755489446,79.87669933228891,17.26815330607764,39.42814817842245,405.58145439081267,10.673196168179281,32.198418877526294,1.9995921098657652,9.364824775493997,385.85590762178225,4.384726222974798,108.11878559114264,0.7506677357475151,2.3514532597052304,1.414280351663765,0.7052365174249957,0.2880383140436373,0.3924577001443408,0.3801980277396086,hjorth_mobility,hjorth_complexity,2.1228615177913803,0.7360051124488685,-38.918304443359375,-466.796875,460.44921875,-44.189453125,3651.5689216321334,60.428212960769685,1716,eeg_data_level_4.csv,7,TP9,190.0078125,200.00390625
2878.651942900442,411.23599184292027,1105.1936265502613,135.74217142909242,242.95814428404876,695.3283657117013,86.91604571396266,146.0024688191519,40.33761559252118,73.95117229253353,157.9005608175388,19.73757010219235,33.49651641956066,6.131073922691865,19.835957654288983,122.95311937951757,3.2356084047241467,7.787631731079825,0.7508943773530988,2.9409705159813857,110.71840183694877,1.2581636572380541,3.4779080928942876,0.3469442394476985,1.0982265422469233,1.3693555122819154,0.6195306335929529,0.19661592543069273,0.2047268683702828,0.20959705746647478,hjorth_mobility,hjorth_complexity,1.1145022968404745,0.6140364854416563,-41.158103942871094,-286.62109375,198.73046875,-47.8515625,3059.7507048150874,55.315013376253354,1716,eeg_data_level_4.csv,7,TP10,190.0078125,200.00390625
10015.035562986035,1430.7193661408621,2152.0201256695127,578.925843739361,1413.073042683431,1664.7370183205153,208.0921272900644,450.0634776740067,60.336809557113824,173.71608866889466,195.70825692500344,24.46353211562543,59.06834435836941,5.976883536586119,18.81970246858996,81.82398580536146,2.153262784351617,6.190203276768067,0.5905025713751135,1.8966808087432083,197.9822020414161,2.2497977504706372,6.673473099007322,0.5508787101838353,1.7593400571448592,1.6663956544720733,0.5176153494935689,0.0940377670335536,0.055420385488619814,0.1334028407211405,hjorth_mobility,hjorth_complexity,3.144488623228482,0.8326327857790549,-51.10607147216797,-856.4453125,61.03515625,-43.9453125,5081.4725557211195,71.28444820380614,1716,eeg_data_level_4.csv,8,AF7,200.0078125,210.00390625
13626.514974191467,1946.6449963130667,3771.087377258429,660.3069852989709,1413.5149192647777,1688.028154297077,211.00351928713462,435.6112550909271,82.5832891545279,205.85548806857474,716.1153429235317,89.51441786544146,118.42239934803274,50.40070189749045,95.18573361388968,570.1419568519926,15.003735706631385,48.98899685503215,3.723995144587235,8.446552854506983,161.85212626793697,1.8392287075901927,6.946526542258354,0.45403537653987835,1.3197919785853962,1.5978564301828946,0.4154264644356593,0.21534539963818702,0.22072622676212642,0.08303278767659698,hjorth_mobility,hjorth_complexity,1.7823191493123463,0.5714102632527125,-13.237571716308594,-655.76171875,543.45703125,-23.92578125,8620.966385606149,92.84915931555949,1716,eeg_data_level_4.csv,8,AF8,200.0078125,210.00390625
5286.375448768397,755.1964926811996,1248.598483276727,298.1721095396341,851.134426220254,2364.8552679366603,295.60690849208254,731.0235654587766,129.4950238649218,180.36901391662573,517.5435675208198,64.69294594010248,126.08589093661232,36.136990118408804,52.013787084199095,499.6414005530467,13.148457909290704,46.55027749062285,1.9344098610831166,9.409920323180252,382.8338265870316,4.3503843930344495,109.18844355170827,0.8754269929171036,2.01158673389234,1.3887630837112068,0.8322776417576423,0.27571039412845294,0.3419031645982051,0.2775872864260672,hjorth_mobility,hjorth_complexity,2.383796579353237,0.6535924887425795,-41.579437255859375,-362.3046875,308.59375,-40.52734375,4305.68351817783,65.61770735234377,1716,eeg_data_level_4.csv,8,TP9,200.0078125,210.00390625
3911.0768701985144,558.7252671712164,724.516506414859,221.27728268933163,624.6361226451148,1387.528335243805,173.44104190547563,430.7864889529039,34.823721203429415,121.38376472151133,249.83800120722267,31.229750150902834,60.177046739275056,16.642487838978774,24.311777216303916,131.3916378791047,3.4576746810290713,14.329304228987041,0.5076916274029533,1.514924256154753,99.20448715171659,1.127323717633143,4.221403773592101,0.27389067309693366,0.9711269141809533,1.5209120476040061,0.7525036863587132,0.21525393619049438,0.1542588500686873,0.14009676520607794,hjorth_mobility,hjorth_complexity,1.861926456229523,0.6027486549025357,-40.5059814453125,-320.80078125,132.32421875,-37.109375,3026.8340464681387,55.01667062325872,1716,eeg_data_level_4.csv,8,TP10,200.0078125,210.00390625
71.07381207984407,10.15340172569201,14.214543521459426,5.401074380478698,10.015931249523112,22.19802732169813,2.7747534152122664,4.5172082984937845,1.0990207884452243,2.569448634553188,14.649492858978062,1.8311866073722578,2.6927307333734527,0.9924869430649174,1.785099274642745,56.019206940802015,1.474189656336895,3.4717712086546895,0.718673581321333,1.2680560945095993,139.1075063613132,1.5807671177421954,5.361897993562577,0.4568226223083751,1.2287853373593867,0.7251862680369194,0.3049636783684425,0.22271207425744555,0.8800411685133122,2.129375605267735,hjorth_mobility,hjorth_complexity,3.405423684790339,0.9219349113667944,-39.803123474121094,-105.95703125,6.8359375,-39.55078125,185.27966716646915,13.611747395778,1716,eeg_data_level_4.csv,9,AF7,210.0078125,220.00390625
485.0095268014581,69.28707525735116,198.3015995643351,13.427583916224162,40.486177837729116,79.84064326971796,9.980080408714745,18.215190270319454,3.998805967976866,8.884649732877246,22.170756591331784,2.771344573916473,5.7267705774125215,1.342326390353091,2.4358414373546364,40.307896967757955,1.0607341307304725,2.0984990744312197,0.3770905314984094,0.9922599739457241,81.28512843888501,0.923694641350966,2.8750760650166347,0.2372150512685016,0.8077049452756,1.262941871940237,0.44158458720717275,0.1609509559440253,0.3456214368788654,0.7052253223529844,hjorth_mobility,hjorth_complexity,2.8481725363701016,0.8181884079459137,-32.75928497314453,-215.33203125,34.66796875,-30.2734375,644.3297298028483,25.38365083676594,1716,eeg_data_level_4.csv,9,AF8,210.0078125,220.00390625
2110.776888976579,301.5395555680827,406.40324448138614,182.06211211427285,287.4032623033693,1296.1022972087726,162.01278715109657,309.1818757531461,84.07722963072301,132.71040224949706,336.8608338061103,42.10760422576379,89.26380825337542,16.872832132412416,36.1536985985213,321.2567040490185,8.454123790763644,29.110450386145217,1.6021193196962333,6.1226295619603945,333.5993546834362,3.7909017577663207,87.2740059123531,0.5186193878896836,1.9526776079355601,1.255363226681877,0.9271087263016972,0.34269358239370795,0.4342643117864621,0.45901886397361036,hjorth_mobility,hjorth_complexity,2.5828148466461793,0.7321210571458994,-41.42436981201172,-409.1796875,263.671875,-38.0859375,2281.455795709917,47.76458725572657,1716,eeg_data_level_4.csv,9,TP9,210.0078125,220.00390625
1384.5152258906826,197.78788941295466,399.60659929089616,96.07473227474217,157.78932124240114,427.4800411688896,53.4350051461112,97.06560850641965,17.027349463323294,51.28146283668859,121.36529903305119,15.170662379131398,37.89811742513098,4.277777785707752,11.975185451855829,72.95959547948024,1.9199893547231643,7.1916815201637725,0.5406713402407778,1.4975254666522932,85.12224096872042,0.9672981928263684,2.5231240686577534,0.2738369571809883,0.913170572770716,1.4492378517469955,0.7099799539348609,0.26803908585597347,0.2310858982830081,0.3013520934832816,hjorth_mobility,hjorth_complexity,2.3749513230291064,0.688757682786122,-37.444114685058594,-312.5,74.70703125,-36.62109375,1197.0275887506432,34.598086489727194,1716,eeg_data_level_4.csv,9,TP10,210.0078125,220.00390625
99.47975987247243,14.211394267496061,36.06638261359964,3.348990565100635,7.493449871578566,33.042593785116296,4.130324223139537,7.194660942605282,2.3506945830585098,3.702616509057947,11.174109717049147,1.3967637146311433,2.012218580195393,0.8777745668042481,1.383328350150711,73.6215530520638,1.9374092908437843,3.9278993513676403,0.7351790468567222,1.6251449557481565,165.48149215937883,1.880471501811123,5.712710299619357,0.6893100827705925,1.6180799013664748,0.7153389423032801,0.3525388352544328,0.14846570895601535,0.9097794284456133,2.055327138908239,hjorth_mobility,hjorth_complexity,3.440804710086862,0.9206283216322427,-40.15998840332031,-90.8203125,20.5078125,-41.015625,228.64276412292384,15.120937937936384,1716,eeg_data_level_4.csv,10,AF7,220.0078125,230.00390625
780.7610984928863,111.53729978469804,197.893109353855,25.87479288518086,106.78587083763244,132.11085580662908,16.513856975828634,30.50307919676804,3.992463451707181,16.975389566890854,28.274560508620567,3.534320063577571,6.812723554802085,1.7694728401060271,2.9328568291772603,54.44003091011065,1.4326323923713329,2.901692104598357,0.4119016981436081,1.2571428032122562,95.61743852506615,1.0865618014212062,2.5246957116339903,0.3505187222335164,0.9860070191281658,1.4447445852860936,0.4733707120259508,0.14023977110267544,0.31351402694700525,0.5744271522498894,hjorth_mobility,hjorth_complexity,2.463403886270414,0.8519473473341812,-30.490493774414062,-190.91796875,56.15234375,-31.25,558.294926158851,23.628265407322033,1716,eeg_data_level_4.csv,10,AF8,220.0078125,230.00390625
2869.817705308692,409.9739579012417,786.6031163690236,171.14603463220988,346.46271286784776,941.2866083118845,117.66082603898556,234.45703840182244,28.922259933881307,100.97399118486729,206.85968133356067,25.857460166695084,47.860861504138626,11.659397579003251,25.771519396301485,337.42213860671046,8.879529963334486,23.437665359569305,2.373497097235113,6.809157170640912,371.32418885469724,4.219593055167014,93.88139063545754,0.6722651746867645,2.6943557475826223,1.3873270129965,0.6941956972429653,0.22068598045623794,0.429739620552516,0.4801150722494661,hjorth_mobility,hjorth_complexity,2.4810943989186756,0.7712561597213932,-39.478302001953125,-424.8046875,278.3203125,-36.1328125,2865.6122827669606,53.53141398064281,1716,eeg_data_level_4.csv,10,TP9,220.0078125,230.00390625
1297.4380058399045,185.34828654855778,393.99826204685036,30.21975405811162,171.74303828371362,529.379551349941,66.17244391874263,130.70180629918244,6.97600915593736,72.96475789208914,114.9624597612746,14.370307470159325,36.469620513914315,3.6112063476386487,13.323802751619176,84.94383068730768,2.2353639654554653,10.89395228063822,0.6366915656526831,1.9332946201364838,91.37348820174431,1.03833509320164,3.0499998037103584,0.25773306682967567,0.9375019327499404,1.3386391854901258,0.8089101142733457,0.25268967858520325,0.260388862107617,0.3174320942015202,hjorth_mobility,hjorth_complexity,2.308611900598126,0.6950653064030089,-37.89501190185547,-322.75390625,112.3046875,-37.109375,1549.0552031769766,39.35803860937403,1716,eeg_data_level_4.csv,10,TP10,220.0078125,230.00390625
296.7581793591912,42.3940256227416,72.64368208474178,18.598146332083886,43.4814059190892,84.56732273185949,10.570915341482436,29.71798375504685,2.735025385490483,8.078816227751185,27.11159933985568,3.38894991748196,4.859212264302299,1.5476341563812757,3.4707072841471565,82.36582135321468,2.167521614558281,4.201949258461838,0.7979294110377698,2.0128684869243747,141.61129932513597,1.609219310512909,4.08405358281691,0.5046468980463032,1.423359307367603,1.176070526520133,0.48958440660252106,0.2110182758252337,0.6939438539960583,1.2495973658813488,hjorth_mobility,hjorth_complexity,3.038345547338913,0.834285128021789,-34.49878692626953,-103.515625,51.7578125,-37.109375,393.2287607676699,19.829996489350922,1716,eeg_data_level_4.csv,11,AF7,230.0078125,240.00390625
27262.561327767344,3894.651618252478,7485.955342252404,1053.2443717132817,3599.358215723497,1636.865830461291,204.60822880766136,670.8155135988487,28.548382983883396,106.82582325387284,292.17857657541606,36.52232207192701,43.41813035309937,31.119252448364445,37.50808569174538,291.4928396211995,7.670864200557881,32.53806904223279,1.2372085920976588,5.619268912817004,98.76425670379564,1.1223210989067687,3.7772348069234107,0.2544140930725735,0.9638766353945234,1.6532002591150954,0.23695913894233606,0.06231914133564159,0.07343495394074462,0.03154050437064373,hjorth_mobility,hjorth_complexity,2.3263024132463874,0.660791177909267,-57.98206329345703,-1000.0,70.80078125,-39.0625,13490.610707631276,116.14908827722789,1716,eeg_data_level_4.csv,11,AF8,230.0078125,240.00390625
2814.0354380849753,402.0050625835679,833.207635906079,151.6980906395487,346.06736963768645,1651.377380912517,206.42217261406464,470.0021510653486,85.65484194964766,169.06285498871338,340.07781523850184,42.50972690481273,91.07860414929239,17.81718839211677,38.76582438784494,356.66341409184133,9.385879318206351,28.542057321185528,2.448463273759182,7.014725641503182,326.66781443358946,3.712134254927153,91.1225337119194,0.5617126600265537,1.9099681380996494,1.2596225941359813,0.934690508535028,0.2892491213846011,0.39342001599767285,0.37167782169661706,hjorth_mobility,hjorth_complexity,2.3484155540567144,0.7015369016693161,-36.19403839111328,-355.95703125,275.87890625,-34.66796875,2895.002323166409,53.80522579793165,1716,eeg_data_level_4.csv,11,TP9,230.0078125,240.00390625
1608.343443287795,229.76334904111357,329.85289795736173,159.65767708839743,217.3962692437964,566.6020476046604,70.82525595058254,132.077973291428,18.91028646756445,54.33650261378236,71.69944214870821,8.962430268588527,17.91385160654886,5.686513587641909,7.064876911402836,70.27549394658287,1.8493551038574438,3.830911622395528,0.56436399178196,1.5843300962859828,83.02591501898905,0.9434763070339666,2.914593834587907,0.1899228714294712,0.9045177428846769,1.535746330427073,0.7730881394565208,0.16155841945433913,0.20318730609357016,0.26371701010384446,hjorth_mobility,hjorth_complexity,2.29534401611193,0.7112397309717802,-36.295318603515625,-272.4609375,133.7890625,-35.15625,1235.8669604873285,35.1548995232148,1716,eeg_data_level_4.csv,11,TP10,230.0078125,240.00390625
376.87878662403415,53.83982666057631,93.71243158282212,20.12359997420414,54.50006743687764,116.29413485781052,14.536766857226315,24.36172869405226,5.705051453548319,14.12411650943815,39.00296207415468,4.875370259269335,8.321066456284004,3.417791326607385,4.161395439033459,88.8837268537511,2.339045443519766,4.57495364690117,0.5446194802018621,2.204186801380536,146.8838778603879,1.6691349756862264,4.7046906876515315,0.4662753816583114,1.502228096542162,1.1940118221144884,0.5599445642263167,0.23906302203962598,0.6202218730820818,1.0804263967788124,hjorth_mobility,hjorth_complexity,2.3705286948670414,0.8344666842146337,-40.62538146972656,-148.4375,68.84765625,-40.0390625,511.49640217772685,22.616286215418455,1716,eeg_data_level_4.csv,12,AF7,240.0078125,250.00390625
370.23763451615326,52.89109064516475,82.2973407232693,33.52547977557513,51.99218311020132,113.10266377950397,14.137832972437996,29.99080067839005,6.660143142112108,11.450445575004105,42.78176668311357,5.347720835389196,8.725902371172431,3.301980263105412,4.089000741720725,58.46420784343293,1.538531785353498,3.6799584740829037,0.9212560759152358,1.3060415859623231,78.22643310495317,0.8889367398290133,2.447379242423839,0.3006320534471221,0.81269983784036,1.3503918862678752,0.6149876777256822,0.29505994683071346,0.5079568330791765,0.7376316901141617,hjorth_mobility,hjorth_complexity,2.4589812581083486,0.7844956327685821,-39.57939147949219,-146.97265625,33.69140625,-39.55078125,360.9000901633408,18.997370611833123,1716,eeg_data_level_4.csv,12,AF8,240.0078125,250.00390625
1833.5152570897203,261.9307510128172,343.76440782063077,145.6357620193216,292.03560837856827,880.1787711231312,110.0223463903914,195.10306513573875,62.776543996287586,92.88798442098823,223.82471887014609,27.97808985876826,51.81745881930262,16.286013273232857,25.739331120212356,221.4250158335615,5.826974100883198,17.24008871813239,1.9784439763517208,4.392489642215423,334.21094969852595,3.797851701119613,93.25764063949265,0.42533914210911195,2.0977512684067525,1.3049576920248467,0.830031231959711,0.29733631846785324,0.3825798872336998,0.5466098803088943,hjorth_mobility,hjorth_complexity,2.4943622834048718,0.7828948798712129,-41.918373107910156,-295.8984375,232.91015625,-38.57421875,1749.448524460604,41.82640941391699,1716,eeg_data_level_4.csv,12,TP9,240.0078125,250.00390625
1274.6230629682057,182.08900899545796,329.29734306821143,72.40656293151221,177.8478044806522,503.5104369351074,62.938804616888426,142.36907407885286,25.357375062569382,55.8559280087281,166.98126203812808,20.87265775476601,30.345695464866424,14.527705522978996,16.62063119866842,108.34098102919245,2.8510784481366436,11.810256328730237,0.7098496214493034,1.5654972640206168,92.5126729370385,1.0512803742845285,2.8140007834504392,0.2869341745047826,0.9809627282092657,1.3692066924234043,0.7759115702310391,0.3454035211850176,0.3066521382824585,0.31371600648267195,hjorth_mobility,hjorth_complexity,1.8707717125536538,0.7090429198402752,-39.324951171875,-257.8125,43.45703125,-36.62109375,1166.338138282299,34.151693051476954,1716,eeg_data_level_4.csv,12,TP10,240.0078125,250.00390625
98.70391166115121,14.100558808735887,17.37082725247588,7.535775585526303,16.476301907061995,47.35503282226014,5.919379102782518,9.177440936601563,2.2632687883152434,5.815298274657389,19.406352137568366,2.4257940171960457,3.873215961634238,1.6131764645932367,2.2634523439466676,85.91122096655593,2.2608216043830507,4.660208906954459,0.8989191858177329,2.2237744955907504,236.31608891399844,2.685410101295437,6.540030604839834,0.48847210650560563,2.4233112232563725,0.6553418087414156,0.38781847262717695,0.19156286013967094,0.8536477562275407,2.249473311701802,hjorth_mobility,hjorth_complexity,3.6221324647315423,0.9398411472192516,-38.027000427246094,-96.19140625,115.72265625,-38.57421875,318.8604212118662,17.856663216062127,1716,eeg_data_level_4.csv,13,AF7,250.0078125,260.00390625
196.89533805821702,28.127905436888145,52.529336822742586,10.806902046368256,28.321515269756667,62.78171623755773,7.847714529694716,13.785687315398146,4.65038254581113,6.934668511348505,24.054630314028017,3.006828789253502,4.453082100703359,1.4826975498875947,2.8041933142722293,41.52506299365626,1.0927648156225331,2.285637651139233,0.4218877314253867,1.0041341025152384,111.64149755951718,1.2686533813581498,3.469679297014556,0.5247968342943041,1.1845332582030226,1.1117926345938292,0.5290601677933994,0.2527364927796684,0.5225665127926692,1.3678569600903385,hjorth_mobility,hjorth_complexity,3.2594769554421816,0.8839932126529508,-37.90149688720703,-137.6953125,42.96875,-36.62109375,283.61060944007477,16.84074254420139,1716,eeg_data_level_4.csv,13,AF8,250.0078125,260.00390625
2214.7523239569055,316.39318913670076,551.4997474816124,145.2146933553292,278.13734566707365,924.0031687983914,115.50039609979892,169.00938488126664,54.08948785784445,114.32017854561049,314.53683724133725,39.31710465516716,75.9751719889113,18.589663547062337,33.874626596016256,317.8252355907063,8.363821989229114,32.275747467953664,2.5044790375840345,5.652598880302465,367.1953992094629,4.172674991016624,95.52015556824041,0.8861362752847998,2.3956552404338884,1.3210922465620174,0.7738008679484075,0.3421082328253112,0.4520632890331585,0.529884910523469,hjorth_mobility,hjorth_complexity,2.3395702977325836,0.7449568642084764,-43.102264404296875,-256.8359375,351.5625,-45.166015625,2188.3339242776856,46.77963151070865,1716,eeg_data_level_4.csv,13,TP9,250.0078125,260.00390625
1033.684486385806,147.66921234082943,205.42441780441396,126.27956510585146,131.25294492819063,534.5523973363045,66.81904966703806,111.7869846663883,31.21178056547407,70.041422209164,141.62232526339795,17.702790657924744,24.17267530933039,8.767938960394524,18.144682862951864,75.80692669477844,1.9949191235468011,7.976246132299593,0.6899957947748294,1.8596337996026728,121.57363313945311,1.3815185584028762,4.098705980236794,0.3670831365967356,1.2704831401127552,1.3588080414515034,0.9005422610248608,0.3387752776814749,0.26208032105285844,0.4462505134382597,hjorth_mobility,hjorth_complexity,2.463403886270414,0.7341492294519549,-42.638206481933594,-274.4140625,57.6171875,-41.015625,1059.3581795910723,32.547783021137896,1716,eeg_data_level_4.csv,13,TP10,250.0078125,260.00390625
288.8711188746782,41.2673026963826,89.76052370810856,10.906851715548122,28.949658478553715,81.53484458585301,10.191855573231626,14.638230089659011,7.8759125894179425,9.892900173325852,35.0737565878255,4.3842195734781875,6.284333956205714,2.847226850124747,4.000461477769438,83.65255625723579,2.201383059400942,4.231643192893571,0.8839108753584066,2.1287760670251044,162.01242558260952,1.8410502907114719,4.890156512792977,0.4100389912958985,1.6655074554378588,1.0662372215065166,0.48524121801926035,0.24939191479136977,0.6739219380134671,1.3290901309355383,hjorth_mobility,hjorth_complexity,2.803946254749448,0.8524050992317312,-41.400909423828125,-111.328125,54.6875,-42.48046875,409.61467602755874,20.238939597408724,1716,eeg_data_level_4.csv,14,AF7,260.0078125,270.00390625
27605.35892602844,3943.6227037183485,6186.588104473519,1579.8062105507395,4012.9596126485285,4591.663180396884,573.9578975496105,1233.4560676352414,190.89705939971103,454.59464646504034,708.1322887717008,88.5165360964626,158.95944306897,48.55433343283186,74.3152973324261,635.3394250562964,16.71945855411306,47.16644438661686,4.330116293852722,9.860704505373352,198.51359591240737,2.2558363171864473,11.078354173132299,0.3983699883628111,1.7885749926500492,1.6459992000122499,0.5125397136226946,0.11865651757640644,0.13339955488390787,0.05328857981546932,hjorth_mobility,hjorth_complexity,1.9503790194708306,0.5578694407914335,-36.981201171875,-1000.0,968.75,-34.1796875,16958.325318992138,130.22413493278478,1716,eeg_data_level_4.csv,14,AF8,260.0078125,270.00390625
3843.1886587595795,549.0269512513685,654.476673933368,470.98471257263634,521.2040123654521,1663.7251097982103,207.96563872477628,578.3403123896665,66.84874048647755,151.28155347293585,599.6889062478137,74.96111328097672,119.59726412186507,26.8890397086253,67.2723323570502,364.46276464328884,9.591125385349706,34.67476622641481,2.44700360507008,6.906985147964127,366.4885348449149,4.164642441419487,80.08244054686254,0.7695782733166593,2.456672392901912,1.3899436696498273,0.7658923361391746,0.3797263582161068,0.32964997994120454,0.34985194798312413,hjorth_mobility,hjorth_complexity,2.038831582712138,0.696778568113866,-43.02024841308594,-343.75,292.48046875,-40.52734375,3298.455432377523,57.43218115636496,1716,eeg_data_level_4.csv,14,TP9,260.0078125,270.00390625
2190.0391688165323,312.86273840236174,471.8988448151679,162.29675753388017,349.17536167402193,844.4808278198877,105.56010347748597,222.8312458408579,68.28974590538478,88.038238347566,226.61969956663717,28.327462445829646,54.004575767500604,9.14884610902147,24.889255389543415,129.82292262322926,3.416392700611296,12.040107276445797,1.118329821192007,2.408684918472557,123.69056563901279,1.4055746095342363,2.493520539333335,0.4955630501640102,1.348021592309965,1.426796378502743,0.794395324674628,0.2935785442702229,0.23788720139865205,0.2620984184187489,hjorth_mobility,hjorth_complexity,1.565610369371143,0.656946362659683,-33.00590515136719,-274.4140625,89.84375,-31.73828125,1865.0018014886882,43.18566662086725,1716,eeg_data_level_4.csv,14,TP10,260.0078125,270.00390625
456.6275484385634,65.23250691979477,133.6066667553653,19.338336102459078,77.22566784203303,119.79736243947093,14.974670304933866,27.304235782664428,3.8107832814079625,14.959650971801889,41.577164942055006,5.197145617756876,7.837252279024556,3.1439945505471902,5.016560946649402,86.11255272722707,2.2661198086112386,5.202811129788806,0.737840464450746,1.9909177496893957,106.80982211075528,1.21374797853131,3.7399997222038763,0.4627206671430046,1.0968681721958258,1.2792652732316787,0.5405312619135507,0.24681411040248485,0.5863833444566983,0.8080232932653736,hjorth_mobility,hjorth_complexity,2.5828148466461793,0.7919811966302658,-34.696006774902344,-94.7265625,110.3515625,-36.62109375,444.0742134102038,21.073068438416932,1716,eeg_data_level_4.csv,15,AF7,270.0078125,280.00390625
328.4334243740124,46.919060624858915,80.12272536006087,21.547705933424083,40.770449678267525,100.68699768421254,12.585874710526568,23.84699590756513,2.989700242340952,11.840156594861124,30.90076308433003,3.862595385541254,5.20141562274879,2.3166936718033404,3.8825393046893453,48.64397323321701,1.2801045587688686,4.052964601321373,0.526579200943549,1.2097755312718728,62.01557839800111,0.7047224817954671,1.5995839749692267,0.23038456237479737,0.654011568828698,1.3327361817192238,0.6178577703119503,0.25559549491581907,0.48422279542535024,0.6824162712332953,hjorth_mobility,hjorth_complexity,2.662422153563356,0.765920487296009,-37.75043487548828,-120.1171875,32.71484375,-37.59765625,307.77681382460287,17.54356901615526,1716,eeg_data_level_4.csv,15,AF8,270.0078125,280.00390625
5319.301400955314,759.9002001364735,1903.566181452528,340.1938594786633,461.90018346070286,1450.6978662357055,181.3372332794632,358.1860919936999,103.62426972936777,157.06400886680615,303.75736289182646,37.96967036147831,73.14758530761515,17.171539450328932,32.893637438362894,280.2694161378344,7.3755109509956425,31.84002041823551,2.0715184768775714,5.632736967003469,302.09316486441156,3.432876873459222,74.8309653217764,0.7046482661551017,1.9254169624316506,1.3833196434919024,0.6565393534065349,0.19388209133965242,0.23045200273016897,0.2571650854186657,hjorth_mobility,hjorth_complexity,1.1012344123542785,0.7032066965235072,-32.285308837890625,-366.69921875,255.859375,-31.982421875,6005.522324121557,77.4953051747108,1716,eeg_data_level_4.csv,15,TP9,270.0078125,280.00390625
2260.7031512227645,322.9575930318235,671.4266947264528,212.3341737770376,270.9346815862134,967.7691615918574,120.97114519898217,213.77227089355645,52.51509000157277,97.8657167069492,157.7729506401544,19.7216188300193,36.866723547607485,10.50316589537822,17.814535006754998,81.5120322785176,2.145053481013621,7.521252244995056,0.4424087703312758,1.8664042919444204,102.27923609139452,1.1622640464931195,2.7262699978024094,0.4333869586404318,1.1399086179804603,1.4300393305262062,0.8554322693709778,0.21826532506828233,0.15979742803791794,0.21973070817804255,hjorth_mobility,hjorth_complexity,1.5877235101814697,0.6655219459023346,-37.00599670410156,-253.90625,99.609375,-37.59765625,1896.8682036211248,43.553050451387726,1716,eeg_data_level_4.csv,15,TP10,270.0078125,280.00390625
113.00340908069634,16.143344154385193,25.438759571474222,4.958386737600414,16.46333696197515,27.941569623333276,3.4926962029166595,6.675149625430274,1.2685424267851424,2.759805550456626,15.25187623260192,1.90648452907524,3.1099287301470335,1.089920053447069,1.6283452067220683,65.37497146979653,1.7203939860472772,5.030760708267168,0.6416022200124304,1.4682848672190913,150.28645248478904,1.7078005964180571,5.390521082538187,0.401136820407748,1.294306195194121,0.8569474392422265,0.3091660634047517,0.19408643822284405,0.840350807330279,1.92421103018624,hjorth_mobility,hjorth_complexity,3.286012724414574,0.9213576854976093,-37.982940673828125,-96.6796875,19.53125,-37.59765625,236.1100254347548,15.365872101340516,1716,eeg_data_level_4.csv,16,AF7,280.0078125,290.00390625
360.2930594719848,51.4704370674264,82.80212980177345,16.808366765563743,59.92665533053412,84.50333006098896,10.56291625762362,17.65210946883855,6.6277445170163105,10.294212051906479,23.096261924106646,2.8870327405133307,4.246502217477179,1.550058351245891,3.0391049472703084,57.205082233805335,1.505396900889614,3.09858421008813,0.6666176885812248,1.261811413446626,76.52359879875391,0.8695863499858398,2.408118416407629,0.3179593398178604,0.8043339180948879,1.3566538726585524,0.5326970177026563,0.19174734253429704,0.5304973166995078,0.7731182941309709,hjorth_mobility,hjorth_complexity,2.8702856771804286,0.8187204768947032,-38.63334655761719,-135.7421875,35.15625,-37.59765625,325.4242670664098,18.039519590787606,1716,eeg_data_level_4.csv,16,AF8,280.0078125,290.00390625
2188.174266967156,312.5963238524509,486.7835294401484,173.2343205094928,278.1991539372635,1245.9042776264373,155.73803470330466,184.8185506200719,130.28804259642814,147.74087009071303,362.37068594356185,45.29633574294523,71.6394842274855,33.22472751393185,39.41769190509455,313.36588249484146,8.246470591969512,26.2525972639997,2.9075863580501604,5.777941527954859,303.1937629431856,3.4453836698089275,92.43212288083538,0.4304100141279714,1.8526393755029977,1.2594912026444358,0.9269307067976618,0.3663982611043101,0.42253267440738324,0.411578903241566,hjorth_mobility,hjorth_complexity,2.5607017058358523,0.7556836061906457,-45.22285461425781,-344.23828125,212.890625,-41.9921875,2078.2721518480685,45.58807027993254,1716,eeg_data_level_4.csv,16,TP9,280.0078125,290.00390625
872.7147721141677,124.67353887345253,184.64777439277108,55.66047251636707,134.67745444965269,425.28972887627236,53.161216109534045,63.96672488973721,42.79111352834205,51.08738420753622,90.86921314898456,11.35865164362307,19.578686271424814,7.17224678472757,10.570677565691147,100.40102627607904,2.6421322704231325,8.004699944772748,0.5351820283989271,2.099717819818893,85.37512245085703,0.9701718460324663,2.4191701170182145,0.40638011444640537,0.9203046016111555,1.3316429557525966,0.881682924979508,0.2706725864668031,0.3790857619100279,0.38067542148796196,hjorth_mobility,hjorth_complexity,2.5607017058358523,0.7131823561727075,-39.217185974121094,-245.1171875,62.5,-37.59765625,806.5806774175144,28.4003640367076,1716,eeg_data_level_4.csv,16,TP10,280.0078125,290.00390625
2148.1148536597902,306.8735505228272,580.8392132226801,164.07236421694859,223.8273495507741,318.1342346742259,39.76677933427824,81.19976313736778,19.212753058935668,31.019054055673966,60.362455204436884,7.5453069005546105,9.78873641662713,4.63341571245305,7.903936461377791,136.1598110312424,3.5831529218748,11.201538465316418,0.9054898633415748,3.077208932542489,106.72010117785024,1.212728422475571,5.32868498090984,0.38619677550945636,0.9668085299166493,1.5937424932285067,0.4651243407725245,0.12525598166721774,0.31270118903506594,0.2856146715625245,hjorth_mobility,hjorth_complexity,2.167087799412034,0.7137358515642067,-33.434486389160156,-371.09375,146.97265625,-37.109375,1589.0794104416273,39.863258903928404,1716,eeg_data_level_4.csv,17,AF7,290.0078125,300.00390625
923.0922719023374,131.87032455747678,205.30659658959524,64.40895944150196,118.17802696333098,112.28184780384746,14.035230975480932,23.40059786338037,8.538329773340799,13.245223320646122,41.51782826018674,5.189728532523342,7.339831119377395,2.7296107255992097,6.02604021929867,64.16686033570224,1.6886015877816378,4.751158068818302,0.5980515921019632,1.4105322479933289,70.40714794989145,0.8000812267033119,1.8915921654807677,0.26831992136460436,0.7492892657224678,1.6113602491151426,0.397476897082927,0.17870769231307349,0.3298587990880455,0.40725844684326545,hjorth_mobility,hjorth_complexity,2.308611900598126,0.7144688186743023,-37.38555908203125,-145.01953125,52.734375,-36.62109375,563.5010986588895,23.73817808212942,1716,eeg_data_level_4.csv,17,AF8,290.0078125,300.00390625
10499.659934792724,1499.9514192561035,4251.066369990953,474.880191923654,1116.021648548124,1916.1319979375808,239.5164997421976,479.9091218311683,74.58905795943494,219.832327603962,227.24675865144783,28.40584483143098,45.667810157408695,13.222795840781467,27.541737361181326,261.1634038833879,6.872721154825998,22.849292255113596,2.3359184362920415,5.849807663603725,604.660741488264,6.871144789639363,62.3472620634428,1.672180516328008,5.440925344386683,1.4460860022926894,0.5210722414969764,0.0960413214187313,0.13494342105638202,0.30705097083190774,hjorth_mobility,hjorth_complexity,1.698289214233104,0.7847688424758354,1.204681396484375,-427.24609375,470.21484375,-33.69140625,15266.206603846513,123.5564915487912,1716,eeg_data_level_4.csv,17,TP9,290.0078125,300.00390625
8474.318848332092,1210.6169783331559,2632.353239048174,250.21372961271481,1106.961980687392,1299.844478440044,162.4805598050055,369.27948512920057,81.44238155656676,123.88162972059949,174.6181379696111,21.827267246201387,31.05040154224493,6.544042774386146,24.291557253977736,164.15763730795106,4.319937823893449,13.053263775286858,1.6336533872255428,3.5679373065610753,248.98902695919224,2.829420760899912,6.238345753645181,0.8235036927772533,2.6142760787727126,1.5589310924059974,0.48929593321986076,0.09961188901310328,0.11734221295676095,0.18864933529694142,hjorth_mobility,hjorth_complexity,1.5258067159125546,0.7134373902857595,-17.254066467285156,-423.33984375,284.66796875,-32.2265625,6388.886032764276,79.93050752224883,1716,eeg_data_level_4.csv,17,TP10,290.0078125,300.00390625
341.50551344610057,48.78650192087151,130.4108060597547,17.66589959471661,33.107882650812954,43.699028596702135,5.462378574587767,8.439522832053179,3.5209649925437323,5.087069976843507,18.89052456956663,2.3613155711958287,3.6547131456960744,1.2829842769400717,2.286277459274982,62.876675792381796,1.6546493629574157,3.527053180785538,0.6067534215696184,1.5835533326189122,85.39401159573231,0.9703864954060489,3.4915354939889696,0.2496843490295237,0.8935831116339267,1.2632000527613363,0.3273218334517809,0.16662405538488337,0.5868276788942367,0.8615708068675829,hjorth_mobility,hjorth_complexity,2.450136001784218,0.8188894403298876,-37.91999816894531,-127.9296875,47.36328125,-38.57421875,332.4959739984479,18.234472133803266,1716,eeg_data_level_5.csv,0,AF7,120.01171875,130.0078125
1086.4478211812227,155.20683159731752,368.0694684709169,45.83378488575564,132.76478347328379,144.41165532610796,18.051456915763495,51.81121312532412,4.768662856553316,14.44181641314671,37.80568550088877,4.725710687611096,8.388176538383826,2.7872416098025186,4.091248146860795,45.819974575078476,1.2057888046073284,2.584617886093539,0.5700398632624752,1.0230356411250543,47.955062039221204,0.5449438868093318,1.6936281916686156,0.13042587022713117,0.4529253245955658,1.5367438630093975,0.42345787153790687,0.15315908011715168,0.23030717082646554,0.2672619954952098,hjorth_mobility,hjorth_complexity,1.8309680590950654,0.676008504513576,-40.778541564941406,-205.078125,139.16015625,-38.0859375,774.2786281960434,27.825862577753874,1716,eeg_data_level_5.csv,0,AF8,120.01171875,130.0078125
3717.917343372852,531.1310490532645,925.9554084900917,395.8836829916506,424.495600764277,1656.6445376244258,207.08056720305322,342.92417000442913,69.3775970028428,206.03108616020398,548.6299856267041,68.57874820333801,103.83528084958648,48.86641205661642,61.30309739763775,685.9178255621206,18.050469093740016,47.3199283211833,4.973884797944664,14.468365368771101,356.9011335951824,4.0556946999452546,90.18615219214814,0.8190062767786901,2.1308348345880166,1.3236124625458598,0.7999993100368256,0.3547463173039159,0.5568004634996682,0.3318247529016168,hjorth_mobility,hjorth_complexity,1.8796169688777846,0.6596725860510733,-42.93689727783203,-316.40625,543.45703125,-41.015625,3692.58523973258,60.76664578313155,1716,eeg_data_level_5.csv,0,TP9,120.01171875,130.0078125
596.2013575263446,85.17162250376352,134.21298525736233,24.51444984529981,101.3696472926233,91.47991659698602,11.434989574623252,16.488848677894467,4.854971236783143,12.70599194581106,27.95516041490007,3.494395051862509,5.790966266295052,2.3987807385797826,2.9943487155961694,68.61459580424567,1.8056472580064649,3.6957150736704056,0.9675885650667794,1.6209245688521032,73.80292210587213,0.8386695693849106,2.907965067709408,0.24039535875965334,0.7917582511855024,1.4799269129456558,0.4379669067493831,0.1715104340768726,0.4705914562883993,0.5665276468586142,hjorth_mobility,hjorth_complexity,2.1272841459534457,0.7244127666356787,-33.48541259765625,-247.55859375,82.03125,-33.203125,760.5761638842523,27.578545354754525,1716,eeg_data_level_5.csv,0,TP10,120.01171875,130.0078125
63.05863774373758,9.00837682053394,17.68405302526803,3.656203545637046,6.35045712359025,26.591881174905808,3.323985146863226,5.262323211406816,1.3901002860876508,3.838322107872062,6.727836642617382,0.8409795803271728,1.3741113724898852,0.38684109125208394,0.7472497202673117,60.718682436184835,1.5978600641101273,3.0018382565957,0.49885274832310916,1.6022681218663801,103.77331120628448,1.1792421727986873,2.6020259906805965,0.368960360388977,1.1053571254326973,0.7274967185334424,0.4044435363495874,0.13560466847458075,1.0939153913008062,1.9659132290687578,hjorth_mobility,hjorth_complexity,3.1046849697698935,0.8638294530143338,-40.03105163574219,-83.0078125,8.30078125,-40.0390625,160.8894496166613,12.68422049700577,1716,eeg_data_level_5.csv,1,AF7,130.01171875,140.0078125
313.5025090490904,44.78607272129863,75.79412148977816,15.52754291034622,47.99255836030537,69.49130568946939,8.686413211183673,15.854926625432888,5.665395813570869,8.079024893783881,23.110320163542585,2.888790020442823,4.771464186994571,1.0662514029393368,3.0888958230220602,39.34714727689777,1.0354512441288888,3.4107771807299647,0.44197074757735366,0.9206026501228963,57.34959993493628,0.6516999992606395,1.7522776235811781,0.17936164189005652,0.6304037516751293,1.4124618484526859,0.5376122344999352,0.22682985435564823,0.4601182115322989,0.7223046309609265,hjorth_mobility,hjorth_complexity,2.383796579353237,0.7770480599254084,-38.05980682373047,-130.37109375,49.8046875,-38.0859375,321.9794173128321,17.943784921605367,1716,eeg_data_level_5.csv,1,AF8,130.01171875,140.0078125
3316.001047004889,473.71443528641277,803.8319790385099,188.97274970266164,517.1824515396233,1607.9192434405131,200.98990543006414,356.9451109226644,68.65484753740007,177.2717502969104,615.2879568695287,76.91099460869108,130.27383368974878,39.51352307635351,72.08271389745185,528.4865406065592,13.907540542277873,33.899358305641435,4.028237523027455,10.328988433303017,324.69319419085065,3.6896953885323938,67.84967108860332,0.6466110403116108,2.0193550727193728,1.2986023853526016,0.8263736401029782,0.4147083783612794,0.48646710357682865,0.3394160751994788,hjorth_mobility,hjorth_complexity,1.9857600447673536,0.6893635407182692,-41.04156494140625,-357.421875,586.42578125,-38.57421875,3255.492893513292,57.05692677943049,1716,eeg_data_level_5.csv,1,TP9,130.01171875,140.0078125
492.16315779245895,70.30902254177985,131.44330238298957,22.67535853966196,75.58294561663232,99.55993635676742,12.444992044595928,22.493195302267345,3.828626096392915,12.71114949695328,40.54526966101204,5.068158707626505,7.782278465994458,3.186994197547466,5.035863334604486,82.66380196172858,2.175363209519173,4.193995394150598,0.8486726455539233,2.0457834409163365,92.79062188006723,1.054438885000764,2.3264942150230463,0.3591749451348678,0.9810746991699677,1.3499593450543221,0.4771556146209584,0.24056455521820763,0.5698583402342488,0.7163675360350308,hjorth_mobility,hjorth_complexity,2.436868117298022,0.779812252504858,-38.030433654785156,-164.55078125,20.01953125,-36.1328125,400.2293498706422,20.0057329251053,1716,eeg_data_level_5.csv,1,TP10,130.01171875,140.0078125
91.55461990863108,13.079231415518725,19.01895545164747,6.292743154352085,12.958836494436646,51.902636445839036,6.4878295557298795,11.217780914966987,3.1632531351195943,5.9981574897589285,16.44957757762883,2.0561971972036037,2.9915121478360884,1.14862232495994,1.9627847232751245,53.401904630858276,1.4053132797594283,2.850468126385035,0.6551214931281153,1.305409618287738,92.55107218590582,1.0517167293852934,2.6039004227907423,0.2685378572267295,0.9065549384847886,0.882261977177071,0.6083962350230727,0.2518429527471123,0.8761967390939768,1.5929880848252487,hjorth_mobility,hjorth_complexity,3.378887915817947,0.8466749778376201,-38.00621032714844,-83.0078125,23.92578125,-38.0859375,163.44448071322404,12.784540692305846,1716,eeg_data_level_5.csv,2,AF7,140.01171875,150.0078125
199.33907969671787,28.47701138524541,42.238947013213114,18.540039526766172,27.260190221680975,108.18641919604076,13.523302399505095,24.699428348261264,4.101751399242842,13.737599998496474,24.799222280127587,3.0999027850159484,4.928890342267916,1.817180717636273,3.2923202200765878,46.582149519508754,1.2258460399870725,2.4067709746826775,0.50097911195481,1.250432312504661,55.67779035327767,0.632702163105428,1.4045977127932863,0.2031906369257214,0.5658794111556388,1.1961103995371039,0.8065732956823308,0.26996475141631776,0.6005524769160923,0.7966087586296645,hjorth_mobility,hjorth_complexity,2.29534401611193,0.7707366216880861,-35.69812774658203,-117.1875,27.83203125,-35.64453125,241.8555464464589,15.551705579982503,1716,eeg_data_level_5.csv,2,AF8,140.01171875,150.0078125
2870.337689918837,410.04824141697674,605.3006520086869,173.56689189084142,394.31240131273495,1499.576171229944,187.447021403743,283.4814932776003,79.59244055883282,206.3760486389569,283.3881640566499,35.423520507081236,59.766349522009556,21.59319459241999,35.39533077879405,348.7241913124732,9.17695240295982,29.98995686982841,3.9505464705487676,6.937811563889616,295.8600584069759,3.3620461182610897,74.58006397802593,0.6476801136342288,1.935823817395331,1.3334457154052948,0.9114524827284607,0.2614444582467142,0.40201894038159164,0.35787932552963664,hjorth_mobility,hjorth_complexity,1.6452176762883197,0.6879423630210649,-40.210914611816406,-466.30859375,178.7109375,-37.59765625,2493.6830522710807,49.93679056838836,1716,eeg_data_level_5.csv,2,TP9,140.01171875,150.0078125
1049.5110785712002,149.93015408160002,253.3317882898678,74.67434205574025,132.88166525520364,340.10742067005253,42.51342758375657,76.50693355464153,15.075060905844039,40.164410315157774,65.15997943772317,8.144997429715396,11.393045549826235,5.026085579431015,7.9793423616335835,65.39813715251458,1.7210036092766994,3.1242597488186665,0.9803067181306572,1.6635994101699163,88.95552468951252,1.0108582351080968,2.2506091709611864,0.3216620795029769,0.9038234525839913,1.4721185761283406,0.7265412975210535,0.20730251800408342,0.26955353082025413,0.3928205682719567,hjorth_mobility,hjorth_complexity,2.167087799412034,0.7064122864322891,-36.32659912109375,-241.69921875,28.3203125,-34.1796875,813.9847568236291,28.530418097595927,1716,eeg_data_level_5.csv,2,TP10,140.01171875,150.0078125
176.1648122653129,25.166401752187557,44.74395818708651,16.223158146952617,24.24563281267568,87.63397441688453,10.954246802110566,17.1621062719644,5.1384344159863025,9.859047809603851,24.896142182568237,3.1120177728210296,5.896246505642751,1.1793167761821621,2.8660733929448168,61.06192322112221,1.6068927163453213,2.6623907142115173,0.9398015326939613,1.5508339379915186,89.09586101840699,1.0124529661182613,3.1372576553166027,0.4172415271515778,0.9165134730202502,1.0845028635358094,0.6934353228722075,0.26189084482975683,0.7397893342962312,1.1551230665523722,hjorth_mobility,hjorth_complexity,2.697803178859879,0.8223451393823846,-37.517356872558594,-83.49609375,81.54296875,-39.55078125,313.4488840805716,17.704487681957126,1716,eeg_data_level_5.csv,3,AF7,150.01171875,160.0078125
452.77581004224635,64.68225857746377,129.4925459309585,14.267797743848247,69.38979003523612,119.94051169886038,14.992563962357547,32.51929753773806,7.475979367077122,10.259196873469616,23.48992576643768,2.93624072080471,4.799098661803437,1.9573852261030484,2.5318475655504273,43.03110655929355,1.1323975410340408,1.9528102662866351,0.32685745216484974,1.1549288657288597,58.6980076787611,0.6670228145313761,1.3155084654670839,0.1940136013700557,0.6566450295106853,1.3525208050495006,0.618935316839406,0.17814219235001014,0.3829553167253908,0.5623786322003816,hjorth_mobility,hjorth_complexity,2.5253206805393296,0.7715177542689632,-38.022804260253906,-151.3671875,77.63671875,-38.57421875,333.6949462755001,18.267319077398852,1716,eeg_data_level_5.csv,3,AF8,150.01171875,160.0078125
2401.4419225434162,343.0631317919166,516.3517690991142,131.54207911998287,337.7717674974026,1394.3185318653964,174.28981648317455,505.0186451098608,33.136254300570826,64.83516123141575,234.5734795825797,29.32168494782246,96.9734023211437,6.2290433581079245,14.068513537707458,195.39342003309605,5.141932106134107,16.45812908221785,1.0911772190294073,4.2452600302571515,267.1717279878056,3.0360423634977907,80.31720763986921,0.3602607276810888,1.494602626531512,1.3249502706650989,0.843130342999367,0.2391389442859445,0.28401480382872507,0.3664343416558718,hjorth_mobility,hjorth_complexity,2.3041892724360604,0.6916254523870563,-41.158485412597656,-330.078125,391.6015625,-38.0859375,2997.9087281026295,54.75316180918349,1716,eeg_data_level_5.csv,3,TP9,150.01171875,160.0078125
1966.0237523634883,280.8605360519269,393.2672387598758,152.7454379532461,291.4583926212397,502.556507109837,62.81956338872963,125.76267532224728,27.841965084549802,48.20341428879384,63.518382964466724,7.9397978705583405,12.67249931659596,3.4961636496278428,7.423580257658921,78.66700594079325,2.0701843668629802,3.2034853045739724,1.2483729478592926,2.1001748392871935,103.32669509895084,1.174166989760805,3.18989480802469,0.5123565904617853,1.0714858980339765,1.5881174165441678,0.6604972605057825,0.13212915221197147,0.2037198776941435,0.28676424240280035,hjorth_mobility,hjorth_complexity,2.0122958137397458,0.6681501459858841,-37.815093994140625,-291.015625,126.46484375,-35.64453125,1450.1257188385352,38.08051626276271,1716,eeg_data_level_5.csv,3,TP10,150.01171875,160.0078125
577.4387203305697,82.49124576150996,124.41189494531119,48.55252448239577,79.9069435744882,226.0615307185291,28.257691339816137,43.55871755164927,13.799731306465029,26.431528035833786,61.51181630678835,7.688977038348543,16.196536102582776,4.173380934141274,6.136867384321254,74.37233476027042,1.9571667042176426,3.333068268716593,0.7249345791007075,1.7735905407627912,90.93936364803858,1.033401859636802,2.002042548774773,0.23303979036631675,1.0148295098731823,1.3677225820063268,0.7568565772933112,0.2792757497624388,0.43602801647307604,0.5876966956523493,hjorth_mobility,hjorth_complexity,2.7066484351840097,0.7834951012508837,-40.576171875,-175.29296875,141.6015625,-41.015625,565.5620619654655,23.781548771378738,1716,eeg_data_level_5.csv,4,AF7,160.01171875,170.0078125
259.10485453539854,37.01497921934265,64.96417095294424,14.773484279222982,42.56155083528487,80.82262888244745,10.10282861030593,18.093097190108672,3.3860877359934576,11.250252076173831,23.970127817045935,2.996265977130742,4.319921861187721,2.2474169782779345,2.702639114910544,41.15076448826238,1.0829148549542733,2.0911240807087976,0.4382277693927273,1.0898028016660934,55.446993970409665,0.6300794769364735,1.1877221112597918,0.19093237580993958,0.6096997311363705,1.3108570288575798,0.6357834020694202,0.25332576301280263,0.5193363508024993,0.7611611362105869,hjorth_mobility,hjorth_complexity,2.4103323483256296,0.7668581486599826,-35.576820373535156,-124.51171875,53.22265625,-36.1328125,297.9684408273897,17.26176239053793,1716,eeg_data_level_5.csv,4,AF8,160.01171875,170.0078125
4977.26269360534,711.0375276579058,1325.2834123206196,250.25723902517353,643.6661741352367,1729.7960981299866,216.22451226624833,340.1123976345898,107.81568033627471,221.44952949226865,499.7403472989729,62.46754341237161,96.2258183954901,36.62669783489289,53.655659382393274,513.5883782672616,13.515483638612148,43.31199157129798,2.4810522164003466,8.861356130129234,288.1145725100768,3.274029233069055,68.94385031444523,0.5797308477617745,1.7962260951806144,1.438415824592449,0.7611110754119215,0.29655554387881583,0.39201049478365096,0.2496205287158828,hjorth_mobility,hjorth_complexity,1.5125388314263584,0.6053540751047226,-38.81568908691406,-375.48828125,337.890625,-33.69140625,4171.26099797315,64.58530016941278,1716,eeg_data_level_5.csv,4,TP9,160.01171875,170.0078125
1108.1105390205662,158.3015055743666,224.42444354041456,42.9920698236339,189.2115884166968,538.2030057376671,67.27537571720839,135.06721217991065,26.594070032848396,59.53974736351492,79.07205129362838,9.884006411703547,18.104817810490747,3.6257935597083986,8.900345104808252,66.55219193245185,1.7513734719066276,3.643148736377849,0.675667191521685,1.5169860491753129,79.42571653438786,0.9025649606180438,2.4654992093656554,0.17159838294881763,0.8651564913451728,1.3931413318940424,0.9061540127760641,0.21339590798046368,0.24157057484108366,0.3154024163669486,hjorth_mobility,hjorth_complexity,2.23784985000508,0.6645894367094202,-35.23750305175781,-260.7421875,54.19921875,-33.69140625,1019.174150278559,31.9245070483251,1716,eeg_data_level_5.csv,4,TP10,160.01171875,170.0078125
129.40599196106422,18.48657028015203,27.07477844653043,11.29029552411051,16.82809624612794,62.699940807637866,7.837492600954733,19.000043819956137,3.4430104511140716,6.810408783483583,22.870734914431758,2.8588418643039697,6.30531302481588,1.4974066288224952,2.608650367803736,59.87924472124324,1.5757695979274537,2.4454321763096365,0.8442385203628454,1.5743757556329219,86.29815979007768,0.9806609067054282,2.455495511405843,0.2504516546125845,0.91120649812262,1.0127184047574165,0.6111198056206137,0.28766871691106904,0.8554012045523588,1.327721165840187,hjorth_mobility,hjorth_complexity,2.6579995254012907,0.8174296651367227,-40.56415557861328,-95.21484375,52.734375,-40.52734375,196.78440407005837,14.027986458150663,1716,eeg_data_level_5.csv,5,AF7,170.01171875,180.0078125
247.3353492601166,35.3336213228738,57.029287645376094,17.512916965431437,27.23478055039008,79.12449943801775,9.890562429752219,18.786865423732152,4.1134883654458765,8.492485253121037,23.241501231499367,2.905187653937421,5.316907703168729,1.0891701581490842,2.271022715072654,45.501298353337056,1.197402588245712,2.5205744739977414,0.4493638307947961,1.1405443285590124,61.9232185906573,0.7036729385301966,2.00065866693366,0.10551636120229235,0.6202365166444075,1.3079391859090215,0.6166681523399913,0.24139024068116774,0.5638268696302585,0.8319886021003534,hjorth_mobility,hjorth_complexity,2.1361294022775765,0.7674966903597401,-36.318206787109375,-104.4921875,71.2890625,-36.62109375,268.8524260884151,16.396719979569543,1716,eeg_data_level_5.csv,5,AF8,170.01171875,180.0078125
4605.579411015447,657.9399158593495,1175.63523288564,296.1932578536394,618.6613212289477,3389.1309063068097,423.6413632883512,856.6978973788152,186.44438351574632,308.5700420821901,1584.4661839327696,198.0582729915962,364.18485443701724,82.25704444993137,185.7899063216015,1511.0589013242386,39.76470792958523,217.5415700282246,9.463416802169453,33.21304134378772,541.4893646692441,6.153288234877774,82.65487540865296,0.8250851519007444,4.1734177447462395,1.0966744973910305,0.9147027415305078,0.542351824021776,0.7024937334603186,0.324785484242358,hjorth_mobility,hjorth_complexity,1.897307481526046,0.5487847574732991,-38.992881774902344,-659.1796875,867.67578125,-38.0859375,7339.034318829363,85.66816397489421,1716,eeg_data_level_5.csv,5,TP9,170.01171875,180.0078125
17330.35373575382,2475.764819393403,4582.114305217133,347.10084371289554,2462.8639401185787,17894.134567332658,2236.766820916582,4246.759715982516,594.4592725238965,2129.5854416013185,1741.776060273015,217.72200753412687,334.68383523624783,68.82740921559925,227.23293016038497,758.9142008227191,19.971426337439976,52.6965997924301,3.0078072391182453,18.78993071423521,246.10089371261185,2.7966010649160435,9.12501340894417,0.5186162605432177,1.9552263515891337,1.1550237307690476,1.258720291790052,0.23305195849721175,0.14705422637828097,0.05999432788683401,hjorth_mobility,hjorth_complexity,2.2864987597877993,0.4998944591160511,-42.650604248046875,-1000.0,978.02734375,-37.109375,13867.960050120018,117.76230317941314,1716,eeg_data_level_5.csv,5,TP10,170.01171875,180.0078125
19155.311782709814,2736.473111815688,9005.262061530048,299.1740077658732,1083.4151974043746,731.559418123812,91.4449272654765,250.87674326192578,22.067436511153335,60.41227975150578,300.5164746280599,37.564559328507485,73.13222795305938,10.506472970328394,28.414608024339593,209.63664241188127,5.516753747681086,31.77096477163598,1.0961530828146306,2.903912112534593,159.54873369830204,1.8130537920261596,5.261141567591842,0.37844703934373375,1.6390801915706212,1.3101294173345965,0.17198863145497084,0.0837616278684131,0.07474636827461181,0.06756776051454895,hjorth_mobility,hjorth_complexity,0.800495697333833,0.6955916915854824,-17.998886108398438,-201.66015625,957.03125,-49.072265625,15308.39363564155,123.72709337748766,1716,eeg_data_level_5.csv,6,AF7,180.01171875,190.0078125
31487.996587421476,4498.285226774497,5727.742520303834,3061.775716657883,4948.060974601987,7259.985410922836,907.4981763653545,2387.632829065035,316.34220550726485,629.1416523126431,920.8583726937012,115.10729658671265,232.37731471868418,68.48689971202134,85.80389340557925,948.2271151602295,24.953345135795512,81.8844740292311,1.994771984439741,7.806328633033109,548.6091858205413,6.234195293415241,14.823463774807102,0.7892644125253399,6.338237705117271,1.6318389627762142,0.6076662965541463,0.12389826230947909,0.15161099783986448,0.1097310047637142,hjorth_mobility,hjorth_complexity,1.9769147884432228,0.6164944789797729,-30.633163452148438,-1000.0,975.09765625,-42.96875,25670.504621084543,160.22017544954988,1716,eeg_data_level_5.csv,6,AF8,180.01171875,190.0078125
9052.996140713025,1293.2851629590036,2413.5890026751385,208.41632967950125,1051.4734601922341,4192.432779203261,524.0540974004076,1421.042522874834,246.12270270475275,309.0506840336583,1101.9428255224507,137.74285319030633,189.45091881590267,86.37063740420245,130.62062514297804,958.8203654602686,25.232114880533384,89.66213208423119,2.347508998885304,20.479771570683106,469.0821880012569,5.330479409105192,102.33409296134025,0.7838014099647514,3.334333825745653,1.3275340206561959,0.8431767799927512,0.32676739140793887,0.3731056149958245,0.21535623009719979,hjorth_mobility,hjorth_complexity,1.47273517796777,0.581313686112962,-42.8985595703125,-460.44921875,743.65234375,-44.921875,8008.1946309655905,89.48851675475234,1716,eeg_data_level_5.csv,6,TP9,180.01171875,190.0078125
1767.0548263260307,252.43640376086154,405.97711070871503,153.4676433115155,220.88432607714535,593.0797563568102,74.13496954460128,152.8674525419406,30.20663315069315,68.53596988552313,75.70755988687809,9.463444985859761,17.169093453453456,2.5440971029600097,9.061869925923661,77.74333124163259,2.0458771379377,5.056027429126888,0.8220456162940584,1.6881539556852985,108.42229449197313,1.2320715283178765,2.436966146683915,0.5429503852430019,1.1038519550488806,1.5300052536309332,0.7716928603515056,0.15644323781057837,0.20511294870012295,0.3091893795809775,hjorth_mobility,hjorth_complexity,1.9857600447673536,0.6963750804652883,-47.16510772705078,-270.5078125,74.21875,-49.072265625,1570.2032774788677,39.62579055967045,1716,eeg_data_level_5.csv,6,TP10,180.01171875,190.0078125
379.89872713263003,54.271246733232864,110.24625675567069,24.841281145792543,38.364667054491505,200.1983309766191,25.024791372077388,57.0011704322149,9.709001486863936,16.300065354329455,17.355506247158647,2.169438280894831,3.073654804206273,0.828355944836226,2.2710884557501934,63.02685303040597,1.6586013955369991,3.597677809084591,0.7515864399100824,1.5659880959474806,157.372523707617,1.7883241330411024,5.583930333160769,0.5734607230683944,1.4723933816128505,1.1430695966716606,0.7737437125432256,0.11846518740345535,0.45007367109870033,1.1003413162793165,hjorth_mobility,hjorth_complexity,3.3611974031696854,0.8809000341637752,-43.745994567871094,-110.3515625,92.28515625,-44.43359375,388.881045182643,19.720067068411378,1716,eeg_data_level_5.csv,7,AF7,190.01171875,200.0078125
370.01958423684295,52.859940605263276,71.61011929546869,41.42339853862063,47.81655493230323,106.49197836229732,13.311497295287165,28.485643635126255,6.755570974513897,11.595652493010837,26.60195296797769,3.3252441209972114,9.28003452559532,1.117810785753492,2.659714027891548,51.87986772739839,1.3652596770367997,2.5177001149758405,0.46850440896438567,1.2110446989382575,78.39603913005476,0.8908640810233496,2.6171813585974237,0.2614985624482075,0.8218349957546226,1.401413077268149,0.6104931944251293,0.2049341495131472,0.4782303400420515,0.774622051399839,hjorth_mobility,hjorth_complexity,2.5032075397290026,0.8095829186283332,-36.34624481201172,-139.16015625,30.76171875,-36.62109375,351.6407566712587,18.752086728448617,1716,eeg_data_level_5.csv,7,AF8,190.01171875,200.0078125
7486.111449059823,1069.444492722832,1746.9912491229438,343.7725887761242,997.6626306268058,3888.8184662315584,486.1023082789448,581.374484398153,255.62911263658367,519.1091205624239,1084.0022919490348,135.50028649362935,183.15695827115425,74.10793506696963,138.40651907693723,1106.1821521030884,29.110056634291798,79.1500313880205,8.050735813487348,22.538831952244642,446.80087346615403,5.0772826530244775,77.6783332514064,0.8622457446072764,3.184109586538204,1.3205822007826291,0.9218642653335869,0.35375633676640267,0.46976610772450916,0.23327034292037904,hjorth_mobility,hjorth_complexity,1.8088549182847387,0.596538940929651,-38.89617919921875,-490.234375,645.01953125,-33.203125,5604.720020201057,74.86467805448079,1716,eeg_data_level_5.csv,7,TP9,190.01171875,200.0078125
2473.8988393688223,353.41411990983175,616.7108704243002,131.94882904250866,321.5839833679723,1220.83742697483,152.60467837185374,268.547994448704,61.44089948264312,123.18378306620215,129.41747680569733,16.177184600712167,29.94980211543267,4.97443197865139,15.075090105722783,82.82524126552352,2.179611612250619,5.880409190443898,0.9075020843750138,1.937170501632761,91.2614365137196,1.0370617785649954,2.305393054867299,0.3608703723080631,0.9519227106749144,1.414342710597666,0.947504291760115,0.1695063352703117,0.1510483791013873,0.18394969270111233,hjorth_mobility,hjorth_complexity,1.9857600447673536,0.6524159320608488,-39.09587860107422,-325.1953125,58.10546875,-36.62109375,1669.9942794730305,40.86556349144143,1716,eeg_data_level_5.csv,7,TP10,190.01171875,200.0078125
122.50346928235051,17.500495611764357,27.036387269779343,8.53361282332466,16.992985884335567,64.77071384373274,8.096339230466592,12.126811485780378,5.368329606598956,7.653161101904514,13.478562205825304,1.684820275728163,2.43262902137551,1.0116881225648005,1.634130416504973,47.763331370337184,1.2569297729036102,2.5753098897434636,0.4926467387009175,1.1254929336742716,166.6830223069134,1.894125253487652,6.900267456893509,0.4302850069420583,1.5054551588517588,0.8536761523092387,0.5612062568461198,0.16215196747420962,0.600975302576385,1.9281388223146905,hjorth_mobility,hjorth_complexity,3.7592339377555692,0.9482357717724325,-42.73109436035156,-102.5390625,60.546875,-42.96875,233.49370327196084,15.280500753311745,1716,eeg_data_level_5.csv,8,AF7,200.01171875,210.0078125
234.24202001431843,33.463145716331205,58.71392078018458,17.063672711656125,33.56425564455312,86.37850549716546,10.797313187145683,20.088495517230204,6.427261216921462,7.653392843411923,24.616878578546768,3.077109822318346,4.599523615751732,1.1196575681198144,3.385631661449286,35.36067160044839,0.930543989485484,1.9103581561743317,0.3037091705607331,0.773956484219428,75.53937819122405,0.8584020249002733,2.4557011487433673,0.2931519262552805,0.7519448975699743,1.2525477608425788,0.6561341706109677,0.250274480139346,0.44695139774630005,0.9680092343088551,hjorth_mobility,hjorth_complexity,2.7951009984253172,0.8655289767095419,-36.89994812011719,-104.4921875,40.52734375,-37.109375,249.99632136314176,15.811271971702396,1716,eeg_data_level_5.csv,8,AF8,200.01171875,210.0078125
3291.928403291524,470.2754861845034,809.9846421745228,292.3257252904058,451.1596314031856,1874.5313909294478,234.31642386618097,519.1874962916512,101.3293063914049,209.8854676161011,767.9223335916803,95.99029169896004,187.60645071217724,58.32098385497664,82.463977276148,802.0558935807537,21.10673404159878,68.63529752014836,4.742258548119012,15.293531205914885,367.8517289788779,4.180133283850885,79.14893408769039,0.6140467675096828,2.3982076932462624,1.219611214118576,0.862696361403257,0.45015932994717534,0.6197583352402958,0.34478431163383705,hjorth_mobility,hjorth_complexity,2.0299863263880074,0.6324676140170166,-37.94288635253906,-469.7265625,481.4453125,-35.888671875,4014.968711271649,63.363780752663814,1716,eeg_data_level_5.csv,8,TP9,200.01171875,210.0078125
974.0593198748375,139.15133141069106,220.15362113922265,64.12770958027026,138.72216621672666,438.66439079743077,54.833048849678846,83.03118277562334,24.840289242420866,51.33473685655528,95.82687998588638,11.978359998235797,23.180927034878366,4.999932468774753,12.26349803102227,77.67896449209591,2.044183276107787,5.466474528138946,0.5347566754061063,1.5927871713564685,102.14951149862227,1.160789903393435,2.6995831594609694,0.2919716875520305,1.023912873179421,1.3864197333016641,0.8529098005938163,0.2672077097458042,0.29455987188873123,0.424485892779144,hjorth_mobility,hjorth_complexity,2.5164754242151988,0.7485602592171283,-38.59233856201172,-284.66796875,37.109375,-37.109375,851.8900232957094,29.187155107953043,1716,eeg_data_level_5.csv,8,TP10,200.01171875,210.0078125
97.3089598400223,13.901279977146043,16.683085941832477,11.087495654896204,13.79964110842514,51.96944235112027,6.496180293890034,12.467235066526259,3.7767552860324076,5.789792600123404,18.160158109051512,2.270019763631439,4.9241555425363215,0.7211099930100411,2.2488394054274794,67.70001740031786,1.7815794052715226,4.225153239092188,0.41356177752556783,1.5302312611838653,144.85065071747633,1.6460301217895037,4.636246434129017,0.42390134081530356,1.413062900110741,0.782744666737013,0.5025488241331963,0.21657044596859998,0.8473821607342099,1.8499915871772044,hjorth_mobility,hjorth_complexity,3.7636565659176346,0.9213202012388694,-40.364837646484375,-86.9140625,43.9453125,-41.015625,205.47252555843443,14.334312873606269,1716,eeg_data_level_5.csv,9,AF7,210.01171875,220.0078125
286.86924375537154,40.98132053648165,61.59704940215165,23.281014499623293,48.204017289236376,92.57807068088186,11.572258835110233,20.313345441711157,6.707724665328786,8.96391063767749,36.43388059066305,4.554235073832881,11.256223075726744,1.8349799120660701,3.9653528920567434,47.316080288797394,1.2451600075999314,3.411477138346334,0.6058657685967552,1.0352366220857723,76.49225315164784,0.8692301494505437,2.046691442724156,0.23857850567153477,0.8498117804451816,1.2875247077902114,0.6175096556399826,0.29496812882852697,0.4966313844789665,0.8577161024527769,hjorth_mobility,hjorth_complexity,2.9322024714493438,0.8402205660713981,-38.903045654296875,-118.1640625,25.87890625,-38.0859375,280.01023398246616,16.733506326603106,1716,eeg_data_level_5.csv,9,AF8,210.01171875,220.0078125
4761.889861820974,680.2699802601392,1407.2785153132752,206.47332309342124,695.693420299602,2891.203484528879,361.4004355661099,591.7523021424464,204.70373848747292,323.03171399513053,769.7686246569074,96.22107808211342,236.94076583742537,31.70531388792346,80.28108263908433,858.5622953648813,22.593744614865297,79.70569807085387,4.5254798289964135,16.84738533710088,380.9267239390223,4.328712772034344,76.59418960508063,0.49719312165390583,2.5900631698996106,1.2048462711218124,0.9618779958954465,0.3504050675843776,0.5091141913168117,0.2764956896714533,hjorth_mobility,hjorth_complexity,1.9990279292535498,0.6159250167699805,-40.404701232910156,-538.0859375,598.14453125,-37.59765625,4578.858753338864,67.66726500560566,1716,eeg_data_level_5.csv,9,TP9,210.01171875,220.0078125
1257.8685139604345,179.69550199434778,270.56669372157444,71.86907040488525,176.1029924188225,502.4782216300255,62.809777703753184,112.936082508786,26.051822306764198,60.47813123821615,97.4319101243065,12.178988765538312,24.315594252463146,3.187270242828727,10.67086611963127,77.4629526095749,2.03849875288355,5.882634471733163,0.8150812984499275,1.7882368067346417,116.064978431483,1.3189202094486705,3.752674602144372,0.4355995021368763,1.2019136072539265,1.4359236703515532,0.8176682128584318,0.2320530741365928,0.25457164190659076,0.4052571655608813,hjorth_mobility,hjorth_complexity,2.733184204156402,0.7535412877109506,-40.576171875,-306.15234375,40.52734375,-38.0859375,926.2737259268761,30.434745373123725,1716,eeg_data_level_5.csv,9,TP10,210.01171875,220.0078125
89.09241537374149,12.727487910534498,21.37187699329952,5.531883141363165,9.716651221774175,48.69165072956406,6.0864563411955075,10.73552285750956,1.7667504574945176,5.033983698863688,11.760805326849635,1.4701006658562044,2.1457293792212537,1.078101090762409,1.3162669834939156,59.405372238801604,1.5632992694421475,6.019169387383624,0.4384870771477214,1.1544064159867733,165.2974795509586,1.8783804494427114,5.567889634511634,0.464009463943247,1.5626507094757227,0.7210214444148714,0.4753660917092022,0.15875191145509687,0.7674694386610447,2.0864068353726206,hjorth_mobility,hjorth_complexity,3.604441952083281,0.9166784188862689,-39.86682891845703,-94.23828125,122.0703125,-41.50390625,325.472697695659,18.04086188893588,1716,eeg_data_level_5.csv,10,AF7,220.01171875,230.0078125
343.69391161400307,49.099130230571866,74.27681517576568,31.86920325760616,43.87081511237373,96.06616749292863,12.008270936616078,24.73393407304715,6.258026178566258,8.171604118205693,22.18096042459022,2.7726200530737777,3.462822967916089,2.1453518083715872,2.8550337633798533,49.47913747473528,1.3020825651246126,2.972125204697111,0.6005694753196507,1.0924880703451842,81.97235616225838,0.9315040472983906,2.2657125904261757,0.3338512853735004,0.8820793313658098,1.374366826805544,0.5904674537039786,0.19244687605264718,0.48316648112047195,0.845566265655589,hjorth_mobility,hjorth_complexity,2.883553561666625,0.83555822611506,-38.04187774658203,-114.2578125,90.8203125,-39.0625,339.42685982765397,18.423540914483674,1716,eeg_data_level_5.csv,10,AF8,220.01171875,230.0078125
10558.418502355367,1508.345500336481,2415.8174458193625,847.3894302044438,1537.3117961295914,5535.376618335392,691.922077291924,1430.2547763264479,314.5456535799542,509.3677090827555,1369.3821161688797,171.17276452110997,320.176449861619,83.22856806910734,164.29353106437085,1497.1188431482612,39.3978642933753,115.4350823089,7.738651898775844,29.522921515509864,532.6325498608643,6.052642612055276,86.32540263720362,1.0006021538067684,4.163899745645601,1.3478075729508465,0.8980716616413056,0.3244853080766529,0.4545450335878888,0.20540166988995345,hjorth_mobility,hjorth_complexity,1.2516037698645013,0.5262328956740985,-41.312408447265625,-693.84765625,554.19921875,-40.0390625,9318.54939495679,96.53263383414331,1716,eeg_data_level_5.csv,10,TP9,220.01171875,230.0078125
954.6692229048502,136.38131755783576,169.6864964904824,109.44617915351327,129.1426281353955,347.7493983633851,43.46867479542314,96.49729668266521,22.35658752367348,34.26328015852539,75.37560198362831,9.42195024795354,17.238681250064257,4.470913618080369,9.120784847651013,91.62492323539536,2.411182190405141,5.679491722089022,0.8131608728680939,1.9419556662498954,110.47924626687914,1.2554459803054447,2.6063346624511308,0.4307881005200918,1.1970768886195353,1.4375847022238557,0.7420467768976128,0.23272160318560872,0.35728138253790404,0.4775506005371757,hjorth_mobility,hjorth_complexity,2.229004593680949,0.7439836726074147,-38.71803283691406,-265.13671875,81.54296875,-38.0859375,943.8879716617521,30.72275983146293,1716,eeg_data_level_5.csv,10,TP10,220.01171875,230.0078125
497.7166806394399,71.10238294849141,254.35718994317332,14.260538602153186,33.90685000545059,55.641818717188045,6.955227339648506,14.249897606485344,2.1521652604204444,7.4463721756609536,16.180026388678936,2.022503298584867,2.7588761552638625,1.0428251765709389,2.0558382200601484,72.0595046557689,1.8963027540991817,4.804921080735482,0.5209853309805434,1.6449548019642173,158.54713484407722,1.801671986864514,6.257876393407293,0.4091872173245838,1.529503767186238,1.136257547117851,0.29650962717195284,0.11037991775250897,0.49072234019667016,1.0846581490472413,hjorth_mobility,hjorth_complexity,1.6452176762883197,0.9164100716449574,-31.49127960205078,-163.0859375,95.703125,-33.69140625,801.6642101210891,28.31367531990662,1716,eeg_data_level_5.csv,11,AF7,230.01171875,240.0078125
323.51215848411584,46.21602264058798,68.08068233869783,21.370263258928553,44.83714048771589,94.5243795334824,11.8155474416853,23.844112500763217,4.746357694043026,10.637376087381329,25.464951279793066,3.1831189099741333,4.364203187168229,1.931412506254156,3.251283789839,66.00522663747452,1.7369796483545927,3.281131151233226,0.9287600639115381,1.5462786682207987,84.58465506259323,0.9611892620749231,2.2101906906275293,0.30631003448590316,0.8678085754314575,1.2947303631416571,0.5714455048978233,0.21105015102355373,0.6066010254044685,0.8519694293698292,hjorth_mobility,hjorth_complexity,2.0830578643327917,0.8079580250349697,-37.59765625,-126.46484375,60.05859375,-38.0859375,464.523583650589,21.552809182345325,1716,eeg_data_level_5.csv,11,AF8,230.01171875,240.0078125
4703.7789982445465,671.9684283206495,1188.2639923168056,407.64654150951094,610.0705771867749,3337.420361037054,417.17754512963177,1000.2295081656016,143.95957988582248,331.68665244550925,1008.7892194687983,126.09865243359978,216.40107726142537,60.6255967647291,118.07670269302187,1065.3124365611047,28.034537804239598,93.81847437035981,4.868474931519587,28.45431759486808,511.69157178852595,5.8146769521423405,66.65396110258285,1.0927543918679492,4.254270367145029,1.1857478669790624,0.9539493295760697,0.40980464095965025,0.5691599661494564,0.3393891965193476,hjorth_mobility,hjorth_complexity,1.7380928676916925,0.5869083282977948,-48.42262268066406,-588.37890625,970.21484375,-47.607421875,6654.707568086451,81.57639099694501,1716,eeg_data_level_5.csv,11,TP9,230.01171875,240.0078125
2089.7865802608885,298.54094003726976,799.3010391445372,49.73257205806618,221.13582126241946,656.1733051950823,82.02166314938529,184.74719965151664,14.238184888426966,52.06403110579353,100.60810783767786,12.576013479709733,25.098291521483713,3.640332957654273,12.432036727565176,106.59963876087797,2.805253651602052,5.411838092417359,1.0492318835044057,2.5746044509117727,132.17965260106138,1.5020415068302428,4.677031794533442,0.45388434247044945,1.424809944483786,1.3729697088304826,0.7089034406284354,0.1721846252753817,0.23638419334894029,0.3183478140116671,hjorth_mobility,hjorth_complexity,1.578878253857339,0.6946827498615776,-32.36255645751953,-235.83984375,404.296875,-38.57421875,2765.7853829077794,52.590734762957815,1716,eeg_data_level_5.csv,11,TP10,230.01171875,240.0078125
861.1821243095553,123.0260177585079,292.2762277129085,27.982535998366973,82.57314907559936,352.8126290084347,44.10157862605434,78.49359953523914,11.139222156424994,43.25946468488667,55.24768776822105,6.905960971027631,10.280005473935631,3.918988289738946,6.820333477930795,100.99630728392506,2.6577975601032913,6.042969481638667,0.6102321614264449,2.3998252435449867,82.15710375238851,0.9336034517316876,3.3043656893362985,0.17686884399601413,0.7599214636406484,1.285325157213658,0.8068262970452182,0.19825832574727578,0.423564981428342,0.39555935692533195,hjorth_mobility,hjorth_complexity,0.9331745421957942,0.6139270592292441,-53.205299377441406,-161.62109375,68.359375,-50.048828125,912.6147036658949,30.209513462912554,1716,eeg_data_level_5.csv,12,AF7,240.01171875,250.0078125
51461.58234203264,7351.654620290377,23385.576555342075,758.6936967160302,3736.913641748983,2420.5753252641903,302.5719156580238,737.4642145087439,173.52622947009235,228.11339060584595,678.2881993258925,84.78602491573656,171.6251816477754,34.77887953363536,74.47096073111302,662.4674131472925,17.43335297756033,51.5458621582092,5.236364334318001,14.03505346274652,175.277028983496,1.9917844202669999,7.7895859927416025,0.45476849819662113,1.4476606283518616,1.3436489117390575,0.20168417137229627,0.07048283740013983,0.08482225591328411,0.028401319247608456,hjorth_mobility,hjorth_complexity,0.636858455337414,0.3236805154609116,-106.88896179199219,-1000.0,691.40625,-64.453125,42223.76706180512,205.48422582233684,1716,eeg_data_level_5.csv,12,AF8,240.01171875,250.0078125
18977.667906863902,2711.0954152662716,4467.136983845411,1454.95049311561,1959.2742011487207,13604.273321164621,1700.5341651455776,4178.877537432075,726.5888255358342,1295.1571650297492,4652.867561620076,581.6084452025095,964.0081423725517,294.411462849094,546.1639223277859,3585.7760055305066,94.36252646132913,335.8377432244302,14.294517504478181,54.14680337782157,849.1734941799633,9.649698797499584,90.82007844251156,1.6101855453163731,6.361576803398301,1.1978148426271593,0.9800210966869147,0.4651289867615306,0.4909097142757458,0.16221060218536387,hjorth_mobility,hjorth_complexity,1.0525855025715594,0.3658693659976332,-38.46912384033203,-742.67578125,971.19140625,-41.9921875,22636.882067272378,150.45558170859724,1716,eeg_data_level_5.csv,12,TP9,240.01171875,250.0078125
19003.087025692643,2714.7267179560918,4419.887245516759,1198.9952168409939,2611.928141695552,17497.09312212085,2187.136640265106,4981.513661290639,193.94947284784033,1621.7452971703142,3238.4361947478724,404.80452434348405,482.76732580853036,235.7345445769398,454.20099368033385,1391.3350224032793,36.6140795369284,164.25047053611297,1.9186648195062819,20.254522295369753,319.9388593617904,3.6356688563839814,13.534785549575936,0.5085568023963187,2.8798366238263697,1.1895215804106933,1.071800047289816,0.35722266984206574,0.2185607816933156,0.06984107431710124,hjorth_mobility,hjorth_complexity,1.4683125498057046,0.47101397826814717,-41.28608703613281,-1000.0,978.02734375,-53.22265625,25994.369998661565,161.22769612774837,1716,eeg_data_level_5.csv,12,TP10,240.01171875,250.0078125
401.6537695429097,57.37910993470138,83.21086871166298,36.65919482472255,51.523054377666114,165.31036170257744,20.66379521282218,41.5601799516315,6.3446362113930554,21.130054857073304,35.80678231110884,4.475847788888605,6.8775834709459955,1.864845007893121,4.823507552748426,57.74875893203677,1.5197041824220203,4.301372514276412,0.5415302629246606,1.2274318926564163,36.9711088127064,0.4201262365080272,1.2304444421439797,0.131414433326701,0.34460470205865434,1.3878424242993588,0.7778664650413956,0.24685814837114448,0.47904627608119127,0.37050894476351104,hjorth_mobility,hjorth_complexity,1.6319497918021235,0.5943264015939465,-30.739593505859375,-130.37109375,63.4765625,-30.2734375,346.0108063882217,18.601365712985206,1716,eeg_data_level_5.csv,13,AF7,250.01171875,260.0078125
7052.610625517583,1007.5158036453689,2957.6736254455514,185.8131537139793,511.8544942539912,488.5362565030164,61.06703206287705,119.72023232795749,22.239491123701164,63.26095451562624,117.56311136903088,14.69538892112886,26.645218356149265,9.472421010306737,11.536947561049974,72.47096050008867,1.9071305394760174,8.900557845852283,0.46910095006321334,1.1028862947779214,28.49738187402605,0.32383388493211424,0.958156875051714,0.09288189703685251,0.3083886650948032,1.441827794950601,0.28027523205688043,0.08810182734121341,0.06948602472860152,0.03433627897487236,hjorth_mobility,hjorth_complexity,0.7031978777683947,0.5717836399593874,-4.520988464355469,-86.42578125,606.4453125,-20.5078125,5553.048783294797,74.51878141310952,1716,eeg_data_level_5.csv,13,AF8,250.01171875,260.0078125
4750.6380492801045,678.6625784685864,1233.122971786437,330.582584242987,629.3606816141579,2136.6783757697635,267.08479697122044,525.5950701694284,125.09577920895966,217.93052424661778,776.5053768568432,97.0631721071054,202.74216719499213,35.21283790435582,87.559671151787,692.8211464983975,18.232135434168356,63.909632569831665,5.351525873424487,14.498682686035767,332.7775123654662,3.781562640516661,60.882291354859994,0.8130471113960117,2.1533633695772423,1.3353200992018741,0.8242218345068832,0.38703554314288346,0.46974492010044555,0.2713026245595296,hjorth_mobility,hjorth_complexity,2.0078731855776804,0.5980010330808587,-43.29071044921875,-503.41796875,473.6328125,-39.0625,5045.766287948936,71.03355747777903,1716,eeg_data_level_5.csv,13,TP9,250.01171875,260.0078125
1534.3134271691147,219.18763245273067,300.38364089459407,56.024241213824524,241.72573118336115,520.0436417162466,65.00545521453083,112.25714636542922,20.757387746708503,64.05333649015036,87.7398167244812,10.96747709056015,23.161979277961507,4.956790694356677,8.426937995462328,76.20522686660397,2.0054007070158937,3.7843671841502293,0.9037500938278286,1.8395210316716106,99.67944114586118,1.1327209221120589,2.4459341537962604,0.4244061070661771,1.1302801794772628,1.4958119416187265,0.7642091123594879,0.1954705682671577,0.22698567787542004,0.3211013157227419,hjorth_mobility,hjorth_complexity,2.18035568389823,0.7124754664704295,-41.36028289794922,-277.83203125,96.19140625,-39.55078125,1120.1042227548896,33.46795815036958,1716,eeg_data_level_5.csv,13,TP10,250.01171875,260.0078125
11485.400746426969,1640.7715352038526,3518.892069926549,401.0690405196901,1237.4284876869633,774.3246928965802,96.79058661207253,246.35041264237628,14.147642400483399,63.01241534236926,67.93764320659693,8.492205400824616,10.378567473660569,3.1721984480150125,9.941651507624341,85.31942680785546,2.245248073890933,4.386183925680747,0.4230619560739972,2.0917248209811774,151.64580421907033,1.7232477752167084,5.620460875278094,0.38183058545660853,1.3517715469752716,1.6130748182651238,0.2636482294531775,0.03689921319086786,0.05450929354598245,0.09898300313900964,hjorth_mobility,hjorth_complexity,2.600505359294441,0.7426426773453397,-21.678733825683594,-180.17578125,741.2109375,-34.66796875,6152.690145208907,78.43908557096333,1716,eeg_data_level_5.csv,14,AF7,260.01171875,270.0078125
433.98510436079937,61.997872051542764,153.8040822108804,23.674384802467575,41.99125258548482,97.20765768983355,12.150957211229194,22.52763486868619,4.368589911079621,8.88665945574418,37.60856071276539,4.701070089095674,7.851286002685837,2.0445648815531015,4.330753783187822,44.79246504252442,1.1787490800664322,2.167845078407241,0.4623236138000489,1.2037013261870317,57.40729749622687,0.6523556533662144,1.2746485932350804,0.3000329399790846,0.6226095383554973,1.3488555720698825,0.5275454621239647,0.2577819390519672,0.3946082589888802,0.5532786299462238,hjorth_mobility,hjorth_complexity,1.3533242175920048,0.7683490355993071,-33.37135314941406,-121.58203125,61.5234375,-34.66796875,779.5093696040567,27.919695012733516,1716,eeg_data_level_5.csv,14,AF8,260.01171875,270.0078125
7098.90866130055,1014.1298087572214,1339.1934803014929,606.1721437285835,983.5102516082204,4263.12950905073,532.8911886313413,749.1755524607227,260.2825008296903,575.328235312028,1285.9135172556284,160.73918965695356,313.01713329578183,91.48763954387573,137.75946491689257,1305.8112924270931,34.36345506387087,99.16738586209527,9.121942356065086,26.480351023870398,514.4314492833557,5.845811923674497,75.59408061094157,0.8562633901937102,4.391883778142233,1.276108752675853,0.9490909052279588,0.3860233386424227,0.5221521921913356,0.25828887806346734,hjorth_mobility,hjorth_complexity,1.7071344705572349,0.5843950301527449,-42.63324737548828,-601.5625,995.1171875,-41.259765625,7756.679353733489,88.072012317952,1716,eeg_data_level_5.csv,14,TP9,260.01171875,270.0078125
1378.1226406863473,196.87466295519246,259.8316100508877,91.73315493367588,201.36253902399332,433.67839691674953,54.20979961459369,76.69347230843364,27.249177901295784,59.16910412024761,71.93768303089495,8.992210378861868,12.683843319981051,5.647159027363809,9.172045036794081,84.3545684266259,2.2198570638585764,5.485927865517592,0.838693126509279,1.9456435272087895,110.19385658918517,1.2522029157861951,2.9812844786477006,0.3994187033769431,1.2033099470895336,1.4973352521970036,0.7329354951938661,0.1818605539213681,0.2651512837380428,0.37719262593466807,hjorth_mobility,hjorth_complexity,2.0122958137397458,0.7449023808041013,-36.232948303222656,-258.30078125,111.328125,-35.64453125,865.2699490994564,29.415471254077445,1716,eeg_data_level_5.csv,14,TP10,260.01171875,270.0078125
677.8425267198171,96.83464667425959,179.91211357767088,34.60027062887725,79.05579289026994,108.05768429095346,13.507210536369183,26.761817010093708,4.426774150174135,12.482549639345391,21.84998237978289,2.7312477974728613,4.510151774731284,1.1232847512071595,2.560977366926174,75.99774145526624,1.9999405646122694,5.060925482667983,0.8100665451860434,1.7380566520967817,173.25786692225202,1.968839396843773,5.54947801154498,0.5385500062516541,1.7281232448779638,1.3946961917626424,0.4031022044062953,0.11414277097943804,0.41732347165424016,0.9526661957391669,hjorth_mobility,hjorth_complexity,3.1754470203629395,0.8830379421516429,-35.11371612548828,-87.40234375,157.71484375,-37.109375,534.1099178986042,23.11081820054418,1716,eeg_data_level_5.csv,15,AF7,270.01171875,280.0078125
35491.42173896657,5070.203105566653,11349.447706285915,604.7070362941968,4331.517694913586,1079.1401955380488,134.8925244422561,285.5647592235201,74.08330769476491,127.80744481675917,373.59787687913865,46.69973460989233,102.36178265703877,16.08495193152835,37.985872185614284,253.32915397250665,6.666556683487017,20.324413622821574,0.7860794773506758,4.205640091255683,87.0170226178891,0.9888298024760125,3.1362561343268682,0.21243183164236926,0.8401627719235569,1.5705071854989172,0.15137697850902476,0.06139095784499956,0.05298026689474271,0.022752776345234746,hjorth_mobility,hjorth_complexity,1.9636469039570268,0.6451994455496783,-68.377685546875,-1000.0,63.96484375,-42.96875,18559.119701385498,136.23186008194082,1716,eeg_data_level_5.csv,15,AF8,270.01171875,280.0078125
11564.331530070362,1652.047361438623,2590.370743469302,830.7010871775212,1622.7931455518888,10443.228154471004,1305.4035193088755,2142.051970417039,740.2395925999595,1268.4258025834258,2576.362482004588,322.0453102505735,862.0363628781207,171.12916874052382,209.98270854858993,2573.0471316597354,67.71176662262462,207.18064046313688,16.494427044033838,49.880234124388,747.5999648547352,8.495454146076536,89.61170186082596,1.3559499472276717,5.669896036337581,1.133192720122072,1.1131009793587872,0.3923030263743041,0.5309270512239334,0.20450357373080658,hjorth_mobility,hjorth_complexity,1.3577468457540702,0.46109456379296604,-41.62158966064453,-698.2421875,974.609375,-39.0625,13212.10305144632,114.94391263327658,1716,eeg_data_level_5.csv,15,TP9,270.01171875,280.0078125
1474.4794811540023,210.6399258791432,291.1067014521192,107.01271351493274,227.37147955260616,418.97760600978785,52.37220075122348,111.35150808637314,19.620722057772735,37.5417466868034,64.99656623642144,8.12457077955268,15.574209060344389,4.577839022625204,7.579649384746027,111.87702776456732,2.944132309593877,6.747529127590986,1.092461247290442,2.765269914066658,121.73697157008282,1.3833746769327593,4.053622856647604,0.2637460984695679,1.221297172444626,1.5223846438317628,0.6724256109546759,0.16092872651248008,0.32704892171640965,0.3945742333150229,hjorth_mobility,hjorth_complexity,2.1140162614672495,0.7092319673205538,-38.69895935058594,-229.4921875,151.85546875,-39.0625,1164.473306707805,34.1243799461295,1716,eeg_data_level_5.csv,15,TP10,270.01171875,280.0078125
72.65656819674854,10.379509742392647,15.021048038907988,5.735904944034377,8.921588498753572,25.30599368405718,3.1632492105071477,5.289216289530192,1.55372007751462,3.137596314615106,11.31275001738436,1.414093752173045,2.0244953658442006,0.8622041737165278,1.3788995883987014,79.54689803824857,2.093339422059173,3.446948056433314,0.9638159912670081,2.066663104798284,128.05670947553457,1.455189880403802,4.04112811782194,0.5002268402199259,1.391049853738395,0.7251884742932442,0.33676951447846926,0.1785504158895131,1.1571086437542537,1.9872358028042447,hjorth_mobility,hjorth_complexity,3.5381025296523005,0.8814839018706941,-42.549705505371094,-84.47265625,27.34375,-42.96875,174.59853810578352,13.213574009547285,1716,eeg_data_level_6.csv,0,AF7,120.01171875,130.0078125
125.35195989674341,17.907422842391917,35.04828959325062,8.01974927938019,14.432169270527716,27.467715196395957,3.4334643995494947,6.131672619388447,0.7597339180824881,2.995163982768648,8.322239627528813,1.0402799534411016,2.141983519302059,0.2460970339305629,1.1041675864213247,32.31640213440965,0.8504316351160434,1.8870135836214341,0.2534798109797861,0.9052465761905272,35.99390483817829,0.40902164588838963,0.8652669714797828,0.12444033380644542,0.4022240744487744,1.2979876864832545,0.46359786270355696,0.18203862523055542,0.7486644393472958,0.948855942785423,hjorth_mobility,hjorth_complexity,2.7597199731287945,0.8009216505300911,-34.142303466796875,-78.61328125,17.578125,-34.66796875,117.42552684154361,10.83630595920693,1716,eeg_data_level_6.csv,0,AF8,120.01171875,130.0078125
4676.525859082206,668.0751227260295,855.4757320248392,360.1001984789465,689.3793136903789,2127.3479884898125,265.91849856122656,433.77130943958156,101.1935110131454,237.35194518498912,581.2135169015959,72.65168961269949,103.26426386372002,40.877877400507586,63.869843690369684,498.0342306285049,13.106163963908022,36.525664897854114,3.0736087086188344,10.473725925823725,362.765403732937,4.122334133328829,138.56871766595813,0.3629577950295721,1.4751602815333436,1.397736426961338,0.8467741786212402,0.3263443030641366,0.3718174169296221,0.2641714486811057,hjorth_mobility,hjorth_complexity,2.6314637564288983,0.7318833404022034,-41.0491943359375,-390.625,761.71875,-39.0625,4040.45338742435,63.564560782124104,1716,eeg_data_level_6.csv,0,TP9,120.01171875,130.0078125
1698.9790087977901,242.71128697111288,318.62623841038413,117.36124472922069,262.0872444802461,663.9314829335337,82.99143536669172,153.40232278468076,25.57468342253862,71.77514273729875,83.299693511513,10.412461688939125,19.856076036711137,3.802180956374359,7.2975410117702495,56.219544934765715,1.479461708809624,3.3096192722942006,0.7669971812316753,1.314587495387314,66.4335472848854,0.7549266736918796,2.9791193912379605,0.2557025859598021,0.673438955538814,1.5189243170639972,0.8376693096880813,0.16951286645564848,0.1589269260011018,0.20332632587941424,hjorth_mobility,hjorth_complexity,1.9769147884432228,0.676106533925873,-42.32521057128906,-320.80078125,64.94140625,-41.50390625,1297.002767532831,36.013924633852824,1716,eeg_data_level_6.csv,0,TP10,120.01171875,130.0078125
16784.705318896013,2397.8150455565733,3384.7060424718247,1171.8233346717295,2421.321190626635,3565.7998131524782,445.7249766440598,878.1352963546052,65.38037475240414,451.1712934433924,510.0702323721873,63.758779046523415,73.61532636140484,48.65029764927537,65.26105686651425,380.0954809658799,10.00251265699684,39.506034553749565,2.1741454199589594,6.2194511350954205,260.36661586764285,2.958711543950487,8.27667091816251,0.6632101588216994,2.516403803547372,1.6571431754765484,0.5961719761540398,0.13601828654833298,0.12835814083751035,0.10448534114102623,hjorth_mobility,hjorth_complexity,2.640309012753029,0.7143347776897164,-26.303672790527344,-503.90625,970.703125,-37.109375,13707.810238374801,117.08035803829266,1716,eeg_data_level_6.csv,1,AF7,130.01171875,140.0078125
277106.7751900195,39586.68217000279,112119.21786989982,14241.690420952162,23932.28499020091,37679.312755706706,4709.914094463338,14148.895890155402,2238.1772339072013,2770.0630746660318,4202.140686254398,525.2675857817998,1207.6682234224397,292.9014157123349,401.7109049948268,5795.558241049666,152.51469055393858,606.8816934999093,29.6058214325984,104.91247507473557,1283.1884958264343,14.581687452573117,50.65180038282521,3.3830572179670737,11.586999049601035,1.5205589373581445,0.4441338867688514,0.07836775614518901,0.1259425104867106,0.03731168296284757,hjorth_mobility,hjorth_complexity,1.494848318778097,0.2211428112430041,-44.47040557861328,-1000.0,976.07421875,-34.1796875,158162.90289625613,397.6969988524632,1716,eeg_data_level_6.csv,1,AF8,130.01171875,140.0078125
3627.949270575158,518.2784672250226,767.3415202697071,218.20639109365905,557.0729567593945,3535.7358131663104,441.9669766457888,949.5312922230199,126.10481670665487,433.7605974607101,923.9683554367605,115.49604442959506,254.81862653357064,49.08414762222045,71.17338365772382,795.3809794695195,20.931078407092617,68.18508677774564,3.7782994110382315,16.863317306143884,469.69986984071795,5.33749852091725,126.95961000178058,0.6180382981825913,2.5730194007877847,1.090239939637957,1.1033486213687307,0.41183660079820295,0.49521952003076525,0.3237622661620104,hjorth_mobility,hjorth_complexity,2.5164754242151988,0.6641535112983054,-38.57002258300781,-600.09765625,449.70703125,-38.57421875,4675.710369920125,68.3791661979007,1716,eeg_data_level_6.csv,1,TP9,130.01171875,140.0078125
622.8308267694383,88.97583239563404,133.2330583561578,49.333101434671,89.93137617381869,154.81389495666917,19.351736869583647,36.52120915908571,10.012700989700337,19.174064848056233,29.982604875406416,3.747825609425802,9.065390353764037,1.5165086874636127,2.001567492836628,71.82284769144927,1.8900749392486649,3.2053161809781354,0.7208501187407921,1.8242438313656653,105.70499084062219,1.2011930777343431,2.1501691654782595,0.5091054705748772,1.1811940928665812,1.4380769549061467,0.5786085086069928,0.15487419288647117,0.4317069687800741,0.6809952018340955,hjorth_mobility,hjorth_complexity,1.8884622252019152,0.794459060223724,-25.175857543945312,-187.5,52.734375,-24.4140625,524.7355192841496,22.907106305340044,1716,eeg_data_level_6.csv,1,TP10,130.01171875,140.0078125
2231.027680322931,318.71824004613296,654.7961984650709,71.18745801523158,247.87122579732633,171.9173531769341,21.489669147116764,47.18124306097673,10.4089153577982,13.313474415944054,71.00427914924168,8.87553489365521,10.56266649958257,4.856791775362389,9.517192172441941,118.54757028201766,3.1196729021583596,5.86220234766094,1.587614438434574,3.1406948026621926,304.4327317095766,3.4594628603360977,8.80389324067911,0.9830469410747872,3.2045903042408885,1.4281230783661165,0.25880893215681317,0.12999094816999412,0.25462398403508163,0.6397761863331751,hjorth_mobility,hjorth_complexity,2.9277798432872784,0.8653357258089888,-35.440635681152344,-184.08203125,222.16796875,-41.50390625,1656.8234757505707,40.704096547529105,1716,eeg_data_level_6.csv,2,AF7,140.01171875,150.0078125
68290.94338132266,9755.849054474666,24915.821993476176,1358.0859904656209,6477.782724035828,1521.076042568964,190.1345053211205,571.1919603240202,49.552284840854334,158.67038550557743,364.4917032529553,45.56146290661941,60.083173026565795,29.95319283706723,45.06237270440697,437.21271479199333,11.505597757684034,27.840277622037675,2.6879477420289866,10.850066166078964,185.70860817976364,2.1103250929518595,4.61958873429265,0.5089940675243922,1.869306912667244,1.5246561364752353,0.11831732970428814,0.03646803167671427,0.05122111519502258,0.02617456745856009,hjorth_mobility,hjorth_complexity,1.932688506822569,0.5918661350754296,-26.796913146972656,-1000.0,968.75,-30.2734375,47254.79205921147,217.38167369677572,1716,eeg_data_level_6.csv,2,AF8,140.01171875,150.0078125
10137.002253579794,1448.1431790828278,2396.0299839612,233.16485172577438,1383.391131063245,7135.816546086316,891.9770682607895,1482.8016248954434,411.1155133211313,853.9091660208572,2341.5850164926915,292.69812706158643,404.47294027643295,204.62872418698464,293.1798469873255,2403.74919966561,63.256557885937106,236.4779206587874,18.147243172512642,47.39891143912865,831.4278295999771,9.448043518181558,96.33948561385476,1.287402234942898,5.956089509296249,1.1487334600911905,0.9802895898204231,0.4407527623362989,0.5951949198068136,0.26683629327121916,hjorth_mobility,hjorth_complexity,1.8000096619606079,0.5431074822019848,-37.397003173828125,-807.6171875,951.66015625,-34.1796875,11375.665636151098,106.65676554326545,1716,eeg_data_level_6.csv,2,TP9,140.01171875,150.0078125
1549.233893038728,221.31912757696114,281.6007877882276,161.02028524894038,234.3649354671558,480.45790886265854,60.05723860783232,122.89299028338071,20.744937320022522,54.124576226511344,43.18485706272364,5.398107132840455,10.916186123606806,2.0768923281621428,4.948480604411676,59.473539840092684,1.5650931536866495,2.2776141370448233,0.7514741546283079,1.5604692103158941,110.87270964943306,1.259917155107194,3.5807650799592494,0.3079279939346761,1.1920273903484342,1.5607713467951456,0.7243124097168319,0.11128287190270596,0.18774979943668965,0.3585491458637279,hjorth_mobility,hjorth_complexity,2.3572608103808452,0.7385426257907259,-35.756683349609375,-307.12890625,66.40625,-31.73828125,1391.6094735031947,37.30428224082585,1716,eeg_data_level_6.csv,2,TP10,140.01171875,150.0078125
7801.073789804701,1114.439112829243,3055.7399233234482,485.2605641843402,706.770733058544,1100.1434021803843,137.51792527254804,316.94416267862226,50.52381607726978,128.57903066885112,286.46629632802683,35.808287041003354,65.27966909184619,18.91130549555328,26.64812907283884,334.3901600241484,8.799741053267063,37.90002498568916,1.9659978191721048,6.427204775313973,192.97601460067804,2.192909256825887,5.501372668247359,0.935234664452413,1.810511224759202,1.5362421338224412,0.46114778410530244,0.1600740315689499,0.22885759177313375,0.1622043986969825,hjorth_mobility,hjorth_complexity,2.0697899798465955,0.6749872362677912,-42.1722412109375,-862.79296875,381.34765625,-39.0625,7606.527199968696,87.21540689562077,1716,eeg_data_level_6.csv,3,AF7,150.01171875,160.0078125
8809.58619673402,1258.512313819146,4383.523639996474,127.19823109737325,786.5395052616469,391.2465326363234,48.90581657954043,75.2686307048352,28.66806872685534,47.95264822218873,77.99715572953198,9.749644466191498,16.506076267473773,7.670538304999026,8.225310034151459,109.1252878406194,2.8717181010689314,8.123409038392786,1.2109081475014214,2.1609979099835828,101.06839112361169,1.1485044445864965,2.8142066093989433,0.33551568944328053,1.0579672176037143,1.3906777210198726,0.20090415380860863,0.05210515905468664,0.08420028638550296,0.08783713670611819,hjorth_mobility,hjorth_complexity,1.5700329975332084,0.6589307074728076,-62.114715576171875,-1000.0,71.77734375,-33.203125,22277.872645645402,149.257738980749,1716,eeg_data_level_6.csv,3,AF8,150.01171875,160.0078125
103767.4021337972,14823.914590542456,41443.03119124987,2153.432544040051,6180.338491720748,6082.627499842878,760.3284374803598,1538.6393451717452,212.52346574772412,735.5371816720535,1160.737253463903,145.09215668298788,169.92338121042144,123.14959155002306,144.27540075862166,1239.0353926178389,32.606194542574706,94.73945279256888,5.307076133409782,23.83310092178465,526.5740963385356,5.983796549301541,105.48397504353653,0.8907188670109915,3.786395718177369,1.4125220783925385,0.2621366753960087,0.0682785150188098,0.08643227806384642,0.043001769572858645,hjorth_mobility,hjorth_complexity,1.238335885378305,0.5817120609023151,-61.5936279296875,-714.35546875,968.75,-52.24609375,64882.98951648176,254.72139587494758,1716,eeg_data_level_6.csv,3,TP9,150.01171875,160.0078125
21352.544418138543,3050.363488305506,13787.293255215334,172.04224443969804,657.2531889955856,590.9164815528794,73.86456019410993,199.82980103276836,17.559277419786945,59.10764764588568,71.17368186193599,8.896710232741999,15.602947719142954,1.8796328424684934,9.93227748681433,84.00781689203437,2.2107320234745886,3.8408675081057786,1.0184936015915151,2.1260342058295008,129.5282304841328,1.4719117100469636,3.0063756808125603,0.599716859414409,1.4171264193717348,1.0537084257618843,0.1411392886214088,0.024067978481248406,0.03388324616229401,0.05449180691260532,hjorth_mobility,hjorth_complexity,1.53022934407462,0.6759326787449478,-10.089874267578125,-324.70703125,778.3203125,-35.15625,18540.689078508876,136.164198960332,1716,eeg_data_level_6.csv,3,TP10,150.01171875,160.0078125
434.8957465482439,62.12796379260627,99.84864190760679,33.60924099034544,55.76951968864901,119.99206538654428,14.999008173318035,47.28446614383383,3.3106429077180817,10.064353471339512,36.32501769801613,4.540627212252017,6.687637189118222,1.3204490119800423,4.67084028600892,69.11035253184038,1.8186934876800098,4.469261210344123,0.7607496712357324,1.5849006855922667,152.7373840823302,1.7356520918446614,4.941060832707097,0.5992072939696127,1.444642829512175,1.2763549330174306,0.5081428881280654,0.21322207076038283,0.4765157043454624,1.0569563062602088,hjorth_mobility,hjorth_complexity,3.179869648525005,0.886301317437304,-42.15354919433594,-158.203125,89.84375,-43.9453125,485.1071558368858,22.02514825913519,1716,eeg_data_level_6.csv,4,AF7,160.01171875,170.0078125
14218.937300098654,2031.2767571569507,5961.401376280353,404.4095219274817,1368.1687711710542,810.9672419558686,101.37090524448358,268.931985512131,57.791994298945724,65.86581366073412,318.443184118414,39.80539801480175,68.40098056817624,17.169884767110275,38.0657490741002,301.05362773862157,7.922463887858463,16.83749797205739,1.961744431523061,6.763917450965954,171.8624218261223,1.9529820662059352,6.672964183828865,0.5100043304582796,1.8015967092776597,1.5287964117734167,0.24647921958417182,0.117071649070691,0.14025679516260142,0.09511826376747451,hjorth_mobility,hjorth_complexity,2.6535768972392253,0.733330354413878,-17.395973205566406,-180.17578125,982.91015625,-45.41015625,22015.678020216004,148.37681092480727,1716,eeg_data_level_6.csv,4,AF8,160.01171875,170.0078125
2927.108025961194,418.1582894230277,681.5571144102547,210.6639505197172,401.0833746093722,1006.7302496412524,125.84128120515655,203.6325021626364,59.488358320752255,131.84565590996706,473.1241456086583,59.14051820108229,90.02168737592804,40.0156300560092,51.70379677052587,592.0764318294754,15.580958732354615,64.65474852748277,4.644251214892401,12.261325891362663,405.5360582569529,4.608364298374465,117.52303043269009,0.7463568515655172,2.4391793527986607,1.3378819012648622,0.6848025469511865,0.3870828488166984,0.6093231058482991,0.4516432999398831,hjorth_mobility,hjorth_complexity,1.401973127374724,0.7798108084082848,-82.86991119384766,-455.078125,512.20703125,-73.2421875,3879.647032263165,62.286812667395054,1716,eeg_data_level_6.csv,4,TP9,160.01171875,170.0078125
1263.9794119202236,180.5684874171748,305.85257500771195,85.95841051324196,174.3593705460749,412.10836525536354,51.51354565692044,88.88411908622798,20.709284752014106,46.367387187368465,73.88002571101549,9.235003213876936,15.459668047575905,5.17726240370624,9.288467746739215,67.50411748653299,1.7764241443824471,5.236959874947285,0.2788693178291602,1.5414074623540652,89.51119484240758,1.0171726686637224,2.0140936483611167,0.31882945420848735,0.9406441589196984,1.4961297702960619,0.7380687116212976,0.200291184274154,0.2361090157094679,0.34293970929076445,hjorth_mobility,hjorth_complexity,1.578878253857339,0.7285538425150627,-44.98271942138672,-229.98046875,80.078125,-43.45703125,1235.1378099629073,35.1445274539708,1716,eeg_data_level_6.csv,4,TP10,160.01171875,170.0078125
738.8245505016218,105.54636435737454,190.2256531642584,58.44482497655709,73.63518475834412,193.32784696607632,24.16598087075954,34.90830502643191,12.093536663700531,23.270170280718407,29.89200447368888,3.73650055921111,6.4025118596551165,2.393726742704045,3.2300169702478607,132.26661158742752,3.480700304932303,9.594269083447587,1.2532765369016114,2.965383268097136,295.84771960690057,3.36190590462387,8.125761586987489,1.1975173881203915,2.7261792622723386,1.263435974991756,0.5309492366522304,0.1196787337993169,0.527483947659712,1.188655975019337,hjorth_mobility,hjorth_complexity,3.365620031331751,0.8963461775716739,-43.72577667236328,-184.5703125,126.46484375,-43.45703125,763.6783178531914,27.63473028370625,1716,eeg_data_level_6.csv,5,AF7,170.01171875,180.0078125
160.45697730698095,22.922425329568707,55.124826757289526,11.072915124861508,14.076006046417058,36.82414390283326,4.603017987854157,9.554325286459317,1.330514601319243,3.374589328680255,15.09783187436993,1.8872289842962413,4.1736949031317225,0.926675472994575,1.4818166873580625,51.5382131608028,1.3562687673895473,3.1183181148941173,0.6213266164930096,1.139344982357105,125.57997340842797,1.4270451523684997,4.078384251005005,0.3292719393960421,1.261618539999514,1.0163057437110952,0.3651524342395993,0.18320829656909365,0.6674067038791219,1.6129173232386442,hjorth_mobility,hjorth_complexity,2.8791309335045594,0.9222969824802026,-24.576950073242188,-72.265625,126.46484375,-27.83203125,483.3391970896628,21.984976622449768,1716,eeg_data_level_6.csv,5,AF8,170.01171875,180.0078125
3277.3102866563986,468.18718380805694,725.4689515498868,96.91630991665484,499.84710635805106,1412.5333576139135,176.5666697017392,251.87781842866627,48.26252331016425,210.5908782416264,179.72229224323922,22.465286530404903,47.573836746591965,7.225399096294841,14.080230504253933,140.325433902573,3.6927745763835,12.151786463032899,1.387795945472784,3.2045554776584826,370.69074725853693,4.212394855210647,121.88680365205862,0.6112839429061581,1.9401261382383361,1.4118101719595197,0.8638338941321655,0.17347785339493715,0.1845745630667315,0.40649573474654255,hjorth_mobility,hjorth_complexity,3.2683222117663124,0.8003628529427369,-46.85554504394531,-358.3984375,126.953125,-41.9921875,2372.135961049935,48.704578440326685,1716,eeg_data_level_6.csv,5,TP9,170.01171875,180.0078125
3297.3029503345315,471.04327861921877,591.7854122748303,351.61599026745785,445.19762410244454,891.2249010698505,111.40311263373131,217.8911234773765,32.58392753949592,95.59793657630559,95.48420785750477,11.935525982188096,26.638254179399702,3.416366587549068,9.218208729250904,75.553328599437,1.9882454894588684,6.551368854002451,0.7687511073627231,1.5555962321812937,101.6938119638004,1.1556114995886408,2.8450708689716886,0.4460706256609907,1.0130911702614358,1.635158022504985,0.6909340260869786,0.12093421568318183,0.1263057037758892,0.1830649636513483,hjorth_mobility,hjorth_complexity,1.954801647632896,0.6808434867747476,-35.36491394042969,-311.03515625,68.84765625,-32.71484375,2055.384077684721,45.33634389410687,1716,eeg_data_level_6.csv,5,TP10,170.01171875,180.0078125
3348.197099946815,478.31387142097356,1043.25173042252,56.928895845634216,499.5930500659484,572.9414366593137,71.61767958241421,138.41008614307526,23.520345648509483,66.42508641861338,81.56800255704836,10.196000319631045,25.39923868360647,4.127333818934848,8.162300499867218,203.37027856782342,5.351849435995353,12.245871294986037,1.9844933339935886,4.646143332822908,390.3362029416312,4.435638669791263,11.651774319139498,1.236731238666999,3.673008178948733,1.4154998125468286,0.47738479539863055,0.09868103280666374,0.2768595724828917,0.5411439205510722,hjorth_mobility,hjorth_complexity,3.0693039444733707,0.8474793983692579,-38.722801208496094,-473.14453125,191.40625,-39.55078125,2628.608416089264,51.2699562715755,1716,eeg_data_level_6.csv,6,AF7,180.01171875,190.0078125
358.70706258878465,51.24386608411209,132.30454813181953,12.345201089888983,35.33276222769683,78.29137011340276,9.786421264175345,18.494942582700492,3.767040039257498,8.826033645054974,27.572290268645972,3.4465362835807465,7.296806602295549,1.9279383010516957,2.795534871181771,59.62754056128689,1.569145804244392,2.703791187310692,0.5838028686101598,1.6473745141602383,165.36412362407629,1.8791377684554122,4.697998124573833,0.5942423704434567,1.5973384147075373,1.123473597161155,0.4331417440283989,0.1900924450062595,0.4754048289472029,1.2705505630874507,hjorth_mobility,hjorth_complexity,3.038345547338913,0.923342346942361,-31.133270263671875,-127.44140625,121.58203125,-32.2265625,450.66081860568374,21.22877336554526,1716,eeg_data_level_6.csv,6,AF8,180.01171875,190.0078125
2449.2076972991404,349.8868138998772,460.2104733463953,245.52545976042114,320.91315966550405,883.9825882042927,110.49782352553659,228.38161750565678,45.30141624766682,81.11225430039227,121.09832548344014,15.137290685430017,28.90038294194114,6.055247347436777,11.99677379161015,132.10015888402205,3.4763199706321593,8.820723019130659,1.3952989979854877,3.059735161966332,405.86291741820975,4.6120786070251105,131.33249296621582,0.8629016463365503,2.1902423186287274,1.4567147097375261,0.744003598018786,0.16191466324251672,0.22519726307578206,0.5629389254220682,hjorth_mobility,hjorth_complexity,2.9012440743148864,0.8392271698097878,-44.0277099609375,-315.91796875,216.30859375,-42.236328125,2234.1500129550695,47.26679609361174,1716,eeg_data_level_6.csv,6,TP9,180.01171875,190.0078125
3664.5652890007195,523.5093270001028,611.9813044903883,452.7754939721323,529.029271191283,1022.5437201979809,127.81796502474761,387.0859309597546,31.375738246336343,63.6171909464161,101.07455536114364,12.634319420142955,27.55116223456556,3.046254543341438,10.566084070260922,111.54607615815047,2.9354230567934336,7.8811007944845635,1.3076033494303898,2.5511331001130504,129.00223893603527,1.4659345333640372,3.9759545237397944,0.5716063573977324,1.253190042403495,1.630992855718068,0.6598934526983655,0.11464239417193861,0.1611709316041057,0.20364694158975916,hjorth_mobility,hjorth_complexity,1.861926456229523,0.6573524649253699,-36.878204345703125,-355.95703125,176.7578125,-33.69140625,3223.356063826941,56.77460756206899,1716,eeg_data_level_6.csv,6,TP10,180.01171875,190.0078125
486.8600562294535,69.55143660420764,130.851425127537,38.163824614088384,64.28402250505547,208.3999756431857,26.049996955398214,72.65931549985976,3.509609148190745,16.35462020118809,33.777505244973284,4.2221881556216605,6.5636851526337425,1.6514025641659018,4.6087151491303935,131.34447519687095,3.4564335578123933,9.694660808728521,0.8641524610717514,2.7697329867621105,394.5348046957711,4.483350053361035,15.453146178358557,0.9761083414566468,3.5039258363669785,1.0281392510901224,0.5450204416953228,0.1409680676905414,0.5614442759545266,1.6017620393634937,hjorth_mobility,hjorth_complexity,3.971520089534707,0.9485378644327503,-35.60371398925781,-114.74609375,167.48046875,-37.59765625,632.0057540142443,25.139724620891222,1716,eeg_data_level_6.csv,7,AF7,190.01171875,200.0078125
113.69065794376164,16.24152256339452,26.759894223390056,8.191547215887091,14.677282736996078,60.64709694066196,7.580887117582745,17.447543534566773,2.0802079106340035,6.719261111147242,14.553464300187931,1.8191830375234914,3.6383184647948443,0.679036634877067,1.588340825598126,64.84445405054728,1.7064330013301916,3.8743814902249523,0.5495713198912301,1.6128439328263378,159.45463022444454,1.811984434368688,4.780137833163318,0.5046380971637586,1.6491344699166357,0.8044247066198738,0.5096323636017666,0.17060109506861498,0.7697986680505641,1.8793183681536454,hjorth_mobility,hjorth_complexity,3.440804710086862,0.912030622358124,-35.12611389160156,-106.4453125,20.5078125,-34.66796875,258.15053362748586,16.06706362804,1716,eeg_data_level_6.csv,7,AF8,190.01171875,200.0078125
2200.4833030955256,314.3547575850751,626.6286953984926,72.44971972750102,223.281358023791,943.9275070847805,117.99093838559756,239.22467270290497,42.46859419093881,122.30674186840591,320.55429548459955,40.069286935574944,79.73914130029516,16.513550977640314,34.15069654873908,277.1845520631365,7.29433031745096,19.852490993448118,2.4442513583966,5.612497799933484,401.00500226722323,4.5568750257639,111.57800885024481,0.9330867128111043,2.426297321799903,1.2545067560463485,0.7720857917940757,0.3419305468048659,0.40699198532966785,0.5614711777313031,hjorth_mobility,hjorth_complexity,3.0250776628527167,0.8345537239979002,-42.01335906982422,-268.06640625,397.4609375,-41.50390625,1850.458997032547,43.01696173641912,1716,eeg_data_level_6.csv,7,TP9,190.01171875,200.0078125
5079.643061526831,725.663294503833,1436.928712443607,203.6353040572742,660.7666975961333,668.4932920497013,83.56166150621266,154.76345011139773,35.48677569775207,78.57526409820855,109.81112878383783,13.726391097979729,30.256431041717367,4.328829445913311,12.185022434928882,83.31493122731537,2.19249819019251,4.786857657502283,0.9613533324814367,2.093171565170578,130.39743988653714,1.4817890896197403,5.520761369235991,0.6291703329148496,1.2811045947819164,1.5945055181601862,0.429200379746679,0.09935276342306955,0.10013194649280197,0.1637432411571335,hjorth_mobility,hjorth_complexity,1.7248249832054965,0.7118488754058199,-38.170623779296875,-482.91015625,114.74609375,-33.69140625,3075.352589949034,55.455861637423276,1716,eeg_data_level_6.csv,7,TP10,190.01171875,200.0078125
80.17758485945606,11.45394069420801,16.73814349049125,6.828667639500359,10.780757462353344,49.16604482148604,6.145755602685755,11.22082599081143,2.901003354603281,4.504336712727907,16.571120440764634,2.0713900550955793,4.210688275176614,0.9137332180151121,2.0502053103987192,156.45826349139878,4.117322723457863,12.344847778837355,0.9281654675261323,2.9780005890293655,312.9942811221132,3.556753194569468,10.303062614106127,0.929280956294136,3.1561033705763233,0.47507259686793407,0.33044160829423685,0.1383255046296301,1.112962308569332,2.3562004150184883,hjorth_mobility,hjorth_complexity,3.8344186165106806,0.9315908270396996,-38.796043395996094,-111.81640625,74.70703125,-38.57421875,346.83669477090007,18.623552152339254,1716,eeg_data_level_6.csv,8,AF7,200.01171875,210.0078125
255.90179726258094,36.55739960894014,46.00938951498418,25.06301340476789,37.2637401070833,146.06804876863714,18.258506096079643,32.890397380977284,6.811786319194889,14.893373973532647,23.926161846702023,2.990770230837753,5.165580862122241,1.8038332181683105,2.8990714474267074,99.08666500698615,2.6075438159733197,5.791750008223762,0.7271806993625771,2.5637949192683678,126.38973387711985,1.4362469758763619,3.686832962773092,0.48281009286039667,1.3350109778231456,1.0771684495360947,0.739277714878287,0.1852082745141702,0.7778842533507393,1.1039824273904548,hjorth_mobility,hjorth_complexity,3.4231141974386006,0.8817005233574904,-35.08281707763672,-115.234375,105.95703125,-35.64453125,310.45052219269564,17.619606187219272,1716,eeg_data_level_6.csv,8,AF8,200.01171875,210.0078125
3161.4874544500667,451.6410649214381,702.2290828172405,249.43920705500648,464.00143362264294,1208.612879962228,151.0766099952785,245.68925015279416,41.549722365802985,182.63847990954918,400.7898146177965,50.09872682722456,127.71576936659487,17.68056631502081,39.87573233189609,347.6960784407992,9.149896801073664,47.54284238032259,2.632611767664897,6.21876598380223,436.15088781196863,4.956260088772371,146.13391867918145,0.8430428317548156,2.269011580998821,1.3767848376098912,0.7472635820099971,0.3207462414154939,0.37664414757739606,0.4454400525486416,hjorth_mobility,hjorth_complexity,2.918934586963148,0.7654030473087216,-39.68925476074219,-344.7265625,390.625,-38.57421875,3180.5599211656954,56.396453090293676,1716,eeg_data_level_6.csv,8,TP9,200.01171875,210.0078125
1617.6421604501961,231.09173720717087,363.73232886015717,149.30672476260222,224.06183473674713,619.7983945999449,77.47479932499311,152.43026839534897,31.03627271780705,65.94053278966345,121.05298933444084,15.131623666805105,32.961114722822,7.251143320722757,13.202353436536661,90.81766989001181,2.3899386813161003,12.42051014730757,1.0743971176273757,1.7719999082399593,115.96042075994356,1.3177320540902677,2.698536660464823,0.3218459602616119,1.2790316192263953,1.4648877448786346,0.798486909868113,0.2300864241444902,0.23260499633294907,0.3290228345202386,hjorth_mobility,hjorth_complexity,2.1493972867637723,0.7028103407525613,-45.71685791015625,-306.15234375,130.37109375,-44.43359375,1403.0139870010316,37.45682830941551,1716,eeg_data_level_6.csv,8,TP10,200.01171875,210.0078125
98.39128371383529,14.055897673405042,21.335829141179985,7.24509514537732,11.501609976842495,39.73355806345458,4.966694757931823,7.548803694228358,2.9205500750829185,5.125082361897713,16.35888580979988,2.044860726224985,4.198565977172196,0.9119739914679137,1.713023563604052,172.22935835188474,4.5323515355759145,13.716508496750485,0.9770641177387448,3.589237622686183,296.68486741161865,3.371418947859303,9.706484592615531,1.113270567508155,2.8785781293763977,0.5449612161348102,0.28265007626045946,0.13522419546190367,1.203039396395414,2.2475866323366223,hjorth_mobility,hjorth_complexity,3.6575134900280655,0.9014364450335435,-40.764427185058594,-139.6484375,72.265625,-40.52734375,402.75561299495166,20.068772084882315,1716,eeg_data_level_6.csv,9,AF7,210.01171875,220.0078125
124.97984571001156,17.854263672858796,33.754551539061545,10.141118722220163,14.229683355618956,41.00756280918169,5.1259453511477115,10.808785444240197,1.5503829510594556,4.551922885680536,11.709432593219688,1.463679074152461,2.515249327367169,0.8094673455169669,1.4182329386280896,68.68739284342188,1.8075629695637336,5.771603623444434,0.5141294653120786,1.1419873143919652,121.4989924434567,1.3806703686756443,4.449116632368277,0.6224191389933256,1.2040293203182628,0.9268961315346292,0.42757510056542947,0.1600192191543045,0.8767907289021094,1.6656138392239401,hjorth_mobility,hjorth_complexity,3.365620031331751,0.9039338610286565,-34.831809997558594,-92.28515625,17.578125,-34.66796875,209.3831789898104,14.470078748569767,1716,eeg_data_level_6.csv,9,AF8,210.01171875,220.0078125
2323.556031996258,331.9365759994654,497.93341828366215,185.54285355670538,321.6926482409501,1806.7966897598835,225.84958621998544,523.2591253443393,48.02260394370782,156.86404545323956,353.9970864017635,44.24963580022044,104.13936617853051,15.800844829489181,29.75460152274262,361.9833978455675,9.525878890672828,25.883872675817642,2.5064270030765083,7.155892381039975,401.31688288721523,4.560419123718355,126.86404926164836,0.6059809199091011,2.222458710477733,1.1818187013413248,0.9789273391733472,0.3023740526268972,0.4140456162362297,0.4438532013621589,hjorth_mobility,hjorth_complexity,2.8791309335045594,0.7345765679640325,-41.431427001953125,-486.328125,399.90234375,-40.0390625,3851.943984045647,62.06403132286564,1716,eeg_data_level_6.csv,9,TP9,210.01171875,220.0078125
1060.9149838576113,151.5592834082302,240.36603563102133,98.61413238257296,136.33622275546804,465.575637671872,58.196954708984,106.88466842285703,15.164000818191417,48.58976890628466,82.21433538246846,10.276791922808558,29.129266555891164,3.365631618760653,8.167805546629127,86.50861791518683,2.276542576715443,5.575894787696387,0.8629976352421269,1.9399493030252328,109.47648544326486,1.2440509709461915,2.9590786186782285,0.5043560768877483,1.1669486062632388,1.3992876608691953,0.8217446706944793,0.2177394757057665,0.30441466218505536,0.42217758095270197,hjorth_mobility,hjorth_complexity,2.2245819655188837,0.7162693216501557,-40.663909912109375,-279.78515625,73.2421875,-39.0625,1341.884745634161,36.63174505308423,1716,eeg_data_level_6.csv,9,TP10,210.01171875,220.0078125
539.7998489988004,77.11426414268577,149.79563541217422,40.56268067263437,65.60213071980988,109.26934979501286,13.658668724376607,30.842723413039252,2.9756000167622543,12.368239653269315,35.35802208404421,4.419752760505526,6.906892623874279,2.2591515934250816,4.265390401739935,142.51592907561695,3.750419186200446,9.37393784965945,1.6773816864273774,3.364642971944756,232.1744883257219,2.63834645824684,11.76021745108787,0.7921110198026394,2.24275410079355,1.2195848897531214,0.413351669058886,0.17222634120741293,0.7091833583176707,1.213205162478491,hjorth_mobility,hjorth_complexity,3.325816377873162,0.8672826729950703,-40.198707580566406,-172.36328125,75.68359375,-41.015625,610.6400247881538,24.711131596674278,1716,eeg_data_level_6.csv,10,AF7,220.01171875,230.0078125
399.5350133510325,57.076430478718926,97.55454428471019,30.323958874934185,50.72983279116831,80.79212681321883,10.099015851652354,20.67879247394723,1.4011951822499928,6.627543375100906,32.03738958974556,4.004673698718195,7.7175352192800215,1.0496751456404967,4.206762400106377,59.3361719142581,1.56147820826995,3.2861039598854225,0.6354449224933859,1.3299488498262892,121.15308007597747,1.3767395463179257,4.279005465651718,0.4697962657286994,1.212236386562782,1.3422250770884694,0.4439874917434478,0.2194317566176774,0.486138970567781,1.0162277538477527,hjorth_mobility,hjorth_complexity,3.0206550346906513,0.8530659618888347,-40.08750915527344,-176.7578125,163.57421875,-40.283203125,506.2206460570451,22.49934768070055,1716,eeg_data_level_6.csv,10,AF8,220.01171875,230.0078125
2004.7926323884094,286.3989474840585,452.44584560390024,107.10809947059641,232.56543655186897,1139.8151129890189,142.47688912362736,332.48988268966593,31.149209330543663,124.6836392311456,405.97627399668187,50.747034249585234,136.1093941517284,13.768882427063842,32.08006977686888,418.9866475991534,11.025964410504036,47.58072408223524,2.1116427670412405,8.158580807361618,396.8498881872982,4.509657820310206,114.33415014079944,1.0289862485233725,2.365599973629032,1.1976111334985466,0.8304576915969168,0.38330220130824433,0.5462479878226697,0.5313942172244396,hjorth_mobility,hjorth_complexity,3.109107597931959,0.7774812572714048,-42.98362731933594,-355.95703125,381.34765625,-40.0390625,2567.0263565552887,50.66583026612007,1716,eeg_data_level_6.csv,10,TP9,220.01171875,230.0078125
613.5342082445799,87.64774403493998,138.9922758408271,51.225176280409684,79.90441245029211,151.88719666074576,18.98589958259322,40.525578762888266,6.7542844782856175,15.56121288173053,31.715742291026856,3.964467786378357,6.529739701596151,2.136349754518635,3.7395649056130997,83.84035360863855,2.2063250949641726,4.816150805430104,0.8209409640884754,2.0869493362127116,103.38559832120052,1.1748363445590968,2.7492585879502185,0.42711112824159536,1.096692315471195,1.43566448668148,0.5642116728497739,0.1703354058430026,0.49723046468816234,0.6760226520257655,hjorth_mobility,hjorth_complexity,2.313034528760191,0.7712058027032858,-40.96870422363281,-282.71484375,40.0390625,-40.52734375,852.9987522342708,29.206142371670225,1716,eeg_data_level_6.csv,10,TP10,220.01171875,230.0078125
32.70551408583708,4.672216297976726,8.370850980424628,1.5712322958030505,4.702522781485246,20.85728253797816,2.60716031724727,4.489228037726005,1.3057927878955382,2.610326584911947,12.118197902328154,1.5147747377910192,2.3877774562861482,0.8510636721694288,1.5213957182222249,128.30975028627574,3.3765723759546247,6.801721636677282,0.9479083784312946,3.4835448383629375,273.018687170745,3.1024850814857388,13.606117120489598,1.1097792612283204,2.6836309192627654,0.2835386190414586,0.20407981565204697,0.13166979928513678,1.1848841960597203,2.5547718057417104,hjorth_mobility,hjorth_complexity,3.9538295768864455,0.934558234059471,-40.85521697998047,-98.14453125,32.71484375,-40.52734375,280.6539384982898,16.75272928505352,1716,eeg_data_level_6.csv,11,AF7,230.01171875,240.0078125
203.86569484821953,29.12367069260279,45.984458202392496,21.136896739280324,26.274222351195544,112.82518899415308,14.103148624269135,27.510297245105082,4.207292619673011,9.895829809298679,13.975844761105272,1.746980595138159,3.4539480579544533,0.7683951905459173,1.2450167452020597,53.734993826995456,1.414078784920933,4.131388569748857,0.5601223804053078,1.0218754948511066,125.22768300975616,1.4230418523835928,4.436450542968245,0.5335693204175928,1.2638213568210774,1.0726410156016337,0.7031811241454723,0.14147702743934354,0.5604626567772404,1.3242843490643366,hjorth_mobility,hjorth_complexity,3.4806083635454503,0.8899768674149615,-37.334251403808594,-134.765625,106.4453125,-38.330078125,376.92524634621805,19.41456273899101,1716,eeg_data_level_6.csv,11,AF8,230.01171875,240.0078125
1833.5631184042006,261.9375883434572,454.4876433014899,86.5723808042037,268.73134850741997,500.9024193297082,62.612802416213526,108.81366303900093,12.82048219950915,68.58244768561117,115.60566159037076,14.450707698796345,29.67780965601156,2.2713417258999353,12.136703548983121,140.05902648046285,3.6857638547490224,8.035985676143845,1.3794408428288416,3.7702203823267375,391.69106553248446,4.451034835596414,121.61393886434422,0.9727221767878798,2.3126535657905745,1.3817557870952917,0.6010489006282342,0.1915099029757607,0.3021079487124376,0.6959913831690212,hjorth_mobility,hjorth_complexity,3.2771674680904432,0.8450578635932091,-40.073204040527344,-389.6484375,244.140625,-38.0859375,2078.5227868691436,45.5908191072407,1716,eeg_data_level_6.csv,11,TP9,230.01171875,240.0078125
793.1037134330219,113.3005304904317,201.87526166164622,56.789136127299706,102.96481903814217,180.8400085005233,22.605001062565414,57.15213792325302,6.046864959607977,14.757554238520713,29.031755274706725,3.6289694093383407,5.10494769011764,1.528116594072144,4.517080588497546,65.78787821172449,1.7312599529401183,3.329928316470884,0.8882694788448208,1.7843147491994658,103.17746317787328,1.1724711724758328,3.064097291296241,0.3755260170361075,1.0596477057144769,1.475840099451412,0.5506029272097293,0.13526720373796186,0.34820514979404726,0.573971367620115,hjorth_mobility,hjorth_complexity,1.8221228027709346,0.7772752735276727,-50.406837463378906,-264.16015625,34.66796875,-48.828125,832.6448293155408,28.855585755890328,1716,eeg_data_level_6.csv,11,TP10,230.01171875,240.0078125
132.04141179702444,18.863058828146347,35.63930756178676,6.157207672014768,18.871699064210528,42.07760409501035,5.259700511876294,7.6915775070037835,1.8930648133481458,5.86506693919838,16.366976314340857,2.045872039292607,2.696590900527424,0.8404078708015512,2.2741293650753396,142.25894396000575,3.743656420000151,9.217124027666094,1.1143205980169895,3.7122226815966006,313.72770593293103,3.565087567419671,11.054255391278154,0.6771208302309453,2.9409365605640048,0.6470083524722988,0.2831066374826324,0.13180659382050947,1.0147795716689032,2.240020909737754,hjorth_mobility,hjorth_complexity,3.684049259000458,0.9189125373032989,-41.303062438964844,-120.1171875,65.91796875,-41.50390625,367.20297033753013,19.162540811111928,1716,eeg_data_level_6.csv,12,AF7,240.01171875,250.0078125
209.02543313229418,29.860776161756313,40.08744512094651,18.70273188220414,31.46055061776854,68.69420248617583,8.586775310771978,17.164359735941307,1.2040664723771786,7.3843230244680065,14.903964827986453,1.8629956034983066,3.194614772799598,1.1281993506912138,1.48253102788925,65.70154826542279,1.728988112247968,3.5625057084542737,0.6115961309653766,1.6087292766974375,122.24206322003678,1.3891143547731453,3.4353122130053153,0.5283536161932255,1.239610401481192,1.131971026353928,0.5045910602345391,0.15909983789824445,0.7084620491427556,1.3716835722880734,hjorth_mobility,hjorth_complexity,3.6442456055418693,0.9009006764138656,-38.70563507080078,-133.30078125,81.0546875,-38.57421875,292.4333850023686,17.100683758328746,1716,eeg_data_level_6.csv,12,AF8,240.01171875,250.0078125
2560.5608481676163,365.79440688108804,625.9659492992217,226.55086487808973,292.9722538895737,1426.4634978398228,178.30793722997785,357.3035085598309,60.352404819616545,140.1137476905689,515.705548735697,64.46319359196212,117.9544736516637,21.20395388916906,63.42285806922014,516.3777671771293,13.588888609924455,40.193776194710985,3.471312383139617,9.839796726961838,464.05364834310933,5.273336912989879,147.26936494511995,0.5923182554811791,2.4331664770433434,1.2209116846957853,0.83973015956304,0.4030540365863256,0.5359335879646404,0.4825651207383149,hjorth_mobility,hjorth_complexity,2.8702856771804286,0.7574837715261099,-41.67938232421875,-536.62109375,680.6640625,-38.57421875,3232.0238067768514,56.85089099369377,1716,eeg_data_level_6.csv,12,TP9,240.01171875,250.0078125
1004.4881218651032,143.49830312358617,232.34428045759392,91.06658719769159,108.26269965310887,258.28624332545746,32.28578041568218,73.28900638706253,13.471457459273294,19.26330330022886,52.873278341394226,6.609159792674278,12.226397414653787,3.0237201057833563,6.228346198147203,67.86650907127196,1.7859607650334728,3.6111947457538642,0.5304228733365569,1.5612033573843327,97.33170723836105,1.1060421277086483,3.3101035955526212,0.32286830942685546,1.0204177019994343,1.4800129572599534,0.6014660009922774,0.17936122559011863,0.2863881270292813,0.43841177663151537,hjorth_mobility,hjorth_complexity,1.8796169688777846,0.7636905611792709,-40.52448272705078,-270.99609375,56.15234375,-41.9921875,944.3701163036167,30.73060553102748,1716,eeg_data_level_6.csv,12,TP10,240.01171875,250.0078125
112.55014124002577,16.078591605717968,24.260063673642094,4.246455277243052,17.427477395970822,57.86533618880837,7.233167023601046,14.34057219418117,2.5715055891938134,5.368459480133495,9.19730301584993,1.1496628769812411,1.990796261296257,0.580947171330322,1.1139861830280964,136.17137724670056,3.583457295965804,8.373422929410882,0.6187072167684963,3.7989824764272573,212.1619210121354,2.4109309205924476,5.7471925521864256,0.8668092913713772,2.224481121852002,0.6834259614319865,0.42588440176735953,0.09883938501723452,1.1668725543147276,1.9922205439799767,hjorth_mobility,hjorth_complexity,3.462917850897189,0.8753015686539913,-37.98255920410156,-91.30859375,33.69140625,-38.330078125,283.2935423066374,16.83132621948245,1716,eeg_data_level_7.csv,0,AF7,120.0078125,130.00390625
80.44228294176773,11.491754705966818,18.106667822148783,8.173702320845656,11.161994241378084,25.29996728098402,3.1624959101230026,7.377464866163186,1.2885458291938154,2.61280410501156,8.70877391465394,1.0885967393317424,1.808403696820192,0.4857587803397665,1.1457986516909529,45.4524375304429,1.1961167771169183,3.604401886832829,0.46105496529524476,0.9544334163707937,59.185973596768264,0.6725678817814575,1.6306790023108457,0.23990822767644168,0.6272882365735358,1.0147606655395018,0.44508161979481425,0.19473234514730162,0.9872342142182883,1.4341368692146101,hjorth_mobility,hjorth_complexity,3.051613431825109,0.8576122976105007,-37.104034423828125,-75.68359375,21.484375,-37.109375,113.02863189484924,10.631492458486214,1716,eeg_data_level_7.csv,0,AF8,120.0078125,130.00390625
4074.1249394506003,582.0178484929429,861.5954193546754,210.09773991248903,713.6817453472672,1642.7169663950617,205.33962079938271,356.8347543288139,22.02000726751008,251.24899351157126,517.8505414427332,64.73131768034165,133.5274383142395,16.30026832472453,59.05039657832434,333.6359165563121,8.779892540955581,35.35181734906945,2.7529169827351287,6.239996273294174,624.2801015195301,7.094092062721933,306.3985018165272,0.5526284378521643,1.666800745567501,1.3649071526794678,0.7593376625582025,0.32326379545027284,0.29714446432474767,0.4098819632865186,hjorth_mobility,hjorth_complexity,2.618195871942702,0.8232536117657995,-39.863014221191406,-433.10546875,329.1015625,-37.59765625,3227.3808694662875,56.81004197733256,1716,eeg_data_level_7.csv,0,TP9,120.0078125,130.00390625
1498.1379910683922,214.01971300977033,381.235939487915,97.9504316304355,217.21948756527993,435.8276466775181,54.47845583468976,138.56726726435528,13.702190318565483,42.93984930748141,45.78402911786878,5.723003639733598,12.928628964083227,1.8705928273753634,3.9360089918885715,82.59048948968994,2.1734339339392093,3.9146872534926396,0.9583497917722534,2.144042369471502,104.24989485585255,1.1846578960892336,6.767523868887348,0.4609470178366401,1.060394646184918,1.5145892464772577,0.672873632850063,0.11851064246288881,0.25547886575739637,0.3476791811001244,hjorth_mobility,hjorth_complexity,2.53416593686346,0.7401871126233251,-39.46037292480469,-214.35546875,51.7578125,-37.59765625,1008.1850212009158,31.751929409107028,1716,eeg_data_level_7.csv,0,TP10,120.0078125,130.00390625
65.96513782108096,9.42359111729728,10.468530767902466,7.671180545121844,9.587694610039225,48.116877971965906,6.014609746495738,8.198527335701492,2.8731719288726674,6.805643394220777,25.401693721808556,3.1752117152260695,4.9523741620606225,1.0761620025977947,3.3527858227168785,138.17814815614778,3.6362670567407314,7.072347575928844,0.7903539068707657,3.3970693363388005,222.24546241992073,2.52551661840819,6.025571076234938,0.7776738954322613,2.0533349527065106,0.4902115601590391,0.3928133053728411,0.23523190004281758,1.2338527445961835,2.1449067887923476,hjorth_mobility,hjorth_complexity,3.7061623998107844,0.882234003756637,-39.02320861816406,-93.75,44.43359375,-39.0625,270.05257303244434,16.433276393721503,1716,eeg_data_level_7.csv,1,AF7,130.0078125,140.00390625
810.6040820436307,115.8005831490901,186.07554535042334,42.43088161637897,131.54346814659277,181.5493454816876,22.69366818521095,41.960074482167975,6.108476305998167,21.01397311302035,45.03507802921069,5.629384753651336,9.613228865689042,2.178509153588855,6.08434656580806,53.552145406775914,1.40926698438884,2.193457241725685,0.5389745450033903,1.4950913999199655,62.41691469507621,0.7092831215349569,1.8135495428058783,0.2171054313566563,0.6871001489050685,1.4991138958732628,0.574843157495798,0.19765560794689277,0.2992864285811624,0.3834241154822463,hjorth_mobility,hjorth_complexity,2.29534401611193,0.7096834020457754,-37.772560119628906,-144.53125,107.421875,-38.0859375,634.8543360581971,25.196315922336684,1716,eeg_data_level_7.csv,1,AF8,130.0078125,140.00390625
8138.438489348107,1162.6340699068726,1770.976582149738,687.9924946085652,1193.8036684994227,5875.920067054696,734.490008381837,1758.2510495705576,214.58891962092588,621.0458117183757,1330.3275041700317,166.29093802125396,296.0672974520044,99.0538801396979,146.41506775043075,1375.029749171014,36.18499339923721,114.14680546823203,8.14674918735805,28.789086750467007,856.5909570986627,9.73398814884844,297.1480649096789,0.7999360497040903,3.6458613965765627,1.224428359881718,0.9830160369808159,0.3455415839788546,0.4637704721392911,0.2948750079229512,hjorth_mobility,hjorth_complexity,2.989696637556194,0.7486036288584853,-40.094757080078125,-457.51953125,970.21484375,-38.0859375,8089.884435175918,89.94378486130056,1716,eeg_data_level_7.csv,1,TP9,130.0078125,140.00390625
616.6952062124404,88.09931517320578,125.59298407005915,69.35062908681508,79.61682131972225,279.3022014366148,34.91277517957685,72.75701706816561,12.060350318604318,31.177824889331934,48.210139940342835,6.026267492542854,8.308936210521862,3.54551956722312,6.392757268652257,98.39747320498587,2.5894071896048914,5.579862479416039,1.1809826019654237,2.2955256021583397,130.5412322550526,1.4834230938074158,4.805992707171289,0.459455345131692,1.2282426347897313,1.3186659326564247,0.7721576085923658,0.20873257024058886,0.49088457208999353,0.705573327055407,hjorth_mobility,hjorth_complexity,2.4722491425945448,0.7572015160188682,-37.232017517089844,-199.70703125,31.73828125,-35.15625,555.4791070971987,23.5686042670583,1716,eeg_data_level_7.csv,1,TP10,130.0078125,140.00390625
217.12778055466688,31.018254364952412,39.655521513540855,14.577057310889984,33.61246138380995,103.29707347201197,12.912134184001497,25.986687669691477,4.859797286698852,11.957879049393792,23.873024973316607,2.984128121664576,3.929681768711023,1.930278312599587,2.9581214209650746,122.04851365092301,3.2118029908137635,5.723384127151418,0.7193067918069892,3.376493637696158,294.92668386050764,3.3514395893239506,9.547711621937601,1.0812524328625486,2.88514426705477,0.8667663456693503,0.5117808697737735,0.16465411576771743,0.819598535447393,1.9590426099272378,hjorth_mobility,hjorth_complexity,3.745966053269373,0.8984177279363936,-37.29381561279297,-124.51171875,85.44921875,-37.59765625,401.2768837492331,20.031896658809746,1716,eeg_data_level_7.csv,2,AF7,140.0078125,150.00390625
636.3766071750484,90.91094388214978,152.59752119754066,33.60891125928228,100.2756835611967,187.317951221899,23.414743902737374,78.20163320556757,8.720820820564917,12.725093562119579,28.871701030869843,3.6089626288587304,9.469679382589609,2.0581951772508864,2.5017089273838957,51.11107615899308,1.345028319973502,2.4606104442905523,0.6314877045164246,1.3518019450540133,76.31978386582429,0.8672702712025487,1.6852386213727715,0.23028239088656255,0.829159224345108,1.4261842881042939,0.6214472392581,0.15439760675727543,0.32753601715533315,0.5207618085660989,hjorth_mobility,hjorth_complexity,2.600505359294441,0.7776752425753687,-38.72241973876953,-207.03125,52.734375,-37.59765625,494.01960972318193,22.22655190809366,1716,eeg_data_level_7.csv,2,AF8,140.0078125,150.00390625
13182.693820602604,1883.2419743718006,2700.371758616522,196.50425479161038,2154.0011644244846,3080.5739917655333,385.07174897069166,1239.0389166807056,89.30717701693793,289.1824663763692,931.2712969673807,116.4089121209226,169.98773752821,78.91636444917427,110.3780178809408,671.6994539383652,17.67630141943066,38.77064315645679,3.983383927781225,17.57776995030871,729.2587603999341,8.287031368181069,295.0840406791237,0.5645360125786167,2.9542391988365955,1.51402175820567,0.5826761923506487,0.2512226463566609,0.24380333005746083,0.2386707373819527,hjorth_mobility,hjorth_complexity,2.7464520886425983,0.7316640539937064,-40.229034423828125,-550.78125,571.2890625,-37.109375,7550.564640550874,86.89398506542828,1716,eeg_data_level_7.csv,2,TP9,140.0078125,150.00390625
1084.6241844725955,154.94631206751365,178.86878297120973,132.52107360992045,156.705916699623,413.8163106817734,51.72703883522168,107.70624719205064,16.51644924317212,46.49960528578761,54.12980577126808,6.76622572140851,14.590642454437548,3.9914653413391497,5.406051872567035,64.5216449926127,1.697938026121387,3.9592484152584624,0.8247665200249394,1.4735424953139478,103.68187649645097,1.1782031420051247,3.6207208451950814,0.2589197362322675,1.1355427040822361,1.4927633304160048,0.7819792963498915,0.16741684385661493,0.25105245283603433,0.42344620585849657,hjorth_mobility,hjorth_complexity,1.954801647632896,0.743216913100824,-43.00975799560547,-276.3671875,58.59375,-40.52734375,927.0385786294355,30.447308232903538,1716,eeg_data_level_7.csv,2,TP10,140.0078125,150.00390625
107.75014458603228,15.39287779800461,22.223031570636326,7.7875680161698995,17.41326663267913,65.9750352592504,8.2468794074063,12.368018781709587,4.4508170739568795,9.359904258824148,19.63736548667473,2.4546706858343414,3.8197886512700134,1.8689917212232434,2.1880063939403263,150.25163578052522,3.9539904152769796,8.422253815560541,1.345215254588454,4.04618325429958,238.5096771682179,2.710337240547931,5.701308057839236,0.7615865916344057,2.7015370076765626,0.6145543238160291,0.443054051855892,0.16998046264517264,1.170385464220012,2.0150499091313376,hjorth_mobility,hjorth_complexity,3.5646382986246925,0.8778785321501026,-39.812660217285156,-105.95703125,47.8515625,-40.0390625,333.7350321453414,18.268416246225105,1716,eeg_data_level_7.csv,3,AF7,150.0078125,160.00390625
1080.4426928131977,154.3489561161711,337.2067844439194,52.62324381423015,122.60264992852967,408.49038019893015,51.06129752486627,129.5090949092526,16.485545951943113,37.270355170114094,51.894306706891285,6.486788338361411,11.091010847773413,2.3193555354452804,6.176903659197249,63.05755761778232,1.6594094109942716,3.570390556667382,0.6800100962017362,1.5357930973270872,76.01134094330737,0.8637652379921292,1.803978663855788,0.20843951295500734,0.8395861995571523,1.400827256339658,0.766199877158157,0.16336012026606012,0.24962222845456053,0.3287635665184892,hjorth_mobility,hjorth_complexity,2.2555403626533415,0.6918209916767644,-37.720680236816406,-187.5,106.93359375,-36.62109375,867.716454922629,29.45702725874811,1716,eeg_data_level_7.csv,3,AF8,150.0078125,160.00390625
20134.10314828854,2876.3004497555057,4617.323821027086,1425.6075123450496,2767.4800235895987,11370.459166868839,1421.3073958586049,2224.487627991329,784.9404402156866,1348.8084169511799,2410.4816497013408,301.3102062126676,551.9909549259924,125.36884502751234,295.55239916333323,2736.536689339634,72.01412340367457,295.30895132780915,13.976827865874547,47.81116680249079,978.024225545546,11.113911653926658,218.8258713024387,1.3449203906729743,6.589682776050072,1.3439220275575163,0.9666071344028094,0.3029307935569854,0.42869607073692545,0.1909578190011256,hjorth_mobility,hjorth_complexity,2.2334272218430145,0.5710319471409163,-40.04173278808594,-949.21875,956.0546875,-37.109375,15808.20529939956,125.73068559186163,1716,eeg_data_level_7.csv,3,TP9,150.0078125,160.00390625
1077.173541055542,153.88193443650601,245.08760937500776,75.50947072586479,155.22105136411926,403.63248119267956,50.454060149084945,115.10980444821755,9.12814282381804,39.735068936181946,88.97281260883805,11.121601576104757,26.374636701281055,4.7835811968807525,7.1519427245190155,116.63608393252407,3.0693706298032652,5.692578448509519,1.3386478932227492,2.911739548060893,155.53862494035192,1.7674843743221809,5.050346404177233,0.5546362498770081,1.7097944671033038,1.3717541019750892,0.7125484617569577,0.2269420228742755,0.385080099375291,0.5552880296431905,hjorth_mobility,hjorth_complexity,2.131706774115511,0.7339247813827771,-40.62175750732422,-218.26171875,55.6640625,-39.55078125,1100.4395119016408,33.172873133053166,1716,eeg_data_level_7.csv,3,TP10,150.0078125,160.00390625
268.792649144289,38.39894987775557,52.21128110967831,28.318976273342198,38.238652101670205,85.76673681118442,10.720842101398052,28.790058433061038,3.3128370135495664,6.942047315425297,26.72842546058283,3.3410531825728538,5.894766680957066,2.0903565315051535,2.6815898514230634,106.86696927301078,2.812288665079231,6.140854211358427,1.0856480360659877,2.4827083555725826,231.62442355264602,2.632095722189159,6.091658472150736,0.7112124084305629,2.2774171264716476,1.0401010534320883,0.44502151899684816,0.18624076833862807,0.7673955708623525,1.6822860089929355,hjorth_mobility,hjorth_complexity,2.843749908208036,0.873353262050155,-32.244110107421875,-109.86328125,61.5234375,-33.69140625,426.50221788790077,20.65193012500044,1716,eeg_data_level_7.csv,4,AF7,160.0078125,170.00390625
398.94719746195057,56.99245678027865,99.54207179916872,21.89468458342165,45.744350833697425,90.00493138630404,11.250616423288005,24.815657645078147,6.293222023638019,9.397800586882791,26.271058970396695,3.283882371299587,4.35814988536146,1.944771361668728,3.394815959396996,46.75774625991021,1.2304670068397425,2.4164679738300716,0.48093627422462426,1.1025290585609913,89.30789461989278,1.014862438862418,3.5304951351085316,0.26483872703550776,0.9723911098994,1.3539725577921786,0.5280892361044542,0.20390594481729493,0.4286675738677712,0.839023525543168,hjorth_mobility,hjorth_complexity,2.4943622834048718,0.81499503727135,-40.404701232910156,-159.66796875,25.87890625,-39.0625,417.91791994910454,20.443040868449696,1716,eeg_data_level_7.csv,4,AF8,160.0078125,170.00390625
10529.481620190803,1504.2116600272577,2561.985930254306,618.7861352566978,1490.965721351738,7075.813950407123,884.4767438008904,1713.082616904931,319.4511961683549,696.4254106894286,1926.2196227733396,240.77745284666744,354.90418984113614,156.553732619112,195.25675221733064,1503.008377071793,39.55285202820507,133.51467839966574,9.801672228469107,27.31648831125291,759.10588421373,8.626203229701476,248.88910276621496,0.6135034803565608,4.028336264048656,1.2496582074968732,0.9841553834026652,0.38872132315433705,0.413894914238328,0.228467170650198,hjorth_mobility,hjorth_complexity,2.450136001784218,0.6773958808149249,-41.805458068847656,-708.984375,976.5625,-39.0625,10557.084959837084,102.74767617730868,1716,eeg_data_level_7.csv,4,TP9,160.0078125,170.00390625
2565.224521614462,366.46064594492316,589.2439818867399,265.05611108129216,340.1414112884495,800.0694414942067,100.00868018677583,283.543448845971,33.6252565961196,54.00641001877926,107.15747342753735,13.39468417844217,27.59790526923016,4.8254499737854895,9.01304028408246,90.61236807234509,2.384536001903818,3.963898795221171,0.8745568297351348,2.2792059163337255,123.51387643469226,1.4035667776669576,3.6824109079441425,0.514350186526793,1.242641212582745,1.5643486837848757,0.7032623479214088,0.15520437129383893,0.17629947444541588,0.2558701707282766,hjorth_mobility,hjorth_complexity,1.8928848533639806,0.6819246957258783,-34.1522216796875,-253.90625,104.98046875,-32.470703125,1717.340936884284,41.440812454442586,1716,eeg_data_level_7.csv,4,TP10,160.0078125,170.00390625
203.05777619153935,29.008253741648478,50.555034807936615,10.347091858153359,25.838122291155955,102.89495556618463,12.86186944577308,21.764215945168228,5.327265905578882,12.792933673977195,19.23855383900844,2.404819229876055,4.274807172292217,1.1463897769199978,2.103476712199239,121.24304030018789,3.190606323689155,7.931909826200137,0.9922950119013696,2.670125709576805,236.91151458759413,2.6921763021317515,9.371706854039786,0.7928586537677216,2.3355343503315975,0.8587691973728017,0.5524806117565575,0.14750294740637085,0.8702110437302257,1.7591907000422102,hjorth_mobility,hjorth_complexity,3.1533338795526125,0.8813249123650204,-37.85057067871094,-103.515625,98.6328125,-40.0390625,500.0491788086947,22.361779419551894,1716,eeg_data_level_7.csv,5,AF7,170.0078125,180.00390625
680.8724001554367,97.26748573649095,142.46548842991643,49.216791109581244,102.46069943331646,145.00733732940944,18.12591716617618,31.980834122093192,6.230350058018973,17.228755444557223,27.150885039725864,3.393860629965733,6.937380416871324,1.7066153485433804,3.250711244318574,57.80648577076014,1.5212233097568457,3.21216057793209,0.5783179466394501,1.3181358879416463,95.76498541576338,1.0882384706336747,2.595995066967141,0.30176789035849516,0.9491915609039916,1.5196610708146094,0.5487209510580545,0.1468519959396411,0.3564836268905172,0.6194684594701076,hjorth_mobility,hjorth_complexity,2.662422153563356,0.8020787690942475,-41.53594970703125,-218.26171875,82.51953125,-40.52734375,625.7544248364866,25.01508394622106,1716,eeg_data_level_7.csv,5,AF8,170.0078125,180.00390625
54442.486263902414,7777.498037700345,13102.128593419166,2244.7101044366204,7745.458895251008,18405.531211917827,2300.6914014897284,3289.770561271196,940.3751434272989,2244.9491339627834,5311.732525512857,663.9665656891071,1124.205984578829,417.31300069559325,603.9528388291507,3503.509127498976,92.1976086183941,303.54248211221096,20.53606072534336,63.91445424027643,1282.1937579440062,14.57038361300007,340.8829178331452,1.2832970239265284,7.848094778380865,1.4622959902861639,0.7794818705821424,0.30441395302341034,0.27561611887111465,0.11838586805020618,hjorth_mobility,hjorth_complexity,1.1808417192714553,0.4877674725101039,-44.32792663574219,-1000.0,981.4453125,-41.9921875,36726.01041485905,191.640315212794,1716,eeg_data_level_7.csv,5,TP9,170.0078125,180.00390625
2147.3647921811835,306.7663988830262,440.1572860932128,145.7195816834944,269.776980996418,689.067276138217,86.13340951727713,175.0100466819567,26.84501075300956,72.00139949147189,108.1156054817101,13.514450685213763,27.312589079697993,4.509347638787425,11.479246841617824,149.5568065582346,3.935705435743016,8.513404830897677,1.2810959157743893,3.6441529337062217,174.58851768616444,1.9839604282518686,4.69688467444582,0.6377423054228936,1.8974256862338181,1.5013471838977004,0.7250280883358466,0.17427151721364773,0.3006456992504896,0.3843765362819061,hjorth_mobility,hjorth_complexity,2.0078731855776804,0.6866997818572752,-43.637847900390625,-268.06640625,98.6328125,-34.1796875,2070.3400432830676,45.50098947586819,1716,eeg_data_level_7.csv,5,TP10,170.0078125,180.00390625
274.6386042499041,39.23408632141487,49.608163746094924,27.930066484100067,38.365448412032805,95.63988940483212,11.954986175604015,21.803873551024267,5.637388000759441,13.005398800374586,20.80945355236077,2.6011816940450965,4.141844103398924,1.6651001036738817,2.4811646785210413,73.04849593965588,1.92232884051726,4.707432476861927,0.518378155792047,1.494473026810369,273.23386271114225,3.1049302580811617,10.36440444201768,0.8359354995971378,2.1999631404559112,1.0294639277095559,0.4933811428375461,0.14769038573838206,0.5378001673876768,1.8279584342067046,hjorth_mobility,hjorth_complexity,3.2550543272801162,0.932884555777136,-41.4306640625,-106.4453125,80.56640625,-44.43359375,504.6045780181885,22.463405307704093,1716,eeg_data_level_7.csv,6,AF7,180.0078125,190.00390625
679.0178692751542,97.00255275359346,255.29212937411629,23.887649563852214,47.42803488962983,195.84147979913203,24.480184974891504,46.94801636451285,9.130038840183696,17.01816838365319,35.84916653193473,4.481145816491841,7.214151044026656,2.4104165519825815,3.5335243421282136,49.344698058818686,1.2985446857583864,2.242949105326123,0.41127687838829924,1.3236837618067938,95.5441473969516,1.0857289476926317,2.899738634041529,0.3674567634698635,1.0037213888847207,1.298111718059298,0.6532799644277882,0.17746119007319716,0.3010330943630746,0.5956401397949815,hjorth_mobility,hjorth_complexity,2.7862557421011864,0.816011107858198,-36.96269989013672,-165.0390625,80.078125,-36.62109375,510.4605108135729,22.5933731614731,1716,eeg_data_level_7.csv,6,AF8,180.0078125,190.00390625
2206.1538029606054,315.1648289943722,455.6703270510935,127.70544722699499,306.22507578048754,810.407047617459,101.30088095218238,125.15370161663029,66.53169268551588,101.62809263819557,114.33688346106442,14.292110432633052,32.22895104007889,7.378040277590383,9.233887607241417,125.25013335439633,3.2960561409051663,4.828041635490539,1.5802294818212803,3.325461059740385,448.018708478074,5.091121687250841,174.9797151151555,0.9298798036027613,2.0934667773271833,1.4110740516038178,0.7683596219712561,0.16276219776559472,0.2309725005999884,0.6080516192161312,hjorth_mobility,hjorth_complexity,3.171024392200874,0.8490680978061316,-37.63618469238281,-382.32421875,127.44140625,-33.69140625,2332.582330418518,48.29681490966581,1716,eeg_data_level_7.csv,6,TP9,180.0078125,190.00390625
1725.544907276635,246.50641532523358,328.91090744264005,106.44746112604615,295.55275637311024,641.9518443187297,80.24398053984122,145.91410587640277,26.30144225224846,82.23264657380746,53.047797882016646,6.630974735252081,14.423586605960192,3.29786408204865,5.39250863436829,75.477326815365,1.9862454425096054,4.260887236364776,0.72820738350552,1.991145719987938,108.55639608293069,1.2335954100333033,4.310933800443666,0.49406196745361086,1.1280872439458323,1.4899127157844432,0.8054859114070175,0.116161530550624,0.20108093475977815,0.30653314691006434,hjorth_mobility,hjorth_complexity,1.8088549182847387,0.6970583374665313,-27.022933959960938,-272.4609375,107.421875,-28.80859375,1698.3172738400754,41.21064515195164,1716,eeg_data_level_7.csv,6,TP10,180.0078125,190.00390625
528.1940625849744,75.45629465499634,168.28135102234322,25.770056964737,63.241425793157354,163.76056675827303,20.47007084478413,36.809602677028664,8.273394721105344,19.857064463084306,30.2880997852379,3.7860124731547375,5.6119998750865365,2.7854848502531797,3.3317620051944368,112.61239239393964,2.9634840103668325,8.373193572187644,1.0020281723526687,2.8086526935736815,255.62930257333113,2.9048784383333084,8.334497876756924,0.7653538863656081,2.635015845001571,1.1549916508178037,0.545114789850808,0.1464789535576117,0.5577804226495718,1.2713642768948612,hjorth_mobility,hjorth_complexity,2.7774104857770556,0.8950213874689982,-36.124610900878906,-121.09375,97.65625,-38.57421875,681.8682213997818,26.11260656081238,1716,eeg_data_level_7.csv,7,AF7,190.0078125,200.00390625
609.077209398123,87.01102991401758,146.01312700929512,36.57025582476342,83.21272515624372,180.4841487810681,22.56051859763351,35.38403016384638,8.270868581773094,23.0805889308996,27.029860763304676,3.3787325954130845,5.923028871906244,1.3662184977170122,3.169087940149529,60.82086357099976,1.600549041342099,3.9625408099762343,0.7643732981036877,1.4784575382487632,113.21123742103165,1.2864913343299051,2.9740531917532675,0.37001559330104017,1.2237109476293542,1.3538355752272595,0.6325213692881891,0.14356774588651922,0.3679209740655979,0.7059354727801503,hjorth_mobility,hjorth_complexity,2.529743308701395,0.8253360846349936,-37.255096435546875,-160.64453125,95.703125,-37.59765625,560.8629429480061,23.682545111284092,1716,eeg_data_level_7.csv,7,AF8,190.0078125,200.00390625
17918.149709947946,2559.7356728497066,4634.216488622566,1220.284539771479,2174.0105682841076,9553.743727014156,1194.2179658767695,2452.359451453449,467.35968183342356,764.7270905837877,1561.493227741753,195.1866534677191,425.45793736351584,110.41744515895468,174.62641717458638,1841.3234761619208,48.455880951629496,157.7868206133136,7.890012534181086,39.45298068975379,746.6830074983238,8.485034176117317,215.9077646608436,0.9283366297961169,4.056519974857213,1.338209147619231,0.9046479590720016,0.2369847256448655,0.34854421272448394,0.16332000639633626,hjorth_mobility,hjorth_complexity,1.3842826147264624,0.5510775770204959,-34.742164611816406,-747.55859375,901.85546875,-42.48046875,21794.063960223866,147.62812726653368,1716,eeg_data_level_7.csv,7,TP9,190.0078125,200.00390625
3501.425891057015,500.2036987224307,761.6612145600235,234.90028562152577,482.0594483431899,1701.4531035319674,212.68163794149592,483.9216309736165,62.772221151518046,117.44391184311287,125.96605371945647,15.745756714932059,36.97417678204265,7.825343133435106,12.26510568227119,97.72668262236787,2.571754805851786,4.324309351224782,1.0649393555771438,2.352010242640227,150.6665466205003,1.7121198479602306,4.136853829653364,0.3250135078816421,1.5206490000283615,1.4647396707715146,0.9093112026314523,0.12786655350258333,0.1320399804511215,0.2134159517633528,hjorth_mobility,hjorth_complexity,1.578878253857339,0.6212790938794659,-31.64196014404297,-283.69140625,98.14453125,-26.3671875,2853.7701238747104,53.42069003555374,1716,eeg_data_level_7.csv,7,TP10,190.0078125,200.00390625
1918.7934028487298,274.11334326410423,776.3210305311907,80.66660474893413,113.16319611992033,251.3638544624347,31.420481807804336,56.94052051207416,15.203458497521378,27.326004286136094,76.0024441930615,9.500305524132688,17.546536414459403,5.436048168850892,7.654423819236518,177.39891672973482,4.668392545519337,8.778110733644212,2.140973186191529,4.364344140378561,276.62493727112155,3.143465196262745,9.127466765335054,0.4796951541180502,2.6803706808563357,1.274966498034028,0.36423188217908387,0.13945547210810577,0.36842834057811086,0.5989061233160905,hjorth_mobility,hjorth_complexity,2.3484155540567144,0.805843298121025,-23.83403778076172,-213.37890625,302.734375,-34.66796875,2651.3664633603184,51.49142125985957,1716,eeg_data_level_7.csv,8,AF7,200.0078125,210.00390625
2151.2851643037593,307.32645204339417,1110.8972123078267,36.5998902920613,210.91967012715415,312.1175431783246,39.01469289729057,76.18094524733009,14.582900576584725,26.401707477551493,56.98525876766859,7.123157345958574,10.671291812558243,3.220578580802445,6.967734858303865,79.28520463811225,2.086452753634533,3.7891064645959096,0.8096613994893492,1.8745036129003014,153.25711495503737,1.741558124489061,4.411864471395017,0.3178861054715114,1.5817820899724402,1.120895320341036,0.3529702011485884,0.09137798491539746,0.15199062147618914,0.2989446671219343,hjorth_mobility,hjorth_complexity,2.1538199149258377,0.7257496356719859,-54.657554626464844,-1000.0,104.98046875,-35.64453125,17000.16962098744,130.38469856922413,1716,eeg_data_level_7.csv,8,AF8,200.0078125,210.00390625
14724.383365246238,2103.48333789232,3623.854798930827,476.37583852041803,1800.4791183677953,8795.740372021339,1099.4675465026673,2270.1927464070195,297.27400012882,772.3955341944661,1776.9716654400888,222.1214581800111,413.76987314463884,78.69187846386855,200.37182275202275,1302.3736643782026,34.27299116784744,146.26498772080637,7.17843138357728,23.430832322736556,845.1800490189153,9.60431873885131,272.6073588297265,0.9571064059983839,4.188128321832078,1.2944093191981645,0.9569785888898594,0.30136575363142115,0.30212446046775016,0.2081914270974386,hjorth_mobility,hjorth_complexity,1.8707717125536538,0.558287614073268,-44.818115234375,-834.9609375,907.2265625,-43.9453125,16273.935548961163,127.56933624096804,1716,eeg_data_level_7.csv,8,TP9,200.0078125,210.00390625
2608.5798172554087,372.65425960791555,489.93835112867157,197.76547106041613,416.5592383902252,701.4242945897762,87.67803682372202,196.1124806425812,31.75034106350347,69.21253324196053,140.10997899943982,17.513747374929977,39.273662672356465,6.230836531032667,14.295986906124739,201.61866938029834,5.305754457376272,13.946805946182321,2.0750156968689435,4.778880426374325,214.62995319818293,2.4389767408884424,6.424199561520289,0.6860940786013834,2.3052171760493843,1.527056662428087,0.6362821276054308,0.1860086439266631,0.3315344079607579,0.3960948681061751,hjorth_mobility,hjorth_complexity,1.9238432504984384,0.6743986909051155,-21.352005004882812,-247.0703125,245.1171875,-26.3671875,3273.103373212507,57.21104240627422,1716,eeg_data_level_7.csv,8,TP10,200.0078125,210.00390625
1215.7016870072423,173.67166957246317,421.939379019628,38.4119392937106,127.59585309448582,87.50523975036592,10.93815496879574,18.290114627777683,3.597551367876027,11.126989066818446,40.95279440420571,5.119099300525714,6.34892383115039,4.044654521165161,4.962487427147786,106.26667354975241,2.7964914092040107,5.673258071735959,0.9330049347526703,2.784114249586625,333.5252772034596,3.790059968221132,9.82159727982766,0.8516330415610641,3.0554683673403997,1.2926989204889654,0.23014219930395463,0.12587929333779252,0.3568557661661662,1.0510755560159009,hjorth_mobility,hjorth_complexity,2.569546962159983,0.9040521523014006,-38.66233825683594,-216.30859375,84.9609375,-38.57421875,1252.8271063638385,35.39529780018581,1716,eeg_data_level_7.csv,9,AF7,210.0078125,220.00390625
80064.24918757252,11437.749883938932,28745.084247543702,2192.6733771076215,7303.611663769585,2450.4379259242405,306.30474074053006,915.4927971707602,51.10696369941807,237.38751309792377,472.0302389384012,59.00377986730015,129.48177713970372,14.392175634405525,55.8504164152027,539.2986180847888,14.192068896968127,44.85620822021029,2.0000603571901228,12.355018860844517,763.8153721901446,8.67972013852437,16.069425791747243,3.2107214759129277,8.471365013942098,1.5557748576239085,0.15194051143546017,0.03869339373650643,0.05301691604733886,0.08124512567985062,hjorth_mobility,hjorth_complexity,1.5700329975332084,0.5246877565214446,-23.417091369628906,-1000.0,994.140625,-33.203125,53269.567948555065,230.80201027840954,1716,eeg_data_level_7.csv,9,AF8,210.0078125,220.00390625
5050.876667045211,721.5538095778874,1105.793321431881,476.1530015507938,654.3760624322608,1433.7884831778063,179.22356039722578,492.50861065158847,34.6665764396497,120.46704902714575,204.0980666675726,25.512258333446574,49.76557006054526,11.285566822679709,23.815089163602295,171.0164627374348,4.5004332299324945,12.77702511840582,1.9057894077424216,3.7678827716465237,537.7282907616939,6.110548758655612,201.6403957660421,0.9860343054656145,2.3523781238007584,1.5399371487814477,0.6570996456499083,0.1504022090787414,0.16517734593946254,0.40612012769147643,hjorth_mobility,hjorth_complexity,2.3351476695705182,0.7152032316609194,-43.675804138183594,-612.79296875,771.97265625,-40.0390625,8934.858915417863,94.52438265028692,1716,eeg_data_level_7.csv,9,TP9,210.0078125,220.00390625
2438.15953730242,348.3085053289172,588.1828956945227,166.26479351645642,356.68664378682337,714.1603240612226,89.27004050765282,186.24871696181773,19.166367798021227,64.14440662275699,63.09532087698585,7.8869151096232315,16.852796246133423,2.9104902879854175,7.686638428362381,79.31713727129186,2.087293086086628,3.645924210460724,1.0296033542153407,2.03249132513719,131.5990251052923,1.4954434671055943,3.3159573876278015,0.4284759574622863,1.2837406522703527,1.5570421355132193,0.6922889614157248,0.10601723330388141,0.16558624761929,0.2847982777322804,hjorth_mobility,hjorth_complexity,2.0432542108742036,0.7011226772786736,-31.766700744628906,-262.20703125,76.66015625,-29.78515625,1747.410402422247,41.80203825679134,1716,eeg_data_level_7.csv,9,TP10,210.0078125,220.00390625
1396.0049821349967,199.42928316214238,351.8578033081194,88.03231103876658,165.63765006592644,209.8455676617923,26.230695957724038,66.68457545100881,7.459151096599779,17.62963225332051,65.95993843027104,8.24499230378388,11.337814560545207,3.839134715441834,8.967637456684288,194.28463856322873,5.112753646400756,9.071340804028473,1.1845025869713581,5.740145913519657,402.62512032181286,4.575285458202419,10.66028649006479,1.535073728147258,4.110405962105455,1.363733659869733,0.36513806847617564,0.14989230712905852,0.47586360578863623,1.0051477185449023,hjorth_mobility,hjorth_complexity,2.918934586963148,0.8582154850907184,-44.295692443847656,-275.87890625,186.5234375,-44.43359375,1175.5124487899593,34.28574702102842,1716,eeg_data_level_7.csv,10,AF7,220.0078125,230.00390625
42455.72566677121,6065.103666681602,12194.628739792206,1008.1006887985981,5630.538913897001,1391.8310344611004,173.97887930763756,481.641995010827,90.9103260795953,108.7191159292346,574.1697092806694,71.77121366008367,105.07691502358688,29.965710659349757,76.96191782883318,537.1710364581451,14.136079906793292,24.805257974416307,5.091994841308075,13.610240476482723,310.65355145525,3.5301539938096593,11.334359816369258,0.6735573400143908,2.804241298915092,1.6205406265994453,0.15488105019725207,0.07588254132757974,0.08885363783454348,0.05930662505510938,hjorth_mobility,hjorth_complexity,1.7646286366640849,0.6525992983470286,-61.96861267089844,-1000.0,258.30078125,-35.15625,21085.653086047383,145.20899795139206,1716,eeg_data_level_7.csv,10,AF8,220.0078125,230.00390625
46236.336595468194,6605.190942209742,10966.296414439015,2068.94714340842,7225.186775155693,7161.662699423476,895.2078374279345,2468.771118304336,181.90016592739437,611.5933679013038,1080.500870149043,135.06260876863038,301.4111472784264,43.71869167114184,100.05051193781074,666.5392257300942,17.54050594026564,58.764179057539536,5.72093359457422,13.90180291064601,829.1292335945665,9.421923109029164,226.98581482765903,1.4448964169992302,5.362082421352424,1.626316411551704,0.4888703290112748,0.11205031675801333,0.09330164765961689,0.11461133612832307,hjorth_mobility,hjorth_complexity,1.17641909110939,0.48571115333517306,-27.31342315673828,-986.328125,730.46875,-23.681640625,33568.127371800074,183.21606744988298,1716,eeg_data_level_7.csv,10,TP9,220.0078125,230.00390625
7119.485814017269,1017.069402002467,1835.883291345196,368.0169899321257,1063.7923816384368,1895.6543871877861,236.95679839847327,567.0197900191274,42.24565821819549,221.15003984027814,150.87408330267695,18.85926041283462,46.84304062752578,5.386107775075096,13.898948798304886,138.68198034998824,3.649525798683901,5.960656265177598,1.5418594218591748,3.5916238109280263,218.16832348321174,2.4791854941274063,6.079208264899831,0.8917651731536959,2.35343873338834,1.5594731501856,0.6838992225197474,0.09336959660589772,0.11187099940638522,0.18374366696927746,hjorth_mobility,hjorth_complexity,1.1321928094887361,0.5882705456234881,-34.301185607910156,-289.0625,104.98046875,-23.92578125,4807.787807330897,69.33821318242126,1716,eeg_data_level_7.csv,10,TP10,220.0078125,230.00390625
1536.945752754463,219.5636789649233,568.347250534165,47.55032389724061,163.24556028903842,181.47812508769124,22.684765635961405,43.249220087987275,14.430956373807353,18.837052914075965,68.73537124663386,8.591921405829233,14.747839255637253,2.6727474454889224,7.809096547081817,180.3067094415504,4.74491340635659,8.073079449291887,2.419105501264332,4.488649379367708,355.6620896008139,4.041614654554703,13.442945925773357,0.8191540371399313,3.489190624297082,1.3099840313970674,0.3346303552899075,0.15165164135198095,0.4454643838271609,0.8878584182182063,hjorth_mobility,hjorth_complexity,2.640309012753029,0.8659096392378771,-25.90808868408203,-139.16015625,230.46875,-35.64453125,1986.6291299331351,44.571617986484796,1716,eeg_data_level_7.csv,11,AF7,230.0078125,240.00390625
38270.13598510509,5467.162283586441,18983.28880108321,802.3271705342246,2419.5031655983757,1144.0976654369456,143.0122081796182,358.7938846920669,30.971520223903603,127.77980094298553,97.2887169834031,12.161089622925388,25.27873712601125,4.108124126940339,10.577947059278742,136.3817209734434,3.5889926571958792,7.283807042900689,0.9071490326464908,3.39087866570845,216.5646328274369,2.460961736675419,7.13238334340387,0.8597314719435616,2.2138677256116654,1.4187421895419567,0.15215924446656032,0.01885739712503278,0.030808404757638595,0.050741236268727966,hjorth_mobility,hjorth_complexity,2.038831582712138,0.6134378038273409,-24.781036376953125,-1000.0,979.00390625,-34.66796875,47182.30348022189,217.21487858851174,1716,eeg_data_level_7.csv,11,AF8,230.0078125,240.00390625
41647.97111860396,5949.710159800566,11650.927325408506,3377.998015620422,4881.909070273126,10829.41482610095,1353.6768532626188,3666.324338783355,347.8588175273914,843.4079640310365,1591.1713451857079,198.89641814821348,355.4902515239679,77.42664053156224,175.2793335538214,1609.1036740201807,42.34483352684686,183.2280254703407,8.290021896057793,27.303967126401268,811.4019269030215,9.22047644207979,205.03659469978794,1.0308829372358703,4.885460824369115,1.555780733634334,0.6495833981886173,0.15280260650096433,0.1919529021916227,0.1107928254294136,hjorth_mobility,hjorth_complexity,1.3754373584023318,0.5212129149696688,-53.93810272216797,-660.64453125,975.09765625,-46.142578125,27658.180045509645,166.30748643855347,1716,eeg_data_level_7.csv,11,TP9,230.0078125,240.00390625
1225.6336704552145,175.09052435074494,318.101998190754,76.89141917171442,152.9020423361443,430.9035756093225,53.86294695116531,99.41558794481892,15.484296352180698,47.07530351371858,76.05009756161856,9.50626219520232,15.023861750600133,4.217140219666835,11.252107033268032,159.91767418204435,4.208359846895904,7.58942894226108,1.932976290961876,4.039672133256678,211.14445321474204,2.3993687865311597,5.258664528860156,0.9098155331792549,2.2905631539108366,1.3379099194824362,0.6881552786530921,0.18429281289331068,0.448904584423869,0.6440429565888748,hjorth_mobility,hjorth_complexity,1.4860030624539662,0.7381819803493628,-21.628570556640625,-285.15625,124.51171875,-21.484375,2115.504140383564,45.99460990576574,1716,eeg_data_level_7.csv,11,TP10,230.0078125,240.00390625
8126.856573245101,1160.9795104635857,1793.2217943866228,656.2975901211621,1161.36148734221,1793.2350704756234,224.15438380945292,404.7059165798816,59.41774155557318,211.21400470112192,225.13337957126848,28.14167244640856,76.86545030860533,8.245631176018616,20.80274009539321,254.56321922620359,6.699032084900094,12.219887731224487,2.5375628897755926,6.63473680221955,505.59507126717523,5.745398537126992,16.367932630693716,1.869964877205466,4.344686683840217,1.6177282139205262,0.6082000195156434,0.11719256095176983,0.169930528153356,0.3409349875303382,hjorth_mobility,hjorth_complexity,2.8393272800459712,0.8184197387045924,-53.145408630371094,-925.29296875,190.4296875,-45.8984375,6966.2650048485375,83.46415401145894,1716,eeg_data_level_7.csv,12,AF7,240.0078125,250.00390625
426.6134255248565,60.944775074979496,106.04026046780525,18.72323747009229,50.14838564148479,90.42028942872915,11.302536178591144,20.2396961478827,6.855824535034988,8.934139710387857,24.314176024670353,3.039272003083794,4.96345567187863,1.6001810693933913,3.111365394304565,80.45395055939713,2.1172092252472927,3.888500388109704,0.8009382002855895,1.9569900919409025,211.18267115797047,2.3998030813405737,6.32199203987269,0.8616151691734456,1.985783191123023,1.197175216509541,0.4325811216111911,0.15196579865643967,0.5347780900395918,1.3667089654042717,hjorth_mobility,hjorth_complexity,3.312548493386966,0.9163907048769256,-36.47327423095703,-152.83203125,47.8515625,-36.1328125,477.3311671669944,21.847909903855665,1716,eeg_data_level_7.csv,12,AF8,240.0078125,250.00390625
4339.325851453137,619.9036930647338,930.9595503412513,381.07279523869516,644.3172565400652,1861.957115773537,232.74463947169212,478.5007360568755,86.92668416878519,219.30794169185702,477.09100592970765,59.636375741213456,135.21732731787128,35.53869681528309,49.614246016558,375.0233714641372,9.869036091161504,19.530281279134655,3.3120582917688868,8.829581937325308,504.11761812295265,5.728609296851735,115.43625332740663,0.9819875244972425,3.77280452627475,1.3937997302711858,0.8082460171063012,0.2941962680607805,0.3197358354930789,0.4248365069753727,hjorth_mobility,hjorth_complexity,1.9061527378501768,0.7593314316993462,-38.75274658203125,-365.234375,559.5703125,-39.55078125,3833.0994336865842,61.91202979782349,1716,eeg_data_level_7.csv,12,TP9,240.0078125,250.00390625
2051.633984660624,293.090569237232,379.3720754713147,219.70733473484222,295.0599685038487,618.4300949118232,77.3037618639779,161.9109781355028,20.781885576010556,62.979544914693804,67.39790238033886,8.424737797542358,12.25786865853602,4.087452754384236,9.217627910868025,86.28472788017669,2.27065073368886,3.8954215115410062,0.943082913602077,2.2903603008430355,166.75368060458442,1.8949281886884592,5.704891594416779,0.4511819081014646,1.7540490550188017,1.5594967493895093,0.7101229777749094,0.12810529453494068,0.2023682636138754,0.39695600065986836,hjorth_mobility,hjorth_complexity,2.5385885650255253,0.7722957945885125,-36.483192443847656,-280.2734375,47.8515625,-33.203125,1361.011602821236,36.89189074608722,1716,eeg_data_level_7.csv,12,TP10,240.0078125,250.00390625
100.71953291874325,14.388504702677608,20.017601260418083,7.639645628289685,14.761702770497145,53.65583863450164,6.706979829312705,11.822246232044055,3.4427471170176385,5.762312958738009,12.42448713149323,1.5530608914366537,2.565474080134111,0.9114608362009723,1.385540118608219,106.85709776218813,2.812028888478635,8.249537752388322,0.6157596677840493,2.237017933609291,418.6178481829864,4.757021002079391,19.722761594288997,1.0804471403773068,3.7745750008025154,0.5104295898231677,0.3228222134653361,0.09844949881592055,0.7452750844251099,2.6524441270424273,hjorth_mobility,hjorth_complexity,3.684049259000458,0.9695446118261839,-47.936058044433594,-116.2109375,32.2265625,-48.828125,424.41415975190466,20.60131451514453,1716,eeg_data_level_7.csv,13,AF7,250.0078125,260.00390625
358.59839350692033,51.228341929560045,99.37986080414784,27.66931024916041,36.255423544357804,90.09722645911754,11.262153307389692,20.5375912791902,3.175526183020979,9.843951994658621,16.37816061603441,2.0472700770043013,2.9443112732836583,1.4805355836197396,1.9210521759588306,64.28034849239049,1.6915881182208024,4.327785518562618,0.6103521221813888,1.343161405927769,201.6793675130296,2.2918109944662457,9.353489012393473,0.8864859860264851,1.9262182945779984,1.1734676293162667,0.46019196379070765,0.12097806660805811,0.483127586462554,1.4291473674510144,hjorth_mobility,hjorth_complexity,3.405423684790339,0.9240127554561288,-38.80138397216797,-134.765625,57.6171875,-39.55078125,389.003651762323,19.723175498948514,1716,eeg_data_level_7.csv,13,AF8,250.0078125,260.00390625
22425.948399834215,3203.7069142620308,5698.012914687973,900.4903542936518,2889.7247002461213,8983.619168691072,1122.952396086384,2238.547654877129,580.5928644527078,761.0279714126752,2249.374042226511,281.17175527831387,534.2910635071516,126.04656453031296,226.4827361622534,2108.3943535554404,55.48406193566948,268.69359586894325,8.528287785067862,37.93457442767263,984.3880919969711,11.186228318147398,216.75266219412788,1.2621804233195493,6.322004583058707,1.3980708145460379,0.8100558102386426,0.29028541566255767,0.3492925971602914,0.1963654638513307,hjorth_mobility,hjorth_complexity,1.3621694739161356,0.5017137512720948,-40.193748474121094,-543.9453125,780.76171875,-37.59765625,16852.153472391365,129.8158444581838,1716,eeg_data_level_7.csv,13,TP9,250.0078125,260.00390625
4322.476058173777,617.4965797391111,792.4630370912621,258.72054307923815,683.8583366431125,761.1568549923146,95.14460687403933,155.969200738769,29.208832295847944,97.37157503028696,82.11348250696054,10.264185313370067,16.095132042029576,6.244569303718813,10.206388160747803,174.30664213368547,4.5870168982548805,8.521243814210676,1.9935189266152742,3.8907889871994543,195.88540788947168,2.225970544198542,5.596760548521978,0.8512694699703035,2.0087193012927185,1.630183633922592,0.5218002688394524,0.08866498077167506,0.21130516572990787,0.2613872592651225,hjorth_mobility,hjorth_complexity,2.0299863263880074,0.7016764233525942,-35.589027404785156,-263.671875,280.76171875,-34.1796875,2991.9823558520875,54.6990160409864,1716,eeg_data_level_7.csv,13,TP10,250.0078125,260.00390625
59.58501509052624,8.51214501293232,11.504354346884647,4.898484066775136,8.174164332029385,28.131475834691656,3.516434479336457,7.973609656241463,1.579251980865737,3.2220175883480424,9.95172714020427,1.2439658925255337,1.7616629506474535,0.8194423619720587,1.1966526333505534,130.8457496936484,3.4433092024644316,18.656070898807016,0.5776176617470721,2.2995211298933995,386.2663741132934,4.389390614923789,12.009759390342634,1.1571949093359286,3.721348793231101,0.3694337468923188,0.20532643253161012,0.08874212575331526,0.9045540532956795,2.708017263099114,hjorth_mobility,hjorth_complexity,4.241300407420695,0.9829580725310019,-41.05968475341797,-106.4453125,47.8515625,-41.50390625,366.91112032713136,19.154924179623666,1716,eeg_data_level_7.csv,14,AF7,260.0078125,270.00390625
203.5624263331959,29.080346619027985,53.043739944832765,11.18202619780569,22.828341747730722,67.48035899868978,8.435044874836223,15.966332529858853,2.3165601315459026,9.174742573453527,20.019290057485907,2.5024112571857384,3.3334773640342417,1.6208002299842155,2.47363302877903,91.29121480850907,2.402400389697607,8.26685819348209,0.5235332370992464,1.81747248758241,199.0358892738999,2.2617714690215895,5.0331049762996365,0.7233672105842115,2.035027088502874,0.9311900918766669,0.4363082447648317,0.17052926800669777,0.7554433131735746,1.7094692934215976,hjorth_mobility,hjorth_complexity,3.511566760679908,0.9332612586663908,-37.802696228027344,-109.375,30.76171875,-38.0859375,309.65819805715,17.59710766169117,1716,eeg_data_level_7.csv,14,AF8,260.0078125,270.00390625
13018.80819074684,1859.8297415352629,2610.3560162736644,755.7378404439391,2114.6143365516386,6398.831636079497,799.8539545099371,1261.209958451035,273.6247542822997,915.9290041078835,1305.2372515908228,163.15465644885285,364.6922160893075,82.5371166991701,111.39704012395342,1203.689044011017,31.67602747397413,115.1744515515798,3.027117020033345,18.730722991606598,567.8058412683994,6.452339105322721,131.51972364842516,1.1915348786375237,3.817149744642437,1.3953867461089082,0.9095414524193496,0.27505226140321115,0.3318566273594604,0.1862857821332854,hjorth_mobility,hjorth_complexity,1.7778965211502809,0.5813380678901546,-40.13042449951172,-1000.0,561.5234375,-35.888671875,12812.459969391055,113.19213740093018,1716,eeg_data_level_7.csv,14,TP9,260.0078125,270.00390625
920.0058946279237,131.4294135182748,173.7819567398377,74.2043551122569,138.65787768940052,297.8148231135767,37.22685288919709,94.27966069668156,13.769605757779969,25.492419180997913,41.670248738908626,5.208781092363578,9.522703142536761,2.984156556175502,4.135150916195425,102.17676134030359,2.688862140534305,5.711937999365061,0.9940911758142966,2.4709624290064776,154.02441402244403,1.7502774320732277,4.612155204446787,0.6221172351546832,1.6451600936782231,1.4436084304604566,0.6665433778117072,0.15027757022575028,0.41133598396871096,0.6628132020069576,hjorth_mobility,hjorth_complexity,2.6226185001047675,0.8022197458643995,-39.928245544433594,-246.09375,57.12890625,-38.0859375,939.8783687720424,30.657435782727205,1716,eeg_data_level_7.csv,14,TP10,260.0078125,270.00390625
479.9443830396494,68.56348329137849,298.39236445454634,9.145916253365053,16.56467765412095,85.01147717047684,10.626434646309605,17.23903869570457,4.11070326992169,11.29469343652609,15.516068579671918,1.9395085724589898,2.671572348151546,1.3120388742006515,1.918873110382438,138.7368118091477,3.650968731819676,14.032071340812598,1.1070282052503626,2.2397247721208178,388.99299749957584,4.420374971586089,15.645900313027376,0.9416970877153855,3.3272828685144016,0.7977289019977065,0.3050563985292995,0.07655293817137518,0.5878041216356876,1.6235596890230954,hjorth_mobility,hjorth_complexity,3.0693039444733707,0.9614923537320785,-41.27464294433594,-135.7421875,71.2890625,-42.96875,775.2136907947715,27.842659549597116,1716,eeg_data_level_7.csv,15,AF7,270.0078125,280.00390625
260.30163622971793,37.185948032816846,66.97140351352503,14.931102928583925,35.4568740448474,101.59495640875937,12.699369551094922,25.855500106194356,2.0947731394349027,11.143322452841563,21.75590360265724,2.719487950332155,4.99122880530757,0.5619176915260146,3.0203538721710568,90.85894355394622,2.3910248303670056,6.8847106271105645,0.5460368661263185,1.7389714731519945,173.2156863340241,1.9683600719775465,6.385006293740405,0.6373113263755277,1.6418491905746642,1.0208584312021718,0.529464883788412,0.16377591629513638,0.6961646589564827,1.39283760408902,hjorth_mobility,hjorth_complexity,3.378887915817947,0.9150098889966367,-36.469459533691406,-134.765625,41.50390625,-36.1328125,324.8149636419839,18.022623661442413,1716,eeg_data_level_7.csv,15,AF8,270.0078125,280.00390625
10547.174999661274,1506.7392856658964,1937.0096765307062,1170.541412560752,1508.6809404171393,4247.347653241143,530.9184566551429,1073.9354187485098,177.9668039599772,341.79310629132937,833.3036223594981,104.16295279493727,142.6013495605174,82.28543831043265,100.18831228881237,925.0172385402423,24.342558908953745,55.39976006969449,6.914129407469417,21.542042554333,605.7766642919439,6.883825730590272,147.14555178640674,0.871308465735375,3.5493645852027713,1.4764178741428338,0.8077572414734628,0.24505750613076646,0.34055411117633283,0.24503391017344328,hjorth_mobility,hjorth_complexity,1.578878253857339,0.611363044739902,-46.67243957519531,-697.265625,977.5390625,-43.45703125,10308.773949363967,101.53213259537085,1716,eeg_data_level_7.csv,15,TP9,270.0078125,280.00390625
3790.3757650978914,541.4822521568416,966.8387736683914,257.6691063768013,421.5247125362492,1209.5204933987272,151.1900616748409,291.0803153002338,43.87060230052262,130.6543544049397,95.50930801640146,11.938663502050183,26.977377432107957,3.3248204001440995,10.379730310442657,100.94803369776973,2.6565272025728874,5.412822556209016,0.9482698279344057,2.5669121733308686,148.02324464723617,1.6820823255367747,4.239071096345352,0.5910662696036911,1.5057286339176965,1.5314839843056496,0.7509045657012572,0.10391886664935117,0.13948881146578285,0.21639406557814705,hjorth_mobility,hjorth_complexity,1.6186819073159273,0.6846014850456131,-28.787803649902344,-226.07421875,137.20703125,-32.2265625,2632.4337682672194,51.30724869126408,1716,eeg_data_level_7.csv,15,TP10,270.0078125,280.00390625
185.16356546850426,26.451937924072038,60.920313224374596,13.844316917701919,18.55842235523653,62.4875470983603,7.810943387295038,14.967290511370898,2.403578717681715,6.1852895005473645,19.053417609816297,2.381677201227037,4.188973050184689,0.8396584410954093,2.5188301739567627,136.5211982420796,3.592663111633674,14.511595572282593,0.6145598789054458,2.5763452284540733,411.6784363725941,4.6781640496885695,16.191313092760854,1.4936424833441835,3.605010585664674,0.6868298640521104,0.31365092809248674,0.12203858375967726,0.7780568746977445,2.2968036592472476,hjorth_mobility,hjorth_complexity,3.5381025296523005,0.9661564081767253,-40.37609100341797,-114.2578125,40.52734375,-41.50390625,463.6214446145459,21.53187043929407,1716,eeg_data_level_7.csv,16,AF7,280.0078125,290.00390625
420.37754288451055,60.05393469778722,108.28422414227097,26.11384611072058,53.47470881741719,119.48738469531293,14.935923086914116,38.25588083827792,4.013177916464392,8.235418919117528,18.611630960639545,2.326453870079943,4.317514550608044,1.1917712944020207,2.2243565454574896,74.9284460799156,1.971801212629358,5.547208019732057,0.6035658188698577,1.5607932756629004,196.74752589078741,2.2357673396680386,6.229319151887503,0.7002113092858444,2.022646826618712,1.208947981624971,0.5028274923027551,0.12186569126672939,0.4959625932243188,1.2880135798265657,hjorth_mobility,hjorth_complexity,3.2683222117663124,0.9135021026001905,-38.950538635253906,-133.30078125,65.91796875,-39.0625,450.1030224128044,21.215631558188516,1716,eeg_data_level_7.csv,16,AF8,280.0078125,290.00390625
18707.06277515727,2672.4375393081814,4547.235684443329,555.4473677003115,2780.7076409366236,12775.690854646919,1596.9613568308648,3851.903629119775,477.95761897561624,960.3794363172397,2770.2778166069256,346.2847270758657,612.911005642686,175.4665811859129,318.89154223514606,2297.5829737562503,60.462709835690795,267.56998245693126,12.976284172503448,36.61130795774638,907.2832647036549,10.31003709890517,203.06162516336732,1.512777167334515,5.111966603963074,1.2351312391781006,0.9761226769108028,0.3385254390879138,0.37568339663399997,0.17842619433651113,hjorth_mobility,hjorth_complexity,1.6231045354779927,0.545218244796371,-40.262603759765625,-678.7109375,975.09765625,-40.0390625,16315.451026312076,127.73194990413351,1716,eeg_data_level_7.csv,16,TP9,280.0078125,290.00390625
14823.007912990759,2117.57255899868,3016.9964207884495,859.9098235034246,2342.3997502127654,11213.112101448958,1401.6390126811198,2134.7988549762513,508.7385469265737,1465.9834545840804,1410.6468426994047,176.3308553374256,410.86955300618234,9.826052098366345,134.5536970335552,560.9797355137407,14.76262461878265,33.438423925841164,3.8943165023615856,10.222326916914245,231.6018712092578,2.631839445559748,7.0710288074251455,0.8039019313885064,2.0003113419075205,1.3101818120295357,1.1549601974798285,0.23196867862746084,0.14579738474544815,0.07469502271625321,hjorth_mobility,hjorth_complexity,1.9724921602811574,0.5625414073801798,-33.150291442871094,-625.48828125,972.65625,-29.296875,12074.735856404002,109.88510297762842,1716,eeg_data_level_7.csv,16,TP10,280.0078125,290.00390625
1233.6216869417528,176.23166956310754,323.96380688925615,71.08427115807237,185.9157975549528,243.17731383523335,30.39716422940417,72.04822917595966,8.980537139271282,15.227909381545626,56.78706044488718,7.098382555610898,12.910580691144016,4.222675003244274,6.111208664020161,160.94621677949624,4.235426757355164,7.047539710053726,1.7926858912592296,4.4238537374505835,250.52535135594297,2.84687899268117,6.595821714147359,0.5780728425318016,2.657941602256458,1.382384468488214,0.45636201715651037,0.15229939290374472,0.47108244416293427,0.7745848185866994,hjorth_mobility,hjorth_complexity,2.5253206805393296,0.783798035422187,-45.386314392089844,-339.35546875,61.5234375,-41.015625,1486.9402066324255,38.560863665540815,1716,eeg_data_level_7.csv,17,AF7,290.0078125,300.00390625
674.5624349737127,96.36606213910181,280.3361547148752,27.71412909577606,68.16668938286003,151.0857291451835,18.88571614314794,50.21660447995895,6.295456954223119,12.534045097233296,33.43623356633861,4.179529195792326,7.826363428761725,1.4638038494277974,3.777938076019006,91.85852376014132,2.417329572635298,5.075618742823221,0.8440069569339218,2.2393733693605724,135.30025687696516,1.5375029190564222,4.144634343570732,0.4483817038101637,1.5391039671802107,1.2844006612688401,0.5074241386142847,0.1590854757437953,0.48732155802837507,0.7680989208121516,hjorth_mobility,hjorth_complexity,2.3395702977325836,0.7933022598326556,-35.25810241699219,-144.04296875,54.19921875,-35.64453125,627.2115382307675,25.044191706476923,1716,eeg_data_level_7.csv,17,AF8,290.0078125,300.00390625
11615.567859782952,1659.3668371118504,2822.3032680342462,842.6494347756706,1845.9306624971375,2946.7706069350315,368.34632586687894,741.5044778659703,129.47628849224805,376.77006052724914,524.5266505645716,65.56583132057145,102.02588616790904,42.09014138623984,59.51415396280078,499.1488782627615,13.13549679638846,37.45606916663269,2.9610689893004674,10.826538300209894,535.4429599234547,6.0845790900392585,168.48131375835328,0.6602405121762721,2.9583130970588973,1.5688286379821506,0.6624967184045516,0.17601126076857398,0.21314711923140836,0.2222976016174792,hjorth_mobility,hjorth_complexity,1.4461994089953778,0.6467871376929987,-35.92338562011719,-618.65234375,291.9921875,-30.2734375,10016.94622085779,100.08469523787235,1716,eeg_data_level_7.csv,17,TP9,290.0078125,300.00390625
5560.480399023119,794.3543427175885,1356.4777122171004,462.99174117761567,644.6003681970342,2055.2794587106337,256.9099323388292,654.8567273651123,40.83117570056676,188.5403043214688,105.406058921008,13.175757365126,22.19908528187208,8.01779004263687,12.248764619358901,145.01371720950192,3.8161504528816295,11.024631281939289,0.9187025553038826,3.390933610686595,148.63732721397815,1.6890605365224791,5.2122439406777294,0.4380646668785152,1.6462902870509797,1.5539991692988757,0.7884047327602295,0.08290079825308028,0.13485227660943772,0.1541916321442904,hjorth_mobility,hjorth_complexity,1.4683125498057046,0.5687238005051318,-37.20207214355469,-384.27734375,195.3125,-34.66796875,4348.9020071865525,65.94620540399995,1716,eeg_data_level_7.csv,17,TP10,290.0078125,300.00390625
2144.1941556501015,306.3134508071574,1038.823869266481,35.92806966907919,132.36179567382723,161.1514224285139,20.14392780356424,41.62356902580897,4.124178469362949,19.84336797022071,35.9922284403939,4.499028555049238,6.254876307801278,1.4571114156677953,4.94457757564788,63.81066729896083,1.6792280868147587,4.620786245131213,0.7443395862403055,1.4863188956477194,93.96500605243504,1.0677841596867619,3.100770021732226,0.3211245097351881,0.9157514726243533,1.3059430935441418,0.28173172133324764,0.08583296743307081,0.17545067477026116,0.2735211022872135,hjorth_mobility,hjorth_complexity,2.0078731855776804,0.8104440035979762,-19.533538818359375,-81.0546875,219.7265625,-33.203125,1805.1698751514778,42.487290748545945,1716,eeg_data_level_8.csv,0,AF7,120.0078125,130.00390625
213.7365180383688,30.533788291195545,48.67877380503453,11.797640655193424,35.20299975639355,45.27052331707994,5.658815414634993,11.516956770357552,2.706726037578133,4.178833833210348,15.828578375820978,1.9785722969776223,3.4395310356240114,0.8502304875649391,1.6742923648384136,33.55982283146819,0.8831532324070576,2.885861224374692,0.21464598990622222,0.817599627013725,36.92970490222422,0.41965573752527524,1.473908432339466,0.1149818940165442,0.3793706115317038,1.400028718417378,0.5040452607605124,0.2241500760196929,0.5470134342619736,0.6739155499010046,hjorth_mobility,hjorth_complexity,2.2643856189774723,0.7811907180574272,-34.975433349609375,-112.79296875,56.15234375,-36.62109375,203.2139286166057,14.255312294601115,1716,eeg_data_level_8.csv,0,AF8,120.0078125,130.00390625
3148.384422200751,449.7692031715359,652.2220668618301,143.02752059261604,499.5905692353599,1720.5429888309488,215.0678736038686,433.6742793313219,78.35142466036451,188.0610612728551,373.6969437561704,46.7121179695213,62.04048181291743,33.1124741972718,44.57625542798927,436.1570726199289,11.477817700524445,38.927566547038815,3.1558030932864027,9.690244845662058,477.52239947673127,5.426390903144673,230.31930688261647,0.27866195942121025,1.2860856962862495,1.2887152960399992,0.8888150941245719,0.2916615016775037,0.42456661516516675,0.37856518009281265,hjorth_mobility,hjorth_complexity,3.131220738742286,0.8430043444405381,-40.21453857421875,-291.50390625,594.23828125,-41.015625,2428.4947081469,49.27975961941068,1716,eeg_data_level_8.csv,0,TP9,120.0078125,130.00390625
2742.5133512841912,391.7876216120273,675.4240657723294,90.02402045176424,393.08517697378886,304.77537149312116,38.096921436640145,83.30909236648812,10.116685309094201,32.47193493113399,40.03503918202128,5.00437989775266,10.058960456172596,1.510537052214631,4.401906387452159,51.691842044574884,1.3603116327519706,2.7244420995403615,0.33824902380468014,1.296965635356742,50.32557865311637,0.5718815756035951,2.566318363489254,0.19662247521992998,0.5078293927757653,1.5878599196325214,0.38719543114829713,0.07521988231884812,0.11793611097703036,0.1278877691846172,hjorth_mobility,hjorth_complexity,1.1321928094887361,0.603987878441853,-34.28974151611328,-223.6328125,154.78515625,-41.015625,2035.2634554365068,45.11389426148564,1716,eeg_data_level_8.csv,0,TP10,120.0078125,130.00390625
110.0563672236373,15.722338174805328,65.08905967449552,3.4269247761214228,8.665843028790508,24.15911930848807,3.0198899135610087,4.980316838520936,1.4641852555247645,2.8383664481060373,7.740432999096578,0.9675541248870723,1.8931800053469143,0.25734059023401873,0.9938678179561677,49.98520596171181,1.315400156887153,3.575848071245959,0.41420874259458423,1.198856848542841,156.48723126906611,1.7782639916939331,5.968335875635315,0.6395023523276557,1.535585929696525,0.714659290008536,0.281789914809348,0.11098748172584383,0.6829111687073246,2.0131675935637414,hjorth_mobility,hjorth_complexity,3.24178644279392,0.9352461990759221,-36.45172119140625,-93.75,173.33984375,-40.0390625,587.823239620775,24.245066294419058,1716,eeg_data_level_8.csv,1,AF7,130.0078125,140.00390625
261.50581896777976,37.35797413825425,63.147473382721195,13.56817137615825,28.957229881203805,84.39868036019254,10.549835045024068,19.30906006536488,5.775817964059887,7.1724446051714175,22.456791167131684,2.8070988958914604,5.763619960991854,1.03929387653175,2.387872507146435,45.676362900977345,1.2020095500257195,2.012818355597423,0.6498667590402354,1.177082156059539,90.273135435312,1.0258310844921819,2.3849720558861094,0.37805732162822625,0.9471859267860785,1.2188701704381788,0.5860259250916784,0.20893247019854583,0.5027682028997389,1.0088565371478841,hjorth_mobility,hjorth_complexity,2.2068914528706225,0.8322511218338838,-37.731361389160156,-135.7421875,106.93359375,-38.57421875,369.97674465965247,19.234779558384663,1716,eeg_data_level_8.csv,1,AF8,130.0078125,140.00390625
825.7036205893372,117.95766008419103,149.23786533768896,55.386060378120845,127.18834431407448,181.4611203764208,22.6826400470526,30.112300228064807,11.684674228871547,25.340277311421396,68.08610781032931,8.510763476291164,13.518111093217762,4.996416167375185,7.082020278596313,99.13203064895619,2.6087376486567417,7.628432559046175,0.9399318627409927,2.287056185836085,461.1710802027659,5.240580456849613,209.96459345895653,0.6608795598104208,1.4847380239274708,1.2783982309617574,0.456955800138123,0.2108040373175507,0.3721111240127429,1.0492389898209868,hjorth_mobility,hjorth_complexity,3.294857980738705,0.9363574091738065,-38.15174102783203,-143.06640625,116.2109375,-38.57421875,854.6645292881294,29.234646043489725,1716,eeg_data_level_8.csv,1,TP9,130.0078125,140.00390625
1253.7904571086724,179.11292244409606,386.88572809677567,44.33924701462042,148.09023635090657,105.11368261721972,13.139210327152465,28.849825552408454,7.059821101896058,11.942396321109557,28.74238232141443,3.5927977901768036,4.749411416060151,2.5597380848731865,3.4666845734880276,68.67756629811356,1.8073043762661463,4.642314542046006,0.4451326228751631,1.5147571820316055,86.3669877305723,0.9814430423928671,3.0922963770268623,0.22549239818485858,0.8600176010134692,1.504640847298389,0.2942328290640242,0.10404978532155501,0.27206093911106877,0.3732165367223171,hjorth_mobility,hjorth_complexity,1.5833008820194043,0.734182368572554,-42.60997772216797,-214.35546875,80.078125,-36.62109375,1049.1783643010422,32.391022896800315,1716,eeg_data_level_8.csv,1,TP10,130.0078125,140.00390625
783.7236949892417,111.96052785560596,146.55613628411965,93.33757814358674,97.84269364503794,213.65961020771692,26.707451275964615,66.99351910331785,11.112687731978555,16.40511081838692,57.16458356280287,7.1455729453503585,11.749938262275785,4.6534830391391395,5.789485557339626,122.06708018418223,3.2122915837942694,6.008217882818976,1.63926722336726,3.175525025503458,227.74664784943565,2.5880300891981323,5.180203230192767,0.7202998518927466,2.468889926179118,1.3632896690359562,0.5460592447064374,0.20473137739810557,0.5058676790753247,0.97193132715013,hjorth_mobility,hjorth_complexity,2.711071063346075,0.8248815583881263,-41.05873107910156,-220.703125,87.890625,-40.0390625,732.9005793144461,27.072136585693528,1716,eeg_data_level_8.csv,2,AF7,140.0078125,150.00390625
1695.4335841198729,242.20479773141042,484.27198094844243,76.21099760691571,268.14457891588154,292.49004905956616,36.56125613244577,83.56310943304085,13.307004161265512,26.955865252108783,37.395602925810756,4.6744503657263445,8.54346998796038,2.6823661729168307,4.314236072214606,59.06559761491006,1.5543578319713174,3.016669081195816,0.6208611443416369,1.5888793953135214,90.53509349742728,1.0288078806525827,2.7440811899052395,0.31112157138007496,1.0270404469486765,1.5636883084540858,0.5162995817876954,0.1030845352205536,0.19204605503799604,0.309427902836125,hjorth_mobility,hjorth_complexity,1.7159797268813657,0.6634552921037538,-38.105010986328125,-180.6640625,118.65234375,-36.62109375,1179.991484968923,34.35100413334264,1716,eeg_data_level_8.csv,2,AF8,140.0078125,150.00390625
50374.17134167635,7196.310191668051,16167.687164204319,1371.1663952135489,4705.957054168694,4133.492493787362,516.6865617234203,740.936279194171,234.4183691731931,521.3647139673624,523.4078486537596,65.42598108171995,125.72133823406986,13.389614612375924,64.56491610464587,264.0595280868238,6.948934949653257,21.814567465669498,1.778905274614119,5.50957431712882,569.2790780204015,6.469080432050017,233.95866377260234,0.6142105819691992,2.2418475805230327,1.6317474166794637,0.33877223019761116,0.06061099827431092,0.041235705143167406,0.07433375859015065,hjorth_mobility,hjorth_complexity,1.6761760734227773,0.6047896117455474,-32.77873992919922,-1000.0,469.23828125,-35.15625,31719.153296398865,178.0987178404125,1716,eeg_data_level_8.csv,2,TP9,140.0078125,150.00390625
23158.42273554884,3308.346105078406,4910.309722483207,1423.500614170336,3997.9806334710074,3346.1762360471257,418.2720295058907,972.0963748768902,180.31143690842202,324.1244680661764,623.4920276394926,77.93650345493657,181.14041605779343,32.214362211159916,53.78728540598966,308.8033257049139,8.12640330802405,33.75523867631807,1.6518025084080858,4.876412292660866,164.32610360649593,1.8673420864374537,5.470119404436847,0.5758064120383282,1.7916440267180287,1.6648146684392275,0.47193806785853454,0.12349468400283355,0.08349927513210541,0.054066191953118035,hjorth_mobility,hjorth_complexity,0.7518467875511138,0.46763327835418117,-46.155738830566406,-1000.0,436.03515625,-42.236328125,11954.447267598878,109.33639498172087,1716,eeg_data_level_8.csv,2,TP10,140.0078125,150.00390625
1900.4187708768652,271.4883958395522,452.7230858687942,111.48136551385804,303.9562303926632,504.2463839432316,63.03079799290395,103.64110478405188,36.838079322932956,57.205642759305825,148.41455464830443,18.551819331038054,40.402805945607895,10.24577367357817,12.271255323351555,216.16147043669193,5.688459748333998,12.922269744641959,2.7623518379125414,4.9845239527582965,214.33545864680434,2.435630211895504,9.194251660315457,0.5256374009396435,1.8075692491983981,1.4526659727133358,0.6268801570899418,0.2394768184482702,0.435558481232523,0.48072501718618277,hjorth_mobility,hjorth_complexity,1.9017301096881114,0.7682086641061416,-33.538818359375,-421.38671875,117.1875,-34.1796875,1731.802150607109,41.61492701672213,1716,eeg_data_level_8.csv,3,AF7,150.0078125,160.00390625
3612.1311548663234,516.0187364094747,619.470996789454,420.9825854066614,534.6401940317464,723.9626476349478,90.49533095436847,266.5297416296001,38.72995440984143,67.06848927818824,131.68679754163944,16.46084969270493,35.38856030656931,8.841775569330965,13.935103878913115,78.92213512256329,2.076898292699034,7.529463912774542,0.6402707607384193,1.542793684313183,93.18844422317491,1.0589595934451694,3.0055630908656834,0.36865274669999665,0.8594297871896668,1.6939897187553103,0.5747110273144547,0.1558044244122086,0.1258813706321614,0.1641338359165172,hjorth_mobility,hjorth_complexity,1.5258067159125546,0.5513816461157902,-32.257843017578125,-209.47265625,148.4375,-33.69140625,2229.581539868377,47.21844491158489,1716,eeg_data_level_8.csv,3,AF8,150.0078125,160.00390625
122863.39614520529,17551.913735029328,25540.52298214952,9967.40444059283,16637.849275587116,11656.555460933547,1457.0694326166933,5890.571263851294,461.5554339063496,660.9880875997776,1248.626315630173,156.07828945377162,337.6673772045948,84.98585803591719,142.8988996255892,528.9706557174397,13.920280413616835,77.65231285861071,3.056267877935168,10.069233996491157,510.1299522310065,5.796931275352346,167.43413446117836,0.734933604661465,2.7739262614999456,1.759406575963387,0.3343990748679849,0.058901406997029795,0.0330632276268573,0.03195705261200904,hjorth_mobility,hjorth_complexity,0.8314540944682905,0.44829480585419756,-75.65536499023438,-1000.0,970.703125,-55.6640625,69151.1546674883,262.96607132382746,1716,eeg_data_level_8.csv,3,TP9,150.0078125,160.00390625
83704.82806128063,11957.832580182947,15633.941628344104,8874.798787595962,12441.756931367232,13851.65350035438,1731.4566875442974,7208.285830437573,144.45921197344535,825.8527815240471,3806.3539030548955,475.79423788186193,585.68555711298,313.3838946519929,481.02089253703457,1489.097908258157,39.186787059425185,220.4097287523283,7.197129736261739,21.044584467183768,244.0277221728332,2.773042297418559,10.411943497064364,0.8039824396216718,2.229249200529807,1.7324013085677958,0.45670294902695363,0.19688363286279165,0.10713207677818663,0.024265656620307757,hjorth_mobility,hjorth_complexity,0.5307153794478451,0.33702973437000094,-19.498825073242188,-1000.0,972.65625,-9.033203125,47950.36788200377,218.97572441255622,1716,eeg_data_level_8.csv,3,TP10,150.0078125,160.00390625
549.9795385898404,78.56850551283435,108.29994226355267,40.655583150709866,79.31722462639108,70.92288024742182,8.865360030927727,23.33249003646545,1.1333241518385018,7.802102776464416,17.208719410864656,2.151089926358082,3.237202608519974,0.988835017644417,2.361344629119216,59.91325903285704,1.5766647113909749,3.159165768468162,0.37366835490252465,1.4016990825300568,88.3073968230215,1.0034931457161536,2.484098777729655,0.24922828840406813,0.9509423295740906,1.543161571468808,0.3713178990872126,0.12487296812188456,0.45221327315108073,0.7198665035731252,hjorth_mobility,hjorth_complexity,2.6933805506978135,0.8135628136494085,-45.050811767578125,-174.8046875,44.43359375,-43.9453125,358.22722071316093,18.926891469894386,1716,eeg_data_level_8.csv,4,AF7,160.0078125,170.00390625
4291.664836412056,613.0949766302937,1043.9466216130038,131.6841424569856,731.1598935331539,387.06745824387133,48.383432280483916,114.75238530113344,12.132198351972951,40.94314377060251,83.01295172117841,10.376618965147301,18.44703018133577,2.8407648924815225,11.01169892201939,62.69628972524789,1.649902361190734,4.385481015994518,0.3439094269311454,1.4791589660880062,50.02671782814737,0.568485429865311,1.273327299833196,0.25735542926421595,0.5261740489211297,1.653008276943141,0.33714129116403807,0.09857992514080509,0.09729604128463001,0.08887412146759824,hjorth_mobility,hjorth_complexity,1.578878253857339,0.5591003551464969,-39.73255157470703,-219.23828125,134.765625,-36.1328125,2008.7113818954094,44.81864993387696,1716,eeg_data_level_8.csv,4,AF8,160.0078125,170.00390625
34230.05331254264,4890.00761607752,10097.576628099087,479.44820253350593,4084.792928223019,1465.399250091887,183.1749062614859,373.9527114161584,66.5158634973376,162.97303853731992,212.55681398606046,26.569601748257558,45.28981274014512,11.789797953209273,25.272603611931217,164.46611844507072,4.328055748554493,9.371684909322052,1.1925772412019247,4.081335574491955,482.3256345791547,5.4809731202176675,207.93400262006952,0.7642665851444461,1.7111714324672973,1.6047436112994866,0.20115046940543369,0.04090918797199324,0.03947019690180766,0.09002476522182662,hjorth_mobility,hjorth_complexity,1.8442359435812616,0.6650882209288609,-60.790252685546875,-627.44140625,434.08203125,-55.17578125,18479.667975916527,135.93994253315148,1716,eeg_data_level_8.csv,4,TP9,160.0078125,170.00390625
22232.03765069491,3176.0053786707017,4677.80145416267,1598.0979741038532,3045.8160651132207,3140.72489174985,392.59061146873125,1283.6672836924747,48.55275033935089,198.0257869392566,545.7530497945547,68.21913122431934,132.64979524000015,20.563683470732627,58.30521286096014,267.3269211278039,7.034918977047472,32.50422597258287,2.0700019549956514,4.607953970810835,124.31328918016926,1.4126510134110144,2.7023246028719576,0.5688523708069311,1.2975909816816404,1.7175585460013427,0.4367853578665821,0.11748343718881257,0.07860219983889785,0.04536761892441921,hjorth_mobility,hjorth_complexity,0.6589715961477409,0.3889019757108187,-48.345375061035156,-463.37890625,813.4765625,-43.9453125,14718.454207431932,121.31963652860131,1716,eeg_data_level_8.csv,4,TP10,160.0078125,170.00390625
1250.580762332336,178.65439461890514,374.3258201678019,26.353292222379228,146.48962710243495,132.7919547946349,16.598994349329363,38.64139049871163,5.025659344154722,12.315902871076288,49.774669117149216,6.221833639643652,16.64601567670398,1.949573205656637,4.436220061973309,117.42629239839307,3.090165589431397,7.135398128391965,0.69552340123253,2.672965779587212,108.3558507797164,1.231316486133141,3.2604120487727064,0.42658641610538506,1.0166827466485597,1.4144570361289328,0.33791838236637983,0.1533824557632963,0.41551039401975964,0.443160001385811,hjorth_mobility,hjorth_complexity,1.459467293481574,0.774733837026688,-37.41016387939453,-269.53125,42.96875,-34.1796875,977.2453031837358,31.26092294196919,1716,eeg_data_level_8.csv,5,AF7,170.0078125,180.00390625
2459.8995121830258,351.41421602614656,576.5804231022086,181.28586715597334,332.9238570284684,513.4372364313227,64.17965455391534,128.27456479729813,14.14891069364854,50.82939063182742,92.28369478787033,11.535461848483791,22.1813963505715,5.4324068121088045,11.012832705988199,65.45640461346811,1.7225369635123187,11.091566909199301,0.47112539394000674,1.140216371706402,53.17524840523036,0.6042641864230723,1.2857639096275264,0.16058145527623846,0.5516493439765748,1.6127723956390776,0.5928306317915013,0.15777696603380903,0.14453244954963912,0.138761647949443,hjorth_mobility,hjorth_complexity,1.2516037698645013,0.5107615579683688,-35.70079803466797,-197.75390625,125.9765625,-34.66796875,1898.1219274792238,43.56744113990657,1716,eeg_data_level_8.csv,5,AF8,170.0078125,180.00390625
20660.679954878837,2951.525707839834,5987.285462543281,882.4650123776026,2460.8726129319925,2313.10995852617,289.13874481577125,893.316298173685,54.995016549782136,169.18961930574855,224.88023640313534,28.110029550391918,62.0338380747551,15.925436259428952,23.101703304894382,163.70860099437576,4.3081210787993625,15.422876080425564,1.370850473959039,3.111550218444083,401.69391352241973,4.56470356275477,162.753618939656,0.42658087747749796,1.6270601498344441,1.624361874274849,0.38647224502849664,0.061510295524230894,0.05656157809346841,0.1153726154933026,hjorth_mobility,hjorth_complexity,1.6231045354779927,0.6039715441814693,-53.209877014160156,-960.44921875,398.4375,-54.6875,22319.837775685293,149.39825225110664,1716,eeg_data_level_8.csv,5,TP9,170.0078125,180.00390625
11084.715233675943,1583.5307476679918,3257.4305939737815,724.3495155670385,1509.4456915493674,3013.3183736689557,376.66479670861946,998.0942723144116,50.01556252389996,219.95997728099897,393.9981072521145,49.24976340651431,122.52703054475413,16.63827282240687,33.04980324602573,220.3656957477558,5.7990972565198895,24.551139132406725,1.0927407166310674,3.7181078097403573,120.67665068009431,1.3713255759101626,3.136492539423955,0.46086028704551957,1.1916479602018133,1.57382540251226,0.657506759848835,0.1423786622428406,0.10938458964009543,0.0735281502913565,hjorth_mobility,hjorth_complexity,0.8535672352786174,0.4273543511721584,-3.4471511840820312,-540.0390625,564.94140625,-8.7890625,10336.52740119578,101.66871397433815,1716,eeg_data_level_8.csv,5,TP10,170.0078125,180.00390625
4574.688314628228,653.5269020897468,1272.9986572495911,81.67247411615459,518.0012033184921,423.0392756383913,52.87990945479891,83.32392463735863,31.607506521714956,47.845405641429195,133.07816914663675,16.634771143329594,38.71533622432933,5.1798068539560465,13.693505318376774,95.70245949693538,2.5184857762351416,5.946993846943555,0.8335790459597505,2.1868033440245744,134.60545240823484,1.5296074137299414,3.7668007833448467,0.3572374240749643,1.3161014644934461,1.5125723311941388,0.3365255105699179,0.12872150380604014,0.12488911844530019,0.18658255764765802,hjorth_mobility,hjorth_complexity,2.038831582712138,0.713916272207851,-40.15979766845703,-560.05859375,82.51953125,-34.66796875,2648.1418386902074,51.46009948193073,1716,eeg_data_level_8.csv,6,AF7,180.0078125,190.00390625
2202.5627044184143,314.65181491691635,467.9448132356587,139.9055071326553,327.1450797686538,383.3174567128559,47.91468208910699,99.1760052273401,19.911238011651236,32.15830745027903,59.62937868646886,7.453672335808608,12.404202709905404,3.7648056164240504,5.717674512459608,56.54297006347109,1.487972896407134,3.7399880641968855,0.44611956245197937,1.2078273702534532,66.56540410110729,0.756425046603492,1.8753302494710633,0.2521892597368777,0.6951002862380062,1.661546303670089,0.5234143801102498,0.1226685641675484,0.14742610646764656,0.19055728427563445,hjorth_mobility,hjorth_complexity,1.733670239529627,0.6388123823455464,-39.377403259277344,-246.58203125,110.3515625,-37.59765625,1263.5452890754095,35.54638222204068,1716,eeg_data_level_8.csv,6,AF8,180.0078125,190.00390625
7944.087312281702,1134.869616040243,2557.883390631292,269.9930332701341,1096.3736386624316,1546.4872465149597,193.31090581436996,360.68104597507323,26.557142807995355,178.27189261735907,155.30179219975733,19.412724024969666,36.59985111051164,10.38788453349563,18.25683449540724,209.68991355818957,5.518155619952357,19.894879739866013,1.4413199702982662,4.256522622322964,454.29534649025373,5.162447119207429,163.4158445143735,0.4526744725842474,2.254046593851679,1.5077604234097675,0.5472680974083484,0.09205003867125125,0.14678576447574038,0.2710735561073262,hjorth_mobility,hjorth_complexity,2.229004593680949,0.7343603936283396,-45.21217346191406,-750.9765625,221.6796875,-43.9453125,6485.724926315015,80.53399857398746,1716,eeg_data_level_8.csv,6,TP9,180.0078125,190.00390625
36283.746426355494,5183.392346622213,8461.810432529493,3290.395673295477,3999.390530689427,7224.82852636856,903.10356579607,2501.3536176757775,116.28412360271165,574.3660711668101,2446.754304890591,305.84428811132386,360.44718000724816,219.1462118970273,325.35463307288205,3160.12942041584,83.16130053725894,396.02321879497913,6.068654895460795,29.94579463454822,375.31784738874757,4.264975538508495,13.573129325367157,0.7799436660137524,3.1834098179423544,1.5716657689688083,0.514198217912798,0.24446198520985804,0.35906460308198135,0.06714704288484433,hjorth_mobility,hjorth_complexity,0.8270314663062253,0.4163138455479965,-66.60480499267578,-999.0234375,961.42578125,-64.453125,28552.439034647243,168.97466980185888,1716,eeg_data_level_8.csv,6,TP10,180.0078125,190.00390625
1091.8275427050485,155.97536324357836,317.50703646804334,58.59069773739163,135.94712805826748,93.37350210520287,11.67168776315036,17.990257339946375,7.928484003375388,11.056487343389815,43.8071209166613,5.475890114582662,7.334492872969907,2.631235185585195,5.56326363745268,84.11408562273239,2.213528569019273,4.565579006966901,1.0024130721929616,2.1043417193716465,118.97876814701263,1.3520314562160527,2.814371145016128,0.4549893936895161,1.2599311928130719,1.5592071998924415,0.29960315868971565,0.16223687241417922,0.3626557121184282,0.548223296512859,hjorth_mobility,hjorth_complexity,2.0520994671983344,0.769823017708128,-33.711814880371094,-188.4765625,117.67578125,-33.203125,857.2757735601044,29.279272080434385,1716,eeg_data_level_8.csv,7,AF7,190.0078125,200.00390625
3049.50274603322,435.6432494333171,720.1043854603575,175.90669936211484,509.5482590810926,489.7701111287622,61.221263891095276,109.08152523765139,25.83932899723569,50.00673178471934,91.33296727222059,11.416620909027573,18.922983126457336,5.740155872414245,10.140847517733032,56.26407098579557,1.4806334469946203,4.940016196297098,0.5502188772343883,1.1208882444226846,68.27867427941949,0.7758940259024942,2.2215449214542966,0.26971579263773715,0.7204410510517301,1.6113964877363391,0.49999611045795744,0.13355310663156097,0.10983566604110442,0.1458525434804988,hjorth_mobility,hjorth_complexity,1.47273517796777,0.5636936539709725,-39.8529052734375,-202.63671875,152.34375,-37.109375,2001.8597971647978,44.74214788278272,1716,eeg_data_level_8.csv,7,AF8,190.0078125,200.00390625
21588.384565315613,3084.0549379022304,7334.658305896241,628.8672335948402,2352.5067289430417,1570.1217448664204,196.26521810830255,571.7552873445461,46.25110339940563,94.64608502534907,220.09238418742734,27.511548023428418,49.76743367082483,11.58098751103673,22.07504695024535,178.02408778372114,4.684844415361082,16.057518740878702,1.0529197993657062,4.017192134514554,393.7203204109851,4.474094550124831,124.82038660442524,0.8745774986291475,2.319960893633011,1.5099234113311184,0.26472362086835016,0.055399706211731424,0.056422054333183556,0.11158903628602984,hjorth_mobility,hjorth_complexity,1.1985322319197167,0.6853818552778794,-45.75691223144531,-453.61328125,411.1328125,-68.84765625,18419.153516733786,135.71718209841296,1716,eeg_data_level_8.csv,7,TP9,190.0078125,200.00390625
31176.514324908847,4453.787760701264,9745.792150834184,1305.539648178603,3242.611928531199,2753.4476024548485,344.18095030685606,873.7119472503477,89.70337640923795,213.99729101460213,250.32098324168726,31.290122905210907,69.20673584136036,18.316744787324012,25.07171159075007,767.7076757616621,20.20283357267532,61.22998307468486,5.248807259541692,15.425030486196732,220.822152606364,2.5093426432541364,8.015647569269401,0.37225665639742694,2.0653963549051664,1.559218914346222,0.3260751602469653,0.0476287112299327,0.15248971341623627,0.05685902213539365,hjorth_mobility,hjorth_complexity,1.070276015219821,0.46997383624927386,-55.62744140625,-903.3203125,575.1953125,-46.875,19052.15062201023,138.02952808008232,1716,eeg_data_level_8.csv,7,TP10,190.0078125,200.00390625
476.7689398634451,68.10984855192073,129.83014300166673,31.037020535613447,61.07630947161465,100.47045952408516,12.558807440510645,23.31348359220233,6.289285223649151,11.74396196275085,40.79047092650188,5.098808865812735,7.60911456361514,2.5591541878198476,5.396757073736117,74.62931676829656,1.9639293886393832,4.172398264939517,0.9223741739666771,1.7529726950360516,96.92813646331123,1.1014560961739912,3.260119327522957,0.42714445430346104,1.0606389592273051,1.3553001793605772,0.5023219678595807,0.24941330278165857,0.5403162383485524,0.7680147898150207,hjorth_mobility,hjorth_complexity,2.1493972867637723,0.7593832136875243,-33.066749572753906,-129.8828125,80.078125,-33.69140625,507.1400946690119,22.51977119486368,1716,eeg_data_level_8.csv,8,AF7,200.0078125,210.00390625
2650.8632479906346,378.6947497129478,604.4843202617,213.0771034232305,319.65578589362167,503.8581896337423,62.98227370421779,155.86385766387232,23.751083901623712,60.224817815475966,93.73182998308107,11.716478747885134,16.124829279873445,5.447006243380409,13.10434396308931,68.71605658188173,1.8083172784705719,9.661434920103444,0.4523995396610231,1.1218160410264033,58.57017684164086,0.6655701913822825,1.5519142988973391,0.1482876717750744,0.6356291529023916,1.6463804049144863,0.5552216083417308,0.15187321223588623,0.14340309271668233,0.14291986394224843,hjorth_mobility,hjorth_complexity,0.9685555674923172,0.5174904566757518,-35.61744689941406,-218.75,139.16015625,-36.62109375,2272.123668662971,47.66679838905662,1716,eeg_data_level_8.csv,8,AF8,200.0078125,210.00390625
7465.231275047489,1066.46161072107,1710.1223661951362,319.51426865032334,1004.3351535840326,885.9495649278275,110.74369561597844,233.5820795610301,12.271729343672403,97.34689368271776,146.43493950389143,18.30436743798643,29.113041763420224,6.524357158736584,19.8111136138072,177.41386302892877,4.6687858691823365,14.097869941244504,1.8368116304929747,3.5547354262127593,373.4674606957075,4.243948416996676,117.60703014529986,0.7433569868601326,2.1878457299373286,1.6604374400826885,0.4013724534698222,0.09741613831387028,0.14383214683190823,0.26694721593628745,hjorth_mobility,hjorth_complexity,1.9724921602811574,0.7182359375971011,-45.94898223876953,-446.2890625,361.328125,-45.41015625,5740.714405510516,75.76750230481744,1716,eeg_data_level_8.csv,8,TP9,200.0078125,210.00390625
9700.272213792548,1385.7531733989356,2760.5903614117747,734.8691708789405,1341.7168693447502,1265.8859143011239,158.23573928764048,334.6730397244131,22.739173203367354,158.57029439697484,144.47104963000498,18.058881203750623,35.47244876562565,5.263269584456107,16.871908944267567,168.84077276816026,4.44317823074106,10.722999087331223,0.9299842249836077,3.4405643478891346,121.13932948148421,1.3765832895623207,3.4321047343408653,0.3767323858804115,1.3309301755845242,1.6645632242141664,0.43021923039182997,0.07615753925649156,0.10835103177672319,0.09055677508095386,hjorth_mobility,hjorth_complexity,0.9641329393302518,0.5023141269953948,-28.62701416015625,-532.71484375,333.0078125,-32.2265625,8402.2257453762,91.66365553138387,1716,eeg_data_level_8.csv,8,TP10,200.0078125,210.00390625
4870.690947028609,695.8129924326585,1494.204405408929,181.71137839787002,426.2651768759984,360.3287823827095,45.04109779783869,129.45884151903067,5.503019516606915,26.048604203752305,58.230183861199905,7.278772982649988,10.200768406623341,4.198968403192691,7.690360963811184,73.3390871059025,1.9299759764711182,5.377984700244825,0.6846550146820363,1.8005973154553656,79.68985196393857,0.905566499590211,2.5899031146240157,0.29671894304087076,0.7492269734268339,1.5340384301712036,0.27039608879214594,0.06479359722378537,0.09723539134239925,0.1154491065197375,hjorth_mobility,hjorth_complexity,1.3135205641334164,0.6345955469879596,-37.47730255126953,-270.5078125,351.07421875,-39.306640625,2697.973835129232,51.94202378738464,1716,eeg_data_level_8.csv,9,AF7,210.0078125,220.00390625
4936.427378568547,705.2039112240782,986.3204598308034,361.9165589587574,800.488993841343,856.2977303922712,107.0372162990339,242.8381622277731,28.340165838970027,76.72686737699787,190.90987485709667,23.863734357137083,28.850497150110204,16.737944769568838,24.18181734183491,109.15930681260828,2.872613337173902,11.400328034492112,0.43299760801477344,1.653001998946351,57.943123392948245,0.6584445840107755,1.7952884065387704,0.2765534513796271,0.5769308337964598,1.6780688600496922,0.5233948627054171,0.16797094650205927,0.12661794970810855,0.0830191248605037,hjorth_mobility,hjorth_complexity,1.3577468457540702,0.43428166436139787,-37.14122772216797,-221.19140625,391.11328125,-39.55078125,2755.0324896219536,52.48840338228963,1716,eeg_data_level_8.csv,9,AF8,210.0078125,220.00390625
9119.639916551207,1302.805702364458,2646.6589179934635,285.55751757429914,1558.3757046139106,1703.1101389945588,212.88876737431985,404.1088340880261,35.837112774084986,225.1273880312894,211.3685792863889,26.42107241079861,52.77745221796572,11.843807554319985,18.753009452701477,152.1655905020386,4.00435764479049,11.139361531627989,1.8033979696203655,3.0951745590700033,387.26074915208625,4.400690331273707,114.0384905302359,1.0719545228588006,2.3286656652086,1.4825449513447704,0.5243026280293325,0.10037496080875769,0.09493778322375394,0.2128836178502985,hjorth_mobility,hjorth_complexity,1.53022934407462,0.7243415492472008,-18.644332885742188,-313.96484375,334.47265625,-36.1328125,8775.229911407223,93.67619714424376,1716,eeg_data_level_8.csv,9,TP9,210.0078125,220.00390625
6506.265221772678,929.4664602532397,1129.2641106389763,630.3056248387269,999.099353751069,2333.197913914266,291.64973923928324,625.687889267834,41.137728941747056,269.86729723354597,228.20866159501838,28.526082699377298,44.63579369901753,19.020207199256795,26.906595491020703,206.11045354289277,5.423959303760336,15.794138985525015,1.0518218972971836,4.598680863038275,159.02999065720576,1.8071589847409746,4.4992939449285085,0.4955003714777735,1.7028798973358032,1.56743245445212,0.7864639898739085,0.13726119159464842,0.1553746522623969,0.14019928030969403,hjorth_mobility,hjorth_complexity,1.3621694739161356,0.5598887498829289,-34.210777282714844,-480.46875,343.75,-32.2265625,5002.092255417665,70.725471051225,1716,eeg_data_level_8.csv,9,TP10,210.0078125,220.00390625
1073.8159719628993,153.4022817089856,238.41400586435682,17.487146384345273,211.23382035664423,87.35168778379261,10.918960972974077,22.668011225135935,2.071113663279225,10.25213320041263,29.46080409107383,3.6826005113842286,5.266166778088333,1.7378824599999667,3.8964535132768483,66.57124013344959,1.7518747403539365,4.214200399207284,0.7137516133748325,1.6023515431368551,165.78968917897475,1.8839737406701678,5.58430413741307,0.5733804436352581,1.7207478464062418,1.5060659986448326,0.2799621211239582,0.11788997840567678,0.2993236379723989,0.730419159076992,hjorth_mobility,hjorth_complexity,2.025563698225942,0.8501390307119148,-26.141357421875,-146.484375,192.3828125,-31.25,1414.6682247519493,37.612075517736976,1716,eeg_data_level_8.csv,10,AF7,220.0078125,230.00390625
1856.2194932918198,265.1742133274028,453.4680076690151,64.16197457381594,312.2153983209969,172.28569440263908,21.535711800329885,49.15471059886609,7.449243334801494,13.442177844719929,42.44022046511982,5.305027558139978,7.211147704515964,2.9551937057826008,5.724134601840599,48.71260897096488,1.2819107623938126,2.6461224163531827,0.292246823812043,1.0951638727661126,87.4689412086933,0.9939652410078783,2.383080901650205,0.33645961679210895,0.9027778886001095,1.6343366530320491,0.33503169983691394,0.1113040556224062,0.15671294006158867,0.2919121272465939,hjorth_mobility,hjorth_complexity,2.167087799412034,0.7423777992219921,-35.3668212890625,-206.54296875,164.0625,-36.1328125,1521.6952096670866,39.008911926213564,1716,eeg_data_level_8.csv,10,AF8,220.0078125,230.00390625
4452.674713363775,636.0963876233964,1159.6836396344193,362.2631629097458,457.1745769523667,690.2148903626787,86.27686129533484,218.0840199454318,23.538753793279735,86.77868663754228,100.44487304734409,12.555609130918011,25.13246557939142,6.365803074806067,10.928121207723223,123.36419638696957,3.2464262207097256,6.93331116854429,1.4133400535521599,2.9594231865832485,294.4534468182714,3.346061895662175,73.1425691046735,0.6922043457438593,1.9583166633899323,1.6127815237263108,0.4742419543495087,0.1046285795618283,0.15699111301566013,0.335036750566607,hjorth_mobility,hjorth_complexity,1.7027118423951695,0.8022328367844185,-64.27345275878906,-368.65234375,172.8515625,-57.12890625,3819.509723543888,61.80218219079232,1716,eeg_data_level_8.csv,10,TP9,220.0078125,230.00390625
8151.983898768547,1164.5691283955068,1812.5436209434463,417.2504330226862,1156.7362620685249,2002.84129902935,250.35516237866875,504.81021628305876,69.68453039382013,268.019699856609,371.4845901188296,46.4355737648537,69.86335611026315,21.783191486621135,43.19292730856437,333.0364962837271,8.764118323255977,33.813743400026596,2.6595096852191693,5.470905006338446,174.47742286488472,1.9826979871009627,6.700208021202783,0.3533177941056393,1.519313935123637,1.5886531577569958,0.639032974821458,0.1776635346399034,0.20209886978022357,0.1293154285915583,hjorth_mobility,hjorth_complexity,1.2294906290541743,0.5098892919615922,-66.63436889648438,-679.6875,205.56640625,-59.08203125,6562.835652730428,81.01133039723781,1716,eeg_data_level_8.csv,10,TP10,220.0078125,230.00390625
248.34228069527566,35.477468670753666,70.00724205190434,18.488488497281203,24.910197076566856,79.49308541103048,9.93663567637881,14.668681606653074,3.121215922336142,11.777541614236187,25.611626056318052,3.2014532570397565,6.344699680862075,1.4058054053372222,2.5697105203224555,71.15909849127524,1.872607855033559,3.5229354747927215,0.6265855549041588,1.8442314854585324,217.51213362759125,2.471728791222628,7.359701068218767,0.785702797269159,2.135700135867756,1.0026098480962728,0.4657356820531933,0.19039443836913048,0.586769662582387,1.7020793157889287,hjorth_mobility,hjorth_complexity,3.312548493386966,0.9301712744801246,-34.41448211669922,-111.81640625,42.96875,-35.15625,348.3622392741381,18.664464612576975,1716,eeg_data_level_8.csv,11,AF7,230.0078125,240.00390625
2163.1973447392547,309.02819210560784,397.2517697491629,260.51593671912485,286.41041483271357,557.571335058112,69.696416882264,164.22216780554697,25.798859480108145,47.53769668260567,101.00504814930983,12.625631018663729,22.103098760059368,7.907166141772284,10.53732299462877,95.8467043496756,2.522281693412516,8.124671011658611,0.6285284604856725,1.8462715963161083,130.6518288065766,1.4846798728020068,3.7940770982315857,0.4609370776983595,1.2697811258356606,1.5883228024708602,0.6448471505844924,0.17522709864020541,0.21142098964913084,0.31426886702642587,hjorth_mobility,hjorth_complexity,1.7159797268813657,0.6781596049360744,-37.769317626953125,-210.44921875,104.00390625,-37.109375,1477.2142836591229,38.434545446240456,1716,eeg_data_level_8.csv,11,AF8,230.0078125,240.00390625
5040.1244689939795,720.0177812848542,2145.1636317609987,231.57660552854284,640.4006216583917,767.4836878659042,95.93546098323803,184.20393548881808,48.29930425122734,77.7488198808419,150.72716580646144,18.84089572580768,36.12393754900481,10.002583205936864,14.473671259443552,161.91585900383987,4.260943657995786,8.401840785123698,1.7573327089784223,3.9737259853105513,347.363166525893,3.9473087105215114,80.06121583123151,0.9224098829439329,2.348530668425184,1.4099935369363652,0.45274490694660297,0.12273553628380815,0.16643156496400355,0.3304039120812552,hjorth_mobility,hjorth_complexity,2.0078731855776804,0.8036107400588428,-20.86181640625,-452.1484375,268.5546875,-34.1796875,5804.366655647755,76.18639416357591,1716,eeg_data_level_8.csv,11,TP9,230.0078125,240.00390625
8815.000706464441,1259.285815209206,4005.8938326267753,318.2055618314495,489.0486282375289,1727.5265315709144,215.9408164463643,346.6659203312669,40.13362164383512,254.0950581812338,268.56076246683097,33.57009530835387,49.77805242669722,15.915957189533977,32.23113945049438,215.53967738157178,5.672096773199257,11.583558572205822,2.5242228332678174,4.958646295079879,164.16687554500032,1.865532676647731,5.882274059334133,0.7899950923834959,1.43191780467324,1.320300644611011,0.5361093075387691,0.12450240112826591,0.12966723932298263,0.11210882756606406,hjorth_mobility,hjorth_complexity,1.3754373584023318,0.6029865180486929,-36.10248565673828,-521.484375,428.22265625,-34.66796875,8469.071343970427,92.02755752474596,1716,eeg_data_level_8.csv,11,TP10,230.0078125,240.00390625
748.8529027646214,106.97898610923163,172.40989959884234,67.01590997346072,109.15274606874851,218.6537766688065,27.331722083600813,76.98432089973691,11.66004724343701,16.87105762537537,42.67396101376267,5.334245126720334,8.054882452113027,2.4876433766197614,4.881619769753803,82.13063012385074,2.1613323716802824,3.7174398489612566,0.814938099128287,2.0307755661386624,92.26070023269529,1.04841704809881,2.6487210551359754,0.3122542463020961,0.902119940209306,1.457829886657741,0.6388069196798075,0.18694600510166717,0.42236237466140886,0.5259644748875558,hjorth_mobility,hjorth_complexity,1.954801647632896,0.714296470933056,-38.75141143798828,-159.1796875,48.33984375,-39.55078125,586.5614744470804,24.219031245016396,1716,eeg_data_level_8.csv,12,AF7,240.0078125,250.00390625
5048.177780245616,721.1682543208024,1046.0066241952127,178.85229775881677,746.1442156769401,403.8347798809318,50.47934748511648,97.49628913106905,14.388298091940852,47.3658480856208,110.30974097369634,13.788717621712042,30.41023199385491,3.8899301867670033,9.549828578912019,59.88532264356529,1.5759295432517182,4.030592071197992,0.49041167080206743,1.2692727068268899,89.54510552151022,1.0175580172898888,2.200558407433819,0.37021320444039574,0.968907004507938,1.6774809111442044,0.30486025347478296,0.1059154006211262,0.07951611250773209,0.12626866771438292,hjorth_mobility,hjorth_complexity,1.309097935971351,0.5607741738265194,-38.028717041015625,-361.81640625,132.8125,-34.66796875,2506.096367142163,50.060926550975495,1716,eeg_data_level_8.csv,12,AF8,240.0078125,250.00390625
13681.055451381328,1954.4364930544755,3053.0366644404817,535.8228498466576,2449.3856190899005,1391.6600708502174,173.95750885627717,568.6149778288708,44.39136242635483,97.26473002314967,167.3966907677241,20.924586345965512,30.781533194316395,14.334711583095153,20.46350880046023,207.98796077399646,5.473367388789381,16.810910403079752,1.7018485897440474,4.313438307411369,365.69603517360895,4.1556367633364655,81.65263161669259,1.0405047051552336,2.561444282273817,1.6356460370548869,0.3456170499929544,0.06605710825323068,0.09720600512265254,0.1651366526312307,hjorth_mobility,hjorth_complexity,1.3975504992126586,0.6933204309263084,-63.3636474609375,-416.015625,287.59765625,-69.3359375,7905.779695138335,88.9144515539422,1716,eeg_data_level_8.csv,12,TP9,240.0078125,250.00390625
34047.268924566524,4863.8955606523605,9601.849944083746,444.02750560624463,4407.173917585524,2408.5934760487094,301.07418450608867,594.9535252665411,113.60777261234274,212.1784229468891,422.9954218581397,52.87442773226746,83.06047963304555,29.378128530961718,48.84383159374468,384.21737559257843,10.110983568225748,29.225407433358075,1.5340573418408516,7.628730768415035,217.3561374213297,2.4699561070605647,6.40814450051147,0.7624655925437236,2.180076005118569,1.5855688930687772,0.2862420606757231,0.07047504978623581,0.07837073999372174,0.052696381644693285,hjorth_mobility,hjorth_complexity,0.8845256324130751,0.46802272050895205,-25.614356994628906,-563.96484375,505.859375,-32.71484375,18577.302948360735,136.298580140663,1716,eeg_data_level_8.csv,12,TP10,240.0078125,250.00390625
441.5738136706017,63.08197338151452,121.89372041629733,22.705670340640992,44.37964814081459,86.48029489013012,10.810036861266266,23.216794259459895,3.088728654674922,7.748397112006071,20.40841690040662,2.5510521125508276,4.379361000031355,2.0067321788569967,2.3534724335293626,38.47814812581271,1.0125828454161239,2.469628952122614,0.3490710650251837,0.976950573003431,40.724569089311046,0.4627791941967164,1.141528967594144,0.1699787800577287,0.4194421856817312,1.4416714080328603,0.5156996476359963,0.17181759045390774,0.37408543197459837,0.44590225940431516,hjorth_mobility,hjorth_complexity,1.53022934407462,0.7228737677927057,-33.06388854980469,-111.328125,56.640625,-34.66796875,421.4223321469035,20.528573553632594,1716,eeg_data_level_8.csv,13,AF7,250.0078125,260.00390625
2251.772217979721,321.6817454256744,438.4291535803188,160.33640185494372,334.2569304149915,460.49208423445396,57.561510529306744,107.80642370077048,17.167751828029772,46.21790751176549,103.85543917033154,12.981929896291442,28.698641225505654,4.094915376520454,11.016831798525324,61.34253886843435,1.6142773386430094,6.605791128084371,0.4393498987428149,1.2293136879137592,46.5420289228837,0.5288866923054966,1.491368576227582,0.2120335201376074,0.47756539394174596,1.6477529062059038,0.586519829696429,0.18345719476024072,0.14958353536728097,0.13327851500007037,hjorth_mobility,hjorth_complexity,1.0879665278680823,0.5083842811751023,-35.96153259277344,-206.0546875,133.7890625,-35.64453125,1557.0496207510587,39.459468074862066,1716,eeg_data_level_8.csv,13,AF8,250.0078125,260.00390625
5471.513943363786,781.6448490519695,1464.8439729473218,366.82057168110805,657.0950726194458,1276.2045535463903,159.5255691932988,406.6173343351072,31.86500162408293,109.5597761736102,223.80091405561058,27.975114256951322,49.14365189160269,13.091514558729045,23.161752696203273,163.52307921689444,4.30323892676038,18.29555654970214,1.5859526167924167,3.420960980861812,303.0869179054487,3.444169521652826,85.70495804835684,0.5174612088525794,1.8938534893464183,1.537119661090852,0.5869884107540722,0.1621314844111384,0.15635932713961653,0.265622498907684,hjorth_mobility,hjorth_complexity,1.755783380339954,0.6994947113368558,-45.084381103515625,-359.375,301.7578125,-44.43359375,3767.19948311802,61.37751610417303,1716,eeg_data_level_8.csv,13,TP9,250.0078125,260.00390625
14877.938400222056,2125.4197714602938,3016.608031239628,960.5620647216017,1934.2797866705837,2514.852074241125,314.35650928014064,676.0074318929113,87.2458744586204,247.40204316884817,232.8154207809667,29.101927597620836,76.86261661979938,14.176298348964169,22.53920847476393,217.0813217344495,5.712666361432881,20.447457016336884,0.7422150144158853,3.9213747756313744,113.68352687017419,1.291858259888343,2.7227455995793965,0.19484571027348632,1.239571788629021,1.6835881464845097,0.521608511757198,0.07773288264549598,0.08974304595854245,0.05726839040378362,hjorth_mobility,hjorth_complexity,1.2073774882438475,0.47373140412484466,-43.375396728515625,-449.70703125,653.3203125,-35.15625,9858.717996976338,99.29107712668011,1716,eeg_data_level_8.csv,13,TP10,250.0078125,260.00390625
24002.291757097653,3428.898822442522,8224.128265914427,1076.384279936821,2351.6635406794394,1998.9462293500262,249.86827866875328,757.1178030617492,55.7742583805513,148.85778662118568,166.66790418953784,20.83348802369223,47.00138652684057,11.35982481917034,16.28042487904927,232.18645974047033,6.110169993170271,18.527152071910365,2.0307066557560955,4.148708092092721,146.61575879693265,1.666088168146962,4.528249995858328,0.3623459157110906,1.4252919573505496,1.6279911932036764,0.31657079211582695,0.04298872927524483,0.0696767610440274,0.05140538304133616,hjorth_mobility,hjorth_complexity,0.9464424266819903,0.6106256418103316,-47.65453338623047,-383.7890625,973.14453125,-57.6171875,17274.39390200743,131.43208855529699,1716,eeg_data_level_8.csv,14,AF7,260.0078125,270.00390625
13416.522380333774,1916.6460543333963,6130.370590550236,455.1420767421371,1018.7036402683617,7333.790013615362,916.7237517019203,1189.8929629819313,619.7994432370492,915.8677148414546,3384.9070239891553,423.1133779986444,616.1329940155398,248.98938157121984,405.48951340157146,3727.9432543945186,98.10376985248733,310.8924302138535,2.020094142232107,77.8298737856841,514.097461442107,5.842016607296671,18.227590921231517,0.4487333917178882,4.279961444393699,1.0486155980012564,0.865318369591707,0.4862805930032548,0.6690935614781612,0.14386358051900516,hjorth_mobility,hjorth_complexity,1.260449026188632,0.35745447016516635,-30.634307861328125,-1000.0,969.7265625,-40.52734375,16223.5608039191,127.37174256450722,1716,eeg_data_level_8.csv,14,AF8,260.0078125,270.00390625
7028.458524008734,1004.065503429819,1492.3672146831775,571.466515257052,1021.6042251950979,1540.091776896579,192.51147211207237,452.389435909508,36.415484788138855,131.18884919068043,114.0032918582027,14.250411482275338,29.967303858681742,7.033865488137933,12.641854201690467,156.334685314842,4.114070666180052,13.132127781091029,1.164789314705388,3.21389399744724,317.10215421621376,3.6034335706387925,94.58060246228517,0.7435260856364314,1.9828489225258537,1.6278012694609671,0.5936481168115211,0.0777252359314981,0.12619958882019683,0.23186461278906273,hjorth_mobility,hjorth_complexity,1.600991394667666,0.7028507247682731,-45.08628845214844,-437.98828125,176.7578125,-41.50390625,4798.571928258752,69.27172531602451,1716,eeg_data_level_8.csv,14,TP9,260.0078125,270.00390625
12058.922734301072,1722.703247757296,2659.2995607108305,1165.281469910457,1528.09009971724,2013.5750288349618,251.69687860437023,560.2713324213962,46.512142609562105,217.6421887452231,255.51415888183308,31.939269860229135,66.46664827865862,13.044770051789326,24.71246677387832,248.62908598651134,6.542870683855561,13.971554691639591,2.2894657061184374,4.7736852597343065,139.80769912027725,1.5887238536395143,3.5780962735205972,0.22933404242823693,1.4246495813099866,1.7092290613989007,0.5228762733403712,0.10310717130662775,0.12680709892065667,0.08504205857961092,hjorth_mobility,hjorth_complexity,0.8579898634406828,0.47227003913159205,-39.769935607910156,-461.42578125,371.58203125,-36.1328125,9126.307749793341,95.53171070274698,1716,eeg_data_level_8.csv,14,TP10,260.0078125,270.00390625
1695.351807821267,242.19311540303812,452.1487174221247,103.46758597630917,222.5434941244157,297.35881929634166,37.16985241204271,65.0550645326164,21.066189541123393,35.74492810401186,66.24758893752717,8.280948617190896,14.80969090776182,4.168990564381023,7.602448613451055,124.68652460818798,3.2812243317944207,11.554730999846361,0.8138718248878434,2.6388570187047056,117.71950090130653,1.3377216011512105,3.350573236155056,0.3515640134991422,1.1832209511905885,1.525585680108977,0.4982816391298848,0.15065433212988055,0.32539287369161163,0.35428488558417687,hjorth_mobility,hjorth_complexity,1.7690512648261503,0.707475480759508,-52.121925354003906,-303.22265625,120.1171875,-48.33984375,1558.5369852124131,39.47831031354322,1716,eeg_data_level_8.csv,15,AF7,270.0078125,280.00390625
2470.8560761146155,352.97943944494506,457.3301612537502,250.95162177248574,358.053726181478,902.1357662554162,112.76697078192703,334.58339672328566,26.4357638820156,42.402107088383175,96.35423764791294,12.044279705989117,18.262170787225166,3.14122855554448,13.725254135244427,59.83565253512462,1.5746224351348586,5.330313035406456,0.38985474613802207,1.1123361081517,58.6803426576146,0.6668220756547114,2.069758757791549,0.1375713949785809,0.6083492106965116,1.5527621545299344,0.7362199243684917,0.1462142351726967,0.12191488457100864,0.1351524195355631,hjorth_mobility,hjorth_complexity,1.0968117841922131,0.4986484408611838,-39.70603942871094,-185.05859375,158.203125,-36.1328125,1963.3908917603549,44.31016691189907,1716,eeg_data_level_8.csv,15,AF8,270.0078125,280.00390625
15688.890257783369,2241.2700368261953,5193.28017620677,391.2777693968805,1370.4423582566435,2210.8342933569033,276.3542866696129,500.74008261569855,61.293841589337426,270.43319435019265,151.8095071070048,18.9761883883756,36.722725003327206,8.596090489398174,16.449718415152773,185.56930908758005,4.883402870725791,14.483711310946896,1.341418998300445,4.080146420445049,339.07245825314646,3.853096116513028,84.13840570496693,0.7775519179271994,2.125905815452961,1.455391684129415,0.44103075537703046,0.050490817459655515,0.07370225141577273,0.1276399733619543,hjorth_mobility,hjorth_complexity,1.0614307588956902,0.6554725509730266,-25.8209228515625,-403.80859375,430.6640625,-40.0390625,11842.237962409854,108.82204722577983,1716,eeg_data_level_8.csv,15,TP9,270.0078125,280.00390625
13772.395234752079,1967.4850335360113,4237.32752228925,828.6038165206836,1663.8658446626287,1485.382104734916,185.6727630918645,546.3965643098904,53.30710184145635,136.61834736805508,266.5101434994947,33.313767937436836,49.40289932968564,17.79143942468877,33.579578607445384,357.20008652128286,9.400002276875865,43.029924611689324,2.0372837348060386,5.8214479382014295,190.93829231145918,2.169753321721127,5.6059966299563655,0.6078299368227208,1.923952198687502,1.5775907860613323,0.36182387608906524,0.09465850483684612,0.14713389271604574,0.09677013680843313,hjorth_mobility,hjorth_complexity,0.9995139646267749,0.5187558909984913,-41.30878448486328,-412.109375,556.15234375,-36.1328125,9043.252114170173,95.09601523812748,1716,eeg_data_level_8.csv,15,TP10,270.0078125,280.00390625
1932.440158036009,276.0628797194299,479.68866734001523,91.387023413465,278.42183127444184,377.44148900242567,47.18018612530321,106.185645054864,15.812880637581546,27.21550587895759,62.34687591608574,7.793359489510718,13.438559019105938,2.3916968611349714,7.784675436717819,82.65480431110046,2.175126429239486,5.548877066191807,0.8535568232581003,2.0961851864793184,103.26231770161249,1.1734354284274147,2.4427779060357544,0.4046125780871195,1.0956219178486253,1.5502536717253599,0.5291713263372356,0.13270380310598806,0.21514671692352455,0.292807331068181,hjorth_mobility,hjorth_complexity,1.698289214233104,0.617852587244713,-27.56519317626953,-150.390625,432.6171875,-34.912109375,3093.8057665116503,55.62198995461822,1716,eeg_data_level_8.csv,16,AF7,280.0078125,290.00390625
4305.926313496815,615.132330499545,931.8355438397806,210.6580921654169,646.4354662179477,353.7409074731344,44.2176134341418,133.25276901008834,7.975176994864302,22.752424053133595,66.48270029791348,8.310337537239185,12.797107402677316,6.672561288098724,7.982503214420217,81.92722765507793,2.1559796751336298,4.826176297108428,0.9440133321216737,1.747129852923594,63.11053420356761,0.7171651614041774,1.5510966355134879,0.2173251857293097,0.6941061418725013,1.7258515124119187,0.3002256804862317,0.08366906525941568,0.12344320133866683,0.10912648580965337,hjorth_mobility,hjorth_complexity,1.3842826147264624,0.5281444645987506,-31.26354217529297,-242.67578125,451.171875,-30.2734375,2892.6749742458924,53.78359391344067,1716,eeg_data_level_8.csv,16,AF8,280.0078125,290.00390625
24944.509458040862,3563.5013511486945,9165.895113879787,970.6940038995659,1941.1256872945341,4388.680606644486,548.5850758305608,1177.6573513292772,149.10806648240387,578.5490625950316,975.9031830579115,121.98789788223894,270.0218479615063,37.7617314952896,97.05961913596536,541.5868035957825,14.252284305152171,63.82841936848791,1.8920681488339888,6.017738910690278,397.38606010655417,4.515750683029025,110.10858351319548,0.6340496781322117,2.4732842395757784,1.4971951035047908,0.5361107628145781,0.16500173327562184,0.12326264955317155,0.09960419491077269,hjorth_mobility,hjorth_complexity,1.6452176762883197,0.5206844599409408,-50.47035217285156,-581.0546875,456.54296875,-45.41015625,16497.403397079324,128.44221812581455,1716,eeg_data_level_8.csv,16,TP9,280.0078125,290.00390625
23276.315177078024,3325.1878824397177,7081.889510505851,1447.5926351435821,2662.313844861381,3334.754783127776,416.844347890972,1239.7303174441863,112.8876951285672,276.31461736018605,741.061047873016,92.632630984127,163.1897767194577,42.59953769378926,86.92591334655859,439.27552270247156,11.55988217638083,45.33295335330239,2.2614890161199264,7.586574335934982,186.54638954056267,2.119845335688212,4.611313707610991,0.6470948900544262,1.9817324914880348,1.6428525883005003,0.4625447088173911,0.14639417437812774,0.11524022289411119,0.06182381216208518,hjorth_mobility,hjorth_complexity,0.7430015312269831,0.41506383949816994,-24.688720703125,-585.44921875,692.3828125,-24.90234375,17902.43573486805,133.79998406153885,1716,eeg_data_level_8.csv,16,TP10,280.0078125,290.00390625
779.1155623857795,111.3022231979685,250.60561468052458,30.094667180133975,92.34726849465477,192.55386049623695,24.06923256202962,53.7544812941639,8.869734490526218,17.404343165164516,59.116670340508335,7.389583792563542,12.676462587877666,2.8556392150547634,6.881388354128646,67.028518427897,1.7639083796815,4.682599603688977,0.495252952816137,1.303294691212058,49.561327686268,0.5631969055257727,1.4657957026837258,0.16392280661636907,0.4906385821448077,1.4273693993596166,0.6041361635787852,0.2507002116388422,0.36336175926811987,0.31928616489965694,hjorth_mobility,hjorth_complexity,0.9995139646267749,0.6082141248181347,-47.397613525390625,-259.27734375,114.2578125,-45.8984375,1102.9470100766048,33.21064603521896,1716,eeg_data_level_8.csv,17,AF7,290.0078125,300.00390625
3466.725331354146,495.24647590773515,995.2446495689369,280.4695285179045,382.8827375702066,818.7990872789378,102.34988590986723,247.07275372765332,28.470439428325008,87.93623468252136,153.1493945852654,19.143674323158177,39.28788332185977,9.364075589223525,14.34450221730529,76.65823187339464,2.017321891405122,9.821603817674104,0.6027945489394914,1.2423421982557759,41.629628899225565,0.47306396476392687,1.0766790527976258,0.11149654726284508,0.4294792606723927,1.5758737053292302,0.6290562270117722,0.1724841196745105,0.12038562842959914,0.08002492974033591,hjorth_mobility,hjorth_complexity,1.012781849112971,0.39579219531443977,-44.97699737548828,-441.40625,207.51953125,-40.52734375,3499.959071596095,59.16045192183791,1716,eeg_data_level_8.csv,17,AF8,290.0078125,300.00390625
5888.6579772371515,841.2368538910216,1366.9955516135813,319.2569316069556,721.1769676348124,2419.490480552148,302.4363100690185,961.4925675104,80.17947755192687,217.49229317595757,256.0554735231293,32.00693419039116,56.71601443309553,11.95084971224288,30.862741711296984,250.40606361372699,6.589633252992815,37.97415494748206,1.9714838323195376,4.73212248298549,306.4406191679536,3.4822797632722002,81.80182514369095,0.4848416453502958,2.0471314023113942,1.4693713954768028,0.8163623841543204,0.15227393731303376,0.1883025081229298,0.23084936588745153,hjorth_mobility,hjorth_complexity,1.671753445260712,0.5747048275131827,-43.970680236816406,-408.69140625,366.2109375,-43.701171875,6265.273326098395,79.15347955774524,1716,eeg_data_level_8.csv,17,TP9,290.0078125,300.00390625
24316.571991083452,3473.7959987262075,6195.470323979001,1894.2581091835539,2561.2872962789584,7029.887935907509,878.7359919884386,2618.639541631923,108.3955810612776,472.8456325572271,1171.3564960254753,146.4195620031844,306.25534835029566,36.74016636463787,118.62739308210959,1178.5183602969119,31.01364106044505,107.44825017619578,3.817412111282056,15.83322477018233,261.5656664384653,2.972337118618924,8.034085505198705,0.7646373853626938,2.516142600087896,1.5132877042502497,0.6464104535602466,0.17327082637657915,0.21720280632789493,0.06707303632607428,hjorth_mobility,hjorth_complexity,0.5705190329064335,0.3850780206285827,-45.894432067871094,-781.25,962.890625,-53.7109375,25024.749229451114,158.19212758367945,1716,eeg_data_level_8.csv,17,TP10,290.0078125,300.00390625
161.81841028760067,23.116915755371526,43.31799473660465,5.685494474094866,22.832068670878616,43.494675352904245,5.436834419113031,9.618728235754638,1.9147805082376717,5.380217366963896,12.262088469782716,1.5327610587228395,2.400154523938421,0.9406514663265769,1.2648429868533642,59.4569732709547,1.564657191340913,2.7965712520854793,0.6219742741960264,1.6030714473028644,81.20752434163234,0.9228127766094584,2.150061270337763,0.2585566027579962,0.8898086767304253,1.1059026323916878,0.46705314929267094,0.1734354567945109,0.8392524327669907,1.249848570021974,hjorth_mobility,hjorth_complexity,2.958738240421736,0.8196739530661271,-41.064453125,-95.703125,13.18359375,-40.52734375,182.6789602637291,13.515878079641332,1716,eeg_data_level_9.csv,0,AF7,120.0078125,130.00390625
2179.4131849475366,311.34474070679096,667.1148030400398,70.69680063477246,210.92608929489973,270.94715985027216,33.86839498128402,69.52089775703274,11.48842546971048,28.210944990659303,51.36926292067824,6.42115786508478,10.296679194674896,2.8570083524843346,7.22669580125289,41.92027819534999,1.103165215667105,1.9517502658789185,0.5043529970093046,1.067697325360591,43.983230746090115,0.49980944029647856,1.2921532542234184,0.13659876621901784,0.4592564693409862,1.5641624102514573,0.4257176888088239,0.11383791728257306,0.12091200738350882,0.13889077672868058,hjorth_mobility,hjorth_complexity,1.8044322901226733,0.5817861086066366,-40.13862609863281,-278.80859375,108.88671875,-39.55078125,1732.0323326566722,41.61769254363668,1716,eeg_data_level_9.csv,0,AF8,120.0078125,130.00390625
1013.7536466939023,144.82194952770033,226.91410263009755,61.46768259197123,151.63733345991523,424.7506777171282,53.09383471464103,96.83216239532679,35.96418137213655,49.541332110363314,73.27226068402993,9.159032585503741,19.415363525780826,5.5276657031440966,7.892447840304996,95.01015180842585,2.500267152853312,8.087781710228768,0.9394839432612279,2.3832590254306774,209.36143145407675,2.3791071756145086,72.04601502523867,0.20310837980911595,1.1484370847301504,1.3433791260821177,0.7993908125111968,0.20576994092345083,0.3330243273073486,0.6094830548593217,hjorth_mobility,hjorth_complexity,2.189200940222361,0.7672621662832074,-35.54248809814453,-145.5078125,163.57421875,-36.1328125,983.2658985033049,31.357070949042814,1716,eeg_data_level_9.csv,0,TP9,120.0078125,130.00390625
392.1182588244034,56.01689411777192,100.37333470451932,27.468190274227375,51.30234837358715,181.18650735285357,22.648313419106696,48.705853586196625,6.568182213248546,21.24117164586385,45.3594891550222,5.669936144377775,9.106570019718653,3.2227264506069897,5.957192553673515,83.37483803015752,2.194074685004145,3.979232963489536,0.789627597900328,2.046438399365785,117.9093023344522,1.3398784356187752,3.4791161390596392,0.50613397496519,1.3042148322078422,1.211886954303266,0.7280732937616423,0.2635739127970353,0.5745986291853824,0.8804983734966778,hjorth_mobility,hjorth_complexity,2.2201593373568183,0.7684744204351057,-40.59925079345703,-118.65234375,46.875,-40.0390625,470.55701546923956,21.69232618852205,1716,eeg_data_level_9.csv,0,TP10,120.0078125,130.00390625
184.85495070025286,26.40785010003612,43.01676477094572,9.847272742252308,24.11307442036437,70.14023381824038,8.767529227280047,16.309540485676973,2.83694382138037,7.395060540808167,17.05782249032493,2.1322278112906163,3.4128338868757897,0.7757595761572447,2.026461985717267,54.12657937239645,1.4243836676946433,2.7132553924494722,0.7012034556469247,1.3466895792881197,108.35035606954625,1.2312540462448438,2.8431204862794224,0.3910541922873687,1.1159142204390429,1.0964506594880297,0.57355021451718,0.19182834141752653,0.6576205579766112,1.346944271914996,hjorth_mobility,hjorth_complexity,2.9543156122596708,0.8620178899687402,-36.49272918701172,-98.14453125,50.29296875,-36.376953125,238.62776110036066,15.447581076024838,1716,eeg_data_level_9.csv,1,AF7,130.0078125,140.00390625
573.8803575155227,81.98290821650325,120.64535034125788,40.819796141930986,101.32489125794723,253.53366644377206,31.691708305471508,72.82260138210867,12.304007531192452,17.095775522072003,48.58287215903186,6.072859019878982,10.46385990426508,2.186312424573272,5.406546157887725,39.449115843480065,1.0381346274600016,3.120398871135922,0.34664300673437987,0.7998622224655556,39.94113831815812,0.4538765717972513,1.1435476532842057,0.08855351164619027,0.42576485915073853,1.4061637905020175,0.8210492677249808,0.24598860971704595,0.2697343352235058,0.30882886803506726,hjorth_mobility,hjorth_complexity,1.7292476113675619,0.6153978637989411,-35.579681396484375,-130.37109375,96.19140625,-35.64453125,533.0220650648698,23.087270628310957,1716,eeg_data_level_9.csv,1,AF8,130.0078125,140.00390625
1442.7816809794895,206.11166871135563,332.31832144497844,130.52670696614712,219.53970333853047,592.0660117775585,74.00825147219481,159.1391278398745,31.686751792704374,60.50028537590842,101.67361186539702,12.709201483174628,31.866522134089816,4.994932990715527,9.028721415704432,119.27785075188683,3.1388908092601797,8.104852673167619,0.8445730989773916,2.8507562299215787,224.68026725663998,2.5531848551890906,55.681360489662026,0.4488525437432703,1.5805995222582627,1.393381823961385,0.7857034831614311,0.204056502310289,0.3073694977850322,0.5381106218605227,hjorth_mobility,hjorth_complexity,1.9857600447673536,0.7223705068410198,-36.79618835449219,-267.08984375,117.1875,-35.15625,1551.0500232630875,39.38337242115113,1716,eeg_data_level_9.csv,1,TP9,130.0078125,140.00390625
1124.2602218579573,160.6086031225653,340.2718856913972,76.57593810689905,137.24783857747124,261.18433526969375,32.64804190871172,66.45209275398659,10.77083820330838,26.01997683098099,53.68154201637861,6.710192752047326,10.609734996541016,4.4325227097722335,6.193947198763976,96.46987781494413,2.538680995130109,6.898172223135443,0.9162212599953242,2.0899238680535444,118.02816068548182,1.341229098698657,3.4466409203916255,0.5421381149062795,1.2161180772417421,1.418838797431388,0.5520587837997974,0.1635376813000834,0.3389174238989305,0.46013530595002017,hjorth_mobility,hjorth_complexity,1.5965687665056005,0.6330900620712161,-37.781715393066406,-296.38671875,678.22265625,-40.0390625,4393.696527949941,66.28496456927424,1716,eeg_data_level_9.csv,1,TP10,130.0078125,140.00390625
170.2820516547594,24.326007379251344,40.115446465744945,14.677290935386642,22.692388168072725,83.86602349580237,10.483252936975296,23.483496560920962,3.1073593222740175,6.315744936122254,24.491922426507237,3.0614903033134047,5.1645207820462256,0.7986547033614676,2.6771920600937618,55.54180343843154,1.4616264062745143,3.0102347155942586,0.5949469782161606,1.3187086203139358,93.07752903351584,1.05769919356268,2.3884820447183426,0.36426891513973214,1.0239454165693198,1.0697921433988136,0.6451408568426562,0.26252391835938016,0.6938092043493439,1.2269717132154851,hjorth_mobility,hjorth_complexity,2.9720061249079324,0.8448445987144308,-41.489410400390625,-98.14453125,36.62109375,-41.50390625,244.2637219792232,15.628938606931156,1716,eeg_data_level_9.csv,2,AF7,140.0078125,150.00390625
8132.52029222663,1161.7886131752327,1691.33468540943,676.3365562419942,1038.8737460393165,1464.6852973447292,183.08566216809115,390.91201053170164,87.95305347071083,133.99004614231018,376.5996282451448,47.0749535306431,69.00993441027347,36.10266383744976,45.23915192025081,385.1819649757612,10.136367499362137,28.302375018480916,2.5136390924682632,7.793436782389306,127.58458234862243,1.449824799416164,3.7019332330977153,0.3451575793986577,1.1868840172824457,1.6221603209076765,0.5283703666370012,0.18767188414028335,0.2409411494191925,0.10276576429102416,hjorth_mobility,hjorth_complexity,1.733670239529627,0.4546218096525676,-35.19306182861328,-479.00390625,651.3671875,-33.69140625,5226.341490597404,72.29344016297333,1716,eeg_data_level_9.csv,2,AF8,140.0078125,150.00390625
7961.980945231707,1137.4258493188152,1819.8826365996467,350.1688689901573,1460.023395263238,2357.626359978428,294.7032949973035,516.076643805457,60.324584724399756,287.1194609009036,278.48288461606825,34.81036057700853,91.64413052969866,10.445131959849288,32.091245001060415,139.28309249219436,3.6653445392682724,7.705571946504282,1.1877781962673406,3.3770008593288474,231.01934658958976,2.6252198476089745,56.77536325635268,0.45362041234601935,1.5316457900216722,1.5463481966324222,0.7290490220392418,0.13894863971826546,0.09952413622327062,0.1580893899447845,hjorth_mobility,hjorth_complexity,1.3533242175920048,0.566001234382794,-40.42816162109375,-520.99609375,239.2578125,-41.50390625,5512.832885142416,74.24845375590266,1716,eeg_data_level_9.csv,2,TP9,140.0078125,150.00390625
959.5220431403432,137.0745775914776,241.5725868951082,58.3220019742847,94.85367406608086,270.61990902972127,33.82748862871516,71.02825856055796,12.458999168331644,28.307787502828354,62.183903935454325,7.772987991931791,14.611306221980158,3.5633928459500215,5.846120055767673,109.20741853987482,2.873879435259864,7.661907959153372,0.9009578050542546,2.7401956765823496,129.51431389798532,1.4717535670225603,3.136352401438352,0.2902988059124658,1.3730960446179947,1.3618980821622348,0.6064026752522291,0.19803112835556932,0.4145725105068432,0.5464483772888311,hjorth_mobility,hjorth_complexity,1.8884622252019152,0.722008391090463,-38.05198669433594,-190.91796875,61.5234375,-38.57421875,1033.8136575592216,32.15297276394862,1716,eeg_data_level_9.csv,2,TP10,140.0078125,150.00390625
1104.5194441336153,157.7884920190879,339.964073212528,17.665977873851478,113.4769474046426,66.85517718814212,8.356897148517765,17.644258291717296,4.304476037030295,6.277913248507824,24.15619625776049,3.0195245322200615,6.8486874117745025,0.8980890587119664,2.1165599791412926,76.0820898805501,2.002160260014476,5.750376748321781,0.4999712547880722,1.719802747422108,128.79303297134896,1.4635571928562383,3.402653358113554,0.3717030635899987,1.31667024619059,1.4540088514943594,0.22857882199669377,0.09764080498345604,0.33415626067369913,0.5987796796527345,hjorth_mobility,hjorth_complexity,2.1847783120602955,0.8496312177803986,-29.315567016601562,-91.796875,146.97265625,-38.0859375,1052.1866612543818,32.437426859329975,1716,eeg_data_level_9.csv,3,AF7,150.0078125,160.00390625
4308.390469200283,615.4843527428976,1555.9689822610128,117.54949489965786,572.595372658733,2040.5398358914679,255.06747948643348,357.6311624282179,94.53961262643008,276.40493874870776,2163.847284394372,270.4809105492965,383.15395035494254,143.46519055161193,278.106886406258,1014.0285389764921,26.68496155201295,206.37225052128974,1.1982631893560756,3.908992398630664,212.2391851827139,2.41180892253084,12.009480741003337,0.1598399023509663,1.3004342970286191,1.0960429593703025,0.7394745030870238,0.7751792295455984,0.5010875711521957,0.16675179623334885,hjorth_mobility,hjorth_complexity,1.5523424848849467,0.41940226302947275,-30.176162719726562,-654.78515625,465.8203125,-31.73828125,5128.364674601471,71.6126013673674,1716,eeg_data_level_9.csv,3,AF8,150.0078125,160.00390625
1770.4404688763163,252.9200669823309,454.79624910240955,66.85613227764098,240.5043077853333,631.1741564839551,78.89676956049439,164.31541684953737,24.785316522898103,63.0370562190742,78.74172975447122,9.842716219308903,21.784241922144773,2.80938335170689,8.942686928998421,107.54328928194852,2.8300865600512766,5.419118552199761,1.2291063490436533,2.7187128126146094,234.87864520032497,2.6690755136400566,66.15264576807732,0.6378742309886196,1.3697187660899002,1.4052495321598883,0.7420801803542838,0.15061670234455926,0.25674966838933416,0.4925486920436173,hjorth_mobility,hjorth_complexity,1.9105753660122422,0.750054103872415,-38.191795349121094,-250.48828125,74.21875,-35.64453125,1610.5898355817772,40.13215463418052,1716,eeg_data_level_9.csv,3,TP9,150.0078125,160.00390625
1311.2495618121366,187.32136597316236,246.63264729598617,112.86948044132042,199.0654718021668,465.5611143647101,58.19513929558876,101.36324246416046,19.00689295547301,53.91325445473564,53.59696110726228,6.699620138407785,12.25544112142274,2.2903669868751635,5.307261346932461,93.69764741964653,2.4657275636749088,4.912020467093509,0.8079741473036156,2.386347458313815,112.2079822105895,1.2750907069385171,2.9206662035011592,0.4913300736593482,1.220948700390156,1.492258074760082,0.7621985339604745,0.1430268127803523,0.2999583706352957,0.39399794928920207,hjorth_mobility,hjorth_complexity,1.919420622336373,0.669838097220053,-40.6646728515625,-270.99609375,74.70703125,-38.0859375,1334.0943958610296,36.525256958179355,1716,eeg_data_level_9.csv,3,TP10,150.0078125,160.00390625
17568.960454544234,2509.851493506319,5423.6067786846115,574.0996487357064,1701.0276267053398,1176.3430909871058,147.04288637338823,394.0842512049751,23.683150155612925,91.37256778113932,178.75911317587912,22.34488914698489,40.496814859754664,11.72943579305557,22.02259329369618,224.6958870727116,5.9130496598082,28.316830714702533,1.5924730711635686,4.140786746092511,276.1639849378383,3.138227101566344,9.063645337906008,0.6166662249487791,2.5047615445620828,1.6162480198790152,0.2666182114856489,0.05987211093883009,0.08712554498795848,0.11834267414164715,hjorth_mobility,hjorth_complexity,1.6805987015848427,0.6633592151493434,-43.817901611328125,-320.3125,847.16796875,-50.78125,10912.353144376539,104.46220916856267,1716,eeg_data_level_9.csv,4,AF7,160.0078125,170.00390625
27118.66224194155,3874.09460599165,6166.803307195916,724.8226524086716,3685.3444125103497,7046.644459079017,880.8305573848771,1573.6954385759525,385.8848502167566,794.4676778145327,5764.292665050338,720.5365831312922,1230.1280839520853,175.94828466087475,708.4191366890009,5580.387416801853,146.85230044215402,453.5317425677904,7.1380833507103825,75.91109205623843,1404.5605879090233,15.960915771693447,74.55226385163307,1.0866263364558075,9.857900977868322,1.3427131541296073,0.5757186561018479,0.4955065794691903,0.6258132985352441,0.2218126246953765,hjorth_mobility,hjorth_complexity,0.8712577479268789,0.37755798470018953,-40.969085693359375,-1000.0,972.16796875,-47.8515625,23512.523504323326,153.33793889420625,1716,eeg_data_level_9.csv,4,AF8,160.0078125,170.00390625
76077.7484100738,10868.249772867684,36549.640507223725,477.2882027146374,2201.675962229894,2008.907608248175,251.11345103102187,573.6297828737447,60.64583782941371,192.91047598686953,264.07137119657983,33.00892139957248,59.072751040917915,10.08566634949829,33.38775472054133,233.36841595934573,6.141274104193308,15.14187255712458,1.6253598121718462,4.795803701166405,443.61328780575184,5.041060088701726,67.59940962584093,0.9924668619936785,3.5849291409591433,1.147337490376473,0.12623609291666915,0.022884293152850718,0.024379480348195582,0.04620933419820346,hjorth_mobility,hjorth_complexity,0.7474241593890485,0.6775275603134385,-45.73841094970703,-501.953125,968.26171875,-90.8203125,52742.3808379899,229.65709402931557,1716,eeg_data_level_9.csv,4,TP9,160.0078125,170.00390625
5006.860769487585,715.265824212512,1122.2170502922124,306.003310445324,743.150214361138,972.4386311347477,121.55482889184346,245.61672833674174,26.841360510688336,97.78545716095222,85.62238703828247,10.702798379785309,30.32276932897839,4.382186492942956,5.780041472678329,157.474627647555,4.144069148619868,9.540849340468132,1.4524145789388003,3.6973322924181096,275.57983348977,3.1315890169292047,6.667008702185579,0.7099377289625771,3.011976133931093,1.6048204605311034,0.552417744564319,0.07858156873985983,0.17208926550443843,0.3134642201970637,hjorth_mobility,hjorth_complexity,1.6054140228297313,0.710407121022239,-37.55645751953125,-332.51953125,134.765625,-36.62109375,3045.0980900786817,55.18240743279222,1716,eeg_data_level_9.csv,4,TP10,160.0078125,170.00390625
266.1002081166491,38.01431544523559,60.188218473162884,11.945873919605368,30.72240188318646,86.88030043015479,10.860037553769349,26.621283464873233,2.9750509168331147,9.698357421081479,14.609824345262322,1.8262280431577902,3.50025399968273,1.0534027582600536,1.5688823216532146,48.0705613620951,1.2650147726867131,2.772792832047973,0.5400666781738794,1.3023565334691796,86.24203263194472,0.980023098090281,2.6850320715023073,0.2278478066426504,0.881361399567659,1.2766265955895602,0.6162876708562175,0.15546689645446016,0.5471866796351524,1.012113644308166,hjorth_mobility,hjorth_complexity,2.733184204156402,0.821109262950495,-43.06297302246094,-93.75,71.2890625,-43.9453125,249.97560991323553,15.810616999764289,1716,eeg_data_level_9.csv,5,AF7,170.0078125,180.00390625
1086.505616993396,155.2150881419137,216.2923634139682,82.15855375403629,172.66437177481168,317.26379346847955,39.65797418355994,116.74679758453183,9.625993085880374,26.125602061516368,53.44496796923743,6.680620996154679,13.82046652549337,2.458714898521075,5.886261965575457,46.51359255276351,1.2240419092832504,2.765021499741785,0.4858308538977496,1.0867942947069098,56.49124715654329,0.6419459904152647,1.7306615267794154,0.12892857674762753,0.5732929969339,1.5482523754876494,0.6753294976465558,0.17765527101225329,0.2059639667224189,0.2713650872254746,hjorth_mobility,hjorth_complexity,1.6894439579089735,0.6031673488975736,-38.99650573730469,-157.71484375,107.421875,-39.0625,861.9238842220511,29.358540226347277,1716,eeg_data_level_9.csv,5,AF8,170.0078125,180.00390625
1467.9808146279006,209.71154494684293,329.9988648441239,123.25554408721662,192.62975048286913,488.9279084183823,61.115988552297786,123.9420433878401,17.412584813860615,47.06998945799995,110.43720787284298,13.804650984105372,33.76233211618658,6.684710568946511,10.099520053974036,117.05138849813159,3.0802996973192522,6.906731257500005,1.163167289653134,2.5812782703431387,240.88124358795307,2.737286858954012,84.55906238709633,0.47570401002513474,1.1639068638684105,1.4216912571182054,0.6831101880996828,0.2199810570481847,0.3058592219845791,0.5244664769381224,hjorth_mobility,hjorth_complexity,2.038831582712138,0.7837003078882133,-44.56462860107422,-217.28515625,99.609375,-43.45703125,1251.9829568554997,35.38337119121777,1716,eeg_data_level_9.csv,5,TP9,170.0078125,180.00390625
840.3525070805578,120.0503581543654,165.85905664709364,51.289173524907646,127.7763681183814,334.38112799005887,41.79764099875736,93.56639127989739,15.111108241615776,31.191554218407695,87.47764930787521,10.934706163484401,22.4646370551581,5.026321976387965,8.776019174070338,103.47222150378353,2.7229531974679877,8.937710263790109,0.944843232696127,2.4769003412982857,93.4702065584253,1.062161438163924,2.038588390123497,0.3557776393054337,0.9723433684573638,1.3819997273789515,0.754673912488568,0.2779691389380352,0.42595769379545284,0.44611491737848585,hjorth_mobility,hjorth_complexity,2.0344089545500728,0.6863535191045886,-39.87293243408203,-194.82421875,45.8984375,-38.0859375,659.487830089347,25.680495129365145,1716,eeg_data_level_9.csv,5,TP10,170.0078125,180.00390625
170.81463628943135,24.402090898490194,30.82157765252844,16.249628022240127,24.470790199981145,69.85830473821508,8.732288092276885,16.17298188724257,2.726569976701317,7.3364380180881135,16.36500325545434,2.0456254069317925,3.9252532645566163,1.2064867295227089,1.6343303417579225,44.35929003736162,1.1673497378253057,2.2448643981343377,0.4700194033464597,1.1844331746226522,69.20687764250668,0.7864417913921214,1.7578840147127832,0.233147842483182,0.7320775330582011,1.1905337203365929,0.6471678600690376,0.21325988644602537,0.6444435040051572,1.0707597124251609,hjorth_mobility,hjorth_complexity,2.9941192657182594,0.8238918423574811,-42.278099060058594,-236.81640625,43.9453125,-42.48046875,301.5388981657452,17.364875414633563,1716,eeg_data_level_9.csv,6,AF7,180.0078125,190.00390625
354.71240086899957,50.673200124142795,73.10753589873237,38.626145716762764,48.309961886350095,115.29600345749375,14.41200043218672,33.31077353645783,7.069137749202676,11.698913332701807,40.36783165006622,5.045978956258278,6.9807816172908055,1.384151317985842,6.357096659134246,42.58292184828655,1.1206032065338567,3.2548324057926457,0.42924763380540054,0.8339520122980268,39.11821374340647,0.44452515617507354,0.9810463240950256,0.13203725802568403,0.3917433770621037,1.431654004009753,0.6812740988296366,0.3094284226686127,0.42682419896925483,0.4564037081199308,hjorth_mobility,hjorth_complexity,2.0786352361707263,0.6572286970401622,-35.754966735839844,-143.5546875,52.734375,-36.1328125,380.44285462092375,19.50494436344087,1716,eeg_data_level_9.csv,6,AF8,180.0078125,190.00390625
2847.6001979968723,406.8000282852675,824.846794276677,91.82265848785033,309.2628713809247,1672.5367296850698,209.06709121063372,371.1624181649565,89.24886318366886,212.61369853660696,356.22200093177514,44.52775011647189,54.884394414840045,30.03690454305415,45.264477479643986,428.0284823988706,11.263907431549226,36.13713974437128,2.4500122580661867,9.20731714112187,248.07735223597226,2.819060820863321,66.69936781273455,0.36076316681805043,1.4141880896071575,1.2495765127835765,0.9587753384581161,0.3059775591446447,0.4543260941892909,0.2953680056911055,hjorth_mobility,hjorth_complexity,2.047676839036269,0.6381599106046091,-40.31219482421875,-279.78515625,298.33984375,-35.888671875,2608.3872630260885,51.07237279612225,1716,eeg_data_level_9.csv,6,TP9,180.0078125,190.00390625
1442.2900847170674,206.0414406738668,277.9479023037118,152.5898971169316,185.77170964761848,580.3284305116483,72.54105381395604,114.08954498598617,33.90913062290293,73.63322402563519,106.33235854983914,13.291544818729893,18.525224858617527,4.9934130894992315,13.384929943182618,94.00938694258646,2.473931235331223,5.202676957025974,0.8045380455543354,2.194012936519864,80.32513030345038,0.912785571630118,2.0145632350268983,0.25561521478730226,0.8354498487617792,1.4762808117133925,0.8358676251022502,0.23113409740414909,0.27068948153012706,0.26444268392988934,hjorth_mobility,hjorth_complexity,1.9946053010914844,0.6061166370281715,-41.25823974609375,-280.76171875,53.22265625,-38.0859375,1212.3374245129526,34.81863616675634,1716,eeg_data_level_9.csv,6,TP10,180.0078125,190.00390625
358.02380225045147,51.14625746435021,72.63720314763506,35.84569825436998,48.80915237250843,154.74929144576183,19.34366143072023,31.892099151166025,7.195286318877698,18.911880959568798,34.8211987099448,4.3526498387431,6.5102764098689025,2.070117363786847,4.591323063517022,79.49942386763453,2.0920901017798563,3.610303028343456,0.9512094850291799,1.992603340513826,104.74600380617933,1.1902954977974924,2.6689384067178668,0.34994953526529826,1.1652457377272265,1.249729116948201,0.7181417006499895,0.23212643451740617,0.6079900717211328,0.8679093829452992,hjorth_mobility,hjorth_complexity,2.401487092001499,0.7371555329129097,-44.95220184326172,-219.23828125,69.82421875,-43.45703125,537.930161190161,23.193321478179037,1716,eeg_data_level_9.csv,7,AF7,190.0078125,200.00390625
11456.188382081104,1636.5983402973004,3048.477213943721,906.3110799145851,1234.5017984774056,1981.0631582588094,247.63289478235117,512.2221611101245,115.04388815362775,228.69601788535414,438.2449457100564,54.78061821375705,88.04713680855971,23.653467374387404,47.16879543234756,321.3097027621409,8.45551849374055,29.68677809056426,1.8755623189940351,5.555553439653664,92.63422893152858,1.052661692403734,2.3246695049733055,0.30268006993320345,0.9952138436071727,1.6340367988452313,0.5323710053420867,0.16374669412328627,0.15619434479498573,0.05948424156688691,hjorth_mobility,hjorth_complexity,1.2781395388368935,0.5045975810511019,-22.460556030273438,-184.5703125,865.72265625,-34.1796875,7635.163701925194,87.379423790302,1716,eeg_data_level_9.csv,7,AF8,190.0078125,200.00390625
14355.878268110591,2050.8397525872274,8603.66787979595,408.10664612537516,704.9883321173623,1356.2944953863655,169.5368119232957,408.00622008508367,61.62399209462059,103.61574808450379,180.67455296485733,22.584319120607166,41.0876906136348,9.112741078112757,18.798198897371023,175.85911768746286,4.627871518091128,13.238181294734195,1.7621352954528473,4.168326280891776,258.0809183640896,2.9327377086828363,47.41861456113196,0.5593490014760908,2.0029158583985893,1.2049898594496333,0.33454059157272054,0.0655942674711463,0.07971315426558137,0.11766372688915971,hjorth_mobility,hjorth_complexity,0.5086022386375182,0.6462689726268902,36.49158477783203,-284.66796875,447.265625,9.765625,16166.684302115755,127.14827683502342,1716,eeg_data_level_9.csv,7,TP9,190.0078125,200.00390625
3504.8180735718815,500.6882962245545,626.0022489565649,329.8867652368292,508.4912023759873,1312.5068709068264,164.0633588633533,324.536284487478,62.98266258609536,122.54481250057876,243.92907131935613,30.491133914919516,45.472025571502634,22.075011463542257,27.967190514919377,348.9968150925448,9.184126712961705,26.795012903133628,4.330022407318731,8.280756880510115,478.51348722591797,5.437653263930886,14.355001475912266,0.9601533650399361,5.062217161774284,1.428779513475897,0.7527377871725688,0.2120903338265854,0.36926148838087863,0.5464019429117375,hjorth_mobility,hjorth_complexity,1.2339132572162397,0.7055006151772871,-26.932144165039062,-365.234375,180.6640625,-30.2734375,4494.591511174804,67.04171470938675,1716,eeg_data_level_9.csv,7,TP10,190.0078125,200.00390625
4918.515050223447,702.6450071747782,1857.39028161849,62.88113760618743,175.96392084912543,185.6369695551898,23.204621194398726,50.98085089124506,8.991521862931798,19.87513840476339,41.890143491475115,5.236267936434389,6.9775908403531774,2.963453802193813,5.436802496594614,71.15922252876705,1.87261111917808,4.856427352911931,0.589186048340882,1.7975248572153903,115.4634335545843,1.3120844722111853,5.564225730924546,0.26303662370610786,1.0011524110296928,1.3134279072794186,0.1804789115313269,0.052986126304329806,0.10248299090140069,0.1716030662137783,hjorth_mobility,hjorth_complexity,1.1233475531646053,0.6596186276235864,-34.058380126953125,-383.7890625,192.87109375,-35.64453125,2550.2741331001744,50.50023894102061,1716,eeg_data_level_9.csv,8,AF7,200.0078125,210.00390625
49109.147463981324,7015.592494854475,13266.298246347662,2504.4777411320706,5268.886918441708,6485.19544904658,810.6494311308224,1378.5939164195988,143.2134141411552,839.9222236786418,1818.3003287158442,227.28754108948053,393.76710194538,102.85937924134286,217.86177085466852,1924.1798531312184,50.63631192450575,159.4102597938729,6.174132039058531,37.83748494897282,841.5979294404292,9.563612834550332,24.69962872665171,3.191333011996812,8.881539920062608,1.578938768610336,0.42919657765850605,0.15740618639227683,0.20588488403927277,0.11396204498645897,hjorth_mobility,hjorth_complexity,1.3223658204575472,0.43427548742939287,-50.308799743652344,-1000.0,970.703125,-35.64453125,28111.09556900192,167.66363818372164,1716,eeg_data_level_9.csv,8,AF8,200.0078125,210.00390625
24674.735449109256,3524.962207015608,11481.749031047582,453.5462186149511,1048.2156517613848,2007.1613602110365,250.89517002637956,516.8334588979877,98.31288775310479,191.21868697862882,199.31423093075745,24.91427886634468,50.44384763447718,8.241137653188915,23.373725809143252,216.5121741438946,5.697688793260385,15.624724788564688,2.0999360756331744,5.40281378747395,458.93744869866754,5.215198280666677,41.952821286236286,1.2450088073311594,3.8843871942384762,1.2872189865076997,0.3129337684143151,0.04649863712034207,0.061582880361288894,0.12961539588636467,hjorth_mobility,hjorth_complexity,1.0923891560301477,0.688095120134058,-86.9009017944336,-532.71484375,390.13671875,-109.86328125,16883.02542457677,129.9346967694802,1716,eeg_data_level_9.csv,8,TP9,200.0078125,210.00390625
10900.847997956602,1557.263999708086,3148.201124871389,386.8974288506562,973.4470276363087,1746.6275340351294,218.32844175439118,456.78732630375777,83.57631969068487,142.46199536537324,281.31040902358706,35.16380112794838,70.56222227142376,11.725797521264244,32.32977469779824,331.1700167103209,8.715000439745287,25.056820949538373,2.824773183378335,7.274881192262542,366.50002569410344,4.164773019251175,12.105182746410206,0.9131348046962577,3.49079898674496,1.4909730010926199,0.4778723394564376,0.11379527747400256,0.1650643031083855,0.20111614923429982,hjorth_mobility,hjorth_complexity,1.5258067159125546,0.6506252497970432,-42.55084991455078,-471.19140625,371.09375,-43.45703125,7837.945205355934,88.53217045433786,1716,eeg_data_level_9.csv,8,TP10,200.0078125,210.00390625
575.8322255270806,82.26174650386865,229.02373987491845,25.30785617709694,52.90861266839545,84.91344730875448,10.61418091359431,30.648964640965364,1.8051191200112815,6.9353193369689325,15.315727882209684,1.9144659852762105,2.995931554748966,1.3181988205851791,1.7405069890715217,41.99232496428279,1.1050611832705997,2.360284198093085,0.569660450662005,1.0048423146574934,53.72343109209493,0.6104935351374423,1.6913585966090765,0.20464565832108617,0.522414311298353,1.4011916813930618,0.40788421997774116,0.11021300434211874,0.32890091246165604,0.45467073457500323,hjorth_mobility,hjorth_complexity,1.53022934407462,0.7245529781261941,-38.091278076171875,-110.3515625,105.95703125,-39.55078125,480.11613020207733,21.91155243706108,1716,eeg_data_level_9.csv,9,AF7,210.0078125,220.00390625
10546.827794748622,1506.6896849640889,2198.146567588295,472.1260314699917,1490.3986472912393,2203.0151019264895,275.3768877408112,435.1105465512956,180.84420116402578,254.9834069288696,678.638628742108,84.8298285927635,160.83783476872063,56.95985960304309,77.55517104674162,647.6297215144048,17.04288740827381,79.64514210981383,2.355320775582872,9.704414370784907,116.92093399233086,1.328646977185578,3.512177345511167,0.40421678175007275,1.1338380401903092,1.5691586638788257,0.5830819085022467,0.23235481165842375,0.2765694989872289,0.07208018268108882,hjorth_mobility,hjorth_complexity,1.8928848533639806,0.5321335448969593,-42.08259582519531,-582.51953125,835.44921875,-42.96875,7054.9240555556025,83.99359532461747,1716,eeg_data_level_9.csv,9,AF8,210.0078125,220.00390625
7112.032898289026,1016.0046997555752,2300.3109554548473,331.405175589815,651.4941703394394,5876.512726904082,734.5640908630103,1733.4833612364368,175.65032425768655,500.15383079308816,1197.617380013519,149.7021725016899,314.10952535623863,54.96797302213287,107.93265249575154,392.52915941260216,10.329714721384267,40.84966386176424,2.0046625119466213,6.070985420341259,309.58243710340344,3.5179822398114027,42.66855203167049,0.8335782973600488,2.632841185322246,1.1462102645493983,1.0640763677591591,0.3512523356240287,0.18078187379694616,0.1651645877785229,hjorth_mobility,hjorth_complexity,1.1631512066231937,0.5686946069301624,-61.51580810546875,-471.6796875,497.55859375,-53.22265625,8269.951434340328,90.93927333303432,1716,eeg_data_level_9.csv,9,TP9,210.0078125,220.00390625
17735.062624325845,2533.5803749036922,3773.330871955214,1274.9652417792668,2446.173937072502,5103.083980048729,637.8854975060912,949.4338407406677,311.8224406219026,682.4719709212593,870.9161874092421,108.86452342615526,239.7757378626719,44.90115633440423,107.21730640657299,548.9081421561306,14.444951109371857,33.31147388693566,5.443585356000458,13.742581606260025,513.4837532081174,5.835042650092243,18.747090695546976,1.263499964980162,4.173307883077369,1.5638050379250321,0.7272778537590858,0.181781722727071,0.15965662894421057,0.1647556819439145,hjorth_mobility,hjorth_complexity,1.4904256906160316,0.5361565745267322,-43.276023864746094,-1000.0,458.984375,-39.55078125,12682.245783762482,112.61547754976881,1716,eeg_data_level_9.csv,9,TP10,210.0078125,220.00390625
3839.583030541932,548.5118615059903,1358.6501603840873,107.74869544811577,403.33263554246474,231.75208032041343,28.96901004005168,63.19111708803454,7.296132300905634,25.637720684387865,29.410403679766915,3.6763004599708644,6.187436574629473,1.459894744451806,3.652426004107514,59.78898347106373,1.5733943018700982,4.275724069578207,0.4471034755687009,1.4189095885708456,53.051851344333684,0.602861947094701,2.3000065672670122,0.1381195264142665,0.47359869286844586,1.5859054016400316,0.25134813409863976,0.04685995756235155,0.10656039544419951,0.1053796616076008,hjorth_mobility,hjorth_complexity,1.3267884486196126,0.5774493067323638,-38.31367492675781,-168.45703125,368.1640625,-43.45703125,2557.337946345797,50.57012899277395,1716,eeg_data_level_9.csv,10,AF7,220.0078125,230.00390625
36892.45620320727,5270.350886172468,10776.435197335753,1705.8047559378551,4729.305432589234,5486.272854068104,685.784106758513,1606.59031169757,339.3616273214198,485.35470424705653,1506.4369621803912,188.3046202725489,390.6296165183884,78.18835917772687,167.17427528064445,2136.98364592146,56.23641173477526,126.34745139210594,18.782465199646712,40.213700840629954,1075.9709184902313,12.22694225557081,55.38457937926725,2.143951682842557,8.570091437852287,1.536411443515657,0.45038508946314804,0.1642698496991117,0.2819725912351765,0.17169957181522572,hjorth_mobility,hjorth_complexity,1.0437402462474286,0.34438320187568344,-42.77458190917969,-1000.0,979.00390625,-49.31640625,28295.079356612398,168.21141268241107,1716,eeg_data_level_9.csv,10,AF8,220.0078125,230.00390625
5466.936983638502,780.9909976626432,1729.8885132365851,326.9935084207075,601.2981309402538,1854.2741933373204,231.78427416716505,608.2271412177649,109.96951199612202,154.789404688783,611.700329620763,76.46254120259538,133.05382029321936,36.54495693124823,71.63068425122891,535.4514956482017,14.090828832847412,45.76598986592556,3.320047156689863,9.957127067572472,428.1473005530984,4.865310233557936,103.99262597618426,0.7595757553446152,2.9341795774924693,1.3833820295025359,0.7184315407402944,0.31826419958030105,0.3711465180315362,0.32217437288082795,hjorth_mobility,hjorth_complexity,1.8000096619606079,0.6370863245979264,-52.016258239746094,-339.84375,417.96875,-50.78125,4482.064377771167,66.94822161768874,1716,eeg_data_level_9.csv,10,TP9,220.0078125,230.00390625
19600.49929508794,2800.0713278697053,5248.834180240793,1449.1099337630383,3010.052964219567,3750.3633092298865,468.7954136537358,792.7415990273585,169.5375131730189,429.1552551347803,590.4415140265826,73.80518925332282,151.25838334097185,34.616590685095495,60.70509642796797,521.5141952123059,13.724057768744894,34.56415688884766,3.898529254037685,12.020430489106225,274.14895542826844,3.115329038957596,12.12608990229472,0.7237535143944509,2.6591368852538233,1.6077448469044724,0.5714974562226373,0.132413280355006,0.1502394270184489,0.09472246596488959,hjorth_mobility,hjorth_complexity,0.9685555674923172,0.4546090149817281,-64.0655517578125,-809.08203125,224.609375,-60.05859375,12921.542776748538,113.67296414164865,1716,eeg_data_level_9.csv,10,TP10,220.0078125,230.00390625
221.2121091558845,31.60172987941207,52.495485094813574,21.870254516787547,28.847627584664185,74.03669789682586,9.254587237103232,27.230942924145758,3.0265733579481076,5.260002480563482,13.23724707967834,1.6546558849597925,3.9036993616187505,0.8302871724680944,0.9808392909932326,30.40937251644892,0.8002466451697083,1.406818575692428,0.33079749943702835,0.76013322411753,42.58257256970992,0.48389287011034,1.3456011285971659,0.14653858833462,0.4366317711730233,1.368768287609034,0.6347441498282851,0.17392272629475572,0.4630464695224223,0.6987724483518541,hjorth_mobility,hjorth_complexity,2.5120527960531334,0.7760498897524795,-37.103271484375,-78.61328125,100.5859375,-38.0859375,209.19214934110641,14.463476391971136,1716,eeg_data_level_9.csv,11,AF7,230.0078125,240.00390625
8413.561746448073,1201.9373923497246,1963.628537061065,497.1167181773032,1206.1739634531934,1516.426065955779,189.55325824447237,318.1367784990645,93.62529722169577,169.03212989789498,392.2668191772722,49.03335239715903,85.16531549286249,25.792950491196596,40.93414188804779,163.25516637576712,4.296188588835977,26.064811157096603,0.39076425672447057,1.4515336291259935,46.80086724136824,0.5318280368337299,1.3407087698466402,0.10803927488272097,0.4853849840600503,1.6418630973070232,0.5550670622919975,0.19247927984815827,0.10765980580941473,0.04208817558035616,hjorth_mobility,hjorth_complexity,1.4860030624539662,0.49198467110317623,-27.756309509277344,-118.65234375,800.29296875,-37.109375,5229.309521055256,72.31396491034948,1716,eeg_data_level_9.csv,11,AF8,230.0078125,240.00390625
2312.540869347028,330.3629813352897,516.851642931061,183.04100116029448,336.3628898057531,2399.229722793293,299.90371534916164,560.7096033827274,139.49106405982016,247.90542094248468,601.4595330698488,75.1824416337311,98.97223541127981,57.11321039211768,76.1418241207462,732.3652788666717,19.27277049649136,58.58262357038487,4.44327945247698,14.076133696874685,363.9244667918221,4.135505304452524,94.14465820136232,0.6680040983639715,2.2324030458606243,1.0459181879542874,1.101613678411881,0.4120670647253839,0.6285289454770939,0.3649343575220625,hjorth_mobility,hjorth_complexity,2.428022860973891,0.6817899080796176,-46.31462097167969,-318.84765625,544.921875,-44.921875,2787.4840596632566,52.796629245277174,1716,eeg_data_level_9.csv,11,TP9,230.0078125,240.00390625
1824.2213042104784,260.6030434586398,492.88514124026057,118.112843704463,249.88718660722472,399.81917248996416,49.97739656124552,87.02030538372611,17.15155226854299,48.82633331943184,124.11617832246284,15.514522290307855,29.44732540805149,6.0268021643136205,15.156501877962324,181.6561328343177,4.780424548271519,14.644215211948286,1.218821070615639,4.166561309383744,130.82726808371947,1.4866735009513576,4.307887588494524,0.41639085346634575,1.2202977145530112,1.4897597279555117,0.5644208786233581,0.23048849113781,0.4124611091017041,0.3527482356413816,hjorth_mobility,hjorth_complexity,1.7513607521778887,0.6608480305212306,-41.96796417236328,-254.8828125,303.22265625,-39.55078125,1929.497038909176,43.92604055579305,1716,eeg_data_level_9.csv,11,TP10,230.0078125,240.00390625
217.150091230427,31.021441604346712,66.06734761680076,15.974827444016013,23.443687753542463,54.76801094551115,6.846001368188894,11.833829480913202,1.862458189543493,7.206895016001685,12.160541904386564,1.5200677380483205,2.2752024419871635,0.7085654765591756,1.5670605850977846,26.72333569693479,0.703245676235126,1.360813922342726,0.28470615146372835,0.7068636781236934,46.48149768353216,0.5281988373128654,1.5503204632590364,0.1605267589343526,0.4430482503738077,1.3711084161329319,0.5710783340997301,0.17736041849094636,0.445044870302432,0.7996168613019292,hjorth_mobility,hjorth_complexity,2.59166010297031,0.8066893776418096,-34.8480224609375,-106.4453125,64.94140625,-37.109375,295.93835584819317,17.202858944030005,1716,eeg_data_level_9.csv,12,AF7,240.0078125,250.00390625
15560.76448797951,2222.9663554256445,3824.1538824806785,1119.6033306575719,2037.829042688183,3318.6374204682475,414.82967755853093,819.5894715990286,209.31781186620566,363.5019082533022,806.2330164029496,100.7791270503687,178.05923411900758,45.99476218583071,98.46667679584505,648.2645124966746,17.059592434123015,46.37612840943039,7.635074880338887,13.839789144808465,248.3831858320628,2.8225362026370773,7.499174433039327,0.1458092931765852,2.2995225294769988,1.5839640989187125,0.5938694471457402,0.1982106709362449,0.21121458133046242,0.10149285667299193,hjorth_mobility,hjorth_complexity,1.6584855607745157,0.5305769521429283,-21.096229553222656,-117.67578125,972.16796875,-32.958984375,8632.763040623102,92.91266351054146,1716,eeg_data_level_9.csv,12,AF8,240.0078125,250.00390625
3094.0251569670913,442.0035938524416,763.9971360853531,206.06554237432195,420.1747664872574,2412.1114551117075,301.51393188896344,510.66645334463124,88.48807165733325,333.9702238100772,469.29485097136194,58.66185637142024,110.35248043550875,26.29546797415156,51.255607115314035,548.306102055728,14.429107948834949,53.44378529019211,3.0788893001049424,10.673578049758884,319.7616973080692,3.633655651228059,68.97302075688248,0.7421396617234169,2.3594111336149033,1.199906392010462,1.0457838986488015,0.31682442677985234,0.467143722361777,0.31999314514262267,hjorth_mobility,hjorth_complexity,2.4589812581083486,0.7081515387952791,-40.958213806152344,-418.45703125,596.6796875,-38.0859375,3029.8523240708164,55.044094361437324,1716,eeg_data_level_9.csv,12,TP9,240.0078125,250.00390625
2087.914366629199,298.2734809470284,444.7379787163686,195.01210773581482,304.7608265266925,728.2611639338459,91.03264549173073,217.92701004949168,30.948904846584906,86.77122326659332,83.71263833796188,10.464079792245235,17.770886181366595,4.3839192251355055,10.39324496092182,118.01389300146452,3.1056287631964348,8.82735998140751,1.259053501740092,2.65865432608642,158.60398739655955,1.8023180385972675,4.854240763621278,0.7571526519873882,1.583646951205377,1.4972252290020653,0.7493516885476982,0.1442224209174352,0.24483035298962091,0.35746861591491186,hjorth_mobility,hjorth_complexity,1.5213840877504892,0.6888909402488208,-26.90601348876953,-221.19140625,127.9296875,-23.92578125,1482.3345065451576,38.50109747195731,1716,eeg_data_level_9.csv,12,TP10,240.0078125,250.00390625
2704.6722111328936,386.38174444755623,1506.3457686851825,28.39830210917338,141.46986569430814,204.55713946024983,25.56964243253123,53.98064303538777,6.204567939893587,24.75306501161211,121.89457859247158,15.236822324058947,27.800038497798273,6.520674862929003,13.055815186295343,79.9389621936253,2.1036568998322447,4.6593765706704025,0.4538166977669548,1.7828813559480443,225.72854413921362,2.565097092491064,6.992062614248066,0.5730148201107235,2.2466311039034457,1.1485230814332448,0.26257987377033304,0.17404916635428863,0.15630289327313404,0.42929116264794875,hjorth_mobility,hjorth_complexity,1.5125388314263584,0.8481473174331343,-31.951332092285156,-288.0859375,214.84375,-36.62109375,3080.6444232803187,55.503553249141795,1716,eeg_data_level_9.csv,13,AF7,250.0078125,260.00390625
75961.85159526416,10851.693085037738,19844.59147375224,2162.789446236257,9981.885183922634,4095.1020481189,511.8877560148625,812.9909451773074,277.9783022690404,486.01062139158,1013.7223727975918,126.71529659969897,298.8537938728936,68.68328744661537,114.9739967560632,1118.2758588059303,29.42831207384027,90.03388639114841,6.185837888256515,17.205286572108278,302.04785894638735,3.4323620334816742,12.336816036917735,0.9196404542707453,2.8044568229964497,1.6954767021284962,0.2440861226724298,0.07641472882810353,0.10127624885327058,0.035504929555287654,hjorth_mobility,hjorth_complexity,1.1233475531646053,0.3792969563106134,-37.055015563964844,-1000.0,972.16796875,-38.0859375,38812.81551639403,197.0096838137507,1716,eeg_data_level_9.csv,13,AF8,250.0078125,260.00390625
4423.459702559067,631.9228146512953,1184.5578689857393,268.2384812908957,514.3163842295162,1082.9518794415915,135.36898493019893,322.2044824780967,19.377314244166794,108.92656159210318,111.90166876731976,13.98770859591497,21.25858681911796,5.975075799784766,15.225928832700081,135.15552817238637,3.556724425589115,9.923748159031696,1.1869668578766839,3.3482741777399543,306.9084057908292,3.487595520350332,59.81350131700318,0.6527426531074492,2.2739532169457117,1.5322881855170538,0.6250220246842985,0.1081133036309967,0.15989817187031913,0.3403779587342463,hjorth_mobility,hjorth_complexity,1.636372419964189,0.7893274859355734,-29.885101318359375,-368.65234375,177.734375,-31.25,5461.228149360977,73.90012279665696,1716,eeg_data_level_9.csv,13,TP9,250.0078125,260.00390625
6035.000950926935,862.1429929895621,1294.2766530257884,374.46712165785635,817.0454640508041,1413.0441583693516,176.63051979616895,386.25395178623586,38.08295896199094,157.995794955174,224.28694767234782,28.035868459043478,55.76870227841967,15.655529977636995,21.66194431005995,478.8136828717865,12.60036007557333,29.222657961507316,4.730577477921426,11.403856969469041,429.29975627521645,4.878406321309278,16.33007353701153,0.6068719858310577,4.509953380393021,1.540002727760348,0.597165146021772,0.14229598098744914,0.34763819997176865,0.3552694093985418,hjorth_mobility,hjorth_complexity,1.2516037698645013,0.6429832313724434,-44.14234161376953,-397.4609375,222.65625,-36.62109375,5484.330111030431,74.05626314519543,1716,eeg_data_level_9.csv,13,TP10,250.0078125,260.00390625
2409.1777010540313,344.1682430077188,763.6045306679126,97.65312323051064,224.1352945752303,397.9996288429271,49.74995360536589,80.67032302879299,24.471307778298513,45.409625784578836,58.20178863062928,7.27522357882866,18.282694118005953,3.9737367616022072,5.76491314952705,137.60851517464633,3.621276715122272,6.656978172604053,1.6880535491019635,3.5482418994455713,166.51334192792683,1.8921970673628048,4.4026680451275135,0.6828752930960431,1.5750627784841726,1.5263716749258371,0.500423454686105,0.10633670538572583,0.2846655612146216,0.3756432692091325,hjorth_mobility,hjorth_complexity,1.9724921602811574,0.7433372702253863,-36.42120361328125,-251.953125,233.88671875,-41.50390625,2115.224392618984,45.99156871230839,1716,eeg_data_level_9.csv,14,AF7,260.0078125,270.00390625
35862.46862381288,5123.20980340184,6895.386858945625,2032.702548741402,5871.100969541116,16250.026626752806,2031.2533283441007,6031.387109779109,575.7971858845226,1367.0824954867953,4723.732845839959,590.4666057299949,794.498008557905,436.00888041112296,554.7892822882193,3385.6480567125845,89.09600149243643,409.1624906048804,9.89313626661047,39.062699914413166,872.5331687779005,9.915149645203416,25.35270978277298,3.472562615551051,9.250807741178612,1.3949672518548495,0.8043591385146859,0.3505480585687717,0.325988908398597,0.12081558552665639,hjorth_mobility,hjorth_complexity,1.0437402462474286,0.39028002168441506,-24.93743896484375,-1000.0,970.703125,-26.611328125,33444.408958312124,182.87812597003537,1716,eeg_data_level_9.csv,14,AF8,260.0078125,270.00390625
4047.8479203935917,578.263988627656,741.9498331946626,342.9699646827855,574.8074609246027,955.6375785112893,119.45469731391117,287.5544971241254,31.992776927526773,108.60830550048729,95.60478644431234,11.950598305539042,22.91950894525505,5.730248052393952,9.796630945853687,147.5224518267725,3.882169784915066,9.022347371731547,1.5178111525749498,3.2020009241853544,326.5406978509276,3.7106897483059953,77.5247959988233,0.8169372901276768,2.257702758734397,1.599395651420421,0.6054845168345976,0.10142770065873388,0.1858158621102768,0.3773680924582026,hjorth_mobility,hjorth_complexity,1.9149979941743076,0.7598730999127827,-55.512046813964844,-352.5390625,206.0546875,-52.734375,3659.9506504353485,60.4975259860711,1716,eeg_data_level_9.csv,14,TP9,260.0078125,270.00390625
15310.324439008702,2187.1892055726717,3073.9312763397875,1468.1945962457917,2061.787959504856,2388.1834454394393,298.5229306799299,767.3593532860896,144.4365224961687,258.9538150579545,620.7640222379059,77.59550277973824,107.23305971297992,49.65043594137232,72.3414654626968,819.5732501149578,21.567717108288363,69.99565541905368,4.315952763725198,16.16959770567962,321.61840561175256,3.654754609224461,11.246551284634958,0.8089416320835231,2.9425537540177853,1.6625345400287093,0.4826920410340952,0.17049115025350053,0.2689725042396971,0.13494506954781868,hjorth_mobility,hjorth_complexity,0.76511467203731,0.47711826714853883,-71.3186264038086,-507.32421875,363.28125,-66.40625,12977.267393398506,113.91780981654496,1716,eeg_data_level_9.csv,14,TP10,260.0078125,270.00390625
19854.85078750818,2836.4072553583114,7180.51311392188,93.8974836214331,1400.395380808583,716.9584382212641,89.61980477765802,170.73385202119042,19.378057514590864,94.3446000910524,133.07144481058418,16.633930601323023,33.88923358710777,9.217140218652801,13.067380078551196,207.18379758123982,5.452205199506311,10.243296033923478,2.329973262356361,5.383419025554739,466.14295964859014,5.297079086915797,16.225895820423116,1.6610794715935207,4.523717682941834,1.4035217479384148,0.172069229346392,0.042150963844984284,0.07643909206588072,0.17145758172942435,hjorth_mobility,hjorth_complexity,1.4506220371574432,0.7649108556007275,-43.06774139404297,-530.76171875,401.3671875,-39.794921875,10523.24043408589,102.58284668542734,1716,eeg_data_level_9.csv,15,AF7,270.0078125,280.00390625
62679.429267444386,8954.204181063484,14893.129449638895,3384.283656441449,8277.079196416777,8525.964301135313,1065.745537641914,3575.3746182581153,69.38063609958789,579.7864752499187,1136.1269213553228,142.01586516941535,224.17024931770138,82.20023142819812,148.72544483370774,901.6050009284999,23.72644739285526,97.07033782648041,4.6895595784636015,15.639723482391673,502.94517098960716,5.715286033972808,13.588763960623236,0.96892985345145,4.998293558021805,1.6569037371530828,0.40595253978634416,0.09022024975505964,0.08941111965813389,0.05976643868356296,hjorth_mobility,hjorth_complexity,1.211800116405913,0.5195475643124737,-35.04524230957031,-1000.0,971.6796875,-29.052734375,58651.5607019828,242.18084297066687,1716,eeg_data_level_9.csv,15,AF8,270.0078125,280.00390625
35004.700919860756,5000.671559980108,7996.64992643484,2015.9354337699879,5907.671168540261,7116.73956413817,889.5924455172712,1806.1302456418755,269.1077184620472,668.1369478510652,1320.667408645449,165.08342608068114,354.45566830038007,64.63964878767614,119.43640337689973,1065.11679613115,28.02938937187237,71.52321780291796,8.51812210030001,26.728890839767885,749.9061104882154,8.521660346456994,86.51436674161236,2.0921070375203694,6.5053341763871355,1.6179254069994977,0.5805869682565046,0.1553009770682952,0.16811409705452082,0.1343678894999718,hjorth_mobility,hjorth_complexity,0.9818234519785134,0.66071019883284,-19.866561889648438,-1000.0,725.09765625,-42.48046875,22823.15592732629,151.07334618431634,1716,eeg_data_level_9.csv,15,TP9,270.0078125,280.00390625
70949.86344081914,10135.694777259878,13818.905199281977,5476.017794066036,11183.845108298732,13742.55446122701,1717.8193076533762,3718.260096662362,608.610976969157,1553.9844183283012,2691.0118318768195,336.37647898460244,585.6302608258278,114.38386099268094,334.94909817448547,3543.060964116899,93.23844642412892,272.79151695556845,13.804611678274336,79.53559802847451,1390.5815132580697,15.802062650659883,51.504286259205514,2.771595715539382,12.725030965802699,1.6306982919271884,0.5503981239112834,0.156231663227938,0.2493121212550736,0.12335126743170075,hjorth_mobility,hjorth_complexity,0.9729781956543826,0.3947502292963706,-31.82373046875,-960.44921875,852.05078125,-26.3671875,49708.83034169674,222.95477196439805,1716,eeg_data_level_9.csv,15,TP10,270.0078125,280.00390625
27364.0158116825,3909.1451159546427,7026.181124130842,1000.7956478167515,3819.237232279918,919.001793989702,114.87522424871275,316.16209125490195,54.350892656419234,87.27774423944885,340.1988522594887,42.52485653243609,65.72785368653757,21.302060536187987,39.86330512240082,282.29495256315175,7.428814541135573,20.823320580358484,2.343784157940656,5.787814811288516,370.0124158900823,4.20468654420548,12.277930955178755,0.9309875893872509,3.2459760500632955,1.704006052128343,0.16447957135835534,0.07362747216161881,0.07646426716266774,0.10724941033733498,hjorth_mobility,hjorth_complexity,1.5523424848849467,0.7506121566525835,-21.25568389892578,-222.16796875,968.75,-39.55078125,19295.898027448853,138.90967578771773,1716,eeg_data_level_9.csv,16,AF7,280.0078125,290.00390625
18729.244385985872,2675.6063408551245,3602.6913946584514,1366.7994537535815,2811.573318928881,2930.4363664752163,366.30454580940204,745.2030154889358,132.5249401662504,311.42483996719335,678.7229558678689,84.84036948348361,140.85665606408264,66.0283404399982,74.65557762097123,813.0050295639506,21.39486919905133,71.58516224298391,5.458278781188587,15.268762523916518,427.4854227114646,4.857788894448461,17.35823760060733,0.6208487950043696,4.341328173982967,1.667322324421084,0.4860229837958112,0.1564193371236508,0.2257349914591284,0.14595694973177165,hjorth_mobility,hjorth_complexity,1.5965687665056005,0.6654954162021138,-61.20777130126953,-1000.0,313.4765625,-52.734375,13822.589355368109,117.56950861242939,1716,eeg_data_level_9.csv,16,AF8,280.0078125,290.00390625
24597.52789470506,3513.932556386437,7063.192696195762,659.3746407159506,4032.4443266977646,2763.682980323316,345.4603725404145,1050.3192217603562,35.1127631789375,273.85366531856437,320.805999865307,40.100749983163375,54.246032690736996,26.66576764095221,38.79322647094761,358.0120379460933,9.421369419634035,33.20608809290842,2.2526629230883013,5.762512613123899,421.8856452401924,4.7941550595476405,107.12903800324746,0.7877984377959448,2.701426124656033,1.63557333704697,0.39260355343238157,0.07337003432015626,0.09685429762246832,0.11615214364951014,hjorth_mobility,hjorth_complexity,1.7159797268813657,0.6965822146798214,-60.56938171386719,-412.109375,969.7265625,-60.546875,17310.7814566174,131.57044294452078,1716,eeg_data_level_9.csv,16,TP9,280.0078125,290.00390625
7189.278293349388,1027.0397561927698,1367.3347475401304,674.7097659541703,1039.3192672088371,1471.752316205155,183.96903952564438,403.9606079825278,67.39481043170173,170.52765514672825,598.732162771187,74.84152034639837,145.09326405306456,37.18079514318472,56.19170864271813,484.0384362600391,12.737853585790502,38.79991633448349,2.9841266153194566,10.088338223503314,273.9236817062678,3.112769110298498,7.796731993513341,0.8990713477209008,2.8598901916890807,1.5967184982536,0.5572552936901858,0.2814944156223073,0.3084280324607346,0.2144136334595772,hjorth_mobility,hjorth_complexity,1.105657040516344,0.5739308550193195,-13.12408447265625,-327.1484375,343.75,-17.578125,5775.29147034511,75.99533847773236,1716,eeg_data_level_9.csv,16,TP10,280.0078125,290.00390625
14732.18745121196,2104.5982073159944,4665.542434844647,367.72434124086465,1858.0349649207897,498.8405002811243,62.35506253514054,103.70152825505022,30.463967827738422,57.6953052282756,253.7054922881689,31.713186536021112,70.46771966650331,15.51457803891906,28.926523578554388,312.8375186060616,8.232566279106885,18.842439197064248,2.0715767564896432,8.049500270773525,267.2928790613704,3.0374190802428456,7.903711809834641,0.7330135183612607,2.4291119685449036,1.579500745019634,0.16306174291167397,0.09261186489245442,0.13935269895502803,0.13400111740490933,hjorth_mobility,hjorth_complexity,1.494848318778097,0.6929982749137331,-78.43780517578125,-848.14453125,205.078125,-64.453125,9926.732385065407,99.63298843789343,1716,eeg_data_level_9.csv,17,AF7,290.0078125,300.00390625
3673.0464731858033,524.720924740829,843.2560592693466,287.0732380239233,439.37560251494034,566.7377308879247,70.84221636099059,140.22549479362974,10.752060325598974,70.11514704014931,106.28175555558451,13.285219444448064,30.06880191464577,5.659057217581048,10.181858841283102,141.1090204665717,3.7133952754360977,7.021772340395193,1.2748105694346357,3.5720160214676095,192.98471115266477,2.1930080812802815,4.7779849981034195,0.8293270632567108,1.990718568523659,1.5779782888832599,0.46009951738508914,0.12205270147421933,0.20026401546450961,0.29301506672700117,hjorth_mobility,hjorth_complexity,1.861926456229523,0.6891573886182295,-48.51875305175781,-382.32421875,242.67578125,-45.41015625,3492.636262526503,59.098530121539426,1716,eeg_data_level_9.csv,17,AF8,290.0078125,300.00390625
6623.537220336531,946.2196029052187,1905.1357396464143,253.41802571981276,649.3511508716756,991.6423011077279,123.95528763846599,208.21090368234664,74.84372810106223,128.77891253294027,252.65837195374868,31.582296494218586,52.475511692579595,10.01538977103603,29.60641137034255,222.31596737469033,5.850420194070798,15.457487043309007,2.213759984864419,5.3003230487767485,424.5177136668556,4.82406492803245,98.8601386495355,0.9559541278953281,3.038770300845078,1.4969375458176444,0.4715513780508734,0.15709888322996907,0.18138021504825239,0.3270735009117575,hjorth_mobility,hjorth_complexity,1.3887052428885278,0.7641660099388731,-41.74537658691406,-354.00390625,324.21875,-69.3359375,8023.24562551803,89.5725718371312,1716,eeg_data_level_9.csv,17,TP9,290.0078125,300.00390625
16951.749181667943,2421.678454523992,6036.01242265694,507.0667275140101,1222.0433321797223,7221.896263364279,902.7370329205348,1479.9317785146634,421.7619603287375,908.4838926978932,2359.2644059017875,294.90805073772344,392.9371927625558,74.54819033728126,327.3448204919591,2189.663980909758,57.622736339730466,243.28201525322962,6.884131016456707,32.69662743723636,1089.1850860330126,12.377103250375143,55.75771230359612,1.8660541751891917,7.725580618337986,1.1693807703716022,0.7958204120610708,0.3453680418145729,0.4077260924284473,0.26027570090229046,hjorth_mobility,hjorth_complexity,0.9287519140337288,0.5241677695830489,-43.39618682861328,-895.99609375,645.99609375,-64.453125,16869.93103936402,129.88429866371078,1716,eeg_data_level_9.csv,17,TP10,290.0078125,300.00390625
