delta_abs,delta_mean,delta_max,delta_min,delta_median,theta_abs,theta_mean,theta_max,theta_min,theta_median,alpha_abs,alpha_mean,alpha_max,alpha_min,alpha_median,beta_abs,beta_mean,beta_max,beta_min,beta_median,gamma_abs,gamma_mean,gamma_max,gamma_min,gamma_median,delta_entropy,theta_entropy,alpha_entropy,beta_entropy,gamma_entropy,hjorth_mobility,hjorth_complexity,lempel_ziv,higuchi,mean,min,max,median,var,std,Participant,File,Window,Channel,Start_Time,End_Time
3.162522640897302,3.162522640897302,6.444793539761178,0.4345408290576124,0.2663016011129792,0.6603017626415366,0.6603017626415365,0.5009646164722943,0.5758870918857715,0.793819607689845,0.26588291159182886,0.2658829115918288,0.227729776499366,0.1984792553942018,0.26743387967084115,0.6878020646270241,0.6878020646270241,0.5530290815474037,0.7438852780197757,0.8284131112150882,1.037582199974542,1.0375821999745418,0.3951638269530783,1.1157182511697852,1.2757114593659513,0.7173339242834995,0.28113682870627854,0.10119892634080643,0.16674172490706796,0.1776942577237153,hjorth_mobility,hjorth_complexity,0.7262100663905124,1.157805143717441,1.3879434508411057,1.6819982435839933,1.6374205391440324,1.5393500030718192,2.481755791714588,1.8936217000222815,1717,eeg_data_level_1.csv,0,AF7,120.0078125,130.00390625
0.10045150865218885,0.10045150865218887,0.09161663886510578,0.11028391450873679,0.10430994453587379,0.1078738154192159,0.1078738154192159,0.08709451788983974,0.14635840790719654,0.12666552545780496,0.16539850870687622,0.1653985087068762,0.15879058950600025,0.09640031358528045,0.19306072411739517,0.3494297191755089,0.3494297191755089,0.21057843320140562,0.6663536161660311,0.44929441386871155,0.8770883603825039,0.8770883603825038,0.4662041002087649,1.2561271487395704,0.9490025340477731,1.0246785381724988,0.8161043837757531,0.9822084995582072,1.459914832498482,2.4810291779693907,hjorth_mobility,hjorth_complexity,1.41871418033252,1.4220780747625257,0.7966290511282331,0.37612932649361325,0.5972056973858654,0.9819991398906434,0.1064496810676542,0.39218039718550074,1717,eeg_data_level_1.csv,0,AF8,120.0078125,130.00390625
0.40860349937475615,0.40860349937475615,0.30729624183326304,0.8842707161975085,0.46030158417898626,0.6892713489110969,0.689271348911097,0.6319518352552179,0.7781439570809677,0.7799280017545662,0.6194572477800908,0.6194572477800907,0.6799531867655978,0.689025971524904,0.41477265070069336,0.6724696372162507,0.6724696372162509,0.36724572996628724,1.0436600540966665,0.876338606504158,1.133517198167371,1.1335171981673708,0.6026781992295722,1.3380003310432471,1.3455709909513554,1.0738617817487373,1.147317891736173,0.9171007334662242,0.7799683909806211,0.9327184091326157,hjorth_mobility,hjorth_complexity,1.290018725529138,1.1291055388422473,0.940425750096719,0.8548393783945756,0.4919604310432743,0.9023775880076182,0.44061094701798015,0.7978869119728065,1717,eeg_data_level_1.csv,0,TP9,120.0078125,130.00390625
0.3955988491363047,0.3955988491363047,0.2710111977782567,0.9879963387752586,0.4057340192929612,0.6777761447392086,0.6777761447392086,0.615968663758375,0.9909616614766006,0.6726363871811817,0.528635095440747,0.528635095440747,0.7495871251307147,0.38894847162116475,0.4055377864710995,0.4471851971446686,0.4471851971446686,0.3080208048597938,1.0592617422358555,0.5281295930819165,0.910594067767874,0.9105940677678738,0.39608994006141607,1.3658530118605208,1.0518113515943928,1.0927386701026665,1.1788932391436244,0.8298156795136724,0.5769970266004745,0.8097656501101195,hjorth_mobility,hjorth_complexity,1.3053396130057313,1.1431841118210944,0.8555274332405763,0.8076196793975419,0.4601420947071421,0.7962155188302513,0.41805352741088786,0.7771943698811612,1717,eeg_data_level_1.csv,0,TP10,120.0078125,130.00390625
3.4288599286180323,3.4288599286180323,2.9742351796114925,0.6167645520453047,3.877290468109472,2.1119466551306547,2.1119466551306547,2.402089288903416,0.8767590034619811,2.1661675906137354,1.0414005299557088,1.041400529955709,1.6904847078825735,0.28818328990375114,0.9091952213872208,0.7133147341950637,0.7133147341950636,0.8080618085278654,1.1373387076248929,0.6291932428617368,1.0183857842423367,1.0183857842423363,0.4977427759364492,1.517811536197924,1.2489353506207665,1.1331383564443807,0.6435150602720334,0.3030505773834124,0.16465534291336079,0.16821436299162912,hjorth_mobility,hjorth_complexity,1.0602054133802419,1.0617161721702324,1.4006497653107362,2.9927519571223424,3.3849814732977532,1.380106899305769,2.4905453302502107,1.896972019600853,1717,eeg_data_level_1.csv,1,AF7,130.0078125,140.00390625
0.06293633388334145,0.06293633388334145,0.05409477732595674,0.10741502839763328,0.061361553883682224,0.05617316987599107,0.05617316987599109,0.046478370763571836,0.1019154180865717,0.0605074355869925,0.12599174093573945,0.12599174093573945,0.11101210137271914,0.1503518638343981,0.12655862124266157,0.3702259215424565,0.3702259215424565,0.1776081980225087,0.8529285686473905,0.4653126045682254,1.1674982179779778,1.1674982179779776,0.4253131632552775,1.3603437139534487,1.3905648111479674,0.9499081125168132,0.6369633100628054,1.0273335685583702,1.9908131139620866,4.129975093911259,hjorth_mobility,hjorth_complexity,1.5995006525563185,1.5064414479957002,0.8037606216119214,0.3712445300456442,0.44545670870585036,0.92891810530196,0.08165573382283617,0.34348441995640705,1717,eeg_data_level_1.csv,1,AF8,130.0078125,140.00390625
0.2808981579500264,0.28089815795002643,0.18830729349288128,0.5009584688186097,0.3374839674190674,0.5688647089221839,0.5688647089221839,0.4660366739624488,0.4199513081638186,0.5962645984879417,0.44614352506912275,0.4461435250691227,0.3776860635066646,0.3598275396622467,0.5803500540382687,0.6236601212618023,0.6236601212618023,0.33246693820639833,1.0383751170633604,0.747458790225977,1.0926907223398905,1.09269072233989,0.4505761145467916,1.2200782853036558,1.2612666699868824,1.0378634899253503,1.2403529291876139,0.9252472575301813,0.9601973529651643,1.1908515386544796,hjorth_mobility,hjorth_complexity,1.50757532769676,1.236410883755876,0.8860953020196795,0.9069438738395782,0.572730054050379,0.9023775880076182,0.304436454309429,0.6632267392708554,1717,eeg_data_level_1.csv,1,TP9,130.0078125,140.00390625
0.2787735503597964,0.2787735503597964,0.19153191143713644,0.5517017184838805,0.33344147365060706,0.5043025362149874,0.5043025362149874,0.4531071083596859,0.4601664455832379,0.5548304996115974,0.36700008506311144,0.3670000850631114,0.33831402130606086,0.2071051231344723,0.42186213014103147,0.5478619276544997,0.5478619276544999,0.3359888861483424,0.7383987455012495,0.6890021770043044,0.9124557890673828,0.9124557890673827,0.5068996373572809,1.0214182706870787,1.0203516230600247,1.069099979796023,1.1800851305814168,0.8214744308036239,0.8972603387206487,1.062286626149063,hjorth_mobility,hjorth_complexity,1.4769335527435739,1.208124970315271,0.7923873980954512,0.8922894844956712,0.3940578577013292,0.7696750015359096,0.28968361971817186,0.6469573765142612,1717,eeg_data_level_1.csv,1,TP10,130.0078125,140.00390625
6.613626587558141,6.613626587558142,7.197846921901864,3.969016007581983,4.406984865484905,2.297466874037241,2.2974668740372413,2.538547514738894,1.4953480247823212,2.063875802533067,0.97421842897873,0.9742184289787298,1.0606472331008718,0.46056341624712993,1.0137171130805784,0.9387118799282727,0.9387118799282727,0.441957704844929,2.08075712816819,1.2097345624059195,1.2176311595517157,1.2176311595517157,0.7196662578369502,1.7982581413831356,1.416774902226921,1.1275683159394208,0.43030749734885265,0.16990351389930541,0.12065251174676561,0.10979165772562671,hjorth_mobility,hjorth_complexity,1.1000397208193837,1.0364964356735957,0.9145003938677816,2.9666997093998413,3.436380324302274,1.380106899305769,4.807836636194224,2.635654935004269,1717,eeg_data_level_1.csv,2,AF7,140.0078125,150.00390625
0.034580420050453045,0.034580420050453045,0.028981333558076416,0.057615741279552636,0.04037693672629804,0.05591696599151038,0.05591696599151038,0.05524923469783388,0.05009949851880177,0.055542817370470704,0.1333959722116568,0.13339597221165678,0.12327184962236405,0.19875356668839264,0.12267515624255382,0.5325086691355488,0.5325086691355488,0.2768720659699683,0.9799881848794255,0.6882879497502089,1.5659323665918063,1.565932366591806,0.7392254717619824,2.3846287938412885,1.8073186440039226,0.7239176171878151,0.6901951916434353,1.2220228329891887,3.039058893151166,6.0119727814432435,hjorth_mobility,hjorth_complexity,1.915110934574136,1.5359917952581745,0.9005448892742112,0.3500770787711119,0.3279736206955162,1.008539657184985,0.0709767169174214,0.32023710657435894,1717,eeg_data_level_1.csv,2,AF8,140.0078125,150.00390625
0.13966139625820395,0.13966139625820398,0.1109235733618307,0.31507761061482287,0.14256336806157988,0.3155839442322403,0.3155839442322403,0.24252921783898113,0.5613571919937607,0.37167993717661935,0.47644732235671167,0.4764473223567116,0.6535661166078068,0.469762916363726,0.36887521809252866,0.7551530658601755,0.7551530658601756,0.366586968021803,1.73947796404394,0.9183558280749063,1.4507646688566198,1.4507646688566196,0.713134680560409,1.5914513839583047,1.7060412719871572,0.915265786192848,1.1865515253173935,1.4128411324428327,1.7208943890699446,2.3299013540534514,hjorth_mobility,hjorth_complexity,1.804800544742666,1.268264798944295,0.9873449582593374,0.9362526525273922,0.3279736206955162,0.9554586225963017,0.27219121288322956,0.6271201425147395,1717,eeg_data_level_1.csv,2,TP9,140.0078125,150.00390625
0.1414477807692883,0.1414477807692883,0.10512866530762527,0.3149438233584127,0.14861810009154952,0.29583677596748514,0.29583677596748514,0.23477146674110344,0.5596229701457485,0.328225038147864,0.4160775433233955,0.41607754332339547,0.379969138099061,0.363199644899447,0.3808153645815087,0.5725301395378655,0.5725301395378655,0.31067436237977,0.8195421434026231,0.6900327937095097,1.325118421075976,1.3251184210759757,0.5821697481704188,1.9291132807061768,1.5236202490846147,0.949254267456404,1.1643269907075424,1.3479079009229036,1.4085688383289172,2.2455515430157993,hjorth_mobility,hjorth_complexity,1.7649662373035238,1.3143068410201562,0.9339933531898631,0.9509070418712993,0.40140055070197506,0.9023775880076182,0.26452179194970427,0.6182219601343666,1717,eeg_data_level_1.csv,2,TP10,140.0078125,150.00390625
0.9071293240514376,0.9071293240514376,1.1093043500294943,0.4930358633691887,0.9019895583021158,0.20958765783697178,0.20958765783697178,0.22847808664071606,0.20914559904956878,0.15652248455362933,0.16386174240254447,0.16386174240254445,0.13331497851556404,0.2498475730645234,0.17444705752629233,0.3952043814623835,0.39520438146238357,0.31823944150799455,0.5722592780967407,0.45434007447556507,0.9198963751262306,0.9198963751262303,0.37185206848520924,1.325539585312148,1.0648155743599539,1.1381660238326121,0.32203414175106626,0.21581951174181294,0.33530467799432745,0.5276189906823051,hjorth_mobility,hjorth_complexity,1.253248595585315,1.2263017500338604,1.2845030507273736,1.2358535013361578,1.0451099704252642,1.4066474166001106,0.8235494496849748,1.090833684681746,1717,eeg_data_level_1.csv,3,AF7,150.0078125,160.00390625
0.05152971617402067,0.051529716174020676,0.03445805485223572,0.09878401710619744,0.06530569504536354,0.08355399537199441,0.08355399537199441,0.08493098414244453,0.1322560513923996,0.07595248621290084,0.12933047718593932,0.12933047718593932,0.10094581427960438,0.21140284912810933,0.13809869577283382,0.359643655470741,0.3596436554707411,0.20099157035631482,0.3978833528414376,0.434314809039624,1.1808501891234002,1.1808501891234,0.49831094133971643,1.3260422365115971,1.3582051171194867,0.8913255756346258,0.8895300737291416,1.118453292680168,2.0496230842576546,4.387147628526547,hjorth_mobility,hjorth_complexity,1.611757362537593,1.4961997820743098,0.757661777112786,0.21981584015860514,0.41853350103681547,0.9023775880076182,0.07516677281458829,0.329554049181574,1717,eeg_data_level_1.csv,3,AF8,150.0078125,160.00390625
0.6060343259556418,0.6060343259556417,0.49120679324790206,0.9544219133314078,0.6661673696494235,0.8357844008773245,0.8357844008773245,0.7617147333398535,0.6296528650822725,0.9070480013609812,0.6197984653346509,0.6197984653346509,0.5391666712722515,0.42907269678221704,0.7389895521515604,0.6190632239532076,0.6190632239532076,0.3371609628200722,0.9058659886595175,0.7913008100628336,1.0300583862341688,1.0300583862341686,0.3773443210882608,1.2734777020097847,1.1339380736804063,1.125795092626955,1.0477043878400314,0.7409050531133485,0.5644166383817534,0.6657804081251932,hjorth_mobility,hjorth_complexity,1.394200760369971,1.064974593546744,1.0277199017428067,0.8988025464262965,0.38916272903423194,0.9554586225963017,0.5500139839645608,0.891457340560087,1717,eeg_data_level_1.csv,3,TP9,150.0078125,160.00390625
0.553480162867694,0.553480162867694,0.4004352395549779,1.036839207462635,0.7036728926064305,0.8110287221108884,0.8110287221108884,0.716962272897807,0.7214127722847016,0.8837813664467815,0.5190070591406871,0.519007059140687,0.5796418131109774,0.32636811798895143,0.49404401475289106,0.5379384769349266,0.5379384769349266,0.2535102101784792,0.8812732279577056,0.7226023715276185,0.9751461781285451,0.9751461781285448,0.32201965251696135,1.5759254233228643,1.1655481336876592,1.1295924588076292,1.0927495018117688,0.676104310321604,0.539317226783029,0.6813867839778469,hjorth_mobility,hjorth_complexity,1.2655053055665892,1.076685701177251,0.9674045278480837,0.8825198915997332,0.42587619403746135,0.9023775880076182,0.5200278225001751,0.8668161408493522,1717,eeg_data_level_1.csv,3,TP10,150.0078125,160.00390625
3.2802613519374244,3.2802613519374244,3.699836256649825,2.6376070746961733,2.5637228509351617,0.9980446430060734,0.9980446430060734,0.9378650984964572,1.0621943534635163,1.084886294477418,1.1104456252840385,1.1104456252840385,0.8856530310606684,1.744681409905388,1.093657736655585,2.1044560278984594,2.1044560278984594,1.3582668087446197,1.4897486456746805,2.2365706977098103,3.3583480462158852,3.3583480462158843,3.0347327003199056,4.6587569598066905,3.6171892717588414,1.1502396323320763,0.39179180093282145,0.35000229659820387,0.44434991180196126,0.5028800124109578,hjorth_mobility,hjorth_complexity,0.6986324689326449,1.2888646488060584,2.0680342501829503,2.240493304135116,2.3300812455382944,2.335565521902071,2.443199063213118,1.8788544006357555,1717,eeg_data_level_1.csv,4,AF7,160.0078125,170.00390625
0.1568966881388836,0.1568966881388836,0.12319848420931076,0.2545525855419842,0.15391139706291598,0.13180992268114164,0.13180992268114164,0.21459126322134747,0.14926857987870218,0.06781097289908415,0.1389063232835344,0.13890632328353442,0.170313961841275,0.13043974381130202,0.12583966058913482,1.1394600098759862,1.1394600098759864,0.6966820524089548,1.6657667996286405,1.3612340525716395,4.433595320528871,4.4335953205288705,2.5038330337476267,5.38526961044305,4.862888346537327,0.9023223876601311,0.5238235542024475,0.47660664885782905,2.1667806217026535,5.404955241951646,hjorth_mobility,hjorth_complexity,1.715939397378426,1.648574300623977,1.1621663194104568,0.8662372367731699,0.43321888703810724,1.1677827609510354,0.21250287069998539,0.554110143478695,1717,eeg_data_level_1.csv,4,AF8,160.0078125,170.00390625
0.4283912956351945,0.42839129563519457,0.28184893156994845,1.0884583872730007,0.42780847868623745,0.6313240962588805,0.6313240962588805,0.8775288915072524,0.8943158601716107,0.5198485763967491,0.4553449456718778,0.45534494567187783,0.6387997927638006,0.2689392791611686,0.43530030235737555,0.9377613695783144,0.9377613695783146,0.47008637904682216,2.5055149928854625,1.1512339318710874,2.7515182680165697,2.7515182680165693,0.9395384262568185,3.5145271277239476,3.11789711925667,1.0721829839283104,0.9966827378803411,0.673441126450264,0.9918465074729864,1.9164664481756715,hjorth_mobility,hjorth_complexity,1.532088747659309,1.3233650581361696,1.0853038375307054,0.7897087590883222,0.5653873610497332,0.9554586225963017,0.49604687401433895,0.8465937506576457,1717,eeg_data_level_1.csv,4,TP9,160.0078125,170.00390625
0.5116659025697842,0.5116659025697842,0.33145277969192805,1.349972039172877,0.5651891018930816,0.5576834664935441,0.5576834664935441,0.7151315248248242,0.6874398123219925,0.5169650672624281,0.3671378211531054,0.3671378211531053,0.5065317761292101,0.3570690191871198,0.3102942084781619,0.8299150733660347,0.8299150733660348,0.5595673298808085,1.4160612241947448,1.0127512927857485,2.237644754574453,2.2376447545744527,0.8837356313493154,2.020618932652031,2.649018622887147,1.1359039281009482,0.8680345961380554,0.5342283100982972,0.827254682919634,1.4913004300095378,hjorth_mobility,hjorth_complexity,1.5137036826873973,1.3110956100634286,1.0184535212711907,0.7962218210189475,0.4650372233742394,0.7431344842415679,0.5333433902758594,0.8778436224993452,1717,eeg_data_level_1.csv,4,TP10,160.0078125,170.00390625
0.9474745790127108,0.9474745790127108,1.5444430630198875,0.13125303108467118,0.447598523066182,0.1125439355865197,0.11254393558651973,0.1127464767202119,0.0645066606385525,0.09381918348928257,0.14085226807048043,0.14085226807048037,0.1121026493477305,0.20016488859635537,0.15549868653164872,0.4755745163753913,0.4755745163753912,0.27046999613761225,1.0772415067812886,0.5433911465538461,1.3620148531117484,1.3620148531117482,1.2585800143319994,2.1255065689369053,1.4983592276815962,0.9320819080330146,0.1872198649387997,0.18133422774778502,0.3802296327836627,0.7104498938352087,hjorth_mobility,hjorth_complexity,1.5290245701639904,1.4650598012003708,0.632668186203907,1.007896333764271,1.7597987558214638,0.7165939669472262,0.9384604152047179,1.1644522355809548,1717,eeg_data_level_1.csv,5,AF7,170.0078125,180.00390625
0.03299228027850798,0.03299228027850797,0.02557962257112329,0.060718212436176526,0.03612284876739216,0.04031173040020292,0.04031173040020292,0.03403592559537687,0.06424527635268533,0.039630829230336076,0.10295688907213187,0.10295688907213185,0.09599170072423972,0.11968130615876267,0.08843455165769666,0.47182359166923277,0.4718235916692327,0.28013092091853414,0.6876902734170083,0.5789873522013829,1.202516630657476,1.2025166306574755,0.4266656704694331,1.8513886856984347,1.3990967102224439,0.7816487237261277,0.6244706401571373,1.113152130666057,3.119019185128492,5.503544633464905,hjorth_mobility,hjorth_complexity,1.9273676445554107,1.576631048040264,0.9664163625261607,0.27680513205157686,0.22517591868647382,1.0748909504208393,0.05865681033470873,0.2911205889944507,1717,eeg_data_level_1.csv,5,AF8,170.0078125,180.00390625
0.10221323613983122,0.10221323613983123,0.06816703343766939,0.18526121788525188,0.12353321642758762,0.19669942807528146,0.19669942807528143,0.18546067265599375,0.29237411177611006,0.21589748590205451,0.2967474762399361,0.296747476239936,0.26812705543663656,0.17752905660074117,0.3228141135892243,0.6460158361257983,0.6460158361257983,0.37452270733656023,0.6277341230469122,0.882841455584993,0.9978413833724057,0.9978413833724055,0.42820112025754303,1.5671785448149316,1.1361664776587088,0.9397691618811632,1.070683679769821,1.2852370315391601,2.0067107768677266,2.2870602563841143,hjorth_mobility,hjorth_complexity,1.7281961073597008,1.3418397216852154,1.1191345163350253,0.7717978387791025,0.23496617602066833,1.207593536892548,0.1151602630109272,0.4079106307014906,1717,eeg_data_level_1.csv,5,TP9,170.0078125,180.00390625
0.11179148245692205,0.11179148245692207,0.07328881665093,0.22947231194801623,0.12932597455179967,0.2015079345961882,0.2015079345961882,0.1491126344554203,0.21422470463541918,0.24304059669496647,0.3047728694236942,0.30477286942369414,0.33652106268803816,0.16141441146697166,0.2532509173849697,0.5742600550416095,0.5742600550416094,0.38143685383418413,1.0987055732731106,0.6961822242596399,0.8999644363922693,0.8999644363922692,0.3705481796130606,1.486153540188053,1.01731687166206,0.965196045171665,1.0553797725956444,1.253814507774398,1.7467172785942484,2.0032036600833885,hjorth_mobility,hjorth_complexity,1.7128752198831072,1.388581069189329,1.0564885638508617,0.8076196793975419,0.2153856613522793,1.114701726362352,0.12464123139237501,0.4243698929852181,1717,eeg_data_level_1.csv,5,TP10,170.0078125,180.00390625
0.11488222253232122,0.11488222253232121,0.20606211101670854,0.06276360540823563,0.09076162041291515,0.030380772777377947,0.030380772777377947,0.03293414582479002,0.04236738786193672,0.025891824298412348,0.11144286747680526,0.11144286747680525,0.07284806498801648,0.1644724952174814,0.12943993306013682,0.46559199232873144,0.46559199232873144,0.40253066278206295,0.6758324345206184,0.5270139183793451,1.6266601001301146,1.6266601001301142,2.4492610477793315,2.318079567042528,1.6641296507071694,0.9020026184515082,0.2775936367744454,0.6714986108425529,1.6806245633316583,3.7492312546947635,hjorth_mobility,hjorth_complexity,0.9437666685581343,1.6087804059570456,0.24243610718797054,0.40380983969877093,0.5409117177142468,0.5308103458868342,0.36339091947562324,0.7246040133725805,1717,eeg_data_level_1.csv,6,AF7,180.0078125,190.00390625
0.020732490485270254,0.020732490485270254,0.015348162199480056,0.03813418484108312,0.02495367866399037,0.04054157257205511,0.040541572572055116,0.03568072194219006,0.051527555945914794,0.034386950432066715,0.0959136323085027,0.09591363230850267,0.08913051727431318,0.11334150602841628,0.10105476255006322,0.4282261786047501,0.4282261786047503,0.24801737944526442,0.7642635352100631,0.5172139931313032,1.1783263988998158,1.1783263988998156,0.5911741557593916,1.7515522675252813,1.3883148634943385,0.6516530081512552,0.7107363334062166,1.2394362875089324,3.380799844223163,6.31478993080018,hjorth_mobility,hjorth_complexity,2.0284855019009247,1.5750644716931532,0.9320170225460173,0.20516145081469814,0.3034979773600299,1.0616206917736684,0.05189654021088244,0.27383118294746767,1717,eeg_data_level_1.csv,6,AF8,180.0078125,190.00390625
0.18444882140490287,0.1844488214049029,0.14304486157614865,0.29541666097116875,0.19398985743846747,0.2603731013778462,0.2603731013778462,0.253721031907672,0.29674725386762146,0.26951270975478253,0.3524727445067614,0.3524727445067614,0.2979879745878282,0.3465210844355129,0.4030106411535314,0.4998823467354418,0.4998823467354419,0.30761398348722596,0.6119382002991038,0.6214199812732769,1.0733359173986092,1.073335917398609,0.4275714995477516,0.9708854493136606,1.24095674301568,1.0524473188172294,0.9832824079424726,1.1191431214497676,1.174996602453033,1.7441555384742815,hjorth_mobility,hjorth_complexity,1.7741587697894796,1.284795616860655,1.0318496870032956,0.7913370245709784,0.35734439269809976,1.114701726362352,0.22329261407566384,0.5680033259413526,1717,eeg_data_level_1.csv,6,TP9,180.0078125,190.00390625
0.19249238808524183,0.19249238808524183,0.15509416810973833,0.31185063284873193,0.19551858591939142,0.26558056914301253,0.2655805691430126,0.2834490295216572,0.30184399572801757,0.2879478782905932,0.23598029391002973,0.2359802939100297,0.2524234178213952,0.1696576874669367,0.2138106904691861,0.4161879890867386,0.41618798908673854,0.23285160776452357,0.4166217294750013,0.515092978233427,0.9175971633076526,0.9175971633076526,0.3200343659323053,1.2081829934804835,1.0282860586665843,1.0812760052912271,0.9915140801751532,0.794819550236284,1.0057935278804404,1.5322699676108817,hjorth_mobility,hjorth_complexity,1.7925438347613916,1.324433677578019,1.075142514880744,0.7652847768484772,0.4601420947071421,1.1677827609510354,0.22032027391314413,0.5642101973032965,1717,eeg_data_level_1.csv,6,TP10,180.0078125,190.00390625
2.886088658872931,2.886088658872931,3.774736959147879,1.147801809552748,2.4365131760085594,0.3885127587510634,0.3885127587510634,0.5877100540612602,0.21752752361429692,0.23264263764325135,0.30280287581655885,0.3028028758165588,0.199939698086734,0.32389380946610186,0.383595957906025,1.2445112466197816,1.244511246619782,0.7461656626442916,1.4981591144231654,1.5473203541654796,3.2899056797551904,3.28990567975519,1.9751511162914412,6.3784642696735725,3.71061399193572,1.0871549791110835,0.1922274391025815,0.12760028417213032,0.31528350771720165,0.5527540839103174,hjorth_mobility,hjorth_complexity,1.0234352834364184,1.4532652489022315,2.199590750399694,2.2372367731698035,1.850358636162763,1.9905387970756283,2.2565368105956254,1.8056555660959863,1717,eeg_data_level_1.csv,7,AF7,190.0078125,200.00390625
0.25370464425687633,0.2537046442568764,0.24431743546723567,0.5028178086816013,0.2557272990748383,0.3979285679679135,0.3979285679679135,0.2983373693066566,0.47287282927043095,0.47487447190216703,0.9983011609064399,0.9983011609064399,0.698282568982553,1.8153197447200713,1.0139460609575297,1.6249182400560174,1.6249182400560174,1.380743962050534,2.012654637554059,1.8222539439360426,5.101663637900268,5.101663637900267,2.820728723699661,4.559510543943996,5.6684824759090775,0.8688093464983593,0.8659760896382529,1.5767075567798112,1.8478929182921981,3.839146167733186,hjorth_mobility,hjorth_complexity,1.7190035748737449,1.5853860015981027,1.1578966994346016,0.9102004048048908,1.593364381140157,1.0881612090680102,0.41067643338814597,0.7703065496713289,1717,eeg_data_level_1.csv,7,AF8,190.0078125,200.00390625
1.2020100313636364,1.2020100313636364,1.715803491597584,0.48185829305692923,0.5855521000077172,0.4432184612226052,0.4432184612226052,0.5052953128676799,0.5460280476234327,0.4303881910373282,0.47575013945096045,0.4757501394509604,0.5037406680809675,0.3127279980222843,0.46560165672044523,0.9185315464159531,0.918531546415953,0.5817430421626767,2.317643788755647,1.132687406745537,2.9548696479118512,2.954869647911851,1.531242087889383,4.442142526875325,3.3389553011786335,0.976971667513078,0.4237712645445296,0.362059822471755,0.48800921230440664,1.011061829584998,hjorth_mobility,hjorth_complexity,1.1521307382398003,1.3318076085720982,1.1706216585329474,1.4035648460497603,0.9863684264200973,0.6104318977698594,1.159090646627727,1.294113597247354,1717,eeg_data_level_1.csv,7,TP9,190.0078125,200.00390625
1.3617420222732213,1.3617420222732215,2.073240836746685,0.3803337180245613,0.5280683652802483,0.3727069995444253,0.3727069995444253,0.38542151452114976,0.3694138039773157,0.3505816542363047,0.4059988090824559,0.40599880908245584,0.3811642794934581,0.44932681126756485,0.3955160451684251,0.921805995839678,0.921805995839678,0.5147849685996725,2.168421627140785,1.1426065506770053,2.623488701027314,2.6234887010273136,0.9453906343615928,3.8562918883306376,3.005630197362825,0.9454110002100445,0.34220658527803793,0.29751166693149145,0.4515893987966978,0.8453772645387644,hjorth_mobility,hjorth_complexity,1.026499460931737,1.3457079390793878,0.9035839637548417,1.5061455714571093,0.9276268824149302,0.29194569023775885,1.3322434316454799,1.387412150486452,1717,eeg_data_level_1.csv,7,TP10,190.0078125,200.00390625
0.26233123394927993,0.26233123394927993,0.37750233666751604,0.09858354042345158,0.20814481995488418,0.05689162898886324,0.056891628988863255,0.046134032448012,0.06364725544526655,0.06635493608121545,0.11589339787042431,0.11589339787042431,0.07926090849442409,0.11187967986912187,0.15105111460340082,0.627650511560682,0.627650511560682,0.43225654070952535,0.818510381352143,0.7357949565153965,2.112523873839798,2.1125238738397973,1.7699167578010684,2.598546618148103,2.3672702731771667,0.9898366993074288,0.2625742893464631,0.38472778350043524,1.2054217938694203,2.6388594370324627,hjorth_mobility,hjorth_complexity,1.9672019519945527,1.639507755750403,1.4282904273815018,0.7799391661923841,0.6045483903865112,1.4331879338944524,0.2342658478209433,0.5817925956440158,1717,eeg_data_level_1.csv,8,AF7,200.0078125,210.00390625
0.03433204256119315,0.03433204256119315,0.027581424977616124,0.08491162701331509,0.03486323989108969,0.05016012357770906,0.05016012357770906,0.03762998842781326,0.06842643953344793,0.05338464658748172,0.07969562945045029,0.07969562945045028,0.05364687694326925,0.14988639324000802,0.08683255538482905,0.6287674631926108,0.6287674631926108,0.3269035712651822,1.3494096860042892,0.7730047071492283,2.4852881680035384,2.485288168003538,1.251985871659388,2.2898099609482006,2.958908716945395,0.647493980475875,0.5717083357283987,0.7056467038192353,3.025852828172406,7.615805762703782,hjorth_mobility,hjorth_complexity,2.356352493900017,1.6920929025963163,0.7979155305096043,0.44940127321314827,0.513988510045212,0.92891810530196,0.09128381284734972,0.36317051817013035,1717,eeg_data_level_1.csv,8,AF8,200.0078125,210.00390625
0.19158708591893733,0.19158708591893733,0.16237723144990054,0.43955158307134634,0.21733077726917294,0.3732815050423478,0.3732815050423478,0.3031026331313103,0.5532096591958681,0.4163984639415952,0.5473905883987411,0.5473905883987411,0.5884787534789253,0.49566669575879835,0.5036526513634917,0.726814889917461,0.726814889917461,0.3888070494528143,1.3268065712831028,0.9444321676540293,1.3500503183066193,1.3500503183066188,0.4942169355338637,2.409471497352384,1.614606974475806,0.9764405757578076,1.1417943500846217,1.3640486170745882,1.394266592811923,1.8397742986680263,hjorth_mobility,hjorth_complexity,1.7465811723316123,1.2500747631202924,1.140501260843017,0.7831956971576968,0.35979195703164835,1.194323278245377,0.2833274943390232,0.6398203663634153,1717,eeg_data_level_1.csv,8,TP9,200.0078125,210.00390625
0.179637538804599,0.17963753880459904,0.14943586585447677,0.3909965026306806,0.19345963264582866,0.32929016019180096,0.32929016019180096,0.3089235081859128,0.24073368298954725,0.40067863769189366,0.34509149334337225,0.3450914933433722,0.29227128116736506,0.3877875064052819,0.41773589008559286,0.5096002743266174,0.5096002743266174,0.27765686272070134,0.5473581584850171,0.6932432469608428,1.3758498828417933,1.3758498828417933,0.6021106324122051,1.6952501319422975,1.615641058901409,1.0070025171400918,1.1116086670009393,1.0524321872572955,1.1359612316911045,2.0573915186676186,hjorth_mobility,hjorth_complexity,1.7036826873971518,1.3282604990455422,1.2507469504379156,0.7815674316750405,0.30839310602712716,1.3402961233642565,0.2523532206986082,0.6038347821137333,1717,eeg_data_level_1.csv,8,TP10,200.0078125,210.00390625
0.9581997541643982,0.9581997541643981,2.377946774255186,0.21325835295156192,0.1940027752422782,0.10594118911475721,0.10594118911475721,0.19215415117881185,0.05873755654713436,0.06204877856941393,0.1073698727791592,0.10736987277915919,0.07276097177830382,0.1828502431935628,0.12533864726824875,0.44916440659572526,0.4491644065957253,0.3637340542658049,0.6214889278397152,0.5305040532917786,1.4184633955821178,1.4184633955821175,2.138227082077647,1.7920499628843005,1.4600972743694989,0.7525983555049008,0.17282340067818158,0.14532317895288524,0.3625014897957538,0.7354485145213937,hjorth_mobility,hjorth_complexity,1.483061907734211,1.4321904579543352,0.8092887540260745,1.660830792309461,1.6741340041472619,0.6635129323585428,1.4855236558617797,1.4650535048242073,1717,eeg_data_level_1.csv,9,AF7,210.0078125,220.00390625
0.0338898350067125,0.03388983500671249,0.02415391242029872,0.08603140581016377,0.0335594019426634,0.06282332516393192,0.06282332516393192,0.05756066966960696,0.066509817352674,0.06092076751450423,0.11278137477728972,0.11278137477728971,0.08603493514620988,0.15206734164114308,0.11727446423549055,0.510859373319026,0.5108593733190261,0.2811076422097517,0.6367849850662454,0.6199855771316211,1.191615936742869,1.1916159367428685,0.4504760998123079,1.880639962786911,1.409450822381223,0.7630087934976737,0.8146949890445089,1.1415238154553453,3.129841906726946,5.118737836548055,hjorth_mobility,hjorth_complexity,1.9672019519945527,1.528765047235138,0.9303856175334089,0.5080188305887763,0.27167964102389774,1.0218099158321559,0.06707001152075569,0.31129911799471116,1717,eeg_data_level_1.csv,9,AF8,210.0078125,220.00390625
0.30595402022524537,0.30595402022524537,0.21899100987325107,0.4348567616295415,0.3649015658386041,0.6120591667361247,0.6120591667361247,0.5467048550198309,0.804353357593713,0.5997838306058296,0.5918443518987778,0.5918443518987778,0.7762176766962405,0.5674799861096519,0.520208268618631,0.5872881837765919,0.587288183776592,0.31713521428423996,1.3530376137299573,0.7402775901413831,1.1364245218838038,1.1364245218838036,0.49519435805858736,1.5187933345502864,1.249690465008068,1.0301050058026178,1.2361824494701619,1.063814482229972,0.8527990755789078,1.1485682031928572,hjorth_mobility,hjorth_complexity,1.4554843102763435,1.1890879370427831,1.1985606346631614,0.8890329535303585,0.4111908080361696,1.194323278245377,0.35428897669028536,0.7154717980064531,1717,eeg_data_level_1.csv,9,TP9,210.0078125,220.00390625
0.32586866060348146,0.3258686606034815,0.2204598526263261,0.7567668553665591,0.3519479451355226,0.5992039486369382,0.5992039486369382,0.5264146709917525,0.6921656643920708,0.6374260070771883,0.48260577666857724,0.4826057766685772,0.6236521189751872,0.3916326626522905,0.46272332401132393,0.5761089259922658,0.5761089259922657,0.2775301096220217,1.4022563755853183,0.7418053600406611,0.9525462286019941,0.952546228601994,0.36492866012705905,1.2181412657792279,1.05937851770559,1.069632921749136,1.1928132120712058,0.8948576561717925,0.8256631836631053,0.968865158556083,hjorth_mobility,hjorth_complexity,1.2226068206321286,1.1885326801776057,1.0327073399242095,0.8890329535303585,0.4381140157052045,0.9554586225963017,0.37478547206946644,0.735876736484876,1717,eeg_data_level_1.csv,9,TP10,210.0078125,220.00390625
0.8206086935019841,0.8206086935019842,0.7797143837786237,0.6352139135235619,0.9946972586752831,0.15049609140598372,0.15049609140598372,0.20046325968476034,0.06679083650551876,0.07280418557769712,0.15972888526743442,0.1597288852674344,0.11434183223414504,0.1860888301291159,0.19966385994853916,0.4500656298323333,0.45006562983233317,0.2901906420943378,0.690829796447515,0.5384121940014934,1.396465373428946,1.3964653734289456,1.157237515805949,0.931020624728738,1.412592651407083,1.2243200111218084,0.2513335482337055,0.22542443231187817,0.40413507726500253,0.8130785600529538,hjorth_mobility,hjorth_complexity,1.2072859331555355,1.435692879810784,0.9695952717221578,1.7259614116157145,0.6828704490600673,0.8492965534189347,0.8067892283991545,1.0796767402071064,1717,eeg_data_level_1.csv,10,AF7,220.0078125,230.00390625
0.0723996893717036,0.0723996893717036,0.05403358660882668,0.0804999974375098,0.10033498960701949,0.08342422702482183,0.08342422702482183,0.07214911050378137,0.08344819445459965,0.09112750558844693,0.12823960542260293,0.1282396054226029,0.11469219517991114,0.24774360704761564,0.13184289286455497,0.363279767241755,0.363279767241755,0.23552721754757494,0.7740199268568315,0.42570916869860626,1.2638451954323244,1.2638451954323242,0.5448362931657587,1.9407445150907328,1.4403927086858708,0.9497170512103854,0.7709356062376901,0.9508338044788347,1.7586810667408583,3.960000912971493,hjorth_mobility,hjorth_complexity,1.8262497872098966,1.5405267698663403,0.9680664121674847,0.550353733137841,0.572730054050379,1.0881612090680102,0.10136948526883943,0.3827078058548688,1717,eeg_data_level_1.csv,10,AF8,220.0078125,230.00390625
0.33751039207745687,0.33751039207745687,0.3156400775693206,0.5972033982091725,0.336646979722018,0.45757496776431117,0.45757496776431117,0.38451049478967486,0.5694481889772789,0.4979153373717976,0.42500368985084364,0.4250036898508436,0.32397152015607855,0.4917803024184013,0.4241576858616609,0.784400903906468,0.7844009039064679,0.38604917363811414,1.0975766347780813,0.9161287660042244,1.3070496465204742,1.307049646520474,0.597890218139712,1.6262200497714032,1.5070835504058697,1.076160212088882,1.0051880576189722,0.8338795388647435,1.0826708448350133,1.2890543251067847,hjorth_mobility,hjorth_complexity,1.3451739204448734,1.1954375183767392,1.140706351758888,0.7897087590883222,0.4430091443723017,1.1677827609510354,0.36515522032622066,0.7263608975559468,1717,eeg_data_level_1.csv,10,TP9,220.0078125,230.00390625
0.5186348129055028,0.5186348129055028,0.5532654401828697,0.5503518064109987,0.4062769343914222,0.39846210754836897,0.39846210754836897,0.37628883285872483,0.4702563724629163,0.3320448812024159,0.4695773579391806,0.4695773579391805,0.4126670602191419,0.38719560741003956,0.44126057356372067,0.5577630751741499,0.55776307517415,0.46864089553683286,0.8299091980151516,0.5963059494621552,1.2049977280139472,1.204997728013947,0.5723415304226518,1.738678705283697,1.4509867387492217,1.073079009974852,0.7151825730277971,0.6955212129697286,0.6143087065693854,0.9171854659592998,hjorth_mobility,hjorth_complexity,1.3022754355104127,1.259457640108757,1.1432140543211258,0.7978500865016038,0.6657374987252269,1.194323278245377,0.47127526315738705,0.825184424564227,1717,eeg_data_level_1.csv,10,TP10,220.0078125,230.00390625
1.3470223764031413,1.3470223764031415,1.5165877173160545,0.6088921019715476,1.1241084430279968,0.41385479467201763,0.41385479467201763,0.30954303721641696,0.6043790412191368,0.5038790593229893,1.1687788730780424,1.1687788730780422,0.7860687437603552,1.120478702022865,1.4640832784925153,1.8423937831938098,1.84239378319381,1.2662366966592646,3.146462616566101,2.143051243830277,4.003603487415974,4.003603487415973,1.6435343671663682,6.511099001429804,4.405959343474432,1.0594776085434325,0.3742771644041835,0.7191531709505469,0.7978643082108745,1.1985431642034594,hjorth_mobility,hjorth_complexity,0.5944504340918119,1.3979996722675982,2.446352411449666,1.2098012536136564,1.8944147941666383,3.0919702647908096,1.648719638415772,1.543430596135414,1717,eeg_data_level_1.csv,11,AF7,230.0078125,240.00390625
0.40192023350517636,0.40192023350517636,0.29471752071591933,0.6043884271378289,0.4575728569796648,0.5346041089553508,0.5346041089553508,0.3399163813939741,0.7242387126100556,0.6276852207927973,1.2147768712410658,1.2147768712410656,0.9139003493789716,1.3207794915260007,1.4978463947190557,3.1809088919861224,3.1809088919861224,3.288906607039366,2.7024040071136253,3.8411593876644234,5.301662596338606,5.3016625963386055,2.531082033147936,5.442439876673317,5.742358650238757,0.9347091490046783,0.8362209655990669,1.3889514830360912,2.412208717626857,2.956571165354413,hjorth_mobility,hjorth_complexity,1.8783408046303127,1.455840613183434,1.0675075394217368,0.9785875550764569,1.3363701261175511,1.181053019598206,0.5658995421035736,0.9042392845862741,1717,eeg_data_level_1.csv,11,AF8,230.0078125,240.00390625
0.7954125851106049,0.7954125851106049,0.6056864352687531,1.5943008984979543,0.8593065118153551,0.9271406765039644,0.9271406765039644,0.6315405921002976,1.8597213829045305,0.9994673049759409,1.275618191007994,1.2756181910079938,0.9327675425554874,1.3554578003073938,1.621645441310923,1.6161304819495677,1.6161304819495679,0.8350230253690893,3.284185785906299,2.029139951705037,3.3697308780060884,3.3697308780060875,1.630711387093696,3.945730088237984,3.5350598643032947,1.100778318566479,0.9271321193962172,1.0309711979109888,0.9802965319593827,1.4028273803150884,hjorth_mobility,hjorth_complexity,1.096975543324065,1.1167888177334517,1.2610014962314544,0.9785875550764569,1.027977020090424,1.0881612090680102,0.9145131302547171,1.1494991974091124,1717,eeg_data_level_1.csv,11,TP9,230.0078125,240.00390625
0.8277059105855521,0.8277059105855522,0.5880002458726948,1.8113299397914169,0.8960684967698362,0.8551443665333627,0.8551443665333627,0.6158840335066232,1.609792060661993,0.9530710726873094,1.2575677062733295,1.2575677062733293,0.8916247264772272,1.5247337885995207,1.5832951049470845,1.459163855247324,1.4591638552473238,0.8017856981017539,2.730987232101091,1.9064173732819487,2.7235516389212266,2.723551638921226,1.3117144297413867,1.6917343756527583,2.956274981021178,1.1260461214524193,0.8644212841613343,1.0148858409879242,0.8885135885897217,1.1588593319992733,hjorth_mobility,hjorth_complexity,1.051012880894286,1.127110434027561,1.1391402029467836,0.9720744931458316,1.0451099704252642,0.8758370707132764,0.9523915723582981,1.1730633641389165,1717,eeg_data_level_1.csv,11,TP10,230.0078125,240.00390625
0.23360473411112023,0.23360473411112026,0.29502414023892004,0.173359468694634,0.19708538615947008,0.19267382614511214,0.19267382614511214,0.19882081901634616,0.18250654778365,0.15482888013574284,0.23805913282859495,0.2380591328285949,0.2108638157013935,0.3966278455363602,0.24978438281901916,0.6082118315643332,0.6082118315643331,0.3595076422737932,1.2395456412350472,0.7123657860229925,1.9661170530421312,1.9661170530421308,2.163116570800072,2.335327004174968,2.1751749663668085,1.010458084782589,0.6725935230798049,0.7087013261202446,1.196394185404248,2.494250537386746,hjorth_mobility,hjorth_complexity,1.4554843102763435,1.5337059092192802,0.5303651084418218,0.4787100519009623,0.9569976544175137,0.31848620753210055,0.3521023609565157,0.713260491171191,1717,eeg_data_level_1.csv,12,AF7,240.0078125,250.00390625
0.05946818841196055,0.05946818841196054,0.06295870031654362,0.0736127170316012,0.06661996341193745,0.09777484834610978,0.09777484834610976,0.0802564165300018,0.13408970900102735,0.10385807443820809,0.14932920615160644,0.14932920615160641,0.16073040987584003,0.168802858707889,0.14272190669322163,0.5692711333820135,0.5692711333820136,0.29588688658539897,1.2268584237518807,0.7360369851245524,1.6865914956138435,1.6865914956138433,0.8285632691483467,1.703397572590086,1.8999419497699348,0.8245611675693099,0.8506852889825657,1.0292942514989847,2.4874691544668464,4.893104945777353,hjorth_mobility,hjorth_complexity,1.9304318220507293,1.56402408351239,0.9427842956292327,0.41520769807736524,0.47727504504198254,1.008539657184985,0.10133453187279154,0.382641819079837,1717,eeg_data_level_1.csv,12,AF8,240.0078125,250.00390625
0.307106415571728,0.307106415571728,0.2832751876589943,0.5936018114918914,0.2939909128350996,0.6470894790225341,0.647089479022534,0.818109076350056,0.7917293660364584,0.6462322196284087,0.7208112981121034,0.7208112981121034,0.7546325981553053,0.46848956964540955,0.7395215265289516,0.6380213245537457,0.6380213245537457,0.3925668789869927,1.074327202328305,0.8083279510638898,1.4358270870379037,1.4358270870379033,0.6203753938566823,1.2034828355159604,1.6872922592217583,0.9969125973010338,1.2073424402356534,1.215680528005984,0.8758989908357206,1.3447869972172524,hjorth_mobility,hjorth_complexity,1.2716336605572265,1.1864038809030188,1.0037708761577149,0.7555151839525391,0.6657374987252269,1.0616206917736684,0.35022717247177065,0.7113586530395398,1717,eeg_data_level_1.csv,12,TP9,240.0078125,250.00390625
0.287068001168336,0.28706800116833603,0.2583678881115733,0.3649798351084847,0.2607679815894243,0.6386256978855861,0.638625697885586,0.5780971923040353,0.9001314038051678,0.603013477001564,0.6776893804252918,0.6776893804252917,0.8216064530417627,0.7389944982002762,0.6750049945377895,0.5931272981249974,0.5931272981249975,0.7277926528358902,0.9696285026591361,0.7713718793271622,1.2148077116213776,1.2148077116213771,0.5886535308747475,0.6646984504370823,1.3965144640338294,0.9695395182049679,1.2756430331459794,1.2082948913137257,0.8562412883829569,1.2223097397787197,hjorth_mobility,hjorth_complexity,1.332917210463599,1.1860331912841917,1.0466069106316334,0.8662372367731699,0.3940578577013292,0.9819991398906434,0.33116930117094434,0.6917333835308801,1717,eeg_data_level_1.csv,12,TP10,240.0078125,250.00390625
0.4329871897689145,0.4329871897689144,0.6787792290150086,0.16518584807408815,0.26819519504330774,0.07578539063897224,0.07578539063897226,0.07231188254066996,0.1295519008095581,0.07705481314713102,0.14302742150542855,0.14302742150542852,0.17579570727278437,0.073276492774341,0.1435396141882582,0.8126860526743309,0.8126860526743309,0.7350096764725464,1.2129591485660827,0.8989687853699087,2.6906294597096325,2.690629459709632,5.076923727807142,2.7862120241803363,2.4819737997810054,0.9702904941253909,0.22715555880665209,0.2994492961814244,0.9976563382550051,2.0945219275872824,hjorth_mobility,hjorth_complexity,1.2317993531180844,1.6152617257022284,0.8318580770862174,1.2309687048881888,0.5041982527110175,0.9554586225963017,0.5534387788531188,0.8942284706768235,1717,eeg_data_level_1.csv,13,AF7,250.0078125,260.00390625
0.05035608378106326,0.05035608378106326,0.049941229113281985,0.0860223294259512,0.045414192802790264,0.09359787335465593,0.09359787335465593,0.06210098669225066,0.15824946451275088,0.1084090498475494,0.17977160632099395,0.17977160632099393,0.14000421078305786,0.27666007212896476,0.19280395729550961,0.7029190025320591,0.7029190025320592,0.3996757084865673,0.8559523209552127,0.9212566075250054,2.5873788075736135,2.587378807573613,0.8657824237264359,3.228031825256829,3.2312320030231767,0.6915872182324245,0.7693340208708733,1.1132434841938754,2.699585852735423,6.413155759733739,hjorth_mobility,hjorth_complexity,2.111218294274528,1.603920208424157,0.8787213513626893,0.40055330873345824,0.3451065710303566,1.0483504331264977,0.11174015708265407,0.40180777720863786,1717,eeg_data_level_1.csv,13,AF8,250.0078125,260.00390625
0.34729881926836814,0.34729881926836814,0.2747641690984674,0.4881698653990646,0.43618407395336695,0.6410874697493618,0.6410874697493619,0.45030460637192454,0.734955307501027,0.8296018838987993,0.5060471105814166,0.5060471105814164,0.6251006407980121,0.45583838270020055,0.5144000019460533,0.6521596376503611,0.652159637650361,0.2964245336287059,0.9795234429170916,0.8769501256137434,1.5613814231319372,1.561381423131937,0.6679102417177297,1.2760002717703813,1.863064390429702,1.0317488281093852,1.1833252283032154,0.8627344867210747,0.8432619358461608,1.3614768600490939,hjorth_mobility,hjorth_complexity,1.5290245701639904,1.2419741328179899,1.027822447200742,0.9411374489753612,0.7000033993949077,0.9554586225963017,0.45735240864524895,0.8129038586496811,1717,eeg_data_level_1.csv,13,TP9,250.0078125,260.00390625
0.3172014736623503,0.3172014736623504,0.24909619799080107,0.33667681052201803,0.39259583274714765,0.5444467245584522,0.5444467245584522,0.37921265693310113,0.5779221148743965,0.7106873446623706,0.43371159583888597,0.4337115958388858,0.5124764517562191,0.24903609500833734,0.43527371189668523,0.5663958580093719,0.5663958580093719,0.34362348375765084,0.76172958039648,0.7364246805618022,1.461258435275735,1.4612584352757347,0.5906936392141466,2.1686309364081393,1.668494991704227,1.0371065041224659,1.1379568644761013,0.824798724921131,0.8182945583959258,1.4157144699733188,hjorth_mobility,hjorth_complexity,1.6240140725188674,1.2856880657394585,1.230051412563683,0.8450697854986375,0.6265764693884489,1.2208637955397188,0.42219180121750455,0.7810315853583852,1717,eeg_data_level_1.csv,13,TP10,250.0078125,260.00390625
0.13305063399735162,0.13305063399735162,0.1284329860831106,0.09159358872023347,0.1498535019346393,0.10521002058389893,0.10521002058389893,0.09140724936092183,0.067936726626861,0.123866552742297,0.21999756935592216,0.21999756935592213,0.14522508070042933,0.3127604933804368,0.24988474790206655,1.2302806308513559,1.2302806308513559,1.1349786207740251,2.0870349336120135,1.1296605219503948,3.07392400526731,3.073924005267309,5.217570502209484,2.8522093215489424,3.0837680107670593,0.8518889858919094,0.5290838141540889,0.8266194759315564,2.610479607824574,4.444268437141054,hjorth_mobility,hjorth_complexity,1.7373886398456564,1.646605444332273,1.5563044481422958,0.50639056510612,0.4723799163748853,1.6985931068378695,0.21099440268840955,0.5521399440609747,1717,eeg_data_level_1.csv,14,AF7,260.0078125,270.00390625
0.11548209576728508,0.11548209576728505,0.0867610996111156,0.19782844159439533,0.14536239180533006,0.154290031376514,0.154290031376514,0.14809356957131786,0.11883097966038407,0.14562792660083923,0.17326924102857388,0.17326924102857386,0.1322028651000106,0.2447730952511077,0.20561716924395157,0.9738599096607214,0.9738599096607214,0.48873016921989737,1.0965177574158687,1.340396044138963,2.7844955132074642,2.784495513207463,1.188949608930307,3.781037468200819,3.1588980115786884,0.8745070751254744,0.7335443055561824,0.7229449365200271,2.3551789444032587,4.507524560113625,hjorth_mobility,hjorth_complexity,2.0315496793962438,1.6081780642661954,1.0496273404835486,0.5340710783112776,0.513988510045212,1.1677827609510354,0.16391443626883098,0.48665624625911386,1717,eeg_data_level_1.csv,14,AF8,260.0078125,270.00390625
0.44681246762017734,0.44681246762017734,0.3787644132752481,0.7579869603557841,0.4290421464604169,0.7330779640983693,0.7330779640983692,0.6088245023162906,0.592666533521367,0.9519765191892934,0.666276009953392,0.6662760099533918,0.6956755346579179,0.5076877765355008,0.6594839253370052,0.9758430025787918,0.9758430025787919,0.7746484668775288,2.3775625670837726,1.1558670882110011,1.9397947122087122,1.9397947122087122,0.8614291986969667,2.013775750144284,2.2466220830149486,1.0353266355698991,1.0950367976953466,0.8951989905716862,0.9745546763307964,1.3498629973401957,hjorth_mobility,hjorth_complexity,1.4922544402201667,1.2503496523559907,0.9637595029341984,0.8222740687414488,0.5384641533806982,0.8758370707132764,0.4340571994037961,0.7919307046387358,1717,eeg_data_level_1.csv,14,TP9,260.0078125,270.00390625
0.42677505299708984,0.42677505299708995,0.3516219899984493,0.6813684789605848,0.48522815176783274,0.7034624497099441,0.7034624497099442,0.5230389358111357,0.722208043000343,0.9460493951080989,0.6081158611316012,0.6081158611316011,0.6693058201998286,0.40765628834272966,0.6288728318875062,0.7112566716165587,0.7112566716165587,0.42016468053407724,1.8777041201976197,0.8521562850905443,1.6136201346382582,1.6136201346382582,0.7335870288781399,2.2572728831544127,1.7915662925075193,1.0442040899060452,1.1089360344729682,0.8632716726680848,0.7834799362968097,1.2056530375206553,hjorth_mobility,hjorth_complexity,1.3819440503886966,1.2685205887725952,0.9810430737534901,0.8125044758455108,0.44545670870585036,0.92891810530196,0.425050171065883,0.783671038829552,1717,eeg_data_level_1.csv,14,TP10,260.0078125,270.00390625
0.2414819117590066,0.24148191175900655,0.4289120747322894,0.06260234642513669,0.1009939461945095,0.03223658158735381,0.03223658158735382,0.029384128081165438,0.06948114104762787,0.03266560266146222,0.09915183020030054,0.09915183020030054,0.10369139691475605,0.10025510052769518,0.09289773684428447,0.47057823067516025,0.4705782306751602,0.36047179433566845,0.680563422841793,0.5270108002816369,1.6763949043877096,1.676394904387709,3.4151067077708137,1.557308510276656,1.6343561778483282,0.8701208750289708,0.18956110361309333,0.3785142625349886,1.0720813435087384,2.388557565223356,hjorth_mobility,hjorth_complexity,1.6362707825001417,1.6309055061712527,0.06087471275618885,0.4282338219386159,0.8909134174117007,0.05308103458868342,0.27324645656604996,0.628334591012255,1717,eeg_data_level_1.csv,15,AF7,270.0078125,280.00390625
0.027397460882683706,0.027397460882683702,0.02109307597033041,0.04382892800067811,0.03154365832260492,0.03732557608970982,0.03732557608970982,0.028358368611099315,0.04707888323046354,0.043867664936353995,0.10541529480074088,0.10541529480074086,0.08076026685279901,0.16960122546268466,0.12490463723387299,0.41309804170342124,0.4130980417034212,0.23480696624305206,0.6958042201967612,0.5039737667359474,1.2190857588019754,1.219085758801975,0.6233236641160639,1.9164229159451944,1.3133133322720647,0.7378133373029143,0.640735088674028,1.2582463729546336,3.056684789006191,6.054567065877877,hjorth_mobility,hjorth_complexity,2.071383986835386,1.5946800221972786,1.0566097539375128,0.2751768665689205,0.3034979773600299,1.194323278245377,0.05606963014613253,0.2846279503623047,1717,eeg_data_level_1.csv,15,AF8,270.0078125,280.00390625
0.21906343445597565,0.21906343445597565,0.16298177368845268,0.5021574731279527,0.23650881633445142,0.503809015505377,0.503809015505377,0.4477117248882826,0.8486487091232926,0.5415780991620476,0.38486352707747745,0.3848635270774774,0.4348790835888824,0.2213709841803865,0.38901760681463315,0.5888485895094719,0.588848589509472,0.3462230322761462,0.8700697429515531,0.6934163370203082,0.9922685360939238,0.9922685360939235,0.4977162935192684,1.3736917354596199,1.1497156487213527,0.9987223916925576,1.3121294304155415,0.9367324323075796,1.059974805157719,1.2857724973891533,hjorth_mobility,hjorth_complexity,1.4401634227997504,1.2108765989950907,1.1148462517304547,0.7994783519842602,0.3010504130264813,1.1412422436566936,0.26244694139433916,0.6157925885863099,1717,eeg_data_level_1.csv,15,TP9,270.0078125,280.00390625
0.19474053192455365,0.19474053192455365,0.1462964619100204,0.45992339094214485,0.21322380682881562,0.45048661218272834,0.45048661218272834,0.4025019285089357,0.7321348189165019,0.43718426338416977,0.5414215450369434,0.5414215450369434,0.5431839374981957,0.29806900649338386,0.40857118079866867,0.4972929132332137,0.49729291323321373,0.28259623004873463,0.7931060738821367,0.6408228257973925,1.0007063672585583,1.000706367258558,0.37243934702421,1.3834037619995672,1.1857930319165688,0.983808046439688,1.2903691758715843,1.3114938885546716,1.0015152586616785,1.4057494244521773,hjorth_mobility,hjorth_complexity,1.467741020257618,1.2654642472507185,1.1982716429180709,0.8125044758455108,0.2912601556922868,1.2208637955397188,0.25613663910744466,0.6083444538637666,1717,eeg_data_level_1.csv,15,TP10,270.0078125,280.00390625
0.04809084911559479,0.0480908491155948,0.07940950762389987,0.013071027605074557,0.03992230692637635,0.019359826923855628,0.019359826923855628,0.0149204559305812,0.028283591245370988,0.02020785718557852,0.061805983703335746,0.061805983703335725,0.05678151514513092,0.10086215595969061,0.06219848465465787,0.5346998897712542,0.5346998897712543,0.7108261113837341,0.7071528846817365,0.468974587429767,1.8867219452435582,1.8867219452435577,4.402926386295428,1.6459381785500231,1.7363239955031728,0.7140125232794743,0.2875215451837112,0.604894803081411,2.7025914576381127,6.123520959777454,hjorth_mobility,hjorth_complexity,1.7925438347613916,1.6836684781085565,0.9902069087671705,0.35821840618439355,0.4381140157052045,1.114701726362352,0.10479968950146647,0.3891290893354365,1717,eeg_data_level_1.csv,16,AF7,280.0078125,290.00390625
0.023062922141853927,0.023062922141853927,0.01709240852917619,0.03582693803894227,0.027645021672820864,0.0356053864391104,0.0356053864391104,0.026509760056115782,0.05214437833985028,0.04202088113275063,0.08673475908307408,0.08673475908307408,0.05884623549867885,0.15048885827852335,0.08744740016309549,0.6227651808402935,0.6227651808402935,0.6377001749307886,0.9206743681146881,0.6591318687385137,1.5809570757267788,1.5809570757267786,0.8521715091699409,2.016191094898299,1.7741182087664162,0.6108949688053581,0.5634375519947783,0.9803168382492937,3.8169857872895885,6.812600226181835,hjorth_mobility,hjorth_complexity,2.154116779208988,1.5762854450293784,0.917073352630524,0.3126269726700162,0.3695822143658429,1.0616206917736684,0.06760464735681886,0.3125373860837817,1717,eeg_data_level_1.csv,16,AF8,280.0078125,290.00390625
0.197519949678425,0.19751994967842507,0.11952020860538781,0.474450946059221,0.22697194277708946,0.3778462177739439,0.3778462177739439,0.33000011566073534,0.36870016649331433,0.36586143452832603,0.37692314966725055,0.3769231496672505,0.34409086696028734,0.32214099384030703,0.3750421150082296,0.6085881437742358,0.6085881437742358,0.3429884377916356,0.6113950873411108,0.7646996461069402,1.0271306865028191,1.0271306865028194,0.43219161503794185,1.5052910433021047,1.1543752136328709,1.023267591149595,1.1590913373962546,1.0434962900084641,1.2307414326721473,1.4829506600447133,hjorth_mobility,hjorth_complexity,1.4003291153606086,1.1705248927238687,0.9916518674926237,0.8076196793975419,0.35244926403100246,1.0350801744793268,0.28483073571975054,0.6415154578913308,1717,eeg_data_level_1.csv,16,TP9,280.0078125,290.00390625
0.19542223395125768,0.1954222339512577,0.1249250990912588,0.44390180899281484,0.22656648027325066,0.3394708417449744,0.3394708417449744,0.3458825304794555,0.21432762879494724,0.3025701694314529,0.2773664619217859,0.2773664619217859,0.23620987481624284,0.3012142846331273,0.2573794961460392,0.5249028025475853,0.5249028025475853,0.34150965378557613,0.7997320414788233,0.7081427715669913,1.0000990029251648,1.0000990029251648,0.38362910440918535,1.221020888647589,1.1781621205011372,1.048927467802016,1.0969623988961152,0.8539410910094438,1.1390347693254201,1.525537426944952,hjorth_mobility,hjorth_complexity,1.5933722975656812,1.2679256766793,1.0556868448160943,0.7913370245709784,0.34021144236325934,1.0881612090680102,0.26526567639721,0.6190906273822833,1717,eeg_data_level_1.csv,16,TP10,280.0078125,290.00390625
0.343301924555562,0.3433019245555621,0.33728219186494585,0.15974776197626955,0.4176378827098684,0.21858694590735503,0.21858694590735503,0.2158255667730037,0.2803675182124517,0.22834188669913838,0.39985941881177295,0.39985941881177295,0.46822161604932355,0.2714734874652936,0.39410133791900737,1.1742150207942497,1.1742150207942497,1.2690768394002074,1.2631212181966591,1.180308292271185,3.398127115556564,3.3981271155565635,11.18221094450753,2.5976997358717657,2.232952897614057,1.0382539982113115,0.565170273294864,0.7652806419803749,1.4537646819002754,2.620219093881994,hjorth_mobility,hjorth_complexity,1.9028542245928617,1.6081268437029814,1.3103631507558067,1.61686762427774,0.7660876364007206,1.0881612090680102,0.5204875473949164,0.867199205859593,1717,eeg_data_level_1.csv,17,AF7,290.0078125,300.00390625
0.11283503744399312,0.11283503744399313,0.11851853866216945,0.057726643040927804,0.1288206934500806,0.4433469632788426,0.4433469632788426,0.4883275697896194,0.27649429739226844,0.42103536739061526,0.7477663314239277,0.7477663314239276,0.7690434109865891,0.4821175493148361,0.7074783286521509,1.1879253222797943,1.1879253222797943,1.2863713085238189,1.7452430594205537,1.0941580331093883,2.9583077382754084,2.9583077382754075,1.4291623960111963,3.5896817618720793,3.2035344306233364,0.6726278474589267,1.229247718393843,1.7778079535683058,2.1057297279557723,3.6641658860771367,hjorth_mobility,hjorth_complexity,2.0928332293026166,1.5124063497699067,1.068989787404621,1.0632573601745863,1.020634327089778,1.1412422436566936,0.22410207638744484,0.5690319344198054,1717,eeg_data_level_1.csv,17,AF8,290.0078125,300.00390625
0.5909916103998434,0.5909916103998435,0.5419774440308123,0.936817874988311,0.5677336548701557,0.772469588309512,0.7724695883095118,0.8032986497021976,1.1098959673600102,0.6449723708043554,0.6313334991289045,0.6313334991289044,0.7719813885598058,0.33002981752845884,0.6513455492164578,0.9468572654648959,0.9468572654648959,0.7567358648106244,0.9393776988232042,1.0958351043880157,1.618468220964382,1.6184682209643815,0.9867385383822611,2.463204550597322,1.8847636384195967,1.1013947093140957,0.9899188710695247,0.7377185635117518,0.8064597969019892,0.9849849439956841,hjorth_mobility,hjorth_complexity,1.2838903705385007,1.1293698901348757,1.0885107136697756,0.9362526525273922,1.4122446204575585,1.008539657184985,0.5796376729473715,0.91514940533387,1717,eeg_data_level_1.csv,17,TP9,290.0078125,300.00390625
0.5990523779190752,0.5990523779190752,0.5516156134357669,0.9410258182810747,0.5861729603057974,0.7841649389898274,0.7841649389898273,0.8761288445868297,0.9345495042171191,0.6414056474394509,0.6033357077675623,0.6033357077675622,0.8110086558884101,0.6063153818264914,0.5514805223076699,0.8270269707318213,0.8270269707318215,0.5052383366303986,0.8912015682079788,1.0119011539922969,1.6262732443232375,1.626273244323237,0.686525813407206,1.6334606779233416,1.809605642657168,1.1050958984917776,0.9837642154223378,0.70681426396253,0.7134897116790497,0.9807796725567275,hjorth_mobility,hjorth_complexity,1.2287351756227658,1.1670220320586935,1.1256974256428902,0.9606766347672373,1.3118944827820649,1.0616206917736684,0.5924634020607658,0.9252188317693166,1717,eeg_data_level_1.csv,17,TP10,290.0078125,300.00390625
4.783140820974126,4.783140820974127,7.513956517615207,1.2809093638760363,3.224505919939192,1.4836758007821091,1.4836758007821091,1.3120156162379792,0.8695442630230197,1.5679688853055738,1.1049264529341756,1.1049264529341756,0.9783012713793026,1.1246905681014543,1.2664314169492876,1.3425215091399143,1.3425215091399143,1.0950207095947686,1.7423764314831012,1.3178180999265559,1.7848373649758342,1.784837364975834,5.0181351404151675,1.361139040100614,1.45985498382473,1.0091868615314683,0.40674277781798013,0.2616164693169687,0.2234674551921301,0.20473752711369267,hjorth_mobility,hjorth_complexity,0.7599160188390173,1.0648054071367143,0.4349325763614075,2.632905285455293,1.8919672298330898,0.8360262947717639,4.5142374789602036,2.5539118357139206,1717,eeg_data_level_2.csv,0,AF7,120.0078125,130.00390625
0.07636912942828637,0.07636912942828637,0.07664551110775544,0.13899398543263133,0.06809965015543869,0.06917290121037951,0.06917290121037951,0.07956976589141881,0.06996928589795741,0.06641495868819994,0.09779265839995618,0.09779265839995617,0.08704837448222108,0.12697931902330972,0.09995486607806384,0.31623997643031054,0.3162399764303106,0.2114270425139816,0.5273423770102468,0.39552456560006394,0.9334185957019834,0.9334185957019832,0.3636065301167774,1.0167495671924323,1.060700035390694,1.0180672429908346,0.6835789913369746,0.7896236726327539,1.6304396449448078,3.191915930538989,hjorth_mobility,hjorth_complexity,1.339045565454236,1.4495361220404086,1.0104549755522305,0.47545352093564963,0.4160859367032668,1.114701726362352,0.10565638448720338,0.39071633845256315,1717,eeg_data_level_2.csv,0,AF8,120.0078125,130.00390625
0.207382696406447,0.20738269640644702,0.1557903000251301,0.3432835709977037,0.24596914630300953,0.3781193725386684,0.37811937253866845,0.33090684735318826,0.5265110326948717,0.4385491166256446,0.46497577133717305,0.464975771337173,0.5347010802316172,0.2654669782226755,0.3976564215036343,0.6651611966562297,0.6651611966562296,0.31806172872692035,1.2015514557236708,0.8753848353794987,1.446598900062651,1.4465989000626507,0.7045259126342373,1.6879163924136995,1.5349109026341694,1.0029822591651798,1.127099137742726,1.156708102154102,1.268366073359818,1.8880414965475043,hjorth_mobility,hjorth_complexity,1.3758156953980594,1.2020464839730716,1.1568153109691015,0.8466980509812938,0.4821701737090798,1.194323278245377,0.3238685956495074,0.684066178733638,1717,eeg_data_level_2.csv,0,TP9,120.0078125,130.00390625
0.17342003507851203,0.17342003507851206,0.1410694509772266,0.30841182212990864,0.18912603959104266,0.3608972409041035,0.3608972409041035,0.3564733349406931,0.4244738394779653,0.338797391264619,0.3575902764453708,0.35759027644537067,0.4281209209951097,0.24451225431966284,0.42610839028901354,0.3842050440334942,0.38420504403349426,0.24158207082197555,0.5432555177768978,0.4741663375732608,0.8482178149996616,0.8482178149996614,0.35410533470721123,0.6795637501065755,0.9487694318309544,1.0125358687865593,1.2278864132968057,1.0976788365158312,0.9315851697085338,1.408337423164427,hjorth_mobility,hjorth_complexity,1.3053396130057313,1.180215192694983,0.9718885610541674,0.8239023342241052,0.4723799163748853,0.9819991398906434,0.27075583068247505,0.6254644186767745,1717,eeg_data_level_2.csv,0,TP10,120.0078125,130.00390625
0.12302319328703697,0.12302319328703695,0.1259420320883371,0.11498734546180092,0.11580825754383699,0.0701849014962453,0.07018490149624529,0.07091831472299372,0.07880546306151112,0.06766782704439202,0.16288727659843072,0.1628872765984307,0.10736596026344288,0.30904329970235767,0.18395201136675746,0.4305282962167421,0.4305282962167421,0.5080250639990754,0.6875203604321207,0.42349431305659174,1.0133192778413116,1.0133192778413114,2.183830590321646,0.9568331798903627,0.8528297748920749,1.0309588073729437,0.5261774262384793,0.8928909178109568,1.5168443227099522,2.3801461347997908,hjorth_mobility,hjorth_complexity,1.4493559552857063,1.5304006561092112,0.954241419974923,0.5145318925194017,0.2912601556922868,1.1677827609510354,0.1582944632261696,0.47824073150509633,1717,eeg_data_level_2.csv,1,AF7,130.0078125,140.00390625
0.023127520602520945,0.023127520602520945,0.018019136039673294,0.043029046264956614,0.02298384662924292,0.043675756356917325,0.043675756356917325,0.029266692880564854,0.04586133318669708,0.05464697053860001,0.08902639958704597,0.08902639958704596,0.08514579767595092,0.10413922868701367,0.08300242698217097,0.32094497498856256,0.32094497498856256,0.1549398291735839,0.7539835651130737,0.43780626344677215,0.7975402850916868,0.7975402850916866,0.3531274583209794,0.8521042442529686,0.9094685929728955,0.7546034612428781,0.8323749021058482,1.2639485401875477,2.944850892713859,5.003885262977893,hjorth_mobility,hjorth_complexity,1.8814049821256313,1.530152152591741,0.8066785060059011,0.2751768665689205,0.2496515620219601,0.92891810530196,0.0420785602655409,0.2465722145013396,1717,eeg_data_level_2.csv,1,AF8,130.0078125,140.00390625
0.4610880069473938,0.4610880069473938,0.33835321633946436,0.9399783367491423,0.5495360980935862,0.8524636673217743,0.8524636673217743,0.7623100469813433,0.8230195359849137,0.8938690121141476,0.6678062350665256,0.6678062350665255,0.7427616663583736,0.6264062581023861,0.57042334286379,0.6194635979252211,0.6194635979252211,0.4401428642407106,0.5398042367225747,0.8247673664499284,0.8398590867729461,0.8398590867729459,0.3580623474822264,0.9102735541548037,0.889698291313672,1.0760690730225975,1.2076131876864395,0.8908897685402541,0.6548806332459396,0.6464720590533132,hjorth_mobility,hjorth_complexity,1.3114679679963686,1.0600423450173013,1.059770018504794,0.8857764225650459,0.3475541353639052,1.008539657184985,0.4340145804578745,0.7918918248776714,1717,eeg_data_level_2.csv,1,TP9,130.0078125,140.00390625
0.5155278067275547,0.5155278067275547,0.3509732955256358,1.0134084356985378,0.6136374809469053,0.8197765606447575,0.8197765606447575,0.708516770910588,1.1713420045354883,0.8314896463723238,0.5673391997276991,0.567339199727699,0.6381319718689517,0.42155526086675826,0.5956795981020875,0.494424794514556,0.494424794514556,0.29524572917668085,0.9388902748035246,0.6380310701433385,0.7498673973444114,0.7498673973444113,0.36402372902253105,0.8086219144974132,0.8410197396883828,1.1169128717691468,1.145396977218293,0.7549890141466508,0.5188150589580144,0.5594577315552505,hjorth_mobility,hjorth_complexity,1.314532145491687,1.0626941160283514,1.0847538209835974,0.9020590773916092,0.4430091443723017,1.008539657184985,0.4552314716936099,0.811016778453035,1717,eeg_data_level_2.csv,1,TP10,130.0078125,140.00390625
0.22821362286335828,0.2282136228633583,0.3232473337251242,0.16437521885166112,0.20523350066612123,0.09746959559056279,0.0974695955905628,0.07621214825708278,0.15637103244919312,0.09350607128819342,0.13801491074820144,0.13801491074820138,0.11188290200599378,0.18789831607075555,0.16075918945906087,0.377655325943897,0.377655325943897,0.6761601550719626,0.4205932459928812,0.30965541841451405,1.0146553492426278,1.0146553492426276,3.2380483609052813,0.8143559126637132,0.7376909060468424,1.0162620764000347,0.44406973978716663,0.4837862311051405,0.8169498524298769,1.4214533634392685,hjorth_mobility,hjorth_complexity,1.6301424275095047,1.5028732917372147,0.8839045581456052,0.5715211844123733,0.9912635550871945,1.0616206917736684,0.22809133072085228,0.5740742792158067,1717,eeg_data_level_2.csv,2,AF7,140.0078125,150.00390625
0.022020583636269974,0.022020583636269974,0.016687703341707067,0.0426763642428664,0.0241878668742909,0.04078443384388906,0.04078443384388906,0.027056489742301976,0.07975946101348366,0.04860719250162867,0.06291833915502949,0.06291833915502949,0.06533081196084045,0.11388299804821045,0.06115611475711453,0.2892311148895992,0.2892311148895992,0.15485022104293666,0.4409317670109681,0.3876375228349502,0.6920142701893348,0.6920142701893347,0.41269251597314166,1.0942658950069397,0.8087551892075715,0.7847985476265482,0.8681631316567123,1.0541582547650472,2.94872180477605,4.867953661709592,hjorth_mobility,hjorth_complexity,1.835442319695852,1.5167834437811398,0.8403600277804968,0.2800616630168895,0.3377638780297107,0.9554586225963017,0.037643574625702,0.23321642211024146,1717,eeg_data_level_2.csv,2,AF8,140.0078125,150.00390625
0.36791813208558033,0.3679181320855804,0.2654352197801552,0.4608095243844283,0.47801342481661,0.5919840786226207,0.5919840786226207,0.5421785094129087,0.6093103375678908,0.5697690165340248,0.5182725716251936,0.5182725716251936,0.43752579337940717,0.3746860568194832,0.6124588645292124,0.5783249236789412,0.5783249236789412,0.2977433176551756,0.48365549132499086,0.7525375517478566,0.7996710082191436,0.7996710082191435,0.3125556144880225,1.348593845017996,0.9538136540576179,1.0811387560286654,1.1227970761792259,0.9046598015113442,0.7750348259216643,0.7791977952023235,hjorth_mobility,hjorth_complexity,1.5504738126312205,1.1237429105300454,1.1715538899687237,0.8580959093598882,0.3034979773600299,1.1677827609510354,0.31732121576244726,0.6771162780853212,1717,eeg_data_level_2.csv,2,TP9,140.0078125,150.00390625
0.3808225177952131,0.3808225177952131,0.25275563121254513,0.5350612197538095,0.4720282022210441,0.6124323253545894,0.6124323253545894,0.5745073850135111,0.859390614352429,0.6086150498998293,0.43952382091175096,0.43952382091175096,0.5656158496914506,0.26866803139085493,0.4259654654261278,0.5276214099613196,0.5276214099613196,0.4020234240645763,1.1300610389620556,0.6016685983436405,0.6696548077069902,0.66965480770699,0.2857950829263268,1.2706106593727289,0.8116618245196662,1.0984824091508694,1.1365198399664205,0.76345668868425,0.7002190232197841,0.6558731614427581,hjorth_mobility,hjorth_complexity,1.4616126652669807,1.1294285307875558,1.1261821859894938,0.8955460154609839,0.34021144236325934,1.0881612090680102,0.3229486805608667,0.6830939784389003,1717,eeg_data_level_2.csv,2,TP10,140.0078125,150.00390625
0.01292872939740282,0.012928729397402819,0.012467885081797084,0.013678522873528328,0.014486899889175503,0.009813167095005779,0.009813167095005779,0.00788539689504018,0.016874717663144547,0.010483524289523222,0.04825406791538002,0.04825406791538002,0.03838170616889611,0.026998142604417005,0.06368420279023619,0.2219711161165159,0.22197111611651596,0.13677964257310316,0.3060683042197267,0.279619703976246,0.49765316697880474,0.4976531669788046,0.7772426352232478,0.6641794125802974,0.5175256326315757,0.7470554294343078,0.42340557436270787,1.2629699533815448,3.508223997348787,5.482121409540757,hjorth_mobility,hjorth_complexity,1.7343244623503378,1.5536758842694816,1.2645812649448351,0.24912461884641915,0.10035013767549376,1.4331879338944524,0.035094626122332905,0.22518217507844965,1717,eeg_data_level_2.csv,3,AF7,150.0078125,160.00390625
0.02702311838886609,0.027023118388866094,0.026375814575744738,0.034599030395521306,0.023755128965037238,0.04258075102643596,0.04258075102643596,0.04945683217302235,0.027675816108813426,0.03859503151957396,0.07213786965148132,0.0721378696514813,0.05036799757192494,0.1117813121226488,0.08691796537815066,0.3042103430688559,0.30421034306885586,0.20396413886539644,0.2706615344225708,0.36685809350936177,0.4759970303740137,0.4759970303740136,0.27292459833291066,0.7592753371600824,0.5350606125123544,0.8452162305859615,0.8281840313931814,1.1559081706155663,2.9452838331378293,3.4479363641065506,hjorth_mobility,hjorth_complexity,1.7496453498269309,1.4162088143292921,0.8453381436475419,0.20516145081469814,0.2912601556922868,1.008539657184985,0.04180794437786264,0.24577805724651772,1717,eeg_data_level_2.csv,3,AF8,150.0078125,160.00390625
0.3241889796232108,0.3241889796232108,0.21401911140563235,0.522150106035846,0.386371522234609,0.5546580738194836,0.5546580738194836,0.652692108894603,0.7781821231370345,0.45351950823787796,0.3402733609237301,0.34027336092373006,0.4466531730326446,0.4993526941701157,0.3016730244329596,0.647754748803045,0.6477547488030452,0.38399964542964965,1.1756375533195527,0.7201989753668928,0.6489778366021879,0.6489778366021878,0.22989510710511207,0.9060513020625978,0.7807605594810505,1.085853773142367,1.1435865482507384,0.7015217724991382,0.934204322204602,0.7160066689056042,hjorth_mobility,hjorth_complexity,1.5443454576405833,1.1069072248777616,1.075151837195102,0.8646089712905135,0.3720297786993915,1.0881612090680102,0.30861939082124956,0.6677675404172875,1717,eeg_data_level_2.csv,3,TP9,150.0078125,160.00390625
0.3105239520844083,0.3105239520844083,0.1930096880980664,0.5254809443439137,0.3697110202383996,0.5523039093426162,0.5523039093426162,0.6745672639350454,0.6201128920766021,0.43773469368006107,0.2752793850672479,0.2752793850672479,0.3335577109822704,0.2858985928339442,0.23538114384141892,0.5461283585973976,0.5461283585973976,0.3299447037705569,0.7286868844399302,0.5816724310559829,0.6833801969848894,0.6833801969848892,0.29220465634779624,1.202499365721066,0.7480701215631556,1.087680530211658,1.163318316422189,0.6037350226754481,0.8351756840891728,0.7761559060706172,hjorth_mobility,hjorth_complexity,1.4432276002950692,1.1713771517914782,0.947492064379903,0.8890329535303585,0.49685555971037154,0.9554586225963017,0.3003950383230904,0.6588098401263377,1717,eeg_data_level_2.csv,3,TP10,150.0078125,160.00390625
0.007591432766265903,0.007591432766265903,0.005140326117123401,0.010976233499030659,0.008750960038174207,0.01857762916858513,0.018577629168585127,0.014735525664486207,0.016635104445650615,0.02115022605780402,0.05262177717502825,0.05262177717502824,0.040106795804285916,0.055704761192010205,0.059803834551537774,0.1271207265813351,0.12712072658133514,0.056338599466945034,0.22905523086239624,0.16200451612876374,0.29623415778035883,0.2962341577803588,0.13333516537736398,0.31511865398940747,0.3509947162733692,0.6843364153717335,0.8920664103009954,1.8114170933161973,3.026348009155493,4.91047540671406,hjorth_mobility,hjorth_complexity,1.5443454576405833,1.4910769935093313,1.3023552827224887,0.19376359243610378,0.04405615800387531,1.4597284511887942,0.02051612585944655,0.17217154514990146,1717,eeg_data_level_2.csv,4,AF7,160.0078125,170.00390625
0.024292134777295832,0.024292134777295832,0.015123652651036264,0.047162804062118896,0.02979661928161919,0.04699098355212127,0.04699098355212127,0.03436239507268706,0.07978229004874035,0.05253390241310336,0.07569985302254605,0.07569985302254603,0.06779726080426166,0.07282860724340297,0.08391169705329006,0.1397827558527649,0.1397827558527649,0.07903936813786278,0.29902377300976046,0.18904687590468797,0.3400377961825934,0.34003779618259333,0.11270772885083145,0.4826581907637296,0.4282501678646921,0.9170730013523433,1.0577267880123866,1.3352026623155113,1.800341179170248,3.0008095550891,hjorth_mobility,hjorth_complexity,1.7649662373035238,1.4092751102035794,0.9028475009205785,0.18236573405750944,0.24475643335486283,1.0616206917736684,0.03995897495242206,0.24028179586614842,1717,eeg_data_level_2.csv,4,AF8,160.0078125,170.00390625
0.36340731313210056,0.36340731313210056,0.29354571481343855,0.8619604748745046,0.33884281572333674,0.5833402574125369,0.583340257412537,0.5238588518241927,0.6508697544777103,0.5042015177060654,0.4447493781590163,0.4447493781590162,0.33591968947308853,0.4145716079402935,0.5783977252251807,0.3881259157914784,0.3881259157914783,0.3201620848406599,0.48687872491091855,0.45731412316489245,0.5404195773103491,0.540419577310349,0.23056299547860398,0.7351714156857623,0.5777749578756498,1.1042391483159144,1.1340951970387811,0.825544251444064,0.5599187531855774,0.567494545915295,hjorth_mobility,hjorth_complexity,1.1980934006695798,0.9708097504165432,1.1113783507893669,0.8776350951517642,0.4650372233742394,0.9819991398906434,0.4461930251137124,0.8029251994745772,1717,eeg_data_level_2.csv,4,TP9,160.0078125,170.00390625
0.3587242611238888,0.3587242611238888,0.25958250726379756,0.7574309993708856,0.3911040418849233,0.5604658375354279,0.5604658375354279,0.5187570193785507,0.8073054303978373,0.5031115788639371,0.3428645696030509,0.34286456960305084,0.3998338228440049,0.3147868586404986,0.37155133023324177,0.3524161325202247,0.35241613252022475,0.20135589495990408,0.6124133780222769,0.4288170029283889,0.5795603872781349,0.5795603872781347,0.37562391286347,0.8713520691605533,0.6502995747319218,1.117076138066026,1.1328383423297432,0.6783274811859177,0.5339198054013891,0.6178149448268075,hjorth_mobility,hjorth_complexity,1.3022754355104127,1.0420009186265398,1.075468795883266,0.8792633606344206,0.42832375837100994,0.9819991398906434,0.4270928008104014,0.7855517947271858,1717,eeg_data_level_2.csv,4,TP10,160.0078125,170.00390625
0.006498612654433882,0.006498612654433882,0.004471806759875556,0.0119679198755669,0.007559939556443643,0.018708495045781526,0.018708495045781523,0.021437808348549612,0.026360101771092753,0.01618250295847728,0.07289526513614827,0.07289526513614827,0.06440697851928541,0.11373248252281402,0.07657317524344086,0.15580735202911591,0.1558073520291159,0.11298659317820789,0.27807492210104057,0.19932589028385345,0.3429139017110512,0.34291390171105113,0.18119878537390574,0.5036244531492703,0.3944494115948158,0.5945666264501673,0.8527438343205721,2.227587219944847,3.384391334143618,5.29522171238962,hjorth_mobility,hjorth_complexity,1.8262497872098966,1.474356382996766,1.322398258591678,0.2035331853320418,0.009790257334194514,1.4597284511887942,0.018096221975918723,0.16169912028291766,1717,eeg_data_level_2.csv,5,AF7,170.0078125,180.00390625
0.013888890312653794,0.013888890312653794,0.008681124052985783,0.03466492527715723,0.016228681434242987,0.0399630123966985,0.0399630123966985,0.03524812097182729,0.04926887588025143,0.03785975684429356,0.07079534815131994,0.07079534815131992,0.07453373485146125,0.06213172887977267,0.07261776603654331,0.19256971465911077,0.1925697146591108,0.12335475931960269,0.4079657060786963,0.23884997971542885,0.3498676226133905,0.34986762261339044,0.12637855442641796,0.43134666704040975,0.42782009367431256,0.7523066257229996,1.0896850008593308,1.5317632307655111,2.866757913296771,3.7884786312853125,hjorth_mobility,hjorth_complexity,1.9304318220507293,1.4464364953091682,1.0367998359272672,0.17422440664422778,0.18846245368324438,1.194323278245377,0.025602560780219556,0.19233370719987866,1717,eeg_data_level_2.csv,5,AF8,170.0078125,180.00390625
0.34013644135077625,0.3401364413507762,0.27462506746853055,0.4389758529863922,0.40393875504060045,0.5119089956234715,0.5119089956234715,0.4132805937537158,0.6107918401370673,0.6169321111623061,0.5053035615419058,0.5053035615419058,0.5841523564098672,0.22851778458354718,0.5715375930262481,0.49464693981210067,0.4946469398121007,0.29333227316103533,0.49807461009181736,0.6436511695668413,0.5842595079676087,0.5842595079676086,0.25491790803157954,0.5451070745074151,0.6605142960898782,1.089693814424663,1.0900234594939615,0.9431252487018755,0.7340050106195483,0.6441903466136174,hjorth_mobility,hjorth_complexity,1.332917210463599,1.0677345939073706,1.1250448636378467,0.8401849890506685,0.27902233402454363,1.1677827609510354,0.29289051522533033,0.65052853855455,1717,eeg_data_level_2.csv,5,TP9,170.0078125,180.00390625
0.3555660490064372,0.3555660490064372,0.29299841778017915,0.4461465410811812,0.4324838495079358,0.4721305399180407,0.4721305399180407,0.4340905272804693,0.44993181284912664,0.5852034033813813,0.39435328672770814,0.39435328672770803,0.3936145975926678,0.25710477542147525,0.38086833750942756,0.3683790421347297,0.3683790421347297,0.21801937510053485,0.41791314930229007,0.45494781377858895,0.533947768794399,0.5339477687943988,0.20042597270841528,0.8243179195317607,0.6563544778363879,1.1174615584646959,1.0266592813646465,0.7750586392510861,0.5718361320942966,0.5997126053013575,hjorth_mobility,hjorth_complexity,1.5106395051920787,1.1181066242974664,1.093712565081407,0.8320436616373869,0.3965054220348778,1.114701726362352,0.29306015292316323,0.6507168993646222,1717,eeg_data_level_2.csv,5,TP10,170.0078125,180.00390625
0.2002084757755407,0.20020847577554068,0.2947295757800372,0.08866672404239943,0.13956882268532483,0.21997449443392053,0.21997449443392053,0.15115098884223713,0.4554880837238147,0.240525466067698,0.6259782799196794,0.6259782799196792,0.42767486874115723,0.7081213166481057,0.8120541213259417,0.30518957508420796,0.30518957508420796,0.4355482666108885,0.25369653928357094,0.29237258854256915,0.35484941164459205,0.354849411644592,0.15935565888731312,0.6085614114215823,0.42055578698428325,0.9043306564569976,0.837908246161196,1.6535924294759827,0.6917005348714498,0.617109059976662,hjorth_mobility,hjorth_complexity,1.5443454576405833,1.28473832227478,0.95812882506211,0.34356401684048654,1.7157425978175884,1.4331879338944524,0.29231433365876763,0.6498883555261353,1717,eeg_data_level_2.csv,6,AF7,180.0078125,190.00390625
0.033015818215843075,0.033015818215843075,0.022529719087906627,0.06777814468872173,0.038107812318403454,0.06537642562890401,0.06537642562890401,0.06461250985802242,0.0934644082563587,0.06683148690656714,0.08550167508260388,0.08550167508260388,0.0625512604202865,0.14434697873995325,0.0931053323920699,0.21658688288060315,0.21658688288060315,0.12983009972864332,0.4101614028086187,0.25583525187240763,0.45353654331755044,0.4535365433175503,0.31537242874137433,0.5272905879038342,0.46538568331211116,0.9137016250279169,1.0590092547780878,1.1782724443933528,1.993077477277808,2.9146118094824,hjorth_mobility,hjorth_complexity,1.627078250014186,1.398410845855148,1.0060455208610088,0.4070663706640836,0.2618893836897032,1.114701726362352,0.050470933570429914,0.2700438982952438,1717,eeg_data_level_2.csv,6,AF8,180.0078125,190.00390625
0.40991855138541,0.40991855138540995,0.35005005958429,0.5739217738152312,0.4055998988950015,0.56205796038048,0.56205796038048,0.7173168266909858,0.5928594205516081,0.4442607001444277,0.34341736399854195,0.3434173639985419,0.300228010055598,0.3269453713749176,0.3550102183920223,0.46874000073015526,0.4687400007301553,0.32328203611065326,0.6748457865185871,0.5720448579623726,0.6643119990545341,0.664311999054534,0.32377739061005667,0.8584838337829203,0.734894658107746,1.1190067562169632,1.0202703168280476,0.6262118449884768,0.6254559622601858,0.6395311970944759,hjorth_mobility,hjorth_complexity,1.1674516257163934,1.0517139813265144,1.08928446576147,0.9102004048048908,0.572730054050379,1.114701726362352,0.40424295536751914,0.7642490893003107,1717,eeg_data_level_2.csv,6,TP9,180.0078125,190.00390625
0.4103588711438273,0.4103588711438273,0.3687352178282491,0.6784448566509471,0.3966509489861539,0.5639688045198334,0.5639688045198334,0.7319316047946045,0.3920839072681402,0.49068315267013796,0.37455468683811033,0.37455468683811033,0.4101769786235237,0.1884269617376655,0.2738135346398301,0.40576182624840423,0.40576182624840423,0.2684128709864525,0.5798192453787263,0.4753255434388761,0.6391576159630691,0.639157615963069,0.22210367130331995,1.052794393593319,0.7898001501847675,1.1167913361082378,1.0152421988521578,0.6494145907242321,0.5505022390582878,0.6204292834071299,hjorth_mobility,hjorth_complexity,1.1766441582023492,1.0641910902435736,1.068010944397056,0.9281113251141105,0.513988510045212,1.0350801744793268,0.4071690617958219,0.7670101045694354,1717,eeg_data_level_2.csv,6,TP10,180.0078125,190.00390625
0.010399864904678131,0.010399864904678131,0.009289556728614591,0.01112904717207346,0.011289689523412638,0.018140930618859467,0.01814093061885947,0.013958266347084648,0.038120628510506606,0.01989370093743657,0.058727913139852234,0.05872791313985223,0.047435418894421634,0.06376643059516714,0.07362815202431025,0.14274165467712957,0.14274165467712957,0.08562187783909786,0.18228738220797577,0.1819947528959708,0.3194297594488823,0.3194297594488823,0.13552759469137252,0.3485465822850261,0.37156719697140644,0.7449677949507142,0.7999306384389862,1.7248518763035483,2.916268008273529,4.5873608862850626,hjorth_mobility,hjorth_complexity,1.8446348521818081,1.4885027913816535,1.4384890392888936,0.21167451274532345,-0.0024475643335486286,1.5924310376605026,0.019580960226428964,0.16820182064183553,1717,eeg_data_level_2.csv,7,AF7,190.0078125,200.00390625
0.011022749201831786,0.01102274920183179,0.010416510588826502,0.020698075643052618,0.010797862683840004,0.02499637113104282,0.02499637113104282,0.02124343218737491,0.04447488673214443,0.026720957019492265,0.05173711062416712,0.05173711062416711,0.031510777003146966,0.08660563957341913,0.0639581729928378,0.15766198515765148,0.1576619851576515,0.11533909943647117,0.25155012530781734,0.16419363393150926,0.338672728739869,0.3386727287398689,0.1349987909413085,0.5234952720278704,0.39697395144934583,0.7433774063936223,0.9478568470608331,1.4952519865212228,2.930375313688516,4.506009705783329,hjorth_mobility,hjorth_complexity,1.7833513022754357,1.4562033900880005,1.0983457553172153,0.22144410564126146,0.13216847401162593,1.2474043128340604,0.023846844545861293,0.18562187704532768,1717,eeg_data_level_2.csv,7,AF8,190.0078125,200.00390625
0.1458356338897924,0.1458356338897924,0.09041082174441997,0.2354159362364946,0.1859423140068506,0.2986672790926399,0.2986672790926399,0.26884859234444497,0.375665249131021,0.34397639616846387,0.389917006374719,0.38991700637471893,0.3223264073115147,0.3576352367362875,0.5014575068285253,0.38968568882868804,0.389685688828688,0.23637350425275536,0.49592936696739076,0.5008619416658788,0.5915966581168617,0.5915966581168615,0.2181294913630929,0.5552909805432258,0.6778747414825226,1.0130613749902795,1.2154907810742037,1.3699351833235225,1.07808536199077,1.1958830409363443,hjorth_mobility,hjorth_complexity,1.4891902627248481,1.1459165476812938,1.1281212273759083,0.8353001926026995,0.30839310602712716,1.2208637955397188,0.22942822364028775,0.5757542083360124,1717,eeg_data_level_2.csv,7,TP9,190.0078125,200.00390625
0.15640800488853354,0.15640800488853354,0.1034438721140877,0.3101229342833157,0.18636631401593412,0.28883378171640267,0.28883378171640267,0.2537075554258813,0.35581003225607954,0.2755463842256055,0.2938454313958127,0.29384543139581265,0.42247066817578816,0.28019392218990713,0.2676161668228546,0.37572805910731627,0.37572805910731627,0.2568427071729954,0.23760165471249664,0.4451955741797247,0.5704178130779592,0.5704178130779591,0.2113709044830744,0.8038387346644169,0.676798643082952,1.0462066043722822,1.1706318850785304,1.043825275440102,1.020437062720615,1.1383982704065116,hjorth_mobility,hjorth_complexity,1.483061907734211,1.1545892549328873,0.9913721980618908,0.8711220332211389,0.3451065710303566,1.008539657184985,0.23782720516927494,0.5861981801861568,1717,eeg_data_level_2.csv,7,TP10,190.0078125,200.00390625
6.978079286701706,6.978079286701707,9.023445609747471,1.9230132919255192,6.0927011922833305,0.5616648951108993,0.5616648951108993,0.9973953287864283,0.5461536325355525,0.38002048432518376,1.227133135372296,1.2271331353722956,1.0035093081222752,1.9005072569883181,1.3634943255038945,1.5686611821696363,1.5686611821696363,1.1524641073017754,1.0242699263019093,1.7995206467740632,0.8549288879602042,0.8549288879602039,0.6235770332777362,0.7186241139179992,0.9084323979128965,1.0882908510387286,0.1309593108286394,0.20733686620488476,0.18286136658482716,0.07780114275596385,hjorth_mobility,hjorth_complexity,0.3156102820178176,0.9247596285667319,0.3732002106843045,3.334687708480173,2.134276098854404,0.8492965534189347,5.674623100247025,2.8634012522338663,1717,eeg_data_level_2.csv,8,AF7,200.0078125,210.00390625
0.07084221453764207,0.07084221453764207,0.11851001138258009,0.04996428474195338,0.04256979508186536,0.04715528280701662,0.04715528280701662,0.04231088410362316,0.08872819539604408,0.046346675721191784,0.0928315863048364,0.09283158630483639,0.12855371995211928,0.053105204762112154,0.09235139684298546,0.31692009775905733,0.31692009775905733,0.15744944445442732,0.3143763445195835,0.4089412632955862,0.8344891313696031,0.834489131369603,0.2982018037043368,1.027298331942071,1.0069865530635305,0.8955647097610648,0.5581983264595993,0.7832481273346731,1.7418663795252676,3.122913319912198,hjorth_mobility,hjorth_complexity,1.4861260852295295,1.4429865261094332,1.0113592400449336,0.6073430250308127,0.45769453037359353,1.0881612090680102,0.09793367632211952,0.3761661642144946,1717,eeg_data_level_2.csv,8,AF8,200.0078125,210.00390625
0.18283681713076136,0.18283681713076136,0.1406531133712196,0.35572147908279134,0.2058738877559967,0.31991697459117696,0.319916974591177,0.41948543616013306,0.4285372582752236,0.2762224698979485,0.4328862236055486,0.43288622360554857,0.411379608214123,0.2904286656495908,0.4935248878713784,0.7208330505339605,0.7208330505339605,0.49087534845153363,0.805978085852381,0.850983323870842,1.0314336649187286,1.0314336649187286,0.4599906661500719,1.1181550678797096,1.0992849820459534,1.0122307478799335,1.067110969395193,1.2299672923368714,1.4909956728328184,1.5881998659296483,hjorth_mobility,hjorth_complexity,1.3513022754355104,1.0986329324384239,1.1456005667967128,0.7734261042617588,0.6143386477207057,1.114701726362352,0.3262908755134718,0.6866195491815432,1717,eeg_data_level_2.csv,8,TP9,200.0078125,210.00390625
0.16191203150219888,0.1619120315021989,0.11635205702736126,0.29370102742843346,0.18812783172594275,0.26348931512772983,0.26348931512772983,0.2806649359886117,0.2945097023388382,0.2389745628316598,0.33686974121695484,0.3368697412169548,0.38117923649291313,0.3897903062877718,0.28967810238782904,0.47523453853809156,0.4752345385380916,0.36536541700196096,0.829809476921897,0.4886138324707682,0.8055604349331648,0.8055604349331645,0.32156831286797694,1.1178189748400535,0.9376474891938921,1.039505674088406,1.059089241683689,1.1530953134618873,1.2168964892944625,1.4909947540280615,hjorth_mobility,hjorth_complexity,1.290018725529138,1.1934529829092757,1.1549042365257598,0.7538869184698828,0.45279940170649624,1.1412422436566936,0.297778234731731,0.6559340488248319,1717,eeg_data_level_2.csv,8,TP10,200.0078125,210.00390625
0.007651898228909851,0.007651898228909851,0.007287470659558069,0.010055396109234525,0.007907307107788142,0.021247760711064486,0.021247760711064486,0.016248164562613365,0.031058623093556868,0.024249984392384325,0.06644469911323665,0.06644469911323665,0.0608626812516591,0.0921067006009796,0.0741131533907566,0.1731747451815889,0.17317474518158893,0.1214358937966837,0.25734393376741144,0.2184579111174258,0.33728694668514025,0.33728694668514014,0.10445082300836259,0.5548336992296998,0.40734829329650335,0.6058928082691355,0.91122907395691,1.941463874599028,3.455575668416984,4.9096854267510865,hjorth_mobility,hjorth_complexity,1.804800544742666,1.4413478510540345,1.5628766797645184,0.20678971629735446,-0.009790257334194514,1.7251336241322113,0.020197388124176603,0.17082888463369642,1717,eeg_data_level_2.csv,9,AF7,210.0078125,220.00390625
0.026010692177427002,0.026010692177427006,0.021050140374014915,0.04455773540983776,0.02832522448519958,0.0593126899810837,0.0593126899810837,0.052093793452286354,0.053704959268381404,0.06609206914821084,0.0964576758968118,0.09645767589681181,0.09072730474809568,0.05504862484668294,0.10077415065747615,0.20521579855424665,0.20521579855424668,0.1279051483307358,0.21386358526763222,0.26048339861574843,0.42675355192337716,0.42675355192337705,0.16131234152463003,0.7846169098286029,0.4692748401307976,0.8536394110832681,1.0805832147087597,1.4199589977376974,2.144161881777455,3.1726825492077193,hjorth_mobility,hjorth_complexity,1.7588378823128865,1.4269337317880697,0.9167750385710757,0.1905070614707911,0.3010504130264813,1.0616206917736684,0.03834131522975025,0.2353678839986716,1717,eeg_data_level_2.csv,9,AF8,210.0078125,220.00390625
0.2906522795903087,0.2906522795903087,0.2606287769419977,0.41693214136530277,0.3235514987686349,0.49992851585484943,0.49992851585484943,0.4017947743023348,0.6326223975260598,0.5558008554098343,0.46545870045816246,0.4654587004581624,0.48544141839823596,0.2416463875990695,0.5485990927594137,0.5241673269133694,0.5241673269133694,0.29981704126313163,1.0606119619579564,0.6114946323780723,0.5814741119216416,0.5814741119216413,0.28708742890959243,1.2202756683709997,0.6922638530155789,1.0559919293446471,1.1621541022849815,0.9564057240031594,0.8499252476335278,0.707696389972661,hjorth_mobility,hjorth_complexity,1.3758156953980594,1.0825772936891478,1.1267415248509596,0.7929652900536348,0.25454669068905733,1.114701726362352,0.2791640474972116,0.6351019452124995,1717,eeg_data_level_2.csv,9,TP9,210.0078125,220.00390625
0.29705299310209915,0.2970529931020992,0.2651817413324793,0.4846529480090371,0.3094775455870252,0.46439767000781224,0.46439767000781224,0.4504629327823169,0.42760041044086244,0.4231332245945952,0.23461250757467192,0.2346125075746719,0.3248375859880431,0.2956994555907985,0.20153262991206947,0.42554496455935725,0.4255449645593572,0.28814209442379407,0.39822106317148187,0.562830155504204,0.6481798091190324,0.6481798091190323,0.3071653325043538,0.7294473026780899,0.7559387890389277,1.085817525124989,1.0780851650110048,0.5633387057471242,0.718228990955126,0.7892785847308892,hjorth_mobility,hjorth_complexity,1.3727515179027405,1.1813589971576222,1.010911768955761,0.7490021220219137,0.4650372233742394,1.0350801744793268,0.2807176013090437,0.636866671293987,1717,eeg_data_level_2.csv,9,TP10,210.0078125,220.00390625
0.0564273343935307,0.0564273343935307,0.04016856447140278,0.12780724285545414,0.060537944068615616,0.04822609910766964,0.04822609910766964,0.03406843790727546,0.07128035472149473,0.05377885950962738,0.0986488964241212,0.09864889642412118,0.11475136834551646,0.12248661779518269,0.0884440588151879,0.2612626573768288,0.2612626573768288,0.16099293693486189,0.6770226873330274,0.3045899152153297,0.45169886796377606,0.4516988679637759,0.19861057803320883,0.47597360478271916,0.5228318996891038,1.0526994006567323,0.6799426618286386,1.0123466355715396,1.8167595355961095,2.2520516841957883,hjorth_mobility,hjorth_complexity,1.213414288146173,1.3622654536018517,1.3757871529185837,0.3223965655659542,0.16888193901485535,1.4066474166001106,0.07252819122269519,0.3237182046354014,1717,eeg_data_level_2.csv,10,AF7,220.0078125,230.00390625
0.0160737930330865,0.016073793033086505,0.015529898363479986,0.021805048496914798,0.01469678699373506,0.025336769374817304,0.025336769374817304,0.027388876043007465,0.02389750619081348,0.024420614582251438,0.06214605264883844,0.06214605264883842,0.05831781790364043,0.04909072583173481,0.07623491165987427,0.19663470173889772,0.19663470173889774,0.1403086764574476,0.389421197474679,0.21896349374663793,0.4175403095612475,0.41754030956124744,0.21273247734118103,0.4770032672036083,0.4553704767920521,0.8028929390728714,0.7846160164880407,1.41319842410247,2.9181721659677433,4.395273362467275,hjorth_mobility,hjorth_complexity,1.6454633149860975,1.4633843019852224,0.9226294519877505,0.25889421174235716,0.1982527110174389,1.0616206917736684,0.03937015428805764,0.23850487375263327,1717,eeg_data_level_2.csv,10,AF8,220.0078125,230.00390625
0.11351634842507977,0.11351634842507981,0.08378590435912601,0.1524240658025805,0.11576203284201632,0.16170603466924693,0.16170603466924693,0.16170193958594015,0.12072820158964413,0.1449878157004515,0.31897561965089305,0.318975619650893,0.3059098067363422,0.2918451597621251,0.35765764959147384,0.5416617312630247,0.5416617312630249,0.30362750746126715,0.8373092277119761,0.6410143551403223,1.1796838107537493,1.179683810753749,0.5089558121094367,0.9990047871406941,1.3137067468112877,0.9719462513265399,0.8905514735680425,1.3554182942633688,1.6978588571641502,2.5711531412243445,hjorth_mobility,hjorth_complexity,1.5259603926686718,1.33201528029889,1.1192090948498874,0.7050389539901928,0.8639902097426658,1.2739448301284022,0.16537963881895718,0.48882647486800895,1717,eeg_data_level_2.csv,10,TP9,220.0078125,230.00390625
0.07989663041959158,0.0798966304195916,0.09540032508266799,0.10624748368086542,0.05129241236944245,0.12878722260482894,0.12878722260482892,0.13133083015463987,0.10236570812131869,0.11372096331789991,0.19241772877269073,0.1924177287726907,0.23404115382643453,0.17460519173176017,0.15333084675166592,0.3612895222703775,0.3612895222703775,0.2026129645922206,0.45302055248538337,0.48909769907025064,0.849750535391238,0.8497505353912378,0.3195846782534089,0.6051337647926514,0.9959854335937917,0.9066634655765295,0.9645659730119478,1.1637773681381978,1.5971494832774362,2.5861036260929273,hjorth_mobility,hjorth_complexity,1.6454633149860975,1.412125572851547,1.0780603992747242,0.5731494498950297,0.4111908080361696,1.3137556060699147,0.1262432258367248,0.4270883661022342,1717,eeg_data_level_2.csv,10,TP10,220.0078125,230.00390625
0.02814624566877001,0.02814624566877001,0.028713107056765563,0.021790786486774485,0.015625654696934558,0.035218903669259914,0.035218903669259914,0.029060170227348928,0.042597170295327266,0.04017036686469404,0.1257067851936191,0.1257067851936191,0.09322804757480346,0.12342724776387522,0.1486761212620125,0.2087067974399258,0.2087067974399258,0.14798490932779695,0.2681119846223534,0.2371668492637133,0.3560504116238833,0.35605041162388323,0.12103314918940107,0.47417057227473397,0.40089627511414894,0.8404846821133316,0.7691113819517651,1.8360071725591898,2.2334536414668054,2.79925584064097,hjorth_mobility,hjorth_complexity,1.366623162912103,1.3133418206544267,1.1992318412969203,0.2409832914331375,0.19580514668389026,1.3535663820114272,0.04152062343201183,0.24493205858489328,1717,eeg_data_level_2.csv,11,AF7,230.0078125,240.00390625
0.017456808420641935,0.017456808420641935,0.01262597447836523,0.0413521640153992,0.018896212695968997,0.047551842289079216,0.047551842289079216,0.03554209445923363,0.06896265448200958,0.053548843561803575,0.10832833746925104,0.10832833746925102,0.09415081908184662,0.13157265999228118,0.10195175488441488,0.22534356108053924,0.22534356108053924,0.14261967300289108,0.40461325792653036,0.27358402544512267,0.4877525253515626,0.4877525253515625,0.21137246418093228,0.6846503718070098,0.5510858286193656,0.7474742777289289,1.0717424980885408,1.8084518685546154,2.671688778664074,4.107333437627192,hjorth_mobility,hjorth_complexity,1.6699767349486467,1.4133142836134527,1.067227869991004,0.20678971629735446,0.2667845123568005,1.2341340541868895,0.03630688781995876,0.2290383526594833,1717,eeg_data_level_2.csv,11,AF8,230.0078125,240.00390625
0.3249765924684395,0.32497659246843946,0.25494372952454003,0.5266992801184185,0.38357690491287044,0.49328534831984877,0.49328534831984877,0.5070284595065339,0.41253333724021807,0.4654549510533502,0.42459354140664024,0.4245935414066401,0.4656617475701051,0.4535970489688688,0.4145138753286897,0.5321512704890402,0.5321512704890403,0.33590399151272915,0.8371515827781633,0.5761790641844227,0.7104841440936359,0.7104841440936358,0.34585275796067105,0.9535404578310597,0.8465508855864751,1.0994966246562277,1.0741292146518522,0.8668328285609119,0.8066558652577246,0.7910176625780961,hjorth_mobility,hjorth_complexity,1.170515803211712,1.0740000938449714,1.3179049030712369,0.7978500865016038,0.3304211850290648,1.380106899305769,0.3074802700344957,0.6665340289831388,1717,eeg_data_level_2.csv,11,TP9,230.0078125,240.00390625
0.347427111506719,0.3474271115067191,0.2926222740662779,0.5439667933123274,0.36254919741741376,0.4772278032800249,0.4772278032800249,0.5216945247189547,0.6157209072844424,0.46103487583414937,0.3640911797112827,0.3640911797112827,0.45811150096621517,0.27863593681500887,0.34479934708648974,0.4447002526995298,0.4447002526995298,0.31899758665027117,0.6175849966769963,0.5185953723647757,0.690248066096886,0.6902480660968859,0.29524317683263085,1.005291212756352,0.778409219224123,1.115678647427612,1.0309446245228486,0.735137521613742,0.6767258049062302,0.754020663352069,hjorth_mobility,hjorth_complexity,1.2685694830619074,1.1074092937527986,1.0141000004661158,0.7864522281230095,0.3475541353639052,0.9554586225963017,0.3152025145655572,0.6748519955795178,1717,eeg_data_level_2.csv,11,TP10,230.0078125,240.00390625
0.023701735692046474,0.023701735692046474,0.01954760781572262,0.04355134848516447,0.023463673594125562,0.03343080289876192,0.03343080289876192,0.029361654925205143,0.018950915248022275,0.04229463415915126,0.05905918455742444,0.059059184557424434,0.039449607173624585,0.05600166767074232,0.08237078961190886,0.19078090159100633,0.19078090159100633,0.10328779334723356,0.35088329093894555,0.2344311403496003,0.31851306640641325,0.31851306640641314,0.14858939735356624,0.4372267503420343,0.36143681760908614,0.9268644776199666,0.849711283940337,1.1816088964272429,2.4816512432703695,3.016551425740874,hjorth_mobility,hjorth_complexity,1.378879872893378,1.3838317723443536,1.240296636042864,0.2181875746759488,0.08811231600775062,1.380106899305769,0.03085766343953429,0.21115200940397424,1717,eeg_data_level_2.csv,12,AF7,240.0078125,250.00390625
0.014384125485975662,0.014384125485975662,0.0102884473298432,0.01546141689936535,0.017870245904656395,0.040814391956169184,0.040814391956169184,0.038249945967588767,0.03621079336818591,0.04255471097102913,0.09227838365616635,0.09227838365616635,0.10588745710891828,0.07773009479269029,0.07857025310989521,0.20484003004178292,0.20484003004178297,0.1131889870866038,0.20667681354139536,0.2646013857877744,0.39269229813445977,0.39269229813445966,0.1670979931762313,0.43690362558175033,0.44787461607577417,0.7223614477792009,1.041686352773491,1.7607579374265274,2.8425679512605653,3.9266806362708055,hjorth_mobility,hjorth_complexity,1.5841797650797262,1.421099534335271,1.1304238390222754,0.19702012340141645,0.12482578101098005,1.2739448301284022,0.03000255136018827,0.20820578569123233,1717,eeg_data_level_2.csv,12,AF8,240.0078125,250.00390625
0.39209049026656184,0.39209049026656184,0.2803237163535034,0.6916813105579233,0.42908518199414947,0.5542605223156952,0.5542605223156952,0.6168273718067451,0.38676149817387845,0.5674300893409385,0.4475984829313668,0.4475984829313667,0.41585307299899643,0.40219175106863525,0.417936132979001,0.44711063875820733,0.44711063875820733,0.32568509392873873,0.5382923923013023,0.6101351162765807,0.5905818722700551,0.5905818722700549,0.24669462415834753,0.5996199300227352,0.6859847600309319,1.1205549880876795,1.0389188236528888,0.7926330091118656,0.6088157607521816,0.5872573501326492,hjorth_mobility,hjorth_complexity,1.155194915735119,1.0370703252399367,1.214548403786724,0.8076196793975419,0.35979195703164835,1.2474043128340604,0.3157007655911069,0.6753851653824359,1717,eeg_data_level_2.csv,12,TP9,240.0078125,250.00390625
0.4137570384407326,0.4137570384407326,0.3039488811181707,0.8744344663068511,0.4777329751211957,0.5438498334605262,0.5438498334605262,0.5552712807675918,0.43332740019177185,0.57613442664527,0.3348270317024537,0.33482703170245376,0.2191576287399977,0.38157596499413066,0.43586001943252545,0.42169267340835104,0.421692673408351,0.29275703891378413,0.6345049923548678,0.5794636880931608,0.7086690972420322,0.708669097242032,0.2946593157955198,0.7321901186231817,0.8755558846757541,1.1315846722589844,1.0092631803937286,0.613412586064553,0.5606676536722919,0.6659547869103412,hjorth_mobility,hjorth_complexity,1.2195426431368102,1.1419694318207874,1.0111261821859896,0.8271588651894178,0.4160859367032668,1.0350801744793268,0.33268988677397493,0.6933196344099599,1717,eeg_data_level_2.csv,12,TP10,240.0078125,250.00390625
0.02494737010891149,0.024947370108911494,0.01753800756725881,0.044282347643928,0.027175986579637545,0.03870277575763477,0.03870277575763477,0.04692501441981989,0.05190193964362569,0.03284546910224564,0.0798604623643433,0.0798604623643433,0.04956623391888553,0.13311445152186133,0.0971567970721565,0.1752058690083199,0.1752058690083199,0.11415090275046216,0.30611918774968877,0.18799603121926461,0.34930908295537433,0.3493090829553742,0.13891022064186942,0.5759862214102381,0.4312652571444791,0.9122191430889655,0.8739917263722377,1.417018531316344,2.133165864819602,3.0337221974825894,hjorth_mobility,hjorth_complexity,1.394200760369971,1.3822766935811976,1.080959639039988,0.2133027782279798,0.13216847401162593,1.2208637955397188,0.038430798633198454,0.23564238221080697,1717,eeg_data_level_2.csv,13,AF7,250.0078125,260.00390625
0.01841364855314134,0.01841364855314134,0.013598856114776212,0.025838900894327877,0.021603049114132054,0.04915743794412594,0.04915743794412594,0.047896149661326,0.08337050265470383,0.05098117208040056,0.11380046273414787,0.11380046273414787,0.08922946070269469,0.09936346142769596,0.14076865646514278,0.19697339887587814,0.19697339887587814,0.13174236835048705,0.371649612082088,0.2339084419317822,0.40533415822648294,0.40533415822648283,0.19433251387119294,0.49377229339464696,0.46676169979354337,0.7714590300068904,1.1002480801084453,1.892052911138649,2.4278498359044067,3.5381378014782796,hjorth_mobility,hjorth_complexity,1.6240140725188674,1.3974230231179006,1.0392609269177167,0.2230723711239178,0.24720399768841148,1.1677827609510354,0.033940274303404676,0.22144780183779353,1717,eeg_data_level_2.csv,13,AF8,250.0078125,260.00390625
0.2662151800929915,0.2662151800929915,0.20469384453790704,0.44419173051655064,0.2871152123191726,0.4612344445411001,0.4612344445411001,0.46632071086192767,0.25701504045314544,0.4574917075106751,0.3710209667906308,0.3710209667906308,0.33032500180313357,0.2731795264967583,0.48979130730421355,0.4508708382496504,0.4508708382496504,0.34497691965890376,0.7868985078938072,0.5689730642263624,0.631063315531765,0.6310633155317649,0.22850909355593266,1.0364523110696953,0.7127812133725612,1.069572398702425,1.1326398009485226,0.8785557665803427,0.8034787292684927,0.8164591900435807,hjorth_mobility,hjorth_complexity,1.244056063099359,1.0656594450730053,1.2160306517696082,0.8173892722934798,0.3867151647006833,1.114701726362352,0.3580449815351982,0.7192543467288157,1717,eeg_data_level_2.csv,13,TP9,250.0078125,260.00390625
0.22724004917319568,0.2272400491731958,0.160180658263254,0.41615262424836197,0.2444936319417328,0.4090547366224389,0.4090547366224389,0.3679738666956154,0.3659333282290499,0.43820929584192997,0.2918180465650961,0.291818046565096,0.38036084197622766,0.3224110542434948,0.2506385374240411,0.3641825232707685,0.3641825232707685,0.17417568104319048,0.5880720042267498,0.4594009739192299,0.6369902597957134,0.6369902597957133,0.27159609782101013,1.1150770800512122,0.7436719822985829,1.0639805255602734,1.1703861371403301,0.8017833264352137,0.7599688230766763,0.9345362644540863,hjorth_mobility,hjorth_complexity,1.3267888554729619,1.1452869548053606,1.1935265849099699,0.7783109007097279,0.30839310602712716,1.1412422436566936,0.31258819866930077,0.672047529035523,1717,eeg_data_level_2.csv,13,TP10,250.0078125,260.00390625
0.051767398664595246,0.05176739866459525,0.048239416473729035,0.020519265057081557,0.06359402669185817,0.03414771756882203,0.03414771756882203,0.02711996291182047,0.03627691392858173,0.03729216183722442,0.09822819386873109,0.09822819386873108,0.076907890894276,0.11627872006539772,0.11455515971061261,0.19037359857727967,0.1903735985772797,0.09453192061700275,0.34078466157508147,0.2387063333222549,0.37576934890863384,0.3757693489086337,0.17285465195816,0.3483126982193661,0.4230643030013495,1.000589246543841,0.5779346365592475,1.1492561720662149,1.566994905972227,2.1748938299989953,hjorth_mobility,hjorth_complexity,1.3267888554729619,1.3629017765901479,1.0797384158591212,0.2930877868781402,0.2618893836897032,1.1412422436566936,0.06611302359282188,0.30907025429946655,1717,eeg_data_level_2.csv,14,AF7,260.0078125,270.00390625
0.020791030437364577,0.020791030437364574,0.016580616393916822,0.0366733751216235,0.0237797662211022,0.04037719739747067,0.04037719739747067,0.03240036658620083,0.07098299227778496,0.03787133642158278,0.05600133134140587,0.05600133134140587,0.048658134396837416,0.052988002815257756,0.06226717587467173,0.18009348309445203,0.18009348309445203,0.11175917604796368,0.4301065861413023,0.2107186362511267,0.36503544468925775,0.3650354446892577,0.14380425327022192,0.5829837205686055,0.41365109449097087,0.8691606606184119,1.0041657978495964,1.136238668434166,2.386743705855778,3.434588409713894,hjorth_mobility,hjorth_complexity,1.7894796572660734,1.4812395214893166,1.05670297708109,0.2230723711239178,0.171329503348404,1.194323278245377,0.03337799282955067,0.2196058010999015,1717,eeg_data_level_2.csv,14,AF8,260.0078125,270.00390625
0.3316293635888838,0.3316293635888838,0.27022137242385436,0.39036374474076546,0.3561693058655614,0.6387368986343175,0.6387368986343175,0.7579468772672976,0.763852049344927,0.5041285180025816,0.663702810537266,0.6637028105372659,0.6825531859882078,0.47505254244440176,0.8004031894216221,0.4327177259929926,0.43271772599299285,0.3790435241013033,0.6707419257856598,0.49828499236673257,0.6611656210107614,0.6611656210107613,0.2430394935100534,0.8670814631147684,0.7688301329683829,1.0483836265304116,1.2069472374407804,1.14515763111955,0.6262630730673405,0.6893789381322257,hjorth_mobility,hjorth_complexity,1.2409918856040403,1.051210443994646,1.0824978209090188,0.8515828474292628,0.38426760036713464,1.0881612090680102,0.33670084778164894,0.6974864976106384,1717,eeg_data_level_2.csv,14,TP9,260.0078125,270.00390625
0.3281074716280537,0.32810747162805376,0.27738434656731886,0.48940810333285595,0.33133057116261394,0.583062625503883,0.583062625503883,0.6832234973240101,0.5468423145692416,0.495692434744938,0.44108854106639195,0.4410885410663919,0.5197151135761114,0.26334178705453837,0.4182578809573959,0.43519813548658276,0.43519813548658276,0.4103269438509774,0.39958381511608115,0.531055154161299,0.6434554651701628,0.6434554651701626,0.3777420999968494,1.1318922343244655,0.7105497402644516,1.071065315732141,1.167942676148364,0.8429921033085191,0.6587207472382013,0.7020320271794747,hjorth_mobility,hjorth_complexity,1.2317993531180844,1.1372364034017046,1.1075468795883265,0.8385567235680121,0.5115409457116633,1.194323278245377,0.32650597728966174,0.686845833093616,1717,eeg_data_level_2.csv,14,TP10,260.0078125,270.00390625
0.022131791035372834,0.022131791035372834,0.01908198611337211,0.023024471871631754,0.02702228678975414,0.03994566264808595,0.03994566264808595,0.026273330750283302,0.08565280952078405,0.04539059328823969,0.07288900404600973,0.07288900404600972,0.05977609782233182,0.0563047190914417,0.0731769082198755,0.1725889983074769,0.17258899830747687,0.11017019125075014,0.2904216702572964,0.21153992885520867,0.29887358404266884,0.29887358404266884,0.13196332849494283,0.45809835857586845,0.30572545979022864,0.8649177719248861,0.9913861669014709,1.3756866912816104,2.254593792443648,2.81662332899227,hjorth_mobility,hjorth_complexity,1.366623162912103,1.328714588394677,1.0395033070910185,0.2523811498117318,0.12482578101098005,1.1412422436566936,0.03505519315682134,0.22505563011062954,1717,eeg_data_level_2.csv,15,AF7,270.0078125,280.00390625
0.017206310351427816,0.017206310351427816,0.010493835663756433,0.046193736170083155,0.018543034953964928,0.046595915409816765,0.046595915409816765,0.037222060189031084,0.0926056436266407,0.05312490376711158,0.1154473262179774,0.1154473262179774,0.09789912757497098,0.13036773328801018,0.11746498250788076,0.20733650272947637,0.20733650272947637,0.12001581707070827,0.5186975417180304,0.2601199052492285,0.33419475070949556,0.3341947507094955,0.14255466021110805,0.3316433380545225,0.3831787489447445,0.7769932076815194,1.1132186343345347,1.995751723624593,2.6673006118865406,3.1603658894326827,hjorth_mobility,hjorth_complexity,1.4125858253418828,1.3211242436011008,0.9863101813656259,0.20678971629735446,0.15664411734711223,1.114701726362352,0.038780180561468786,0.23671109429664228,1717,eeg_data_level_2.csv,15,AF8,270.0078125,280.00390625
0.2756839584692482,0.27568395846924826,0.2339010353229191,0.41207926232430453,0.31062819984457,0.4731776869546086,0.4731776869546086,0.4652071084213577,0.6171799734692942,0.49943889393850854,0.46060287721592186,0.4606028772159218,0.41026549955351443,0.3279580662734811,0.5970878076812951,0.4106333400014256,0.4106333400014256,0.27482728214383617,0.8098563831435781,0.459534314151326,0.5844022578747834,0.5844022578747833,0.21370986781367582,0.6421535834493767,0.6831950498986035,1.0564238369282979,1.1516354058897942,1.0173261363934307,0.7209631855085097,0.7432057628113451,hjorth_mobility,hjorth_complexity,1.1674516257163934,1.0239949505643628,1.0394380508905139,0.7522586529872265,0.2937077200258354,0.9554586225963017,0.32430362725415024,0.6845254553430671,1717,eeg_data_level_2.csv,15,TP9,270.0078125,280.00390625
0.2621902336220187,0.26219023362201876,0.21855341828991787,0.3680162772583582,0.29528159144761246,0.43878471330206914,0.43878471330206914,0.48129853268136424,0.44507693136522913,0.4662259600669542,0.33734321754054963,0.3373432175405496,0.2596653190068241,0.37511927634511205,0.38696742774858844,0.3397808973009127,0.3397808973009127,0.16361171620881634,0.6267076893021027,0.44513268647997223,0.5801610546403926,0.5801610546403925,0.2594654208762472,0.8476147149058281,0.6794506370873199,1.0691255195532023,1.1292182866382114,0.8405597063681961,0.6510166135829533,0.7850409152790871,hjorth_mobility,hjorth_complexity,1.2593769505759516,1.1223068360882082,1.1952325684374403,0.7587717149178518,0.32063092769487034,1.1545125023038645,0.3105881939909636,0.6698941287011747,1717,eeg_data_level_2.csv,15,TP10,270.0078125,280.00390625
0.05849973128769375,0.05849973128769374,0.050735279335863304,0.07663569388383751,0.060151653060281716,0.04432134396768371,0.04432134396768371,0.030146112181138073,0.09619478903497455,0.050402227344646444,0.1683116990892438,0.1683116990892438,0.12629164474973756,0.10359821577547379,0.20813374065765336,0.21467992032877617,0.21467992032877625,0.12788129606821466,0.3909739687524017,0.2440143971406079,0.41927277089847387,0.41927277089847376,0.17577996788700986,0.557004290842358,0.4579116281827275,1.0509762939547296,0.6470689377026015,1.5745479537348173,1.5420815679603581,2.1253744743831833,hjorth_mobility,hjorth_complexity,1.2593769505759516,1.3080046123420679,1.1683749807727266,0.3321661584618922,0.29615528435938404,1.3004853474227438,0.06892051836249549,0.31556437413490546,1717,eeg_data_level_2.csv,16,AF7,280.0078125,290.00390625
0.06966263950569432,0.06966263950569432,0.07716341168749231,0.03874541587219046,0.06725009089534026,0.06485020313157072,0.06485020313157072,0.05708984165635119,0.07616723107086147,0.06138058494891883,0.0924654206279351,0.09246542062793509,0.06994623612938529,0.15782443202284993,0.10471850744309966,0.2628792203786929,0.26287922037869293,0.1519941366917642,0.6797657053655556,0.3234030960322477,0.47166084145681425,0.47166084145681403,0.19573757270511152,0.6313107360771248,0.5325633803724293,0.9877267821162721,0.7558270675507103,0.8788791615887462,1.6288897321323577,2.0836695815371686,hjorth_mobility,hjorth_complexity,1.2869545480338194,1.3544092112709911,1.127384764541645,0.4070663706640836,0.22762348302002244,1.2474043128340604,0.07745096494557087,0.3345238729472929,1717,eeg_data_level_2.csv,16,AF8,280.0078125,290.00390625
0.27296037415645596,0.2729603741564559,0.17842079693377452,0.5636890545541284,0.3474988602990403,0.49252182551312934,0.49252182551312934,0.4122500996423196,0.4774035584061994,0.5931250555066789,0.5905589647808246,0.5905589647808245,0.4377574639143686,0.44769345094113316,0.8282070821940575,0.5278958067342371,0.5278958067342371,0.31526215526130674,0.6548188483978775,0.6593439130622191,0.7197834622832322,0.7197834622832321,0.29267306106662894,0.8673000315991751,0.799609405611357,1.0530326483930608,1.1736470445500728,1.2058492921396313,0.8663847082838433,0.86368045482732,hjorth_mobility,hjorth_complexity,1.1613232707257561,1.0654730107225152,0.9980469751420488,0.8141327413281672,0.42832375837100994,0.9023775880076182,0.354994615883499,0.7161839480308864,1717,eeg_data_level_2.csv,16,TP9,280.0078125,290.00390625
0.3109309448163355,0.3109309448163355,0.2532895088492622,0.5440986646830157,0.3874617918804945,0.4528148695012385,0.4528148695012385,0.40991174041641154,0.35307814393893666,0.5807653781859993,0.47728224334569325,0.47728224334569325,0.6062097807235901,0.2822417434015087,0.41100417349268503,0.3468396505772476,0.3468396505772476,0.19210765528037443,0.7752661156596679,0.4380074556153968,0.6821976421445624,0.6821976421445624,0.2770805177082492,0.6365215501740699,0.7960195621671373,1.0950072650040383,1.055909729904219,0.9616680618835949,0.5863473641342695,0.79830994694627,hjorth_mobility,hjorth_complexity,1.1766441582023492,1.140574897992558,1.0017199669990073,0.7701695732964461,0.45279940170649624,0.9023775880076182,0.36032366147340755,0.7215394661078582,1717,eeg_data_level_2.csv,16,TP10,280.0078125,290.00390625
0.11833643328555012,0.1183364332855501,0.13312211844322447,0.09357052763406072,0.09756780884458849,0.08099486892768983,0.08099486892768983,0.10125397886559265,0.07502738332989974,0.08011534895748862,0.1296788482686259,0.1296788482686259,0.12195904495567488,0.20189583300642605,0.13247971573691691,0.2539681015705996,0.2539681015705996,0.14861088732783123,0.5516337261138875,0.312833776728918,0.44954177670487777,0.4495417767048776,0.21630114096502875,0.6261880260171929,0.4614672716274771,1.0502743302147808,0.6455765753331024,0.8198059930735316,1.1171475917412574,1.3907417413944632,hjorth_mobility,hjorth_complexity,0.9927935084832321,1.2680757223481118,1.0422161005691273,0.2409832914331375,0.6167862120542543,1.3270258647170856,0.12419549082141162,0.4236103999333509,1717,eeg_data_level_2.csv,17,AF7,290.0078125,300.00390625
0.023293736675444446,0.023293736675444453,0.014383544887798574,0.05103959715468237,0.028815138986938674,0.051983124445032544,0.051983124445032544,0.04450424509453235,0.0946526551481581,0.04812005654677288,0.09910054502578255,0.09910054502578254,0.0619579598467045,0.19521193570586942,0.10828720575444997,0.19015237461878454,0.19015237461878454,0.13692613505528473,0.360266516496969,0.23020628176762148,0.3667111372138332,0.366711137213833,0.1546448884429574,0.5772893994319978,0.44276709195532027,0.8631749027573885,1.0804990890145583,1.62795767505507,2.2050188767574475,3.0427106488587103,hjorth_mobility,hjorth_complexity,1.4156500028372019,1.378908651580372,1.900353781829877,0.29145952139548387,0.2398613046877656,2.1497819008416785,0.042020611096725155,0.246402370551754,1717,eeg_data_level_2.csv,17,AF8,290.0078125,300.00390625
0.26421651164212057,0.26421651164212057,0.16589425793388857,0.5776295426275475,0.31327821692880914,0.5613121561406625,0.5613121561406624,0.5404872018774057,0.43651586444150414,0.5478974970133034,0.55321477927441,0.55321477927441,0.45662006953784484,0.6000112856506102,0.5955166899092896,0.4589748394396699,0.4589748394396699,0.32842786291709447,0.977332058319567,0.4947617245852305,0.6022845999626635,0.6022845999626634,0.21735365977303023,0.6317208824577916,0.719098878933452,1.042183004584704,1.2611957688008617,1.1661012729945912,0.7737766712169022,0.7470643265722112,hjorth_mobility,hjorth_complexity,1.2746978380525449,1.071610157377354,1.0885480029272068,0.7669130423311334,0.3255260563619676,1.0881612090680102,0.2947691641190292,0.652611503354577,1717,eeg_data_level_2.csv,17,TP9,290.0078125,300.00390625
0.2662075566615751,0.26620755666157514,0.17136640794801386,0.4868165134862266,0.31900533850660434,0.4643459148040124,0.4643459148040124,0.46482361911180486,0.35551671309753385,0.4406533599867323,0.45906046599511496,0.4590604659951148,0.3966099944350684,0.21539820321819997,0.5915709417938032,0.4196376223314329,0.4196376223314329,0.29109136627188026,0.5547602343972193,0.47011568994898306,0.6225035175211118,0.6225035175211118,0.24800386453884432,0.7904555449021645,0.7828597979199458,1.0734654579928231,1.1350492438846838,1.0132407104199725,0.7447056239785631,0.8017103662911543,hjorth_mobility,hjorth_complexity,1.3727515179027405,1.1195837360207983,1.0335463482164082,0.7701695732964461,0.3548968283645511,1.0350801744793268,0.27878363059160777,0.6346690709163165,1717,eeg_data_level_2.csv,17,TP10,290.0078125,300.00390625
5.023618277835741,5.02361827783574,4.334487362262142,5.81197172972933,5.707911559680095,2.845299978354328,2.845299978354328,3.4296072816030496,2.1169275328898793,2.452824552329163,1.7587282477836708,1.7587282477836703,1.5876855362578628,0.9103814774673544,2.106857845259056,0.6668578882951461,0.6668578882951463,0.5146758046251884,1.0158601459754584,0.8205428163797145,1.696940730494589,1.6969407304945885,3.8191571391427104,1.0817644956260952,1.1557788557284616,1.2186518502878307,0.612630209048526,0.35490203308740276,0.1114633055098173,0.17896797307913825,hjorth_mobility,hjorth_complexity,0.4136639618680134,1.1205045074007096,0.5316888770806241,3.334687708480173,1.6986096474827481,1.6189715549548445,4.028971220543335,2.412741433454974,1717,eeg_data_level_3.csv,0,AF7,120.0078125,130.00390625
0.08352075726653602,0.08352075726653603,0.06861819187446724,0.11923011646974888,0.09297636484091434,0.13899672477037806,0.13899672477037806,0.11876169946268615,0.09585707544432952,0.16964563561355994,0.14131512325420403,0.14131512325420398,0.07738345897535859,0.2721021871455095,0.17207338804103847,0.3688605901945259,0.3688605901945259,0.3154882058093427,0.6315073693704835,0.35471430807086024,0.8583952836334063,0.8583952836334061,0.36559827089113167,1.054623840878627,1.0021994826339684,0.9563417678250257,0.9892690208813785,0.9324639995274955,1.5665776761192385,2.5522025121627556,hjorth_mobility,hjorth_complexity,1.1245531407819327,1.3038037750130518,1.0854250276173563,0.4217207600079906,0.4038481150355237,1.2739448301284022,0.10561930042595823,0.3906477641760871,1717,eeg_data_level_3.csv,0,AF8,120.0078125,130.00390625
0.2843988491849834,0.2843988491849834,0.19194165050809678,0.5382583739037864,0.39024193321558964,0.5829057454544152,0.5829057454544152,0.46331423854206055,0.2828970190246563,0.737141231598428,0.33282046507441704,0.33282046507441704,0.22633727254323338,0.5438758068763122,0.36436452975725897,0.5230973345913855,0.5230973345913856,0.36611358473826766,0.6652169243813048,0.6422332219174111,1.0764805730436193,1.076480573043619,0.45692016583771805,1.3437056486576622,1.0631820259824647,1.0189163203763176,1.2215427268367327,0.7232352882136764,0.8016754426919912,1.134129595272656,hjorth_mobility,hjorth_complexity,1.0081143959598253,1.0769599563004888,1.0872894904889088,0.8988025464262965,0.572730054050379,1.1677827609510354,0.3996344144082724,0.7598802201619682,1717,eeg_data_level_3.csv,0,TP9,120.0078125,130.00390625
0.20640966864878557,0.2064096686487856,0.14868007849197243,0.4030878762619054,0.2366247129524186,0.4960115542572902,0.4960115542572902,0.5140567979656663,0.38756981183011635,0.5404556264844769,0.4764691257538495,0.4764691257538494,0.4080035681859936,0.9097577939588535,0.49620949002116643,0.48632058814201784,0.48632058814201784,0.30825403646555594,0.6903971728533136,0.5777587585487525,0.9115448056849889,0.9115448056849885,0.5367273614294492,1.1224372307520603,0.9372251377294302,0.9728811191223017,1.2795805605818078,1.1639581523208538,0.9117459679124648,1.202578925953913,hjorth_mobility,hjorth_complexity,1.1919650456789423,1.0777128335968582,1.080092663804716,0.8808916261170768,0.42098106537036406,1.2208637955397188,0.3277560442560279,0.6881594124763168,1717,eeg_data_level_3.csv,0,TP10,120.0078125,130.00390625
0.1852413072497342,0.1852413072497342,0.23941928307526847,0.167536278301507,0.13546601891912818,0.19364836230452356,0.1936483623045235,0.15813283652147037,0.21435812628943524,0.2197820463132869,0.8433216583929871,0.843321658392987,0.9498356179921599,0.4833029876128546,0.8531963147440303,1.8816716491238215,1.8816716491238215,2.146091575913972,0.753611805586995,1.76437726722078,1.0549163579157268,1.0549163579157264,0.6857532717868027,0.7470406945437292,1.0078551912954956,0.8618901855866162,0.6952581450881667,1.8865552140304345,2.9080107557082373,1.4462923191621535,hjorth_mobility,hjorth_complexity,0.9100607161096295,1.2676566270638843,1.38330093829094,0.4787100519009623,1.211544345106571,1.5128094857774776,0.30247514479975046,0.6610868924587819,1717,eeg_data_level_3.csv,1,AF7,130.0078125,140.00390625
0.054699991252308344,0.054699991252308344,0.052586021121610226,0.09756437150913766,0.0470741318081094,0.07641863042723873,0.07641863042723875,0.05543084988573698,0.09753165935603926,0.08119914345237596,0.1371090184118034,0.1371090184118034,0.12093786147116405,0.1749447535283208,0.10649092905200447,0.29311904882868156,0.29311904882868156,0.16322993205757994,0.5975849925430539,0.35540495496667207,0.5702909141214169,0.5702909141214167,0.21657227247170327,0.3851829419646045,0.6713655750284647,0.9600588035529054,0.9111253009155517,1.2559046595823014,1.9017930348070538,2.6130139744105407,hjorth_mobility,hjorth_complexity,1.2379277081087217,1.3393858514832524,0.8562918630179128,0.2605224772250135,0.27167964102389774,0.9819991398906434,0.05855898230714054,0.2908777217347661,1717,eeg_data_level_3.csv,1,AF8,130.0078125,140.00390625
0.4571917073440273,0.45719170734402725,0.3073728787223611,0.7140058767752441,0.5394921861688201,0.8396384099325165,0.8396384099325165,0.9269918614857425,0.7556255267740395,0.8958454920524357,0.558157430643919,0.558157430643919,0.639171354622565,0.4274104583992013,0.5757659726337022,0.5097548892159443,0.5097548892159445,0.3056847518355321,0.803299560932547,0.6481476722941011,0.7493723558832569,0.7493723558832567,0.2882145976628846,0.9508764417519222,0.8674693340972778,1.0857821229591755,1.1939541482564822,0.793848847405002,0.5689019472595479,0.5998624704102968,hjorth_mobility,hjorth_complexity,1.3359813879589175,1.0942818755839678,1.0482569602729574,0.8776350951517642,0.3548968283645511,1.008539657184985,0.38106798222205207,0.7420188360255003,1717,eeg_data_level_3.csv,1,TP9,130.0078125,140.00390625
0.46568801219767963,0.4656880121976797,0.3172484161355374,0.739406035693338,0.517500694694429,0.7827333752371679,0.782733375237168,0.8316270022826578,0.7479461747832084,0.890450137670012,0.5442102735217407,0.5442102735217406,0.666029267498369,0.2883563436624514,0.5742869452506136,0.396475523263704,0.39647552326370394,0.21343645281537182,1.142451784670998,0.5112534368518071,0.6393800478818383,0.6393800478818382,0.26421595717379964,0.9114624646214238,0.7225792130168874,1.105359283143834,1.1594949255429028,0.7776156581928696,0.4658850644529385,0.527544734055938,hjorth_mobility,hjorth_complexity,1.3819440503886966,1.1268720505104273,1.0192552403059583,0.8580959093598882,0.3353163136961621,0.9554586225963017,0.3703959873269704,0.7315547529412462,1717,eeg_data_level_3.csv,1,TP10,130.0078125,140.00390625
3.389035027619521,3.3890350276195202,3.9815886934014517,2.753150144068479,1.9405495689149135,1.8403076649422452,1.8403076649422452,1.9849651367892862,0.9348889114001392,1.3851789659690976,0.6516957979087511,0.6516957979087512,0.583318820130328,0.5091545776916968,0.8045428280008733,0.3878964981396265,0.3878964981396265,0.33555514006472154,0.3486791415817785,0.4622036984139864,0.752388657526387,0.7523886575263868,0.5102705624129711,0.8844765944801147,0.8170256690518873,1.1105857559408279,0.5942600601242931,0.2163102229017722,0.09850267071885316,0.12937534919920315,hjorth_mobility,hjorth_complexity,0.9345741360721784,1.0612285397648724,1.4726926106675242,2.445654754949814,1.994764931842132,1.658782330896357,2.2742590719995435,1.8127322764743767,1717,eeg_data_level_3.csv,2,AF7,140.0078125,150.00390625
0.0368674868333743,0.036867486833374305,0.028465898927990646,0.05475445841077476,0.04461214419841028,0.052645442995851596,0.052645442995851596,0.060686459412614226,0.052620288156464926,0.05805441841057645,0.09612282946001295,0.09612282946001295,0.06134727677460022,0.1324309678689793,0.11611549117175067,0.3293569913169557,0.3293569913169557,0.19666358906817688,0.5497370379650318,0.43285138704459075,0.8398703592069964,0.8398703592069963,0.46119534337497087,1.3120664172666028,0.8482559176496052,0.8681147304937429,0.7799660759038797,1.1287462197148832,2.4598390517780233,4.249992874038989,hjorth_mobility,hjorth_complexity,1.5964364750609998,1.4939839561562542,1.0603013904231864,0.3565901407017372,0.32307849202841893,1.0881612090680102,0.06854069626464022,0.3146936326101723,1717,eeg_data_level_3.csv,2,AF8,140.0078125,150.00390625
0.3200726270472065,0.3200726270472065,0.21769437089775537,0.6275451725814247,0.3888488639251204,0.49881850735733435,0.49881850735733435,0.4197275269293992,0.7541900999034714,0.46747934003273267,0.5254730389992132,0.525473038999213,0.5962512563269734,0.5616904376626534,0.45912261818813976,0.6144566518061728,0.6144566518061729,0.33078249054540926,1.1381589155764356,0.7731660921443839,1.1813885716129908,1.1813885716129904,0.42965195636427067,1.621940773755057,1.3765164570569655,1.074064093436025,1.0829488490724986,0.9927457401053214,0.8954970908795311,1.2041816156714424,hjorth_mobility,hjorth_complexity,1.4708051977529366,1.2565853343334215,1.1630332946457287,0.9020590773916092,0.49685555971037154,1.2739448301284022,0.32937375656333256,0.6898556034157561,1717,eeg_data_level_3.csv,2,TP9,140.0078125,150.00390625
0.29600187353260987,0.29600187353260987,0.20815482937397325,0.531227953203721,0.35852644878993506,0.5206626537280249,0.5206626537280249,0.4732651529344069,0.7906662951726378,0.43224111191079556,0.4116112907280011,0.41161129072800107,0.5197447714776559,0.15016953292631469,0.38966128449613646,0.5706785515728734,0.5706785515728734,0.31089549866942745,0.9531673180058902,0.7165824519393903,1.0623517208284634,1.0623517208284634,0.4897672540863411,1.608058440213506,1.100565851454707,1.0649962962254649,1.157058218549472,0.8278939872066428,0.8869962278874283,1.1545190067094036,hjorth_mobility,hjorth_complexity,1.4891902627248481,1.277444769301132,1.065456630263029,0.8434415200159812,0.4356664513716558,1.1677827609510354,0.3103430359032656,0.6696296911152717,1717,eeg_data_level_3.csv,2,TP10,140.0078125,150.00390625
0.013627566153890972,0.013627566153890974,0.017870479341522943,0.01140448915676386,0.013463735111268329,0.01852018896777031,0.01852018896777031,0.012388116495191488,0.03865470324798994,0.019853781847173613,0.0421130499708017,0.042113049970801696,0.03306718519439534,0.04409589576981608,0.052817752993344264,0.15008452479255835,0.15008452479255835,0.08324440620020797,0.2721290442387997,0.18308958964340227,0.32642994482709425,0.32642994482709425,0.22711781841376907,0.4996614938787139,0.35559497840036053,0.807282181783234,0.7569175346018899,1.2398650127575452,2.82343393598807,4.2774820539752785,hjorth_mobility,hjorth_complexity,1.5290245701639904,1.4460370270258496,1.7249637595029341,0.3386792203925175,0.004895128667097257,1.85783621060392,0.03056502769921107,0.21014840425592085,1717,eeg_data_level_3.csv,3,AF7,150.0078125,160.00390625
0.026093593245572436,0.026093593245572436,0.019952662314520496,0.05349582750709755,0.02510865129487772,0.056612711585293955,0.056612711585293955,0.06092790343769892,0.06589472882522228,0.0636737170089018,0.07609811711398737,0.07609811711398735,0.048641365233146154,0.10541843164886265,0.08687554133869911,0.24189988404771598,0.241899884047716,0.13384638618569186,0.5407020216535757,0.2908518986548771,0.2964539269802841,0.2964539269802839,0.13604126739565536,0.4675776205203103,0.322275124661486,0.886705171926874,1.0856406952534796,1.2636493708494219,2.5754242666751095,2.421913877204235,hjorth_mobility,hjorth_complexity,1.3022754355104127,1.2729790133985899,0.9584923953220627,0.25400941529438814,0.2153856613522793,1.0616206917736684,0.04498865367671922,0.25495597722847096,1717,eeg_data_level_3.csv,3,AF8,150.0078125,160.00390625
0.23519441618010511,0.2351944161801051,0.17449017121054486,0.4931106759395488,0.26076281382100147,0.3593758433955584,0.3593758433955584,0.324319596560842,0.4324013839745952,0.4120920569902442,0.3667949432515612,0.3667949432515612,0.3680160720741311,0.2728286500561212,0.3958214901611318,0.48653708545161384,0.48653708545161384,0.26287002676038584,1.1135705649799368,0.5862766466947902,0.6077068266251053,0.6077068266251052,0.19730500570791962,0.6953927325840982,0.7134308109016646,1.0919537197507507,1.0811241232042077,0.9743135162326774,0.9724136319200483,0.9017801516032355,hjorth_mobility,hjorth_complexity,1.5259603926686718,1.168505759996506,1.1199175907410774,0.96393316573255,0.3353163136961621,1.0881612090680102,0.23737860915620576,0.5856450679237308,1717,eeg_data_level_3.csv,3,TP9,150.0078125,160.00390625
0.231295531142143,0.23129553114214293,0.18302582571684362,0.30320588554886907,0.2740297590748413,0.3630291453229094,0.3630291453229094,0.3896086431505992,0.316694609480388,0.4156694277833344,0.22997375897427744,0.2299737589742774,0.24401860921045018,0.15635883438164017,0.1327327290229462,0.39160901878643706,0.3916090187864371,0.27341618784393856,0.4762978564724471,0.5082890818931493,0.5921741538393526,0.5921741538393523,0.2052345480340886,0.7636378179181218,0.694131375748159,1.089176106256995,1.0952782542440263,0.6669217781824598,0.8280183173228527,0.904890911129367,hjorth_mobility,hjorth_complexity,1.5504738126312205,1.2177207656217093,1.0126084301688738,0.8874046880477022,0.3940578577013292,1.008539657184985,0.2284000902186848,0.5744627002521221,1717,eeg_data_level_3.csv,3,TP10,150.0078125,160.00390625
0.02217156282759289,0.022171562827592892,0.02601616493059733,0.02043589940569258,0.0248391877398259,0.019612167272168933,0.019612167272168936,0.01795184489573814,0.02044687085425353,0.020774665939122926,0.03194780008724401,0.031947800087244,0.0225664763101294,0.054365084576087304,0.03262352701443269,0.12614318559543594,0.12614318559543594,0.06663251703760892,0.23144175482146867,0.156646473696659,0.3152206023690028,0.3152206023690026,0.2541932634253886,0.3288681494563062,0.34223309221123865,0.941756016384065,0.6398935098589519,0.8189876420162255,1.990472506893426,3.360573019855205,hjorth_mobility,hjorth_complexity,1.434035067809113,1.4730748403786857,1.7029724199329725,0.34682054780579924,0.022028079001937654,1.8047551760152365,0.03737560092761053,0.2323848394583152,1717,eeg_data_level_3.csv,4,AF7,160.0078125,170.00390625
0.028865038817652646,0.028865038817652643,0.026986978250178314,0.03347427912523364,0.03131759612895337,0.0388369884585992,0.0388369884585992,0.03652313442483204,0.04129337575092254,0.04063666862479721,0.08117684100126707,0.08117684100126706,0.05865095073523172,0.16730589140848703,0.0904517628088546,0.19610218142096797,0.19610218142096797,0.10907269579583488,0.3949616782784281,0.248610033742717,0.2577932846261913,0.2577932846261912,0.10352406092616158,0.2552814479916865,0.29748703706640867,0.9290676230363,0.8532296255290801,1.3762464548559359,2.2514085858690356,2.2286269132763254,hjorth_mobility,hjorth_complexity,1.1092322533053396,1.2649005327041296,1.0514545140976697,0.2426115569157938,0.14440629567936908,1.1412422436566936,0.04407110300999294,0.25234265015698015,1717,eeg_data_level_3.csv,4,AF8,160.0078125,170.00390625
0.253188845496135,0.253188845496135,0.21253115183615567,0.5293238535275145,0.22770423330402012,0.365171530604838,0.365171530604838,0.28232249334903364,0.2429636969546909,0.4296766846739937,0.2730416009536242,0.2730416009536241,0.2642305046393028,0.13318296272774707,0.264249273001965,0.5317382012591512,0.5317382012591513,0.2577869111441742,0.9545117353503352,0.6564948015076347,0.621214388416647,0.6212143884166469,0.3264671651381469,0.9924214924854686,0.6832773082700511,1.0887966007276455,1.0353239269742454,0.7235213990804985,1.0010909471099918,0.8720254086344168,hjorth_mobility,hjorth_complexity,1.4095216478465642,1.161472105717534,1.2478104214152206,1.0160376611775526,0.23496617602066833,1.194323278245377,0.26407613693837595,0.6177009636336542,1717,eeg_data_level_3.csv,4,TP9,160.0078125,170.00390625
0.22536757422818712,0.22536757422818715,0.18073940374582506,0.40211731025215397,0.2361278448334385,0.32394128299692254,0.32394128299692254,0.27439735742969007,0.20104574346766357,0.3888245532665731,0.28055678150571406,0.280556781505714,0.21224876823016778,0.3247156507013541,0.33095291861145193,0.4243020732337682,0.4243020732337682,0.2612039235643458,0.7652386547879713,0.5248771744845808,0.617138977803244,0.6171389778032438,0.2504037622914634,1.0997745530484886,0.7189939851832103,1.0951902940111629,1.02543753306037,0.836785889718761,0.9110438038677254,0.9624247186466658,hjorth_mobility,hjorth_complexity,1.5198320376780345,1.210214591331422,1.0797663828021944,0.9785875550764569,0.2398613046877656,1.0881612090680102,0.23073007400805567,0.5773854059505792,1717,eeg_data_level_3.csv,4,TP10,160.0078125,170.00390625
0.03471977330754506,0.03471977330754507,0.035771419763935115,0.03568613940146169,0.03870488275323273,0.03858389567338593,0.038583895673385944,0.06222396565772735,0.03428568522424055,0.02501842538362653,0.055272628197780206,0.0552726281977802,0.037856948352990714,0.07893339868016415,0.06239702251309873,0.2237177710664687,0.22371777106646873,0.13319876542313633,0.46171552736310273,0.2515562747955616,0.3229367669947806,0.32293676699478047,0.46789459155922375,0.31622595695030553,0.315049745002922,0.9561810419224132,0.7112227991017774,0.8885477866349405,2.1976596528735195,2.3086151692716532,hjorth_mobility,hjorth_complexity,1.3696873404074221,1.3773406745643353,1.3729158800963928,0.3940402468028329,0.15664411734711223,1.565890520366161,0.05593885622966762,0.28429583081138504,1717,eeg_data_level_3.csv,5,AF7,170.0078125,180.00390625
0.02135265968056151,0.02135265968056151,0.019207160385052328,0.030858877764187866,0.026347994722992967,0.034653980072881736,0.034653980072881736,0.03140603605208269,0.04460600730311764,0.025360312833463128,0.06650960460051447,0.06650960460051447,0.04931490431696994,0.11274659678702559,0.07769334342140584,0.2493016363387843,0.24930163633878427,0.18115130179871278,0.1933193731488289,0.3277630810922707,0.277192514567305,0.2771925145673049,0.11365197697628707,0.30999529774251183,0.3250147288746552,0.8711514268652197,0.8775669382561507,1.3341193990718525,3.0845645636816754,2.7332022990320377,hjorth_mobility,hjorth_complexity,1.2471202405946777,1.2881973578960186,0.9532252877099266,0.23609849498516847,0.16888193901485535,1.0350801744793268,0.0384253912996922,0.23562580381771903,1717,eeg_data_level_3.csv,5,AF8,170.0078125,180.00390625
0.23150400964907603,0.23150400964907614,0.17638628027523534,0.2943451800030358,0.28494546917071656,0.3682508059334264,0.3682508059334264,0.4061756333315485,0.40962279892550496,0.3984776053951897,0.25471676699951157,0.25471676699951157,0.2615725082133169,0.3313103789105377,0.30523617306595613,0.5272854634623519,0.527285463462352,0.3658177499049405,0.8225027574646366,0.6017331196993714,0.6990707494216084,0.6990707494216083,0.2889796907736642,0.919869795760222,0.8038625307991567,1.0767188610852083,1.0902893802526197,0.7372600205763731,1.0455306814893939,1.022606497206248,hjorth_mobility,hjorth_complexity,1.5228962151733534,1.2000466604997744,1.2356820904357715,0.9150852012528599,0.3304211850290648,1.2474043128340604,0.2500000874125537,0.6010128810259922,1717,eeg_data_level_3.csv,5,TP9,170.0078125,180.00390625
0.22813871826493706,0.22813871826493703,0.14269286431797415,0.38880128429943045,0.27527555966265205,0.31198932247914474,0.31198932247914474,0.29883814505427325,0.32845707984969513,0.30211593657805413,0.24545545162444765,0.24545545162444762,0.2249721640066482,0.21023166701506554,0.3220583281879766,0.48803842824845217,0.48803842824845217,0.32289668796238163,0.45721821089046777,0.5342960149407796,0.6950253820798338,0.6950253820798337,0.3617920641923972,0.8269782892839226,0.8065230418586402,1.1097645527633395,0.9983858979607995,0.7404658823230897,1.0100032016792058,1.0614534714477015,hjorth_mobility,hjorth_complexity,1.6485274924814162,1.237458920660776,1.0789087298812803,0.8515828474292628,0.32307849202841893,1.114701726362352,0.23070240441179563,0.5773507843258618,1717,eeg_data_level_3.csv,5,TP10,170.0078125,180.00390625
0.0629007184990923,0.06290071849909232,0.037745645291136394,0.1065626452581293,0.07620516384468487,0.025175919053776107,0.025175919053776107,0.02687316260229558,0.04115512085647935,0.02624407286983034,0.09580743286116308,0.09580743286116311,0.07880806557692209,0.10005302599909263,0.11474927522703764,0.18639919331667432,0.18639919331667434,0.10363705325157886,0.38385596434536967,0.23264500572321417,0.3361526356071961,0.336152635607196,0.5889062641095134,0.43379281594390523,0.2867904075546876,1.155357715144846,0.425930944850002,1.0466324497462092,1.4293661496879537,1.7646637308779474,hjorth_mobility,hjorth_complexity,1.3696873404074221,1.3738298336229189,1.3229016635669972,0.4559143351437736,0.12727334534452867,1.4066474166001106,0.06084973035215864,0.2965125151740285,1717,eeg_data_level_3.csv,6,AF7,180.0078125,190.00390625
0.019586501202306737,0.01958650120230674,0.015327085943768866,0.020747717371012695,0.027954151870617873,0.026178372180512246,0.026178372180512246,0.019539397733124252,0.03988999328102128,0.03086011089241745,0.0488019028165953,0.048801902816595286,0.03159058916875916,0.10398991669903312,0.05485673121346937,0.22245891488467143,0.22245891488467137,0.12646213581471955,0.41125394935284687,0.2691177345078089,0.26511854500335974,0.2651185450033597,0.1276854460608373,0.35698705298741695,0.2756920471152429,0.8876967323142488,0.7961022328720292,1.1468476683963245,3.1180448302790578,2.887553702841166,hjorth_mobility,hjorth_complexity,1.4493559552857063,1.3192198240665092,1.2652897608360252,0.22632890208923048,0.13951116701227181,1.4597284511887942,0.03524956941341676,0.22567871892928287,1717,eeg_data_level_3.csv,6,AF8,180.0078125,190.00390625
0.12764326670290355,0.12764326670290357,0.11330357598636592,0.15840676212248256,0.1428929257759779,0.16602146953986463,0.16602146953986463,0.20053268913037262,0.15091851218924557,0.14218621417057425,0.27475951145335464,0.2747595114533546,0.22455340095314988,0.25413341870903083,0.2639798875211954,0.4217043529485283,0.4217043529485283,0.2266931397917997,0.8884343380344266,0.5042672428279141,0.5998708466702715,0.5998708466702712,0.23667486105306065,0.7799668108328198,0.6973092526710382,1.0411678406518308,0.9081545861558851,1.2236050868305193,1.3885461757000896,1.4494852333882582,hjorth_mobility,hjorth_complexity,1.4708051977529366,1.1736032779486378,1.2937973981420627,0.9802158205591133,0.33286874936261346,1.3004853474227438,0.25187144364050257,0.6032581048567434,1717,eeg_data_level_3.csv,6,TP9,180.0078125,190.00390625
0.1221581507597953,0.12215815075979532,0.0965723073873231,0.20468383328765194,0.14223059740058042,0.1830188475232567,0.18301884752325667,0.2577461746039892,0.19307569947147368,0.16859934765927484,0.204393474961111,0.20439347496111096,0.1616777086099435,0.19901303900842496,0.24425269143039877,0.471466255135075,0.4714662551350751,0.3080317460114258,0.547100074645612,0.5290271007145377,0.5777259079086963,0.5777259079086962,0.2966093874231861,0.8375902482833097,0.6355677437444817,1.0326195768702642,0.9677367499064188,0.9808477347981813,1.532383613968683,1.419312841334958,hjorth_mobility,hjorth_complexity,1.5933722975656812,1.2257680534517414,1.1763455595486134,0.8385567235680121,0.3720297786993915,1.1677827609510354,0.21822089824639176,0.561515655543928,1717,eeg_data_level_3.csv,6,TP10,180.0078125,190.00390625
0.016544030114248338,0.016544030114248338,0.011907439146402462,0.02358255639327828,0.021690588844435317,0.019061455501281487,0.019061455501281487,0.011294067050195991,0.0235818487278935,0.025093963049361963,0.06280932454049513,0.06280932454049513,0.05589608171627303,0.06286094676521133,0.07361497628037462,0.2119517937793179,0.2119517937793179,0.15290236407238633,0.3586107512501963,0.24702119057995173,0.4807904073941488,0.4807904073941487,1.5529440423992444,0.4519011224415078,0.3565555102912232,0.8053448314452955,0.6270663791192125,1.3666017089879638,2.9667699376694583,4.296962556363446,hjorth_mobility,hjorth_complexity,1.3421097429495545,1.4388484118594285,1.2268072471671818,0.1905070614707911,0.1370636026787232,1.380106899305769,0.03450098503167304,0.22326952430831185,1717,eeg_data_level_3.csv,7,AF7,190.0078125,200.00390625
0.019862058279695033,0.019862058279695036,0.017619997488008493,0.028743688275745086,0.0206945294474092,0.031821391737964465,0.031821391737964465,0.02563086987111203,0.04717539852724645,0.035847432557617034,0.05807669104996835,0.05807669104996834,0.04037690603059951,0.09722333210550743,0.06747707974919731,0.24014267855276641,0.24014267855276641,0.1205602635236729,0.3691137715737735,0.33152278565276655,0.2665873167903303,0.2665873167903303,0.1285011841109403,0.4444126248448874,0.2964818327186513,0.8696771758655599,0.8758281881030237,1.2440477750489494,3.1624090484556704,2.745412613922021,hjorth_mobility,hjorth_complexity,1.4708051977529366,1.3019822376683616,1.411202625163723,0.1986483888840728,0.16153924601420946,1.6189715549548445,0.03130879472807481,0.212689903562403,1717,eeg_data_level_3.csv,7,AF8,190.0078125,200.00390625
0.14226445010758326,0.14226445010758323,0.09553775578906654,0.2210280960300763,0.1676342332570558,0.2537032872637718,0.2537032872637718,0.24103995907051431,0.3321315900275528,0.1997243720033996,0.3402742204950369,0.3402742204950368,0.2850527452030527,0.23339385498394177,0.40955290229605523,0.4693182822318679,0.4693182822318679,0.27194328495313996,0.6620773638050979,0.5961806859224311,0.5517363319202658,0.5517363319202657,0.2593371717175197,0.6968714510320049,0.6144536057659638,1.0233492014620011,1.1119794077047058,1.2675822680021778,1.3269044120964928,1.1768650774389071,hjorth_mobility,hjorth_complexity,1.323724677977643,1.1424043394164403,1.157523806860291,0.7913370245709784,0.28391746269164087,1.2208637955397188,0.14399642744695199,0.4561309676977111,1717,eeg_data_level_3.csv,7,TP9,190.0078125,200.00390625
0.15744737506105239,0.1574473750610524,0.10501854554317262,0.2449209616731088,0.2035292638305857,0.2085848269451563,0.2085848269451563,0.2027098812893466,0.21893342974721355,0.15973771565260836,0.18878484813279375,0.1887848481327937,0.1633560166387651,0.14540042464808056,0.21379117559196711,0.3746070399004235,0.3746070399004234,0.2647642053998259,0.6025267720903116,0.40703169863593053,0.5516193800024163,0.5516193800024161,0.18972831402444404,0.9548814225749939,0.6635354888953273,1.1000024888896625,0.9655497117345676,0.8108068553856786,1.107247271876646,1.198093021945636,hjorth_mobility,hjorth_complexity,1.571923055098451,1.2792651375828512,1.0359608276350687,0.8206458032587925,0.3353163136961621,1.114701726362352,0.13201173118524487,0.43673697622934393,1717,eeg_data_level_3.csv,7,TP10,190.0078125,200.00390625
0.08137920750888225,0.08137920750888225,0.1057732362083848,0.05845642930385055,0.04753861664369499,0.04192222227293914,0.04192222227293914,0.033781646638958315,0.06524777647329512,0.040968003559920495,0.11439472553402594,0.1143947255340259,0.07894221792820579,0.17505903463396072,0.1296216428741388,0.2519558410928764,0.25195584109287644,0.1589283323588271,0.29575151217624696,0.29596496685347784,0.45339280803261284,0.4533928080326127,1.2800541863373076,0.41666499329298284,0.40086127712834,0.9954161337648126,0.5074647901754582,0.9620122600394586,1.437004798409713,1.7341349209894545,hjorth_mobility,hjorth_complexity,1.2563127730806334,1.3432961745320802,1.2595845044490745,0.4103229016293963,0.2496515620219601,1.3004853474227438,0.07528452706116048,0.3298120834229359,1717,eeg_data_level_3.csv,8,AF7,200.0078125,210.00390625
0.025514549522853366,0.025514549522853366,0.028652370100612112,0.040210418836506015,0.019391066425200835,0.04003182427427959,0.0400318242742796,0.027526604236933688,0.051598921079998465,0.05274228672833767,0.1025314145911096,0.10253141459110958,0.09040907345718265,0.13451259007991997,0.09211341443780265,0.2246358953407693,0.22463589534076933,0.22590270302346085,0.2942787562870233,0.26644213090036556,0.3105777520734104,0.31057775207341026,0.15076706111179675,0.34373621589948683,0.32748440296628206,0.8529790051102187,0.8840529921586718,1.6194855840267035,2.4869610606051307,2.5952878797427434,hjorth_mobility,hjorth_complexity,1.090847188333428,1.2863974334290784,0.8369573830399135,0.1986483888840728,0.18601488934969576,0.9554586225963017,0.04401348825889357,0.25217765072716913,1717,eeg_data_level_3.csv,8,AF8,200.0078125,210.00390625
0.1754578644229758,0.1754578644229758,0.12192910654560804,0.38358396661869276,0.19530024374382768,0.28692611329735895,0.28692611329735895,0.19940418079073433,0.4039782671382129,0.3308352222204025,0.306560582420482,0.306560582420482,0.280740130462882,0.31597477004604835,0.310412378185783,0.4935836131512145,0.4935836131512145,0.2603285162830594,0.5105095947933137,0.66209527735353,0.5694477179994655,0.5694477179994654,0.28006903728151394,0.8695913388980849,0.6560203896389731,1.0665362699240362,1.107608871970723,1.03469090099245,1.2121553434066186,1.0534891362982135,hjorth_mobility,hjorth_complexity,1.2317993531180844,1.1395548769263788,0.9609721309412275,0.7213216088167561,0.2863650270251895,0.92891810530196,0.18207203203981473,0.5129030945489809,1717,eeg_data_level_3.csv,8,TP9,200.0078125,210.00390625
0.1796370707427971,0.17963707074279714,0.15050699604045165,0.35031771942123247,0.1757368521958562,0.2823820694885022,0.2823820694885022,0.21742001413010997,0.3962455950206629,0.29322801068669596,0.29924064364798925,0.29924064364798925,0.3063539339440436,0.20398720046280402,0.3409853946732142,0.40241794012615445,0.4024179401261545,0.2408978544160608,0.4841587668099641,0.5024713606743825,0.6265515658347749,0.6265515658347748,0.24793443235875137,1.0094879917793713,0.6971033684580595,1.0626450505018292,1.0897092584615728,0.99080489143356,1.0146660933091125,1.1421100939577489,hjorth_mobility,hjorth_complexity,1.5657947001078136,1.1929977653684052,1.0528808281944075,0.7376042636433194,0.31328823469422445,1.0616206917736684,0.1745504502019622,0.5021970836641263,1717,eeg_data_level_3.csv,8,TP10,200.0078125,210.00390625
0.7121851896813843,0.7121851896813843,0.557265531524854,0.7120985521278417,0.8298375861424058,0.22067392321119733,0.22067392321119733,0.3066217580403151,0.0958887447960931,0.18377656600593492,0.1339160925474127,0.13391609254741269,0.1050519904503381,0.2300788902968753,0.14906766565133772,0.2589398717297989,0.2589398717297989,0.2128028630036613,0.30449563500875704,0.31457535895100575,0.4419375349782663,0.4419375349782662,0.5798411678444696,0.4786732435056505,0.45631016020772425,1.2593376384585218,0.3897546089282137,0.22198782258535993,0.28381640256238,0.33441491508139404,hjorth_mobility,hjorth_complexity,1.096975543324065,1.1435694259811688,1.0597513738760784,0.46405566255705527,1.936023387836965,1.3270258647170856,0.4868424393244695,0.8387024556957411,1717,eeg_data_level_3.csv,9,AF7,210.0078125,220.00390625
0.039056798231487194,0.039056798231487194,0.04042701784355352,0.04971158649732976,0.043323353140260264,0.04961956850879925,0.04961956850879925,0.03669983546479376,0.051539270181759134,0.056731932991815844,0.09278025289859479,0.09278025289859476,0.07823128790133711,0.12658254909425148,0.09988672745111456,0.26613929083858406,0.26613929083858406,0.19702308882680045,0.4754372214625618,0.31735064130485946,0.3477923742804296,0.3477923742804295,0.21233608146347321,0.4278863514913582,0.38198956290406927,0.9280131015032246,0.8362682862013495,1.1919926916535584,2.2501406012396687,2.2173145962860223,hjorth_mobility,hjorth_complexity,1.2869545480338194,1.2781878204050392,0.7862160259906125,0.3126269726700162,0.19091001801679303,0.8492965534189347,0.05267987321240468,0.27589006420398887,1717,eeg_data_level_3.csv,9,AF8,210.0078125,220.00390625
0.3351260370789719,0.33512603707897193,0.26288161536929583,0.44202714146436917,0.3743465376590052,0.43715147196633547,0.43715147196633547,0.5167836778285675,0.4472614204056767,0.4488296577791517,0.5121484606330834,0.5121484606330833,0.41560837530335015,0.3902386041245955,0.5955865442955826,0.5754829088116261,0.5754829088116261,0.30632817410339946,1.1614512687442942,0.7257371008110909,0.6899914448838773,0.6899914448838773,0.334515368922746,0.7314310248315306,0.7713935380510378,1.1107346292980236,0.9758316394014509,1.008013423842431,0.8658667444534116,0.7681294700020953,hjorth_mobility,hjorth_complexity,1.2746978380525449,1.0966153557947158,1.0302089596763293,0.9378809180100486,0.38182003603358605,1.008539657184985,0.3094778237570018,0.6686956019786561,1717,eeg_data_level_3.csv,9,TP9,210.0078125,220.00390625
0.3283506927960479,0.328350692796048,0.22372402219139934,0.4679821006024293,0.39175121397522233,0.45906902844344566,0.45906902844344566,0.527183189190997,0.6448800060826141,0.4249875245685853,0.34334311745352775,0.34334311745352775,0.5259679382396161,0.22922374263785544,0.2643952850222166,0.4050154377281054,0.4050154377281055,0.25112852736609403,0.7416385246638306,0.4956353559192389,0.709489269838924,0.7094892698389239,0.27525291246285977,1.0390926397015048,0.7788977583576585,1.1221407687287128,1.0411863604406173,0.7145849096755099,0.6550269493010161,0.8068669273147021,hjorth_mobility,hjorth_complexity,1.4953186177154854,1.183254524056518,1.0697915064393886,0.9281113251141105,0.342659006696808,1.0881612090680102,0.2910582926015985,0.6484906046732803,1717,eeg_data_level_3.csv,9,TP10,210.0078125,220.00390625
0.06506755619720946,0.06506755619720944,0.08390306678295474,0.031279829569109026,0.04047382069652428,0.04632350622291875,0.04632350622291875,0.04107375695505407,0.060522150757097375,0.05111917075585581,0.11035677902004111,0.1103567790200411,0.0869357227859527,0.1658319005080739,0.11911501287042439,0.2587654670904432,0.25876546709044324,0.14425002642684703,0.44372166728068846,0.3406989902883209,0.44565884553891555,0.44565884553891544,0.92674891263536,0.44072206910883505,0.3886513283833814,0.9554607049963978,0.61429682294286,1.0525705317855685,1.6693807541722472,1.9864371520382875,hjorth_mobility,hjorth_complexity,1.2624411280712704,1.3049791258627983,1.247866355301367,0.3500770787711119,0.24720399768841148,1.3270258647170856,0.06743456288003455,0.3121439868391398,1717,eeg_data_level_3.csv,10,AF7,220.0078125,230.00390625
0.023528278985925535,0.023528278985925535,0.018547778543479707,0.04172542427661333,0.02831418501794785,0.03890838930176916,0.03890838930176916,0.03057895839991402,0.048559545697940354,0.048472429099546986,0.10345680703250697,0.10345680703250694,0.0940853250911355,0.0716072934087517,0.10439983953192757,0.20858923148750966,0.20858923148750966,0.12301174170651785,0.39130762237047584,0.24508551262314357,0.2982274924987339,0.29822749249873387,0.13937215417182025,0.39962711431368997,0.346347059435283,0.8924965559818652,0.9132078617598508,1.7177663453893504,2.511305005440468,2.682912991177976,hjorth_mobility,hjorth_complexity,1.3298530329682803,1.2933192037863612,0.9185369559846928,0.18887879598813478,0.171329503348404,1.0616206917736684,0.03359330004629291,0.22031295429565304,1717,eeg_data_level_3.csv,10,AF8,220.0078125,230.00390625
0.22188705016308108,0.2218870501630811,0.14361610497733202,0.4619670587530724,0.2480145382320161,0.44125626758763725,0.44125626758763725,0.387637787814985,0.5627139398586496,0.38501578571125494,0.5141919547623288,0.5141919547623288,0.5206336628135286,0.4560540581699118,0.6311775385117973,0.4843929953507328,0.4843929953507329,0.24137026776844306,0.6566398516652571,0.6187896444974651,0.6187550416879177,0.6187550416879176,0.27080830630023006,0.7645385544270884,0.714291589049542,1.0344173603994282,1.2037802146253174,1.2358892836071027,0.9345011883577417,0.8827962463815396,hjorth_mobility,hjorth_complexity,1.4248425353231577,1.1235799495932963,1.091801490638066,0.8336719271200432,0.3377638780297107,1.0218099158321559,0.2297423993287316,0.5761482882097305,1717,eeg_data_level_3.csv,10,TP9,220.0078125,230.00390625
0.21680316463845056,0.21680316463845056,0.15843438459697773,0.39680731109871287,0.2442538136665152,0.36798016866656347,0.36798016866656347,0.3392517037562552,0.39237138789563936,0.33559548632222613,0.3414147069752661,0.34141470697526605,0.5244958871131987,0.26200491409763677,0.18933892596447902,0.4173001240803511,0.41730012408035116,0.2431231701358268,0.7850666711352641,0.4963279061752963,0.7065336167761764,0.7065336167761763,0.23446776748287262,1.190188238111493,0.8247511252407265,1.0672777130337756,1.1208715417934134,0.9141361906488268,0.8848753660151927,1.0676597086149944,hjorth_mobility,hjorth_complexity,1.5045111502014419,1.2265012155119162,1.042588993143438,0.7750543697444151,0.32063092769487034,1.008539657184985,0.21192328141538702,0.5533539758477838,1717,eeg_data_level_3.csv,10,TP10,220.0078125,230.00390625
0.046295905237389585,0.046295905237389585,0.057364702162800436,0.03693816117682909,0.02770510620255236,0.04940043554385931,0.049400435543859304,0.041567930616144784,0.07943082393158714,0.048553247251936035,0.07290674637144666,0.07290674637144665,0.05884088991279381,0.0885418534915032,0.08813025875177269,0.34989971578731266,0.34989971578731266,0.39796379467966475,0.5974726632627451,0.3034585406760649,0.5709168532968875,0.5709168532968872,1.7641369116986845,0.43430840270393284,0.442200716718438,0.8757789870117463,0.7316118945190954,0.8605507853007344,2.4004412353440703,2.7073940601633906,hjorth_mobility,hjorth_complexity,1.2226068206321286,1.3544017500929055,1.0861242011941885,0.3207683000832979,0.14195873134582043,1.1412422436566936,0.06522801160072929,0.3069946235074701,1717,eeg_data_level_3.csv,11,AF7,230.0078125,240.00390625
0.018985371901835055,0.01898537190183506,0.01446988917155695,0.03499445688727041,0.018501414055187345,0.03366232136835282,0.033662321368352816,0.04119376967949597,0.04682038295094709,0.02905134598591688,0.0868768670970956,0.08687686709709559,0.06619386868334078,0.14093096471436908,0.08773850207665901,0.21541665121939824,0.21541665121939826,0.1484880124692836,0.32694595195549775,0.2547422484046968,0.3265038268346223,0.3265038268346222,0.1311332486531354,0.4963983703456259,0.38351717083957615,0.8359168179920248,0.8759556133590451,1.6787562796544102,2.8105346808093103,3.2040785377297616,hjorth_mobility,hjorth_complexity,1.5290245701639904,1.3581981056414185,0.8805671696055263,0.18236573405750944,0.21293809701873068,1.008539657184985,0.030677977860846688,0.21053633794402551,1717,eeg_data_level_3.csv,11,AF8,230.0078125,240.00390625
0.29050941891534565,0.29050941891534565,0.24100035644145062,0.39407147549752525,0.3436933571691625,0.5196458801284894,0.5196458801284894,0.41373124371633485,0.8693841692586584,0.45972614207563767,0.46288921809009065,0.46288921809009054,0.6622271075165752,0.3257512914664811,0.376263987551861,0.4946389780510711,0.49463897805107104,0.23627278461790194,0.770091351959243,0.6359313422127277,0.6110729459716733,0.6110729459716732,0.22638374935570685,0.5012830241239706,0.7535765105031761,1.0568657822715786,1.1891516737786607,0.945045545712957,0.8047780666266781,0.7306018230857931,hjorth_mobility,hjorth_complexity,1.1184247857912955,1.1012690565380596,1.1274873099995806,0.9004308119089529,0.362239521365197,1.114701726362352,0.25690745895919936,0.609259144782734,1717,eeg_data_level_3.csv,11,TP9,230.0078125,240.00390625
0.2841391605365907,0.2841391605365907,0.24323907440684742,0.41934228847008365,0.2872704336505761,0.5045381916976137,0.5045381916976137,0.430590882152801,0.5734973693333434,0.45933720572609316,0.3696522409721935,0.36965224097219346,0.3758984236127437,0.22198483749888712,0.32301621304503975,0.4757752097174283,0.47577520971742837,0.2932549344636053,0.8953759926776457,0.5278220993752236,0.6329622005395794,0.6329622005395793,0.26424753315415056,0.8541897626306066,0.6805927352994234,1.0592521759960567,1.1787485448177286,0.8177839250343284,0.7955255265845474,0.7757969123229146,hjorth_mobility,hjorth_complexity,1.4524201327810249,1.159544076124457,1.1073138217293828,0.8369284580853559,0.3451065710303566,1.114701726362352,0.24316620624271798,0.5927414651613638,1717,eeg_data_level_3.csv,11,TP10,230.0078125,240.00390625
0.058960140742253496,0.058960140742253496,0.04873924871547112,0.09760097747471778,0.06317349680505387,0.04911088661852618,0.04911088661852618,0.05721549383850133,0.08513581048699524,0.04227721592366328,0.10710842617450803,0.10710842617450801,0.07946353623687127,0.12415296031916068,0.1269860019954551,0.2643757118669819,0.2643757118669819,0.1987972927947994,0.35466096284802784,0.2965378855249181,0.5225016424565534,0.5225016424565534,1.2742173036085012,0.27527562216309903,0.4284367673710939,1.0492247133305763,0.6650308151051048,1.0804592306882994,1.7726224294307174,2.360662264476342,hjorth_mobility,hjorth_complexity,1.3084037905010497,1.3620860666950285,1.1511380215252238,0.38589891938955123,0.1297209096780773,1.2208637955397188,0.07272044209292794,0.32414696149765465,1717,eeg_data_level_3.csv,12,AF7,240.0078125,250.00390625
0.014983614806445724,0.014983614806445725,0.014157196933497486,0.012916985461965813,0.013626284897401614,0.028222424050901498,0.028222424050901498,0.016629600572912715,0.0658696719853543,0.03295328864979984,0.06942998318539767,0.06942998318539767,0.06226237739838548,0.08184750540575832,0.0705247779646022,0.18619886208165398,0.18619886208165398,0.09726020523938826,0.2423772005542101,0.2487445398799866,0.3900467906335645,0.39004679063356434,0.16005828441399608,0.47922270323631766,0.45541195495234693,0.7615787292793138,0.896722488950925,1.5592678505452517,2.844841947766709,4.2347464374349375,hjorth_mobility,hjorth_complexity,1.4708051977529366,1.4246642930091666,1.0024098182614816,0.1856222650228221,0.10769283067613965,1.114701726362352,0.029587820745236523,0.2067617451755982,1717,eeg_data_level_3.csv,12,AF8,240.0078125,250.00390625
0.10073119421253383,0.10073119421253385,0.08078309578875006,0.20202381292416002,0.10731552297379764,0.1911621324999961,0.19116213249999606,0.19953086216800534,0.14581601866611849,0.24797232341589248,0.26744131049528774,0.26744131049528774,0.2407709164818358,0.32600193433865254,0.21891976305313157,0.4335904681691831,0.4335904681691832,0.2053577538049396,0.7859514633096413,0.5770908041300256,0.6715610253294715,0.6715610253294714,0.23654613785080947,1.1999347078500437,0.7692359704153848,0.9805139065923557,1.0939123343490855,1.3090524471123133,1.564392494075499,1.7701786178932217,hjorth_mobility,hjorth_complexity,1.3574306304261472,1.2450259132024544,1.1443513766727726,0.7669130423311334,0.35734439269809976,1.2739448301284022,0.14331524532484438,0.4550508138601967,1717,eeg_data_level_3.csv,12,TP9,240.0078125,250.00390625
0.09948231263135698,0.09948231263135698,0.09387755530175401,0.16519924963502686,0.09344584086740011,0.18718217658183015,0.18718217658183015,0.18110354313990815,0.17646893466220553,0.2274760883942519,0.27204519285364825,0.27204519285364825,0.3374682369087837,0.3357227292432343,0.22449876085658446,0.45030876562684086,0.45030876562684086,0.31725921487762837,0.5986410070568051,0.5367668658832903,0.6736206366688924,0.6736206366688923,0.32204907290676726,0.9945006426226026,0.760949551807449,0.9542346949554138,1.0916803378777629,1.3180543189366785,1.6197114518392093,1.7828720781647744,hjorth_mobility,hjorth_complexity,1.6638483799580095,1.2571053082684482,1.02420538922993,0.7945935555362912,0.3916102933677805,1.114701726362352,0.1353506260867837,0.44222555355275067,1717,eeg_data_level_3.csv,12,TP10,240.0078125,250.00390625
0.7723553801392008,0.7723553801392008,0.8301131243728381,0.21356798768772287,0.8537317920332657,0.15834824775631592,0.15834824775631592,0.21437657788913694,0.0800004551655268,0.09164934746045908,0.14297781612635874,0.1429778161263587,0.22477659997603877,0.1781423809253435,0.10613200763794704,0.2966258797763298,0.29662587977632987,0.23912192067927265,0.3959364407718268,0.3082071499686918,0.42783086586885216,0.427830865868852,0.2699389880682973,0.547167383125327,0.4651492886718128,1.165527629613151,0.2783454494425232,0.21036752938187114,0.2949321878527762,0.3021494004887854,hjorth_mobility,hjorth_complexity,1.1122964308006582,1.1238727024320174,0.6217424337766094,0.5291862818633086,1.9800795458408404,1.0616206917736684,0.7127087807620932,1.014774988436084,1717,eeg_data_level_3.csv,13,AF7,250.0078125,260.00390625
0.034771276007443,0.034771276007443,0.034214315076278444,0.030485882235597183,0.036319359910547945,0.04356529826945611,0.04356529826945611,0.0287348898136726,0.07090837027732837,0.047459407590328094,0.13985101988670387,0.13985101988670381,0.1206558025925325,0.1603990212337516,0.15769832996728225,0.27055196877278437,0.27055196877278437,0.15867780517870492,0.5209046697972484,0.31965709892226657,0.5243747865713365,0.5243747865713364,0.22620407597688263,0.8290085508635096,0.5839579589131301,0.8691414752291438,0.7765652316236532,1.6783025340483744,2.337829249812814,3.2229764774761773,hjorth_mobility,hjorth_complexity,1.3359813879589175,1.3627354018759839,0.8639641277343514,0.4738252554529933,0.16643437468130673,0.92891810530196,0.05923447285352577,0.2925505801372508,1717,eeg_data_level_3.csv,13,AF8,250.0078125,260.00390625
0.20741782741499193,0.20741782741499193,0.1600162866560071,0.3080352699226894,0.2118084976734987,0.475901629546393,0.475901629546393,0.4351134513692804,0.6405017957779648,0.5438004374357823,0.6871126202709659,0.6871126202709659,0.6725343459114042,0.354061097425222,0.6423465705326471,0.6304020969132507,0.6304020969132507,0.34430498931797576,1.0965096586683285,0.7220962771958757,0.7605712248399324,0.7605712248399322,0.27606536724156217,0.9655161369531442,0.9112394696525751,0.9708608828999442,1.2695174097446904,1.5374796107222104,1.1597791002771771,1.0469841706302636,hjorth_mobility,hjorth_complexity,1.2746978380525449,1.045036045083091,1.0136432070625856,0.7880804936056658,0.4038481150355237,0.92891810530196,0.35238529068252594,0.7135470017071585,1717,eeg_data_level_3.csv,13,TP9,250.0078125,260.00390625
0.22259906883784536,0.22259906883784536,0.18441809585889316,0.36878685389307303,0.20307442115696087,0.39960371109557435,0.39960371109557435,0.3514529141056036,0.5457361671789354,0.4597948635249073,0.4421774824072819,0.4421774824072818,0.38152250495721823,0.42986077280692037,0.5010892309578115,0.4723715632482104,0.4723715632482105,0.22696763816539423,1.199540404201959,0.5946027421142721,0.7669789553010463,0.7669789553010462,0.33827670689419714,1.1290702303430273,0.8706983840766696,1.0355427134857127,1.1672533754141772,1.132483903458822,0.948931023463443,1.0952224713360288,hjorth_mobility,hjorth_complexity,1.290018725529138,1.106742067695323,1.0349353730557147,0.7848239626403531,0.37447734303294017,0.92891810530196,0.3351041075846013,0.6958306831707253,1717,eeg_data_level_3.csv,13,TP10,250.0078125,260.00390625
1.365856161042848,1.3658561610428481,0.8299254261915634,3.2651823933878563,1.5342628166616958,1.3040384175296902,1.30403841752969,2.331468200813395,0.5865020749793969,0.4224316920309583,0.346541296472175,0.3465412964721749,0.34663343592694207,0.5308985746444436,0.36621377346054995,0.46378220965551226,0.46378220965551237,0.3984882368883794,0.5437762494853229,0.4756979673042206,0.5729340429947348,0.5729340429947347,0.8328360113668765,0.6067694735439493,0.6079557386715975,1.2182869605810795,0.753381430164218,0.2531513293491499,0.23454550106355512,0.20754400392082017,hjorth_mobility,hjorth_complexity,1.213414288146173,1.0252013681864314,0.6868587995655803,1.9115836766385366,2.2248359791957033,1.3004853474227438,1.5433290149003838,1.4932858858213585,1717,eeg_data_level_3.csv,14,AF7,260.0078125,270.00390625
0.11958348545931156,0.11958348545931159,0.08441050167572235,0.15879831938525965,0.15632780232951185,0.13213444512937855,0.13213444512937855,0.10951121546106277,0.05575567833978704,0.1529198115731297,0.09232773773979988,0.09232773773979987,0.07271917308744558,0.1523917461352142,0.10722374572327124,0.39392682452656125,0.39392682452656114,0.21756074340908088,0.5926834514222148,0.4788439778339426,0.5581651725165819,0.5581651725165819,0.21574581943468416,0.6393841807571836,0.6544950312756563,1.096443214520869,0.8623667887748669,0.5743872093996683,1.475469471082071,1.5433051229200838,hjorth_mobility,hjorth_complexity,1.538217102649946,1.2696645968914138,0.949375171880171,0.7115520159208181,0.6094435190536085,1.008539657184985,0.14006336446585835,0.4498585477319813,1717,eeg_data_level_3.csv,14,AF8,260.0078125,270.00390625
0.15024119259919647,0.15024119259919647,0.1703693901910129,0.11186905782801221,0.13279819862534406,0.180942376420465,0.18094237642046504,0.17052171107539774,0.08861790700804525,0.22986206837029324,0.41762197909196047,0.4176219790919604,0.40527941058655514,0.4200386482688471,0.37305307285784745,0.6132369623795612,0.6132369623795613,0.4199576097184962,0.725380044763575,0.7242400242711459,0.7354629509057904,0.7354629509057903,0.2804845057751286,1.09963370924542,0.8520200531139096,0.9537202922215883,0.8510594481957467,1.4608124906122137,1.6249464067347004,1.4819071893169642,hjorth_mobility,hjorth_complexity,1.5290245701639904,1.194868952724868,1.0375176541328153,0.6366518037186267,0.724479042730394,1.1677827609510354,0.18748915701373178,0.5204772819142549,1717,eeg_data_level_3.csv,14,TP9,260.0078125,270.00390625
0.1290991882022858,0.1290991882022858,0.14149878251864387,0.0714489221391761,0.15445942947348967,0.1591335230305859,0.1591335230305859,0.17752233136688683,0.09174065824233132,0.1783635846261996,0.19737520566014952,0.19737520566014946,0.14257604053551487,0.21441628581077152,0.24945472351870066,0.5505165433071499,0.5505165433071499,0.35621524059593324,0.5126048029600045,0.6664901507214227,0.7895566672426946,0.7895566672426945,0.29804803539435054,1.1263605376422672,0.9071487826554314,0.9326808726199609,0.854775831945402,0.9245397685774516,1.6947699617134937,1.7922307790329124,hjorth_mobility,hjorth_complexity,1.709811042387789,1.3466518036195638,0.9933392063913791,0.5291862818633086,0.7660876364007206,1.114701726362352,0.15925963167378054,0.47969650383564183,1717,eeg_data_level_3.csv,14,TP10,260.0078125,270.00390625
0.012883278253589727,0.012883278253589727,0.009300716456005269,0.023446826463021236,0.013543840876594907,0.01959291071840143,0.01959291071840143,0.01505769867859204,0.020585215786965663,0.02289024286616495,0.05051687753097137,0.05051687753097138,0.04418120031351325,0.07174017325523807,0.053794175478045256,0.185442732622016,0.18544273262201602,0.10638247686184225,0.2538563682492165,0.25372959198705003,0.3105232166104159,0.3105232166104158,0.20560321434960183,0.4164666859782997,0.3486469115645086,0.8058106058191363,0.7630348158512101,1.4067462719670616,3.264240575901181,4.016247822506843,hjorth_mobility,hjorth_complexity,1.5995006525563185,1.414059503713511,1.3778100951342178,0.24749635336376283,0.02937077200258354,1.5128094857774776,0.029696402963503767,0.2071407877779458,1717,eeg_data_level_3.csv,15,AF7,270.0078125,280.00390625
0.01789166485835331,0.01789166485835331,0.012043003200092753,0.042906238423709324,0.020676277707920635,0.029713246796483586,0.029713246796483586,0.02893109480096719,0.06270059414433758,0.028943147532006032,0.07752592448982341,0.0775259244898234,0.05307745760978861,0.09925827900876488,0.09766238867142904,0.29431011522490835,0.2943101152249083,0.2961954365169811,0.37664763950344987,0.2916620791153057,0.43910479764883364,0.43910479764883353,0.17492066857021205,0.3001497409033794,0.5276788057966257,0.7928251606464546,0.7914457672832187,1.4762035335891803,3.444152398798081,3.9480741470628518,hjorth_mobility,hjorth_complexity,1.4493559552857063,1.3797626400158651,0.9169614848582309,0.19376359243610378,0.18846245368324438,1.0350801744793268,0.03643784540621164,0.22945104723624057,1717,eeg_data_level_3.csv,15,AF8,270.0078125,280.00390625
0.1420995708171697,0.14209957081716973,0.093414819847733,0.28997294896138126,0.17479898589614487,0.3154151266996639,0.3154151266996639,0.2635385217882851,0.4662845149082716,0.31126320612975805,0.44400910306798175,0.4440091030679817,0.34556846229399973,0.4167358362886205,0.5839505330865419,0.5549414957378455,0.5549414957378456,0.319297226151024,0.8454257795108612,0.6852146482382064,0.6966330451647221,0.696633045164722,0.3368562552593607,1.0296176971963844,0.7676172261596246,0.9712094117328889,1.2212048507265423,1.4582369252205436,1.3997344506107385,1.314622616600931,hjorth_mobility,hjorth_complexity,1.323724677977643,1.101092397383889,1.1983648660616484,0.9102004048048908,0.256994255022606,1.1412422436566936,0.2773740953011738,0.6330625883495856,1717,eeg_data_level_3.csv,15,TP9,270.0078125,280.00390625
0.14636388895423472,0.14636388895423474,0.10366137676504754,0.2959067605631707,0.16542336984803954,0.2999718787655282,0.2999718787655283,0.2720880708769361,0.3173023491132311,0.2973259690985908,0.283782773285131,0.28378277328513096,0.2779490822722167,0.24992892584191997,0.3258945751689893,0.4097615037083996,0.4097615037083996,0.3212168764850524,0.7557605895587219,0.5283678757420494,0.7613005853744387,0.7613005853744385,0.28375199552684227,0.6878181561301026,0.8856193693459619,1.007513260886089,1.1976135801131127,1.0477317342655468,1.1178726363244174,1.4704951681330503,hjorth_mobility,hjorth_complexity,1.483061907734211,1.2178598934742577,1.102270449661833,0.9102004048048908,0.342659006696808,0.9819991398906434,0.2770975451619511,0.63274691862763,1717,eeg_data_level_3.csv,15,TP10,270.0078125,280.00390625
0.051144386845720896,0.0511443868457209,0.05748213668579897,0.05237638939844628,0.04848687498854052,0.05385414596723646,0.05385414596723646,0.03649949529443649,0.10160552613398513,0.06164924947092563,0.12221785459766286,0.12221785459766281,0.1037122353129074,0.21481006693192278,0.12766454227143656,0.5083166496938891,0.5083166496938892,0.9838491871575141,0.6497549625880151,0.43756911620148803,1.297356278247659,1.2973562782476586,6.338992066307069,0.39235905472204163,0.5956155944760502,0.8298802282750033,0.6413627683585952,1.0505019978889363,2.495159134387199,3.7863137431880176,hjorth_mobility,hjorth_complexity,1.3911365828746525,1.4550563344274268,1.3103631507558067,0.3989250432508019,0.10035013767549376,1.380106899305769,0.07376190018769409,0.3264598282230392,1717,eeg_data_level_3.csv,16,AF7,280.0078125,290.00390625
0.03959433961630048,0.03959433961630049,0.0557818933384441,0.025687578774769432,0.023288595942494453,0.019293550044593665,0.01929355004459366,0.010988636492563446,0.033477667509287046,0.024675936324986627,0.0591747418384938,0.059174741838493784,0.038482528712309935,0.10172169006199659,0.06747093130142,0.33639205859520654,0.33639205859520654,0.3045537955608543,0.5071706399488141,0.2889424785000433,0.3377702729132306,0.3377702729132305,0.2016376416443498,0.40818823188873227,0.3686838438608528,0.9217301600248322,0.4459678477147961,0.9174176005630701,2.9179955191905536,2.3924079453312825,hjorth_mobility,hjorth_complexity,1.3513022754355104,1.2997277483993557,1.0838215895478212,0.3679879990803316,0.18601488934969576,1.1412422436566936,0.05436738279370086,0.28027406547693323,1717,eeg_data_level_3.csv,16,AF8,280.0078125,290.00390625
0.026805720791398105,0.02680572079139811,0.033049656834836905,0.04100230901949837,0.02142658209495919,0.08066628008230663,0.08066628008230661,0.05791104009242846,0.12957309190587002,0.09215878266265976,0.25655904858274053,0.2565590485827405,0.25788577576080607,0.22287914954446938,0.27055350465046096,0.5740447906539933,0.5740447906539934,0.43356336079002505,0.6552448775853063,0.6508461301633616,0.6241663211261408,0.6241663211261407,0.2650820066461375,0.5083726564638632,0.7375621365336062,0.6352649428090035,1.0222398785496452,2.174709399545593,3.484408329160876,3.0665331100868842,hjorth_mobility,hjorth_complexity,1.3513022754355104,1.2024401539387592,1.2060184861493715,0.7831956971576968,0.37447734303294017,1.3535663820114272,0.14891942298716723,0.4638626151656806,1717,eeg_data_level_3.csv,16,TP9,280.0078125,290.00390625
0.02116047369443116,0.021160473694431168,0.017035098690152954,0.04022151041407487,0.02105545308769206,0.06732572307677478,0.06732572307677478,0.05028067146312277,0.1168171251840818,0.07289762266726052,0.2518074043306931,0.25180740433069304,0.2681689421749844,0.20119157258354217,0.18452672364190661,0.5843259715121703,0.5843259715121703,0.40798681962900557,0.5705899555252749,0.5518495020850117,0.6344055957416574,0.6344055957416573,0.22183699424081613,0.6947690411787608,0.8085197301076731,0.6035982702673092,0.9712078229709336,2.298676962418627,3.806571251074775,3.400670628454342,hjorth_mobility,hjorth_complexity,1.6730409124439654,1.2114660722906554,1.0752170933956062,0.8369284580853559,0.3255260563619676,1.114701726362352,0.14064034318959212,0.45078417183594444,1717,eeg_data_level_3.csv,16,TP10,280.0078125,290.00390625
0.031169192050468315,0.031169192050468315,0.023454143895444226,0.034532244736244215,0.038330399716266866,0.02480182671404852,0.024801826714048517,0.018568154460881076,0.05239850765332308,0.0246536658753016,0.06055590142896993,0.060555901428969924,0.04035381573834003,0.0753532776213855,0.07433237318400335,0.21228190032352268,0.2122819003235227,0.19040745131530976,0.32066630361505105,0.2376140118629293,0.4739069712927339,0.47390697129273385,1.3077708981306626,0.43066562085482957,0.36109095269894276,0.9630663614094951,0.5940665272792585,1.0272616403496104,2.2378519304405367,3.2857393581089647,hjorth_mobility,hjorth_complexity,1.6086931850422743,1.4873092953949296,1.1040883009615967,0.3696162645629879,0.11503552367678553,1.194323278245377,0.037548842926926305,0.23292278760451657,1717,eeg_data_level_3.csv,17,AF7,290.0078125,300.00390625
0.008925834376525534,0.008925834376525535,0.0071294189898194376,0.01185461828580122,0.009398689433570367,0.025064060384830757,0.025064060384830757,0.016130278647097308,0.05286799991363842,0.02840983843374834,0.035332759908130604,0.0353327599081306,0.02282660016518331,0.0459244107014296,0.04322973659445731,0.2139337972006893,0.21393379720068934,0.14435106495084302,0.33093799040782385,0.2511976277104278,0.35061908131491565,0.3506190813149155,0.11305654333110313,0.3473573904537824,0.45405298951149375,0.6495172827376176,0.9717741078211682,1.117037688635099,3.8328052626237987,4.71151795047301,hjorth_mobility,hjorth_complexity,1.725131929864382,1.4530215283206809,1.0048615869375732,0.2084179817800108,0.15909168168066085,1.114701726362352,0.02457148151203929,0.18842102891584508,1717,eeg_data_level_3.csv,17,AF8,290.0078125,300.00390625
0.10739915386180407,0.10739915386180407,0.09584419662276203,0.14533469698471838,0.10550916292953241,0.13670446757786867,0.13670446757786867,0.10745108185157565,0.20148493733121225,0.15276574057430536,0.26698005421593757,0.2669800542159375,0.3172133676537522,0.20103029848825388,0.19096912384164663,0.5084449422485179,0.508444942248518,0.2926499369200905,1.213332786024625,0.6193041296075885,0.6617112406291212,0.6617112406291211,0.2981287784262732,0.7098141202680561,0.7638217982570783,1.016145448968816,0.9082740656889161,1.284772654509063,1.8276126313956946,1.7846188158656122,hjorth_mobility,hjorth_complexity,1.50757532769676,1.2639463567573002,1.1340502193074453,0.8434415200159812,0.35000169969745387,1.2739448301284022,0.13658911185683553,0.44424417327249216,1717,eeg_data_level_3.csv,17,TP9,290.0078125,300.00390625
0.09191122937157152,0.09191122937157153,0.0670598379801543,0.18373681644403883,0.09229940526399844,0.16087320695323234,0.16087320695323232,0.1793857359847991,0.14335261387900525,0.15992353037334037,0.2783304406526964,0.27833044065269635,0.3364405404474613,0.2079316851551933,0.23559875816480222,0.402773639408562,0.402773639408562,0.21755917371891598,0.6801137106210143,0.4810876839064266,0.6058619887094722,0.605861988709472,0.22999359403517924,0.9963282098606676,0.6795500198703678,0.9909834397654136,1.0497543332478168,1.4383974720546298,1.6040094682345434,1.7691618624161856,hjorth_mobility,hjorth_complexity,1.725131929864382,1.325994990459932,1.0932650939922346,0.8532111129119192,0.3181833633613217,1.1412422436566936,0.12479170125196903,0.4246259704378484,1717,eeg_data_level_3.csv,17,TP10,290.0078125,300.00390625
0.2992283654307711,0.2992283654307712,0.3240013986959449,0.19985112291255336,0.2677885478064848,0.0791503651700845,0.07915036517008452,0.08944341363781465,0.07872521557823789,0.07616222786791324,0.09785498255667184,0.09785498255667183,0.07085812582835435,0.1633489312556667,0.1086681613083825,0.24795087252972808,0.24795087252972808,0.14942834272321512,0.547940074917787,0.3004904415012018,0.49059826729378914,0.490598267293789,0.7660976629151478,0.7247973444547329,0.4768145489507184,1.1460293097728091,0.34866171225389175,0.3438689493106359,0.5662373058747252,0.7563994733666282,hjorth_mobility,hjorth_complexity,1.1031038983147023,1.332592599594752,0.9526566265341033,0.3647314681150189,1.16014549410205,1.3004853474227438,0.36393143418860985,0.7251427081736859,1717,eeg_data_level_4.csv,0,AF7,120.0078125,130.00390625
0.047141608340081256,0.047141608340081256,0.040657070145620616,0.05809044536652762,0.04849675011720129,0.060543245936942915,0.060543245936942915,0.062474491613399026,0.0739479892684528,0.061420859585461104,0.07474866269750514,0.07474866269750513,0.05774665584431124,0.08431008597929683,0.07722245161902735,0.2483505548329821,0.2483505548329821,0.1215751545413786,0.4719370486511001,0.3207310468141778,0.5458887938959253,0.5458887938959252,0.2641751673247003,0.3776335923593217,0.5859317609639206,0.9640277290259732,0.8531235051453628,0.885876704812162,1.8846350963493377,2.8514726099711574,hjorth_mobility,hjorth_complexity,1.339045565454236,1.4064723500110046,0.9430639650599656,0.44940127321314827,0.20314783968453615,0.9554586225963017,0.0691217053520395,0.31602462301029216,1717,eeg_data_level_4.csv,0,AF8,120.0078125,130.00390625
0.21057503185453702,0.21057503185453705,0.15838918639396804,0.290428066284013,0.24957972684763144,0.4417182617725526,0.4417182617725526,0.41864071301199735,0.5147114367379041,0.4990724012140783,0.5058696371493437,0.5058696371493437,0.6936593035368755,0.437261217776666,0.36785377752368537,0.4959707246429993,0.49597072464299935,0.40511966882226524,0.9334480253657692,0.5774408890379485,0.6775054953728765,0.6775054953728764,0.2757641995124129,0.9446978854315438,0.8165064831199543,1.0103374761567991,1.2550448542660937,1.2270285766973665,0.987548270000166,0.9923439093098352,hjorth_mobility,hjorth_complexity,1.5290245701639904,1.099638243334261,1.0991101850945515,1.0486029708306792,0.55314953938199,1.114701726362352,0.3253998537807282,0.6856814120431789,1717,eeg_data_level_4.csv,0,TP9,120.0078125,130.00390625
0.1985473584883211,0.19854735848832114,0.14716770176224464,0.44591320438535226,0.23200726462841179,0.41798814244347104,0.41798814244347104,0.3802201018229074,0.5427721218516885,0.4566126385479588,0.40248857495212853,0.40248857495212853,0.5027550510126766,0.26441987427119124,0.3317506665779541,0.4120024042520153,0.4120024042520153,0.2838604871854384,0.41256221208215604,0.5126955535560369,0.7050062946019479,0.7050062946019477,0.2915619958373949,0.9473861654089243,0.8330930931551139,1.0278263188770838,1.2637288397866397,1.084276198122997,0.8902170754514782,1.0842212395500548,hjorth_mobility,hjorth_complexity,1.538217102649946,1.1603434607496579,0.9738089578118662,1.056744298243961,0.3451065710303566,0.9554586225963017,0.31534659702639695,0.6750062190113697,1717,eeg_data_level_4.csv,0,TP10,120.0078125,130.00390625
0.3264526414671349,0.32645264146713493,0.28888391641282046,0.49621119881912146,0.32749195795324293,0.12428102550265134,0.12428102550265134,0.13828812458977352,0.05678899441132323,0.1057345560006891,0.09707753617602859,0.09707753617602857,0.0755120203051615,0.11742805568733262,0.09619737437060254,0.536313280449823,0.536313280449823,0.5777630960929809,0.9618734695127614,0.4782790199680491,1.475960591196157,1.4759605911961566,4.44181005146005,1.6001455446726212,1.132477786828525,1.2041940456126161,0.4293052157065674,0.29499101273717027,0.9297462984538222,1.6168119708017292,hjorth_mobility,hjorth_complexity,1.532088747659309,1.4107231807908902,1.016756860058078,0.6317670072706577,1.2433626814427032,1.194323278245377,0.36340113514547645,0.7246141983592647,1717,eeg_data_level_4.csv,1,AF7,130.0078125,140.00390625
0.1439810867364652,0.1439810867364652,0.1421698106366553,0.1857057902613259,0.1265429440060256,0.0957729555603429,0.09577295556034292,0.0686308454513162,0.07056911474943271,0.11819685900296419,0.17590691066747557,0.17590691066747555,0.13589897103198595,0.20104702125562052,0.20656033715813862,0.5280288157334744,0.5280288157334745,0.29022334919118625,0.8032820714223788,0.6575358089953527,1.2737380094259696,1.2737380094259692,0.691102017383425,1.3036210653216098,1.4558670356389694,1.0433698894187093,0.5871273067144744,0.8161795680091802,1.5804795910806944,2.5980345743954456,hjorth_mobility,hjorth_complexity,1.4646768427622991,1.4182239632770077,1.1806151795244688,0.7164368123687871,0.4601420947071421,1.1412422436566936,0.16845978597276517,0.4933575991771551,1717,eeg_data_level_4.csv,1,AF8,130.0078125,140.00390625
0.43888712731917706,0.43888712731917706,0.47513207095705623,0.46750538562473565,0.43101167959540754,0.969395294678512,0.969395294678512,0.8784910071803659,0.6545503776033849,1.1533404919486734,0.7721468826685269,0.7721468826685269,0.6658757883456305,0.697358149646727,0.7552436146640124,0.6402158542134462,0.6402158542134463,0.46910902749636735,1.3420278638380467,0.7504441478705746,1.4110824299431093,1.4110824299431088,0.6319266460278241,2.1269325225958986,1.6900595722709366,0.9813677133671584,1.295529166640091,0.9962873054324031,0.6642444122326678,0.9996614599691889,hjorth_mobility,hjorth_complexity,1.5228962151733534,1.0976905398622299,1.1044798381646228,1.300984120642411,1.7793792704898528,1.2208637955397188,0.6257012785348449,0.9508176193463546,1717,eeg_data_level_4.csv,1,TP9,130.0078125,140.00390625
0.41799063840186385,0.4179906384018639,0.4060148260216015,0.5967641661050339,0.4149193212078675,0.961051361997427,0.961051361997427,0.8922496711477048,0.632673780913784,1.1387500370905959,0.6650907449731606,0.6650907449731605,0.6671268139125043,0.44449000753868223,0.6087374142442697,0.5863120854968678,0.5863120854968678,0.45190785356568414,0.7688364338559576,0.6820723717996499,1.2825824962164378,1.2825824962164378,0.6959696475957449,2.0642941800190986,1.4561597127150374,0.9957661221334263,1.3173087216082808,0.9071069423565166,0.6332955974179957,0.9536435551501273,hjorth_mobility,hjorth_complexity,1.4554843102763435,1.1116692404656137,0.9715529577372879,1.2977275896770986,1.725532855151783,1.008539657184985,0.6059198796202515,0.9356669738007165,1717,eeg_data_level_4.csv,1,TP10,130.0078125,140.00390625
0.42029988201054636,0.4202998820105463,0.5599043989607707,0.21298559368071035,0.3293408032171881,0.09130301143171839,0.09130301143171837,0.1240996310154119,0.14687843928479674,0.07587666902245184,0.14771494895219395,0.14771494895219395,0.12660384994216314,0.2038084133840857,0.14299338189015387,0.3140670680234016,0.3140670680234016,0.16369603492893425,0.3789042324161833,0.4053258131043425,0.6030293327042312,0.603029332704231,0.5196688431281565,0.646373331449542,0.6361415466199654,1.0568103501730264,0.2923790173681563,0.3571712318097817,0.5078604136299981,0.6681212853686992,hjorth_mobility,hjorth_complexity,1.0234352834364184,1.314513204605118,1.2145390814723662,0.38589891938955123,0.9300744467484788,1.6985931068378695,0.3822763289640916,0.7431943564428957,1717,eeg_data_level_4.csv,2,AF7,140.0078125,150.00390625
0.05311832801874263,0.05311832801874263,0.040001288408125495,0.085788750919155,0.05897484904049734,0.06589348003769625,0.06589348003769625,0.07213927928155037,0.04004454710735573,0.07771315939531603,0.11579225173094601,0.115792251730946,0.09269674530785635,0.1931327538718221,0.13183874215826336,0.2887567309035059,0.2887567309035059,0.22181134886837353,0.5844908096604414,0.3371159868760017,0.597857393919463,0.597857393919463,0.2332862378779517,0.8218629650451104,0.7206432233996836,0.9941055978652937,0.8186426177220422,1.1566285558266185,1.9258634627333728,2.814475836140376,hjorth_mobility,hjorth_complexity,1.3206605004823242,1.377264806295466,0.7834659432550725,0.3093704417047035,0.362239521365197,0.9023775880076182,0.06265860350348845,0.3008874373147005,1717,eeg_data_level_4.csv,2,AF8,140.0078125,150.00390625
0.5275093716182909,0.527509371618291,0.45432459155853444,0.7815542891426046,0.5275323006609477,1.0171246056159968,1.0171246056159968,0.8387685802207052,0.8171264608423804,1.2142284008294093,0.8919242191093103,0.8919242191093102,0.7784412192580376,0.9561020453734698,1.0171847026017184,0.5743378325257636,0.5743378325257636,0.41198769391029305,1.0295044455612234,0.64588415833468,0.914911019165652,0.9149110191656518,0.3960381410857926,1.5575301305326394,1.0763939193283383,1.0462294223867512,1.235196424679504,1.0240479548986414,0.5423039728453133,0.616825269457832,hjorth_mobility,hjorth_complexity,1.3850082278840152,1.0576767291755644,1.1712462535949175,0.9623049002498936,0.5311214603800524,1.2208637955397188,0.4964244205093295,0.8469158650836828,1717,eeg_data_level_4.csv,2,TP9,140.0078125,150.00390625
0.5050393398711903,0.5050393398711904,0.42926182168643684,0.6622434747401499,0.5016969001149848,1.0449600975158462,1.0449600975158464,0.8745212120135448,0.7080932803077583,1.1668861640096784,0.6586996018674858,0.6586996018674857,0.6327143293445342,0.7644758963615831,0.6412513746015819,0.5967122250022159,0.5967122250022158,0.41185064242111863,0.5981355759587326,0.6772575459384662,0.9834822640515996,0.9834822640515992,0.5531889268380651,1.2671238037112615,1.124902086452065,1.0326796382831045,1.2720874910147348,0.8182601331084307,0.5753783787545373,0.6714692657468602,hjorth_mobility,hjorth_complexity,1.5259603926686718,1.1010609361108843,1.1080223176205726,0.9606766347672373,0.5360165890471497,1.1412422436566936,0.4834246591922758,0.8357532990293673,1717,eeg_data_level_4.csv,2,TP10,140.0078125,150.00390625
0.5574601402154621,0.5574601402154621,0.5172420249832339,0.3949696576596404,0.550146320830164,0.1795956698629509,0.1795956698629509,0.18200526434611802,0.3314618070429709,0.17368500437224513,0.5857966528157648,0.5857966528157647,0.42260908114638646,0.7086763536430215,0.7370840795227911,0.7380420114838984,0.7380420114838984,0.5007074188514508,0.5976872128409096,0.8191425996376636,0.9192163623094993,0.9192163623094992,2.452383424471748,0.5711558307626421,0.7349249777737028,1.1243490576450732,0.386712768788515,0.8357896208923604,0.770624733240577,0.6769856667464553,hjorth_mobility,hjorth_complexity,1.2593769505759516,1.293491863209254,1.2922871832161051,1.1316445104461523,0.9863684264200973,1.4862689684831358,0.48042773865003313,0.8331587063448371,1717,eeg_data_level_4.csv,3,AF7,150.0078125,160.00390625
0.03000261128032343,0.03000261128032344,0.024196199600061617,0.02997020255543042,0.03239382962134371,0.039012867479642506,0.039012867479642506,0.029052443622184156,0.07082375487944628,0.03898107801956395,0.11399196653973301,0.11399196653973301,0.1324159302041083,0.1165443823139082,0.08458201797563158,0.23447475926992897,0.23447475926992897,0.16843117053342058,0.5415491468685167,0.27543022977488146,0.5310240244342417,0.5310240244342417,0.2665518393713244,1.0046314855442722,0.5762303127755439,0.8916754163951993,0.7822587155571409,1.5308535805155794,2.3031975716486657,3.6268752526723578,hjorth_mobility,hjorth_complexity,1.4003291153606086,1.417179979021058,0.901691533940216,0.25400941529438814,0.22028079001937656,1.008539657184985,0.044146538132507435,0.25255852131492995,1717,eeg_data_level_4.csv,3,AF8,150.0078125,160.00390625
0.20428633978021332,0.20428633978021335,0.15005061930836427,0.22732035351054536,0.23659428312537886,0.5220518052170315,0.5220518052170315,0.3933284977330032,0.8095504978571137,0.5254091733381101,0.6910143926670087,0.6910143926670086,0.6901370410852911,0.37595652635284155,0.6568729353626777,0.4555433843226687,0.4555433843226687,0.35838921636347504,0.8478755351508495,0.5792121462087221,0.7953442042142299,0.7953442042142298,0.5196504144979182,1.00931044797408,0.8916783461853319,0.9600918819296512,1.370003170015629,1.5265344104382803,0.8778800045157505,1.0807324264619733,hjorth_mobility,hjorth_complexity,1.41871418033252,1.1880362661932498,1.1254830124126616,0.9346243870447359,0.3279736206955162,1.1677827609510354,0.2080971840625991,0.5483360527992757,1717,eeg_data_level_4.csv,3,TP9,150.0078125,160.00390625
0.2040074415934388,0.2040074415934388,0.16004747731907354,0.25092708044674555,0.2278991747929833,0.49937609516578507,0.49937609516578507,0.4213284929467193,0.5436384560644102,0.48924387379716455,0.6946152590596277,0.6946152590596276,0.6833883628536164,0.532830734564763,0.5715190942731599,0.5471268090730517,0.5471268090730516,0.4425633371782853,0.8109326109678341,0.601973848845267,0.7214950955290503,0.7214950955290501,0.3951304054482594,1.0568478911755452,0.8089562780617049,0.9610519072528839,1.3162259836111447,1.5404798036391734,1.0249672329884183,1.0014681732795583,hjorth_mobility,hjorth_complexity,1.5198320376780345,1.1887228381656239,1.090971804660225,0.9118286702875472,0.3720297786993915,1.114701726362352,0.20843721431390222,0.5487838597789492,1717,eeg_data_level_4.csv,3,TP10,150.0078125,160.00390625
0.34215606595873294,0.34215606595873294,0.5848541756553515,0.16669145183954415,0.15619388007736593,0.11521916934756404,0.11521916934756406,0.16242158173722743,0.10343124333771674,0.1080355683666564,0.14109341544390192,0.14109341544390192,0.1180502350266834,0.15553907891246668,0.14314190709861987,0.3388623320715221,0.3388623320715221,0.35786030003414143,0.5065948399890995,0.38860453207986767,0.595557899164419,0.5955578991644189,2.0219295897456124,0.3691694017857977,0.44212510449021314,0.9050559756891347,0.3762025942591551,0.376137407422696,0.5862479594435122,0.6771672501105032,hjorth_mobility,hjorth_complexity,1.1429382057538444,1.3146527719450818,0.8373209532998662,0.6171126179267508,0.6461569840568379,1.194323278245377,0.3263545512170037,0.6866865428569771,1717,eeg_data_level_4.csv,4,AF7,160.0078125,170.00390625
0.03494623505762483,0.03494623505762483,0.02948124281149613,0.05106609376219277,0.04078321843311907,0.06996929588740113,0.06996929588740113,0.040729411542269646,0.14539633984535671,0.08462633088609908,0.12465763928523456,0.12465763928523454,0.1166357847565653,0.11944511867800775,0.1428903575286471,0.24676266353357793,0.24676266353357795,0.13058042163810343,0.5252930444178434,0.3113957031738557,0.41765912528920185,0.41765912528920174,0.15658723088794832,0.5532659611632494,0.4873194283196318,0.8900670654335757,1.0866750066005126,1.4982112990410577,2.1242263205758056,2.6078498225491353,hjorth_mobility,hjorth_complexity,1.2195426431368102,1.2886785165362364,0.9687003295438126,0.31588350363532886,0.256994255022606,1.0881612090680102,0.050551174159589374,0.27025847601813685,1717,eeg_data_level_4.csv,4,AF8,160.0078125,170.00390625
0.41009882221761806,0.410098822217618,0.2878031373091971,0.45081898969070994,0.5002773528034015,0.8085766307163863,0.8085766307163863,0.840854774238301,0.8964189247463343,0.7527619070886507,0.6306905706596945,0.6306905706596945,0.6611515522289895,0.41880508717127696,0.6506696908778734,0.6648949114657563,0.6648949114657563,0.386024707796242,0.8967627372084142,0.8750766578183213,0.6748964348204078,0.6748964348204077,0.2676439912583623,0.898896097676961,0.7879482624580183,1.0514371407517378,1.2413175351447499,0.9149018709328781,0.7600259883822018,0.5824768770569282,hjorth_mobility,hjorth_complexity,1.4432276002950692,1.0527760406782767,1.0636760682206965,1.071398687587868,0.4234286297039127,1.0616206917736684,0.39990588086146533,0.7601382647165773,1717,eeg_data_level_4.csv,4,TP9,160.0078125,170.00390625
0.3911359814347791,0.3911359814347791,0.29235687178692926,0.49592023258038653,0.4241090378707501,0.8944321393690289,0.8944321393690289,0.9925442720591525,0.7804927710577909,0.7891213576097348,0.5518368888272225,0.5518368888272224,0.513216628372474,0.34812673445367864,0.5537394830437822,0.49601021555836905,0.49601021555836905,0.3171208317740812,0.8596322541108949,0.5656609428989864,0.8245835263074358,0.8245835263074357,0.29130173891396827,1.6946771003410919,0.9648412294162787,1.0317979408523914,1.3216701030835518,0.8323115305252659,0.5967637084806224,0.7043989222963979,hjorth_mobility,hjorth_complexity,1.516767860182716,1.1600732507909803,0.972569090002284,1.1576967581686537,0.3695822143658429,0.9554586225963017,0.3977524935671015,0.7580889305568419,1717,eeg_data_level_4.csv,4,TP10,160.0078125,170.00390625
0.05184784393828212,0.05184784393828212,0.056021979115474047,0.021229010046112023,0.06614636233971115,0.038946011924720504,0.038946011924720504,0.026885472748940282,0.06776860610312474,0.04394361314608085,0.07797766616669619,0.07797766616669617,0.05236061747399156,0.12014080262291124,0.08801184347888237,0.2711258431141888,0.2711258431141888,0.21376395832508868,0.385601150766077,0.31259143107190934,0.5593155009603182,0.5593155009603181,1.514953076136815,0.5363607560492999,0.42217324889859414,0.9397656034056708,0.6121195522512897,0.9021037327487901,1.9520009203961612,2.668087792796174,hjorth_mobility,hjorth_complexity,1.5045111502014419,1.433057507925641,1.2126093624003096,0.36310320263236256,0.23007104735357106,1.380106899305769,0.0683716246509641,0.31430526033781886,1717,eeg_data_level_4.csv,5,AF7,170.0078125,180.00390625
0.02775676509913273,0.02775676509913273,0.02080129201973148,0.0656375860354763,0.02789250879116531,0.046472650859059585,0.046472650859059585,0.0279104762311776,0.06175179002733267,0.05911969599073883,0.09450617344361219,0.09450617344361217,0.05944626777132533,0.10279966178959771,0.11828176646499944,0.2429036770644687,0.2429036770644687,0.11753410402760782,0.4470438560408376,0.3217293899401782,0.44824032025764177,0.4482403202576416,0.2368673109715268,0.6254081531628414,0.4970952378738123,0.897938610950172,0.9350479261099823,1.4400747601681438,2.4979271685044178,3.304662354975302,hjorth_mobility,hjorth_complexity,1.332917210463599,1.354988974243415,0.9765217512899752,0.3093704417047035,0.19091001801679303,1.0881612090680102,0.04461740606257489,0.25390184615679384,1717,eeg_data_level_4.csv,5,AF8,170.0078125,180.00390625
0.142670952438457,0.14267095243845704,0.10457361496365825,0.18923721222758086,0.17036214301196928,0.3451497549248207,0.3451497549248207,0.24852782384081834,0.4705237739207337,0.38672883500247224,0.46281256032275575,0.4628125603227556,0.5417156839855861,0.3048851912641636,0.3543541497832534,0.6014685881440516,0.6014685881440517,0.3524190123283563,0.5256638939712955,0.7162506066476976,0.713293000032989,0.7132930000329888,0.3776783996579467,1.0439019064290824,0.8242631405901999,0.9423232547622017,1.3033776416060283,1.428904891927466,1.4683794686588834,1.3193644167257077,hjorth_mobility,hjorth_complexity,1.5351529251546276,1.1499425714356128,1.1185099212730552,0.9769592895938006,0.3989529863684264,1.194323278245377,0.2193136753999689,0.5629198409631927,1717,eeg_data_level_4.csv,5,TP9,170.0078125,180.00390625
0.15590506639982693,0.15590506639982696,0.11679290257938958,0.2577074194101318,0.1700402695843561,0.332912282154956,0.332912282154956,0.27177389230204857,0.28376801893647413,0.3328708637377918,0.36869692310273394,0.3686969231027339,0.42126373566232683,0.2712300882453216,0.29678633428540224,0.6158370665286531,0.6158370665286531,0.4032177607931611,0.6104949844950911,0.7764706747628687,0.8416277850069104,0.8416277850069102,0.45480656434776107,0.5990361898914542,0.9798425581132006,0.9741262012135125,1.2166547888343573,1.166830653024839,1.439697499700532,1.4697733289037065,hjorth_mobility,hjorth_complexity,1.6699767349486467,1.2281000658860617,1.0204764634868253,0.9964984753856766,0.45769453037359353,1.0616206917736684,0.2321451205435527,0.5791532256856318,1717,eeg_data_level_4.csv,5,TP10,170.0078125,180.00390625
0.09210036826693206,0.09210036826693208,0.11902471033002043,0.054213462992471935,0.06292254450215415,0.06250509229958999,0.06250509229958999,0.042221671959987606,0.12387852869245232,0.07010593355911467,0.2143367292758989,0.21433672927589886,0.14549409638055427,0.39142563282927917,0.25877419663734536,0.4544430921162398,0.45444309211623984,0.32916782405111567,0.7884224807343333,0.5081010327534071,0.700680593624052,0.7006805936240518,1.2893577421351832,0.6302341144169353,0.5995727531718734,0.9137847816224122,0.5662336282539987,1.2891971200459789,1.8751248109602334,2.0298692564189356,hjorth_mobility,hjorth_complexity,1.1337456732678886,1.313882370302429,0.7163266352504672,0.44940127321314827,0.5213312030458579,0.9819991398906434,0.11737687047905174,0.4118176564162644,1717,eeg_data_level_4.csv,6,AF7,180.0078125,190.00390625
0.34176477655671533,0.34176477655671533,0.3573652125647102,0.29532857885727987,0.29500900525599466,0.21415536406863056,0.21415536406863056,0.1533825266122092,0.28652281236236365,0.25450891636619505,0.4586818584802105,0.45868185848021037,0.37611278789838,0.611859885741974,0.5412712879230727,0.6472477881593607,0.6472477881593606,0.5217067006244229,0.49032243406006176,0.6801751564158108,0.5255657775397056,0.5255657775397055,0.21806395080413177,0.6438216003020206,0.5923996787328238,1.0883036576172527,0.6417416505054488,1.0035375525140053,1.0158796561519092,0.6561771633349797,hjorth_mobility,hjorth_complexity,0.3462520569710038,1.015004397396586,2.7117680235295216,0.9541635728366119,0.9104939320800898,2.839835350494563,0.5268449725010925,0.8724792756203188,1717,eeg_data_level_4.csv,6,AF8,180.0078125,190.00390625
0.5717249361922141,0.5717249361922142,0.5180131346756703,0.9842930827569187,0.6050575248326489,0.9623296102646028,0.9623296102646028,0.7845336041046893,1.2801555184715367,0.9414679211462793,0.761778164508751,0.7617781645087509,0.6137678878014212,0.7211387588000084,0.8488568819869269,0.7328756807152957,0.7328756807152957,0.44259367568949703,0.9296453767036978,0.8807612638519967,1.5087362781838867,1.5087362781838864,0.6447929855585119,1.760596125391051,1.6684595132442708,1.0390530486678378,1.1124420820975647,0.8291716385455875,0.6142533821786739,0.8692917060857364,hjorth_mobility,hjorth_complexity,1.1000397208193837,1.245158910850654,0.9662858501251521,0.9948702099030203,1.059795356426556,1.3270258647170856,0.6752478173408851,0.9877460332644158,1717,eeg_data_level_4.csv,6,TP9,180.0078125,190.00390625
0.4583879647930661,0.4583879647930661,0.316742989232115,1.1129298866108128,0.48107534779980327,0.8990739815594999,0.8990739815594999,0.7197778632682645,1.388868046411394,0.9165080796919068,0.6994455242812652,0.699445524281265,0.6947285146413255,0.6268592422856815,0.7113058659351269,0.8497137031913059,0.8497137031913059,0.5401927940029547,1.5336972516240865,1.0370606807580753,1.5385441092703294,1.5385441092703291,0.7336750453716157,2.32012678286428,1.728222074472361,1.035471579022187,1.2072582608980205,0.8886224759822364,0.8135364040115812,1.0388899856728162,hjorth_mobility,hjorth_complexity,1.2287351756227658,1.2561649591852744,1.0151347773598276,0.968817962180519,0.6975558350613591,1.2208637955397188,0.5253157608128568,0.8712121333449097,1717,eeg_data_level_4.csv,6,TP10,180.0078125,190.00390625
0.003680716514214317,0.003680716514214317,0.0038350205614451935,0.003769511575750851,0.0038504914835209153,0.012618968036073128,0.012618968036073128,0.00944996589362449,0.01858709036793903,0.01279404881448318,0.03712381815677865,0.03712381815677864,0.031625144205942014,0.0528090833414728,0.03959719378331309,0.4054720211204831,0.4054720211204831,0.6878111400288971,0.3181562190088625,0.2565215398405704,1.1129931767095431,1.1129931767095427,6.216917019038042,0.45284550385320516,0.41445778760981855,0.25307480477245897,0.4216809055663387,0.8405463556361209,4.128972877637514,6.423440952013347,hjorth_mobility,hjorth_complexity,2.0407422118821996,1.584751725463401,1.0828427465402561,0.17422440664422778,0.2178332256858279,1.3004853474227438,0.03219111283165827,0.21566600566908017,1717,eeg_data_level_4.csv,7,AF7,190.0078125,200.00390625
0.055358898706578244,0.05535889870657825,0.04081037453804516,0.10325469251197081,0.05518312913246769,0.07341972819374074,0.07341972819374072,0.07545791663386572,0.0914415255346777,0.06500335242988112,0.1881192003422485,0.18811920034224847,0.16756339034930093,0.1925151913616986,0.1831189981742313,0.3236850653993203,0.3236850653993203,0.21875453953891355,0.4347052075645354,0.40535733718489386,0.34052442556837725,0.34052442556837725,0.18621798963431843,0.44738888278970834,0.3765116193488132,0.9977886165513207,0.872706287243715,1.6354050467756522,2.0584679829790216,1.6855071460299629,hjorth_mobility,hjorth_complexity,0.9407024910628157,1.1009992414492171,1.1159556071390284,0.3077421762220472,0.19580514668389026,1.2474043128340604,0.08738300701780491,0.355326168169048,1717,eeg_data_level_4.csv,7,AF8,190.0078125,200.00390625
0.1742704918606309,0.17427049186063087,0.14269075603397768,0.3179963819841775,0.15594311938740207,0.3675029416401718,0.3675029416401718,0.2809429785507246,0.6301776345762431,0.42689952296836925,0.4405083904994528,0.44050839049945284,0.4066591048011101,0.4497257288072372,0.4532299995150338,0.46010484734559515,0.4601048473455951,0.2787034648794902,0.6634564392780801,0.5913411127964975,0.6820265259659569,0.6820265259659568,0.2514095719957204,0.9921612403947045,0.8285529377945882,0.9951157027059916,1.2588775294015895,1.2936550231700008,1.069806899705675,1.153473309573248,hjorth_mobility,hjorth_complexity,1.571923055098451,1.1871450288843217,1.0915963997221951,0.8988025464262965,0.4430091443723017,1.1677827609510354,0.206544453784397,0.5462865003845306,1717,eeg_data_level_4.csv,7,TP9,190.0078125,200.00390625
0.18507741790500842,0.1850774179050084,0.13860854982385254,0.37355052710843245,0.17815934285687787,0.33772196141097494,0.33772196141097494,0.2794794514806937,0.3054889889537243,0.4201296019558364,0.3305766193325568,0.3305766193325567,0.26903885887886075,0.3237218194665479,0.41815335098191514,0.4242210454007,0.42422104540070005,0.26566589192209017,0.6615937821636233,0.5263702486288575,0.7849273666997106,0.7849273666997105,0.2760155911607469,1.3826105262412012,0.9497741976742,1.0371351064146646,1.162803848414928,1.034282679819311,0.9939398569097216,1.2966974553422472,hjorth_mobility,hjorth_complexity,1.6086931850422743,1.2844763673430868,1.0503451586890964,0.8694937677384825,0.46258965904069077,1.0616206917736684,0.20910431060095058,0.5496613403867971,1717,eeg_data_level_4.csv,7,TP10,190.0078125,200.00390625
0.008832866055668022,0.008832866055668022,0.007045128088105845,0.01338344482191184,0.009530908614431984,0.019178687082807462,0.019178687082807462,0.011416224365014313,0.04605900381650403,0.022331914271971204,0.04623241503301308,0.04623241503301307,0.0344895845764533,0.07626819578549728,0.05073670589101143,0.2571171149348857,0.2571171149348857,0.22078107942281083,0.4338244113475483,0.2729791865770083,0.5891199344661172,0.589119934466117,1.799272218897329,0.290053669039087,0.4288147698813951,0.5830128532475196,0.7095388260053305,1.2181548917362959,3.880773679551432,5.741658733537372,hjorth_mobility,hjorth_complexity,1.8415706746864893,1.5365866608440832,1.1492455917105981,0.2035331853320418,0.16888193901485535,1.3004853474227438,0.025893670157910678,0.19342406468864692,1717,eeg_data_level_4.csv,8,AF7,200.0078125,210.00390625
0.1257854314731777,0.12578543147317772,0.12518399582386583,0.1056788569444117,0.0960010448899435,0.0577782313885328,0.057778231388532796,0.0559226934360456,0.10021957997772939,0.0577457754522808,0.1553095158864374,0.15530951588643738,0.11732611759707123,0.17964186369104432,0.1833881403419315,0.31606597985506835,0.31606597985506835,0.195018054295656,0.4956179933218994,0.3756822723671889,0.41758352575423163,0.4175835257542314,0.2205531353973981,0.5080692867933605,0.4556225842879557,1.0395010764322938,0.4719639621352355,0.8810991340645338,1.2342525310935504,1.2035958581244812,hjorth_mobility,hjorth_complexity,0.8150712137547523,1.1969512544056007,0.7351204209957164,0.2654072736729825,0.3548968283645511,0.8758370707132764,0.13742528408868443,0.4456018871546026,1717,eeg_data_level_4.csv,8,AF8,200.0078125,210.00390625
0.17595895390001087,0.1759589539000109,0.10886838496927552,0.3510196710863032,0.20907445159421503,0.42777641312411185,0.42777641312411185,0.3233054390393886,0.5067240584722787,0.5092866765231955,0.5119527463344989,0.5119527463344989,0.5124165992516378,0.45493990795207395,0.567578688144812,0.5608447818322868,0.5608447818322868,0.3747061815571224,0.6687643081214721,0.6604088129894955,0.9666685908995472,0.966668590899547,0.42214272865463653,1.4012514405716747,1.1182697628138758,0.9690469760193812,1.3005446099774507,1.3515794578108473,1.1724898141940758,1.4479179181780766,hjorth_mobility,hjorth_complexity,1.5106395051920787,1.2507924744894539,1.1241499214595014,0.8646089712905135,0.3181833633613217,1.1677827609510354,0.22789099865451873,0.5738221198076064,1717,eeg_data_level_4.csv,8,TP9,200.0078125,210.00390625
0.20736025533089117,0.20736025533089117,0.12809103579489298,0.4771096698114019,0.24949340444645945,0.4448785515136961,0.4448785515136961,0.3376639944924774,0.6965827672109888,0.5397934070643734,0.3921379680782178,0.39213796807821777,0.2790441078553294,0.46658034541375015,0.4768024768183486,0.5462206077690336,0.5462206077690337,0.424957272146883,0.5015435782131419,0.6752385554557331,1.1024342439444834,1.102434243944483,0.4674626956494615,1.50221059697188,1.3106754202011286,1.0114066529305152,1.2571988751630123,1.031858018178516,1.0516704338667822,1.493016177796938,hjorth_mobility,hjorth_complexity,1.6791692674346026,1.3261080395464135,1.0757577876283566,0.9134569357702036,0.3867151647006833,1.0881612090680102,0.2500417730675992,0.6010629861511676,1717,eeg_data_level_4.csv,8,TP10,200.0078125,210.00390625
0.005991652642933702,0.005991652642933702,0.003506886720534797,0.015556097867605801,0.006950983765368897,0.02455725318751592,0.024557253187515917,0.019907139547984225,0.02926274670348485,0.029991599370672587,0.04653984377071196,0.04653984377071194,0.03149009979026245,0.0877915756972561,0.05352799321606679,0.27778308121302964,0.27778308121302964,0.4316051802427378,0.26033434472064376,0.20188650644280928,0.7210102908522706,0.7210102908522704,3.4460809578089626,0.29601115803353706,0.38785603309144046,0.42639002548266147,0.7999510225550364,1.162939806660639,3.6408666883164034,5.695303575640513,hjorth_mobility,hjorth_complexity,1.9733303069851897,1.5446332970801362,1.1569924349418987,0.19702012340141645,0.22028079001937656,1.3535663820114272,0.027813906667358963,0.2004678331944707,1717,eeg_data_level_4.csv,9,AF7,210.0078125,220.00390625
0.04500510590530696,0.045005105905306965,0.030999802992936285,0.07799201947525915,0.05594616076653086,0.08557659047300484,0.08557659047300482,0.06555966318706581,0.055638797727175233,0.09303580310869698,0.13422212942630224,0.1342221294263022,0.09925115088178618,0.22343148411405775,0.1552418485752847,0.2238124764057081,0.22381247640570806,0.11931939351010877,0.5444834631251508,0.2781942651932303,0.36524424086239693,0.3652442408623968,0.22601520691310586,0.5544871261637238,0.3785322319400491,0.9680149021693502,1.0916012305028107,1.429619786366564,1.7306194035980507,2.032426481478297,hjorth_mobility,hjorth_complexity,1.0847188333427908,1.2129455317994269,0.627410400906129,0.19539185791876013,0.3034979773600299,0.6900534496528845,0.060049209651094,0.2945556432491335,1717,eeg_data_level_4.csv,9,AF8,210.0078125,220.00390625
0.14178977530531423,0.14178977530531425,0.11663896074123004,0.07654392295340597,0.15560349157345305,0.36002518297332176,0.36002518297332176,0.23756934203558333,0.6558106532405533,0.4329360952228322,0.6086203793976483,0.6086203793976481,0.4714637561807327,0.42469744490148453,0.7935979263786197,0.5848227017191415,0.5848227017191415,0.3951091520684044,0.8690138350666379,0.7810832871350422,0.7654780875488744,0.7654780875488741,0.3031907174869028,1.5132576515580367,0.8917392937493573,0.8999069978751573,1.319967045672296,1.7816306791172665,1.3949795226946804,1.3698493800288623,hjorth_mobility,hjorth_complexity,1.5535379901265391,1.1884570020595333,1.136418087154317,0.7620282458831644,0.26433694802325186,1.1677827609510354,0.16526323307549,0.4886544094731911,1717,eeg_data_level_4.csv,9,TP9,210.0078125,220.00390625
0.1533333028392136,0.1533333028392136,0.12155980718737724,0.05630962961321979,0.2213155153328106,0.3022199150449639,0.3022199150449639,0.27829332567309967,0.38991594086886383,0.32475994296442706,0.5048022756415749,0.5048022756415746,0.4434151698713796,0.35789754362403314,0.4855183741074922,0.5165895141402541,0.5165895141402541,0.3182050883911055,0.7740828967061347,0.5738299224569332,0.8968378492658478,0.8968378492658475,0.3429432658731493,1.6673810804689697,1.0183583893403865,0.9449204705248325,1.1561495885482647,1.5477356415877146,1.2755144994295597,1.594635823806027,hjorth_mobility,hjorth_complexity,1.740452817340975,1.2914438944178197,1.1453954758808422,0.7196933433340997,0.25209912635550874,1.1677827609510354,0.1625813705044992,0.48467329345408067,1717,eeg_data_level_4.csv,9,TP10,210.0078125,220.00390625
0.008082286299170774,0.008082286299170776,0.007173033606923115,0.010718528831899408,0.00897284099317532,0.01265904535513451,0.01265904535513451,0.010494254300037722,0.019186018197680975,0.014519351004393428,0.04150227281740488,0.04150227281740488,0.033627877756991255,0.06271545081965511,0.0442879849364395,0.3423774116780116,0.34237741167801167,0.6051236002183062,0.28885487444619706,0.21624775774314506,0.8666203899522968,0.8666203899522967,4.497539121873103,0.4029323175655311,0.38290524763826567,0.47861890306978777,0.44665422251545817,0.9679296326608022,3.833385686740479,5.880755309155822,hjorth_mobility,hjorth_complexity,2.102025761788572,1.5597444827698819,1.0835419201170882,0.1856222650228221,0.17622463201550123,1.3004853474227438,0.02954673071279324,0.2066181252958446,1717,eeg_data_level_4.csv,10,AF7,220.0078125,230.00390625
0.028847400881080478,0.028847400881080485,0.02523097868019912,0.045558302865697814,0.03149831178761925,0.053359884019709966,0.053359884019709966,0.04434336290539841,0.0873689284068725,0.05694842108252317,0.09602647632159918,0.09602647632159916,0.06867305203810807,0.15184276041634032,0.10363917031178621,0.2125193381778557,0.2125193381778557,0.1464303732942922,0.5413157833491153,0.2608257176129642,0.3767039962869128,0.3767039962869127,0.31484995626798157,0.2039802511574702,0.4168844848311273,0.8942118929208578,1.0136143115202185,1.437142149467692,2.2026866606846567,2.7954750510541047,hjorth_mobility,hjorth_complexity,1.2961470805197752,1.2828693836036484,0.6410489468115355,0.17259614116157143,0.3304211850290648,0.7696750015359096,0.04507560231840811,0.2552022323782919,1717,eeg_data_level_4.csv,10,AF8,220.0078125,230.00390625
0.08504135584246526,0.08504135584246528,0.0631043160568115,0.09166097206954361,0.11005475022054895,0.20100090629927644,0.20100090629927644,0.127023594564652,0.29195098132784647,0.25642459498207015,0.30973958230318294,0.3097395823031829,0.33188099003156507,0.29827602428774425,0.29531818956855704,0.5482883040057587,0.5482883040057587,0.3197145672631585,0.656839400306988,0.7288607031425678,0.7857850242770416,0.7857850242770414,0.41608935051412954,1.202666051629402,0.8372814989788088,0.8969877026958539,1.2123609973270484,1.497535057752304,1.9617428105864534,2.087447258149557,hjorth_mobility,hjorth_complexity,1.7190035748737449,1.2567999886812344,1.1021772265182554,0.8906612190130149,0.362239521365197,1.1677827609510354,0.1422509169093467,0.4533579511421782,1717,eeg_data_level_4.csv,10,TP9,220.0078125,230.00390625
0.08306107827759876,0.08306107827759876,0.050492236474279834,0.13858892109700272,0.10137572210286487,0.22087140929381702,0.22087140929381702,0.15248505431316992,0.2430108304991617,0.2565770626941268,0.28763332178657985,0.28763332178657985,0.2661616709111487,0.3174517378085117,0.2278937822958509,0.4401165567818221,0.44011655678182215,0.2522617849117002,1.0397769598493165,0.5508728623243225,0.803524155508542,0.8035241555085417,0.31991389199523534,0.943437836011226,0.9806252372160187,0.9026884233769074,1.2932547990037295,1.4296511543784522,1.6495464833233813,2.146481311329283,hjorth_mobility,hjorth_complexity,1.70674686489247,1.3470249804060244,1.0596022168463544,0.8727502987037952,0.2667845123568005,1.1412422436566936,0.14441191424610678,0.4567885530576553,1717,eeg_data_level_4.csv,10,TP10,220.0078125,230.00390625
0.007228250805206369,0.007228250805206369,0.005577962436802562,0.013762611277373943,0.007797520370797488,0.01927337976433013,0.019273379764330138,0.01167480055540876,0.03873380939865456,0.02378578358130252,0.05136539170993829,0.05136539170993829,0.03683791118043427,0.07527225524318927,0.05833179252866578,0.44668667654853134,0.4466866765485312,1.0468672639861962,0.3684294180792385,0.2371805459716352,1.6312785487912198,1.6312785487912196,9.903168405840638,0.31588998593282047,0.4772350123660995,0.3364228546133002,0.4612020244474057,0.8448331267301091,3.306816555879387,6.4078528309358065,hjorth_mobility,hjorth_complexity,2.1418600692277137,1.6390845169878079,1.1585958730114339,0.1856222650228221,0.22028079001937656,1.4066474166001106,0.04531509649997998,0.25587930020595595,1717,eeg_data_level_4.csv,11,AF7,230.0078125,240.00390625
0.028001281709342317,0.02800128170934231,0.026241889836208995,0.046071387257834835,0.026405607617163495,0.052612187748583825,0.052612187748583825,0.04495525300634015,0.07173233492257435,0.056044700804292656,0.09521364106021869,0.09521364106021868,0.08060903494461993,0.11911805811821159,0.10345124205808301,0.24138151495049884,0.24138151495049887,0.17712509770893128,0.38467169011394087,0.2916560667268119,0.42430805006348116,0.4243080500634811,0.4505674909123506,0.42467424897967976,0.4469897569769631,0.8650550900033225,0.9803981064403291,1.3957326015661145,2.385674895880722,3.017366787207098,hjorth_mobility,hjorth_complexity,1.3727515179027405,1.3537238640209255,0.7160562881340922,0.2230723711239178,0.20314783968453615,0.7962155188302513,0.043646066834428496,0.25112286437671116,1717,eeg_data_level_4.csv,11,AF8,230.0078125,240.00390625
0.21900335074242186,0.21900335074242186,0.18810198131836905,0.29398136394615193,0.2317625325605113,0.42736439205842064,0.42736439205842064,0.38610153439683015,0.5473038376151721,0.5068963755292883,0.32533100649965857,0.3253310064996585,0.33335159882998927,0.24451403394013085,0.3795968521639688,0.5972476870655881,0.5972476870655882,0.4219176564123932,0.6853581309050311,0.7051026044642561,0.9453444258400144,0.9453444258400142,0.7093337972453363,1.252240887307675,1.046446260271994,1.0190938430920506,1.2134920052940634,0.8749563250839618,1.1302230598276315,1.2986306943869437,hjorth_mobility,hjorth_complexity,1.5657947001078136,1.202508021886098,1.151678715757974,0.8890329535303585,0.42587619403746135,1.1677827609510354,0.2725010300256935,0.6274769455730475,1717,eeg_data_level_4.csv,11,TP9,230.0078125,240.00390625
0.2322978742506403,0.2322978742506403,0.19963086727061696,0.35255293188263703,0.23241344077458845,0.4226824687667251,0.4226824687667251,0.48106128593229275,0.4451807173138696,0.4538084245553659,0.2964737606388939,0.2964737606388939,0.44764936848244086,0.24017411830856564,0.22888299843064894,0.6035326337968226,0.603532633796823,0.4147706748763175,0.9330887522497922,0.7205561290225814,1.0345495952530461,1.034549595253046,0.5167798466111638,1.3260467727117475,1.1096164822818522,1.0327019121635443,1.1454676306715241,0.7625179821953241,1.110907574152789,1.3552789769132696,hjorth_mobility,hjorth_complexity,1.538217102649946,1.2697944939617363,1.0114058516167224,0.8760068296691079,0.41853350103681547,0.9819991398906434,0.29114146584024864,0.6485832548613404,1717,eeg_data_level_4.csv,11,TP10,230.0078125,240.00390625
0.002599099944141098,0.0025990999441410983,0.002507016389226622,0.004434855796897877,0.0025831692535746268,0.014510708682760394,0.014510708682760396,0.012451104288208038,0.02321005748435797,0.015491893051690781,0.0343551188886258,0.034355118888625795,0.030755968312232106,0.021770970348324908,0.04430710709656651,0.6032947392010608,0.6032947392010608,1.2809722006685156,0.4639294249825244,0.30685145430735133,1.918464031843916,1.9184640318439152,12.481500667677565,0.6213713078912204,0.5814246830497334,0.1411190154292393,0.34123396557250446,0.55725652508853,3.9121471390296736,6.558236585214325,hjorth_mobility,hjorth_complexity,2.488112126198718,1.6550937107767858,1.1723556090034915,0.1660830792309461,0.2986028486929327,1.4862689684831358,0.045501530767595076,0.25640512612203514,1717,eeg_data_level_4.csv,12,AF7,240.0078125,250.00390625
0.017678693005307698,0.017678693005307698,0.012173056920576927,0.02894498870703328,0.02219210488897871,0.039860257493585946,0.039860257493585946,0.03136057266372792,0.06385464979306579,0.04023402125919851,0.08172430953325499,0.08172430953325499,0.05455338590479551,0.0980130568617679,0.09538970519007502,0.2014182274976862,0.2014182274976862,0.12003759530291343,0.28235652227581626,0.23590131610477763,0.37393143092916437,0.37393143092916425,0.49479095595673167,0.41985837875991633,0.4068648563961903,0.8085722808059375,1.018182825469292,1.6066074509237307,2.692001961157699,3.556760125673067,hjorth_mobility,hjorth_complexity,1.41871418033252,1.3787551964868496,0.8306927877914971,0.15794175181766443,0.1370636026787232,0.92891810530196,0.031799675836203904,0.21435076911339285,1717,eeg_data_level_4.csv,12,AF8,240.0078125,250.00390625
0.19404182498467734,0.19404182498467734,0.13364604461911397,0.17290845343273994,0.22704546869524947,0.48816203874555925,0.48816203874555925,0.42886406025838364,0.5610099310965321,0.5429095523636919,0.4560512841319734,0.4560512841319733,0.4247577641963723,0.364441390826899,0.38340433819803194,0.44490258224196555,0.44490258224196555,0.25374922740231876,0.7525343639195154,0.53324898420305,0.7737697305315923,0.7737697305315921,0.6699133506104995,1.1973035267209586,0.8751631002183351,0.9738416391405671,1.3553705789905373,1.1671740977032732,0.9172726581181767,1.1295815731613104,hjorth_mobility,hjorth_complexity,1.755773704817568,1.2417014232381534,1.1642172285691643,0.8694937677384825,0.38182003603358605,1.2208637955397188,0.20089709379341278,0.5387664292577086,1717,eeg_data_level_4.csv,12,TP9,240.0078125,250.00390625
0.1993669471798387,0.19936694717983874,0.1462789086488248,0.20354731576801652,0.2504568706784225,0.461137468632468,0.461137468632468,0.3326780153894869,0.6129384085528973,0.5255118197853008,0.33766925679001697,0.3376692567900169,0.36128128680085786,0.45324514020785284,0.35436759946822083,0.44951486154991027,0.44951486154991016,0.2797873723134207,0.5478399499045636,0.5122301238216218,0.813818892852437,0.8138188928524368,0.8003883676564431,0.7569505382019928,0.9451934644286542,0.9966337628849945,1.3311918217636367,0.9464638142803099,0.9382888850091815,1.1866897944472332,hjorth_mobility,hjorth_complexity,1.7190035748737449,1.312482561536353,1.1736793776422934,0.8988025464262965,0.4601420947071421,1.194323278245377,0.20177859066621354,0.5399471359781502,1717,eeg_data_level_4.csv,12,TP10,240.0078125,250.00390625
0.004076780060210476,0.004076780060210476,0.00283863356020426,0.0078092749618139815,0.00462694210229816,0.02029305021137266,0.02029305021137266,0.013914965768216266,0.032975871001440324,0.02269439602736775,0.05691742654551052,0.05691742654551051,0.0575862322748986,0.04586778846872471,0.05463077336902456,0.4877635083997799,0.4877635083997799,0.9544765350621873,0.4040248648203432,0.27738598529217534,1.4643981432948934,1.4643981432948932,8.133811108270432,0.45699573714112324,0.5087102433869467,0.2297956235748991,0.5053192394949321,0.9524637488990728,3.834039931018243,6.5022919010476965,hjorth_mobility,hjorth_complexity,2.197015264143449,1.616825116726595,1.1703140221591413,0.1839939995401658,0.25454669068905733,1.4331879338944524,0.03861734481033621,0.23621360336769623,1717,eeg_data_level_4.csv,13,AF7,250.0078125,260.00390625
0.0302672005377017,0.030267200537701697,0.02714817226052682,0.03531485181942168,0.034960494475339755,0.054020424036929006,0.054020424036929006,0.041194967024923,0.09323520837592401,0.06774638674402432,0.07919342722086568,0.07919342722086567,0.06379262197869345,0.09562080072071122,0.09340459900714025,0.24274456855661153,0.24274456855661153,0.1491840787427643,0.3038569007137776,0.31085362119037313,0.37372450320547296,0.37372450320547285,0.2582612859584943,0.39382419357774273,0.41310125244222995,0.8848555185755472,0.9994319665676009,1.182689582550139,2.3671506456049074,2.6865694007688083,hjorth_mobility,hjorth_complexity,1.1766441582023492,1.3071351245656022,0.7415434955882148,0.17748093760954045,0.21049053268518203,0.8758370707132764,0.04638897885329644,0.25889347569866195,1717,eeg_data_level_4.csv,13,AF8,250.0078125,260.00390625
0.20824518926681368,0.20824518926681368,0.20044376242992668,0.1312342232129541,0.21035434802630804,0.5476627865589127,0.5476627865589127,0.48877309205840896,0.864259964124739,0.5854886091334347,0.5612919418544031,0.5612919418544029,0.696679922237555,0.7925594178629902,0.5615577813080517,0.5633397282833291,0.5633397282833292,0.4971064018738269,0.524956296640154,0.6821390201441897,0.7858388392526258,0.7858388392526255,0.3429528415600995,0.695201413652479,0.9164081948907143,0.930344428236266,1.3924311492693353,1.2917979878044845,1.024040014197945,1.0545781036618325,hjorth_mobility,hjorth_complexity,1.5933722975656812,1.1470909539654819,1.1695402700674469,0.7978500865016038,0.49440799537682295,1.2208637955397188,0.2491846185752509,0.6000318661779477,1717,eeg_data_level_4.csv,13,TP9,250.0078125,260.00390625
0.22891870876649245,0.22891870876649242,0.21420601002147988,0.19080868813187513,0.25975386983812304,0.5724131824571397,0.5724131824571397,0.6002670918101211,0.6291149331280174,0.6470684467836347,0.6003443479222099,0.6003443479222098,0.6508491007752467,0.5039188810505851,0.6532069441816414,0.49583954744521297,0.49583954744521297,0.3450813133522598,0.834494977014827,0.5939548363682787,0.9115426935100877,0.9115426935100875,0.42526584900817277,1.4073061262164532,1.0481075340666417,0.9519870210736806,1.3346401434515238,1.2794206146302216,0.8671111311576633,1.1261697115417453,hjorth_mobility,hjorth_complexity,1.633206605004823,1.172993845583726,1.1526855257086124,0.8678655022558261,0.5825203113845736,1.194323278245377,0.2698425211873722,0.6244086239928541,1717,eeg_data_level_4.csv,13,TP10,250.0078125,260.00390625
0.0025575720524399475,0.002557572052439948,0.0016536325872420297,0.00535396024867847,0.002946120213993744,0.011356275355871422,0.01135627535587142,0.008051485386395,0.020471767117683805,0.014324499062135601,0.035287096255850976,0.03528709625585097,0.03056923270194065,0.06514490113658261,0.035886143506614517,0.4319079160016806,0.43190791600168066,0.8965037594530865,0.3236547754391298,0.2394140507514204,1.2636187960292589,1.2636187960292584,7.747712318610598,0.4001551808586269,0.3837045507797033,0.18860925956426125,0.37716533550934783,0.7809499074971862,4.04855510542386,6.530638501773745,hjorth_mobility,hjorth_complexity,2.331839073937468,1.641359400528395,1.142300467514065,0.18236573405750944,0.21049053268518203,1.380106899305769,0.031869008794175986,0.21458431679286114,1717,eeg_data_level_4.csv,14,AF7,260.0078125,270.00390625
0.03205650956481677,0.03205650956481677,0.02775547628170181,0.028421223881609968,0.03888078113037765,0.054946914988032405,0.054946914988032405,0.043235956983783394,0.10078139448111116,0.05617634565621153,0.1163771473624245,0.11637714736242448,0.10884225157641872,0.10605803539061179,0.10698392494361286,0.2171094412062535,0.21710944120625353,0.10223320695880345,0.5717386942776117,0.27781993519344517,0.3860118319106357,0.38601183191063554,0.722353195851518,0.3493920786531834,0.3957033109175402,0.8919806894627866,0.9859378193592102,1.5515157867593012,2.1175339259014496,2.6201833495360383,hjorth_mobility,hjorth_complexity,1.2471202405946777,1.3309577444712106,0.8898055831340689,0.19539185791876013,0.27167964102389774,1.0350801744793268,0.045237714479484326,0.2556607315716869,1717,eeg_data_level_4.csv,14,AF8,260.0078125,270.00390625
0.12828381858230278,0.12828381858230276,0.09013154718608808,0.17600636325226005,0.15018096523815486,0.3368702583694256,0.3368702583694256,0.3120907648698272,0.3646512933154415,0.352616543902352,0.32070099320344236,0.3207009932034423,0.3948319812684961,0.14306990517983903,0.3732423221564247,0.5304178871407731,0.5304178871407732,0.28770061680021836,0.7846093425604901,0.6618321737179533,0.756501607972662,0.7565016079726619,1.0313259800207033,0.7428055698218723,0.8131239614643054,0.9336662719288531,1.314874882668968,1.140293908232809,1.4207029733449195,1.4636912031358853,hjorth_mobility,hjorth_complexity,1.7343244623503378,1.2803858496796223,1.1437827154969493,0.998126740868333,0.19580514668389026,1.2208637955397188,0.14613064363480519,0.4594987648268059,1717,eeg_data_level_4.csv,14,TP9,260.0078125,270.00390625
0.12104476162316005,0.12104476162316005,0.0900877942219045,0.2132459252006667,0.138669815170036,0.2655097316892019,0.2655097316892019,0.23912218037427777,0.29929665961579954,0.27897597694088,0.2663004663571535,0.2663004663571534,0.3338001514323223,0.2894736034931475,0.18998133515167412,0.4304439304021073,0.43044393040210727,0.23994194818943948,0.6677113613490914,0.5324343031951685,0.9068813351856742,0.9068813351856739,0.9203136132332776,1.2615726084208363,0.96067201830304,0.9646247062574085,1.217745824979253,1.0740445182443805,1.3024463450862624,1.8940866834546162,hjorth_mobility,hjorth_complexity,1.6607842024626909,1.4222909711860066,1.0385990425983154,0.9150852012528599,0.19091001801679303,1.114701726362352,0.1321733580212484,0.4370042510473306,1717,eeg_data_level_4.csv,14,TP10,260.0078125,270.00390625
0.0018068661780742035,0.0018068661780742037,0.0012586967230597405,0.004146903106453605,0.0019214055396138108,0.01828944602275395,0.018289446022753945,0.01418049645615996,0.03146541973470905,0.020134798166851302,0.04297042245184359,0.042970422451843585,0.02909852519560068,0.06152346738249361,0.05310253592086672,0.7165056502852548,0.7165056502852548,1.615566515425083,0.3197287653870099,0.3677282878008407,2.0711841685704773,2.0711841685704764,13.662369195041157,0.6920556519420409,0.509874328057604,0.09772646393006633,0.37952380980083383,0.6257746538830852,4.049413651991505,6.277845244725306,hjorth_mobility,hjorth_complexity,2.46053452874085,1.6293033462742237,1.1486023520199122,0.19376359243610378,0.2618893836897032,1.4597284511887942,0.050868533127026244,0.27110548659107425,1717,eeg_data_level_4.csv,15,AF7,270.0078125,280.00390625
0.03223906146795314,0.032239061467953155,0.02302818025253511,0.05862673908710891,0.036485150282382285,0.05519693041534243,0.05519693041534243,0.044539675316764234,0.08644001064935591,0.05686639822558299,0.12287510024232678,0.12287510024232673,0.11449792272092454,0.13507584606741815,0.11958586895000971,0.24126831220176576,0.24126831220176578,0.17821789434492394,0.4016979840508072,0.29622006584915633,0.3858725397845913,0.38587253978459113,0.5861067685024922,0.2764033312651815,0.3398346042666335,0.9199502009971443,0.9682235135443616,1.6032368477737788,2.244145234390192,2.57472011936296,hjorth_mobility,hjorth_complexity,1.3421097429495545,1.2863124855231294,0.8382997963074312,0.1905070614707911,0.23496617602066833,0.9819991398906434,0.04908501617582436,0.2663104257773996,1717,eeg_data_level_4.csv,15,AF8,270.0078125,280.00390625
0.19683910990714293,0.19683910990714293,0.14296018813996644,0.34401130367903765,0.22237062094444549,0.4375762506546821,0.4375762506546821,0.38231671370425974,0.5872533807888284,0.4281311206394017,0.44838107632212915,0.44838107632212904,0.3908013813432768,0.2698399917778879,0.4242001631350814,0.442336900864152,0.442336900864152,0.2859623176083781,0.864453724110432,0.5450113864287025,0.7691166936330076,0.7691166936330075,0.8817727802532123,1.160509867264656,0.8302260978266834,1.0045878709865985,1.2799154454873851,1.189303511226495,0.9329775239029836,1.1397052920756812,hjorth_mobility,hjorth_complexity,1.5045111502014419,1.1541123697529196,1.1478565668712915,0.8955460154609839,0.2863650270251895,1.1412422436566936,0.29270749049145744,0.6503252519805603,1717,eeg_data_level_4.csv,15,TP9,270.0078125,280.00390625
0.20880099411845746,0.20880099411845746,0.15372836313647603,0.36809587613575967,0.22779693222450903,0.3984847440324203,0.3984847440324203,0.32930526719945663,0.5729568233960373,0.37162828522776414,0.47614220007721986,0.4761422000772198,0.5111149059207042,0.12413534000620888,0.4280453075567338,0.4340176742511064,0.43401767425110643,0.26887384309795853,0.6926324447624042,0.5519452608885074,0.8981757536545643,0.8981757536545641,1.1503957782815728,1.0452331975447506,0.9684288906168057,1.0258043761819982,1.1959079311864769,1.197082351339753,0.9029410231942036,1.2785596542679385,hjorth_mobility,hjorth_complexity,1.5749872325937697,1.2278273211526831,1.1161327311118259,0.9085721393222346,0.2741272053574464,1.1412422436566936,0.2939381559337243,0.6516909384929753,1717,eeg_data_level_4.csv,15,TP10,270.0078125,280.00390625
0.0028665837584683313,0.0028665837584683313,0.0020488803538706527,0.005599911402982388,0.0034972759486082243,0.009736472003069018,0.009736472003069018,0.008569942238772658,0.015765979953271683,0.011122584406714714,0.036766198721195825,0.03676619872119582,0.02696533187077242,0.05540562585529989,0.04207806795806447,0.589143264052465,0.589143264052465,1.4035052208851722,0.5128387396387462,0.2157406536128367,1.8618855415217197,1.8618855415217195,12.54200976689514,0.42748608065305127,0.46718775570545357,0.15838277993714633,0.25376632641427094,0.613221023385224,3.7598944493620916,6.330833794048569,hjorth_mobility,hjorth_complexity,2.5310106111331785,1.6633756456788582,1.1212040701224486,0.18073746857485312,0.22517591868647382,1.4331879338944524,0.04604815022254171,0.25794065258131516,1717,eeg_data_level_4.csv,16,AF7,280.0078125,290.00390625
0.026546075973421606,0.02654607597342161,0.021290499308333787,0.05426429680269593,0.02809988833698083,0.04536536410172492,0.04536536410172491,0.0347432966777841,0.07635428052103198,0.03852753532977676,0.15799264955216968,0.15799264955216966,0.11061714921281264,0.2726168270106048,0.17757820252979648,0.25920921229260996,0.25920921229260996,0.23593384040916932,0.2155070152053973,0.32060796243038,0.40240824386897683,0.40240824386897667,0.5633648456788061,0.4398342264194725,0.43283996978661965,0.8568472377557202,0.8911173289299202,2.115185396539938,2.5503967493924042,2.8962293736521603,hjorth_mobility,hjorth_complexity,1.317596322987006,1.2942282594912147,0.9183505096975375,0.20027665436672912,0.18356732501614714,1.0350801744793268,0.04057407949238596,0.24212411013510435,1717,eeg_data_level_4.csv,16,AF8,280.0078125,290.00390625
0.12169808123655704,0.12169808123655702,0.09549468831588884,0.17987345068488528,0.13947537374182445,0.2507174523895868,0.25071745238958676,0.2609200879029457,0.2629517256933884,0.2697839557021732,0.321074761714627,0.32107476171462696,0.30309166732847126,0.25636447554262815,0.3574616091903092,0.4116872871495117,0.4116872871495117,0.20943101269567946,0.5760348794147184,0.5101038938884881,0.7287067843287465,0.7287067843287464,0.7106234366842253,0.8327180448928527,0.8072238445367995,0.9835115070211294,1.1821449008905636,1.3010927354257689,1.2866326496347782,1.6096784724391362,hjorth_mobility,hjorth_complexity,1.642399137490779,1.3070493847080975,1.052349456276015,0.8808916261170768,0.31573579902777305,1.114701726362352,0.16881073273893205,0.49387122968963537,1717,eeg_data_level_4.csv,16,TP9,280.0078125,290.00390625
0.12221444116857678,0.12221444116857678,0.09813563301753442,0.200601682900245,0.13932733729701524,0.23676378407050327,0.23676378407050327,0.22836610213119352,0.24724340924187369,0.2639391227098527,0.2281532983226336,0.2281532983226335,0.21442003273181692,0.2033705087449357,0.19912423280304697,0.42141095956416436,0.42141095956416436,0.22908035789835657,0.7962844066180411,0.53392650247653,0.8288469528651488,0.8288469528651486,0.6906949615705922,1.2251568109392394,0.9030239516363257,0.9996087800680132,1.16255182022897,1.012445408841348,1.3383540834040264,1.8411062131620017,hjorth_mobility,hjorth_complexity,1.7864154797707543,1.3800787436378998,0.9722428089997622,0.8955460154609839,0.31328823469422445,1.0350801744793268,0.17207600054538702,0.49862477283026096,1717,eeg_data_level_4.csv,16,TP10,280.0078125,290.00390625
0.005559442422898563,0.005559442422898564,0.004650295993790824,0.005577208079436815,0.0056924998233555115,0.012919363123134749,0.012919363123134749,0.01376882993579005,0.01860551878485639,0.011678108005090485,0.033372278530952655,0.03337227853095265,0.021973878186784774,0.060216145824445164,0.037184966305347476,0.2990155093582768,0.2990155093582768,0.5038574847322354,0.26270867594221076,0.17632995562885181,0.989470692354067,0.9894706923540668,4.813685284559616,0.37689584134349124,0.4639184065762518,0.37469231336612596,0.45958278507914285,0.8454598038159338,3.5692984067331994,6.803716047698972,hjorth_mobility,hjorth_complexity,1.9825228394711456,1.6346401641779307,1.1225930949617553,0.1905070614707911,0.17867219634904988,1.3270258647170856,0.029735114969519177,0.20727575738707715,1717,eeg_data_level_4.csv,17,AF7,290.0078125,300.00390625
0.05975000937417705,0.05975000937417705,0.07149895980052248,0.09977212752342442,0.04217210571820323,0.046023995429404635,0.046023995429404635,0.03641611978050822,0.06522279579556704,0.057594070964901996,0.12661219452671452,0.1266121945267145,0.08483890634483598,0.1748804458359464,0.1476621989039258,0.2020712536847358,0.2020712536847358,0.11061562179860521,0.36752667488535173,0.25375302264012967,0.401856345393985,0.40185634539398496,0.18622391818622272,0.712819408240296,0.4547226943766277,1.0112468563446941,0.6457350697021147,1.2487986931895458,1.4459246294490549,2.015830405019209,hjorth_mobility,hjorth_complexity,1.096975543324065,1.3049565191177337,1.0192086287341695,0.2409832914331375,0.3181833633613217,1.1677827609510354,0.06677245445399597,0.31060780889384254,1717,eeg_data_level_4.csv,17,AF8,290.0078125,300.00390625
0.33529478498368576,0.3352947849836858,0.2340970226994547,0.3177426259574498,0.4058234001731167,0.7364226834212003,0.7364226834212003,0.8152422338498435,0.8965024640045197,0.6470834056782766,0.6231057407015765,0.6231057407015764,0.6765302323074086,0.6273449346674611,0.4854821765729492,0.48201422811336997,0.48201422811337,0.2720106018493326,1.0494524189098526,0.5617530909048534,0.9389117716050953,0.9389117716050951,0.3381998024976776,0.8399724794979775,1.122483235083654,1.0201829843078054,1.284767939917362,1.0335563081263293,0.6579847074995306,0.889676216917916,hjorth_mobility,hjorth_complexity,1.5596663451171764,1.2175440553720311,1.1000144495872546,0.9427657144580176,0.47727504504198254,1.114701726362352,0.3271834199862915,0.6875580062580136,1717,eeg_data_level_4.csv,17,TP9,290.0078125,300.00390625
0.33063638095721354,0.3306363809572135,0.23117685143466804,0.35667120522499884,0.39212476573370936,0.7210800150426278,0.7210800150426276,0.9065968052287579,0.8998700929377046,0.6224298396507217,0.5277162096407779,0.5277162096407778,0.512910144799823,0.47596537729274846,0.44683950184097415,0.4744436076428797,0.4744436076428797,0.38989408723536834,0.9485740660013147,0.57457761257291,1.1997225561164642,1.199722556116464,0.6265164754119364,1.7752703933572804,1.3464955915544612,1.0200489813092406,1.264731480094427,0.910414573498416,0.65587719921043,1.1115515708941697,hjorth_mobility,hjorth_complexity,1.3574306304261472,1.3022352217306363,1.0513053570679456,0.96393316573255,0.5409117177142468,1.008539657184985,0.3351150829549283,0.6958420780428396,1717,eeg_data_level_4.csv,17,TP10,290.0078125,300.00390625
0.007097517783493088,0.007097517783493088,0.0046767279603457486,0.014365423318415046,0.008378241207531422,0.017923423524560524,0.01792342352456052,0.013422896608471591,0.02305725011271615,0.022365193222247684,0.05187176375812033,0.051871763758120325,0.05565650754606367,0.07665063808226273,0.04941182759490578,0.2530873528948907,0.25308735289489076,0.24033712550392683,0.38257445948288543,0.26377298813734784,0.7674464378580875,0.7674464378580874,1.3898156895737597,0.5872660649990314,0.6570671889831854,0.4884998676640963,0.640313691065352,1.2690144026041301,3.656757312804724,7.204805246095757,hjorth_mobility,hjorth_complexity,1.9763944844805084,1.5728861419573503,1.1481362363020244,0.3207683000832979,0.06608423700581297,1.2739448301284022,0.02618087419883158,0.19449380450293347,1717,eeg_data_level_5.csv,0,AF7,120.0078125,130.00390625
0.020381867795257972,0.020381867795257975,0.018165065777208406,0.027563749289177205,0.024170266297962817,0.027949831332336555,0.027949831332336555,0.020749435747436047,0.04902999628180167,0.02893947126608364,0.07819871578362231,0.07819871578362231,0.052656613710653055,0.09264337872521641,0.10164841894537532,0.2058881222244998,0.20588812222449981,0.12806646783151923,0.3187756739566243,0.25914030614683187,0.32077280357699894,0.3207728035769989,0.1296628320022146,0.351789112298644,0.35517721511785255,0.8765056117284291,0.8085696308974051,1.5823109860980875,2.8138744282843993,3.244713415146564,hjorth_mobility,hjorth_complexity,1.2961470805197752,1.344329727227521,1.0070896200690784,0.20678971629735446,0.35734439269809976,1.1677827609510354,0.035036483310628856,0.22499556314420127,1717,eeg_data_level_5.csv,0,AF8,120.0078125,130.00390625
0.16253980822065356,0.1625398082206536,0.1164644190393028,0.12307487637760232,0.20939981490030513,0.3422289170842077,0.3422289170842077,0.32608234541836106,0.4155823568715127,0.3184142771730964,0.3434316340384506,0.3434316340384506,0.2449676153504959,0.3235768311647544,0.44616127157408403,0.42943040231406276,0.42943040231406276,0.21337723546071946,0.8878487746733273,0.5427389618277939,0.6124501505885066,0.6124501505885066,0.2200100274460124,0.6954415150150705,0.7172782320793,0.9965802618506794,1.2382010873293954,1.1498875418421357,1.0886819103874974,1.1328196267785635,hjorth_mobility,hjorth_complexity,1.6577200249673723,1.1775577129734767,1.0748908123930847,0.7522586529872265,0.3695822143658429,1.1412422436566936,0.16806115359800294,0.49277352864099205,1717,eeg_data_level_5.csv,0,TP9,120.0078125,130.00390625
0.15000816802521383,0.15000816802521386,0.10926285077473749,0.1594803289283072,0.19400825464013405,0.33247953497286503,0.33247953497286503,0.30038211119830305,0.48187169674042096,0.3276507112863738,0.2970874393567018,0.29708743935670173,0.3226298098096002,0.26214362406589964,0.2834657136682072,0.3127789849716882,0.3127789849716882,0.17955151320160714,0.22571402829602924,0.39125945815439284,0.5951228581612673,0.5951228581612672,0.25626773437982164,0.5677956650887345,0.6814067661272875,1.0024823493432273,1.287552340176187,1.0716841617580082,0.8793883376627288,1.1730819076980448,hjorth_mobility,hjorth_complexity,1.6546558474720536,1.239759490016162,0.9296771216422189,0.6627040514411281,0.36468708569874564,1.008539657184985,0.15952114858655653,0.4800901920869646,1717,eeg_data_level_5.csv,0,TP10,120.0078125,130.00390625
0.07889390157157783,0.07889390157157784,0.11054436849668274,0.02080286486696573,0.03540459620246989,0.03477520747527022,0.03477520747527022,0.02520729293332451,0.05085592307800448,0.04101167407562862,0.08979412445227884,0.08979412445227883,0.062248783978037084,0.09875362166229647,0.11096911223362992,0.5375617564596455,0.5375617564596457,0.7237007207659665,0.7434383951847104,0.44827897673792977,1.5691706588537508,1.5691706588537506,6.3878729450990335,1.2027494637161371,0.9372580892135303,0.7867588834053958,0.37788238201105573,0.6713964866049017,2.1982214065960743,3.866353819049009,hjorth_mobility,hjorth_complexity,1.7465811723316123,1.583135077692923,1.4123772367728011,0.5096470960714327,0.2398613046877656,1.4597284511887942,0.11149389710022768,0.40136476837233315,1717,eeg_data_level_5.csv,1,AF7,130.0078125,140.00390625
0.06514443398927401,0.06514443398927401,0.06986308765802791,0.04472358588221364,0.04749510225587875,0.06043661627819259,0.06043661627819259,0.0533162989848909,0.08427729671559858,0.06104957967020236,0.1349253678339985,0.13492536783399847,0.11521456202098981,0.14189436931657165,0.1525688586852607,0.34376330739651534,0.3437633073965153,0.18111634577104,0.6993007616863233,0.3993768594369693,0.675910198017134,0.6759101980171338,0.3105376476492503,0.9948734781908443,0.775745661483798,0.923645094222527,0.6951096651930265,1.132587788991414,1.9623018517463835,2.7377056653332223,hjorth_mobility,hjorth_complexity,1.2042217556602168,1.4130086567738638,0.9880441318361697,0.2898312559128275,0.2496515620219601,1.0616206917736684,0.07946081096592943,0.33883650718443675,1717,eeg_data_level_5.csv,1,AF8,130.0078125,140.00390625
0.11356035732802447,0.11356035732802448,0.0835801941194488,0.10340139863568878,0.16434376685832183,0.2776160275029179,0.277616027502918,0.188720645758034,0.4953227858698878,0.30671918085765465,0.47920880967356505,0.479208809673565,0.49860915195686445,0.42501933690057175,0.4230810134145178,0.4943373269912845,0.4943373269912846,0.46621529798470474,0.5823933680698307,0.5706458518874566,0.9410629325309329,0.9410629325309328,0.4330909341767967,1.8189453433455756,1.1247823961929604,0.8975744933536235,1.263099278341767,1.6957980549211409,1.4221239644698955,1.937645230806071,hjorth_mobility,hjorth_complexity,1.7435169948362936,1.3432447822519236,1.1194328303944738,0.7750543697444151,0.34021144236325934,1.194323278245377,0.1619333594986133,0.48370643234158134,1717,eeg_data_level_5.csv,1,TP9,130.0078125,140.00390625
0.11049179864537258,0.11049179864537259,0.08012808990193529,0.14519473361831797,0.11693573289698107,0.2786739428451426,0.2786739428451426,0.22204487832258346,0.5105321237181876,0.262734220050604,0.3035784400788819,0.30357844007888185,0.271430774286676,0.3663881638997454,0.31779494822382093,0.37255565928613266,0.37255565928613266,0.2551242917753645,0.8493111079128977,0.42246871191331187,0.873546083649303,0.8735460836493029,0.2938749804838614,0.8471137323552349,1.018621908078147,0.9331679425487623,1.3163027600997759,1.271862455361136,1.2026743062963354,1.9329289033232195,hjorth_mobility,hjorth_complexity,1.6669125574533281,1.3639002712481114,1.0033886612690466,0.7783109007097279,0.2912601556922868,1.0616206917736684,0.16388962787179495,0.4866194172326291,1717,eeg_data_level_5.csv,1,TP10,130.0078125,140.00390625
0.4335260837867072,0.43352608378670726,0.5838810668416758,0.1414662475457431,0.3755685932252075,0.0884080504892176,0.08840805048921759,0.11992780900626299,0.09047997565539503,0.06413601937368905,0.21242249260452492,0.2124224926045249,0.15577052071336717,0.20637884059940434,0.2678309854288859,0.770183707353934,0.770183707353934,0.9977598563645405,0.6605740807488858,0.5929971028465025,2.2769296786023623,2.276929678602361,8.308523774117434,0.8437965359194021,1.0642327525923496,0.9792888779483074,0.2560544821750658,0.44060417420210934,0.938867498297893,1.6638286904403212,hjorth_mobility,hjorth_complexity,1.1889008681836237,1.4601333690293765,0.8193009196463114,0.5926886356869057,1.0965088214297856,1.194323278245377,0.41276815648954057,0.7722657825253741,1717,eeg_data_level_5.csv,2,AF7,140.0078125,150.00390625
0.03134736344195358,0.031347363441953574,0.028281138199788045,0.04174879319367216,0.032431499873092476,0.05604618308944452,0.05604618308944452,0.040425931080479094,0.07090866603085862,0.07054671304867896,0.13202678353682748,0.13202678353682745,0.11871444970586276,0.1885948684534907,0.12913852960117014,0.28710910061348394,0.28710910061348394,0.2003633075824077,0.6114059504409014,0.33949107298960884,0.6795075043226272,0.6795075043226271,0.30095422067748684,0.6888421017979292,0.7765061196702792,0.8272501849870699,0.9141329003220219,1.5775330338885565,2.401569839110688,3.9411906855443157,hjorth_mobility,hjorth_complexity,1.5412812801452649,1.4331671148181406,1.0222290585860845,0.2230723711239178,0.18356732501614714,1.1677827609510354,0.05050197425173908,0.27012692685802303,1717,eeg_data_level_5.csv,2,AF8,140.0078125,150.00390625
0.16564113653410562,0.16564113653410562,0.1354844520601745,0.09813728259967454,0.1797801211805768,0.3948662961609942,0.3948662961609942,0.3973752004880195,0.45084703826856587,0.3863487611552021,0.43879722012586103,0.4387972201258611,0.4647990476160162,0.31863529140342056,0.42958342030194446,0.5713572260972664,0.5713572260972664,0.43119883635871753,0.7199412194004177,0.6578267372806982,0.9363819594458291,0.936381959445829,0.38527499627784106,1.114396869406319,1.0662778908408757,0.9380766992073571,1.2698791079935023,1.251721672166504,1.2606586345657536,1.4934846055936721,hjorth_mobility,hjorth_complexity,1.7465811723316123,1.2788481582606164,1.1963605684747296,0.7164368123687871,0.342659006696808,1.2474043128340604,0.20767162010100024,0.5477750853627898,1717,eeg_data_level_5.csv,2,TP9,140.0078125,150.00390625
0.1559674531347069,0.1559674531347069,0.11668425726325153,0.19490093790061774,0.18064852725613215,0.3882272476410622,0.3882272476410622,0.4064714997037125,0.6343393005463294,0.3465195044883746,0.40865268397718185,0.40865268397718185,0.4641880054595304,0.3044377535231544,0.4000051790468976,0.38261000024857467,0.3826100002485746,0.19463557306582427,0.7927482863959083,0.5054213544394313,0.8713089986633582,0.8713089986633581,0.3334305155744372,0.6666725915936145,0.992144054821393,0.9567277032119739,1.316967993805211,1.2478411604390633,0.9519989804209693,1.4815607283075392,hjorth_mobility,hjorth_complexity,1.6454633149860975,1.315882015430936,1.0875878045483571,0.8353001926026995,0.3108406703606758,1.1412422436566936,0.19574080075919348,0.5318074047587273,1717,eeg_data_level_5.csv,2,TP10,140.0078125,150.00390625
0.008100209676612562,0.008100209676612562,0.006987595814088781,0.004972893861036651,0.007601987875130525,0.02076600476412094,0.02076600476412094,0.017556551482606264,0.027883091143849698,0.02438957070550297,0.04793629385476045,0.047936293854760434,0.03672833752215004,0.09049413431724848,0.05342914188654906,0.2657793427938293,0.2657793427938293,0.3571615540253577,0.3953911977612902,0.24902202023215514,0.8065469534000267,0.8065469534000266,2.842895195248832,0.6870284545916657,0.5648086998516111,0.4864630798289562,0.6763616383311725,1.1378092831030733,3.4746165158017037,6.497811942391846,hjorth_mobility,hjorth_complexity,1.8415706746864893,1.5592884202622974,0.9867669747691562,0.3565901407017372,0.13216847401162593,1.0616206917736684,0.03375689238019825,0.22084874176216715,1717,eeg_data_level_5.csv,3,AF7,150.0078125,160.00390625
0.032126174101972896,0.032126174101972896,0.031162002407505607,0.042011170012257584,0.027180555258630914,0.032315428491984745,0.03231542849198474,0.019746490897224776,0.060689664539411915,0.03599860973776351,0.07895402366110044,0.07895402366110044,0.05653267532549624,0.11117331509052757,0.08778173179212798,0.3027074037655033,0.3027074037655033,0.22787179384878428,0.6974139234440659,0.37844106262734584,0.5248450071044345,0.5248450071044344,0.17017007550230986,0.688833776736163,0.6376806604383797,0.8847410741042354,0.6676723572575116,1.1590061195722756,2.765930872813608,3.50651741087085,hjorth_mobility,hjorth_complexity,1.4738693752482552,1.436661939250726,1.0223968602445244,0.2133027782279798,0.21293809701873068,1.1412422436566936,0.0465537146394672,0.2593527574587049,1717,eeg_data_level_5.csv,3,AF8,150.0078125,160.00390625
0.12927033125365006,0.12927033125365006,0.08471313071597766,0.10473784286961638,0.17080462803362284,0.3732938251318102,0.3732938251318102,0.2508573126105121,0.5627516412018538,0.4275497134230896,0.534050191418806,0.534050191418806,0.7169198564946117,0.3652264352615047,0.47114469289740857,0.4912055032673668,0.49120550326736684,0.34248298164671603,1.0696916469038458,0.5359446043882353,0.7413361447296551,0.7413361447296551,0.3052936995824323,0.6889527864245115,0.888760832331448,0.8988408145115098,1.3999889849794234,1.6175782883778118,1.2621666736937731,1.3906328560024082,hjorth_mobility,hjorth_complexity,1.467741020257618,1.171703533467866,1.1016644992285785,0.7408607946086321,0.35000169969745387,1.1545125023038645,0.18821743895321916,0.5214871718313351,1717,eeg_data_level_5.csv,3,TP9,150.0078125,160.00390625
0.147568408968752,0.147568408968752,0.0947364646294441,0.2088602686832166,0.17601012945769762,0.3484010633563179,0.3484010633563179,0.26342625183265245,0.46100773072506307,0.37467165960848453,0.37348280326633454,0.37348280326633443,0.47933757823762946,0.13715515986882285,0.3345161394696779,0.45872206096913604,0.458722060969136,0.3760755721649976,0.9643852413405338,0.5395751695966255,0.7657529423101905,0.7657529423101903,0.3492527744620539,0.812629292192705,0.8764737024547293,0.9759990117031531,1.306371767390348,1.1922875626206701,1.173383059839081,1.4056765793536214,hjorth_mobility,hjorth_complexity,1.4769335527435739,1.2284736292555511,1.0563673737642107,0.7408607946086321,0.5507019750484414,1.1412422436566936,0.2037419067441901,0.5425676337335382,1717,eeg_data_level_5.csv,3,TP10,150.0078125,160.00390625
0.013794700651802527,0.013794700651802527,0.012179246573483784,0.011438573769678127,0.017288652720121065,0.02297054856141962,0.022970548561419613,0.01843156598012032,0.0359626603844908,0.024349674778044995,0.05352053308362071,0.05352053308362071,0.03583309250353028,0.06728106637133557,0.07039798745063022,0.7747706781241128,0.7747706781241129,1.5223697630923074,0.6683606994085739,0.4522102240389972,2.619362210337474,2.619362210337474,15.96252974560341,0.962744346247017,0.971721912743573,0.3712779648424467,0.35444789684742867,0.5798965487266632,3.5950258335236644,6.439151652943106,hjorth_mobility,hjorth_complexity,2.1510526017136695,1.6558831363675741,1.1631358401036642,0.43800341483455396,0.1027977020090424,1.1677827609510354,0.06838646787479266,0.3143393757341986,1717,eeg_data_level_5.csv,4,AF7,160.0078125,170.00390625
0.03823727940866721,0.03823727940866721,0.025945268165939506,0.051718232069127165,0.04816158341933099,0.03220934595711849,0.03220934595711849,0.022520787845433366,0.04475509225419158,0.037529405734053944,0.06975866723591351,0.06975866723591351,0.053140266631585095,0.04931974465027236,0.08753109988923918,0.2655122699215679,0.26551226992156785,0.22520048944692556,0.43004901653246624,0.3102371308290141,0.625064220451749,0.6250642204517489,0.20879501455958555,0.6808199444829028,0.7378434404357845,0.9787468707117538,0.6240968635439256,0.9726358751091307,2.310251486506564,3.8015153296967594,hjorth_mobility,hjorth_complexity,1.6730409124439654,1.5032307770462163,0.9643747756818107,0.24423982239845016,0.12727334534452867,1.0616206917736684,0.04451389924894404,0.25360716485404866,1717,eeg_data_level_5.csv,4,AF8,160.0078125,170.00390625
0.15414511001335165,0.15414511001335165,0.11653116559822785,0.12714242951137725,0.20232206383869217,0.4088190537625693,0.4088190537625693,0.3819690136199269,0.5177897804543594,0.4051542638555143,0.40805241021879074,0.40805241021879074,0.37531556164946195,0.42678835905700674,0.3922692568977429,0.4413008406546348,0.4413008406546347,0.2526414026042074,0.6278668654151994,0.5454750496093047,0.7071310201683971,0.707131020168397,0.2727882196210211,0.8410186374197789,0.8356385453793101,0.9393677675415137,1.3644107570208894,1.2678589546141017,1.0699196107062594,1.2368274326556072,hjorth_mobility,hjorth_complexity,1.7373886398456564,1.2622084985203859,1.0810715068122814,0.7245781397820688,0.5164360743787606,1.194323278245377,0.15693751261286235,0.4761865036334186,1717,eeg_data_level_5.csv,4,TP9,160.0078125,170.00390625
0.16648081397536194,0.16648081397536196,0.10536566326058157,0.298765367813126,0.20606447289786903,0.37218337209335395,0.37218337209335395,0.3570442677618831,0.3451820408178064,0.40619999006484697,0.3583168660725645,0.35831686607256447,0.3235024259253827,0.3710178203204408,0.3262701180049387,0.3693168831928015,0.3693168831928015,0.20415742546581367,0.6933631827075617,0.48338894471103766,0.771703060022416,0.7717030600224158,0.3395154018388516,0.9711003022524367,0.8651557279260381,1.009912903369244,1.2637762172619402,1.135028369299848,0.9202586527950581,1.330532928495093,hjorth_mobility,hjorth_complexity,1.5045111502014419,1.3168548880804478,0.9853872722442073,0.7424890600912885,0.4136383723697182,1.0881612090680102,0.17156989546419632,0.49789096230556906,1717,eeg_data_level_5.csv,4,TP10,160.0078125,170.00390625
0.005903014226670193,0.005903014226670194,0.0037302036978931253,0.01024165470958045,0.007104167610899369,0.016883998292682924,0.016883998292682924,0.011062116335262282,0.03182608865362202,0.01980667391769969,0.04912577784082853,0.049125777840828534,0.04134756474167505,0.08258561999924294,0.04952387920907927,0.30304643377993884,0.30304643377993884,0.48189291161982223,0.3189412595224643,0.2570828010251066,0.9471975920452786,0.9471975920452785,3.2049219887123055,0.6214882961227881,0.6359022915480289,0.39271299709140506,0.5669089480238496,1.121712567487014,3.695391975898003,7.141583747990901,hjorth_mobility,hjorth_complexity,2.2154003291153606,1.6285790492172767,1.0910370608607294,0.3533336097364245,0.07342693000645885,1.2208637955397188,0.027574209976936617,0.19960216102192704,1717,eeg_data_level_5.csv,5,AF7,170.0078125,180.00390625
0.018285132495519614,0.018285132495519614,0.01660973191836791,0.02350198749661604,0.024092562230454653,0.03870016786548817,0.03870016786548817,0.041615733003019566,0.04244408242665301,0.03214381191201971,0.07727934495183397,0.07727934495183397,0.06684185028259038,0.10730431133707229,0.0793835469524241,0.29238784164695414,0.2923878416469542,0.18164149491189477,0.41402659755157395,0.36741880155017126,0.7229118169734657,0.7229118169734656,0.25541758403173587,1.087151804971072,0.8080474180984563,0.7002125990826339,0.8260388728991321,1.2883780853356788,3.0570209993356228,5.251578291895248,hjorth_mobility,hjorth_complexity,1.6454633149860975,1.535389762274457,1.0049827770242241,0.2084179817800108,0.1468538600129177,1.114701726362352,0.03920100841641254,0.23799197839764571,1717,eeg_data_level_5.csv,5,AF8,170.0078125,180.00390625
0.017728153955580077,0.017728153955580077,0.014291711063508995,0.01780040986753564,0.018838794483879998,0.046307732904543826,0.046307732904543826,0.03384391856560733,0.05251843479411265,0.05702262226187321,0.18959331729238071,0.1895933172923807,0.19179039070178092,0.23187768628015623,0.20248240446393112,0.44360503662664785,0.44360503662664785,0.2792953040751265,0.6200124610321416,0.5140799322012639,0.8490337721280111,0.8490337721280109,0.30748751462513463,1.3005939040380823,0.9893886456032911,0.5949645130024327,0.828642919145027,2.1825619780683487,3.6203191926698706,5.035616795441645,hjorth_mobility,hjorth_complexity,1.7649662373035238,1.3967888524152003,1.1719920387435385,0.2947160523607965,0.1468538600129177,1.3004853474227438,0.04834347042034284,0.26429114448422286,1717,eeg_data_level_5.csv,5,TP9,170.0078125,180.00390625
0.03383902210835926,0.03383902210835926,0.026054156468244053,0.047172346561722055,0.03456604238799846,0.047186550597583275,0.047186550597583275,0.039414620090050506,0.055358801757614866,0.04767504417732079,0.14031028653139896,0.14031028653139893,0.13819564646871105,0.15766637707423925,0.1374800377499705,0.3877627249572231,0.3877627249572231,0.21642229876091956,0.6939842519938574,0.48292950763833764,0.9518371908052685,0.9518371908052683,0.4005300900137615,1.5771762525802988,1.1129964285052674,0.8143673991477502,0.7330987353838737,1.4811132292625664,2.7849505844348963,4.725512212337163,hjorth_mobility,hjorth_complexity,1.394200760369971,1.4783311779407653,1.086767440884874,0.31588350363532886,0.1982527110174389,1.2739448301284022,0.07407345377446542,0.32714854798659404,1717,eeg_data_level_5.csv,5,TP10,170.0078125,180.00390625
0.023241569540348336,0.02324156954034833,0.023910608773551164,0.02480982983125304,0.016838738744170162,0.022655646478117287,0.022655646478117287,0.016057353072995117,0.04312627289671462,0.024693218746711633,0.0483302549814768,0.04833025498147679,0.035805332679307265,0.07984681883993802,0.05021895870820586,0.2041002752661638,0.2041002752661638,0.12504974790157572,0.2664595004537471,0.2461954081575715,0.6264547262384007,0.6264547262384005,0.48214675605293883,0.473962527034078,0.6963958697934625,0.839864377565015,0.6134467692424965,0.9552600436167122,2.4483104713326136,4.9902623583344585,hjorth_mobility,hjorth_complexity,1.7220677523690633,1.5861126173917979,0.9814252886421585,0.4428882112825229,0.15664411734711223,1.0616206917736684,0.0526301880414814,0.2757599302668132,1717,eeg_data_level_5.csv,6,AF7,180.0078125,190.00390625
0.03269052355119651,0.03269052355119651,0.03233321615428714,0.026758852854169814,0.03944821297112995,0.041543391538394904,0.041543391538394904,0.02723496683934633,0.07554759586891366,0.049701245074530644,0.1170225831852084,0.11702258318520839,0.08030020619489806,0.16296543041430867,0.1459144600831284,0.30014344264138093,0.30014344264138093,0.15015939941796191,0.44761738064673096,0.36622501251743506,0.6755817605698273,0.6755817605698272,0.2671067013336252,0.9596344350398042,0.7620798033777353,0.843780620759085,0.753617392452547,1.4746164193454927,2.551373571231419,4.009139655796886,hjorth_mobility,hjorth_complexity,1.5566021676218578,1.4593201986613027,0.9553134861260655,0.22470063660657413,0.20070027535098753,1.114701726362352,0.054980866501149896,0.2818509414179037,1717,eeg_data_level_5.csv,6,AF8,180.0078125,190.00390625
0.09213636271823068,0.0921363627182307,0.08346014958384172,0.20319565293546998,0.08635699185537891,0.16706183036163624,0.16706183036163624,0.13951718239256036,0.22949451361217393,0.18123406348351745,0.3758196171744783,0.37581961717447826,0.34179258651266914,0.3747425308498108,0.41981245865918115,0.5399697240722573,0.5399697240722575,0.37351876017903524,0.8762152074473049,0.6249397932981932,1.4555861675488342,1.455586167548834,0.6732985611925412,2.1545003825427003,1.6013081929233701,0.890212381754662,0.9843594786756726,1.6359124485967227,1.7806634431505755,3.2428136584336076,hjorth_mobility,hjorth_complexity,1.6393349599954607,1.4719820340689722,1.0552766629843524,0.6219974143747197,0.5213312030458579,1.2474043128340604,0.16802138491278054,0.49271522214248886,1717,eeg_data_level_5.csv,6,TP9,180.0078125,190.00390625
0.06694897208228248,0.06694897208228248,0.04259232105782936,0.13345186627578826,0.0839532517042746,0.18266894617405247,0.18266894617405244,0.12547982052855805,0.32568450912119934,0.21272315561736624,0.4351414273640752,0.43514142736407524,0.37474606264543475,0.2908767405139708,0.53352342249916,0.5165335321706361,0.5165335321706362,0.3069937258541618,1.2470456969464783,0.5735883846383881,1.402945739416425,1.4029457394164246,0.5584363484457383,2.0994121404205752,1.4945295107533594,0.7942079857609469,1.152026432166308,1.9985755689866764,1.9086382917680387,3.4894926643569373,hjorth_mobility,hjorth_complexity,1.6975543324065145,1.4949257608916477,0.9754962967106213,0.7017824230248801,0.23007104735357106,1.0616206917736684,0.13582395292636257,0.4429981194107073,1717,eeg_data_level_5.csv,6,TP10,180.0078125,190.00390625
0.006041979203140692,0.006041979203140694,0.006022404666015601,0.009726455476982466,0.00705918407080247,0.014098163313986561,0.014098163313986561,0.009092563546548974,0.029408034248116718,0.01587805416763939,0.07781080256841227,0.07781080256841225,0.06074483798119152,0.08348490205065656,0.09469872043913712,0.17086356529756327,0.17086356529756325,0.07791058214993517,0.24380357247850826,0.20941982751766774,0.40531416772117457,0.40531416772117446,0.21274810490448431,0.4793233934383305,0.45981401610633854,0.5456187856319101,0.7041464624758559,2.2787871225906935,3.6167866888836637,5.974942938140266,hjorth_mobility,hjorth_complexity,1.899790047097543,1.5178768584281401,1.0067353721234833,0.19376359243610378,0.15174898868001496,1.1412422436566936,0.021483997575240884,0.1761859396763885,1717,eeg_data_level_5.csv,7,AF7,190.0078125,200.00390625
0.01748551953880934,0.01748551953880934,0.018963435269291482,0.024353639269916794,0.01684167024398064,0.04182245005317839,0.04182245005317838,0.034998818391546886,0.06271228008424448,0.046737814583535056,0.09765877841903775,0.09765877841903772,0.11726210848043814,0.09528994389795595,0.08891543319984682,0.28738776943807587,0.2873877694380759,0.20840841830908632,0.6233363057301481,0.3300170578480246,0.6225204182434786,0.6225204182434784,0.2602541091761193,0.6319528414671293,0.6809604687373267,0.6939114477101584,0.9370065646288477,1.5583312435596954,3.1185253740963015,4.793856737058332,hjorth_mobility,hjorth_complexity,1.50757532769676,1.4399682194504289,1.055724134073525,0.2605224772250135,0.12727334534452867,1.1677827609510354,0.049569610776483065,0.26762177949964255,1717,eeg_data_level_5.csv,7,AF8,190.0078125,200.00390625
0.1538511961792497,0.1538511961792497,0.130266584828377,0.17313784826173692,0.17136827985980282,0.28954445729873884,0.28954445729873884,0.2420662778884241,0.4203526001995575,0.27834101372715614,0.5105294438702762,0.5105294438702762,0.44346062326245805,0.2306826826985847,0.6119086495639365,0.5401122568990199,0.5401122568990199,0.31231873343201405,0.5376847328278596,0.6629933314147726,0.7841504314381691,0.784150431438169,0.3040704757599829,1.0281830975833963,0.864163343771191,0.987648081513232,1.13367107609648,1.5712382482093656,1.34378913612401,1.435912160709097,hjorth_mobility,hjorth_complexity,1.483061907734211,1.1506210347156443,1.1779210306750754,0.8466980509812938,0.35244926403100246,1.194323278245377,0.24189096818971997,0.591185163165576,1717,eeg_data_level_5.csv,7,TP9,190.0078125,200.00390625
0.1587423739204374,0.15874237392043739,0.11746557247611689,0.29315198582349794,0.17836310836434977,0.27285008209090156,0.27285008209090156,0.23290146117374913,0.38390156246518525,0.29437291381436054,0.39012694281032284,0.3901269428103228,0.40169667402303716,0.2045278842341901,0.3915535518830601,0.3779654692256449,0.37796546922564483,0.19119888828136086,0.4503846945819194,0.4722448457081357,0.7865010503179445,0.7865010503179443,0.2610473318547177,1.5790909017746753,0.9574346286498825,1.0378399450097953,1.1069738234296265,1.2876053701166685,1.021751525056709,1.4770871400951222,hjorth_mobility,hjorth_complexity,1.5688588776031325,1.274629582553866,1.132968830841945,0.7750543697444151,0.2741272053574464,1.2208637955397188,0.2460401245530596,0.5962339052163483,1717,eeg_data_level_5.csv,7,TP10,190.0078125,200.00390625
0.007785917127884605,0.0077859171278846055,0.006290223738721345,0.010687367597417884,0.008655801306931131,0.012687060280355484,0.012687060280355484,0.00902600909261108,0.025663667850152384,0.01332651137912248,0.051691551185613076,0.05169155118561307,0.03871584391256443,0.0621652251391218,0.05495882654152202,0.17262123822215156,0.17262123822215153,0.09594184298784134,0.3712990328736307,0.20034705824986712,0.4664178649635196,0.4664178649635195,0.5045908383261827,0.4617423786133559,0.4470600350925572,0.6184409425785078,0.6083343744044268,1.577142792122345,3.40071515780193,6.095567797608589,hjorth_mobility,hjorth_complexity,2.1081541167792093,1.5859372710005337,1.0672465146197194,0.22958543305454315,0.08321718734065336,1.194323278245377,0.01941972147334148,0.16750786300149825,1717,eeg_data_level_5.csv,8,AF7,200.0078125,210.00390625
0.020069703169224337,0.02006970316922434,0.01633480468580022,0.032861413396602805,0.022576021763320613,0.026584721933249424,0.026584721933249424,0.020829950089804563,0.0424328471647207,0.03000814783337136,0.08748746405753381,0.0874874640575338,0.07204648842596979,0.08284964110337611,0.10543076852275236,0.2934262793929346,0.2934262793929346,0.1719058933178028,0.4549565160028113,0.37461555745688296,0.6168556978728365,0.6168556978728362,0.2513947233927906,0.732915798975125,0.7043323065478877,0.7830842839755197,0.6716012439446423,1.4775340717905625,3.2124599468922126,4.835230756826483,hjorth_mobility,hjorth_complexity,1.8783408046303127,1.4897022836626486,0.9988114049193852,0.22144410564126146,0.08321718734065336,1.0881612090680102,0.03429317322867313,0.2225960924978053,1717,eeg_data_level_5.csv,8,AF8,200.0078125,210.00390625
0.0475045027823389,0.0475045027823389,0.03545773842107851,0.10859130801327016,0.04800053987733219,0.12785406648088168,0.12785406648088168,0.09377567927511712,0.260785507534748,0.1443436965813105,0.39245309058394356,0.39245309058394356,0.3273847072486558,0.19892315618720796,0.50438732777969,0.4584518290856431,0.4584518290856431,0.25790457688100543,0.7742963391250731,0.5978249131639958,0.6609387383815926,0.6609387383815924,0.23370787606007162,1.2057909295163611,0.7811206431530289,0.7938189619262325,1.1473210162247764,2.3655912483044177,2.2957665395189664,2.4774367021946078,hjorth_mobility,hjorth_complexity,1.5933722975656812,1.258519796522301,1.0697355725532423,0.7229498742994125,0.35244926403100246,1.194323278245377,0.09854095739002615,0.377330654094791,1717,eeg_data_level_5.csv,8,TP9,200.0078125,210.00390625
0.05444801911668417,0.05444801911668418,0.04722976005188945,0.08467497124041339,0.0634596464320782,0.12821798152170555,0.12821798152170555,0.09066606942579816,0.18019663184183912,0.15203527727853064,0.16588175774030336,0.16588175774030334,0.1556101153367539,0.15156957500791712,0.17835569875852647,0.38492287627161625,0.38492287627161625,0.21374905890550044,0.905507416022689,0.4727888153951109,0.7435678716926263,0.7435678716926262,0.3037865033107986,0.8849031381211725,0.8664450218973079,0.8658018264510299,1.1573526468663915,1.2477456445906725,2.028949596061412,2.783782158970258,hjorth_mobility,hjorth_complexity,1.5351529251546276,1.3998059707673873,1.0082269424207253,0.6920128301289421,0.32307849202841893,1.114701726362352,0.10782170875007827,0.3946997077531232,1717,eeg_data_level_5.csv,8,TP10,200.0078125,210.00390625
0.005050465801808198,0.0050504658018081985,0.003904443595640352,0.009980596901738305,0.005259543562944025,0.017672285470349047,0.017672285470349047,0.016852007436645732,0.03510754280128827,0.01656098955954329,0.04346492712767486,0.04346492712767486,0.03658911670718059,0.053644075581307724,0.044805289596273806,0.41682767586855085,0.4168276758685509,0.6369397715645406,0.47167571403445135,0.3046272953166371,1.3718843799454168,1.3718843799454168,5.596956191737492,1.1145834383193824,0.7706460008901086,0.29117026711863725,0.4843886807777757,0.8354784316741989,3.8934129692267483,7.598035132872711,hjorth_mobility,hjorth_complexity,2.4023151563297964,1.6577809576615508,1.0969380858491928,0.34844881328845556,0.2398613046877656,1.194323278245377,0.035120203112376194,0.2252642166028885,1717,eeg_data_level_5.csv,9,AF7,210.0078125,220.00390625
0.020011919133614123,0.020011919133614123,0.01749015345549708,0.02319704181068358,0.022017164405507595,0.037157928572338246,0.037157928572338246,0.02779015008562411,0.09154025706135928,0.03933616834271863,0.08411924217005451,0.0841192421700545,0.07968334018201054,0.08051027652750407,0.09264913364635195,0.3106126009427634,0.31061260094276344,0.20769091774270407,0.5784226359064168,0.38760560323110804,0.7459470083033186,0.7459470083033185,0.3504172603787039,0.8731248132518258,0.7919729394392322,0.7153672104209278,0.8069971335856707,1.3075471309827724,3.074559001149206,5.141302466709734,hjorth_mobility,hjorth_complexity,1.7312602848550191,1.4796787576928356,0.9945417849435301,0.2507528843290755,0.14930142434646634,1.114701726362352,0.039292396735163826,0.2382692292425965,1717,eeg_data_level_5.csv,9,AF8,210.0078125,220.00390625
0.05622348408489259,0.056223484084892604,0.04390146118052065,0.052860303017936434,0.06643307005180753,0.14930391349352912,0.14930391349352914,0.1103032801229181,0.2302990074176796,0.16088771046337655,0.2890622380600688,0.28906223806006875,0.30810450733099265,0.24893790530813548,0.25717310663170617,0.4562150433860339,0.45621504338603397,0.23373867862449763,0.5303768988503245,0.6214632376651384,0.7356374175641495,0.7356374175641494,0.3884471295677665,0.6395070032508743,0.8388506991606081,0.830803735837801,1.2108437208240095,1.7842800553202065,2.1552083412551393,2.539443781734902,hjorth_mobility,hjorth_complexity,1.6852976224252398,1.306602755823929,1.048070513985802,0.589432104721593,0.24475643335486283,1.1412422436566936,0.08540587254505691,0.35128335078768946,1717,eeg_data_level_5.csv,9,TP9,210.0078125,220.00390625
0.051105546453017535,0.051105546453017535,0.03999905644320617,0.063425399467235,0.05241247529637052,0.11450245135399828,0.11450245135399828,0.08241875888437795,0.20128575974097718,0.13270139405557307,0.2256033278408628,0.22560332784086276,0.2096978588345241,0.1737438829403068,0.1921781906836541,0.3860139260085262,0.38601392600852613,0.20326083541906734,0.7443789475642136,0.5133156054298939,0.7611251104982351,0.761125110498235,0.28559282008565073,0.9340540736288622,0.8971754851030888,0.85747033630304,1.1172482288190426,1.6393915731356,2.116339774122104,2.9664317823400723,hjorth_mobility,hjorth_complexity,1.780287124780117,1.3894048293638712,1.1746675429642164,0.5731494498950297,0.1811197606825985,1.3004853474227438,0.07442795420604545,0.32793044669157984,1717,eeg_data_level_5.csv,9,TP10,210.0078125,220.00390625
0.00518861034778185,0.005188610347781849,0.003486430412424356,0.0094492689886597,0.0061415443087805294,0.014734759714177231,0.014734759714177231,0.010329099690958576,0.03253863362808488,0.01598577030500682,0.043398674033004826,0.04339867403300481,0.04215559827674958,0.030458268595194214,0.04672357730780469,0.27391452050078163,0.27391452050078163,0.33576619426564036,0.42751138948373757,0.23221683005673652,0.6555826118015223,0.6555826118015221,1.6955986792905078,0.6000587866134292,0.5919079982163001,0.4244432363480137,0.6117933034437886,1.2006273940104644,4.175220608762386,6.834371016018006,hjorth_mobility,hjorth_complexity,2.2429779265732277,1.5979163257577491,1.0929388129897128,0.2654072736729825,0.13951116701227181,1.2208637955397188,0.02403584135111725,0.18635599316266035,1717,eeg_data_level_5.csv,10,AF7,220.0078125,230.00390625
0.020699866826893825,0.02069986682689382,0.015183766155446386,0.023594110156371553,0.027469909219100253,0.030853423307390826,0.030853423307390826,0.026745452163518563,0.04768132059228908,0.03040849135183109,0.08501931684131897,0.08501931684131896,0.06970087769370205,0.14447018991499636,0.09145316932365037,0.292165461134952,0.292165461134952,0.2806424324420823,0.3197283473558703,0.35573100588395956,0.5864352970439333,0.5864352970439332,0.2568172682449927,0.7994606749238659,0.6729400796382154,0.7875759828105667,0.742233948118817,1.4451316282987088,3.140782655653748,4.564207057385393,hjorth_mobility,hjorth_complexity,1.7343244623503378,1.4808380748962922,1.0298360671020188,0.23772676046782482,0.1027977020090424,1.1412422436566936,0.03758638150823272,0.233039188086003,1717,eeg_data_level_5.csv,10,AF8,220.0078125,230.00390625
0.05383066198361129,0.0538306619836113,0.03826719124624868,0.0581158095686116,0.06551553150163969,0.21247983569453424,0.21247983569453424,0.14312683191863432,0.5143234672012494,0.24074391554516922,0.33879209942499444,0.3387920994249944,0.4200933184933804,0.15656336570042936,0.33906471317612397,0.4819958248948579,0.481995824894858,0.3445415761638421,0.6651488610046381,0.6032130057679467,0.6881086179581662,0.6881086179581661,0.32767351546058826,0.9314247335853251,0.7930973723542348,0.7638066863342381,1.4619166264120935,1.852206265543315,2.068026326667343,2.2080124756096473,hjorth_mobility,hjorth_complexity,1.7006185099018327,1.2566157426328233,1.0904777219992636,0.7180650778514435,0.30594554169357857,1.194323278245377,0.09585582071928682,0.3721542171951065,1717,eeg_data_level_5.csv,10,TP9,220.0078125,230.00390625
0.051196027202860414,0.05119602720286041,0.04533298701316525,0.075169884023793,0.053173021097879296,0.22358571197593627,0.22358571197593627,0.15781504199960597,0.46277076114772325,0.23810522140591756,0.26878861509713287,0.26878861509713287,0.2864588513115936,0.1390621245264086,0.3260779365858754,0.46356193695548764,0.46356193695548764,0.29354520206157764,0.9613116649465886,0.5011570099611259,0.757000081828271,0.7570000818282708,0.30111922799612606,0.918367485022515,0.8849747359572373,0.7363258545345195,1.5145394372032845,1.5716799097624736,2.0266160061725973,2.4208302173832403,hjorth_mobility,hjorth_complexity,1.5903081200703628,1.3231499827920898,1.117848036953654,0.7229498742994125,0.32063092769487034,1.194323278245377,0.0995821279743044,0.3793188288246354,1717,eeg_data_level_5.csv,10,TP10,220.0078125,230.00390625
0.006156095721753001,0.006156095721753001,0.005800652597237816,0.00975496641560623,0.006820070019029575,0.017707959591221283,0.017707959591221283,0.014704677897422004,0.03106387919481377,0.019530771245943962,0.05562771023514503,0.05562771023514501,0.042418605180318494,0.09152697041974456,0.05558209140821073,0.9944593562181147,0.9944593562181145,2.437451758209894,0.7788239842664196,0.42622970177707814,3.1690211715978025,3.169021171597802,18.25761507378266,1.0249463082583792,1.1032260763092383,0.18812490745613844,0.26920651167815157,0.5567996007367061,3.8316885143177526,6.986817954826897,hjorth_mobility,hjorth_complexity,2.3349032514327868,1.6498128616277705,1.090226019511604,0.3972967777681456,0.07097936567291022,1.0350801744793268,0.07183088848735063,0.32215829555920095,1717,eeg_data_level_5.csv,11,AF7,230.0078125,240.00390625
0.022593655007049674,0.022593655007049674,0.015311904940411182,0.05243696429557784,0.026112416628024795,0.04459754573701215,0.04459754573701215,0.036644422461390186,0.044168722702505346,0.04191054836515003,0.08896792717133539,0.08896792717133539,0.05839088032074522,0.14077549171197518,0.10700705152352102,0.3212705993748542,0.3212705993748542,0.2130434959370898,0.6402279417912722,0.40354108593377175,0.6105315471999447,0.6105315471999447,0.2598990204173508,0.8998469425320214,0.754738648612599,0.781869924080174,0.8744361236588171,1.3590717093618054,3.0879767896997006,4.2337083928940205,hjorth_mobility,hjorth_complexity,1.6791692674346026,1.4735983046589698,0.9606551722530635,0.27192033560360784,0.24475643335486283,1.0616206917736684,0.04211441438488959,0.24667724123147805,1717,eeg_data_level_5.csv,11,AF8,230.0078125,240.00390625
0.14714693284680155,0.14714693284680155,0.10070355745776274,0.16259115738584556,0.19399214298813508,0.4327791643541431,0.4327791643541431,0.31598668192892265,0.45488412803762,0.5013440382954164,0.5243861691540112,0.524386169154011,0.5199886370612762,0.44271345503364484,0.4402294965356584,0.5010172951208524,0.5010172951208525,0.30043866053694224,0.7494775955523765,0.6075874646422422,0.7175942945427293,0.7175942945427292,0.3151725563387617,1.0798624771614609,0.8317816428434266,0.9134479047049417,1.4190189025391826,1.51281731162323,1.1745674388168708,1.2318079031009188,hjorth_mobility,hjorth_complexity,1.4646768427622991,1.1488743233101049,1.125893194244403,0.7555151839525391,0.40140055070197506,1.1677827609510354,0.20658493242859105,0.5463400284583981,1717,eeg_data_level_5.csv,11,TP9,230.0078125,240.00390625
0.1504354664118813,0.1504354664118813,0.10160896612620977,0.20532874183981303,0.18752770646619074,0.3911400914559109,0.39114009145591094,0.30815749591804803,0.44243608922867217,0.4495210884610352,0.3808929692829242,0.38089296928292415,0.3639977765228746,0.3380383274471524,0.31144235502402395,0.39215496142942446,0.39215496142942446,0.20423146559059652,0.5389234994746482,0.5472817339378597,0.7167273100259897,0.7167273100259896,0.30524887201972717,1.037960010145228,0.8112938262006816,0.9624982071897954,1.3560853422205112,1.2140798023877208,1.0006282184794792,1.2860976965450661,hjorth_mobility,hjorth_complexity,1.4738693752482552,1.2473773103661663,0.9960333552407721,0.7229498742994125,0.3034979773600299,1.0616206917736684,0.20179677876691723,0.5399714705509031,1717,eeg_data_level_5.csv,11,TP10,230.0078125,240.00390625
0.004311721443509109,0.004311721443509109,0.004467299638318304,0.0078057523430325295,0.003454443020353689,0.02420509460214299,0.024205094602142988,0.023574321416449377,0.03541266133526709,0.021255890452259084,0.0655418855054015,0.06554188550540149,0.06262410518337007,0.06198892859917414,0.0734048475837095,0.9874388610261517,0.9874388610261515,1.9911349053444427,0.577900200331923,0.44533448836226575,3.1335864648544804,3.1335864648544796,16.165295188771946,0.9775231274027929,1.0286820921761761,0.14306937820228177,0.34297649625254045,0.6413634965764898,3.947139157368856,7.200309328588982,hjorth_mobility,hjorth_complexity,2.239913749077909,1.6373312757927494,1.0913726641776087,0.6985258920595674,0.19091001801679303,1.0881612090680102,0.07374098752632637,0.3264135466888749,1717,eeg_data_level_5.csv,12,AF7,240.0078125,250.00390625
0.02503131992716423,0.025031319927164238,0.016876638557333908,0.047301306816599116,0.031070238966480604,0.04503212344392589,0.04503212344392589,0.04599067922862831,0.07683428859310457,0.044430978414604236,0.1260558958553086,0.1260558958553086,0.09997624716293743,0.13383145702707222,0.15084070556607682,0.33143430404429863,0.3314343040442987,0.21765750206654694,0.3585178895128123,0.3963680132004865,0.6006067383683567,0.6006067383683567,0.27647233763423473,0.9997660357882572,0.6958768338062162,0.8034660582866916,0.8560327959133837,1.6947238340995001,3.0146518332277576,3.998033629283794,hjorth_mobility,hjorth_complexity,1.676105089939284,1.4026145173211066,1.0597886631335096,0.24423982239845016,0.2178332256858279,1.1545125023038645,0.04340093858631751,0.25041668411226076,1717,eeg_data_level_5.csv,12,AF8,240.0078125,250.00390625
0.07893089577356252,0.07893089577356252,0.06949049274582826,0.04426970768752949,0.09136620050832076,0.2755233742920902,0.2755233742920902,0.17639030984455198,0.5204530157752587,0.29541297260310423,0.421366861339252,0.421366861339252,0.3744419535783166,0.3396141470213067,0.5135573255166643,0.5696138952004769,0.569613895200477,0.3150219902008072,0.7194250421493572,0.7216517921845711,0.613375507176453,0.6133755071764528,0.2118318433733698,1.0428931069424254,0.7027046872897922,0.7962648897520671,1.4460177511169432,1.8025901644879099,1.9064611247284518,1.5932331481507984,hjorth_mobility,hjorth_complexity,1.5964364750609998,1.1963554608172147,1.12461603717739,0.7473738565392575,0.40140055070197506,1.2474043128340604,0.10502951323885938,0.389555532035665,1717,eeg_data_level_5.csv,12,TP9,240.0078125,250.00390625
0.06752184717989994,0.06752184717989994,0.05056491692207243,0.1159967869487314,0.07797112856193426,0.24459324196874396,0.24459324196874394,0.16886839255681002,0.36891363177637804,0.2744508450084234,0.23588365334705938,0.23588365334705935,0.25877933689002797,0.16146114990789814,0.1882776220032162,0.45677862109473316,0.4567786210947332,0.26525267450899137,0.6380641812966935,0.5731404257117533,0.620270590164317,0.6202705901643167,0.21702125904800107,0.8783953394919047,0.689814416801709,0.8286834392741552,1.4802677357599137,1.2822511292555676,1.8141227561885964,1.8482105886035927,hjorth_mobility,hjorth_complexity,1.6362707825001417,1.3328261084529882,1.0769230769230769,0.6838715027156604,0.3695822143658429,1.2474043128340604,0.09667015202972752,0.3737316691598927,1717,eeg_data_level_5.csv,12,TP10,240.0078125,250.00390625
0.00935803896265113,0.00935803896265113,0.007525909517994872,0.015712838056117878,0.008802860298224897,0.029106006212241253,0.029106006212241253,0.028295066461842693,0.03693338666019069,0.029069776788334088,0.12635741725940683,0.12635741725940686,0.08946588648394094,0.12539137619734825,0.1581333828046704,3.250422638592219,3.250422638592219,8.464925253053009,1.4267617304654223,0.9993143288242007,10.257183419929525,10.257183419929522,68.19183949344473,2.012254605575011,2.102526137887275,0.1073743837890191,0.1587904460729903,0.4324336829217606,3.776201854064294,6.480155313365991,hjorth_mobility,hjorth_complexity,2.2092719741247238,1.6705957269719092,1.0884361351549137,0.8483263164639502,0.22028079001937656,0.8492965534189347,0.23051188755016636,0.5771123434262826,1717,eeg_data_level_5.csv,13,AF7,250.0078125,260.00390625
0.021821567406946716,0.021821567406946716,0.014483402464501683,0.05020050581396099,0.025340901014074293,0.042517128988145365,0.042517128988145365,0.03543538540147154,0.06003176132462608,0.03803055545144349,0.10571030827535864,0.10571030827535863,0.0692666629117789,0.16335844733037033,0.13260174301483585,0.2833230438193708,0.28332304381937085,0.1660465225475839,0.6332541223491331,0.31804936869428324,0.6095690092080525,0.6095690092080523,0.2844789743342887,0.895058102745364,0.6714812836127829,0.7891708394867617,0.874557822574814,1.6097469835993483,2.8870492450365393,4.387774017761906,hjorth_mobility,hjorth_complexity,1.6730409124439654,1.4438776789178212,1.0054675373708277,0.22958543305454315,0.13461603834517455,1.1279719850095227,0.04182721021996921,0.24583468016751187,1717,eeg_data_level_5.csv,13,AF8,250.0078125,260.00390625
0.0594612285649666,0.059461228564966606,0.045539730467447685,0.0581756284551673,0.07228269485029698,0.18768453807589003,0.18768453807589003,0.15819455704699448,0.2875911703319574,0.179190490821654,0.37350280790847246,0.37350280790847246,0.4087673859998912,0.2015593539963427,0.29655589844224206,0.4211856257870185,0.4211856257870185,0.298324672936578,0.6847969339565594,0.4960299610572485,0.7410447455344221,0.741044745534422,0.3407854711942318,0.8371571184977613,0.7874440086856312,0.8089084944942094,1.3104862149860925,1.9630376855260023,1.8491920303568328,2.34559194713802,hjorth_mobility,hjorth_complexity,1.6209498950235492,1.2186620268703132,1.1087028465686892,0.6806149717503478,0.30839310602712716,1.1677827609510354,0.13941563570048282,0.4488171476983455,1717,eeg_data_level_5.csv,13,TP9,250.0078125,260.00390625
0.06160288691928202,0.06160288691928202,0.04946041209894025,0.03348533383078356,0.08452472675487135,0.17874087894812923,0.1787408789481293,0.14539857288662014,0.3526367828532413,0.16148239986073384,0.31540325957594656,0.3154032595759465,0.38752117631840316,0.2898165914479451,0.2756932711609427,0.3787441310561486,0.3787441310561486,0.23883915819304838,0.4073886966025109,0.48842573304673625,0.7626031271087934,0.7626031271087933,0.3512140768157464,1.1314791445240506,0.8139763806570637,0.8178539684570982,1.2915661166063122,1.7784427952187642,1.7268836656752125,2.4523086488566057,hjorth_mobility,hjorth_complexity,1.651591669976735,1.312568423963413,1.140063112068202,0.672473644337066,0.276574769690995,1.2208637955397188,0.1350866928583146,0.44179417404269766,1717,eeg_data_level_5.csv,13,TP10,250.0078125,260.00390625
0.003698639222187687,0.003698639222187688,0.004891764856385105,0.0030960882405005018,0.0022225309232633403,0.008843339046070193,0.008843339046070195,0.007258256669219321,0.014187189485972473,0.010312869554567228,0.028307495271501653,0.02830749527150165,0.027129660665834984,0.03397167884765559,0.026066295321799198,0.22624432875779515,0.22624432875779513,0.29875092736756925,0.35769777695137717,0.20795851319162603,0.6783227210404991,0.678322721040499,2.4191020733811723,0.47440068853540374,0.43700683080585195,0.33960116972832066,0.4570859692400782,0.9685674152050956,4.044884016956956,7.391071966547123,hjorth_mobility,hjorth_complexity,2.19395108664813,1.616102095449097,1.0608047953985056,0.42009249452533426,0.053846415338069824,1.114701726362352,0.027126846465467373,0.1979763688256848,1717,eeg_data_level_5.csv,14,AF7,260.0078125,270.00390625
0.022856597336400098,0.022856597336400098,0.023642931317207787,0.02932901548293271,0.016639226263538507,0.03567248778170761,0.03567248778170761,0.027918338915946625,0.05494862749370187,0.04076082073937062,0.09288698848370305,0.09288698848370305,0.09327535490535727,0.11061475096322716,0.08532960218426135,0.225278012586277,0.225278012586277,0.13077068092536842,0.22114599859746684,0.27396497467199654,0.490763436813704,0.4907634368137039,0.21623135133578708,0.4040450341706621,0.553045596379338,0.8070963915062546,0.8271035576379804,1.5184093537465986,2.5426380421193886,3.9091309779351353,hjorth_mobility,hjorth_complexity,1.4585484877716621,1.4490336231790522,0.9001719966999007,0.22144410564126146,0.2153856613522793,1.008539657184985,0.04328872409582957,0.2500927444849531,1717,eeg_data_level_5.csv,14,AF8,260.0078125,270.00390625
0.08152545195459797,0.08152545195459797,0.05685203335990446,0.11624918314312234,0.09942971726599206,0.21411615244665796,0.21411615244665796,0.15698253632502698,0.36319493484800797,0.2613051071120311,0.3193927680417798,0.31939276804177974,0.34477942445331544,0.2805526830610262,0.2591611653703274,0.3917534797978051,0.3917534797978051,0.2053767661093818,0.8713204260200246,0.4700917615429511,0.6416510178089471,0.641651017808947,0.24653434545646485,1.1500440089515824,0.7925575122627067,0.9035100975268177,1.297226750232592,1.5661594264350187,1.5338966015556763,1.8138060522491615,hjorth_mobility,hjorth_complexity,1.6086931850422743,1.335497529890066,1.0575046961158578,0.7343477326780068,0.2912601556922868,1.194323278245377,0.09672322094250303,0.37383423862773807,1717,eeg_data_level_5.csv,14,TP9,260.0078125,270.00390625
0.08233694679433885,0.08233694679433885,0.04758223673650014,0.21907901227872972,0.09422114952621352,0.1880878714625164,0.1880878714625164,0.14762535579501113,0.2974403412806837,0.2098094014885045,0.3217555528260128,0.32175555282601276,0.3012943314689432,0.25979383422051655,0.32016401942755973,0.3775355445933733,0.3775355445933733,0.21133864728292054,0.8455558792706165,0.472760031169247,0.6804952677805626,0.6804952677805625,0.22727013925263762,0.9105808776973717,0.8479106364051219,0.9351661341516324,1.1948485074789381,1.612312377664433,1.5166948929399917,1.949716109071958,hjorth_mobility,hjorth_complexity,1.532088747659309,1.395224005898081,0.9149758319000275,0.7603999804005082,0.2863650270251895,1.0616206917736684,0.1066870025482081,0.3926173220058152,1717,eeg_data_level_5.csv,14,TP10,260.0078125,270.00390625
0.007284459261708804,0.007284459261708805,0.0063056872009004585,0.010107160671125139,0.007088098732392489,0.014560349403432931,0.014560349403432931,0.01682487725717292,0.01884493926899583,0.013479020161121343,0.03246860786681127,0.03246860786681127,0.021594905525749882,0.04721858901322578,0.0389881171122253,0.13314153722391475,0.13314153722391475,0.0711395002073625,0.23537552749435636,0.17096631430195994,0.36096173089557493,0.3609617308955749,0.4517780406674962,0.5697790193008537,0.36037820049750935,0.665786293873543,0.7487621279633491,1.2647504892275034,3.1901942211453767,5.775211699973481,hjorth_mobility,hjorth_complexity,2.0652556318447486,1.5371332755500826,1.014836463300379,0.18236573405750944,0.08076962300710473,1.114701726362352,0.016624682415109,0.15498525369771965,1717,eeg_data_level_5.csv,15,AF7,270.0078125,280.00390625
0.03468916498329305,0.03468916498329305,0.032272413946351795,0.0398952747558126,0.03268389554536046,0.04710076381585426,0.04710076381585426,0.04313679700481158,0.06253653513838331,0.05503032479937115,0.09029345901540994,0.09029345901540993,0.08578731377937171,0.09416515337325727,0.06884747090328214,0.2834646620847044,0.2834646620847044,0.1376212757461513,0.7048220073605005,0.36876353721198357,0.4898831656214228,0.48988316562142276,0.18745621876144042,0.7714820865494376,0.5636076796227982,0.8902551626094248,0.8323146064014324,1.1908388438259063,2.4968911133474263,3.1220117030835453,hjorth_mobility,hjorth_complexity,1.4125858253418828,1.3834987484702288,1.0579335225763147,0.28820299043017117,0.1639868103477581,1.1412422436566936,0.04818722599395188,0.2638637089159061,1717,eeg_data_level_5.csv,15,AF8,270.0078125,280.00390625
0.06295711686033825,0.06295711686033825,0.04554459597790159,0.11115195063628905,0.06578124781072542,0.1966275757440286,0.1966275757440286,0.1608481900122886,0.34762329560050775,0.1929793421546804,0.3855146362011408,0.38551463620114074,0.3783108665059732,0.34757050872280076,0.4237236595029206,0.4718936843701462,0.4718936843701462,0.22584559920546599,0.7190494942376053,0.5904733332330717,0.6042143749967135,0.6042143749967134,0.23164518332434963,0.6297291766499207,0.68763526476584,0.8286541426630337,1.3256588481563745,2.013307359536202,1.9775009998712267,1.9090554709037266,hjorth_mobility,hjorth_complexity,1.4585484877716621,1.2314481248597287,1.1343951449386824,0.8190175377761362,0.35000169969745387,1.2474043128340604,0.11011717870381203,0.39887905996213474,1717,eeg_data_level_5.csv,15,TP9,270.0078125,280.00390625
0.06390973344072597,0.06390973344072597,0.04657126316495564,0.15902588329339104,0.06705600790358614,0.181452135119569,0.181452135119569,0.14913388243788928,0.3449045268131703,0.2028630276351116,0.3058924541301766,0.30589245413017657,0.20566728021489702,0.38739925578207,0.35939354394097206,0.44396388869843206,0.4439638886984321,0.3412754980683086,0.7735199643197649,0.4628578471363833,0.6780549080644009,0.6780549080644008,0.27437344315315554,0.6319386996025608,0.7204106223086622,0.8562285386307753,1.2819329032515838,1.7620613185813814,1.8991430864385361,2.1449460798992726,hjorth_mobility,hjorth_complexity,1.4953186177154854,1.291842589065261,1.0570199357692538,0.7978500865016038,0.3279736206955162,1.1279719850095227,0.1155563878683853,0.40861158788117885,1717,eeg_data_level_5.csv,15,TP10,270.0078125,280.00390625
0.003448238164028362,0.003448238164028363,0.0025563393366382268,0.007452765756891898,0.003642193884377582,0.013644322295037918,0.013644322295037918,0.010987768895393704,0.01929421203652011,0.013493212384156069,0.045758874892274544,0.04575887489227454,0.03563075848475362,0.07487603604134428,0.05288386906739165,0.1984970144432845,0.19849701444328455,0.23825752335835565,0.38882917267102646,0.1935540719306577,0.7058073626873446,0.7058073626873445,2.639784326221067,0.4486438298058661,0.4908009454284054,0.34275466282255845,0.6277256966754965,1.4179960601566932,3.617998252469316,7.486270199595562,hjorth_mobility,hjorth_complexity,2.1571809567043068,1.6019258244992922,1.086217424337766,0.20678971629735446,0.10524526634259102,1.2474043128340604,0.020883005973077746,0.1737041546754286,1717,eeg_data_level_5.csv,16,AF7,280.0078125,290.00390625
0.019847397548436167,0.019847397548436167,0.01563971936738419,0.03302394045958171,0.02140311706411137,0.04065694932189755,0.04065694932189755,0.04927133895107307,0.04167382048216621,0.0402686921547868,0.08829497085825773,0.08829497085825773,0.0795434997336153,0.13645409783667867,0.08711244176880178,0.24941722307481368,0.2494172230748137,0.14227841632656782,0.39817255076356833,0.3173539861342791,0.48476201530205537,0.48476201530205526,0.1936543459309687,0.5123459304214598,0.5468962790644645,0.7927745774852487,0.9104739740177861,1.5265549405595755,2.8743628749495036,4.010526739156424,hjorth_mobility,hjorth_complexity,1.602564830051637,1.4189140376141305,1.0431483320049035,0.21655930919329247,0.15664411734711223,1.1677827609510354,0.03798110172625382,0.23425964394302623,1717,eeg_data_level_5.csv,16,AF8,280.0078125,290.00390625
0.11778156633880854,0.11778156633880853,0.0800013729555793,0.23224991195260594,0.1257278799032672,0.32910282163999804,0.32910282163999804,0.2446194739107952,0.5489613265270267,0.3472193790858971,0.4766069927275428,0.47660699272754276,0.4977978556513133,0.454624172406256,0.4802850778168762,0.4109280766806035,0.4109280766806036,0.22630923256858096,0.44997972258599206,0.5705348422839975,0.5541905062003694,0.5541905062003692,0.23251001285296455,0.6881782596195298,0.6457700878458318,0.9309155769356936,1.3927098018951756,1.6598146169322965,1.2003741440843076,1.1972160138091221,hjorth_mobility,hjorth_complexity,1.3635589854167849,1.1211126515385208,1.072690746204653,0.6659605824064407,0.256994255022606,1.114701726362352,0.1324809349095539,0.4375124257042653,1717,eeg_data_level_5.csv,16,TP9,280.0078125,290.00390625
0.13238220334082018,0.1323822033408202,0.08933882792620175,0.25335954480299633,0.15438191559021106,0.33302254633932066,0.33302254633932066,0.27439638742450645,0.450824257062218,0.3892021254921117,0.3840909162133698,0.3840909162133698,0.3666386867303141,0.3490218637121877,0.35826745829138434,0.3728917759173624,0.3728917759173624,0.22489286380091061,0.7290625982000407,0.4544496929346332,0.647821602536415,0.6478216025364149,0.2845512772177225,0.8326593159244928,0.742733930770056,0.9680626535389365,1.3447716117207957,1.3464073895538575,1.0636113044675033,1.3113963408632987,hjorth_mobility,hjorth_complexity,1.3696873404074221,1.2453775812940011,0.9946722973445385,0.7001541575422238,0.2398613046877656,1.0881612090680102,0.14366692794815816,0.45560879848690866,1717,eeg_data_level_5.csv,16,TP10,280.0078125,290.00390625
0.005678423536742707,0.005678423536742707,0.0033188093971040084,0.01570491906422371,0.006391746754081859,0.010903690641072487,0.010903690641072486,0.007617563066614748,0.021437948406853247,0.011824680798238483,0.031785481557841874,0.03178548155784187,0.01996132958213412,0.0525451625402867,0.040687267987647824,0.13747023299146052,0.13747023299146055,0.09491802297911434,0.30624616581776626,0.15227262979102202,0.42135573960924544,0.4213557396092454,0.5433134397497696,0.5673020014479795,0.42374526042677935,0.5972881427278194,0.6485010973891658,1.2988489906655831,3.407625962725672,6.85323097806126,hjorth_mobility,hjorth_complexity,2.1418600692277137,1.5649172786492689,1.0320268109760928,0.19702012340141645,0.07587449434000748,1.1677827609510354,0.01732739783365128,0.15822691957226082,1717,eeg_data_level_5.csv,17,AF7,290.0078125,300.00390625
0.028635516323441797,0.028635516323441797,0.0281085270216899,0.04089442765378154,0.019852938598444968,0.049439569631600275,0.049439569631600275,0.03268639898182059,0.1030723264947736,0.057995957272030406,0.10838421805330961,0.1083842180533096,0.08518604728053851,0.11888475965115608,0.1238519161646248,0.29185141038017165,0.2918514103801716,0.17816988725202587,0.44592842779831177,0.3908884090250068,0.5258332389402429,0.5258332389402428,0.18174201756276762,0.5144634537131763,0.6188430466193309,0.8175506337059254,0.9075511144793151,1.469758026911725,2.6416742489110967,3.4606745150533653,hjorth_mobility,hjorth_complexity,1.4432276002950692,1.3701130163448363,1.0030437356378092,0.2654072736729825,0.13951116701227181,1.114701726362352,0.046425713599174495,0.25899596236937483,1717,eeg_data_level_5.csv,17,AF8,290.0078125,300.00390625
0.026485699426677924,0.02648569942667793,0.023960632863168036,0.03765532862338252,0.027689101509201706,0.06901147421673076,0.06901147421673076,0.05890184555569845,0.10198280604800095,0.06976064078330324,0.2275442819473615,0.22754428194736148,0.17925919353528752,0.12894261820711236,0.3098763797570367,0.44897230752218,0.44897230752218004,0.2454105315541815,0.7306269991164671,0.5818121342341386,0.728229058396139,0.7282290583961388,0.32536127453042035,0.9879330735596654,0.8581970825032542,0.6926072761053825,0.9723331703035092,2.17931099071553,3.140944641547676,3.7759948249742883,hjorth_mobility,hjorth_complexity,1.4646768427622991,1.311757041824558,1.1523126331343019,0.25726594625970084,0.18846245368324438,1.2474043128340604,0.05633218538619377,0.28529358057377335,1717,eeg_data_level_5.csv,17,TP9,290.0078125,300.00390625
0.021787901727636557,0.02178790172763656,0.020374536249956735,0.03469909385532348,0.020300495590269443,0.06586994671197376,0.06586994671197376,0.044853450733003584,0.07820500983240654,0.08111772313504644,0.13473700937365976,0.13473700937365973,0.11224232673483323,0.12125014924417885,0.16125563405819418,0.35483892751454355,0.35483892751454355,0.21493042506399063,0.7645635114306102,0.3761053843805101,0.6504842913771636,0.6504842913771635,0.23068550189873585,0.9107729743460099,0.7591754255128265,0.6901075792221639,1.084612798304709,1.6852723241041376,3.0172070905593458,4.03780661149635,hjorth_mobility,hjorth_complexity,1.5443454576405833,1.3844698108151727,0.9942621155127974,0.32890962749657954,0.24720399768841148,1.114701726362352,0.057648423722589284,0.2886073706320266,1717,eeg_data_level_5.csv,17,TP10,290.0078125,300.00390625
0.0036605328856734866,0.0036605328856734866,0.002274229838374583,0.009392731227391461,0.004057471448037258,0.007765291426279082,0.007765291426279082,0.006703310902105893,0.009151980904800225,0.008861113724633052,0.02360588507971014,0.023605885079710138,0.02250539007582167,0.029697733383944696,0.024462330242447823,0.11783848594783555,0.11783848594783557,0.11260483318742842,0.20934722303520795,0.12789281012003323,0.2326963478411055,0.23269634784110538,0.2693395812178161,0.2573743524189648,0.22963480046161827,0.5850806575042646,0.6766281957313006,1.4092799223897265,4.1392412000114644,5.888905141843238,hjorth_mobility,hjorth_complexity,1.7435169948362936,1.4976372543190113,1.097488102396301,0.16771134471360244,0.022028079001937654,1.2208637955397188,0.01088856672042969,0.12542931718188258,1717,eeg_data_level_6.csv,0,AF7,120.01171875,130.0078125
0.022030748599540458,0.022030748599540458,0.014379258101328144,0.0355601284675132,0.027993254344250127,0.04257852035463613,0.04257852035463613,0.029072649642643812,0.08025507254229212,0.04959639065418949,0.059240750562945386,0.059240750562945366,0.036154810610563616,0.12555529059887943,0.06768455823284632,0.18793983367242126,0.18793983367242126,0.12728177978169575,0.32392958570840846,0.19759026757130038,0.22731994553884405,0.22731994553884396,0.14926621515067914,0.25882068670573566,0.2496230915749678,0.919449088999585,1.0693320918461882,1.2370795442502516,2.4964269319160017,2.3175861860425595,hjorth_mobility,hjorth_complexity,1.3911365828746525,1.2578402419410302,0.848712821445052,0.1856222650228221,0.3255260563619676,0.9554586225963017,0.030891720381406043,0.2112684992449438,1717,eeg_data_level_6.csv,0,AF8,120.01171875,130.0078125
0.2275984815824883,0.2275984815824883,0.1548834583544845,0.28907553029030625,0.2791775656087145,0.5965936319787177,0.5965936319787178,0.4788506114055859,0.62455707062087,0.7105615101510608,0.4953707677384843,0.49537076773848415,0.49888976031081006,0.5061561942122006,0.4588408843103189,0.4923454341334357,0.4923454341334358,0.23833534136391507,0.6566222833004706,0.5936289192486677,0.5934633486177611,0.593463348617761,0.3226595218981709,0.8361336926199775,0.6476952731042086,0.9840177794536799,1.4003468211008236,1.1177537514361129,0.8789797259454677,0.783869025206832,hjorth_mobility,hjorth_complexity,1.6393349599954607,1.1415082179749854,0.9939078675672023,0.8694937677384825,0.362239521365197,1.0350801744793268,0.23290652069577317,0.5801022147677619,1717,eeg_data_level_6.csv,0,TP9,120.01171875,130.0078125
0.22935698659013057,0.2293569865901306,0.15305063851147327,0.2559537632479769,0.2917461495766658,0.5427809394681149,0.5427809394681149,0.500643195180066,0.7005284018918989,0.574788429015296,0.45795967372963103,0.45795967372963103,0.5681845888197583,0.3337823840406171,0.4663358976135269,0.46795839875173834,0.46795839875173834,0.2746222614011272,0.8489049893620628,0.5638464091518752,0.7341757850793482,0.734175785079348,0.33079153182940446,1.2250829372784922,0.8619968335711907,1.0000289402489317,1.3303143520851664,1.057511860877103,0.8565322542841131,0.9664359093849418,hjorth_mobility,hjorth_complexity,1.6791692674346026,1.235293319032971,1.1112012268165696,0.8385567235680121,0.35734439269809976,1.1412422436566936,0.23040037599496574,0.5769727357025687,1717,eeg_data_level_6.csv,0,TP10,120.01171875,130.0078125
0.0032085603007809865,0.003208560300780987,0.0021136116586263727,0.0068815567132080755,0.0037215287909563707,0.011032004937224943,0.011032004937224943,0.0069656782129931035,0.01748381848096887,0.01370674918968378,0.025865878132337636,0.025865878132337632,0.019980534683012047,0.03419543120555579,0.0280689255007554,0.1213918258846699,0.12139182588466987,0.07305081419722272,0.24725797691606144,0.14488303903182068,0.32009466455247015,0.3200946645524701,0.1346205272352641,0.45796089838338855,0.3613598413123532,0.48086482007782344,0.8037013185427027,1.355842234671079,3.835789862614003,6.9582932419740855,hjorth_mobility,hjorth_complexity,1.9120467570788178,1.5441875447082758,0.9850237019842546,0.15794175181766443,0.09545500900839651,1.114701726362352,0.012711920131422009,0.1355249567948994,1717,eeg_data_level_6.csv,1,AF7,130.01171875,140.0078125
0.023277602531030908,0.023277602531030908,0.019650035722616636,0.02469920105277267,0.0322356706743511,0.0351281707190279,0.0351281707190279,0.029241248321635577,0.05902802603092421,0.03896642214653824,0.10494976283981489,0.10494976283981486,0.0790490665265282,0.1487126433936181,0.11779882337456259,0.23893974270810192,0.23893974270810192,0.15899559945775038,0.5000354332988375,0.28850960081846333,0.34367640772092994,0.3436764077209299,0.2449390806552298,0.3873722809370136,0.36307790355189573,0.858148039418626,0.8416433600997867,1.74809365364137,2.7607689131210087,2.9644298941233904,hjorth_mobility,hjorth_complexity,1.3513022754355104,1.3154869574142691,1.0292674059261953,0.20027665436672912,0.16888193901485535,1.114701726362352,0.036643773125819595,0.2300985026470629,1717,eeg_data_level_6.csv,1,AF8,130.01171875,140.0078125
0.09957793842987257,0.09957793842987257,0.1065882553533573,0.05969467440949037,0.08790271093099015,0.4326779861064349,0.4326779861064349,0.40708399798616746,0.5648543215198899,0.4400674233198838,0.645679468351693,0.6456794683516929,0.7354227812021285,0.5446358833999473,0.5878445617109335,0.6426591904860467,0.6426591904860467,0.41100781302295836,0.7338461002673566,0.6638977248443638,0.6322130626482566,0.6322130626482565,0.3842876791717001,0.49218757612979647,0.7590217591672727,0.7330944113894442,1.5353297075696997,1.9535164720635803,1.6132520682267957,1.247195079847208,hjorth_mobility,hjorth_complexity,1.547409635135902,1.135788513974956,0.9838770573182498,0.8548393783945756,0.3377638780297107,1.0350801744793268,0.17822975049748963,0.5074623184384508,1717,eeg_data_level_6.csv,1,TP9,130.01171875,140.0078125
0.0935376591791088,0.0935376591791088,0.09725073310607835,0.07086660283919177,0.09178400530717959,0.39630960846223395,0.39630960846223395,0.34914180230377556,0.5160807289887335,0.45764056878040305,0.505909898607597,0.5059098986075969,0.552848473192212,0.5743246672841786,0.45345448515483355,0.49420538923760887,0.49420538923760915,0.2718212297318152,0.57312366897641,0.6102300738280624,0.6787772043838383,0.678777204383838,0.2654460762846936,0.9290146856351763,0.7763077057694479,0.7547727794032182,1.5631588021284073,1.771107447922442,1.4195564245074388,1.4464172966331044,hjorth_mobility,hjorth_complexity,1.715939397378426,1.2254145845643503,1.1147250616438036,0.7913370245709784,0.23741374035421695,1.1677827609510354,0.16315574969446425,0.48552868300590274,1717,eeg_data_level_6.csv,1,TP10,130.01171875,140.0078125
0.0026211449681376353,0.0026211449681376358,0.0017823219102045622,0.0052927014854594195,0.003121695137247666,0.008449146874270326,0.008449146874270326,0.005405519700183038,0.010642506428154768,0.010202721351853409,0.021643818802134163,0.02164381880213416,0.01727668352279692,0.028009096265452744,0.024865857647651656,0.1258614284212237,0.1258614284212237,0.089933474122886,0.22608267423173947,0.14267644628352097,0.315165432747604,0.3151654327476039,0.5276081151186436,0.33879604279090214,0.2879351986426163,0.43707704750104276,0.6897857127485948,1.2521127204876765,4.1563811898489185,6.934732435793609,hjorth_mobility,hjorth_complexity,2.2368495715825913,1.5656782498486588,1.0331175217559512,0.16445481374828977,0.048951286670972566,1.1412422436566936,0.011279024447775449,0.12765842110817308,1717,eeg_data_level_6.csv,2,AF7,140.01171875,150.0078125
0.027984446456809062,0.027984446456809062,0.02450815722132186,0.05262288498567695,0.028105120328133292,0.05105075615861565,0.05105075615861565,0.029375010260965468,0.07679541336784479,0.06585117092338862,0.11035393283187611,0.1103539328318761,0.10511419197411861,0.1178738989003585,0.09443714877695712,0.2134065677992111,0.2134065677992111,0.10052714486401473,0.29316884148054445,0.27808357764317143,0.29906184561335664,0.2990618456133565,0.11466105094512778,0.4851259077040956,0.34313020065853045,0.9045225981730834,1.0216740482421853,1.619272938560632,2.284342757631736,2.392720826372886,hjorth_mobility,hjorth_complexity,1.1368098507632072,1.220911449914842,0.7836151002847968,0.23121369853719947,0.2055954040180848,0.92891810530196,0.041812710890959476,0.24579206739407924,1717,eeg_data_level_6.csv,2,AF8,140.01171875,150.0078125
0.25945930575027243,0.2594593057502725,0.19152249026936224,0.24755260768396595,0.30820232656788044,0.6946530246809602,0.6946530246809604,0.7127950868792208,0.669846381240005,0.6449249332360373,0.7306194805826668,0.7306194805826667,0.6405371597933156,0.3164741683330847,0.8677940817614153,0.42269332140460725,0.42269332140460725,0.2944633184370289,0.41039764747736707,0.5223447114175275,0.5995612770055709,0.5995612770055707,0.24624182096341293,0.8861628425009871,0.6749355162564232,0.9730493374212752,1.4013892997439226,1.3522069405261643,0.6822319422971361,0.7020422164018398,hjorth_mobility,hjorth_complexity,1.3604948079214665,1.0754991579750195,1.0120304466786925,0.9118286702875472,0.32063092769487034,1.0350801744793268,0.2869667013275701,0.6439163498269487,1717,eeg_data_level_6.csv,2,TP9,140.01171875,150.0078125
0.27517293154160183,0.27517293154160183,0.21556053384236024,0.29698223199271134,0.3121871186558568,0.6678956755957383,0.6678956755957383,0.6912306426956673,0.80219856701093,0.6107399762263825,0.725104069913004,0.725104069913004,0.6140390469030377,0.42175024714138865,0.7950913639948984,0.4105855172405118,0.4105855172405118,0.2503770448616353,0.6344852805773221,0.5435746684875258,0.6730403538961856,0.6730403538961854,0.28512495132669086,0.9058998355626439,0.7926146730401284,0.9941733655557425,1.3490281463014715,1.3259954993367005,0.6553002923606595,0.7629064431062197,hjorth_mobility,hjorth_complexity,1.70674686489247,1.1736860492257837,0.9943833055994481,0.9671896966978626,0.3940578577013292,1.0350801744793268,0.29999690648990734,0.6583731149780963,1717,eeg_data_level_6.csv,2,TP10,140.01171875,150.0078125
0.005159456362714539,0.005159456362714538,0.0047066569333808,0.00648538981631328,0.006033123195191017,0.00925299542307736,0.009252995423077358,0.00711564566818167,0.01611867324065824,0.009059780628060145,0.028309195520820372,0.02830919552082037,0.019206964110697822,0.03818842418870493,0.031543240148706284,0.12954593306902978,0.12954593306902978,0.08256489226115411,0.2543940352061879,0.1648697819229759,0.3219576012180916,0.3219576012180915,0.4275295924475765,0.32560458547148835,0.3120684814437006,0.6102984705658149,0.6437446059256504,1.3484184591617916,3.7225564790206542,6.234274298853028,hjorth_mobility,hjorth_complexity,1.807864722237985,1.533505801712834,1.084884333384606,0.19702012340141645,0.05874154400516708,1.194323278245377,0.014330806067149078,0.1438960952693257,1717,eeg_data_level_6.csv,3,AF7,150.01171875,160.0078125
0.04083919707313938,0.04083919707313938,0.03673899235506058,0.05880911932027201,0.03490179896357649,0.06597371646621712,0.06597371646621712,0.048637917188092517,0.08066166047160814,0.07127426874666351,0.11694642614471805,0.11694642614471804,0.09236373147679852,0.18647568489130922,0.12430407679421908,0.22138826110725857,0.2213882611072586,0.12654881936698315,0.43244682234127224,0.2679505356788064,0.3524647612798326,0.35246476127983256,0.14516739872394932,0.39894677212949214,0.3888895677013564,0.9448342238067693,0.997948498930949,1.3983149933963084,1.8805974577670084,2.1799163966621293,hjorth_mobility,hjorth_complexity,1.2317993531180844,1.2685871573821772,0.9161784104521788,0.23121369853719947,0.20070027535098753,1.0350801744793268,0.0532373844443206,0.27734609467393884,1717,eeg_data_level_6.csv,3,AF8,150.01171875,160.0078125
0.23164757469574232,0.23164757469574238,0.268900409349021,0.2981273940524807,0.19051869489561735,0.7218860896562691,0.7218860896562693,0.589312663558192,0.6986061008335617,0.7902416729784685,0.7012856264761397,0.7012856264761397,0.8639925147800364,0.31782290449534906,0.5036119237329681,0.544844415464395,0.5448444154643951,0.5947661990490345,0.761198191587744,0.6123967575818675,0.6179270207099983,0.6179270207099982,0.22980634479544748,0.6660060572713372,0.7347428278735151,0.8928033825889361,1.4967521449048118,1.3153280354042434,0.8618427867260414,0.7459601723614613,hjorth_mobility,hjorth_complexity,1.366623162912103,1.0254902779117223,1.1310577563986035,0.9411374489753612,0.4993031240439202,1.114701726362352,0.38255980331349304,0.7434698606773416,1717,eeg_data_level_6.csv,3,TP9,150.01171875,160.0078125
0.2278802618382897,0.2278802618382897,0.2741721326114444,0.29900431006899847,0.17747830584890054,0.7085044340910899,0.7085044340910899,0.602568711191412,0.6660451871624913,0.7450576372410926,0.6781657578326661,0.678165757832666,1.042515505468341,0.3081205436235284,0.281630555645242,0.4545098890004454,0.4545098890004455,0.3366847424860292,0.6728827875794433,0.5235473101150477,0.8130528281186795,0.8130528281186793,0.35540308711985585,1.1858570716402212,0.8551960323124006,0.8882839086466602,1.4893798404969747,1.231957329980382,0.758506144669699,0.9581353078763087,hjorth_mobility,hjorth_complexity,1.7190035748737449,1.149321449547587,1.044854315532374,0.9329961215620796,0.5458068463813441,0.9819991398906434,0.3918410707504867,0.752434459722649,1717,eeg_data_level_6.csv,3,TP10,150.01171875,160.0078125
5.930270192935573,5.9302701929355734,4.779348811125816,3.7291655874543865,8.368761585022586,1.852237418399385,1.852237418399385,1.4651099627301387,2.3814125012287692,2.0178269948297896,2.335773515792463,2.3357735157924626,2.018735936223468,1.9070361199247463,2.5072181874142347,3.122149524671013,3.122149524671013,2.7119624532067492,3.2027444796206797,3.078666657252358,2.6359315287368403,2.63593152873684,4.490567398459686,2.3099803608147274,2.163079389286599,1.1999577234896621,0.4053681721182653,0.39693335112970113,0.3722713720503734,0.23543560124280294,hjorth_mobility,hjorth_complexity,0.9131248936049481,1.0770479441231926,0.9947095866019698,3.334687708480173,2.3300812455382944,0.9554586225963017,4.5382821134858125,2.5607043807790677,1717,eeg_data_level_6.csv,4,AF7,160.01171875,170.0078125
0.2435326411850643,0.2435326411850643,0.33198463321002564,0.07888053404707526,0.2674464628234267,0.2722196256908108,0.2722196256908108,0.32623822346012354,0.1991165590112083,0.19939608545407822,0.40323529594244384,0.4032352959424438,0.2513870917590103,0.7135270506157346,0.4956083395968061,1.219203125186878,1.219203125186878,0.6671243914316534,2.0283015700973417,1.4587341856467213,3.034425117670346,3.034425117670345,1.3683055676302636,2.383302307294461,3.334788644904084,0.8690416170341335,0.7182868053394322,0.8953780625891429,1.735543195950024,2.9354657462019857,hjorth_mobility,hjorth_complexity,1.1735799807070306,1.416210599527087,1.306065563836878,0.7571434494351955,0.5923105687187681,1.1677827609510354,0.3210774483323888,0.6811121087059364,1717,eeg_data_level_6.csv,4,AF8,160.01171875,170.0078125
0.5507713888921757,0.5507713888921757,0.48578169633776613,0.8333478909232601,0.5838578296291808,1.0839869300177907,1.0839869300177907,1.0131460047478316,1.5037348322598036,1.068308719422884,1.419144450477352,1.4191444504773518,1.5324303645515236,1.1847612261181895,1.4008324808490429,2.3320789740678647,2.3320789740678647,2.259024665014928,2.2859795356029684,1.7772522547047156,3.095936629801245,3.0959366298012445,1.6673620804501186,2.1097087857368626,3.3411973289012895,0.9840837874942313,1.161407553885316,1.2733629817152465,1.5056544387539144,1.532585366868205,hjorth_mobility,hjorth_complexity,1.3482380979401916,1.0871315922550226,1.0686821510308149,1.0779117495184933,1.4146921847911071,1.0218099158321559,0.6882185297624194,0.9971876253628095,1717,eeg_data_level_6.csv,4,TP9,160.01171875,170.0078125
0.5479389514018309,0.5479389514018309,0.4654591119372198,0.908529121412201,0.5822092730276374,1.1213066912141425,1.1213066912141427,0.9885047416397694,1.5242014349117001,1.1875684933339978,1.3614326351736543,1.3614326351736543,1.4482901801975812,1.1494666839428493,1.3106599192167818,1.912053423168759,1.9120534231687591,1.9067635856829124,1.5086381511274083,1.5755362708875236,2.852071533286136,2.8520715332861357,1.200739215501548,1.6824394463852548,3.2315586219175363,0.9929772625502016,1.2082207188570786,1.2499424922151892,1.2996701610929757,1.4465589044658913,hjorth_mobility,hjorth_complexity,1.3513022754355104,1.0991123663012345,1.0237485958263999,1.0306920505214596,1.289866403780127,0.8758370707132764,0.6781415487118564,0.9898602318730665,1717,eeg_data_level_6.csv,4,TP10,160.01171875,170.0078125
0.004824073237510227,0.0048240732375102275,0.0033645250329879125,0.007963106054753654,0.005967093416650603,0.013971787889191725,0.013971787889191721,0.00917493028918431,0.027873891021005195,0.015464026043050435,0.04028807821708574,0.040288078217085736,0.033400064119519866,0.058886835537323594,0.04763324994335994,0.20511073318746031,0.2051107331874603,0.12774093047477728,0.26198657184283985,0.25777021337141875,0.5654826574325897,0.5654826574325896,0.963194621984867,0.5647489641853357,0.5270683134912584,0.45194800503359267,0.6657527904106625,1.3204196952874658,3.9699318983592424,7.184327453698146,hjorth_mobility,hjorth_complexity,2.0591272768541113,1.6041433606213134,1.1612154433459652,0.24423982239845016,0.13216847401162593,1.3004853474227438,0.021024971860374327,0.1742935883902095,1717,eeg_data_level_6.csv,5,AF7,170.01171875,180.0078125
0.021210597492540267,0.021210597492540267,0.014700694247065549,0.04039534601205515,0.02601831963957347,0.04621880047488843,0.04621880047488843,0.03198825749837942,0.07848438048459186,0.05248884316149334,0.07113705672601989,0.07113705672601989,0.04714733632001541,0.10640518178549112,0.08466005702348157,0.2967080454477904,0.2967080454477904,0.16542720109298809,0.44056232636695025,0.3777037929275865,0.48171810767543205,0.481718107675432,0.19467555319077728,0.5847082631457147,0.548515080494772,0.7859531685235002,0.9706636830972355,1.2058776420540516,3.070158437065667,3.708434836257326,hjorth_mobility,hjorth_complexity,1.538217102649946,1.4003976613107563,0.9150783773579629,0.2035331853320418,0.21293809701873068,1.0616206917736684,0.03952926279223177,0.2389863284387881,1717,eeg_data_level_6.csv,5,AF8,170.01171875,180.0078125
0.21845534127237803,0.21845534127237806,0.1602682187863365,0.2680802463166471,0.2634514754320369,0.4509322135498769,0.4509322135498769,0.433232854873276,0.648630000197091,0.5043971859034418,0.522980778993151,0.5229807789931509,0.46016496845266286,0.3792311599568303,0.5214710422290959,0.4459392189473588,0.44593921894735883,0.24388754695732526,0.930193979899516,0.5843526379240906,0.6824175690376442,0.682417569037644,0.2811437951387222,0.9307805409490412,0.7468770669753423,1.0204213656030636,1.2571591078738502,1.2667351082198,0.8824321946928725,0.9676218025313681,hjorth_mobility,hjorth_complexity,1.5259603926686718,1.1814499264253002,1.1443606989871304,1.0160376611775526,0.28391746269164087,1.2208637955397188,0.2050953155428908,0.5443667245135814,1717,eeg_data_level_6.csv,5,TP9,170.01171875,180.0078125
0.2124881788229639,0.21248817882296392,0.14737673924871506,0.2957689073802409,0.2636749241075279,0.4507346211041537,0.4507346211041537,0.4261331715511842,0.6562982053525132,0.45520623083794504,0.43996908367443877,0.4399690836744386,0.5221681999463791,0.2415910331632576,0.3683256923767573,0.4441705594893409,0.4441705594893409,0.29734027200141117,0.5907913328626658,0.5365736282613875,0.7737492789499935,0.7737492789499933,0.3430603827170344,1.3214357787435762,0.8689307645503822,1.0175938203395414,1.271251894638326,1.1070528528900079,0.8885420021916479,1.104086152206823,hjorth_mobility,hjorth_complexity,1.7496453498269309,1.2357932590196548,1.1467658560914333,0.9883571479723949,0.2814698983580923,1.207593536892548,0.19995950275731228,0.5375077417321197,1717,eeg_data_level_6.csv,5,TP10,170.01171875,180.0078125
0.5593558160215085,0.5593558160215085,0.7709691386027299,0.39493569209985135,0.37851970965382614,0.2395091070220657,0.23950910702206574,0.1885360974726425,0.25249863971865516,0.31276216804469753,0.26595277306517584,0.2659527730651758,0.2152281510327086,0.25045991204522117,0.29732925780261626,0.4606225458673633,0.46062254586736323,0.3682774290848008,0.47330697681939266,0.48564579527015284,0.9625459862116656,0.9625459862116654,2.9476902132854303,0.6527817602234842,0.7251991497012349,1.0415729539957144,0.4693122172722021,0.41733966126015953,0.4936478330654068,0.6698483318945008,hjorth_mobility,hjorth_complexity,1.4646768427622991,1.4296542714340164,1.0525545471918858,1.2537644216453774,0.6730801917258729,1.008539657184985,0.45477328720001214,0.8106085368401639,1717,eeg_data_level_6.csv,6,AF7,180.01171875,190.0078125
0.049281254185682716,0.049281254185682716,0.0280829003005845,0.12783188643784554,0.05528528858235567,0.10700551177605402,0.10700551177605402,0.09280977726062047,0.20012485326473956,0.09998111697867122,0.21552928033822955,0.21552928033822955,0.14741896300204202,0.21828150121708428,0.24483490403234492,0.461270199811336,0.46127019981133605,0.3401995144932256,0.5510873354649717,0.6104838734895972,0.7407950161786875,0.7407950161786874,0.280399650608572,0.8962296379130688,0.8349531093547201,0.8597485812474462,1.0517430617275878,1.634732159306575,2.4309947790754447,2.8895628224942995,hjorth_mobility,hjorth_complexity,1.314532145491687,1.337527554244203,1.0361938854940127,0.33379442394454856,0.3034979773600299,1.194323278245377,0.07417282965200264,0.32736792332101167,1717,eeg_data_level_6.csv,6,AF8,180.01171875,190.0078125
0.4193607311977673,0.4193607311977673,0.34594841563200407,0.6693323109927773,0.4339384050134909,1.096281193490342,1.096281193490342,0.8802118820493273,1.174151137367444,1.3802859087769634,0.9717616939639506,0.9717616939639505,0.9953474450261086,1.004124267400613,0.8311831355549387,0.8780500340928211,0.8780500340928211,0.9608797016852157,1.4748870432716572,0.9674828837379723,1.0513036285626625,1.0513036285626618,0.4151688441645362,1.388883389170017,1.1536694648335162,0.9727635364715346,1.3964015724274237,1.1737760140041715,0.8411553983119482,0.7556575196205197,hjorth_mobility,hjorth_complexity,1.314532145491687,1.0518174469279358,1.1417877402243881,0.9818440860417696,0.44545670870585036,1.0881612090680102,0.4476151145357391,0.8042037078948984,1717,eeg_data_level_6.csv,6,TP9,180.01171875,190.0078125
0.4277393907680753,0.4277393907680753,0.3460554096062294,0.6373734771198931,0.4357976078676562,1.0395580187598736,1.0395580187598736,0.827589614772149,0.9168586235976411,1.3986716357188904,0.7976559800159201,0.79765598001592,0.6576229122393791,1.1230056725891533,0.7881144281585268,0.6950412354612995,0.6950412354612995,0.790244486088349,0.9687191102258608,0.8121827621560717,1.0245676461447892,1.0245676461447888,0.4266573678562836,1.4903149196158618,1.1489556490810695,0.9967478520175154,1.355639588794909,1.0326309674859915,0.7073575397239973,0.7557793350744246,hjorth_mobility,hjorth_complexity,1.2072859331555355,1.1279364105756657,1.0343667118798912,0.9899854134550513,0.5433592820477955,1.008539657184985,0.42881054926585543,0.7871299368944273,1717,eeg_data_level_6.csv,6,TP10,180.01171875,190.0078125
0.0034838649595911927,0.003483864959591193,0.003031910507964444,0.003239927326271414,0.0041385712508764955,0.012319347528814174,0.012319347528814178,0.008275025525201261,0.018236717975451806,0.014977287432074826,0.04336479013633632,0.043364790136336304,0.04091520763129273,0.03932153449485498,0.0459150456691665,0.17545949250243936,0.17545949250243936,0.11380286189663348,0.22846295082125848,0.20590085568522387,0.45156093689705223,0.4515609368970522,0.9522650440696225,0.4975895767166489,0.41772702884012114,0.40022691831533785,0.6943352630123554,1.587707840660053,4.029522446930167,6.863097956809205,hjorth_mobility,hjorth_complexity,2.1602451341996254,1.568639835594506,1.105607838201912,0.17259614116157143,0.08811231600775062,1.2474043128340604,0.015774426163907413,0.15096994072305034,1717,eeg_data_level_6.csv,7,AF7,190.01171875,200.0078125
0.024807247986010156,0.024807247986010156,0.016852765239188133,0.05187734429721399,0.026542958135868287,0.05565985612033369,0.05565985612033369,0.06119859581397999,0.07611211177463482,0.05421437702938664,0.09988386293451652,0.09988386293451651,0.08354627108953312,0.1098556762754302,0.1084121667913917,0.2657386398870195,0.2657386398870195,0.1843135817913758,0.41851321512031703,0.32854551742416366,0.4905333060405009,0.49053330604050077,0.21334380800778485,0.6235948702736737,0.530000995384136,0.8151130029734156,1.0021479584862842,1.4422470008447048,2.5809177902197096,3.4267281482253718,hjorth_mobility,hjorth_complexity,1.317596322987006,1.3648053152122932,0.9313178489691852,0.2133027782279798,0.17867219634904988,1.0616206917736684,0.04613364180844572,0.25817998390828906,1717,eeg_data_level_6.csv,7,AF8,190.01171875,200.0078125
0.24827372443858345,0.24827372443858342,0.2565593005888734,0.2967246807885525,0.23232850913662248,0.6765551298881854,0.6765551298881854,0.7326102055722505,0.422321189741103,0.6401125768191301,0.6406873881430554,0.6406873881430554,0.697341467388073,0.509202940701446,0.5220061769040423,0.5416129996909766,0.5416129996909766,0.3451021925352702,0.9248734394664744,0.6508581437386542,0.6711984205364437,0.6711984205364436,0.319061624649661,0.7468033292861466,0.7813993362694308,0.9285462405773655,1.3629496860015975,1.2307876810160985,0.8610528659339752,0.789148683123689,hjorth_mobility,hjorth_complexity,1.5688588776031325,1.1012045788091436,1.1624926004129785,0.8988025464262965,0.3353163136961621,1.194323278245377,0.2850323797270594,0.6417424959969027,1717,eeg_data_level_6.csv,7,TP9,190.01171875,200.0078125
0.27464836779128965,0.27464836779128965,0.27474817219903264,0.40145091428527874,0.28076141239648605,0.7416023050282254,0.7416023050282253,0.762285142651984,0.4467640070384253,0.7591032281154855,0.44813630259890624,0.44813630259890624,0.5149935394276539,0.35860323624380924,0.3362470429578241,0.4945526780781306,0.4945526780781307,0.29522831871001537,0.8266939029737115,0.5987459495438824,0.7492681732089388,0.7492681732089387,0.3382985926349684,0.7999661675792392,0.8664075822367961,0.9577468303862957,1.3786374608060483,0.8695806293864716,0.7504267691712266,0.8175776077360059,hjorth_mobility,hjorth_complexity,1.6454633149860975,1.1810450634793976,1.1456471783685018,0.9476505109059866,0.3034979773600299,1.1677827609510354,0.30290419454590917,0.6615555898982982,1717,eeg_data_level_6.csv,7,TP10,190.01171875,200.0078125
0.15697928742356154,0.15697928742356154,0.18276624717538206,0.1399627106138442,0.1435677216698484,0.10787830747776903,0.10787830747776903,0.09132990173422781,0.14027789817765088,0.11638913515144933,0.29943190667636993,0.2994319066763699,0.23583776876837875,0.36275383169616315,0.41364163715540153,0.782118881786183,0.7821188817861829,0.6464397728927672,0.8528336672821656,0.8083061660915223,1.1558178466253277,1.1558178466253275,0.7631547353416037,1.098440567872612,1.0761848393398425,1.013624058572562,0.5903424168818902,1.144934653746309,1.9667638903708482,2.151670438657373,hjorth_mobility,hjorth_complexity,1.691425977415877,1.4114987213574903,1.1019068794018803,0.8320436616373869,0.7465071217323317,1.2474043128340604,0.18158535898659317,0.512217148608727,1717,eeg_data_level_6.csv,8,AF7,200.01171875,210.0078125
0.0844739371187216,0.08447393711872159,0.07933994913995929,0.0886378666271901,0.09271458789625124,0.07172391599152034,0.07172391599152032,0.0540710638364966,0.0971766380937409,0.0744897010872692,0.1725653663905232,0.17256536639052314,0.1237469102918523,0.1575954784698313,0.2177281702690445,0.3849667201766279,0.3849667201766278,0.2327432210538712,0.6477935407327654,0.47235153264837976,0.9503301635784944,0.9503301635784943,0.540847937028712,0.9065984655825621,0.9296215777199087,1.0042122840541148,0.6620613052009067,1.1404726391363647,1.754571381054707,2.9290066738234986,hjorth_mobility,hjorth_complexity,1.406457470351246,1.3851244360449293,1.1051976563701704,0.5389558747592467,0.2741272053574464,1.114701726362352,0.10294289808310515,0.38566648083631816,1717,eeg_data_level_6.csv,8,AF8,200.01171875,210.0078125
0.3214810199351197,0.3214810199351197,0.2306487572737528,0.7386882979896016,0.34382704944139814,0.6697936504739167,0.6697936504739167,0.7460052774920541,0.5329284972273692,0.6241592308578003,0.6710052499660458,0.6710052499660457,0.5564684742425521,0.9018979737337106,0.747400149415146,1.1021332906263617,1.102133290626362,0.760978498995235,1.3012224716988794,1.3838675499719764,1.776235355498399,1.7762353554983985,1.255887662722891,1.386925344477616,1.670412045764981,1.005925467821604,1.1731070291960108,1.1175558569039772,1.3065484452594465,1.512785789439043,hjorth_mobility,hjorth_complexity,1.4493559552857063,1.137840952791413,1.144808170076303,0.9574201038019245,1.2629431961110922,1.1677827609510354,0.43092909942253266,0.7890719596038779,1717,eeg_data_level_6.csv,8,TP9,200.01171875,210.0078125
0.26065187452754085,0.26065187452754085,0.20595563149033197,0.45797513696087866,0.2752537680344564,0.5802154584246834,0.5802154584246833,0.5997862373016047,0.4908854186235007,0.5031888800720286,0.5074383414372836,0.5074383414372835,0.4671206476017148,0.6526046118760711,0.5621338663121849,0.7846356173594079,0.7846356173594079,0.5878080360444088,1.1600648347588225,0.8578745115380384,1.45748849856314,1.4574884985631398,0.8350916260452002,1.4402241123331458,1.5867071501373469,0.9877901028572038,1.2372279631097534,1.0390483185414179,1.1566576847111514,1.5278155441287686,hjorth_mobility,hjorth_complexity,1.5903081200703628,1.251874004707255,1.0944024163438815,1.007896333764271,0.9104939320800898,1.1545125023038645,0.36906886818755874,0.73024300612077,1717,eeg_data_level_6.csv,8,TP10,200.01171875,210.0078125
0.005251206617392713,0.005251206617392714,0.005196791927215026,0.00457868080380887,0.005275144652433443,0.009601218998523339,0.009601218998523339,0.007377945582387267,0.019198060506743234,0.010955077931927472,0.028622930858480757,0.028622930858480753,0.024734784562045715,0.045189534621068284,0.03349767819587601,0.1596583817541477,0.15965838175414773,0.08988879473245184,0.2575156916925207,0.21819479113146353,0.4027974784867279,0.4027974784867278,0.4048670475360331,0.46387267144969874,0.4435531213590287,0.5382986596733043,0.5906076081820707,1.19626781425617,3.8651996035586853,6.702141080959501,hjorth_mobility,hjorth_complexity,1.9672019519945527,1.5583585908205528,1.056348729135495,0.18236573405750944,0.14930142434646634,1.1677827609510354,0.01764366051290724,0.15966438265490804,1717,eeg_data_level_6.csv,9,AF7,210.01171875,220.0078125
0.027554855385171124,0.02755485538517112,0.027493339117178786,0.0386359783608326,0.0178964589440923,0.05002068422579383,0.05002068422579383,0.04440859478697617,0.06500443593297778,0.0590428617407161,0.10337923660409014,0.10337923660409011,0.08295684551970402,0.11422958945658276,0.11556245247302152,0.2137194223115117,0.2137194223115117,0.11498980620788982,0.4033800674689639,0.25822486749979034,0.44127814982510677,0.44127814982510666,0.2191784216150886,0.6418353369762652,0.46659205032045165,0.8445306435564061,0.9661236136299078,1.5052067134640064,2.2084535143955177,3.2087273601209696,hjorth_mobility,hjorth_complexity,1.3696873404074221,1.3880746352911915,0.9185556006134082,0.21655930919329247,0.13461603834517455,1.0350801744793268,0.0403862159714388,0.24156292596800238,1717,eeg_data_level_6.csv,9,AF8,210.01171875,220.0078125
0.14936497943039465,0.14936497943039465,0.11764667935952118,0.22256679594914244,0.17504079469756106,0.39425780165161767,0.39425780165161767,0.30931539739891817,0.5434051062833662,0.4107445111334157,0.47234782613313897,0.4723478261331389,0.42481066113248306,0.36932027684510244,0.5279946356175914,0.546295031553893,0.546295031553893,0.38461898968298125,0.8215256093547587,0.650721544072129,0.8675512088156502,0.8675512088156501,0.4215901103156042,0.9945229188603247,1.0499560170996722,0.9264780423452185,1.3566620302477093,1.3862705035935718,1.2751327798012453,1.467078977070756,hjorth_mobility,hjorth_complexity,1.5535379901265391,1.2088658670082912,1.1044798381646228,0.9199699977008289,0.3695822143658429,1.1412422436566936,0.2398454440052622,0.5886802102771886,1717,eeg_data_level_6.csv,9,TP9,210.01171875,220.0078125
0.15284168545437904,0.15284168545437904,0.1141307545614994,0.3311105948256941,0.15112711722387964,0.3694922614399866,0.3694922614399866,0.30873152762689154,0.39451000141521675,0.38558802695953825,0.4167467736572195,0.41674677365721946,0.3961506397117176,0.30347255457791267,0.40297948100481934,0.4731582921586424,0.47315829215864236,0.26957798981314246,0.9772364129360492,0.5776530062390399,0.9501624612306876,0.9501624612306874,0.40986323572328487,1.1779712333121146,1.117403464371396,0.9598394242138029,1.3012967790248393,1.2688206535143591,1.1472811509428429,1.6081554106921319,hjorth_mobility,hjorth_complexity,1.4769335527435739,1.3198831710945758,1.0421228774255495,0.8922894844956712,0.38182003603358605,1.0350801744793268,0.2559441240829101,0.6081157918057973,1717,eeg_data_level_6.csv,9,TP10,210.01171875,220.0078125
0.0026232495148130167,0.0026232495148130167,0.0022656570221497837,0.005004827745773667,0.0029480145223740937,0.009976902222618841,0.009976902222618841,0.006772719568871771,0.01874243811045,0.010703634374671374,0.025723747482988096,0.025723747482988092,0.01813322418718616,0.040197671895214546,0.028570070130785337,0.15393982833273692,0.15393982833273692,0.164751239061939,0.29069551817826184,0.14886283435599715,0.48282927510680695,0.4828292751068068,1.8369331113328649,0.509390736847545,0.3449202048226695,0.35596880602897735,0.6418298041895543,1.1651506873421857,3.8836114644035926,7.256816526766762,hjorth_mobility,hjorth_complexity,2.399250978834478,1.6283916602764041,1.1348519383422129,0.1839939995401658,0.1468538600129177,1.3004853474227438,0.014962127762795261,0.14703149705212923,1717,eeg_data_level_6.csv,10,AF7,220.01171875,230.0078125
0.02859310770026594,0.028593107700265942,0.02577522015078367,0.04161360890698187,0.030399432342081173,0.037048398153230355,0.037048398153230355,0.025903006881703192,0.07228272041447685,0.04080337382590459,0.10903103620604593,0.1090310362060459,0.09753842877813047,0.17525743311914385,0.1140072551199011,0.20967978499518541,0.20967978499518544,0.1611284544944246,0.4256529143815676,0.24293169876475118,0.44290233546862673,0.4429023354686266,0.36947037161509694,0.7044172276995401,0.45713932356598014,0.9068220545212771,0.8020829529865277,1.6283993958426113,2.2289559040780613,3.3003718642703723,hjorth_mobility,hjorth_complexity,1.3972649378652897,1.3695024863530667,0.9174835344622656,0.2328419640198558,0.21049053268518203,1.0616206917736684,0.046425586163146654,0.2589956069043021,1717,eeg_data_level_6.csv,10,AF8,220.01171875,230.0078125
0.15344276220891917,0.15344276220891914,0.10450689478326346,0.19127327460431504,0.17252001225585312,0.3603870939984858,0.3603870939984858,0.2861033746068135,0.5699107233054531,0.37188865537063853,0.36105392820851606,0.36105392820851606,0.2939381442956245,0.284297332639958,0.45125628945058416,0.49367683470925233,0.49367683470925244,0.22969251281644007,0.8368905342446226,0.6899996993406736,0.7509101686835492,0.7509101686835491,0.3483307863701849,0.6660981838011958,0.8866219833661645,0.9701145946418455,1.2898152657094353,1.1601881192355243,1.208599636114706,1.3298776672261878,hjorth_mobility,hjorth_complexity,1.6852976224252398,1.1917774518351076,1.2421890658574897,0.8304153961547305,0.35734439269809976,1.2739448301284022,0.2567398986865051,0.6090604267692659,1717,eeg_data_level_6.csv,10,TP9,220.01171875,230.0078125
0.1829464530147447,0.1829464530147447,0.1389271084771445,0.29549136372360646,0.19209432460682183,0.31867954052342223,0.31867954052342223,0.24929359007245241,0.36374223112534526,0.3570873215069965,0.3066280862488891,0.3066280862488891,0.3105946823843459,0.1641279992602734,0.28348586743446746,0.3701404344172508,0.3701404344172508,0.17162466518222605,0.8711220421538624,0.46296666031441885,0.8662353256844774,0.8662353256844771,0.44882220661695893,1.2938303013404253,0.9934889948347728,1.0398720038871558,1.1246037490311864,0.9657976353732134,0.9019347858021507,1.4328918969410285,hjorth_mobility,hjorth_complexity,1.7006185099018327,1.2861358518342763,1.1484811619332618,0.8255305997067615,0.45035183737294765,1.1677827609510354,0.26549066741464566,0.6193531195167795,1717,eeg_data_level_6.csv,10,TP10,220.01171875,230.0078125
0.003915581903910688,0.003915581903910689,0.0023857433529940885,0.009605917435242724,0.004609442416935627,0.010906074308515104,0.010906074308515106,0.0069986093702361285,0.02074562809315834,0.012936135179453093,0.03803030554442895,0.03803030554442895,0.026970274751251563,0.03812804707395715,0.047398315911867,0.12860773073456394,0.12860773073456397,0.0925131244269833,0.17062631973215991,0.1606571834490822,0.3849368859606327,0.38493688596063264,0.7669948323584702,0.2816387492111202,0.33384724525464926,0.5037143601602414,0.7190321673109932,1.6496705570400967,3.5787729441628926,6.857253655937206,hjorth_mobility,hjorth_complexity,1.9549452420132782,1.534053917637465,1.0959405982129122,0.15468522085235176,0.09790257334194513,1.2208637955397188,0.014344588289503373,0.14396527251511684,1717,eeg_data_level_6.csv,11,AF7,230.01171875,240.0078125
0.02530249382661378,0.025302493826613776,0.016794623723082092,0.05375757490363993,0.029426158693945458,0.048168289751894904,0.048168289751894904,0.03739224763906876,0.06841644974459571,0.0572107976405904,0.11058004350742798,0.11058004350742792,0.07877885673387121,0.09981299973317609,0.1317435086352007,0.26377409524359374,0.2637740952435938,0.14277933126027637,0.45872335823745325,0.3209623552594801,0.46153636602970616,0.46153636602970616,0.41341030565393977,0.352628608844056,0.5017697173061425,0.8481597291654859,0.9430103072857933,1.6113259770894328,2.653526788732757,3.341363009361924,hjorth_mobility,hjorth_complexity,1.483061907734211,1.3655881690763982,0.9821151399046327,0.21981584015860514,0.2618893836897032,1.114701726362352,0.044274240006361966,0.2529235432128364,1717,eeg_data_level_6.csv,11,AF8,230.01171875,240.0078125
0.20767928779613007,0.20767928779613007,0.20202404314407274,0.3995025229544225,0.17971879949645658,0.44408195542140194,0.44408195542140194,0.47632895788107155,0.7110283328548499,0.414179976766372,0.5469418869680969,0.5469418869680968,0.6606623400020164,0.743032800318797,0.4603099984557807,0.5507587568258975,0.5507587568258974,0.35339672878442174,0.8152755910123423,0.6465535115133593,0.7673356910355267,0.7673356910355266,0.4909507180193995,0.9562032936469624,0.8647583498248181,0.9872612610365791,1.2340220429239597,1.3304858339452765,1.0643165474158416,1.0866782831510822,hjorth_mobility,hjorth_complexity,1.406457470351246,1.1436473491913601,1.0687007956595305,0.8532111129119192,0.4136383723697182,1.114701726362352,0.26918783713223615,0.623650703005687,1717,eeg_data_level_6.csv,11,TP9,230.01171875,240.0078125
0.21903292214793105,0.21903292214793105,0.2364921975805429,0.3084484179943833,0.21659716113966276,0.37695309091685275,0.37695309091685275,0.35809267554136215,0.3517765259052872,0.35052262144026153,0.4995078107712607,0.4995078107712607,0.48337867023164766,0.535084000212609,0.4484435041488331,0.519182066246243,0.519182066246243,0.3003650791545895,0.8166910776961808,0.5916506822858623,0.9455338721419116,0.9455338721419115,0.4163021258736982,1.1543339102582097,1.047820616187712,1.0012330352275165,1.101433307796639,1.2320568278113395,1.0123269954656835,1.30839820831211,hjorth_mobility,hjorth_complexity,1.3604948079214665,1.2386071228111701,0.9573643952847734,0.8239023342241052,0.47727504504198254,0.9554586225963017,0.272078744370968,0.6269905671401006,1717,eeg_data_level_6.csv,11,TP10,230.01171875,240.0078125
0.65995215344895,0.65995215344895,0.5435121231333251,1.432857522054124,0.6307252816645261,0.529080781560595,0.529080781560595,0.41071451055673114,1.1222860429137342,0.5646560464840535,1.4740877965101535,1.474087796510153,1.2095364513447793,1.1834634335842822,1.575954383351965,1.9582762717125315,1.9582762717125313,1.6657276003645083,1.374582869009834,2.7297833514752865,1.5882563473726412,1.5882563473726408,2.011009682491154,1.0359520151015122,1.2989580492720425,1.09922322319723,0.7019752122788089,1.346284788474533,1.3240825890427859,0.8342072110031227,hjorth_mobility,hjorth_complexity,1.332917210463599,1.1092355703941397,1.1059341192044336,0.9509070418712993,1.53462283713499,1.1677827609510354,0.6013979288645083,0.9321690166218972,1717,eeg_data_level_6.csv,12,AF7,240.01171875,250.0078125
0.3756489568583574,0.3756489568583574,0.3195828837722237,0.7201499729275459,0.380961531333251,0.547504270385446,0.547504270385446,0.37452604466633294,1.220376024465699,0.5935823492724145,1.7605161866044319,1.760516186604432,1.693165529778141,1.6118006228027308,2.01457379570841,2.224985132544239,2.2249851325442394,1.191126347728382,3.2760584529161467,2.6470242054832473,2.067875604860644,2.067875604860644,1.6476621222855377,1.9509640671122637,1.9634895535715768,0.9609071454001958,0.9311313656914132,2.0141755342249645,1.9950055086539276,1.4393946637411135,hjorth_mobility,hjorth_complexity,1.0234352834364184,1.038004081543573,1.3582705242403479,0.9150852012528599,1.001053812421389,1.2208637955397188,0.47209457888342377,0.8259014078630098,1717,eeg_data_level_6.csv,12,AF8,240.01171875,250.0078125
1.0202436533723886,1.0202436533723886,0.7030903650792061,1.7800450797251213,1.3420221052328072,1.9921911466941404,1.9921911466941404,2.022154504235797,2.289045134515609,2.0636861270780895,2.2463625863954024,2.2463625863954024,2.400713446039107,1.40303795930024,2.690897993435089,2.309894692604291,2.3098946926042916,1.7011179085862114,3.944877150301833,2.564648511556686,1.9930999478283202,1.99309994782832,1.193695596510821,2.54594223563528,2.1053404294222497,1.0338565086854157,1.2192408317888734,1.2071310293792388,0.9779161988939615,0.6528921090262826,hjorth_mobility,hjorth_complexity,1.1122964308006582,0.9209102492017976,1.1478472445569337,1.563134863350081,1.488119114797566,1.2208637955397188,1.1967526012344574,1.3149701360569122,1717,eeg_data_level_6.csv,12,TP9,240.01171875,250.0078125
1.0265042556088668,1.0265042556088668,0.7147955528579886,1.7022524227655762,1.2937275575591018,1.9586522582619592,1.9586522582619592,1.68694965861545,2.5545179032144674,2.071198616027358,1.9627637375204676,1.9627637375204672,1.9522964272268828,1.5429844057777042,2.056174587776501,2.020502422684957,2.020502422684957,1.2973886368930596,2.4614911783641253,2.330465115666249,2.2346350714480745,2.234635071448074,0.8118491498024017,3.3711331109104683,2.6780110746463177,1.0451900618421612,1.2233000198823576,1.0990965197912392,0.8767124611240413,0.7311291835426088,hjorth_mobility,hjorth_complexity,1.1613232707257561,0.9789109515493887,1.2838411664079723,1.602213234933833,1.4709861644627256,1.2739448301284022,1.212100019950066,1.323375008614017,1717,eeg_data_level_6.csv,12,TP10,240.01171875,250.0078125
0.09828138256717417,0.09828138256717417,0.06569118698142114,0.16881752861084204,0.1277736416443098,0.09583951292372757,0.09583951292372757,0.07466761597921008,0.15446503685245488,0.1015375485836037,0.20667505253818927,0.20667505253818924,0.22231885893566428,0.22998092636426312,0.18872563486680088,0.5458240407064846,0.5458240407064846,0.30692519930122425,0.9607198448020164,0.6929944184126138,1.2983853447431606,1.2983853447431606,0.9853984138191346,1.3139922148573184,1.3346613785515142,0.9830393372960431,0.6972717934217363,1.0821530137540725,1.933381563685292,3.136468043945963,hjorth_mobility,hjorth_complexity,1.4738693752482552,1.4026407559874676,1.079151110054582,0.3386792203925175,0.6951082707278105,1.0881612090680102,0.13844219255559648,0.44724751281863434,1717,eeg_data_level_6.csv,13,AF7,250.01171875,260.0078125
0.10814993270863049,0.10814993270863049,0.07206575230993628,0.19668686080696862,0.12171413266044044,0.18144226222899437,0.1814422622289944,0.12971619080436397,0.27423401165004885,0.19905205929597578,0.3607213863197118,0.36072138631971173,0.3705138918240297,0.10416940251641167,0.3210523163440211,0.5168087189370908,0.5168087189370908,0.34025698069774324,0.9749059100098688,0.5848382515062529,1.489350799895906,1.4893507998959055,0.5570756768369561,1.215867647884745,1.8005988914345707,0.9485393021978117,0.9848298875363939,1.4244458194067176,1.6067495337549236,3.086980591086154,hjorth_mobility,hjorth_complexity,1.146002383249163,1.3287292671719144,0.8698278634653839,0.4461447422478356,0.5776251827174763,0.9023775880076182,0.15949194564826558,0.4800462459203095,1717,eeg_data_level_6.csv,13,AF8,250.01171875,260.0078125
0.48943284550430544,0.48943284550430555,0.6050970513116412,0.5868373204101295,0.42852396137407217,1.6650167851517501,1.6650167851517501,1.611281923117801,1.4743971780001393,1.4855576855325174,1.2470023192945505,1.24700231929455,1.3988960296938469,1.0785092598171293,0.8412725140142198,1.4126225294163872,1.4126225294163872,1.156370505965833,1.744005195070832,1.672046084846386,1.4638621848784434,1.463862184878443,0.6607442863885922,1.687571020562164,1.5628217862279006,0.8658848564322873,1.5065565634739018,1.133642261637995,1.0139082605943728,0.7961305223179157,hjorth_mobility,hjorth_complexity,1.0387561709130113,0.9778853252614813,1.002913223236801,0.998126740868333,1.0769283067613964,0.8758370707132764,0.748041006106081,1.039624253290328,1717,eeg_data_level_6.csv,13,TP9,250.01171875,260.0078125
0.5818560629467026,0.5818560629467026,0.7167418214961382,0.6050896108991568,0.5424921535735294,1.785080221488465,1.785080221488465,1.7243517123518446,1.7727646032475561,1.63320223468162,1.3013410129795964,1.3013410129795966,1.3027813557899515,1.4776371725748358,1.0093105214934779,1.2638214467261408,1.263821446726141,1.033841711195941,1.5351833154744017,1.4166337603178583,1.564112460058487,1.5641124600584868,0.591822716751876,1.7222539176052591,1.8672089876786189,0.8924445425563614,1.4704063368714584,1.090422226513437,0.8361339017749632,0.7673185937569981,hjorth_mobility,hjorth_complexity,1.0693979458661975,0.9368085915727141,1.0849402672707529,1.0844248114491186,0.9080463677465411,0.9023775880076182,0.8416599588090939,1.1027626109653499,1717,eeg_data_level_6.csv,13,TP10,250.01171875,260.0078125
0.05139882542598288,0.0513988254259829,0.04030861993493791,0.06053360856365517,0.06424714580238082,0.0839950900023026,0.08399509000230261,0.0904026719428315,0.14515502059789032,0.078996075410496,0.22378352091553835,0.2237835209155383,0.1937348926134252,0.13023461907288597,0.24976704497845253,0.5018381705327253,0.5018381705327252,0.36621118246835943,0.5970673829460224,0.5664254511388209,1.1324242878796227,1.1324242878796225,1.8725251438029744,1.4021740586099072,1.1502542613402182,0.8326294376810648,0.844569041394723,1.5923132558870727,2.499392837043716,3.8896750639869015,hjorth_mobility,hjorth_complexity,1.7833513022754357,1.5401098002167481,1.0756832091134945,0.3565901407017372,0.7465071217323317,1.3004853474227438,0.09793699171369188,0.3761725314194373,1717,eeg_data_level_6.csv,14,AF7,260.01171875,270.0078125
0.07271970798799857,0.07271970798799857,0.047363849489021725,0.12285232036935832,0.08747705648492714,0.11872203230088775,0.11872203230088775,0.11589361563913637,0.14348400799272196,0.1268862387894775,0.2934107065545279,0.29341070655452783,0.25091493150802596,0.4836380385433231,0.2775950325106017,0.6483641846528729,0.648364184652873,0.5404152411829126,1.0161448506922106,0.7225835000555226,1.168612549990615,1.1686125499906148,0.40599268268201427,0.8639751513975473,1.4354791298316865,0.8947003591663008,0.8940026730216145,1.6237531833051932,2.481665236112608,3.2795977053502128,hjorth_mobility,hjorth_complexity,1.1858366906883053,1.3652164503173487,0.8790289877364955,0.36310320263236256,0.6339191623890947,0.9819991398906434,0.12814743682281624,0.4302973403127532,1717,eeg_data_level_6.csv,14,AF8,260.01171875,270.0078125
0.2701999268954307,0.27019992689543076,0.1686670382892612,0.4384678992818631,0.335336225706471,0.7524229276493691,0.752422927649369,0.6989038339270592,0.8766915229871266,0.7115161230037151,1.0527202425477766,1.0527202425477764,0.769914541028719,1.035292028746451,1.2589295838845964,0.9653465650771338,0.9653465650771339,0.5820125930132863,1.1535665203028647,1.2373530194885292,1.4065955193228605,1.4065955193228605,0.6602742556728598,1.9336101199392388,1.5586145324098188,0.9315073383144319,1.3501217938533876,1.656719301683126,1.2298959524643522,1.3145315841977818,hjorth_mobility,hjorth_complexity,1.3421097429495545,1.1378593214608008,1.0036776530141374,1.003011537316302,0.8517523880749227,1.0350801744793268,0.4276304859794576,0.7860461213635742,1717,eeg_data_level_6.csv,14,TP9,260.01171875,270.0078125
0.4376981203348586,0.4376981203348587,0.29486178929660506,0.7369993203273955,0.5421049360621474,0.9822272279573503,0.9822272279573502,1.069850458230182,1.209426442519312,0.6845268032644974,1.0865875024523666,1.0865875024523666,0.8821554215687736,1.0415968114119223,1.3297614464239162,0.8303450958957184,0.8303450958957185,0.6205578088673226,1.1815880376582548,1.0187361031835835,1.2183352764862463,1.2183352764862463,0.43175824061656204,1.6307668164385527,1.5099715944386902,1.0180454293290804,1.2593041739961623,1.291187977430379,0.8137567066402152,0.8686387049232069,hjorth_mobility,hjorth_complexity,1.1766441582023492,1.0437367905609405,0.7787954637618335,1.0437181743827102,0.8444096950742768,0.822756036124593,0.5923271486785309,0.9251124357931938,1717,eeg_data_level_6.csv,14,TP10,260.01171875,270.0078125
0.23771277746169614,0.23771277746169617,0.2059487098861638,0.3766980724872122,0.30524453786129274,0.30441209870904246,0.30441209870904246,0.46645947787234293,0.15710748562881457,0.22789401994986713,0.3998208418901785,0.39982084189017847,0.31993375008373204,0.508979276856976,0.5215309086291103,1.259420160728073,1.259420160728073,0.9622715578141754,0.8679951915280345,1.3329466809129442,1.651589646791629,1.6515896467916285,0.8866319957552627,1.1117112503123046,1.880041084452879,1.0005122364440706,0.8251995060832442,0.9618526518429718,1.9193601292917528,1.9120450067443926,hjorth_mobility,hjorth_complexity,1.4401634227997504,1.2589277003748247,1.0403609600119326,0.8125044758455108,0.9031512390794438,1.1677827609510354,0.32190667849813503,0.6819910781115276,1717,eeg_data_level_6.csv,15,AF7,270.01171875,280.0078125
0.4912927161190658,0.4912927161190659,0.3429847960292091,0.48851893575016625,0.6433850296196305,0.2768119075459734,0.2768119075459734,0.3034508467915757,0.29366396240263126,0.24007750716735038,0.6145549011677975,0.6145549011677974,0.48769201380386135,0.9297066777834934,0.6578670029647147,1.3306909813651948,1.3306909813651948,0.9114935841280906,1.197785649939407,1.650858311354866,1.51412306963555,1.5141230696355499,0.9839410576121654,2.6256936941066393,1.669836680135205,1.162447670762606,0.5667777310011419,0.9283214155922828,1.3550176816451698,1.1812725277156204,hjorth_mobility,hjorth_complexity,0.6802474039607332,1.1546655480579888,2.3059210679643334,1.0746552185531806,1.4979093721317607,1.8047551760152365,0.7481562531542051,1.0397043351380817,1717,eeg_data_level_6.csv,15,AF8,270.01171875,280.0078125
0.7767418052877284,0.7767418052877285,0.7420665006567344,1.6511021894672746,0.713194396658931,1.476510590740336,1.476510590740336,1.3854133718836474,1.8727886520678794,1.5389262470856488,1.845734334518169,1.8457343345181685,1.3663587507868131,1.9380363643819707,2.0136519026736015,1.9761027428499254,1.9761027428499247,1.3644602387876958,2.4011574845423564,2.5138597402581704,3.6252990809861827,3.625299080986182,1.724304345901463,3.242854266747017,4.04939211800413,1.0070534573208283,1.1567065781365369,1.2770998106668094,1.0506079520895761,1.3643029905534225,hjorth_mobility,hjorth_complexity,0.8671622311751689,1.1601586156135915,0.9859745780487463,0.9264830596314543,1.2017540877723765,1.4066474166001106,1.2622458416809863,1.350472279454,1717,eeg_data_level_6.csv,15,TP9,270.01171875,280.0078125
0.8274515238893608,0.8274515238893608,0.6710843557051683,1.6236863639597126,0.8054622634159825,1.167839000076657,1.167839000076657,1.061338211784974,1.670483415935746,1.2767513930762702,2.048663042087905,2.048663042087905,1.6106392104534115,2.2581715522126613,2.266800703377688,1.9092952763273452,1.9092952763273454,1.2152717555864754,3.3428997452413243,2.3293844461074786,3.1479010078113903,3.147901007811389,1.2635343917965964,3.026983029118245,3.435219829288434,1.0459128015695616,0.984563049930885,1.3783849188018287,1.0149621883077828,1.2040486525197784,hjorth_mobility,hjorth_complexity,1.1184247857912955,1.1725343206666023,1.039326183118221,1.0160376611775526,1.2433626814427032,1.2739448301284022,1.1760470038997795,1.3035450345032893,1717,eeg_data_level_6.csv,15,TP10,270.01171875,280.0078125
0.1961527603660423,0.1961527603660423,0.17505089412285305,0.15727783151195326,0.26040547814425935,0.0681554843326078,0.0681554843326078,0.06993510283298998,0.057250085324120556,0.07731171589028718,0.19617692322223323,0.1961769232222332,0.23408062936688237,0.18149662151014317,0.21490247388948436,0.5876601596075597,0.5876601596075596,1.0346498106706472,0.5537612998096065,0.36310069726288435,1.5755879853032186,1.5755879853032182,7.995811254094128,0.45633735757971383,0.6938964533030356,1.0956571474388963,0.3714859520514889,0.7320566788860424,1.3191331833463449,2.118073821737249,hjorth_mobility,hjorth_complexity,1.964137774499234,1.49620385055582,1.7146439575088912,0.9623049002498936,0.12237821667743141,1.1412422436566936,0.34622088237360127,0.7072782926112546,1717,eeg_data_level_7.csv,0,AF7,140.01171875,150.0078125
0.04852332064237038,0.04852332064237038,0.050675998547571384,0.027618661240580315,0.06548928217098747,0.033585655467164875,0.033585655467164875,0.037109347900667465,0.05144683466698366,0.03230938082663211,0.07888354809151167,0.07888354809151166,0.07609405495599399,0.11530235005191251,0.08325812320277641,0.3668173558634227,0.3668173558634227,0.26451016750842604,0.18478315140063337,0.43513817407999206,0.5977428625817333,0.5977428625817331,0.3772337263451216,0.38924445394783747,0.6498648610976623,0.9379300591109379,0.5520728759852129,0.933684033310986,2.5900235622048804,3.113088453670357,hjorth_mobility,hjorth_complexity,1.3451739204448734,1.3221995346636009,1.1790117414549337,0.516160158002058,0.1811197606825985,1.2208637955397188,0.0796895250231986,0.33932379762561066,1717,eeg_data_level_7.csv,0,AF8,140.01171875,150.0078125
0.14376446882723834,0.14376446882723834,0.11218886551611376,0.21118691874506865,0.19057998375911658,0.3494345464749196,0.3494345464749196,0.22662058560735462,0.7039393095157845,0.4034587327018045,0.45686504701394665,0.45686504701394665,0.5118002325646271,0.384293615548679,0.4651230331855416,0.5660405085294183,0.5660405085294185,0.329048715125102,0.536856585012347,0.6619669088136696,0.7441907098434575,0.7441907098434574,0.42818200136192786,0.3989415314851901,0.8633163828629525,0.9375215112355936,1.3186773337025215,1.4387292219547803,1.3879837314760548,1.350573511948822,hjorth_mobility,hjorth_complexity,1.4401634227997504,1.1662589742000504,0.916439435254196,0.7962218210189475,0.49440799537682295,1.0350801744793268,0.20856537120381585,0.5489525427697786,1717,eeg_data_level_7.csv,0,TP9,140.01171875,150.0078125
0.13678985234143226,0.13678985234143226,0.11204971415144693,0.17598620684819416,0.17395661233383453,0.3645048311364547,0.3645048311364547,0.24820305996566333,0.6695903459404834,0.42498692525742515,0.40948270543177584,0.4094827054317759,0.5740557600953327,0.3699470330859416,0.3122034925835566,0.4246480986182714,0.42464809861827146,0.270839284523361,0.5606789646592224,0.47615430366580663,0.5868665271902601,0.5868665271902599,0.26129245841744914,0.6321204556393798,0.6562657073149686,0.9266921543700248,1.3975368777133568,1.3365868140313817,1.131213351657515,1.1489938101505868,hjorth_mobility,hjorth_complexity,1.4432276002950692,1.1597231955639484,1.050773985149553,0.8059914139148855,0.44545670870585036,1.194323278245377,0.20770468042369455,0.5478186852066044,1717,eeg_data_level_7.csv,0,TP10,140.01171875,150.0078125
1.726109614186347,1.726109614186347,2.227618186641619,0.564696426864834,1.1707211568206295,0.548865494741127,0.548865494741127,0.3660142636185497,0.7584502082831021,0.6520159262824103,1.29836884884882,1.2983688488488199,1.5567832871397713,1.2655256291284085,1.3648492101723093,1.1576860935212363,1.1576860935212365,1.1378737959906986,2.009352926548397,1.246184763928142,1.1739249524234645,1.1739249524234643,0.9262157936757414,1.3400034473136135,1.2800585407648253,0.9823320243265262,0.3894586759031866,0.6324881808535104,0.43559724503968783,0.32839912838090973,hjorth_mobility,hjorth_complexity,1.2471202405946777,1.1372166917759754,0.710528155719939,0.6285104763053451,2.988476051262875,1.4066474166001106,1.7837318684668533,1.6053823558794915,1717,eeg_data_level_7.csv,1,AF7,150.01171875,160.0078125
0.08302271802504543,0.08302271802504543,0.07363132984343262,0.16132906364391147,0.0863176522447561,0.08574827757974747,0.0857482775797475,0.06463223121911534,0.10817607586666042,0.0999619455727362,0.2744132489180738,0.2744132489180738,0.2041475697579138,0.44202782365661314,0.31334237403753723,0.45939653384835716,0.45939653384835716,0.2828417217368019,0.7152623380491,0.5553955769527562,0.8847961372695006,0.8847961372695005,0.363435649091115,0.6943725372525178,1.014759236079306,0.9894509753127714,0.7374238814560925,1.6144570879710596,1.9638336384914434,2.683707532914874,hjorth_mobility,hjorth_complexity,1.090847188333428,1.3106949466292486,1.037834612820979,0.3793858574589259,0.22272835435292518,0.9819991398906434,0.12253747564802032,0.4207732906560145,1717,eeg_data_level_7.csv,1,AF8,150.01171875,160.0078125
0.20952560087609104,0.20952560087609104,0.1328828126004853,0.4993756577246576,0.24959722415240843,0.5999405976247706,0.5999405976247706,0.5539664965562683,0.8501495896809447,0.553272853447796,0.999882633668741,0.9998826336687409,0.8952654243939708,0.810689156386738,1.2104071482255017,0.9394687718098704,0.9394687718098704,0.9932775482734587,1.0140119448670273,1.1217121318903085,1.440091719755326,1.4400917197553258,0.7920624015119518,1.742180550952589,1.6645231290081215,0.899211958455311,1.3317577803359435,1.829020099400013,1.384542197383979,1.5757283135390447,hjorth_mobility,hjorth_complexity,1.4125858253418828,1.1712780917882406,1.1462624511161141,0.8336719271200432,0.6657374987252269,1.2474043128340604,0.3309469881877997,0.6915011652540168,1717,eeg_data_level_7.csv,1,TP9,150.01171875,160.0078125
0.18914693062096577,0.18914693062096577,0.11676436511828604,0.47399664843725714,0.21022179296599944,0.5547869438672902,0.5547869438672902,0.492230000272687,0.6515152599178285,0.576364695015484,0.7897444361620658,0.7897444361620659,0.7202676808497697,0.9118381967980951,0.900777054151559,0.9435454154440251,0.9435454154440251,0.8996389142524511,1.265210487760397,1.061547131625432,1.237269895826161,1.2372698958261605,0.5176011656359548,1.1926156707183417,1.3967677821717455,0.9000630830165756,1.359844051438156,1.656642415901297,1.5270549578101025,1.508278197146253,hjorth_mobility,hjorth_complexity,1.3727515179027405,1.1755166984369487,1.0843995730380025,0.7897087590883222,0.5213312030458579,1.194323278245377,0.29443310478250234,0.6522393838107333,1717,eeg_data_level_7.csv,1,TP10,150.01171875,160.0078125
1.9534154259950873,1.9534154259950873,2.649768354841123,0.8394459833882479,1.5401258252831946,0.3256315879142572,0.32563158791425717,0.3361629336841162,0.5131643040092917,0.27225269720339595,0.5338124105140225,0.5338124105140223,0.5254768827322905,0.6560869188193659,0.4432887665241745,0.8960473780859067,0.8960473780859067,0.8071491720664221,1.0572526212131728,0.8452523131709353,0.8118534516651974,0.8118534516651972,1.2140850439741444,0.859112061218844,0.6788949265472001,1.1266433778550842,0.2528913334629754,0.30349157081015377,0.34651230354740425,0.23339154304169288,hjorth_mobility,hjorth_complexity,1.2716336605572265,1.147606761798722,0.8879038310050853,1.5989567039685204,1.58846925247306,0.92891810530196,1.649963487171805,1.5440126939735548,1717,eeg_data_level_7.csv,2,AF7,160.01171875,170.0078125
0.04363498872355586,0.043634988723555854,0.041068374715141465,0.06067247854745961,0.05202509418321661,0.07891179566691509,0.0789117956669151,0.07814191144141447,0.08587253943025433,0.08496661191496328,0.14925648913790704,0.149256489137907,0.09690771207248917,0.2899299483979223,0.16603640991172822,0.33904309883350536,0.3390430988335053,0.24336959537453556,0.5125824150797589,0.41084567275417094,0.6191002737047624,0.6191002737047623,0.2820988242566633,0.7406563275915491,0.6923236428345484,0.8865013871282039,0.969776491341901,1.473332460899173,2.2865665204750933,3.0023738155854964,hjorth_mobility,hjorth_complexity,1.4493559552857063,1.337834870394244,0.8688490204578189,0.3810141229415822,0.32063092769487034,0.9554586225963017,0.06448602128942976,0.30524354655619135,1717,eeg_data_level_7.csv,2,AF8,160.01171875,170.0078125
0.2985507023312616,0.29855070233126163,0.3623040036647325,0.10239879890339568,0.23736236313152906,0.8619321945919771,0.8619321945919771,0.9333003263078764,0.8767632521950649,0.9846555230427488,1.1458994702053276,1.1458994702053273,1.5120905415003385,0.7419852078158549,0.8659002472467113,0.7015374686358373,0.7015374686358374,0.41849032126185864,0.6714554547694697,0.8218972274993577,0.6936881306380939,0.6936881306380936,0.35720254282079617,0.9117267072827805,0.7237206748270011,0.83004336560295,1.3962343744076662,1.6029554922595115,0.8873134305670402,0.668393393963896,hjorth_mobility,hjorth_complexity,1.2746978380525449,1.0156789468284981,1.0825351101664502,0.9264830596314543,0.467484787707788,1.0881612090680102,0.3703729508469476,0.7315320033582762,1717,eeg_data_level_7.csv,2,TP9,160.01171875,170.0078125
0.30534942375809854,0.30534942375809854,0.35469355313227163,0.1761534191500445,0.24197763497382946,0.7989723816113631,0.7989723816113631,0.9145024178160525,0.7692753637421598,0.8598112562024137,0.9605540269785492,0.9605540269785491,1.3369894162404037,0.8231529323114916,0.5999474986442688,0.5711186801983379,0.5711186801983381,0.3835780292287443,0.6186711873874238,0.6611822685248961,0.6109039457284254,0.6109039457284253,0.2280090113801058,0.7626718262506291,0.7174008702214179,0.879692646924873,1.3505622472402432,1.4264809248060082,0.7672745410534412,0.6200935631678961,hjorth_mobility,hjorth_complexity,1.4861260852295295,1.0623600207795494,1.209141461459222,0.9134569357702036,0.4136383723697182,1.2739448301284022,0.3549008905644306,0.7160893987093438,1717,eeg_data_level_7.csv,2,TP10,160.01171875,170.0078125
0.01307477139813566,0.01307477139813566,0.013422037089849419,0.019907071829492133,0.012080657281167646,0.02783686867594402,0.02783686867594402,0.026690395534493632,0.05431751731051987,0.02513482864731781,0.08304283307770316,0.08304283307770317,0.07615193927042468,0.07018615383661253,0.08617011355328705,0.18747378336171658,0.18747378336171655,0.1020734211462813,0.30668456392119736,0.24767051128658144,0.4684934988499604,0.4684934988499602,0.7941705748284967,0.6450240673928804,0.4311866042204066,0.7054402653430203,0.864189195074455,1.7638720707739304,2.8441137271891774,4.694236752852658,hjorth_mobility,hjorth_complexity,1.7741587697894796,1.4432888945723814,1.0588471093833756,0.2947160523607965,0.1199306523438828,1.1677827609510354,0.025198764341199116,0.19081096250159468,1717,eeg_data_level_7.csv,3,AF7,170.01171875,180.0078125
0.03635644444202992,0.03635644444202992,0.022312403770365977,0.08376487977937365,0.04298492055584116,0.08343491792023107,0.08343491792023107,0.08321885953385527,0.10669920145367845,0.08307955693963705,0.11868570600635282,0.11868570600635277,0.10936288370210663,0.16000020731493977,0.12150580733335921,0.24833576280406758,0.2483357628040676,0.1420064240952596,0.21893625845849118,0.3078562957391433,0.46546741154256543,0.46546741154256527,0.26626973758308825,0.8316423760500607,0.5342272376660406,0.900939084255045,1.134559631756509,1.3737478300460257,2.00996652479968,2.6942698569831176,hjorth_mobility,hjorth_complexity,1.3451739204448734,1.2607995567838401,0.9468115354317863,0.2230723711239178,0.23007104735357106,1.1412422436566936,0.05553106136570262,0.28325767547642083,1717,eeg_data_level_7.csv,3,AF8,170.01171875,180.0078125
0.4199299466130761,0.41992994661307614,0.2784216101600935,0.3933607673914839,0.517927965810715,1.0361135534375907,1.0361135534375905,0.8519998632929324,0.8945270498182046,1.2131590084589337,1.0119678089645556,1.0119678089645554,0.8164305782172131,0.9044976934363927,1.2150152265206446,0.6368607592419068,0.6368607592419069,0.5910886927922804,0.5025556152904279,0.6958785269854352,0.7931404313993733,0.7931404313993732,0.4126020773800621,1.2138444579617438,0.9249654997101072,0.9994082974806824,1.3789159746917867,1.253920952651372,0.658918541244264,0.6109806695631785,hjorth_mobility,hjorth_complexity,1.253248595585315,0.9566021807189462,1.0950736229776403,1.071398687587868,0.4650372233742394,0.9819991398906434,0.5448636342692755,0.8872737051353004,1717,eeg_data_level_7.csv,3,TP9,170.01171875,180.0078125
0.3905110522721338,0.3905110522721338,0.25184523843723533,0.4254348978731326,0.5014999777123866,0.9140436295144136,0.9140436295144136,0.6942621466235769,0.7032511858845247,1.0695015223146502,0.8960764140163834,0.8960764140163833,0.8608932524848868,0.4727853004165584,0.91285745884185,0.3924015074131604,0.3924015074131604,0.38119801014264204,0.6508893145197604,0.4488645781174777,0.6248640539239302,0.62486405392393,0.2976318523747085,0.6253156067060744,0.7278788206608499,1.0214670119760105,1.3527118524262187,1.2115497841248284,0.4751564284936219,0.5411863518303528,hjorth_mobility,hjorth_complexity,0.9744084435113205,0.9681931996777625,1.0124965623965805,0.9492787763886429,0.4601420947071421,0.9554586225963017,0.5030323223948022,0.8525338770469314,1717,eeg_data_level_7.csv,3,TP10,170.01171875,180.0078125
0.82328549357923,0.8232854935792301,1.15314687634632,0.9635738454224382,0.5243159851359688,0.37570441777117725,0.37570441777117725,0.5584071654363413,0.2507254196028657,0.29917142705246696,0.3873477009779286,0.3873477009779286,0.29118254308435243,0.6256662390886837,0.3553834485152232,0.552968929111857,0.552968929111857,0.4417191842685882,0.6172303090612482,0.6995699879929727,0.9864774919020788,0.9864774919020786,2.257534796278092,0.7799335301598485,0.9363035238310778,1.0977217093829177,0.504153125661285,0.44884786342946953,0.44871546578586063,0.5448312253464891,hjorth_mobility,hjorth_complexity,1.5688588776031325,1.304370137716085,1.0351870755433743,1.4182192353936671,1.5909168168066083,1.008539657184985,0.9068435545875662,1.144668904146347,1717,eeg_data_level_7.csv,4,AF7,180.01171875,190.0078125
0.12029821823442367,0.1202982182344237,0.13522600608819738,0.08570069967574927,0.0720535349456543,0.07217965470292946,0.07217965470292946,0.07018432558328705,0.08602693933162929,0.05227210821466596,0.17479982596126187,0.17479982596126184,0.12255258652893211,0.3085818824580769,0.19538970511992584,0.3285705801731909,0.32857058017319096,0.260364855083075,0.5874709090406345,0.3535698748034823,0.7510316739253873,0.751031673925387,0.2966143079328789,0.5729402153351011,0.9177929260658555,0.9933245254263589,0.5611253843704823,0.9949863950169212,1.3006835518703583,2.054149405855768,hjorth_mobility,hjorth_complexity,1.2379277081087217,1.392423786866399,0.9731191065493918,0.5031340341408073,0.25454669068905733,0.92891810530196,0.137468422264677,0.44567181949820156,1717,eeg_data_level_7.csv,4,AF8,180.01171875,190.0078125
0.19230394849493643,0.19230394849493643,0.24657305013538264,0.14342427828081766,0.17306824659524053,0.55995390245513,0.55995390245513,0.5811904392137829,0.5141065670314171,0.5644315494155667,0.6444735604863281,0.6444735604863281,0.674627824468295,0.47155265949973335,0.6873360450561213,0.659572092905136,0.659572092905136,0.5273701088718016,1.0173094321510645,0.8397820496852394,0.9894263184848879,0.9894263184848877,0.4217332853173782,0.9481014645521143,1.0614680760533712,0.8643676245787673,1.378664440716184,1.4541555830309392,1.1795333703829305,1.2912155217456167,hjorth_mobility,hjorth_complexity,1.467741020257618,1.1939307975497384,1.1117978549354663,0.9281113251141105,0.3695822143658429,1.194323278245377,0.27112155288018824,0.6258866977258729,1717,eeg_data_level_7.csv,4,TP9,180.01171875,190.0078125
0.1934134065621509,0.1934134065621509,0.2294807280084901,0.2623375287420116,0.1932419699492917,0.5340349155848725,0.5340349155848725,0.5734139037517796,0.40712769585452535,0.5668050163060087,0.5114276597727271,0.511427659772727,0.5398905278531243,0.5540287302044595,0.49025730234590686,0.5186915418754213,0.5186915418754213,0.40230504313748433,0.8952664009056547,0.6130993915133597,0.7767020763607009,0.7767020763607008,0.29949810127202514,1.2509673034445619,0.9033318797762614,0.911744137755435,1.3660793139944305,1.2493939808063448,0.9983944253385953,1.0924736063420193,hjorth_mobility,hjorth_complexity,1.3880724053793339,1.1962891223503838,1.011238049958283,0.9183417322181726,0.37447734303294017,1.008539657184985,0.2599528820716954,0.6128596348827015,1717,eeg_data_level_7.csv,4,TP10,180.01171875,190.0078125
0.00798784562276184,0.00798784562276184,0.005981263743517928,0.015047156760440212,0.00957911674302257,0.012307292463790724,0.012307292463790727,0.008998856764601902,0.013912897082668716,0.016392742606886567,0.03272120753816305,0.032721207538163044,0.02767643064326403,0.04791039584819065,0.03693352648000405,0.17938204165756527,0.17938204165756527,0.16495629895288003,0.19861351473447342,0.18362413733005314,0.45372293193617497,0.45372293193617486,0.6843101910420273,0.41312441869176575,0.4492665690473389,0.6434591627710641,0.5940339327491803,1.1118125268448373,3.499239421228207,6.029931721870272,hjorth_mobility,hjorth_complexity,2.022357146910288,1.5588082276817994,1.0679083989391207,0.23772676046782482,0.07342693000645885,1.181053019598206,0.019947866867089867,0.1697703837169987,1717,eeg_data_level_7.csv,5,AF7,190.01171875,200.0078125
0.030719978929519973,0.030719978929519973,0.026540212887616956,0.05128063248959807,0.02723096043575293,0.05253305128656442,0.05253305128656442,0.056619262868913514,0.05013021474995464,0.052072249886857234,0.0980793702293239,0.09807937022932389,0.07489462505330347,0.14280310927023626,0.11434690715005488,0.26029598370875123,0.26029598370875123,0.1773865364846031,0.39468573966355336,0.32119750938445046,0.4287786444990643,0.4287786444990642,0.1750116306170594,0.8470306153575158,0.4904583062986479,0.8915267228597767,0.9397988492463126,1.3853107228574593,2.4449236492120154,2.9711336635681653,hjorth_mobility,hjorth_complexity,1.2716336605572265,1.3175454383204008,0.9824507432215122,0.25563768077704446,0.20314783968453615,1.0881612090680102,0.05132592405058034,0.27232159883500046,1717,eeg_data_level_7.csv,5,AF8,190.01171875,200.0078125
0.23790394369478693,0.2379039436947869,0.24481038726925491,0.26186386590464034,0.2914660061602899,0.6933137162039692,0.6933137162039693,0.9063547337578347,0.7704348790094876,0.613903990148726,0.6196381393300483,0.6196381393300483,0.820150473559028,0.34556028584870013,0.6231045066212804,0.5757634708548582,0.5757634708548582,0.4161334554913588,0.6944829324055467,0.7724317687740676,0.6642811561754453,0.6642811561754451,0.2992369480968266,0.8361967899883489,0.7072083502282003,0.9124204878675225,1.392768872251488,1.2129752654740773,0.9175049797483282,0.7918930007657935,hjorth_mobility,hjorth_complexity,1.516767860182716,1.1093077776006872,1.129706020816728,0.9053156083569219,0.447904273039399,1.1412422436566936,0.31420666874623027,0.6737850938854705,1717,eeg_data_level_7.csv,5,TP9,190.01171875,200.0078125
0.21572223126933907,0.215722231269339,0.21601779879412722,0.17931158487964655,0.3057126558948055,0.6073473975352522,0.6073473975352522,0.7908883615251078,0.7523401846669029,0.5504778570528797,0.4855811095883297,0.48558110958832956,0.6911561681218837,0.2719943041892487,0.4572486965067756,0.4361232067183834,0.4361232067183834,0.2653016696081493,0.6895751530075608,0.583696789218958,0.6031698163378603,0.6031698163378602,0.28450989223075207,0.5581574205113711,0.6568208906431051,0.9211250152646647,1.3983908296786183,1.1003004899931577,0.8088593799944906,0.8133591984978754,hjorth_mobility,hjorth_complexity,1.1613232707257561,1.1312919347598913,0.9319051547737243,0.8255305997067615,0.41853350103681547,0.9687288812434725,0.28724122672371505,0.6442242760314961,1717,eeg_data_level_7.csv,5,TP10,190.01171875,200.0078125
0.006390989028016352,0.006390989028016352,0.006109790728455482,0.01227176537795352,0.005955775900664082,0.01620135440106573,0.01620135440106573,0.009696885139155792,0.03227454330628073,0.020014705248530187,0.04364732294414278,0.04364732294414277,0.029017336770343675,0.048601241439432716,0.057434359842837686,0.18732797057852027,0.18732797057852027,0.1733287405484326,0.28811384619777775,0.19899269700399094,0.4493066500775106,0.4493066500775104,1.0076197529374304,0.4100138249314728,0.3445988970833709,0.5580924803245433,0.7624858088311405,1.433133968506155,3.699613420401633,5.894263962981486,hjorth_mobility,hjorth_complexity,2.0407422118821996,1.5381107448716984,0.9938705783097712,0.23447022950251215,0.12237821667743141,1.114701726362352,0.020687339236272632,0.17288846476325617,1717,eeg_data_level_7.csv,6,AF7,200.01171875,210.0078125
0.02922674535846862,0.029226745358468625,0.02465258689594689,0.03544902344854394,0.03283407210969471,0.05025269386163833,0.05025269386163833,0.03591230336247526,0.060902916615661884,0.058789616730017126,0.0873104139674003,0.08731041396740029,0.06512099271471616,0.09304250136238135,0.10289007621511435,0.27733006724191894,0.27733006724191894,0.1848958520163331,0.46235994314369927,0.33687492819490333,0.4639857878146679,0.4639857878146678,0.20514460992904382,0.4727734725434544,0.5349142640672709,0.8783254035954197,0.9409756565715615,1.2779177066587266,2.631149638098007,3.2105474298184564,hjorth_mobility,hjorth_complexity,1.3114679679963686,1.3319255741302491,1.0639743822801448,0.2930877868781402,0.18846245368324438,1.114701726362352,0.06126376409894005,0.29751957028294124,1717,eeg_data_level_7.csv,6,AF8,200.01171875,210.0078125
0.15373574034136295,0.15373574034136295,0.12373392357315596,0.22387635036495473,0.17685896019076253,0.4003619618697233,0.4003619618697233,0.32757536276312965,0.44503998374987963,0.45986273812379924,0.44248608571913634,0.4424860857191363,0.4394249305793479,0.32651117122654216,0.49268836129474625,0.6181154178023738,0.6181154178023738,0.3824635693118402,0.8279098109918849,0.720038362391857,0.9192933135837441,0.919293313583744,0.3773211386601296,1.3101105240720727,1.035268124098382,0.9302749602966733,1.3266836186370405,1.3131752188861217,1.3895237001517429,1.515796389499819,hjorth_mobility,hjorth_complexity,1.5627305226124948,1.2102304306247815,1.2207943544064248,0.8955460154609839,0.35979195703164835,1.2739448301284022,0.25063131030719277,0.6017711486077041,1717,eeg_data_level_7.csv,6,TP9,200.01171875,210.0078125
0.15885914343934318,0.15885914343934318,0.1294675946273402,0.30889945820047354,0.16108362125824463,0.3191657113129231,0.3191657113129231,0.22857015409232595,0.3907942800744279,0.40501455994075974,0.33898575468678893,0.3389857546867889,0.4549998367369603,0.3158503305206127,0.2749251278827964,0.4785995377323501,0.47859953773235014,0.3191415376915057,0.5930659816069571,0.6020182891208918,0.800338769325916,0.8003387693259159,0.33164117057137815,0.625831847700165,0.9572377650441676,0.9975587241519172,1.1989766812033136,1.115731562612674,1.200248611736195,1.4367481558927768,hjorth_mobility,hjorth_complexity,1.5841797650797262,1.2539900413310825,1.0946727634602567,0.8027348829495728,0.3108406703606758,1.1412422436566936,0.22098462229219953,0.5650602098411258,1717,eeg_data_level_7.csv,6,TP10,200.01171875,210.0078125
0.013227139694860706,0.013227139694860704,0.009933067562869135,0.022514260106150562,0.01465615373779419,0.026575581280928524,0.026575581280928524,0.015318016654860734,0.054467700855941756,0.03284012926097842,0.05083725971281026,0.05083725971281026,0.046525139344134596,0.09073322790539756,0.05518112769281679,0.2916966995767882,0.29169669957678823,0.45620611513472753,0.27501754763037217,0.24388914657406213,0.8731127685823017,0.8731127685823015,4.565058088140229,0.438061933172676,0.4249282457339979,0.619384421077087,0.7109561047278141,1.0125706290594765,3.0969582095940624,5.324766548456802,hjorth_mobility,hjorth_complexity,2.0315496793962438,1.5390012580005081,1.0748442008212957,0.27680513205157686,0.17622463201550123,1.2474043128340604,0.03200879545276814,0.2150544161919863,1717,eeg_data_level_7.csv,7,AF7,210.01171875,220.0078125
0.030552673787976995,0.030552673787977006,0.030561822391782248,0.04674037999407422,0.03299938650282253,0.0789813969631007,0.07898139696310069,0.0740998890141394,0.06710971498268932,0.07723233282976635,0.12591840194408074,0.12591840194408072,0.10948731038083905,0.1362678605019391,0.13296847272313916,0.28785192683825006,0.28785192683825006,0.21103725680338783,0.36540995269062143,0.3269234445424791,0.41148371337020134,0.4114837133702012,0.4403559691726582,0.3614530344389147,0.46725955011186004,0.8186508266054242,1.1230590671543035,1.5183483802012026,2.397081779565877,2.559721844042916,hjorth_mobility,hjorth_complexity,1.2011575781648982,1.2687381220176437,0.994551107257888,0.2230723711239178,0.24475643335486283,1.1677827609510354,0.05224279725505351,0.274743173867049,1717,eeg_data_level_7.csv,7,AF8,210.01171875,220.0078125
0.17172101182183727,0.1717210118218373,0.12433308602767039,0.12586187297846205,0.22195428171059767,0.4884072413765765,0.4884072413765765,0.3375965456137721,0.9198054306638344,0.5064588559937887,0.4821956327310936,0.48219563273109356,0.5863240518216069,0.3022821570740365,0.436775543123879,0.5040317091144931,0.5040317091144932,0.2731195028069553,0.9878754669005064,0.6166953631630875,0.7411792692203856,0.7411792692203855,0.7711986803683687,0.6268963272135263,0.731418184724112,0.9255550568714486,1.4511539901265484,1.2668924692225856,1.0754255712171716,1.132024652912053,hjorth_mobility,hjorth_complexity,1.354366452930829,1.0766753730621859,1.1098028796629051,0.7799391661923841,0.3671346500322943,1.1412422436566936,0.2440475106683396,0.5938146266447721,1717,eeg_data_level_7.csv,7,TP9,210.01171875,220.0078125
0.138179953209512,0.138179953209512,0.0908761922249111,0.1069990300572595,0.18273906863688938,0.3573759918958833,0.3573759918958833,0.2689705125714458,0.4475090972177389,0.36514202929066025,0.3188427653948064,0.3188427653948063,0.2980933439294133,0.35389508329198166,0.3264408908575844,0.4444619713866681,0.4444619713866681,0.3205058956451284,0.5561354347241505,0.5014436829988836,0.620014786206464,0.6200147862064639,0.6190730918668454,0.8564833774970213,0.7018373193515306,0.9496650897689117,1.3737349839657906,1.1462532300445116,1.1839018965530577,1.2117165740064855,hjorth_mobility,hjorth_complexity,1.4003291153606086,1.2019294609209172,1.0147432401568013,0.7848239626403531,0.35244926403100246,1.1412422436566936,0.2078765335492203,0.5480452686605023,1717,eeg_data_level_7.csv,7,TP10,210.01171875,220.0078125
0.006498937234786615,0.006498937234786618,0.005934474670981022,0.008095089067181514,0.007484999520363418,0.018366455496339137,0.01836645549633914,0.02090630661152105,0.026256244037696375,0.018306541004809232,0.04151362387931274,0.04151362387931274,0.026993068116310148,0.04832768728505109,0.05285902431135724,0.19740974442773235,0.19740974442773238,0.21896721268772898,0.28857734003520935,0.181477334593655,0.5792403239121616,0.5792403239121615,2.1212404009463777,0.5876820987246193,0.42041093124743617,0.515124545464215,0.7423385061704537,1.25493584245273,3.447634769281677,6.189976702560836,hjorth_mobility,hjorth_complexity,2.126539181751121,1.5750624865110234,1.006278578719953,0.24912461884641915,0.18846245368324438,1.1677827609510354,0.02286762490332909,0.18177084648113032,1717,eeg_data_level_7.csv,8,AF7,220.01171875,230.0078125
0.026467341106132726,0.02646734110613273,0.014809641026129562,0.07349745224781967,0.02944573961817565,0.06211852187238941,0.06211852187238941,0.06299878808831082,0.1077000049784329,0.055729740119630784,0.11887964754723461,0.1188796475472346,0.09054825002201039,0.2309912846609103,0.11929747601281358,0.24256140436851778,0.24256140436851778,0.16537198370532,0.47664633682175045,0.3181505118819627,0.4176314158451855,0.4176314158451853,0.4712416161308741,0.577625380982896,0.45839245524234506,0.844874579526611,1.08027469829169,1.6412321059894535,2.357530610083576,2.9169704096620177,hjorth_mobility,hjorth_complexity,1.3604948079214665,1.3032779421447467,1.0154797029910645,0.23935502595048114,0.16153924601420946,1.114701726362352,0.04617098393030443,0.25828445255521143,1717,eeg_data_level_7.csv,8,AF8,220.01171875,230.0078125
0.19571339033866703,0.19571339033866703,0.1425288628133072,0.43754993608526893,0.21301121282359092,0.4839493851825287,0.4839493851825287,0.44031945717383136,0.720359224802276,0.48324633842446113,0.5440712362528195,0.5440712362528195,0.6669211260170541,0.3364203871612848,0.512584522834283,0.5223396787146044,0.5223396787146044,0.30812867550242123,0.9636528222223303,0.6285135312817308,0.7691343849854058,0.7691343849854057,0.5752246499291186,0.9593423381866256,0.761924850340323,0.9812798818875662,1.3359230336521912,1.3188677519180383,1.0313566412688084,1.0942565832813547,hjorth_mobility,hjorth_complexity,1.3911365828746525,1.1402179851284915,1.177464237271545,0.8369284580853559,0.4038481150355237,1.2208637955397188,0.27203011443554365,0.6269345321245524,1717,eeg_data_level_7.csv,8,TP9,220.01171875,230.0078125
0.16341017849919034,0.16341017849919037,0.11393601800774093,0.2950846490487029,0.18905555955957357,0.4621728748725883,0.4621728748725883,0.38160694288790364,0.5388650517717135,0.44028661538101455,0.35008633537310974,0.3500863353731097,0.4325247416428135,0.26518752709179644,0.3486254794753026,0.4799150315626796,0.47991503156267973,0.3019685581705042,0.8103225931263166,0.5762925753492066,0.749175366873791,0.7491753668737908,0.4815222531918985,0.7081306507331928,0.8795233352824887,0.9497589724110661,1.4006467278502006,1.0354195010418563,1.074471150996188,1.213482616825841,hjorth_mobility,hjorth_complexity,1.5198320376780345,1.192450513470523,1.051566381869963,0.8271588651894178,0.4748274807084339,1.1412422436566936,0.22798001121426106,0.5739341742313961,1717,eeg_data_level_7.csv,8,TP10,220.01171875,230.0078125
0.00798830005689319,0.00798830005689319,0.0063446004459644535,0.01218967325788387,0.010410638802829332,0.01852309301977627,0.018523093019776272,0.018909113348027834,0.032362683532676774,0.015754917470498404,0.04201340117677738,0.042013401176777376,0.032494721903841575,0.05187619129172009,0.04689242753909864,0.13010307410616115,0.13010307410616118,0.08268322463904512,0.2304062075376527,0.15771690501643615,0.34291306596866206,0.3429130659686619,0.7023876440970773,0.331243917293565,0.2817370101138128,0.6817266321172585,0.8675754200052398,1.4668101805413205,2.972947993156389,5.067458990091368,hjorth_mobility,hjorth_complexity,1.8323781422005334,1.5057309412611617,1.0551554728977015,0.2507528843290755,0.09055988034129925,1.1677827609510354,0.017007944276006128,0.1567615727026645,1717,eeg_data_level_7.csv,9,AF7,230.01171875,240.0078125
0.0311408009284884,0.031140800928488394,0.021520346336242804,0.03961389377100583,0.03829426616052895,0.08017567805632946,0.08017567805632946,0.08001346016870876,0.11947013400981664,0.08599767549566764,0.08630362349451005,0.08630362349451005,0.06099983984549831,0.10454784324085768,0.10486740892324159,0.2751215977686382,0.2751215977686382,0.1731988116191705,0.4804655994063818,0.3330859302855986,0.44962734792460834,0.4496273479246082,0.5311186708442092,0.4092705987433319,0.4517662386295659,0.8457851372720874,1.184427283243281,1.1463130246304976,2.338620256332473,2.776848197129631,hjorth_mobility,hjorth_complexity,1.299211258015094,1.2823256585980558,0.9556211224998719,0.23772676046782482,0.256994255022606,1.0881612090680102,0.05272516143294045,0.2760086283263686,1717,eeg_data_level_7.csv,9,AF8,230.01171875,240.0078125
0.1281700985317791,0.12817009853177908,0.07902181457458118,0.3000679219099875,0.15261435395431022,0.288114588906931,0.28811458890693087,0.23050798111562507,0.4836115706931941,0.30327084154370765,0.6020803144378215,0.6020803144378215,0.6004245028355167,0.42605533208733715,0.5554969563739395,0.5545346217479448,0.5545346217479447,0.43104781229389516,1.2654783876105224,0.5926717828663186,0.7357079783178977,0.7357079783178975,0.7053789136143507,1.1245075308561958,0.7667741287307042,0.9463812028298436,1.2099211306477484,1.8669865485754393,1.4600914987852298,1.4368117139285956,hjorth_mobility,hjorth_complexity,1.4309708903137943,1.1813031580728215,1.0778832753019265,0.7864522281230095,0.2398613046877656,1.1412422436566936,0.1682636549465119,0.4930703172233805,1717,eeg_data_level_7.csv,9,TP9,230.01171875,240.0078125
0.11794094281993486,0.11794094281993486,0.07991475868018752,0.1644448673979684,0.148777400967634,0.23630728602995965,0.23630728602995965,0.17739567553284924,0.2943561106316055,0.2753213778716356,0.2888454778060276,0.28884547780602754,0.36180596200053516,0.1307830202811732,0.16545568904808378,0.4018915886623289,0.4018915886623289,0.2178812740639944,0.5575550054650009,0.4662789277971843,0.6915426328483247,0.6915426328483245,0.8335421523698564,0.8412959248265157,0.6799394596945272,0.9909110521600667,1.1863656583513678,1.1696743555780675,1.2988385756880874,1.583581831350024,hjorth_mobility,hjorth_complexity,1.70674686489247,1.285220516237912,0.9859186441625998,0.7490021220219137,0.23496617602066833,1.008539657184985,0.13818860725127363,0.44683771224386576,1717,eeg_data_level_7.csv,9,TP10,230.01171875,240.0078125
0.0240021502731751,0.024002150273175107,0.029269368677909694,0.02095918574393351,0.01576519680557649,0.02049449584389176,0.02049449584389176,0.013153697908336839,0.043058077249847386,0.022315836047019505,0.04533981243932611,0.0453398124393261,0.04063807463135136,0.055690214813528434,0.05326558560599315,0.3631263061080563,0.3631263061080563,0.6753177105830379,0.39456093040169815,0.2411986820204511,0.9796973343874905,0.9796973343874904,5.453283089633832,0.4317337996918796,0.40914149018837154,0.6839068406716026,0.4655918137212256,0.7285515605130052,2.8503100049026933,4.463579907764436,hjorth_mobility,hjorth_complexity,2.0499347443681555,1.5870822143870695,1.1082553754795164,0.3077421762220472,0.19091001801679303,1.2474043128340604,0.04760491891551781,0.26226456397514997,1717,eeg_data_level_7.csv,10,AF7,240.01171875,250.0078125
0.029146949876625746,0.029146949876625746,0.024578569075338563,0.02758503001680152,0.03346235455473143,0.047914726506513974,0.04791472650651397,0.034024180968258384,0.06602579007786195,0.05233762999223712,0.0944313470861462,0.09443134708614619,0.05916923833658783,0.16523125158752747,0.11291279937657593,0.21803224877661917,0.21803224877661917,0.14622135688644242,0.4966897103070478,0.27153868584924223,0.35485718902941377,0.3548571890294137,0.48957702872543307,0.34014423003236915,0.36479996316438856,0.9030045939038305,0.9479050010682007,1.4356081058545769,2.263835249411795,2.6521342292137033,hjorth_mobility,hjorth_complexity,1.3696873404074221,1.330265445093745,1.0909345154027938,0.2800616630168895,0.18846245368324438,1.1545125023038645,0.05506264450660861,0.2820604747052851,1717,eeg_data_level_7.csv,10,AF8,240.01171875,250.0078125
0.1435048596999323,0.1435048596999323,0.10271454697697605,0.19478141958317538,0.17694248953342662,0.38553391863592823,0.3855339186359283,0.33707211312753255,0.5176462079245958,0.37602631499035016,0.42259281701466106,0.4225928170146611,0.33554305232389303,0.15790172277856157,0.5884616035609542,0.6311970624243346,0.6311970624243345,0.36177826680692327,0.8226947048301669,0.7615195906262726,0.6493738291969254,0.6493738291969254,0.41780799066156277,0.9313646636296536,0.6831056614698161,0.9316375352924579,1.3611431650694392,1.3254242424406957,1.4874710095240147,1.1809814479094531,hjorth_mobility,hjorth_complexity,1.421778357827839,1.092484583568089,1.050046844629648,0.8792633606344206,0.37447734303294017,1.0881612090680102,0.24029407130162644,0.5892305118052843,1717,eeg_data_level_7.csv,10,TP9,240.01171875,250.0078125
0.17658705830136248,0.1765870583013625,0.12349398736231225,0.3835811127522298,0.1805669980236423,0.3761846804812336,0.3761846804812336,0.34210067978288117,0.6096333265215212,0.36774732937689675,0.41714979125794843,0.4171497912579484,0.4667657650325045,0.21558856945814045,0.2865483464779463,0.40631498451456954,0.40631498451456943,0.4106096029940404,0.6634584801376071,0.45843774653876374,0.6435356472436751,0.6435356472436748,0.5684290422586883,0.8408246564851778,0.7156967069344521,1.0185010150544624,1.2630218767021044,1.1979829745052097,0.9539712631232761,1.089649849559402,hjorth_mobility,hjorth_complexity,1.4248425353231577,1.1659781957388422,1.0201501824843036,0.8271588651894178,0.35979195703164835,1.008539657184985,0.24381615443034074,0.5935330927484694,1717,eeg_data_level_7.csv,10,TP10,240.01171875,250.0078125
0.009398279636535216,0.009398279636535216,0.007264102802423007,0.015210012866447778,0.010363254798601196,0.024870204733994615,0.024870204733994615,0.031634440157334937,0.023040638631723526,0.018865257339897187,0.04010829566105031,0.04010829566105031,0.04309501906301338,0.03839499414260517,0.04669673233884968,0.13465992407120125,0.13465992407120125,0.07035486512294524,0.25694973679836697,0.17062545356882097,0.2565948664663421,0.256594866466342,0.19252023741600613,0.1924128854227574,0.25036897129577607,0.7427997473706832,0.9964213745147078,1.3575928689687202,2.9752174006963594,3.9831495231496192,hjorth_mobility,hjorth_complexity,1.725131929864382,1.401214465484203,1.0565724646800814,0.2816899284995458,0.17867219634904988,1.1412422436566936,0.019356222451341686,0.16723377836359793,1717,eeg_data_level_7.csv,11,AF7,250.01171875,260.0078125
0.03993012975301612,0.03993012975301612,0.03168806219380477,0.06541799783881644,0.0449152837067103,0.09055415000311583,0.09055415000311583,0.08149306045049144,0.07518479534321942,0.09347983568370638,0.1227595491867698,0.12275954918676979,0.09010811604151905,0.17718312369570516,0.12921048767569734,0.25014859858129634,0.25014859858129634,0.18640191525127434,0.32871133133426006,0.30461895225834335,0.3026274548813746,0.3026274548813745,0.24996235987844723,0.5058642742604974,0.3161293189368478,0.9151737212710156,1.1543139203832415,1.384725154988295,1.9691979840757747,1.8089396955046382,hjorth_mobility,hjorth_complexity,1.1184247857912955,1.174576229078182,0.9546422794923067,0.20516145081469814,0.2863650270251895,1.0616206917736684,0.06112589482645492,0.2971846095544419,1717,eeg_data_level_7.csv,11,AF8,250.01171875,260.0078125
0.13576277106606263,0.13576277106606263,0.126204668276256,0.14333582477418558,0.14853013374742483,0.6741501795415551,0.6741501795415551,0.579956869696626,0.39735453654197705,0.7899982874996494,0.44950517313465865,0.4495051731346586,0.38263923200719235,0.49523030996443146,0.426017431764391,0.6863888401082869,0.6863888401082869,0.5176614067122913,0.41367501663072626,0.8681682581334796,0.6475481225194193,0.6475481225194192,0.34775465890634194,1.0770378653211254,0.6954723164840643,0.7704810979437937,1.6763755247280367,1.2043646611984489,1.3287318838575934,0.9878148517283081,hjorth_mobility,hjorth_complexity,1.3880724053793339,1.0503959147521984,1.1299577233043876,0.7783109007097279,0.4062956793690723,1.2208637955397188,0.25572192025472845,0.6078517595716965,1717,eeg_data_level_7.csv,11,TP9,250.01171875,260.0078125
0.10195824860245972,0.10195824860245972,0.08647317263867366,0.09721307409444943,0.11472150866290812,0.5786291913790217,0.5786291913790217,0.4752318915901259,0.46819630844278415,0.7140482983854329,0.3406859012483157,0.34068590124831566,0.27601816251432026,0.47440405197841984,0.3629845319445183,0.4002544807064972,0.40025448070649733,0.3416717387918821,0.30475247212165035,0.4393087206558637,0.5460102132789267,0.5460102132789266,0.42822655329739345,0.4448299914333466,0.6071655527538359,0.7469163428745336,1.7753606466496648,1.156787298811209,1.019992903360097,1.0331671193990644,hjorth_mobility,hjorth_complexity,1.4646768427622991,1.1305717859479885,0.9699588419821105,0.7994783519842602,0.4919604310432743,1.0350801744793268,0.22308294219202676,0.5677365855964058,1717,eeg_data_level_7.csv,11,TP10,250.01171875,260.0078125
0.04172971620888942,0.04172971620888942,0.04170620577452424,0.06567322160138014,0.03893497638817146,0.19024233625705328,0.19024233625705328,0.1652287735558458,0.25504492670046247,0.21106693478402258,0.25988398778302974,0.2598839877830297,0.2412789108836675,0.13475857296617103,0.2968898359776299,0.24127387331815983,0.24127387331815975,0.12829607179023633,0.39845368200675696,0.29247019953983505,0.768918249556843,0.7689182495568428,0.5084603070010322,1.1296999864529944,0.81584037066491,0.7191901324358959,1.507525418410326,1.767287662984339,1.3631090348921424,2.836560796524419,hjorth_mobility,hjorth_complexity,1.6944901549111957,1.3899689596645306,1.042896629517244,0.569892918929717,0.6021008260529626,1.1677827609510354,0.09021665270021659,0.36104144147982165,1717,eeg_data_level_7.csv,12,AF7,260.01171875,270.0078125
0.11770144823264761,0.11770144823264761,0.14368493489450945,0.06849401927676707,0.13164109266859175,0.08481025179220722,0.08481025179220722,0.0581080110923339,0.0644400116548459,0.11773223122174027,0.14882381789657823,0.14882381789657823,0.1091976120935299,0.2659437873230597,0.1656577534116397,0.3371038650926843,0.33710386509268425,0.2210425940573441,0.5434728273096885,0.3892076950051066,1.297003204677206,1.2970032046772058,1.0525501148677476,0.5555758569952824,1.3222085253060027,0.9968558284713267,0.6225671082314488,0.8408372437000108,1.2760530293686465,3.0765263270918157,hjorth_mobility,hjorth_complexity,1.051012880894286,1.3727650373959612,1.1155920368790755,0.7685413078137898,0.3034979773600299,1.0881612090680102,0.1544155681031639,0.4723449119135682,1717,eeg_data_level_7.csv,12,AF8,260.01171875,270.0078125
0.20157074514012324,0.20157074514012324,0.14964548604286865,0.2107070453339569,0.26332503156669546,0.3519944617494951,0.3519944617494951,0.40690781888290567,0.625322555634311,0.307577961067986,0.523491021122757,0.523491021122757,0.5625890069053604,0.31222910328622705,0.48343646882771085,0.529670318740276,0.529670318740276,0.42243638921757204,0.8248402196588781,0.5612371916708758,0.8847961213989604,0.88479612139896,0.544914846608862,1.2556532995029832,0.8884360604630441,1.015100858018874,1.1081374570798126,1.3425830517566728,1.0915259860416904,1.3041748230578891,hjorth_mobility,hjorth_complexity,1.4003291153606086,1.1364459427649265,1.2313006026876232,0.7978500865016038,1.094061257096237,1.3004853474227438,0.2536901026440905,0.6054321255053572,1717,eeg_data_level_7.csv,12,TP9,260.01171875,270.0078125
0.20306347139704112,0.20306347139704112,0.14758684337188102,0.20531861799292822,0.2760936702738489,0.3497991445359181,0.3497991445359181,0.47972374069682355,0.4229793312522391,0.28366555663811416,0.38418111893060586,0.3841811189306059,0.4051021727356481,0.42620368747241166,0.4100037100910195,0.4570326164453652,0.45703261644536514,0.39893949049623945,0.3656567172444372,0.582284317676862,0.8303029510287337,0.8303029510287336,0.2895622981409003,1.257909875581045,0.9475544263497897,1.0265701995881482,1.0917310626585595,1.0888326660676524,0.9862716166679228,1.270614078263709,hjorth_mobility,hjorth_complexity,1.3727515179027405,1.2149274840668978,1.1478658891856495,0.7262064052647251,1.145460108100758,1.1677827609510354,0.24109275581852338,0.5902089356221342,1717,eeg_data_level_7.csv,12,TP10,260.01171875,270.0078125
0.005633355805801012,0.005633355805801013,0.0041316853776512145,0.010703891311509402,0.005695213300195903,0.0077642742485725955,0.0077642742485725955,0.007189902340327755,0.011437299100883053,0.008329730177877819,0.03823748138049755,0.03823748138049754,0.03411621269832826,0.03829558605757339,0.03847751006383887,0.1571905013156441,0.15719050131564413,0.15747649985660894,0.2138456313197622,0.15451338357669392,0.3397401581330358,0.33974015813303576,0.8304758479589456,0.37304286606470716,0.2756424205311598,0.6132397545447589,0.5185473820467211,1.560762465475444,3.896542649031804,5.752534141491865,hjorth_mobility,hjorth_complexity,1.9426885320320038,1.5054932459721129,1.0794867133714616,0.18236573405750944,0.12237821667743141,1.2208637955397188,0.0161761574183084,0.15288024922313243,1717,eeg_data_level_7.csv,13,AF7,270.01171875,280.0078125
0.016936499642002938,0.016936499642002938,0.014713269277094832,0.0192896460114626,0.023651468858656096,0.028633106273372694,0.028633106273372694,0.019688834287723587,0.055852163417961176,0.03277186330027757,0.08452889605626403,0.08452889605626401,0.06506093522748466,0.12451451533262996,0.09486845510936431,0.21142599923776736,0.21142599923776736,0.13686875654759095,0.1884767599691775,0.24007734948405296,0.31534768041072436,0.31534768041072425,0.2933613759484976,0.4043309445236204,0.3463919925876421,0.8019627035909455,0.8585667933669966,1.7519340524731255,2.97675309407517,3.3159743429975177,hjorth_mobility,hjorth_complexity,1.516767860182716,1.3647431621862407,0.9823575200779345,0.20190491984938547,0.09790257334194513,1.0881612090680102,0.030234105412771904,0.20900768799368333,1717,eeg_data_level_7.csv,13,AF8,270.01171875,280.0078125
0.13657715457974404,0.13657715457974404,0.09256591814993838,0.25575829672605715,0.16431503199078992,0.34883766618486695,0.34883766618486695,0.24141914835703251,0.6508793060009973,0.4076232437556079,0.5994061511378121,0.5994061511378121,0.6671997648089931,0.6145646617755807,0.5094212736807843,0.5176907011669946,0.5176907011669946,0.29569026067671794,0.7249845315142431,0.7059260123503588,0.5488626420477339,0.5488626420477337,0.21763362732827995,0.7329411246149204,0.6506972228409307,0.939778213777748,1.326411239790618,1.7918485978211685,1.3068912967557793,1.0591987928391235,hjorth_mobility,hjorth_complexity,1.434035067809113,1.1625477695663402,1.085639440847585,0.8353001926026995,0.33286874936261346,1.1677827609510354,0.17799002040692402,0.5071209194217416,1717,eeg_data_level_7.csv,13,TP9,270.01171875,280.0078125
0.15466546700841816,0.15466546700841813,0.10435455949656976,0.26900227622852324,0.1909503618265782,0.3555610433373087,0.3555610433373087,0.2684218663103992,0.6685863611264765,0.42281765190441684,0.39038779693691944,0.39038779693691944,0.5516918961450397,0.31312352803429866,0.3448337501404469,0.4001653921170208,0.4001653921170208,0.2651104474947262,0.5757630469752832,0.5249701413989794,0.5960814807112823,0.5960814807112821,0.3270221055721104,0.8509122432166231,0.6626665169518027,0.9914718504388214,1.3136024094450502,1.23461953781039,1.0241497758368387,1.1086963753069017,hjorth_mobility,hjorth_complexity,1.6669125574533281,1.2589303407940724,0.9891907765021746,0.8825198915997332,0.27902233402454363,1.0616206917736684,0.1864539691825053,0.5190384319880426,1717,eeg_data_level_7.csv,13,TP10,270.01171875,280.0078125
9.263980184125101,9.263980184125101,9.914010350095639,4.03493754118903,8.417499656918991,0.7563692833459094,0.7563692833459094,1.4814918658950895,0.603551791146104,0.38755060238804195,1.407591561879684,1.4075915618796835,1.0996977065260485,1.5080049122208468,1.6050671051441834,0.8967941471551598,0.8967941471551598,0.7138659530873558,0.4635511062407889,0.7950355672100226,0.6933810747187624,0.6933810747187623,0.7983108273466969,0.7920529737276745,0.6011507758986343,1.1472190058134752,0.12865649643151056,0.18170217792740123,0.08491400043431613,0.04888531587089572,hjorth_mobility,hjorth_complexity,1.7128752198831072,0.9647921744859889,1.628272714984222,2.3902937285394987,4.890233538430159,1.2474043128340604,7.5892550971281345,3.311412434272838,1717,eeg_data_level_8.csv,0,AF7,120.0078125,130.00390625
0.0363308672683952,0.0363308672683952,0.03170383250618654,0.050665246480175376,0.0375162607944934,0.056821880527438036,0.05682188052743805,0.060790706300466915,0.07520489786343722,0.052114141271067636,0.13083341531004938,0.13083341531004938,0.11374230689324592,0.22209212455017383,0.13666520456618028,0.3087032787692692,0.3087032787692691,0.23435334036763253,0.5083601444131771,0.3307924109590852,0.4388136616914648,0.43881366169146463,0.15639244735457172,0.4646270276548107,0.5322011870054458,0.8884325007486535,0.8909062008796242,1.5495563426409842,2.4843192831961596,2.6783125491510043,hjorth_mobility,hjorth_complexity,1.2869545480338194,1.2797784733779947,0.9524981471900216,0.4884796447969003,0.15909168168066085,1.008539657184985,0.05695529643914846,0.28686710988622155,1717,eeg_data_level_8.csv,0,AF8,120.0078125,130.00390625
0.16500355095125202,0.16500355095125202,0.12433622631014393,0.235035633401537,0.19777989411288363,0.45680017826774916,0.45680017826774916,0.3813000393627889,0.7036694740304422,0.4148917529054073,0.4350606750897247,0.4350606750897246,0.48181017394629555,0.4423960064564758,0.4153760427109118,0.5115304165975577,0.5115304165975577,0.33710994899817265,0.758996870053719,0.6008362411787537,0.6863231800403202,0.68632318004032,0.3124132947860473,0.715208389141235,0.662155047445258,0.9445427363275526,1.4111134064459412,1.2437971683781706,1.1236168625530554,1.1127154371215484,hjorth_mobility,hjorth_complexity,1.5259603926686718,1.0675320951286622,1.0012072397093303,0.8564676438772318,0.3377638780297107,1.008539657184985,0.27274471944594186,0.6277574496921806,1717,eeg_data_level_8.csv,0,TP9,120.0078125,130.00390625
0.1703758275266064,0.17037582752660638,0.13271486680033348,0.25327652960675534,0.20442652907228068,0.41843539328767954,0.41843539328767954,0.3643406747323879,0.5167990257426069,0.4068033191277725,0.3613403703959956,0.36134037039599554,0.3099605096426321,0.4524866190202013,0.38672870960459865,0.3072923009675014,0.3072923009675013,0.2995532504591675,0.4040990247989946,0.3383368358632317,0.6687766698139614,0.6687766698139612,0.30832266134907155,0.4779838288619366,0.7579788282929737,0.9854901929806708,1.3594464642250554,1.1184534102532455,0.7530215789059075,1.1341966454428691,hjorth_mobility,hjorth_complexity,1.633206605004823,1.1877254525208123,1.0349260507413571,0.8597241748425445,0.3377638780297107,1.0350801744793268,0.2589535633283252,0.6116805138021568,1717,eeg_data_level_8.csv,0,TP10,120.0078125,130.00390625
0.45976371288232715,0.45976371288232715,0.5056339801235433,0.24344475726987125,0.2929342177652639,0.17176366774967802,0.17176366774967802,0.25470340087737936,0.09632331735849067,0.11135125729838609,0.19567735470900305,0.19567735470900302,0.14352390556347938,0.2865911595728654,0.22307896140001163,0.33576918707635084,0.33576918707635084,0.24916254749222522,0.6082689624644106,0.34225119528661696,0.7099828785935869,0.7099828785935867,0.288049700837951,0.6697583468123409,0.8148265362731899,1.0557239615512122,0.41566511300714626,0.40197045194266984,0.47158563639936724,0.6864135984574605,hjorth_mobility,hjorth_complexity,1.0050502184645067,1.3007367521040283,0.8665930203832404,0.8548393783945756,0.8811231600775062,1.380106899305769,0.6346925794529868,0.957624856143466,1717,eeg_data_level_8.csv,1,AF7,130.0078125,140.00390625
0.13538633090704877,0.13538633090704877,0.16154998571608742,0.17627290815342223,0.10658236093425143,0.1476270226267095,0.1476270226267095,0.12826987694163497,0.19081991955532274,0.15178633988655757,0.2781168578838415,0.27811685788384144,0.2504733524758482,0.1921434478662844,0.32448287555909733,0.54307471623192,0.5430747162319202,0.305349590459996,1.160300215917856,0.6872864227422942,1.0847603144886633,1.084760314488663,0.5519697601738399,1.3180593610984352,1.2216301177343658,0.9864842124780401,0.8109418479614113,1.1671200295106208,1.621668656631873,2.2606057076972137,hjorth_mobility,hjorth_complexity,1.1889008681836237,1.3532402417678366,1.0008623140780928,0.5226732199326833,0.4136383723697182,0.92891810530196,0.168632166600898,0.49360995479811365,1717,eeg_data_level_8.csv,1,AF8,130.0078125,140.00390625
0.22473857780048767,0.22473857780048762,0.15697882084662096,0.45725899454418967,0.26647544010825847,0.40241284570553776,0.40241284570553776,0.4962459308816944,0.24415830960561086,0.2839965047868507,0.4706347203624905,0.47063472036249043,0.417343841073939,0.5494877340228075,0.4954720487306728,0.8904959755630177,0.8904959755630178,0.567665638694993,1.8075336744561445,1.0136929921314068,1.3823231416568968,1.3823231416568968,0.5381817306364886,1.7851438686394279,1.5515118610581113,1.0080068753835925,1.0397915739383645,1.1213022095265295,1.4982636967699918,1.7043327353968047,hjorth_mobility,hjorth_complexity,1.5504738126312205,1.2628769658665486,0.9722894205715511,0.8613524403252009,0.7195839140632967,1.114701726362352,0.2781501556894319,0.6339475874175057,1717,eeg_data_level_8.csv,1,TP9,130.0078125,140.00390625
0.2719535182817764,0.2719535182817764,0.23144914920026677,0.49652738485940023,0.27484436424999814,0.39172701155969564,0.3917270115596957,0.5157335000570835,0.37473120801624543,0.3063068897326602,0.34874059803943613,0.3487405980394361,0.3310141182264089,0.36173061767065434,0.35220729670757495,0.6942255815332059,0.6942255815332059,0.4415087929661331,0.664010887174007,0.8767347230842597,1.321332723485604,1.3213327234856038,0.7586515082536855,1.4036772150554975,1.4497965278676794,1.0557574959865639,0.9734982304442276,0.8140528485974498,1.123685906593953,1.5078802681997445,hjorth_mobility,hjorth_complexity,1.516767860182716,1.2930452531249115,0.8428117964565883,0.8255305997067615,0.8248291804058878,0.92891810530196,0.304337884446168,0.6631193614246518,1717,eeg_data_level_8.csv,1,TP10,130.0078125,140.00390625
5.094845713896695,5.094845713896695,3.7865319058989297,9.644553026819832,6.026653730792407,3.950519803566094,3.950519803566094,4.1017961108879115,4.02057679224511,3.5546229219331074,2.332085424240041,2.3320854242400406,2.189097941809272,1.902446760666066,2.2558149589381213,2.201448794776837,2.2014487947768373,1.6162606796833383,3.3584841267521783,2.604395024915795,1.4379095450316257,1.4379095450316253,0.9816848338182974,1.0612198066628613,1.4112576851645726,1.2192818685254032,0.7546015532281368,0.4222461308194835,0.3022510442488933,0.1506612404653324,hjorth_mobility,hjorth_complexity,1.195029223174261,0.8395866446354031,1.2967432494791158,1.2944710587117858,4.8877859740966105,1.85783621060392,4.150539260346232,2.448871307868814,1717,eeg_data_level_8.csv,2,AF7,140.0078125,150.00390625
0.28729805170734346,0.28729805170734346,0.2552094376471392,0.4959841004547927,0.3461546792494452,0.22133780520465907,0.22133780520465907,0.14057106111056028,0.38263770308102824,0.24816137903741178,0.4117573111562159,0.4117573111562158,0.3458994131336461,0.4574116997572263,0.415384623159749,0.8114574996905878,0.8114574996905878,0.5098947127296305,1.1628265082212694,0.9873692978329296,1.786930501670932,1.7869305016709314,0.7926504515005439,2.324786752263466,1.966710082328008,1.1034952780692953,0.6935666925986211,0.9535444571460897,1.3192827453117715,2.0072048302540044,hjorth_mobility,hjorth_complexity,1.1735799807070306,1.303661397608938,1.2715543560844416,0.7490021220219137,0.7856681510691097,1.3270258647170856,0.32527722786950775,0.685552201427358,1717,eeg_data_level_8.csv,2,AF8,140.0078125,150.00390625
0.5328204222978598,0.5328204222978598,0.3363432562346201,1.4062154211549522,0.5655322189810097,1.0888634430837862,1.0888634430837862,0.9719242043726525,1.0710929267642488,1.0730370426529954,0.9564718437073622,0.9564718437073619,1.1469996408757788,0.5606466225104592,1.0121663518732946,1.977630988459974,1.9776309884599745,1.2608717346601936,2.244367485394315,2.3452890589911406,3.162636946557971,3.1626369465579707,1.4772587244549538,3.3853222037760546,3.5460282621106276,1.0076855952226864,1.1852941961392012,0.9550302319729181,1.3999252242139064,1.6228943283883124,hjorth_mobility,hjorth_complexity,1.2164784656414913,1.2212728546506926,1.164431641799393,0.9492787763886429,1.0255294557568753,1.1412422436566936,0.6707249000092649,0.9844324351350706,1717,eeg_data_level_8.csv,2,TP9,140.0078125,150.00390625
0.6791742500216434,0.6791742500216433,0.5099891625914614,1.4333524721023567,0.6438696799402015,1.211255907974617,1.2112559079746175,1.0370554319681904,1.0840686905506514,1.342641792603221,0.843916162133689,0.843916162133689,0.9087401223473424,0.9680729254326689,0.7355691021216647,1.4211380404341138,1.4211380404341138,1.048617824468994,2.6647295225822214,1.8246568618317276,2.2226462343019286,2.222646234301928,0.9571121420043134,2.722475685367304,2.5347587042832824,1.0557806897252089,1.1527685642373555,0.7784556327603251,0.9413897016341239,1.0618746970533948,hjorth_mobility,hjorth_complexity,1.3574306304261472,1.1733381842530177,1.0657549443224774,1.0241789885908343,1.0720331780942993,0.9819991398906434,0.7773016855921788,1.0597623942197194,1717,eeg_data_level_8.csv,2,TP10,140.0078125,150.00390625
0.8142052470215665,0.8142052470215665,0.6178411877864564,0.9274058044247101,0.9952461222920214,1.661508290012578,1.6615082900125784,1.5460948716433125,1.5892069200002423,1.5328952557733222,1.1991853114910893,1.1991853114910893,1.1968544202521445,0.8683351166598733,1.461148652135404,2.0783586282976554,2.078358628297656,0.9172247373186717,2.520038435024265,3.032538063728302,1.5590701067174306,1.5590701067174302,1.4348612408460972,0.7965705123843746,0.9929329703427567,1.031103671208581,1.2471850522083137,0.8741845722161768,1.1002557202142809,0.6205606150558834,hjorth_mobility,hjorth_complexity,1.2226068206321286,1.0213071794859967,1.2477358429003584,1.9213532695344746,1.2433626814427032,1.3535663820114272,0.8470405228223917,1.1062818660115752,1717,eeg_data_level_8.csv,3,AF7,150.0078125,160.00390625
0.1256834309919012,0.1256834309919012,0.0859120826795601,0.1212393999027871,0.16538380016710877,0.22296322089212206,0.22296322089212206,0.32268886444862643,0.19728774459423062,0.11693046149000709,0.47581263733802803,0.475812637338028,0.4908811660543315,0.323548751835552,0.5282551679759421,0.7347014238925115,0.7347014238925115,1.1646021522546048,0.6780197257427295,0.8176493649664525,0.7196821024124463,0.7196821024124462,0.41761830425645874,1.0255408911521058,0.8217450847537107,0.9540862418910827,0.9710309288270237,1.6824084106900725,1.9170774054812594,1.505626615402975,hjorth_mobility,hjorth_complexity,1.127617318277251,1.1433970983051516,1.0235528272248868,0.496620972210182,0.6437094197232892,1.194323278245377,0.15242792695151824,0.4692950477348641,1717,eeg_data_level_8.csv,3,AF8,150.0078125,160.00390625
0.5237663147000848,0.5237663147000848,0.48055300086598945,0.7541678313452409,0.5951649603233837,1.4426826897624945,1.4426826897624947,1.3459253995254332,1.4931702207781783,1.430136723536581,1.4960827876293499,1.4960827876293497,1.7159925302190384,1.2585987926585087,1.1511306735462166,1.4031407844878871,1.4031407844878871,1.0553402833217103,1.3953425914339304,1.384721596204814,1.875744823309842,1.8757448233098413,1.1290180827181142,2.0564724402792907,2.0075071354986447,0.9322744681281597,1.3926142114126001,1.3045140925174143,0.9862286651343274,0.9852687988774622,hjorth_mobility,hjorth_complexity,1.2409918856040403,1.0125576154037321,1.109691011890612,0.968817962180519,0.6681850630587756,1.114701726362352,0.7540419455225739,1.0437859636556333,1717,eeg_data_level_8.csv,3,TP9,150.0078125,160.00390625
0.5648706737223148,0.5648706737223148,0.5037833676143527,0.6028025372118863,0.6639881844364129,1.3321454339007037,1.332145433900704,1.2171221593947001,1.2316690799791237,1.3529118121909682,1.400047793799964,1.400047793799964,1.6859455462938528,1.0322352662877077,0.9525847130962978,1.148490915747689,1.148490915747689,1.2055977247281773,1.3894123282522082,1.1178116886384932,1.664387536474768,1.6643875364747678,0.7419369804272613,2.6332755818718048,1.8009111112971568,0.9784716934300149,1.3140600757023333,1.239139219483785,0.8364603985088629,0.8923570444710643,hjorth_mobility,hjorth_complexity,1.155194915735119,1.0293271053465611,1.145954814742308,0.9313678560794232,0.6681850630587756,1.1677827609510354,0.7417413607854431,1.035237387414381,1717,eeg_data_level_8.csv,3,TP10,150.0078125,160.00390625
0.04193106110182014,0.04193106110182014,0.0484503670045679,0.038436221312566986,0.028755978482827967,0.034339691029578075,0.034339691029578075,0.023648460681291887,0.0484940339032578,0.0435519604557597,0.08607733324052735,0.08607733324052734,0.09579259736416401,0.08038661683862995,0.08458764660853393,0.3328280288415125,0.3328280288415125,0.404382299819579,0.48844468188737766,0.32909905181250604,0.9796191900391208,0.9796191900391205,3.357287773608484,0.780392161354778,0.7541556210046015,0.8578135341683087,0.5640817906210294,0.969445926432984,2.3138882671056797,4.248852831379712,hjorth_mobility,hjorth_complexity,1.483061907734211,1.4700497131957846,1.1694377246095116,0.5764059808603423,0.35734439269809976,1.3535663820114272,0.10107815587180112,0.38215747132362926,1717,eeg_data_level_8.csv,4,AF7,160.0078125,170.00390625
0.041098248815741936,0.04109824881574194,0.03533691957325009,0.07532589953136454,0.047319309366955636,0.053526061738082734,0.053526061738082734,0.03664259739031934,0.10149026345362104,0.06483158151522589,0.12400573135101717,0.12400573135101713,0.09243553205755144,0.19775562958583018,0.14463334303987335,0.2914632557077916,0.2914632557077916,0.19753446299560687,0.6767214617209032,0.3609756323610846,0.592509275572464,0.5925092755724639,0.282138957272362,0.3608433647599848,0.656783506563092,0.930979792494205,0.8176344580539365,1.378930775864012,2.2159671586016656,3.1693004299170595,hjorth_mobility,hjorth_complexity,1.3911365828746525,1.394380745100497,0.9167191046849291,0.2849464594648585,0.2325186116871197,0.9819991398906434,0.06322018283033748,0.3022327852631751,1717,eeg_data_level_8.csv,4,AF8,160.0078125,170.00390625
0.3225875140364753,0.3225875140364753,0.24943437469313307,0.29489883741495154,0.3993341695980688,0.9404075823038711,0.9404075823038711,0.6373342630558746,1.5309595307564392,1.091129872584254,0.9359453251977621,0.9359453251977619,0.9572920940461123,0.7514004507050069,0.992998250931312,1.037819526244433,1.0378195262444332,0.6100048235400478,2.172040285940476,1.0932112690533453,2.4710178554373985,2.4710178554373985,1.1146786667081336,2.221514294134908,2.8038614286158103,0.9054732544925082,1.430670730170063,1.2721276278901386,1.110872903331205,1.8086672145980776,hjorth_mobility,hjorth_complexity,1.5995006525563185,1.2901117094502783,1.080297754720587,0.8434415200159812,0.5188836387123092,1.114701726362352,0.3933931607219915,0.7539231905958437,1717,eeg_data_level_8.csv,4,TP9,160.0078125,170.00390625
0.3242112927263793,0.32421129272637933,0.2307842034275716,0.44274433667072866,0.39274897981878737,0.9133195814377163,0.9133195814377165,0.6343563445619771,1.4061960184853775,1.0213964839626726,1.0178941422830035,1.0178941422830037,0.8209165193165058,0.7878682406520533,1.2541719605690795,0.6648331239791566,0.6648331239791566,0.4827860273803126,0.854150384289347,0.7608058237793403,1.3563892624500382,1.3563892624500378,0.6029482457421204,1.142860075505963,1.615158228382381,0.9470942485371332,1.44875317518133,1.4205366849687475,0.7936747240573364,1.126600612998647,hjorth_mobility,hjorth_complexity,1.3758156953980594,1.203858114006359,1.1668740881611268,0.8206458032587925,0.5164360743787606,1.1412422436566936,0.37251687042741055,0.7336462003025666,1717,eeg_data_level_8.csv,4,TP10,160.0078125,170.00390625
0.012253897743763724,0.012253897743763726,0.016941279454133776,0.015644095985825616,0.00810025342402309,0.014768774599692594,0.0147687745996926,0.010220776411142557,0.029641179064047653,0.01639933644623978,0.04292513937432736,0.042925139374327355,0.024997264452526546,0.08987569336431234,0.049864964922921695,0.19374530078713773,0.19374530078713773,0.1486290887690647,0.3662616832475385,0.2217904694318478,0.48916261868059796,0.4891626186805978,0.8392064733340261,0.48401031828813895,0.4082550764055335,0.6873105554005832,0.5822306879182628,1.1636542243306107,3.126415608501073,5.246070162704673,hjorth_mobility,hjorth_complexity,1.740452817340975,1.516547910934422,1.0418991418809633,0.19702012340141645,0.2496515620219601,1.194323278245377,0.028159851764289222,0.20171067462093506,1717,eeg_data_level_8.csv,5,AF7,170.0078125,180.00390625
0.08678806764699198,0.08678806764699198,0.07759419261893066,0.09584193849015687,0.09677615304449207,0.11043336433855722,0.11043336433855722,0.10353739329631713,0.15157202354192975,0.10862636011896022,0.15240146665440757,0.15240146665440757,0.1340572609908391,0.2693801677277472,0.15744164831572602,0.3131583004468197,0.3131583004468197,0.22084383581799605,0.6051644410301735,0.36178003371808953,0.3775860805290888,0.37758608052908876,0.19165881347176872,0.5685465045531155,0.43808979945982784,1.012531667362407,0.9186136646827394,1.0544252882460858,1.494206157449987,1.3596061498574732,hjorth_mobility,hjorth_complexity,0.8549055211938943,1.1156624158752952,1.039680431063816,0.35984667166704987,0.2055954040180848,1.2739448301284022,0.10676702476544192,0.392764538717698,1717,eeg_data_level_8.csv,5,AF8,170.0078125,180.00390625
0.2710297871347773,0.2710297871347774,0.1976354093751367,0.49298231274143767,0.30684600843092197,1.0289457973430636,1.0289457973430636,0.7266861442424112,1.2542771066035674,1.2238806350727252,0.7715356827976378,0.7715356827976375,0.7623449048004085,0.9692145465840967,0.7580273341790182,0.7631459610124869,0.7631459610124869,1.101968031310136,1.0663605385664425,0.7088154857988176,0.8838088458942074,0.8838088458942074,0.35832718017315185,1.2093727239000103,0.9700675485882948,0.8874450860040939,1.6371695131226365,1.2221945493483435,0.9195873958522236,0.8243641399426502,hjorth_mobility,hjorth_complexity,1.3114679679963686,1.034421839373775,1.1990547173241228,0.8206458032587925,0.4234286297039127,1.114701726362352,0.408642824746862,0.7683969609829381,1717,eeg_data_level_8.csv,5,TP9,170.0078125,180.00390625
0.2978561545565094,0.2978561545565094,0.21536841423108774,0.4590332656428689,0.30892644671539754,0.951983225674021,0.951983225674021,0.6351417404394805,1.1952476609499436,1.2244015353466542,0.5596438147188295,0.5596438147188294,0.48083987491846,0.7822324728531176,0.5521497988804981,0.5871298361401087,0.5871298361401088,0.5527881115417685,0.9189920394153115,0.6095693219657938,0.8196576717945786,0.8196576717945784,0.3363260554202855,1.1019624990382897,0.9710158003397816,0.939224131929394,1.5528025529628886,0.9487608062157782,0.7519765065869022,0.7735162463031228,hjorth_mobility,hjorth_complexity,1.234863530613403,1.064653083470354,1.1467751784057911,0.7441173255739448,0.46258965904069077,1.101431467715181,0.4078078729620929,0.7676115532484014,1717,eeg_data_level_8.csv,5,TP10,170.0078125,180.00390625
0.014332544994971596,0.014332544994971596,0.010526271526971288,0.02406960747973681,0.016378925765647475,0.028849143939825118,0.028849143939825114,0.025059938216603225,0.05421143660627571,0.026498897655410504,0.04769658876133426,0.04769658876133425,0.03967999096434827,0.059847063682246224,0.0537906224471486,0.1535321672037322,0.1535321672037322,0.1042442752162703,0.17114706523392495,0.19371004028538155,0.39316959889855896,0.3931695988985589,0.6771172879207256,0.3850448895932366,0.3349576839976831,0.7971268747472403,0.9317175162101998,1.2217562662051296,2.536596533663952,4.271421540230574,hjorth_mobility,hjorth_complexity,1.5351529251546276,1.4600059107069114,1.1281585166333394,0.20027665436672912,0.15419655301356358,1.2739448301284022,0.025615603398871513,0.19238269088985666,1717,eeg_data_level_8.csv,6,AF7,180.0078125,190.00390625
0.06337325256393515,0.06337325256393515,0.07592971487587107,0.07796475892079255,0.056757189533474146,0.08267778699919268,0.08267778699919269,0.07008151357996713,0.1293702544109589,0.07922590093701355,0.16946902882817227,0.16946902882817227,0.12113028329149368,0.22706458974071508,0.1973221995327662,0.22933159174619458,0.22933159174619464,0.13303316390909822,0.49494642837609376,0.3013688647587642,0.29233719180959095,0.2923371918095909,0.11964949473040365,0.4299347284834025,0.3224072751123545,0.9808062264040966,0.9201613214498962,1.4432260158008479,1.4686994290128728,1.3947352293379636,hjorth_mobility,hjorth_complexity,1.0203711059410998,1.1574990607386477,0.8147982418115122,0.29634431784345283,0.3965054220348778,0.9023775880076182,0.08315961811424971,0.3466330295461204,1717,eeg_data_level_8.csv,6,AF8,180.0078125,190.00390625
0.10817550671766232,0.10817550671766232,0.11948591988321416,0.10382585048078115,0.10831788494451464,0.2741574617731305,0.2741574617731305,0.3722735851940701,0.3983462205754088,0.2693630481847732,0.5075972955051226,0.5075972955051226,0.4262130368872249,0.4828345325424106,0.5948566035960372,0.5233156261709788,0.5233156261709788,0.276635333018258,0.7284583892977594,0.6615173332265991,0.7788069235704778,0.7788069235704775,0.2645374023965339,0.7468835447951805,0.9013055325685752,0.8772862072930133,1.2199044800283723,1.8587305842647144,1.5470843859653638,1.6940627219073094,hjorth_mobility,hjorth_complexity,1.4953186177154854,1.2222712102258664,1.2053099902581814,0.993241944420364,0.3916102933677805,1.194323278245377,0.2576816356272068,0.6101764389123219,1717,eeg_data_level_8.csv,6,TP9,180.0078125,190.00390625
0.10893626210212544,0.10893626210212545,0.08685594980641624,0.15426422389269423,0.112643248302062,0.2902621269040383,0.2902621269040383,0.339233193145012,0.307670774854987,0.2776319477279015,0.42456372009795584,0.42456372009795573,0.38504604515110635,0.47256592805884184,0.435666668895387,0.5319190219987364,0.5319190219987365,0.5097234767474993,1.0568937395107167,0.600473654772353,0.7628742335599622,0.7628742335599621,0.2943467263575662,0.8523069645951231,0.8895929039696441,0.8896158094118387,1.2589305634812016,1.6170361162710805,1.5447233924604613,1.6539730121026233,hjorth_mobility,hjorth_complexity,1.4616126652669807,1.1995214978084352,0.9978512065405357,1.0144093956948963,0.5311214603800524,0.9819991398906434,0.2593834852159066,0.6121880677023495,1717,eeg_data_level_8.csv,6,TP10,180.0078125,190.00390625
0.2680723744458586,0.2680723744458586,0.23276144749495611,0.4202502297820864,0.31945283756544496,0.14117902997126297,0.14117902997126297,0.2543592286472049,0.06422278684947269,0.0844470909326144,0.08654717549273713,0.08654717549273713,0.08244844320437185,0.09098172683440456,0.0829835015134715,0.1768071583970921,0.1768071583970921,0.14102500899494694,0.37972308674036004,0.2195483643018364,0.41088439417306405,0.4108843941730639,0.17551207870470273,0.5663853896764675,0.4924692688349297,1.2003121116616067,0.5308752331308542,0.32178029434114663,0.4430642936955644,0.6958418933249166,hjorth_mobility,hjorth_complexity,1.234863530613403,1.2417544836707235,0.9719444949403139,0.8011066174669165,0.34021144236325934,0.8492965534189347,0.20711979631739574,0.547046828925315,1717,eeg_data_level_8.csv,7,AF7,190.0078125,200.00390625
0.10735722345113304,0.10735722345113305,0.08893137916234009,0.20476823373131617,0.10532508145438652,0.127310773008388,0.127310773008388,0.12763806718985232,0.09158019588038059,0.14318367816610164,0.17864292151246977,0.17864292151246974,0.1190918946273245,0.30251474498621106,0.19525224138354094,0.3092129279552671,0.3092129279552671,0.1982352003256572,0.6412949215655948,0.3908947045281731,0.5764410927998299,0.5764410927998298,0.3521378034963318,0.746668254417162,0.619180887323115,1.0613351990338236,0.8774366222805454,1.0365467299613205,1.2690587949839118,1.664228887151439,hjorth_mobility,hjorth_complexity,0.9529592010440902,1.1551738465677017,0.9039195670717213,0.46242739707439895,0.45035183737294765,0.9554586225963017,0.14333764624557815,0.45508637587906137,1717,eeg_data_level_8.csv,7,AF8,190.0078125,200.00390625
0.2799757311657573,0.27997573116575736,0.22363487615407462,0.41766939450692697,0.3168015163310695,0.4998617045370429,0.4998617045370429,0.5865253954292535,0.5546392787768075,0.4836110456920022,0.4897192034162924,0.4897192034162923,0.44059055239589306,0.5980302507069352,0.4668182738235969,1.1676536792900103,1.1676536792900103,0.5672047981842081,1.6977896395225875,1.3788830745519376,1.9571458007947444,1.9571458007947438,0.9026714258238251,1.8303847403318487,2.0155071108550473,1.003108066388285,1.0768919699686843,0.9679620406362388,1.577312879628296,1.893783508191718,hjorth_mobility,hjorth_complexity,1.3451739204448734,1.2055798854194317,1.1101944168659312,0.8678655022558261,0.6045483903865112,1.2208637955397188,0.4235508806714454,0.7822876863683684,1717,eeg_data_level_8.csv,7,TP9,190.0078125,200.00390625
0.3279793979606468,0.32797939796064685,0.2129920743859694,0.4226186108540448,0.40629572324726954,0.5549095352134257,0.5549095352134257,0.5585335568498995,0.49548516190875164,0.6330468900549832,0.3599505118421668,0.35995051184216675,0.23029998793247625,0.4927246618255415,0.422760149850604,0.4790882500942163,0.4790882500942163,0.2669376530106555,0.682775599625744,0.6080860941298457,1.162950800610505,1.1629508006105047,0.4876805959832571,1.5018618163049111,1.3651917834489715,1.076826329819552,1.1214066640718778,0.7400577299593498,0.7146519818405084,1.1717158543287591,hjorth_mobility,hjorth_complexity,1.3972649378652897,1.1881477051356157,1.0280834720027592,0.9134569357702036,0.67797532039297,1.114701726362352,0.41948691860527787,0.778525623185098,1717,eeg_data_level_8.csv,7,TP10,190.0078125,200.00390625
0.43229212782047155,0.43229212782047155,0.3136354146525082,0.4202055348808813,0.5960059709654241,0.45293812185909366,0.45293812185909366,0.4540748917150187,0.5286916721495623,0.517733726675856,1.633628916366269,1.6336289163662687,0.9895339100237258,3.520235022555336,1.8759964005189242,3.1128353079867144,3.112835307986715,2.4816773169333315,3.5514740527479245,3.616548459380985,1.4057777543485985,1.405777754348598,0.912945087134652,1.0048418993484978,1.060728012058965,1.004441745074377,0.7652056950971122,1.8712784934601234,2.5078684563312916,0.9734657529943294,hjorth_mobility,hjorth_complexity,1.3206605004823242,1.1153777296235123,1.0738094239275842,2.4326286310885634,1.6790291328143592,1.114701726362352,0.5379682374489799,0.8816414845901958,1717,eeg_data_level_8.csv,8,AF7,200.0078125,210.00390625
0.15704339842996048,0.15704339842996048,0.1210574976117531,0.09639527986080397,0.18945649343844545,0.15817066385753256,0.15817066385753256,0.1275321228456082,0.2635123716155454,0.16770198990928128,0.29645033460744397,0.2964503346074439,0.3288847312354406,0.520733502349556,0.2660189024091806,0.6557433674545702,0.6557433674545703,0.44586002302049327,1.2713335000558446,0.7448698274659193,1.265086590712878,1.2650865907128779,0.5235757848633948,1.3252770876161644,1.4485530810203224,1.031287374402258,0.7782969853574054,1.1075720639968367,1.6830643733670152,2.307422031803369,hjorth_mobility,hjorth_complexity,1.3359813879589175,1.3000621609967447,0.9893212889031829,0.5373276092765903,0.572730054050379,1.0616206917736684,0.16906049326185535,0.4942364432737265,1717,eeg_data_level_8.csv,8,AF8,200.0078125,210.00390625
0.5087806435971937,0.5087806435971937,0.3731893441632823,0.4851581330401336,0.5844918448255703,1.05945332894964,1.05945332894964,0.7326927875805281,1.6072137665833173,1.1672632243316978,1.2274927374090931,1.227492737409093,1.4923702624882211,0.7035568167772973,1.093727483595375,1.0798762711943748,1.0798762711943748,0.5504910980126925,1.9907401062518217,1.3767506223865593,1.9158449849231516,1.9158449849231514,0.6524443796338549,1.8107612728524847,2.259338096232942,1.0077686228584901,1.2692856680349536,1.236291243396224,0.9072889637859474,1.1372163889531304,hjorth_mobility,hjorth_complexity,1.3298530329682803,1.133624999082012,0.9708817511035289,0.8043631484322291,0.5898630043852194,0.8758370707132764,0.5883494292099211,0.9220009487625109,1717,eeg_data_level_8.csv,8,TP9,200.0078125,210.00390625
0.5717392364262608,0.5717392364262608,0.47519446709822966,0.6211733238565077,0.6489466756684971,1.1195340005299428,1.1195340005299432,0.8608971873205364,1.6847843329838028,1.2223715040478584,0.911265803993958,0.9112658039939581,1.2421802483533007,0.5150197161310877,0.7182897604274016,0.7687940180374994,0.7687940180374995,0.487240192133596,1.1707093974633083,0.9243410763498588,1.3812349918963889,1.3812349918963887,0.7775825329764698,1.6764994115672094,1.615873315104588,1.0471927952917992,1.263819732481897,0.9293631488125346,0.6480932932927276,0.8161533377544954,hjorth_mobility,hjorth_complexity,1.096975543324065,1.078452040652003,1.0868793086571673,0.8499545819466066,0.6437094197232892,0.9819991398906434,0.6051654282478194,0.9350842770342572,1717,eeg_data_level_8.csv,8,TP10,200.0078125,210.00390625
0.006307249802490217,0.006307249802490217,0.006016692518590753,0.013833850356135219,0.006547925531409468,0.015049325591126213,0.015049325591126213,0.012502404908170528,0.020675836387528485,0.016757815373044473,0.026811247358401295,0.02681124735840129,0.01931609351281331,0.031300133106345225,0.030021376147151207,0.11184204755673616,0.11184204755673617,0.05690990508217377,0.20472781166721576,0.14981091044602096,0.24969465711455305,0.249694657114553,0.15878164456145083,0.3561642052175351,0.291877847349702,0.6952838596661216,0.9105663078633223,1.262768067442103,3.2518761232603506,5.0755151840960275,hjorth_mobility,hjorth_complexity,1.8814049821256313,1.498981472704725,1.1514363355846722,0.16445481374828977,0.07342693000645885,1.2739448301284022,0.014186536836534635,0.14316995707969185,1717,eeg_data_level_8.csv,9,AF7,210.0078125,220.00390625
0.049225356589774165,0.049225356589774165,0.040688404418030656,0.07965584541099459,0.05778952729195076,0.09850446295737,0.09850446295737,0.07643265971897041,0.12440741009121041,0.10855430389807817,0.18011424350388802,0.180114243503888,0.1651193236326965,0.2144204448625349,0.1984442504745773,0.29332392239158134,0.29332392239158134,0.15604139339183715,0.28232781589916495,0.3678125081388075,0.3969288215270166,0.3969288215270165,0.26591259385405924,0.5955856154606017,0.41635065246393566,0.9226214459890467,1.0961478322281368,1.5770424803833787,1.8970225043626088,1.9128224243123626,hjorth_mobility,hjorth_complexity,1.1766441582023492,1.185967833344196,0.7486284545001141,0.2800616630168895,0.2986028486929327,0.8492965534189347,0.06231602147592718,0.3000637682328917,1717,eeg_data_level_8.csv,9,AF8,210.0078125,220.00390625
0.31864975539709706,0.31864975539709706,0.22144859389215346,0.32271737170360043,0.4147332362101313,0.7853322613367022,0.7853322613367022,0.7694250279434041,1.0995548566951452,0.7967911340110015,1.0300613802268344,1.0300613802268341,0.876093013097403,1.0900653044085538,1.076612218393705,0.8596543548108858,0.8596543548108861,0.9174825849027415,0.868759590172629,0.7596074913055876,1.01071588548094,1.0107158854809397,0.5704500253649979,1.540672547582862,1.1019839543691756,0.9603149218586916,1.326345764972479,1.5117545504290062,1.0077165061105275,0.9099069140037758,hjorth_mobility,hjorth_complexity,1.299211258015094,1.1325290601924893,1.2720670833741186,0.9134569357702036,0.38916272903423194,1.2474043128340604,0.3692973728185784,0.7304690318074195,1717,eeg_data_level_8.csv,9,TP9,210.0078125,220.00390625
0.2739864216608987,0.27398642166089865,0.18811401797983712,0.1908328936519947,0.38849215112195673,0.7143337425752626,0.7143337425752624,0.648428680133325,0.9017090925089768,0.7405901924520825,0.9071618877997933,0.9071618877997931,0.9301914917656507,0.7836024977682892,0.9098533461408016,0.5682803019417747,0.5682803019417748,0.5448536752842651,0.6653158287351469,0.5975168560390496,0.7305195477858107,0.7305195477858106,0.29061859419051994,1.1425874303771264,0.8902914820278355,0.9528811763676425,1.3875741874262313,1.5219704845062043,0.8175345871031852,0.7873921252826133,hjorth_mobility,hjorth_complexity,1.4309708903137943,1.1205694530667745,1.1196006320529135,0.9150852012528599,0.3548968283645511,1.0881612090680102,0.3153094017819117,0.674966409224343,1717,eeg_data_level_8.csv,9,TP10,210.0078125,220.00390625
0.01814638196826197,0.01814638196826197,0.015773045988902903,0.018826056069003432,0.02164746241806049,0.02745317049541972,0.02745317049541972,0.020373948194793212,0.04950237658292204,0.03065398948378146,0.0534289073812157,0.053428907381215696,0.0641037669937143,0.05793753048254377,0.05114316422746422,0.09301017208406484,0.09301017208406485,0.04994552017184142,0.19917761953030386,0.12518703245255422,0.1752673759330042,0.17526737593300418,0.08567319087276012,0.2439367756496091,0.19521067674619752,0.9422746561985009,0.9639930262288439,1.396310029732345,1.7988804672992171,2.4067907919594274,hjorth_mobility,hjorth_complexity,1.354366452930829,1.326333971387074,1.0841665151790583,0.2279571675718868,0.13951116701227181,1.2208637955397188,0.02307513806246001,0.18259372721929307,1717,eeg_data_level_8.csv,10,AF7,220.0078125,230.00390625
0.02043809712210828,0.02043809712210828,0.016784385170179106,0.039759943572097736,0.020730288308383384,0.052010569078804546,0.052010569078804546,0.04296546954780738,0.07635475049959711,0.0554074286660872,0.11441523727808256,0.11441523727808255,0.07598958960163936,0.19707407255207324,0.12946851121168113,0.19905463969455567,0.19905463969455567,0.15769445955437766,0.42033112059643696,0.22495885905204915,0.2993150585202695,0.29931505852026946,0.14250584649335038,0.2904703624677244,0.34914447781573915,0.81451745541677,1.1319339138739886,1.9105429226799262,2.4011524093420973,2.692394914329291,hjorth_mobility,hjorth_complexity,1.2593769505759516,1.2312144896903772,0.9785260488768942,0.21655930919329247,0.12237821667743141,1.0616206917736684,0.043071889099318424,0.24946559573235388,1717,eeg_data_level_8.csv,10,AF8,220.0078125,230.00390625
0.12570343185961888,0.12570343185961888,0.09718182364573465,0.17435265988604906,0.14420518520568235,0.23796714655621368,0.23796714655621368,0.28153007213525344,0.35551940709391683,0.22650306031943238,0.36884172598486714,0.36884172598486714,0.2875508070575719,0.25303357101237606,0.4990336985756814,0.49479259422627825,0.49479259422627814,0.2946817729993418,0.7014418298890581,0.6129254106164292,0.6433631396982294,0.6433631396982293,0.2540409695438998,1.067919423591916,0.7260842868717734,0.9890409900829514,1.112319628437013,1.4314779626703429,1.4735757093300725,1.4282634462836243,hjorth_mobility,hjorth_complexity,1.5596663451171764,1.1780187297596836,0.9598161639608649,0.9525353073539555,0.49685555971037154,1.008539657184985,0.24960524829675407,0.600538086861561,1717,eeg_data_level_8.csv,10,TP9,220.0078125,230.00390625
0.18475172889560462,0.18475172889560462,0.12262528412788827,0.4318499973959659,0.19779895270846484,0.3125041988531852,0.3125041988531852,0.34909975119956815,0.24931954313012789,0.3620641309809308,0.31707771551794567,0.31707771551794567,0.29060340433856,0.3014004556189749,0.3652837066841017,0.4443961387876015,0.4443961387876015,0.29455929563338085,0.7267447361374222,0.4964566535571358,0.6562841749539515,0.6562841749539514,0.1962875080760797,1.2060398509725792,0.7925917399675093,1.0589590937304072,1.084339697607476,1.0121728062020467,1.0483920445656916,1.1323809094932182,hjorth_mobility,hjorth_complexity,1.5657947001078136,1.1863647467320273,1.034254844107598,1.0209224576255216,0.6730801917258729,1.0616206917736684,0.32491107005279557,0.6851662368444192,1717,eeg_data_level_8.csv,10,TP10,220.0078125,230.00390625
1.159243506603433,1.1592435066034332,0.7752332784304451,2.4460896243820045,1.2814281960786391,1.9735284826878436,1.9735284826878436,2.1895912791842704,1.7837223370402602,1.6764673490115283,2.6108652048261565,2.6108652048261565,1.5944664904330845,5.787355032917299,2.9912258228995117,11.100204578490377,11.100204578490379,10.800397615096635,1.0205667355865644,4.752487689812854,1.296905852057411,1.2969058520574108,0.873469803773165,0.8697332923164156,1.3073927849089524,0.9881838588167351,0.989031000555482,1.1750453425279546,2.7040112604344593,0.36481167877380877,hjorth_mobility,hjorth_complexity,0.8487771662032573,0.7645636441748217,0.9962477684710006,3.0937044170470354,3.786382023999728,0.9819991398906434,1.5649787924701986,1.5037232963267053,1717,eeg_data_level_8.csv,11,AF7,230.0078125,240.00390625
0.24786050746076463,0.2478605074607646,0.1760485662058897,0.6334767765230218,0.25374411258735363,0.41004173651959663,0.41004173651959663,0.4995341335227871,0.6044032311706558,0.3363843846557308,0.9744183363367153,0.9744183363367149,0.7387779210833066,1.1407910628443036,1.1690302028578536,1.7433074575291678,1.7433074575291678,1.877251356429856,1.339318619263613,1.2093013159631,1.0363888094986138,1.0363888094986136,0.5622270624269791,0.9795162532435094,1.0447741752077704,0.9725557753669187,0.9700360325552818,1.761514405297896,2.159937690828281,1.1377137226456668,hjorth_mobility,hjorth_complexity,0.9253816035862227,1.0221166439120162,1.0911023170612337,0.8336719271200432,0.5898630043852194,1.1412422436566936,0.2965632145064432,0.6545944818668877,1717,eeg_data_level_8.csv,11,AF8,230.0078125,240.00390625
0.672171372996749,0.672171372996749,0.4772756615617635,1.588956539093682,0.7393908829193708,0.8106102291816872,0.8106102291816872,0.8241629098001386,0.6889234535066212,0.7628052252303144,1.0145584274946104,1.0145584274946104,0.8366588107972487,1.1598634276665793,1.2263204665713145,2.5827175024786384,2.582717502478639,2.285091223901508,1.8733744523488203,2.726787856773252,3.605387541500099,3.605387541500098,1.3505262486603298,4.873340296945498,4.206960271157655,1.0827626036101783,0.8702512933905515,0.9435519212063712,1.567377166676275,1.6661200481247533,hjorth_mobility,hjorth_complexity,1.244056063099359,1.2102371058012737,1.007098942383436,0.998126740868333,0.8052486657374988,1.114701726362352,0.6634381311692376,0.9790703850956114,1717,eeg_data_level_8.csv,11,TP9,230.0078125,240.00390625
0.743046301333321,0.743046301333321,0.49327381285842303,1.9062058999208271,0.7559255409970816,0.8988359833736361,0.8988359833736361,1.1391090218475113,0.7163839657056901,0.6276701159379878,1.148681478970585,1.1486814789705848,0.825172488282401,1.5282543753424662,1.4691371954221284,1.8067455909877939,1.8067455909877939,1.9630841087166393,1.8984994545251617,1.7715021258866948,1.9876181121895005,1.9876181121895002,1.1424416130424366,1.8806265624272676,1.9610321390181136,1.1135479579674383,0.8793445237409365,1.0044017460344214,1.1059694090160903,0.9380574213422674,hjorth_mobility,hjorth_complexity,1.179708335697668,1.1512244534346388,0.9180894848955201,1.1967751297524056,0.8199340517387905,0.8758370707132764,0.6440279978929974,0.9646417928217931,1717,eeg_data_level_8.csv,11,TP10,230.0078125,240.00390625
0.032269081776937665,0.032269081776937665,0.030801236774489472,0.024348978628155726,0.04007542599356346,0.038487207429699875,0.038487207429699875,0.021295201546690134,0.09438717598798903,0.044634058514284085,0.0779081903774039,0.07790819037740389,0.06675620030120433,0.1444695649462974,0.08422441302674119,0.12159115371074457,0.12159115371074457,0.09290807008559653,0.23167355784219854,0.13185782272806018,0.22026400881269,0.22026400881268998,0.10976972246587356,0.1897521440432151,0.23599804456705528,0.9725267299845889,0.8728842410314693,1.3188051461278902,1.4821924655124967,1.9251463504713076,hjorth_mobility,hjorth_complexity,1.3635589854167849,1.233623508913673,1.2473629503260477,0.4705687244876806,0.2986028486929327,1.3004853474227438,0.05676354525135572,0.28638380553474285,1717,eeg_data_level_8.csv,12,AF7,240.0078125,250.00390625
0.05992674945549118,0.05992674945549119,0.06146104448680089,0.04802936550169912,0.07379109010597647,0.06471580469060322,0.06471580469060322,0.0635132751282594,0.07037453636747465,0.0737323089338145,0.12265780591472804,0.12265780591472802,0.10002328566652614,0.19182260798770265,0.1324347751228145,0.24887032091055977,0.24887032091055977,0.16720900773293862,0.45722771315233357,0.26449655725499416,0.3576770809082255,0.3576770809082254,0.13130218411974437,0.3851039599277305,0.4074677070561616,0.9836914478263323,0.8150289253074688,1.1979611258307932,1.6848479289692146,1.8005932663968944,hjorth_mobility,hjorth_complexity,1.0081143959598253,1.2417230729949922,0.9516684612121805,0.24912461884641915,0.2618893836897032,1.114701726362352,0.06684478436404159,0.3107759931722985,1717,eeg_data_level_8.csv,12,AF8,240.0078125,250.00390625
0.3334474614848566,0.3334474614848566,0.21940044877949746,0.4942397801955457,0.41893562719819943,0.8477357019399316,0.8477357019399316,0.8166316740071009,0.9458793870481186,0.8055151809837933,0.8571349764949454,0.8571349764949453,0.8406268807835425,0.6829783257969371,0.835081842002292,0.8189944413863818,0.8189944413863818,0.6682480279721543,1.131539379454059,0.9646481814455395,1.2048188192259757,1.2048188192259752,0.594222661914421,1.0123733513005293,1.3359843903234612,0.9756556811191658,1.3526647297512782,1.259073301246578,0.9613493813765628,1.0283906081748078,hjorth_mobility,hjorth_complexity,1.2716336605572265,1.0959193268590524,1.0036869753284952,0.8418132545333249,0.4797226093755312,0.9819991398906434,0.45560496816216156,0.8113494112076622,1717,eeg_data_level_8.csv,12,TP9,240.0078125,250.00390625
0.3673847770534991,0.36738477705349903,0.2580099449708514,0.6296412890692007,0.42942044580089933,0.825999685379982,0.825999685379982,0.6680011120887898,1.1813442410152921,0.8241593573644717,0.6724680111281262,0.6724680111281262,0.6574631563185651,0.9339867615912655,0.6639218348920969,0.4862605813029341,0.48626058130293415,0.3152532525163069,0.6361668948540881,0.5957071050916897,0.8669467181826382,0.8669467181826381,0.3320070392679474,1.2417761760565649,0.9761381225036289,1.0316397932698682,1.333442923193737,1.0388619520036573,0.6096906746409357,0.766803660716894,hjorth_mobility,hjorth_complexity,1.115360608295977,1.1014202067727392,1.134376500309967,0.7929652900536348,0.5702824897168304,1.1412422436566936,0.44022389706181264,0.7975363873812547,1717,eeg_data_level_8.csv,12,TP10,240.0078125,250.00390625
0.00787306092881689,0.007873060928816891,0.007262423257816537,0.008909969267096548,0.009827415380493084,0.010629251590492654,0.010629251590492654,0.00798072577987835,0.014187468203161677,0.01403734729450548,0.028452589891517815,0.02845258989151781,0.017870021729430308,0.036381080522697326,0.03722497562560228,0.1141318137908561,0.11413181379085612,0.08723397300062592,0.20830847405579325,0.13665628696262247,0.17276645306594682,0.17276645306594682,0.07177443663475544,0.15327572321041386,0.20147637875991792,0.8134819117224574,0.7282173297004537,1.380274512148491,3.408139899580364,3.8816338782817668,hjorth_mobility,hjorth_complexity,1.5198320376780345,1.4272897019047326,0.9796633712285412,0.17748093760954045,0.056293979671618456,1.0881612090680102,0.014596046613184624,0.14522163450629766,1717,eeg_data_level_8.csv,13,AF7,250.0078125,260.00390625
0.02774286379452011,0.02774286379452011,0.01996140466509253,0.038040594069453475,0.03539308060055729,0.06530965221212007,0.06530965221212007,0.062291131419730694,0.056885244313090166,0.06589975516329209,0.08531675208608068,0.08531675208608067,0.06682932324265851,0.16261852945296532,0.09227492441134562,0.23711725099826098,0.237117250998261,0.16431758350707595,0.42534693862556827,0.29128472886434564,0.292056296155643,0.2920562961556429,0.1787768902388215,0.2874139845411291,0.3453586422438022,0.8798161415042743,1.134362248142373,1.3158239470054012,2.3983245571809393,2.2682100470690383,hjorth_mobility,hjorth_complexity,1.2317993531180844,1.2361134897738844,0.7930958939866412,0.18236573405750944,0.21293809701873068,0.9023775880076182,0.04052146736709057,0.24196707889258975,1717,eeg_data_level_8.csv,13,AF8,250.0078125,260.00390625
0.22266002207858518,0.22266002207858518,0.14839139063818768,0.2931866886448234,0.2529904038359899,0.5162371177453553,0.5162371177453553,0.4149518384334694,0.8251600277392623,0.5290616414819409,0.5493271871477462,0.5493271871477461,0.4360551759025084,0.6116833987906133,0.6364714136419711,0.5853698892174952,0.5853698892174952,0.5047890477688789,0.7097089175574187,0.5406591828703299,0.6906460874363202,0.69064608743632,0.41242020664183876,1.0187535886251946,0.73697490188117,0.9957985271436307,1.322928174204076,1.2641231375634658,1.0296892221412053,0.9260852777046057,hjorth_mobility,hjorth_complexity,1.3513022754355104,1.0994073383061942,1.1758607992020098,0.8092479448801981,0.342659006696808,1.1677827609510354,0.2740057802939846,0.6292070238524557,1717,eeg_data_level_8.csv,13,TP9,250.0078125,260.00390625
0.19178244324000318,0.19178244324000318,0.1326911849528876,0.15925741120181897,0.21879727015753095,0.42396831890686953,0.42396831890686953,0.31893049531650985,0.6154668252399066,0.4774002703881128,0.47938974703513815,0.47938974703513804,0.5105310052975947,0.46995707405131903,0.45469976572852516,0.47834600500699354,0.4783460050069937,0.3136554995914121,0.8284932279901036,0.5647464365034999,0.6393752155909921,0.639375215590992,0.2416851725247708,0.9143242746213861,0.7909489877484275,0.9935847847880188,1.2944843375361854,1.2715686048633472,1.0177867730409387,1.0034381587949937,hjorth_mobility,hjorth_complexity,1.4891902627248481,1.1611944853706908,1.0306004968793552,0.7294629362300378,0.28881259135873816,1.0881612090680102,0.2325277302292317,0.5796302945232532,1717,eeg_data_level_8.csv,13,TP10,250.0078125,260.00390625
0.018174057694237158,0.018174057694237158,0.015432197168865474,0.03181690925054772,0.018959119712588977,0.025243592517035913,0.025243592517035913,0.021092218132419287,0.041996766938003756,0.02588341946910353,0.04036716147412231,0.04036716147412231,0.03540527895862443,0.0470981456368319,0.04408240443168559,0.1084136553967683,0.10841365539676831,0.06824643150992289,0.21717008516567582,0.1237543014611614,0.1421280076022266,0.14212800760222655,0.0671685410813975,0.2409400842099421,0.15706372646357908,0.9879522406940663,0.9130117393612098,1.1612916692830897,2.0878943810988257,2.065115613082027,hjorth_mobility,hjorth_complexity,1.4248425353231577,1.288135051386926,1.0746670768484985,0.2230723711239178,0.10769283067613965,1.2208637955397188,0.022355221251290892,0.17972280408657965,1717,eeg_data_level_8.csv,14,AF7,260.0078125,270.00390625
0.03010607259504522,0.030106072595045223,0.019201563556525317,0.07452560820907553,0.03524835374173423,0.053215606038610246,0.053215606038610246,0.05876596446001289,0.046066932563153445,0.048293523525222266,0.11577781869594983,0.1157778186959498,0.08034145339672683,0.19615475372665292,0.12206126848081261,0.1980157392027138,0.19801573920271381,0.12300094782004979,0.24248766672700117,0.2405085316353592,0.27738026478723404,0.277380264787234,0.09852220135085069,0.2615688246571432,0.31607485111855366,0.9425768368977675,0.9836228678044685,1.6704568121878811,2.056258262522378,2.1615077329351413,hjorth_mobility,hjorth_complexity,1.1214889632866138,1.239790791836741,0.9310568241671676,0.2279571675718868,0.16153924601420946,1.0350801744793268,0.04212228414417799,0.24670028797042562,1717,eeg_data_level_8.csv,14,AF8,260.0078125,270.00390625
0.19755811638080512,0.19755811638080512,0.13894189834333517,0.4965659106855398,0.2112889360879735,0.304652484992138,0.304652484992138,0.3276541964564559,0.2819428227978969,0.3270535382290305,0.4347892320296497,0.43478923202964964,0.42027757492072176,0.47864634130917,0.39076859062124564,0.7097876568303613,0.7097876568303614,0.4800030060732554,0.9864964979200083,0.8427029726066554,0.942177245459317,0.9421772454593169,0.4944779107086795,1.178370637377595,1.0242687911353365,1.0408527966162546,1.0031846715309323,1.2035925135872145,1.43018510662899,1.4149091736892607,hjorth_mobility,hjorth_complexity,1.3911365828746525,1.151245805841641,0.9507828413481931,0.8646089712905135,0.43321888703810724,1.0881612090680102,0.23520839440733432,0.5829618146350826,1717,eeg_data_level_8.csv,14,TP9,260.0078125,270.00390625
0.25080310319214755,0.25080310319214755,0.1648841667459931,0.33260500861441394,0.3001891845869848,0.4267732225195301,0.4267732225195301,0.47593386982352937,0.4225317447040455,0.35460613548867026,0.39547205455138407,0.395472054551384,0.37663322844068375,0.17661689041703071,0.39221108059935544,0.4770492389830481,0.4770492389830482,0.24701567161063384,0.5686656755081234,0.6067732011372898,0.8317862581328697,0.8317862581328695,0.36581557475027704,0.8074139267018291,0.9512828433207925,1.0691509550974576,1.1084910434143742,0.9620090411297072,0.8846759703693455,1.0936344402477254,hjorth_mobility,hjorth_complexity,1.4309708903137943,1.1934172052745047,0.9578398333170196,0.9818440860417696,0.7122412210626509,0.9554586225963017,0.2917310578167515,0.6492396472410438,1717,eeg_data_level_8.csv,14,TP10,260.0078125,270.00390625
0.19568420066013226,0.19568420066013223,0.23749659962356012,0.22442850284397767,0.09624512035633245,0.19217373232958918,0.19217373232958918,0.1677160169795993,0.38566581475466416,0.1942928107474165,0.4309991828713976,0.43099918287139755,0.31365816905582855,0.7384126553672724,0.5017954278849868,0.5305274273793815,0.5305274273793814,0.6618808969010591,0.574089658624896,0.4358699716267777,0.4496000627095716,0.44960006270957154,0.20785949088427,0.3793734408106513,0.4717113189594429,0.9664325900317371,0.7938050752019294,1.3110695366272833,1.1710984679259342,0.8001261337102513,hjorth_mobility,hjorth_complexity,1.035691993417693,1.15444357678075,1.0008157025063045,0.5584950605511226,0.9447598327497706,0.915647846654789,0.20929107728457635,0.5499067574052703,1717,eeg_data_level_8.csv,15,AF7,270.0078125,280.00390625
0.22857608125958975,0.22857608125958975,0.20049034720044434,0.23346350573970454,0.2878513195792301,0.29476244007632196,0.2947624400763219,0.2601824904215294,0.5094583372401599,0.2559694140666717,0.3905504754360646,0.39055047543606447,0.28654286421188124,0.3972972842828728,0.4867430881705896,0.5825501987799552,0.5825501987799553,0.5170424929157037,0.7750982838711631,0.5442905836718773,0.6685358509958003,0.6685358509958002,0.35013616114866536,0.9936774613512916,0.7577558833727669,1.0449278239832962,0.9713324111578938,1.0770283609051867,1.155642206099601,1.0122640217995489,hjorth_mobility,hjorth_complexity,0.8487771662032573,1.1192638797427,1.1398114095805427,0.6008299631001873,0.9007036747458953,1.3004853474227438,0.21587764788646702,0.5584927483755162,1717,eeg_data_level_8.csv,15,AF8,270.0078125,280.00390625
0.6011020239410205,0.6011020239410204,0.4639538522219955,1.2404773247882226,0.6372146458214443,0.8651134410921235,0.8651134410921235,0.9655583170640879,0.8952833025573252,0.678779712802739,0.8715228919366886,0.8715228919366885,0.5903952251986141,1.2458701911259142,1.0810082082741872,1.3763096948290303,1.3763096948290303,1.4401018086878155,2.084869683210023,1.4509799399296253,2.612376324071445,2.612376324071445,1.070404043742397,3.8080107951214224,3.038110115820903,1.0706570656228578,0.9937489792140742,0.9186139814774418,1.0218971757838369,1.382922593834161,hjorth_mobility,hjorth_complexity,1.354366452930829,1.24457540481555,1.1503642694335297,1.051859501795992,0.8909134174117007,1.1677827609510354,0.5732881129416465,0.9101231643855757,1717,eeg_data_level_8.csv,15,TP9,270.0078125,280.00390625
0.7925538982250082,0.7925538982250082,0.6418317889407547,1.4752991731749243,0.8638094618886177,0.9638863400724822,0.9638863400724822,1.0572817795314753,0.6124828321870741,0.7501777084066618,0.7211448649129869,0.7211448649129871,0.4695772242625457,1.2271287165722733,0.8623870104289463,0.9945909537996643,0.9945909537996643,0.8899531774859665,1.7257671661250207,1.0598798520128012,1.7454628185892282,1.745462818589228,0.7949777042111152,1.5347312128576138,1.8971187330883519,1.1331180261038394,0.9322071199379235,0.6838411349843043,0.6686068417679367,0.8321625528321606,hjorth_mobility,hjorth_complexity,1.2501844180899961,1.1634527090188653,1.0235248602818137,1.1479271652727157,1.16014549410205,1.0350801744793268,0.6824306627822013,0.9929856349808821,1717,eeg_data_level_8.csv,15,TP10,270.0078125,280.00390625
0.7089923598875317,0.7089923598875318,0.6452208803134435,0.9333769366337584,0.6231535900533353,0.9928255242062788,0.9928255242062788,0.6425765332381721,1.7039014773842536,1.2123266754972721,1.371556486828325,1.3715564868283248,1.5989757505337987,0.5813885189282322,1.2015957114352185,0.6277440198300995,0.6277440198300994,0.4609846121727444,0.4010036798712501,0.660529353468659,0.5486888570244114,0.5486888570244113,0.25155886405249145,0.6004939580201472,0.5744296147497112,1.0845079870728571,1.073651114567014,1.1768053002562384,0.47852817677964593,0.3213092162116549,hjorth_mobility,hjorth_complexity,0.9131248936049481,0.9586005794819892,1.1015153421988544,1.7308462080636835,0.6021008260529626,1.114701726362352,0.5997139966325242,0.9308630511980216,1717,eeg_data_level_8.csv,16,AF7,280.0078125,290.00390625
0.33722053126276225,0.3372205312627624,0.3055282724633199,0.16873682593731829,0.36866070651169547,0.19025901584468888,0.19025901584468893,0.13938076449884382,0.28880041038534726,0.22019442986086846,0.4764391587463816,0.47643915874638154,0.4137814004880887,0.610277285431186,0.5460363442664796,0.6575239863687349,0.6575239863687349,0.38481604632408445,1.1204678469556315,0.7253404065819627,0.9294313712819036,0.9294313712819035,0.5368610361670534,0.6026067474164379,0.9197339299682261,1.113869716303448,0.5682710181395697,1.0034798897689794,1.0212033175848945,1.039846528270538,hjorth_mobility,hjorth_complexity,0.769108551324973,1.0479127887526014,1.079393490227884,0.65293445854519,0.638814291056192,0.9819991398906434,0.3179698537008019,0.6778079732344344,1717,eeg_data_level_8.csv,16,AF8,280.0078125,290.00390625
0.848160141538337,0.848160141538337,0.6379686201433714,1.4179295011778852,0.9635386054657805,1.1056817993675916,1.1056817993675916,0.8382304751689423,2.4513114321841014,1.1497305604695023,1.8126655666930958,1.8126655666930953,1.812570244041529,1.6183187345681789,1.5081814781202945,1.341764617156679,1.341764617156679,0.7561217276579495,2.5406160417484203,1.6363328361815253,2.555566730468076,2.5555667304680756,1.1697239339664742,2.798972681120565,2.869386491399859,1.08208324962857,0.9902981464868005,1.252042106511957,0.7793101959291484,1.031897331001408,hjorth_mobility,hjorth_complexity,1.2501844180899961,1.1704766086740492,1.05953696064585,0.8369284580853559,0.895808546078798,1.008539657184985,0.7559616961223805,1.0451138307359085,1717,eeg_data_level_8.csv,16,TP9,280.0078125,290.00390625
0.8814165832827715,0.8814165832827715,0.6239045801646793,1.200717516872733,0.9941102708074693,0.9861442456971081,0.9861442456971081,0.6871288593898744,1.9662646957072,1.1132248190255087,1.3942390223648915,1.3942390223648915,1.4342869612571982,1.3537866870068727,1.2449429882740033,1.108190780048663,1.108190780048663,0.5138460885316012,1.7966898057059821,1.4284770848714186,2.3412427404876097,2.3412427404876093,0.8014071523688723,4.2220291624530155,2.8010082035889403,1.1215188643671365,0.9228984273871013,1.0300984186966897,0.6736166423296732,0.9782986632213077,hjorth_mobility,hjorth_complexity,1.2655053055665892,1.171582638303259,1.019861190739213,0.9199699977008289,0.9031512390794438,0.9819991398906434,0.7412508319509544,1.0348950189011628,1717,eeg_data_level_8.csv,16,TP10,280.0078125,290.00390625
7.539063062452187,7.539063062452187,8.469587908114466,9.051523745942509,3.8496439502503486,4.594974355535527,4.594974355535527,4.106385502382243,5.654953020436373,4.257303239620787,5.83689939860943,5.836899398609429,3.206338713232155,10.50355924766344,7.002534489369627,7.054044037149491,7.054044037149492,7.4925211801066975,3.3616299657619155,4.338548494716898,2.4433737740610177,2.4433737740610173,2.4813409517963074,1.642135968045432,2.0261936460718366,1.1051229057501302,0.6354889744776696,0.6691277646353313,0.5577593963525785,0.16671776159779575,hjorth_mobility,hjorth_complexity,0.7599160188390173,0.6786448172716014,0.9667706104717557,3.334687708480173,3.3237923649590373,1.0616206917736684,6.68288420810868,3.1073893138574173,1717,eeg_data_level_8.csv,17,AF7,290.0078125,300.00390625
1.1063492189013069,1.106349218901307,0.9665741599613681,2.3562363111829625,1.1512561054121684,1.4250930822872,1.4250930822872,1.6116684877158778,1.5170879427261355,0.9778270068798381,1.8283903626904627,1.8283903626904623,1.2799751146380376,2.4383244295975035,2.241546497182645,3.0679974259566962,3.0679974259566967,2.379126206105781,2.294911374979921,3.7068108538749014,3.1630263186468675,3.163026318646867,2.145861922624774,1.8674939728161035,2.807231664011856,1.085971172572666,0.9184473658208987,1.0434778918629242,1.2271285140743282,0.9639755770459778,hjorth_mobility,hjorth_complexity,0.7323384213811497,0.9773053634392997,1.028008893487897,1.3921669876711658,2.2566543155318355,1.207593536892548,1.4050753975961277,1.424831521595433,1717,eeg_data_level_8.csv,17,AF8,290.0078125,300.00390625
2.6233972973232,2.6233972973232005,2.7530031890645916,2.3545287222475237,2.95422315363061,1.2862364660151,1.2862364660151,1.2493967210505792,1.4754014842203687,1.012828019061074,2.751518456112384,2.7515184561123838,2.015784613793193,3.749044640536325,3.0834596750928664,3.037421710642637,3.0374217106426378,3.3941535345138423,2.4071557814097213,3.2143558481399244,5.2609046784839775,5.260904678483977,5.915042168947556,2.8160200345111703,4.55881087972896,1.139490309791221,0.5330865785733185,0.8507096674289456,0.6843612003603232,0.8321656326264277,hjorth_mobility,hjorth_complexity,0.8886114736423991,0.9912014060988411,0.9309076671374436,2.1786192157941753,1.566441173471122,0.8492965534189347,2.2093882553743294,1.786692112810839,1717,eeg_data_level_8.csv,17,TP9,290.0078125,300.00390625
2.7696596808619396,2.7696596808619396,3.1515428247130597,2.0967697916931094,2.943120703254711,1.252020680163415,1.252020680163415,1.3301899737045708,1.2013922733045332,0.9903340002872401,2.1979230791786795,2.1979230791786795,1.610690780532467,1.9081149840020715,2.458541556400082,3.306537106433642,3.306537106433642,3.6047748326147637,2.70545200658853,3.606600167827942,4.798618532677662,4.798618532677661,3.9476264970625907,2.2615828953662467,4.654167364247542,1.1177505935319314,0.502474143163587,0.6782354392191441,0.7101925133094806,0.7490296311141842,hjorth_mobility,hjorth_complexity,0.9560233785394089,1.0311916671255963,0.8962100130978516,2.216069321895271,1.8454635074956658,0.5042698285924925,2.367663910263299,1.849582582026231,1717,eeg_data_level_8.csv,17,TP10,290.0078125,300.00390625
0.07284969804148853,0.07284969804148853,0.09012458527904768,0.0491265681976764,0.0418794529933877,0.07414498184575302,0.07414498184575302,0.1023660369527066,0.0824971626245312,0.0460094136203968,0.10350937537972768,0.10350937537972767,0.08748469551474274,0.14720460876405717,0.11353430339475264,0.3697764965027197,0.3697764965027197,0.3617503924166417,0.4185687483062312,0.3627437399986644,0.7522387785510961,0.752238778551096,1.4504181442347526,0.6424829101599417,0.6527939179107374,0.8899149178834582,0.7078064098488805,0.846213796083366,1.848746388809009,2.592864518630398,hjorth_mobility,hjorth_complexity,1.3053396130057313,1.4095876023403293,1.0963414577302961,0.4884796447969003,0.16153924601420946,1.1412422436566936,0.09002470422040827,0.36065715401680704,1717,eeg_data_level_9.csv,0,AF7,120.01171875,130.0078125
0.15468866214314075,0.15468866214314075,0.1738034044319004,0.14823566973313013,0.1583047578913485,0.1502467043154938,0.15024670431549375,0.0982350614971724,0.30623076772978236,0.15481268826305616,0.3191389560465055,0.31913895604650544,0.26395432731100477,0.3555314717727711,0.3924232902060318,0.5103479497919621,0.5103479497919622,0.49291591995976264,0.7288793565370347,0.5161835710366561,0.640017852893919,0.6400178528939189,0.2358660709525111,0.6212633323775422,0.7214690935946284,1.0416279433340503,0.8000901338101829,1.2537851333149908,1.4342362236401318,1.3632328335131936,hjorth_mobility,hjorth_complexity,0.5975146115871305,1.1242925321751098,1.713282899612658,0.6333952727533141,0.5384641533806982,1.5393500030718192,0.3685198379171813,0.7296996458351978,1717,eeg_data_level_9.csv,0,AF8,120.01171875,130.0078125
0.2107803073867448,0.2107803073867448,0.19803540552655657,0.19356231984889258,0.2133996747809255,0.3444895931396659,0.3444895931396659,0.36078150426983313,0.5689534221026791,0.3101031959488257,0.5133048301654931,0.513304830165493,0.41099728574415234,0.6796744473177553,0.5953176338825108,0.8072742472224009,0.8072742472224009,0.4975631675532963,1.2339525158180826,0.9750114048557206,1.5839974487482447,1.583997448748244,0.6581959510667569,1.826908350099721,1.8371037206291576,0.9727899956940511,1.0298847393081092,1.27600136482009,1.4607510558875716,2.016104095022716,hjorth_mobility,hjorth_complexity,1.155194915735119,1.360793116299631,1.2461696940882543,0.8076196793975419,0.6877655777271646,1.5393500030718192,0.43761672811421354,0.795171227422914,1717,eeg_data_level_9.csv,0,TP9,120.01171875,130.0078125
0.1904772589085433,0.19047725890854333,0.15282529331542194,0.3430029267247451,0.21239461146211522,0.34817878982698347,0.34817878982698347,0.35733865246434304,0.46451072875409677,0.3078219423563142,0.5155684127780642,0.5155684127780641,0.4383436529578265,0.4898613775502543,0.5117076459830961,0.6143386018387563,0.6143386018387563,0.33160193431788315,1.1477638763023594,0.8028502965776013,1.3844713429253857,1.3844713429253854,0.5454223722759445,2.0140190784668928,1.6238322623979164,0.9931942713542349,1.094897757588223,1.3554312580322152,1.2506952635171287,1.9410179646651438,hjorth_mobility,hjorth_complexity,1.3053396130057313,1.3831321980587035,1.0719636056847472,0.6757301753023788,0.6069959547200598,1.2872150887755731,0.3638643564975893,0.7250758780850176,1717,eeg_data_level_9.csv,0,TP10,120.01171875,130.0078125
0.01245744585348437,0.01245744585348437,0.012336667854886017,0.017664656561441335,0.010443513386704833,0.027961126817696805,0.027961126817696805,0.02280852829951688,0.04426205494022416,0.027819556200919398,0.05175189840581483,0.05175189840581483,0.03747011979148506,0.04384094130757947,0.07227431340830485,0.26964857581355306,0.26964857581355306,0.37035593557861385,0.348495816286273,0.22491133727543136,0.7700074561001654,0.7700074561001653,3.501773765914814,0.33412478886035124,0.4497582804111537,0.6074275205123973,0.7667884224106785,1.0743540887447114,3.108702787660044,5.310652491597127,hjorth_mobility,hjorth_complexity,1.8814049821256313,1.5351756242101176,1.150504104148896,0.26866380463829515,0.09300744467484788,1.2208637955397188,0.031381635604512306,0.2129371746348044,1717,eeg_data_level_9.csv,1,AF7,130.01171875,140.0078125
0.04816339362860488,0.04816339362860488,0.044833279587738355,0.05128649128009395,0.05480777933053086,0.076640817402389,0.076640817402389,0.04713519398002841,0.14466282378685053,0.0968141849622653,0.132838877772007,0.132838877772007,0.0802896015263129,0.14039471863121358,0.1658936630701059,0.2578912440834898,0.2578912440834898,0.18739470887122975,0.46484119275207064,0.31281596872338124,0.35511706434476825,0.3551170643447681,0.13191241418245533,0.3689975507336091,0.4113434669970483,0.9504301894497883,1.0080914459217922,1.3738839022536307,1.8609451420050578,1.9247532184935445,hjorth_mobility,hjorth_complexity,1.0877830108381095,1.1940332658138808,0.6606724185346254,0.2426115569157938,0.25209912635550874,0.7431344842415679,0.05822608638311999,0.29004975295637697,1717,eeg_data_level_9.csv,1,AF8,130.01171875,140.0078125
0.10944553224855544,0.10944553224855545,0.07997532418733835,0.2375703455237661,0.12673117397252978,0.337384503117079,0.337384503117079,0.2593411615089833,0.36281627236816194,0.4151123963116896,0.5441660843178137,0.5441660843178137,0.5449704576058809,0.30592087146445673,0.42411006568473125,0.4887416201606069,0.4887416201606069,0.2713388910675123,0.4258746743903127,0.6875438054942525,0.7242546707730223,0.7242546707730222,0.31369057790581845,1.0510713527924973,0.7942928648953669,0.8811517876608368,1.3941850047017759,1.8118316857680434,1.3805614591700726,1.4950992543360906,hjorth_mobility,hjorth_complexity,1.532088747659309,1.2115419331070485,1.1317848969185091,0.8222740687414488,0.4993031240439202,1.2208637955397188,0.16496423220317463,0.4882121627677976,1717,eeg_data_level_9.csv,1,TP9,130.01171875,140.0078125
0.10622549370659452,0.10622549370659452,0.07731305765559512,0.15403929690342424,0.1219304864756074,0.31793361552413274,0.31793361552413274,0.2447807324883586,0.40383487337662827,0.35889793363304173,0.44396577108870444,0.4439657710887045,0.6021767775310727,0.3858581463067371,0.32324571573429617,0.39744942295793495,0.3974494229579348,0.30792304488736794,0.6894452854628592,0.46615573947323435,0.7856634029974646,0.7856634029974644,0.2693513445580708,1.265209087737553,0.9147186510320069,0.8962109257943637,1.3963889141614323,1.615903740802956,1.2190266561384808,1.7045251099478043,hjorth_mobility,hjorth_complexity,1.5995006525563185,1.2930555142470763,1.1212040701224486,0.7359759981606632,0.4748274807084339,1.194323278245377,0.15228257561294814,0.4690712405429866,1717,eeg_data_level_9.csv,1,TP10,130.01171875,140.0078125
0.01173015703220017,0.01173015703220017,0.01116382753798699,0.015256800412466779,0.010638151361434542,0.01908914894182106,0.01908914894182106,0.017322296567177528,0.0395011363774174,0.019673008024520523,0.07047711342797443,0.07047711342797439,0.06023220141892522,0.08123007192310995,0.06868316424057601,0.30092198417704163,0.30092198417704163,0.5639865052736477,0.15073474528119282,0.20159974997094804,0.8733837297595848,0.8733837297595846,4.2768671417987925,0.3732340371786266,0.405731429943655,0.5777611505851056,0.5662045198593156,1.3517623499400935,3.186911969426557,5.624549538336214,hjorth_mobility,hjorth_complexity,2.022357146910288,1.5452632208369617,1.0958007634975457,0.28820299043017117,0.10524526634259102,1.1677827609510354,0.03356868584128568,0.2202322265624167,1717,eeg_data_level_9.csv,2,AF7,140.01171875,150.0078125
0.022760538111798394,0.022760538111798394,0.023403302006845917,0.023060524570294255,0.01958559312245646,0.060175904621800176,0.06017590462180016,0.04400030574092961,0.14311223148378488,0.05754607302237962,0.11211987084749128,0.11211987084749127,0.07747045937019269,0.1578691533507849,0.14201516442848955,0.2529208588938449,0.25292085889384486,0.15257662935797378,0.40223433712734924,0.33795914933784205,0.3571476530187342,0.3571476530187341,0.13961455878230994,0.3659586527152477,0.43505771609847366,0.7744437461741739,1.155691698047782,1.6884451945313057,2.6414913870651833,2.800958821680123,hjorth_mobility,hjorth_complexity,1.179708335697668,1.226168571570481,0.7536625042533059,0.2133027782279798,0.25454669068905733,0.822756036124593,0.04428499444505994,0.2529542595569439,1717,eeg_data_level_9.csv,2,AF8,140.01171875,150.0078125
0.14224402146737689,0.14224402146737689,0.10555690598264049,0.17068174717381435,0.17437712984892353,0.40189743951135914,0.40189743951135914,0.32482625546490557,0.4289517726750435,0.49873089137857285,0.6749024575796669,0.6749024575796668,0.7680284645621457,0.44980478915621475,0.6265967124088208,0.5431545009359244,0.5431545009359244,0.42372898456777347,0.8246730726464528,0.5994701426648192,0.7667778387905699,0.7667778387905698,0.311541014632104,1.215308486792046,0.8520423302063518,0.9069262008099107,1.3607725104080686,1.8179735142992923,1.2681363346241112,1.321296956187721,hjorth_mobility,hjorth_complexity,1.3911365828746525,1.1595354516713026,1.094421060972597,0.8320436616373869,0.41853350103681547,1.1412422436566936,0.1997971719054546,0.5372895180313005,1717,eeg_data_level_9.csv,2,TP9,140.01171875,150.0078125
0.14819983929430472,0.14819983929430477,0.0938121760255006,0.23852621237017793,0.18488451546256815,0.3957644276647693,0.39576442766476944,0.30688786309057464,0.48181580730612134,0.46508231530535665,0.4432062124809761,0.443206212480976,0.4172583468021258,0.35760851963115176,0.2854858501943068,0.3989367270525779,0.3989367270525778,0.2553271465421871,0.4906691393103831,0.4982952094589802,0.7618905034335018,0.7618905034335017,0.2718547467073605,1.0028913765916672,0.9150535273672388,0.9526698242508428,1.369958655311569,1.339639512902848,0.9940730081555329,1.3448004265512552,hjorth_mobility,hjorth_complexity,1.6883617999205585,1.2503864865264354,0.9380392376211318,0.7685413078137898,0.36468708569874564,0.9819991398906434,0.19458593359846346,0.5302362568915758,1717,eeg_data_level_9.csv,2,TP10,140.01171875,150.0078125
0.021388454789559894,0.021388454789559898,0.022272728883680013,0.03499946905985155,0.02325023215169028,0.03690659439016582,0.03690659439016581,0.04392032751045512,0.0572677986569438,0.03171475903246218,0.050437846914696806,0.0504378469146968,0.0470979988691251,0.06367939201645227,0.06414698578347444,0.14088210540762455,0.14088210540762458,0.07104263070724574,0.28946971995149123,0.17687422923264617,0.4476358690407658,0.44763586904076574,0.3853967319687683,0.7169582531102429,0.4531085725722897,0.8671543120436822,0.911855384564706,1.0439059575431864,1.9365863737172875,4.007266902466451,hjorth_mobility,hjorth_complexity,1.9947795494524203,1.5349767700310513,1.0314581498002695,0.24749635336376283,0.2080429683516334,1.114701726362352,0.03141812138602376,0.21306092411738053,1717,eeg_data_level_9.csv,3,AF7,150.01171875,160.0078125
0.07919840609517746,0.07919840609517746,0.08825925674074891,0.09166236101192311,0.07669749241803359,0.09759409063240633,0.09759409063240633,0.07612900313920007,0.1594959266993893,0.1019994376495214,0.15716197667724663,0.15716197667724663,0.16590161357438257,0.11302934475639813,0.16219222808724698,0.32319899920824186,0.3231989992082418,0.22276856367003298,0.7899642286654741,0.3833244373596743,0.6211755646366336,0.6211755646366333,0.38292486019265803,0.8012512116152021,0.6551922120193079,0.99250870670174,0.8869598007512409,1.0973504077732257,1.6124597587756626,2.18210539069244,hjorth_mobility,hjorth_complexity,1.1766441582023492,1.2789657939260763,0.7744792322141895,0.32890962749657954,0.42098106537036406,0.8625668120661056,0.10033356261674738,0.3807472860530184,1717,eeg_data_level_9.csv,3,AF8,150.01171875,160.0078125
0.09271295288049747,0.09271295288049747,0.06553179541421686,0.14924169384639213,0.11642825471985971,0.3129574038643123,0.3129574038643123,0.2955324150507249,0.4425140134834272,0.3244045656473089,0.43019673594510704,0.43019673594510704,0.3240301607594226,0.6682953180903576,0.48987681449334414,0.5057956173742952,0.5057956173742953,0.2991653106996652,0.7535227650849705,0.6319409542470088,0.7990581222867504,0.7990581222867503,0.3267022083072672,1.3711644590295982,0.9616228649175296,0.8455883953985663,1.4116064339093166,1.7108965259165152,1.5536457696537105,1.8017433673723273,hjorth_mobility,hjorth_complexity,1.5995006525563185,1.2135993596183197,1.1501778231463744,0.8271588651894178,0.4234286297039127,1.1677827609510354,0.20230831391780293,0.5406554248903264,1717,eeg_data_level_9.csv,3,TP9,150.01171875,160.0078125
0.08022353858839404,0.08022353858839404,0.06182777849721921,0.1030137972456964,0.10929689905744315,0.2436084251012525,0.2436084251012525,0.16838284094699865,0.3136737274210131,0.3185443806910787,0.39943255122042576,0.39943255122042565,0.4667697988377194,0.2919481418329881,0.3774105747034975,0.4794484839884164,0.4794484839884164,0.31200159291962276,0.7316485052336715,0.5858121918322564,1.0007285886722141,1.000728588672214,0.48992975426480373,1.3214922578010522,1.131369351352284,0.830893674823286,1.3221120647668114,1.722906114247499,1.6663610651369958,2.4379460012958987,hjorth_mobility,hjorth_complexity,1.715939397378426,1.3206195199525192,1.0141372897235468,0.8043631484322291,0.40140055070197506,1.0881612090680102,0.20019308847037265,0.5378215989927401,1717,eeg_data_level_9.csv,3,TP10,150.01171875,160.0078125
0.011925850193964515,0.011925850193964515,0.009407061357718214,0.02749742820119301,0.011732207128404651,0.02190307749826753,0.021903077498267535,0.0301371395808209,0.0273934547718394,0.02136254788045206,0.04439240170936258,0.044392401709362574,0.03446353008805908,0.02445789702586245,0.05419763401896791,0.13822674328733103,0.138226743287331,0.07851033945833279,0.27228725567196815,0.17444353311444108,0.2741918335205955,0.27419183352059545,0.17953164153758086,0.4355348168275755,0.2932161000424142,0.8234061606161638,0.8635956107281174,1.3666147588181692,2.812308750263136,3.945656249124357,hjorth_mobility,hjorth_complexity,1.6975543324065145,1.4312462300574702,1.1119283673364748,0.23609849498516847,0.11258795934323691,1.2208637955397188,0.020482099279731,0.17202871019297783,1717,eeg_data_level_9.csv,4,AF7,160.01171875,170.0078125
0.04518187622545306,0.04518187622545306,0.036474868955342785,0.06845359340468307,0.04979543901005417,0.0734409083924433,0.0734409083924433,0.05417856275461272,0.0797129432330219,0.08742926236623327,0.14392011431803353,0.1439201143180335,0.1289311782818898,0.20080915005366834,0.13932696623776983,0.349596112810213,0.349596112810213,0.17313252617923988,0.6825434476158138,0.44287255285672894,0.3750250481974039,0.37502504819740373,0.2480908799632404,0.42555459874233037,0.3687035296233166,0.9281226461123732,0.9691753820725489,1.4526162854301399,2.4202713656327863,1.998289972246645,hjorth_mobility,hjorth_complexity,1.2072859331555355,1.228021929934924,0.9816956357585334,0.3223965655659542,0.31573579902777305,1.0616206917736684,0.07488103835339883,0.3289270792859273,1717,eeg_data_level_9.csv,4,AF8,160.01171875,170.0078125
0.05970155606618595,0.059701556066185955,0.04174182672142815,0.08430894930285837,0.06632024457744076,0.17148336442243298,0.17148336442243295,0.13927421924499175,0.2746648919809413,0.2006657620353617,0.3078708718012495,0.30787087180124945,0.2860320641599953,0.28270236971866386,0.29570975286291445,0.5266818299248596,0.5266818299248596,0.2988188974277038,0.8880277121261391,0.6704751577114532,0.8307976614948742,0.8307976614948741,0.44753337547751876,0.7287656871845924,1.0197707896485866,0.8175996625876691,1.2419000663847874,1.7384591948910835,2.2327022748604715,2.5882513497160944,hjorth_mobility,hjorth_complexity,1.5841797650797262,1.2957153192406181,1.1473438395816145,0.7099237504381618,0.35734439269809976,1.2474043128340604,0.10822050627442174,0.3954289671431181,1717,eeg_data_level_9.csv,4,TP9,160.01171875,170.0078125
0.08084342394048143,0.08084342394048143,0.07334478086364707,0.13250183920190012,0.0786199270602408,0.20867418659628573,0.20867418659628578,0.1755169159442913,0.3762450229527877,0.20841150387020205,0.2921048524872193,0.29210485248721924,0.22466789878000415,0.2993479983207703,0.37093419318773047,0.536607942786465,0.5366079427864651,0.3412256233259863,1.160842151829158,0.6084816134473432,0.9462399961666527,0.9462399961666526,0.5248739973567356,1.5960708820381997,1.0825525709337676,0.8648950490246623,1.2339242433784021,1.4422549653647074,1.9138887741046173,2.4368341917544174,hjorth_mobility,hjorth_complexity,1.6607842024626909,1.384494025934009,1.229585296845795,0.7799391661923841,0.2667845123568005,1.3004853474227438,0.12867631121831216,0.4311843612768664,1717,eeg_data_level_9.csv,4,TP10,160.01171875,170.0078125
0.2716329668915054,0.2716329668915055,0.21238791252018469,0.4705699031657615,0.28487367708549705,0.40981932942794713,0.40981932942794713,0.3947281592843912,0.46949748395373586,0.4692312152233105,0.2956940982532023,0.29569409825320225,0.25599304548160606,0.3034511669125315,0.35417087406334213,0.7029507618279903,0.7029507618279903,0.4916765636105155,0.7534464056673421,0.8754769390519781,1.1094340026634375,1.1094340026634373,0.6568205146187557,0.8256986227653687,1.1464505217140462,1.063784513315915,1.0475415351129393,0.7171077234263075,1.1315799441380756,1.2906467705524085,hjorth_mobility,hjorth_complexity,1.4769335527435739,1.301653966408247,1.0184535212711907,0.48685137931424394,1.0891661284291396,1.1412422436566936,0.27465497381196935,0.6299519633552375,1717,eeg_data_level_9.csv,5,AF7,170.01171875,180.0078125
0.26399344881853226,0.26399344881853226,0.18696478672599037,0.3696957678250954,0.2902636758277157,0.4289854238608677,0.4289854238608677,0.32771963075771887,0.540464566069801,0.4856675707047432,0.45738652165667965,0.4573865216566796,0.2909323338268425,0.8109160004111734,0.5249298804881397,1.184797851399342,1.184797851399342,0.900985817642334,1.6189576863479334,1.306133046164936,1.9215802378023799,1.921580237802379,1.2636782998279406,1.7852334877379967,2.104884567603566,1.003687523470547,1.0487114078041329,0.986848724663265,1.6705696519679087,1.9781101742251264,hjorth_mobility,hjorth_complexity,1.0693979458661975,1.271463069889033,1.2816131332764673,0.6464213966145648,0.8493048237413741,1.3535663820114272,0.32694772887735457,0.6873103156759959,1717,eeg_data_level_9.csv,5,AF8,170.01171875,180.0078125
0.5459743451508391,0.5459743451508391,0.3794589860936462,0.9189320919787751,0.6091969234067245,0.6981986587026375,0.6981986587026375,0.6763487583142775,0.8096918868477216,0.6678211893933567,1.4727614982945778,1.4727614982945776,1.4333302198193876,1.9079548101082533,1.1918323905766275,1.513440130313049,1.513440130313049,0.9229397587963563,2.9566954234991374,1.7907988781965554,3.5899009728942364,3.589900972894235,1.442604647305515,2.2397484911906473,4.382463867493702,1.039560567731714,0.9042618513113099,1.4284187960818935,1.1742076348761965,1.8978897375635344,hjorth_mobility,hjorth_complexity,1.244056063099359,1.3748637253453497,1.4208232535809344,0.8418132545333249,1.1870687017710848,1.5128094857774776,0.6924999059823419,1.000284545846203,1717,eeg_data_level_9.csv,5,TP9,170.01171875,180.0078125
0.5241494340418892,0.5241494340418892,0.41070691170694584,0.868578766108901,0.6137158845185393,0.6465849393166779,0.646584939316678,0.6895005347483912,0.7962415447671226,0.6959826198862569,1.1707195946811155,1.1707195946811153,1.099682328753642,1.470107856512433,1.02669132035437,1.3325318623007745,1.3325318623007747,0.8504149202745435,2.3818160598636857,1.702924588237799,3.719730105044388,3.719730105044387,1.413887102797799,3.3450471634016896,4.080693241819724,1.0496477670954543,0.8817749702062363,1.2491312409636541,1.1038122500999794,2.062366776697582,hjorth_mobility,hjorth_complexity,1.7128752198831072,1.4303512447548326,1.149637128913624,0.7880804936056658,1.3510555121188428,1.2474043128340604,0.5494470478251329,0.8909977798014076,1717,eeg_data_level_9.csv,5,TP10,170.01171875,180.0078125
0.010745668307274229,0.01074566830727423,0.007776498546626406,0.017005681502824926,0.011896090994702898,0.02135876620161215,0.02135876620161215,0.01701986066833792,0.032840745881799756,0.02370190783521928,0.033852403769535605,0.0338524037695356,0.03230007566397293,0.035425804930602295,0.0377836817280702,0.1300769949348971,0.13007699493489713,0.06403816981655407,0.25522402932330673,0.16417253929906295,0.34515206810749666,0.3451520681074966,0.258910021968193,0.295930067696602,0.3820084249909995,0.7778495334737592,0.8979096686814165,1.1258642423728669,2.7299645697765316,4.855436910266422,hjorth_mobility,hjorth_complexity,2.007036259433695,1.5246158543424633,1.1630705839031599,0.23447022950251215,0.08811231600775062,1.2739448301284022,0.02073464875447219,0.1730860396896036,1717,eeg_data_level_9.csv,6,AF7,180.01171875,190.0078125
0.08855733968639137,0.08855733968639136,0.06976120119363342,0.12532393852594526,0.10933073283202613,0.13948861946115104,0.13948861946115104,0.16452449803551278,0.11433466837735634,0.12232888379142326,0.15377532228722135,0.15377532228722132,0.10233503517653712,0.1607562311714556,0.19380448110646845,0.29749070309361075,0.29749070309361075,0.2158609241416883,0.30058832405498703,0.3822757227028835,0.5158884240845452,0.515888424084545,0.3774137625023737,0.33491426148899844,0.5796978883844311,1.026048856901609,1.009923245385912,1.0185913730276261,1.3646258304923857,1.692087066159003,hjorth_mobility,hjorth_complexity,1.011178573455144,1.2168687951078974,0.7214445858328788,0.28657472494751485,0.3353163136961621,0.822756036124593,0.09863320926766532,0.3775072371070785,1717,eeg_data_level_9.csv,6,AF8,180.01171875,190.0078125
0.2941362317648842,0.2941362317648842,0.2979419469069258,0.4096011729287054,0.20960537643782076,0.6195937850818466,0.6195937850818466,0.7355653829317291,0.7993359442258038,0.6190281806274892,0.5056226212987438,0.5056226212987438,0.42617894296360065,0.4379335464813399,0.5264245276010967,0.7062572874143904,0.7062572874143904,0.5822287321766758,1.2133563231387179,0.7997719976046415,1.0277243525547644,1.0277243525547644,0.42281909789718003,1.6760142137671064,1.1546965168307466,0.9740106434386984,1.2468154531146325,0.9842870197836604,1.006264479146927,1.0722564679873041,hjorth_mobility,hjorth_complexity,1.4524201327810249,1.1785941391534511,1.3295484737040817,0.9264830596314543,0.4552469660400449,1.3535663820114272,0.31187939042160484,0.6712851471252529,1717,eeg_data_level_9.csv,6,TP9,180.01171875,190.0078125
0.2823644731355203,0.28236447313552027,0.2924760486186707,0.3659462449075088,0.1880200191342766,0.5713662466038026,0.5713662466038026,0.6726749409374577,0.5504205518641619,0.5954846903238912,0.3423894837427141,0.3423894837427141,0.2508475786044241,0.31494443272162953,0.4416944071468386,0.51280828504798,0.5128082850479802,0.3177720238773348,0.8741709795714304,0.6617418796719932,0.9848382901405043,0.9848382901405042,0.5287218919206552,0.8858978209317041,1.1592005610711857,0.9876552303136094,1.2337220824064412,0.7664376132686814,0.8234426784506014,1.1037797435149048,hjorth_mobility,hjorth_complexity,1.602564830051637,1.2597064803618159,1.3481464908478178,0.8336719271200432,0.5874154400516708,1.4066474166001106,0.2961310701409133,0.6541173787915763,1717,eeg_data_level_9.csv,6,TP10,180.01171875,190.0078125
0.011281978872546498,0.0112819788725465,0.012370706092663141,0.018955088130409286,0.011361143787275426,0.023889799781616924,0.023889799781616924,0.018886830370035145,0.03544896033266733,0.02733319746431824,0.04814932608517429,0.048149326085174284,0.03738062888538878,0.07838462857671807,0.055492661136295744,0.14067199008883755,0.14067199008883755,0.08484196412485034,0.3092268313347591,0.1824038578448843,0.3268242364532491,0.326824236453249,0.4462634106364157,0.44894112208011094,0.33045595800041067,0.7491560983810245,0.9275128404688817,1.4284087455196528,2.7349249672457105,4.327433132209706,hjorth_mobility,hjorth_complexity,1.875276627134994,1.5034054242010493,1.08182661427526,0.23609849498516847,0.11258795934323691,1.194323278245377,0.0206456372841538,0.17271412084517712,1717,eeg_data_level_9.csv,7,AF7,190.01171875,200.0078125
0.03491483156884987,0.03491483156884987,0.02790947891964581,0.05494029100015196,0.04070065093873902,0.08234679976884605,0.08234679976884607,0.084668589147441,0.09497419547730235,0.07996758866195541,0.12131726599630796,0.12131726599630795,0.12294301102396779,0.11635724390597861,0.11710731394908593,0.2824884406677542,0.28248844066775425,0.15744111442961395,0.44784926059647523,0.36457414794102044,0.5309015076255785,0.5309015076255784,0.4046131165485307,0.4576908121064911,0.5308197698314255,0.8563038238223643,1.1167038723648326,1.3644073196631648,2.231601808252336,2.9676145674821184,hjorth_mobility,hjorth_complexity,1.4554843102763435,1.3379499100635495,0.9114613193871509,0.2702920701209515,0.23007104735357106,1.0616206917736684,0.055538236612810626,0.2832759749480797,1717,eeg_data_level_9.csv,7,AF8,190.01171875,200.0078125
0.15253012876054878,0.1525301287605488,0.09779917046331722,0.30250078618652915,0.19977954262367734,0.32966892036137546,0.32966892036137546,0.24242572235860652,0.405351294921762,0.4207787243676521,0.5075230942939779,0.5075230942939779,0.41457423982275343,0.30618681172858975,0.6516090563070996,0.5826820512504187,0.5826820512504189,0.3653693061027058,0.6092296666592544,0.762691497969966,0.7717858754014493,0.771785875401449,0.3254926839002977,1.4399037186413757,0.9007657438021884,0.9756480251134383,1.225046324000924,1.5407989914846534,1.3867820666819395,1.3742628302656479,hjorth_mobility,hjorth_complexity,1.4861260852295295,1.163140722876869,1.1155174583642136,0.7636565113658208,0.3965054220348778,1.1677827609510354,0.19370562741286954,0.5290355036755696,1717,eeg_data_level_9.csv,7,TP9,190.01171875,200.0078125
0.1357260255569572,0.1357260255569572,0.09422932004289518,0.1721347208979819,0.16164820980817599,0.2753906192004145,0.2753906192004145,0.23576562727546715,0.49014015524001076,0.264119570353679,0.46711720064335255,0.4671172006433525,0.38970203498981415,0.28174196922897865,0.5806279236596809,0.4992686877753513,0.4992686877753514,0.2741661440261395,1.010980289269815,0.6345367615267815,0.9101888165975646,0.9101888165975645,0.34462385909931464,1.2388761519012077,1.089075885341284,0.9643182023762918,1.1618161824672038,1.5596028903993275,1.349798590632467,1.7500372556114794,hjorth_mobility,hjorth_complexity,1.5657947001078136,1.2700406929762051,1.0605810598539194,0.7831956971576968,0.4430091443723017,1.114701726362352,0.18009910997966996,0.510116631293458,1717,eeg_data_level_9.csv,7,TP10,190.01171875,200.0078125
0.018879024520522824,0.018879024520522824,0.016595250317537245,0.021197426567874916,0.01987004404401718,0.03506365353851135,0.03506365353851135,0.023781262401779024,0.03155448093801927,0.03995161013136129,0.05876651382514406,0.058766513825144036,0.07241239400555383,0.060227472318122866,0.03954916878440023,0.1391227664170662,0.13912276641706622,0.06693300194846696,0.34295546546674144,0.18183757821179325,0.30327625791721324,0.30327625791721324,0.34252369953803397,0.3134593119936054,0.3167415406763505,0.864718916669027,0.9894145998944637,1.2746240697163265,2.1391923637755035,3.181162903415333,hjorth_mobility,hjorth_complexity,1.7894796572660734,1.4165800063505998,1.0581199688634702,0.21493104371063612,0.15664411734711223,1.1677827609510354,0.026720633834753288,0.19648847301329342,1717,eeg_data_level_9.csv,8,AF7,200.01171875,210.0078125
0.03809620981751734,0.03809620981751734,0.03255247278227657,0.06534113730733379,0.039667199430427715,0.06513904276953614,0.06513904276953614,0.06027824840268309,0.06289305140343934,0.06946580602100809,0.1613286612504288,0.16132866125042877,0.10171318181970099,0.2353782699166838,0.18515310003477384,0.3335633056129511,0.3335633056129511,0.2150469766837894,0.558203735952481,0.43152900039597436,0.4659178176675858,0.46591781766758567,0.6540325745385188,0.43707798801241576,0.45756324586803393,0.8912287850342452,0.9264886909678438,1.7097651594022245,2.4775303873959387,2.557262630878525,hjorth_mobility,hjorth_complexity,1.2930829030244568,1.2411074443074164,0.9696605279226621,0.3403074858751739,0.18356732501614714,1.0350801744793268,0.06993355131451011,0.31787508633483236,1717,eeg_data_level_9.csv,8,AF8,200.01171875,210.0078125
0.07681505854337765,0.07681505854337767,0.05053844386678616,0.14991426077082418,0.09132500266991975,0.20937712734323077,0.20937712734323077,0.1423263104788309,0.2619652474861671,0.2714512258104265,0.4910531278838115,0.4910531278838116,0.5287189127598848,0.3403492939872511,0.47486703636665406,0.5452518722032289,0.5452518722032289,0.261548860490268,0.7448216574622266,0.6985181301297579,0.754597818998883,0.7545978189988829,0.7490623272711167,0.7000118562557333,0.8292239438164514,0.8518270737681439,1.2314960323256323,2.1052027446405974,1.9367654007865414,1.9848157854750126,hjorth_mobility,hjorth_complexity,1.50757532769676,1.2119628478314268,0.8982515999422016,0.5422124057245593,0.26433694802325186,0.9819991398906434,0.12856203422690762,0.430992852070318,1717,eeg_data_level_9.csv,8,TP9,200.01171875,210.0078125
0.13450585465915446,0.13450585465915446,0.09522859554040852,0.29483257534055685,0.14831361386518957,0.2642342139994189,0.2642342139994189,0.2485883800275087,0.20985839768598685,0.2806988197319369,0.31108775987517717,0.3110877598751771,0.34121112835752865,0.17049519016426776,0.214618880385028,0.4432139013148275,0.4432139013148275,0.3390942496694836,0.9826805031182735,0.4904363978863788,0.8185608597485253,0.8185608597485252,0.8063827174612944,1.266018951851234,0.9077487661825152,0.9982546607604552,1.1323127009350435,1.1594641678758113,1.2620234438198825,1.6494627372224049,hjorth_mobility,hjorth_complexity,1.6607842024626909,1.3173686166526937,0.9202709064552368,0.7799391661923841,0.25209912635550874,0.92891810530196,0.18445322080848328,0.5162461445143939,1717,eeg_data_level_9.csv,8,TP10,200.01171875,210.0078125
0.004187963412166805,0.004187963412166806,0.003555784754876876,0.007324610623371583,0.003968386378578737,0.01581077161883167,0.01581077161883167,0.010394948466149277,0.03420506195754186,0.018095435771870647,0.04507214568541564,0.04507214568541564,0.04358114557589338,0.04894784456786806,0.052584210331353035,0.1606273930095204,0.1606273930095204,0.13014935928011692,0.27191991838322044,0.18107316124047385,0.41247174211498894,0.4124717421149888,0.7744758354179258,0.38542827263925505,0.3680830523021284,0.4618272338789191,0.8413431866236079,1.6485194773792602,3.7378125705127796,6.323581977386672,hjorth_mobility,hjorth_complexity,2.037678034386881,1.5428329045763411,0.9773980488396049,0.18236573405750944,0.16153924601420946,1.0881612090680102,0.01657940857851188,0.15477407490429337,1717,eeg_data_level_9.csv,9,AF7,210.01171875,220.0078125
0.03713783645133689,0.03713783645133689,0.03598127934046671,0.04571871816385386,0.039971471596249884,0.07089836471747021,0.07089836471747021,0.04640705218305598,0.13830153050526237,0.08128167355790376,0.14951717896795552,0.14951717896795552,0.1247001257211071,0.14805399756256077,0.1726924869549863,0.33700975869977484,0.33700975869977484,0.1688563468082719,0.44068828871366966,0.41887746336228104,0.5598430922687804,0.5598430922687804,0.4951013547670559,0.7363115134719005,0.6201629079973773,0.8392791924130717,0.9949319358632251,1.5550925859431706,2.4532042781290055,2.96159434353005,hjorth_mobility,hjorth_complexity,1.339045565454236,1.3491758553571578,1.012487240082223,0.2784333975342332,0.20314783968453615,1.1412422436566936,0.062063376309022734,0.299454882643534,1717,eeg_data_level_9.csv,9,AF8,210.01171875,220.0078125
0.13816773542494246,0.13816773542494246,0.1097570971903606,0.2612877555770495,0.16704204446999632,0.3642068025081915,0.3642068025081915,0.2409793165307169,0.4657310966565201,0.4967053110559624,0.5572201007396838,0.5572201007396838,0.5082924377292233,0.45520782432854895,0.5090642886374054,0.5830476897873447,0.5830476897873447,0.38426276428070116,0.9876147832930297,0.686446550175818,0.7385091976278941,0.738509197627894,0.37186882528081405,1.234083594221465,0.8188410955856639,0.9256769543424117,1.3323670599273438,1.6664743742783645,1.4101880250934742,1.3410735833281076,hjorth_mobility,hjorth_complexity,1.3727515179027405,1.1611507783310195,1.044695836188292,0.7538869184698828,0.37692490736648876,1.1412422436566936,0.2037375738483865,0.542561864420882,1717,eeg_data_level_9.csv,9,TP9,210.01171875,220.0078125
0.13977005756701538,0.13977005756701538,0.09564258600515944,0.32632567964648834,0.16171666825487718,0.35600345033527264,0.35600345033527264,0.22453391811028747,0.553651407573164,0.46374414920938967,0.6454875469981034,0.6454875469981033,0.5641579199427214,0.5385405680921723,0.6203495397764499,0.4985407162272103,0.49854071622721025,0.2838433051074594,0.8795936417335348,0.6518181326075732,0.9027398045835673,0.9027398045835671,0.7367266793797889,1.0576451276500205,0.9390483893764575,0.9311669569854634,1.3029739744081372,1.8372420042785065,1.2267794684033797,1.561667818954063,hjorth_mobility,hjorth_complexity,1.4585484877716621,1.2178971765940299,1.047483208181263,0.6789867062676914,0.4723799163748853,1.0881612090680102,0.20024589902139306,0.5378925324658088,1717,eeg_data_level_9.csv,9,TP10,210.01171875,220.0078125
0.011846208013656481,0.011846208013656481,0.010214307252448221,0.019301593702124264,0.013883742091871711,0.01571208586815768,0.01571208586815768,0.009611687303859282,0.029333233513381546,0.01917495025821441,0.054301385325168254,0.05430138532516825,0.044513499007568395,0.05398606439996883,0.06264507071355799,0.1341365479512147,0.1341365479512147,0.10018204793850322,0.17970342227983713,0.14316128679173037,0.3317073557091629,0.33170735570916277,0.7078722812260312,0.2965038451043837,0.2842817130853575,0.805483014032948,0.7052397850158084,1.608002203493317,2.6861700031246465,4.385235574850322,hjorth_mobility,hjorth_complexity,1.7649662373035238,1.4792105004555,1.1083019870513053,0.21981584015860514,0.08076962300710473,1.2474043128340604,0.0196599017174155,0.16854053606876046,1717,eeg_data_level_9.csv,10,AF7,220.01171875,230.0078125
0.04586392301349473,0.045863923013494734,0.03705782727050038,0.0725301557299411,0.04395277836907393,0.0649786757823009,0.0649786757823009,0.05356974801947931,0.08751724509186107,0.06306447976079482,0.16836784981007244,0.16836784981007247,0.1440386443986857,0.15396383820567788,0.19287123721141253,0.2460686291394735,0.2460686291394735,0.16844310454905115,0.3286895058065879,0.27706937181302144,0.4019048509330152,0.40190485093301515,0.3961800395819132,0.5907343168908434,0.41468516355697665,0.9641459195843778,0.9083522288841825,1.6871543327147795,1.8535020660210455,2.196696633436225,hjorth_mobility,hjorth_complexity,1.096975543324065,1.2375012729589845,0.8973193685064254,0.23772676046782482,0.2594418193561546,1.0350801744793268,0.06629426320373784,0.30949360080724114,1717,eeg_data_level_9.csv,10,AF8,220.01171875,230.0078125
0.0935475193183961,0.0935475193183961,0.0656276563506491,0.19240884493312888,0.0952210665920721,0.2228057748286247,0.22280577482862476,0.16472930867871596,0.396694412066004,0.23552389251576966,0.726683405872218,0.7266834058722179,0.6431375662703106,0.27265651145208897,0.8065593105015944,0.5094366386076348,0.5094366386076349,0.24603144675143687,0.44916045552167017,0.6614205745574848,0.6855739028187305,0.6855739028187304,0.3378413877563383,0.8755902496544242,0.7649316802547138,0.8798763463523197,1.1770263116809672,2.5676145471990046,1.633912838335389,1.6284788502093797,hjorth_mobility,hjorth_complexity,1.5228962151733534,1.1286186739238913,1.0435678361510028,0.7815674316750405,0.2863650270251895,1.0881612090680102,0.1635685889897692,0.4861425709052036,1717,eeg_data_level_9.csv,10,TP9,220.01171875,230.0078125
0.089906408540565,0.089906408540565,0.051405292334334156,0.2527145638157541,0.10276407784863612,0.21676574331824877,0.21676574331824877,0.18181708697961227,0.36105847877944397,0.23837403994177922,0.3768603502483356,0.37686035024833553,0.3530608036960195,0.33271173487132394,0.2968707088513585,0.42453567649691176,0.42453567649691176,0.25197430464737697,0.7524784261560847,0.5075997507431108,0.8359551959470392,0.8359551959470389,0.6833615949848093,1.3854579159766482,0.8879263989108855,0.9148832491234006,1.215973333677312,1.6622735540027094,1.5022759663052414,2.075666029588791,hjorth_mobility,hjorth_complexity,1.5137036826873973,1.3029590256677783,1.0172229757759663,0.7050389539901928,0.2594418193561546,1.0616206917736684,0.149032472879806,0.46403864885351287,1717,eeg_data_level_9.csv,10,TP10,220.01171875,230.0078125
0.8024682069474719,0.8024682069474719,0.9135072871215698,1.017638297481588,0.6621475305833046,0.561729680171889,0.561729680171889,0.5028432052543044,0.4060604724165995,0.6083688977768777,0.9686849086929752,0.9686849086929753,0.6971410816791868,1.6833156831220595,1.1036218370973516,1.1600782400727125,1.1600782400727125,1.2176517234982323,0.9640591239871877,1.2216225072224383,1.6702389163647975,1.670238916364797,1.6451472215389404,1.3620769833094009,1.6532490314596118,1.1053035813354009,0.6715760870041125,0.9210466892349993,0.8040969717828735,0.8431211496813614,hjorth_mobility,hjorth_complexity,1.434035067809113,1.1652472582541786,1.035131141657228,0.9020590773916092,1.877281843831798,1.2208637955397188,0.712826970255666,1.014859125725637,1717,eeg_data_level_9.csv,11,AF7,230.01171875,240.0078125
0.9832558187131526,0.9832558187131527,1.0090442275652816,1.1075741028514632,0.8058445707297733,0.5206915949566607,0.5206915949566607,0.6403161299245185,0.4982674521783858,0.5620225045596555,0.8151471967942158,0.8151471967942157,0.46777494211576376,1.730237544714105,0.9801090910119217,1.5596487051081724,1.5596487051081722,1.5094413805523066,1.6623022736524335,1.3097857262685013,2.0959081202123016,2.095908120212301,0.9111554441789769,2.3377688601738598,2.343016248724137,1.109222512128214,0.5487615458411398,0.6887950900048115,0.8765981640473642,0.8840716535512719,hjorth_mobility,hjorth_complexity,0.9192532485955853,1.1427252132889913,1.4494241140305493,1.2684188109892844,1.0720331780942993,1.380106899305769,0.7917619973534882,1.0695744652600023,1717,eeg_data_level_9.csv,11,AF8,230.01171875,240.0078125
0.840915310242649,0.8409153102426491,0.6228754974069728,1.2049141474513243,1.034684707474693,2.097690828255318,2.097690828255318,1.8403803319473109,1.6748981070199818,2.092345567212407,1.9150046302895716,1.9150046302895711,1.8737770335957868,2.2696537913150157,1.8714148437166762,1.9795834252783633,1.9795834252783628,1.6531338974471161,3.0418621631004727,2.2880762421460723,2.881554438350845,2.881554438350844,1.6870017347583846,3.400879669129777,3.088422015375258,0.9811824300212603,1.3424909128534273,1.1665077100351915,0.9405626290236145,0.9972872168750215,hjorth_mobility,hjorth_complexity,1.1092322533053396,1.0592147649625285,0.884976624296748,1.0404616434173977,2.014345446510521,1.0881612090680102,0.998322266606138,1.2010167894171566,1717,eeg_data_level_9.csv,11,TP9,230.01171875,240.0078125
0.7457822019063332,0.7457822019063332,0.5894405912597545,1.0484534970826227,0.8342971710260002,1.8062624303752886,1.8062624303752886,1.6468970198696686,1.5310490885595796,1.7267511917435834,1.4938461764168278,1.4938461764168276,1.3533869090857318,1.8354289195211966,1.591333412313329,1.7595676754381107,1.7595676754381107,1.3931812287791516,2.7767711750927937,1.8753858426660588,3.1633299440147296,3.1633299440147287,1.4424880911692712,3.229203199576592,3.6039701631683827,0.9817638053898204,1.3214957613899478,1.0618076819004603,0.9479678441691464,1.2068561256112953,hjorth_mobility,hjorth_complexity,1.2011575781648982,1.1540646234174101,1.0608141177128634,1.105592262723651,1.4783288574633715,1.194323278245377,0.8877589778040818,1.1325600447339796,1717,eeg_data_level_9.csv,11,TP10,230.01171875,240.0078125
0.4501823934514721,0.45018239345147204,0.4408066533846948,0.3672819159413113,0.5198983852108997,1.7340034891733793,1.7340034891733798,1.7835154855981799,0.9746746237001809,2.158365461678291,2.9775309641528693,2.977530964152869,2.3740357628838837,3.1577596458905357,3.2837371252558203,3.3529394146152347,3.3529394146152347,3.942336720268236,2.438101408239699,2.293211815792755,1.7292565042932744,1.7292565042932742,1.6046516582045112,1.2565727608692043,1.9416962945344667,0.7785811776338998,1.4242312538127595,2.1337788254744128,1.8298120099357054,0.8256791959548646,hjorth_mobility,hjorth_complexity,1.5045111502014419,1.113549543843285,1.2044057257654783,2.693151108313577,1.1968589591052792,1.2739448301284022,0.7469296249575742,1.038851669792799,1717,eeg_data_level_9.csv,12,AF7,240.01171875,250.0078125
0.14667626939570796,0.146676269395708,0.16931835693888064,0.18390291031609282,0.12263933165155393,0.2985384938909307,0.2985384938909307,0.22708827356923714,0.35759623650071726,0.3783662370204081,0.26654350104886726,0.26654350104886715,0.21245313594646556,0.31680383966504616,0.2915155911650431,1.0139720805242067,1.0139720805242067,0.7230003601389451,0.5831602980471113,1.1347904492307956,1.1493817034433664,1.1493817034433662,0.5695569304386493,0.7205991739125095,1.2013552145254636,0.8727472967926283,1.0966641742815846,0.8940907286266093,2.0752023350709297,1.8272371968658285,hjorth_mobility,hjorth_complexity,1.1643874482210748,1.2110757064393243,0.8948023436298296,0.6871280336809731,1.0891661284291396,0.9554586225963017,0.19183737747795634,0.5264781043960823,1717,eeg_data_level_9.csv,12,AF8,240.01171875,250.0078125
0.523640480998324,0.523640480998324,0.4238243260468478,0.7176738469562661,0.6695635756607303,0.6002605483087537,0.6002605483087539,0.4514113847163212,0.592195629707736,0.713832240080755,0.5191886497793943,0.5191886497793943,0.5494438447707691,0.20840812812525067,0.533277415712457,1.1673542279862015,1.1673542279862015,1.0728366274957433,1.0808871415103332,1.3445272938098027,1.9596718652481364,1.959671865248136,0.8571532096332833,1.7860368046693353,2.1242864751363078,1.0917770160227682,0.9135401036638222,0.6926118660721411,1.060642644578451,1.2792558532882636,hjorth_mobility,hjorth_complexity,1.2379277081087217,1.1804545231981696,1.1336959713618502,0.9346243870447359,1.2580480674439949,1.3535663820114272,0.5393476675101146,0.8827710904619092,1717,eeg_data_level_9.csv,12,TP9,240.01171875,250.0078125
0.582932258471338,0.5829322584713379,0.5951143400098962,0.5060598797602724,0.6463803224475821,0.6664575387643763,0.6664575387643763,0.5535456783184669,0.6509735566609449,0.7846681478870261,0.6021274174002337,0.6021274174002336,0.7815737556323235,0.6137063074168395,0.4674741746381686,1.103817401536337,1.103817401536337,0.8580071426001141,1.1138203246285332,1.2683091820681545,1.8244429990552333,1.8244429990552329,0.7655799283157164,1.9143566608677325,2.0163237302375925,1.056742441706418,0.9245858646041529,0.7238197011375549,0.9533434737743316,1.125322450400172,hjorth_mobility,hjorth_complexity,1.3359813879589175,1.1910958838702468,0.9892933219601098,0.9818440860417696,1.0842709997620423,1.1677827609510354,0.5827572779905847,0.9176087638842273,1717,eeg_data_level_9.csv,12,TP10,240.01171875,250.0078125
1.447893023778301,1.447893023778301,1.613128871397355,1.0054436719964581,1.0462891602353308,0.5253677235614997,0.5253677235614997,0.5291697000337285,0.44489678623659773,0.5072938835822011,1.2528150468772308,1.2528150468772306,0.9924919527770153,1.6329977274666982,1.3181938974682599,1.1265873049429924,1.1265873049429926,1.787368254361536,0.6107274414858438,1.0774700360283918,0.8746126997914189,0.8746126997914188,1.3339882277487602,0.7961149582470424,0.7103930045560851,1.0922736569721894,0.4448277937008949,0.7581978479397654,0.5092437211506856,0.30619293949877757,hjorth_mobility,hjorth_complexity,1.4646768427622991,1.159870288105349,1.0512401008674415,1.3319211648128815,1.1650406227691472,1.0350801744793268,1.0727182803287125,1.2449632752129403,1717,eeg_data_level_9.csv,13,AF7,250.01171875,260.0078125
0.17920449127030547,0.17920449127030544,0.19796027441307681,0.2460955568507691,0.14381899666895703,0.34829032247609637,0.34829032247609637,0.40843292700837025,0.2319089625572069,0.33686493810094387,0.32208242473558424,0.3220824247355842,0.3081215326502695,0.39562347277396853,0.3034920429606671,0.7255394461944091,0.7255394461944091,0.45777046651776776,0.9185266988202639,0.8245862838748749,0.8146351444746371,0.8146351444746369,0.5193693655018625,0.36017515423137714,0.933828568184167,0.961633202919372,1.1367801783655902,1.0005732579417235,1.530565419026202,1.312723976166981,hjorth_mobility,hjorth_complexity,0.9682800885206833,1.158627266024548,1.1278695248882487,0.6936410956115985,0.4748274807084339,1.0350801744793268,0.26466412496400626,0.6183882631841636,1717,eeg_data_level_9.csv,13,AF8,250.01171875,260.0078125
0.897107173578176,0.8971071735781762,0.7309432490165493,1.9173339394986944,0.845268063323173,0.8594136826416509,0.8594136826416507,1.2103412758820649,0.6964320026979094,0.7324257820362796,0.5955902617053164,0.5955902617053164,0.628931814793362,0.5058297459392634,0.6041878222518017,0.8676423823806055,0.8676423823806054,0.8404575586279234,1.1594750738187003,0.9049512327556906,1.6726478634600548,1.6726478634600546,0.6309337877366272,1.8210991402769816,1.9745358610316346,1.1673372429297806,0.8097069523038868,0.5430224431903193,0.5641218070699158,0.7627499024845427,hjorth_mobility,hjorth_complexity,1.434035067809113,1.1693889181043267,1.1181836402705336,0.9232265286661415,1.9727368528401945,1.3535663820114272,0.794541553837762,1.0714502423369745,1717,eeg_data_level_9.csv,13,TP9,250.01171875,260.0078125
0.9485531093842207,0.9485531093842207,0.700565329633355,2.1219633586959046,0.9173649868718078,1.1030550704859068,1.1030550704859068,1.4583982715039243,0.7950270437754885,0.9652499685120164,0.5742957480954858,0.5742957480954857,0.5684826284246935,0.6083929103958462,0.6043390689213821,1.0295679608849855,1.0295679608849857,0.7579568359816309,1.7926886758852925,1.1774745718551622,1.6071070336182223,1.6071070336182218,0.5378527006406906,2.0522525874128763,1.9930227978939747,1.1562378663152386,0.9102512060229343,0.49605998223496994,0.6141220476263902,0.684299965765589,hjorth_mobility,hjorth_complexity,1.244056063099359,1.1581070225825953,1.1097189788336852,1.0111528647295835,2.0070027535098753,1.3004853474227438,0.8525956709167091,1.1099036032430187,1717,eeg_data_level_9.csv,13,TP10,250.01171875,260.0078125
0.39703765809386543,0.3970376580938655,0.29090514462669975,0.810102090284119,0.43776761462812813,0.6199133923234335,0.6199133923234335,0.6321814877613222,0.6879515576266255,0.6660888282310119,1.2463024768126771,1.246302476812677,0.8198891281726999,2.6201374633253183,1.3534150527543893,3.4199442928719,3.4199442928719006,1.928317494968382,6.343773123855698,3.7247021544315166,2.154419901911739,2.1544199019117385,2.018121629976928,1.3428811101624847,1.9127522471261773,0.9703928940336537,0.9449153205488718,1.493482043519902,2.7030236613213994,1.401592412435482,hjorth_mobility,hjorth_complexity,1.290018725529138,1.1859567802238458,0.9151622781871828,1.6575742613441484,1.218887038107217,1.0616206917736684,0.4516938404749308,0.8078594023030493,1717,eeg_data_level_9.csv,14,AF7,260.01171875,270.0078125
0.20182212747962067,0.20182212747962067,0.19486367506827634,0.1703631008395466,0.2965691904159527,0.2605048961863874,0.2605048961863874,0.14405207170225962,0.6243226119532972,0.3194621324377361,0.5545962197517019,0.5545962197517018,0.47352742867457115,0.526163668183536,0.5886570738285033,0.7541614009248337,0.7541614009248339,0.5465964185091797,1.1100655109209867,0.9048163035885866,0.913400763655973,0.9134007636559728,0.4731639882597318,1.4084436886266587,1.0007782975338229,0.966655084606642,0.9291370354953148,1.4460250174218028,1.484658548252717,1.363652309257497,hjorth_mobility,hjorth_complexity,1.035691993417693,1.2124065761043883,1.0108371904408988,0.5422124057245593,0.8713329027433117,1.0616206917736684,0.2356731872578867,0.5835375227380947,1717,eeg_data_level_9.csv,14,AF8,260.01171875,270.0078125
0.8891133646436453,0.8891133646436453,0.5548224624077447,2.17937915381518,1.073902601988394,1.5577433417888054,1.5577433417888054,1.1175233864366974,1.532394199182046,2.0565177605471665,0.9968266453442519,0.9968266453442518,0.9618877176151808,1.6911951858481897,0.9030373448423207,1.0394383356574863,1.0394383356574868,0.945338683273467,1.152947351528034,1.2129080956191256,1.5042831585247747,1.5042831585247742,0.7270820520070825,1.2832517853588958,1.7300814811129055,1.1000902431570219,1.1935079309157606,0.7572421819677633,0.5903052687797261,0.6213828519429428,hjorth_mobility,hjorth_complexity,1.1000397208193837,1.0214063671884652,1.0881657880385385,0.9818440860417696,1.495461807798212,1.1412422436566936,0.911521855939819,1.147617713353454,1717,eeg_data_level_9.csv,14,TP9,260.01171875,270.0078125
1.105778205561717,1.105778205561717,0.7164246367209591,2.6785420153889063,1.2838673115419659,1.6701722891372497,1.6701722891372497,1.248512803872185,1.2025056179792843,2.2673128434962044,0.8666092225347962,0.8666092225347962,0.6845431110866048,1.3620311249069168,0.8517003569949507,1.1385166822207973,1.1385166822207975,1.2674244378371615,0.7741654482429142,1.303921028501596,1.5636042216163633,1.5636042216163628,0.5374587519162912,2.0128897019309564,1.811258956204885,1.1340991424277658,1.1103813801918987,0.5933497142041572,0.551637203818053,0.5579528184909417,hjorth_mobility,hjorth_complexity,1.0050502184645067,0.9843356168717491,1.0196933890807731,1.0730269530705243,1.2604956317775435,1.0350801744793268,1.0939842635927584,1.257243031648078,1717,eeg_data_level_9.csv,14,TP10,260.01171875,270.0078125
