delta_abs,delta_mean,delta_max,delta_min,delta_median,theta_abs,theta_mean,theta_max,theta_min,theta_median,alpha_abs,alpha_mean,alpha_max,alpha_min,alpha_median,beta_abs,beta_mean,beta_max,beta_min,beta_median,gamma_abs,gamma_mean,gamma_max,gamma_min,gamma_median,delta_entropy,theta_entropy,alpha_entropy,beta_entropy,gamma_entropy,hjorth_mobility,hjorth_complexity,lempel_ziv,higuchi,mean,min,max,median,var,std,Participant,File,Window,Channel,Start_Time,End_Time
0.14505125640537056,0.14505125640537053,0.17676992095161095,0.10222915890235838,0.1619986820535519,0.14469313845323353,0.14469313845323353,0.07926350303646423,0.14963514249138213,0.20494398650986403,0.3255247183549532,0.3255247183549532,0.21654259666027836,0.5275341938239818,0.3540045933283001,0.595196752425513,0.5951967524255128,0.4596689242179822,0.610472131533423,0.6028940237959952,0.3739543364104514,0.3739543364104514,0.4103749157927812,0.2732977064459426,0.3602157426999557,0.9820482010766931,0.9247528699218446,1.2742396874280348,1.4609420416303442,1.0379768245168894,hjorth_mobility,hjorth_complexity,1.0005426841995408,0.944181884268908,0.9494402808943033,0.4994403562668191,0.4359530881121011,1.0094056209113627,0.1803062130490749,0.4974169099722558,1030,eeg_data_level_1.csv,0,AF7,120.0078125,130.00390625
0.2781976649005815,0.2781976649005815,0.20100003346552048,0.3827564138675453,0.33268655744691006,0.3835966482363955,0.3835966482363955,0.4020445338458601,0.2179131752515965,0.3969880066849196,0.545523548424256,0.545523548424256,0.3918986508979756,0.5995591921441965,0.6677777726253105,0.9376909375823649,0.9376909375823647,0.874041284532917,0.9627987327678941,0.969629062690845,0.6849577541546209,0.6849577541546209,1.068523211285674,0.5644726054676708,0.6165161104018869,1.0278886256435888,1.11771486679809,1.1280097954476997,1.2360190000513207,0.9922033812880239,hjorth_mobility,hjorth_complexity,0.9548829982142444,0.9595521438337177,0.8065796590253537,0.5504036579266987,1.0063589977914857,0.8652048179240251,0.3555419269079167,0.6984906711292264,1030,eeg_data_level_1.csv,0,AF8,120.0078125,130.00390625
1.294593961573744,1.294593961573744,2.3287717034047164,1.1037135752197609,0.782431098112676,1.5113163771694365,1.5113163771694365,1.0429829530104928,1.7482434795646544,1.938630381527462,1.3124530353488155,1.3124530353488155,1.2856936911223018,1.4286396185500398,1.2389279591118405,1.175277665014165,1.1752776650141648,1.0343593251784018,1.3595518033523795,1.225459089758644,1.1818868414798305,1.1818868414798305,1.1795758509259655,1.125240918548168,1.0928623542489215,1.0273892895649883,1.2120676351213822,0.7799562359926488,0.49603662013517563,0.5190908531095453,hjorth_mobility,hjorth_complexity,0.7404809944571998,0.9400919277260119,0.9138826536795556,1.4040389607296802,1.5930622191759956,1.2978072268860377,1.923925366955683,1.624835165352446,1030,eeg_data_level_1.csv,0,TP9,120.0078125,130.00390625
0.6931618382179978,0.6931618382179978,0.6058156792978036,0.924188528354541,0.7702909196823766,1.433155292309107,1.433155292309107,1.1731032044504095,1.925798590583045,1.6685493021563393,1.129213666020585,1.1292136660205847,1.070969247170956,1.1871242844275265,1.0569788909284608,1.2408237272696454,1.2408237272696454,1.0935956830203017,1.622298926198751,1.261128949840958,1.3371455087517474,1.3371455087517474,1.1744237700464162,2.154150697625628,1.3348507247613446,1.0257110004482142,1.547511400329796,0.9586804340117766,0.726865480954263,0.8194903647999147,hjorth_mobility,hjorth_complexity,1.2427375402954612,1.0253257065606414,0.9239032008518139,1.3479793289038127,0.9819130302337978,0.9132717522531376,0.842423584311776,1.07517821848412,1030,eeg_data_level_1.csv,0,TP10,120.0078125,130.00390625
0.42972754492721904,0.429727544927219,0.5226420317107899,0.35393899937261725,0.2963859728969344,0.7499750991846666,0.7499750991846668,0.45811949708335936,1.4731078745230353,0.8897361395632526,1.528412451256561,1.528412451256561,1.2759195920474267,2.583626774279499,1.5143563059874514,1.2912730695769992,1.291273069576999,1.2616070156216268,1.2797030509527223,1.2312586518680713,0.7254748963469084,0.7254748963469084,1.2450145963879493,0.40326977950540116,0.6214201543120161,0.9230007778285271,1.350078015544146,1.7551642948401864,1.0715030644459096,0.6822784942539787,hjorth_mobility,hjorth_complexity,0.7901110879194788,0.8434511887673576,0.9135413424658279,0.6472339310804697,1.1408118193587693,1.0334390880759188,0.49860835462133385,0.827170380779777,1030,eeg_data_level_1.csv,1,AF7,130.0078125,140.00390625
0.3054842563841174,0.3054842563841174,0.31847299381643496,0.32786657082972115,0.315452696786899,0.6389104326110726,0.6389104326110726,0.34195467968720356,1.4730371289678472,0.8441273915762828,1.5294952635556438,1.5294952635556438,1.3935503436741001,1.8281381806897568,1.6429532166965983,1.7873569134045746,1.7873569134045744,1.7668603637781286,1.7042712672993028,1.8279379528499686,1.007391656928363,1.0073916569283632,1.1759809723094228,0.6661914534227718,0.893089677161781,0.8359780346524326,1.3140750270924952,1.9080120325997274,1.5342948570856,1.007358546273317,hjorth_mobility,hjorth_complexity,0.8734896449361068,0.8865250444788787,0.8637974209574287,0.6778119120763973,1.1326631635062065,0.9613386865822501,0.48331926030262323,0.814389658826807,1030,eeg_data_level_1.csv,1,AF8,130.0078125,140.00390625
1.5031984597283679,1.503198459728368,1.0543302172596678,2.751016893747231,1.5348837594429132,3.0668398089374564,3.0668398089374564,2.2216121937907674,4.571366504693114,4.116558572505321,3.1974687958921217,3.1974687958921217,3.283899367767245,3.4867279278941887,3.4140123291587234,1.9547695836702226,1.9547695836702221,2.003902572804461,1.684296424618976,2.00477831097113,1.1787532889073875,1.1787532889073875,1.476757906647674,0.7115555642201378,1.1370039157345642,1.088487051274908,1.6379647041718084,1.2795136572841728,0.591151500484905,0.40195952819799935,hjorth_mobility,hjorth_complexity,0.8298151626893018,0.8258097690107986,1.0892728596876184,1.7200114310209331,1.1408118193587693,0.9853721537468064,1.4781899240798724,1.4242306183523339,1030,eeg_data_level_1.csv,1,TP9,130.0078125,140.00390625
1.7124127957129671,1.7124127957129667,1.2969620125959689,3.0687985730797096,1.8720673790323672,3.2047113714410584,3.2047113714410584,2.363181937512902,4.987798985587506,4.02945635660585,3.5263874079168183,3.5263874079168183,3.585115796558521,3.3569340388270863,3.6437418884544654,2.129123635080829,2.1291236350808287,2.4480971031367273,1.8695777505860274,2.0962591217986195,1.574816218091958,1.574816218091958,1.7752761823798684,1.0624801809864628,1.4970439446355883,1.09779555743425,1.5616575892179076,1.261213530414576,0.5777148123362017,0.46913319349709914,hjorth_mobility,hjorth_complexity,0.9667942206451912,0.8984564212181669,0.886507744024687,1.730204091352909,1.2222983778843957,0.7690709492658001,1.6447539687394837,1.502331145042141,1030,eeg_data_level_1.csv,1,TP10,130.0078125,140.00390625
4.336261769671499,4.336261769671499,3.869435506414853,6.319158585667472,4.21835100480948,12.080438699874339,12.080438699874339,7.5513128146533885,18.101417269744545,15.397916238387522,16.414439215333644,16.414439215333644,16.94260861643256,23.72138491730667,13.470119535284981,5.02758461248611,5.027584612486109,10.650298852050563,1.9438828372881747,4.495628607992825,1.1476425371514734,1.1476425371514734,1.7616286087093327,1.0649045001933635,1.0303363696602257,1.0124194526585528,1.9222034926453004,1.8709082391893352,0.4769918188184278,0.14218102230495308,hjorth_mobility,hjorth_complexity,0.8099631253043902,0.6433733223420621,1.1401107273938627,2.4946536162511017,5.520714340111187,1.2978072268860377,4.70508427902224,2.5409662859625888,1030,eeg_data_level_1.csv,2,AF7,140.0078125,150.00390625
6.184161210202063,6.184161210202063,6.492071116866837,5.836591862008158,5.926528683711352,11.153202692182647,11.153202692182647,6.678702378340505,17.886210949982054,13.878276825346328,17.064564717378353,17.064564717378353,16.773679892082008,26.249975476866744,15.161957528253359,6.502380238145681,6.50238023814568,14.45715489349552,3.0997049783269546,4.964206300144154,2.2010046769062863,2.2010046769062863,2.9788901994899337,1.418401875644827,1.5969532080743243,1.079864703588988,1.56702676976836,1.6383173851469026,0.4974606638404374,0.2063430446427552,hjorth_mobility,hjorth_complexity,0.833785570166284,0.7207826098124597,1.2433704969008301,2.5048462765830775,5.638869849973346,1.2016733582278127,6.065587743023914,2.8850387054992006,1030,eeg_data_level_1.csv,2,AF8,140.0078125,150.00390625
5.507270341838448,5.507270341838448,5.17621685493792,7.53330136001269,4.324937126615274,12.88770978724063,12.88770978724063,7.607201450588834,22.859537907770182,17.64908352320067,18.181545833978582,18.18154583397858,20.705608685672622,21.99785024954092,13.058200395548951,5.636329538044426,5.636329538044425,11.03983897771937,3.4937800361616045,5.1409052094092,1.8872381131557097,1.8872381131557094,2.739964628509038,1.5747352125447416,1.8207342314046435,1.0416684011952522,1.7929603424208582,1.7515236403869734,0.46353873765249987,0.19080253565436087,hjorth_mobility,hjorth_complexity,0.9429717757832974,0.7335436595732666,1.2413051264792991,2.63480269581577,5.793694311172035,1.2257068253923689,5.604114430794585,2.773120214120998,1030,eeg_data_level_1.csv,2,TP9,140.0078125,150.00390625
6.6225048779458495,6.6225048779458495,6.360442805249435,7.843370335779916,6.41804464570338,11.580280288145907,11.580280288145907,6.947920023737733,21.50864459319288,14.853668564549748,16.77078850907883,16.77078850907883,19.160666985094597,21.437848899739326,12.208940274886693,4.973897715030746,4.973897715030746,9.917078881178975,2.627729438720806,4.402902393496251,2.2492466365029564,2.2492466365029564,3.0150416264548685,1.9425498850592282,2.224099145383764,1.1087284831574216,1.5715558841271293,1.5446389447035718,0.38595098099868536,0.20752616540869034,hjorth_mobility,hjorth_complexity,1.0462023701848373,0.8164130560265433,1.0993459162773735,2.517587101998047,5.223288401492651,1.0334390880759188,6.157904335932347,2.9069105504231305,1030,eeg_data_level_1.csv,2,TP10,140.0078125,150.00390625
0.07919508723401915,0.07919508723401915,0.148322021682642,0.053493532809479286,0.05648989566130663,0.06532328764522115,0.06532328764522115,0.05409979186489258,0.0964692401697074,0.07302759425648545,0.2260840450496108,0.2260840450496108,0.15960385953470488,0.38671795069494774,0.23208178507472915,0.3876475372237986,0.3876475372237986,0.3344005817263073,0.34797212061105065,0.3864674560522536,0.2578157513863335,0.2578157513863335,0.25946260324074655,0.25144903219389564,0.2490953136537104,0.8463553025680168,0.7264545011952597,1.4142127592807945,1.5419619047724467,1.161629942083458,hjorth_mobility,hjorth_complexity,0.7543774206266379,1.0067445090225338,0.8107979155642433,0.37967659736610226,0.2974259386185363,0.9853721537468064,0.16722778045705328,0.4790373895650857,1030,eeg_data_level_1.csv,3,AF7,150.0078125,160.00390625
0.17867723394712198,0.17867723394712198,0.3881746177410009,0.09019226857286797,0.10354264694234896,0.10061265259159054,0.10061265259159054,0.06273573944827429,0.17466728233936324,0.12963505538010653,0.1762050014566494,0.1762050014566494,0.12075208866746806,0.3066685615963828,0.19456307824932684,0.5960050667630055,0.5960050667630054,0.5272073986361107,0.6243815467007724,0.6332567257518525,0.5260869696566157,0.5260869696566157,0.46612365797418176,0.5565981187441094,0.5565484824153856,0.825371604150277,0.5957878407712144,0.6499012143076608,1.2279841784045804,1.1745499759144304,hjorth_mobility,hjorth_complexity,0.857608015028178,1.0652145046147803,0.6677185044557247,0.38477292753209025,0.6192978447947605,0.8411713507594688,0.29000452269894295,0.6308376201761359,1030,eeg_data_level_1.csv,3,AF8,150.0078125,160.00390625
4.147508586567354,4.147508586567354,7.470129194602772,3.822905238982879,2.078511354397662,3.2851265469258877,3.2851265469258877,3.2927019972703553,3.8957915170734054,3.7594086125295383,2.0798255045335603,2.07982550453356,2.374845974155884,1.533209127850871,2.136333470150115,0.9422944213851157,0.9422944213851155,0.7783936702996446,1.1477592308333762,0.9575503387764188,0.8442918246930001,0.8442918246930001,0.7007246222291721,0.985768337778214,0.7994135450417034,1.0922783103338198,1.0027934922643653,0.49763219060919844,0.17282777822401713,0.1618525544389453,hjorth_mobility,hjorth_complexity,0.4228483962986155,0.8428040377610286,0.6686199161227488,1.6894334500250054,2.2612519990861317,1.2257068253923689,4.7381398171887525,2.5498764346380307,1030,eeg_data_level_1.csv,3,TP9,150.0078125,160.00390625
2.180802181930929,2.180802181930929,1.645667676125145,4.081720259156273,2.154578708749801,3.392642147044131,3.392642147044131,3.3761861416404555,3.8882173527547135,3.675280973377482,2.3338550383306083,2.3338550383306083,2.3757582886142914,1.4510553550852126,2.494979495700406,1.0051755823386368,1.0051755823386366,0.9269056376125444,1.5515132280997657,1.0276514553433846,1.2365289804659012,1.236528980465901,1.121203927852896,1.2680543800148503,1.277575284412983,1.1781299266417617,1.441449494972174,0.8076829517505559,0.27649340186881777,0.34402959768635494,hjorth_mobility,hjorth_complexity,1.058113592615784,0.9385892611442669,1.0314687425934987,1.6664999642780596,1.0633995887594243,0.7931044164303563,1.8328461028484224,1.5859087653372619,1030,eeg_data_level_1.csv,3,TP10,150.0078125,160.00390625
1.915986793974063,1.915986793974063,2.9448140289772913,1.1552322192594318,1.2397020641880703,2.2436481871115763,2.2436481871115763,2.265124401364808,1.8670640679543349,2.0535841895168625,2.066417337215417,2.0664173372154173,1.5502621524409088,2.998102348437231,2.122302896546579,1.3166490551419503,1.31664905514195,2.5373795150812026,0.8191346781582971,1.056462102250827,0.6144295082242746,0.6144295082242746,0.7771564536230484,0.45980230653406085,0.5543621736498233,1.045856936804656,1.1651213770936892,0.8472081350822204,0.3869927568471911,0.20939380002382266,hjorth_mobility,hjorth_complexity,0.7583478281036202,0.8038547482967037,0.9622875850417928,0.9606582362887286,4.66510547559211,1.2978072268860377,1.963079605892102,1.641285583765325,1030,eeg_data_level_1.csv,4,AF7,160.0078125,170.00390625
1.679792493549861,1.6797924935498607,2.8208485070175584,0.7979264392204808,1.5448217838092002,3.3471321024298804,3.3471321024298804,3.4754700409060377,1.2065224657270768,2.7748924918125843,2.4730833300607267,2.4730833300607267,2.016867197628333,3.661494150665879,2.5274167006758166,1.598445232301125,1.5984452323011245,2.4364686710079013,1.4302548006915263,1.3057946592813918,0.9034156359447575,0.9034156359447574,1.0123673568915517,0.5677404119371338,0.8438360321048693,0.9587183839901733,1.4715181150896213,0.9737760526966472,0.456905887818138,0.293923382751738,hjorth_mobility,hjorth_complexity,0.9449569795217886,0.8353372121713443,0.8225075156659741,0.9147912647948371,4.392125504531261,1.1536064238987,2.0416795364423406,1.6738209033872615,1030,eeg_data_level_1.csv,4,AF8,160.0078125,170.00390625
4.512972576016466,4.512972576016466,7.321977796683736,4.676998680248604,2.919556783664507,4.269170751640939,4.269170751640939,4.479302327269615,4.215423854428893,3.6925947699434167,3.126820114571166,3.126820114571166,2.999591207875256,4.514568711666953,2.7957528303855894,1.8546727954987643,1.854672795498764,2.845760099400425,1.2176750769332767,1.5828441482593445,1.096345256371559,1.096345256371559,1.2853172684269472,0.9199940455350181,1.056336260237359,1.1063744786038112,1.0553964845941115,0.613939484725088,0.2642959299578726,0.17443989926744302,hjorth_mobility,hjorth_complexity,0.6968065122103945,0.796482478965641,0.9728419779585995,1.635921983282132,5.598126570710532,1.417974562708819,4.913111614097854,2.5965310145625744,1030,eeg_data_level_1.csv,4,TP9,160.0078125,170.00390625
3.012994576802822,3.0129945768028215,2.657172559291332,4.8253348116051935,3.1348327052805236,4.844659545069271,4.844659545069271,5.207251501270189,3.7844318027997548,3.9749299921919254,3.4246867891431636,3.4246867891431636,3.0628906999075576,3.7833299600343655,3.376863605664589,1.9287230734773757,1.9287230734773755,2.4885285938960697,1.7715611853172277,1.961986301945049,1.3518710727550034,1.3518710727550034,1.7523383720280263,1.5203327629379397,1.212278187749118,1.1543112119949477,1.4119373811132283,0.8487375339730158,0.3574037712011193,0.27364183923101804,hjorth_mobility,hjorth_complexity,0.9310605533523504,0.841635793560177,0.8745005905571422,1.610440332452192,4.339159241489605,0.8652048179240251,2.9919521740390387,2.026247643644564,1030,eeg_data_level_1.csv,4,TP10,160.0078125,170.00390625
0.6106932722473909,0.6106932722473909,0.6193227310973642,0.5304107834785509,0.7022737161176027,0.719305565979427,0.719305565979427,0.7563189851852937,0.7568826196251923,0.7406278936998629,1.1736352466859552,1.173635246685955,0.831072485861195,1.8742650084606793,1.3457539423367988,1.4545139184296727,1.4545139184296727,1.7445851447713492,1.456331807741624,1.3453434194337517,0.5649666814387138,0.5649666814387136,0.752841581425998,0.37135282330185204,0.5149476818027806,1.1012496521393558,1.1341891659595682,1.2646802907833625,1.0409876723018383,0.4906163769126226,hjorth_mobility,hjorth_complexity,0.9846610542916117,0.8964861384115341,1.225105971181613,2.2704150889476318,1.9597517325413143,1.2257068253923689,1.1527434010048885,1.257712918099413,1030,eeg_data_level_1.csv,5,AF7,170.0078125,180.00390625
1.1918748083837674,1.1918748083837674,1.3762558096371749,1.140685686288541,1.3422647879328107,0.6365326464585148,0.6365326464585148,0.6176988779082939,0.8552450947527723,0.6773937519443269,1.2948340494053288,1.2948340494053288,1.310067420453065,1.2699065350092467,1.4636587164257604,1.7456420658123237,1.7456420658123237,1.6832234979195109,1.756638490316174,1.522753858718355,1.0860156051492202,1.0860156051492202,1.4248497519858085,1.0933506271930302,1.0301022111471607,1.1834818047591895,0.7153631333866701,0.9030221099566155,0.8030647182340962,0.5613741214575635,hjorth_mobility,hjorth_complexity,0.9945870729840675,0.9369999222790679,1.125058027711518,2.42330499392727,2.0616099306983475,1.0094056209113627,1.5755430934995258,1.4703825580750896,1030,eeg_data_level_1.csv,5,AF8,170.0078125,180.00390625
2.6862231412682,2.686223141268199,2.674639641470883,3.8040178099156754,2.657183758271035,3.169645467967167,3.1696454679671673,3.5861723963884033,2.749951757847285,3.2716467429216154,2.4070276482951436,2.407027648295143,2.401789937121644,2.524097371726953,2.670070906363328,1.8676391162252657,1.8676391162252652,2.2532179523090385,1.8730940303496462,1.6016700732283893,1.1293154384254833,1.129315438425483,1.6693072826743631,0.795952628474353,1.1279681009953064,1.1885632716502046,1.2076495800721376,0.734034090915067,0.4045520893653006,0.2747157596393622,hjorth_mobility,hjorth_complexity,0.6670284561330272,0.8149455718124897,1.4993013977790195,2.1863256412088306,2.1267991775188486,1.2978072268860377,3.0373318796551816,2.041556123904771,1030,eeg_data_level_1.csv,5,TP9,170.0078125,180.00390625
2.6549853334223275,2.6549853334223275,1.7999405852400205,3.7603799053069795,3.172275653444165,2.914182519596779,2.914182519596779,3.438243784238692,2.878282916688968,2.7438481384656233,2.47867948517958,2.47867948517958,2.469434040292564,3.1147639283252397,2.436663107054444,2.1288274689147655,2.128827468914765,2.3435644250808134,1.5777746528516003,2.12897345680602,1.6499124502124944,1.6499124502124947,1.63465816092612,1.8724531077052404,1.7217169913656154,1.2183379390292395,1.1590751806254367,0.773258361713043,0.46673190851800206,0.3928174377927031,hjorth_mobility,hjorth_complexity,1.0124539066304876,0.9218606868090052,0.979274381601927,2.3952751780143364,2.200137080191912,0.7931044164303563,2.968326172294526,2.0182316379844893,1030,eeg_data_level_1.csv,5,TP10,170.0078125,180.00390625
6.5300973934975985,6.530097393497598,6.249770919567075,4.583556091064004,6.851579126107607,7.616386671837243,7.616386671837243,11.362451636135848,3.634356589355912,4.431770500041572,5.119509747091402,5.119509747091402,5.017283987709323,4.827541005749805,4.192338945095573,3.2849930874898914,3.2849930874898905,4.206694964051734,2.639831978824797,2.786465736879664,0.9230219917540076,0.9230219917540076,1.2263789864433403,0.7383437688405743,0.853618105240276,1.160528149920046,1.1492556861888272,0.6801074626331889,0.31832446489846605,0.10853725222126571,hjorth_mobility,hjorth_complexity,0.6630580486560449,0.6706161237046308,1.0011883118371543,2.6806696673096617,4.32693625771076,1.0574725552404751,5.299386700984573,2.6966712499195458,1030,eeg_data_level_1.csv,6,AF7,180.0078125,190.00390625
7.761386783275462,7.761386783275463,7.70480001595316,5.082401898905472,8.830098239104327,7.12248554258104,7.12248554258104,9.649447410325731,4.449600082892189,4.357107893771802,5.849591822475506,5.849591822475507,6.195604022809754,4.0508540287503845,4.653611099685966,3.3515520299207258,3.3515520299207258,3.7378760637006816,2.628555356681684,3.564382623530538,1.3610317618114711,1.3610317618114711,1.5832322327109944,1.4270169109340207,1.2048659265895425,1.1681847413846695,1.0211724745616908,0.67788833438112,0.29127079285471924,0.13713690230187783,hjorth_mobility,hjorth_complexity,0.728569772026253,0.7378490513874602,1.1136897388235147,2.8208187468743304,5.019572005178585,1.0574725552404751,5.973748935889731,2.8631142753190177,1030,eeg_data_level_1.csv,6,AF8,180.0078125,190.00390625
8.689749313813754,8.689749313813758,7.9005308541196175,8.949225940116992,9.938136986435367,12.236075818922878,12.236075818922878,17.06884706795442,6.544409583776094,7.957044030772275,8.463805089979784,8.463805089979784,8.263736199198734,6.355831482665887,6.51959799134741,3.9308389148611282,3.9308389148611274,5.090402904705986,3.1356901543236817,4.4738792497857425,1.8999114761162654,1.8999114761162657,2.2385709524023776,1.9775883644542116,1.803490140812826,1.1702408986933948,1.3047593020312394,0.78148303931526,0.28207625430486394,0.15551415130178123,hjorth_mobility,hjorth_complexity,0.6491616224866068,0.7077689801156306,1.1241741191836594,3.1189540615846254,4.221003731627446,0.6008366791139064,7.354976052586665,3.176916723137297,1030,eeg_data_level_1.csv,6,TP9,180.0078125,190.00390625
9.100237169117788,9.100237169117788,8.022185101687812,8.548969983829224,9.972496051194858,12.139997491235516,12.139997491235516,16.295592823957154,6.821238213997191,7.994050736024327,8.088584757336903,8.088584757336903,8.002821737357655,8.487367120084755,7.081194353206808,4.057851897175259,4.057851897175258,4.141131195998882,2.39401734012035,4.548861689033802,2.388076587108247,2.3880765871082477,2.4618433253785708,2.842730363947393,2.3647990549226705,1.1657930848406235,1.2668495301780076,0.7333393611325416,0.2790871014727686,0.18390983521920232,hjorth_mobility,hjorth_complexity,0.7940814953964611,0.8046947399178784,1.0165998258723918,3.3890595603819866,4.4491660954992005,0.7450374821012439,7.8512575499420745,3.2823494170476115,1030,eeg_data_level_1.csv,6,TP10,180.0078125,190.00390625
0.08522668980837236,0.08522668980837238,0.1563499620204429,0.05965329540046663,0.06073299630563489,0.08384805764734367,0.08384805764734367,0.06471746982961975,0.17061647750983575,0.08399576129453377,0.20079215294157393,0.20079215294157393,0.154028670040245,0.30690655280782186,0.22158869182082816,0.49655503316007826,0.4965550331600782,0.39159886808656436,0.5907660082942714,0.533558213707501,0.47440687925089065,0.4744068792508907,0.525403841393543,0.4175727523646126,0.45595171056541917,0.7771923369630848,0.7401876212375675,1.062916420183349,1.5659406008613181,1.5902503498765914,hjorth_mobility,hjorth_complexity,1.1017880748625895,1.0636868546666525,0.9143814931457727,0.4892476959348432,0.3218719061762242,1.0815060224050315,0.20750718725154324,0.5336195976577331,1030,eeg_data_level_1.csv,7,AF7,190.0078125,200.00390625
0.30659681239210224,0.3065968123921022,0.393003676517224,0.17684338091836552,0.2679552285422082,0.15133461912413237,0.15133461912413237,0.12946391626725479,0.20019564243144355,0.15199117786372604,0.26755394095977103,0.26755394095977103,0.1871783340694273,0.37793915178865617,0.2925615442495484,0.7483281893184374,0.7483281893184373,0.7163900233813925,0.9627685297168816,0.7623519629636278,0.9206681107244786,0.9206681107244786,1.3475004249861644,0.9916285902458488,0.9633869294951468,1.002481046833419,0.5634715753013345,0.6334275518200277,1.0267213079152602,1.2865644529415408,hjorth_mobility,hjorth_complexity,0.871504441197616,1.107405921141324,0.7285944224733928,0.6472339310804697,0.7741223059934506,0.9132717522531376,0.47064675418016455,0.8036421987632683,1030,eeg_data_level_1.csv,7,AF8,190.0078125,200.00390625
3.5857533999603093,3.5857533999603097,7.148092053904698,2.3363394602779635,1.9871573256235597,2.7319920255186307,2.7319920255186307,2.5708569841088997,2.0832472989008286,2.982042385038151,2.6168758132443872,2.6168758132443872,2.7757874681414356,1.6030713615846823,2.2680847265159643,1.4898051725313566,1.4898051725313564,1.2349490083845234,1.4961958533874247,1.534576569455815,1.4590752979114223,1.4590752979114223,1.3745290213281656,1.635381794346421,1.4423833384284452,1.0371906993604678,0.9269448219593853,0.6333383370421417,0.27510872171174594,0.2806175506284701,hjorth_mobility,hjorth_complexity,0.5101973607922262,0.8920933233030484,0.48070621404175845,1.439713271891596,3.039448633005864,1.3458741612151501,5.242299430579589,2.6821070701552796,1030,eeg_data_level_1.csv,7,TP9,190.0078125,200.00390625
1.5150322494527837,1.5150322494527837,1.402694693436737,2.2714428872774985,1.6974052467746223,2.657338529995391,2.657338529995391,2.4036186600627394,2.434368841610126,2.8588172191971406,2.61118041765013,2.6111804176501305,2.8382783169678096,1.366648416171053,2.0835514399034234,1.77682018235735,1.7768201823573497,1.4849124062603258,1.9506169576566885,1.9221420737765345,2.445946261473755,2.445946261473755,2.1385387734726846,3.1363121876768245,2.61807059606462,1.0709707953388783,1.4380064668299826,1.04757252564173,0.5449861069719851,0.7518734612066058,hjorth_mobility,hjorth_complexity,1.1176697047705189,1.0171398550088542,0.9918591386619338,1.4804839132194996,1.0837712283908307,0.8411713507594688,1.606247206429507,1.4846408018245283,1030,eeg_data_level_1.csv,7,TP10,190.0078125,200.00390625
11.27433083580683,11.274330835806829,9.181478831763691,8.670749802856522,12.62493782923476,9.175782162273594,9.175782162273594,12.346581620832538,11.753728564902197,6.2840537453647345,11.74901594442861,11.74901594442861,15.79131610018009,0.5639005279706738,9.106227190626575,4.99138177034957,4.991381770349569,8.623712337334972,2.178608276107108,3.7144574196073132,1.381920700201922,1.3819207002019218,2.0060246933927637,0.681973327739597,1.3840193382122552,1.2718700917603347,1.0007642589332955,0.8628572525522838,0.3014074092979987,0.10343979525419235,hjorth_mobility,hjorth_complexity,1.1534033720633596,0.715337345166131,1.1785651241405035,4.645304946298016,8.226068083161982,1.1776398910632564,7.828688362063913,3.2776283087196982,1030,eeg_data_level_1.csv,8,AF7,200.0078125,210.00390625
11.921171519222405,11.921171519222403,9.172226059223467,11.568467725344277,13.693177091226817,9.661408911924775,9.661408911924775,13.219375564563173,10.554519074744166,6.4193534665652034,10.80704312869567,10.80704312869567,15.655201774205315,0.9858787993412342,8.153813522899036,5.918715263143547,5.918715263143546,10.831258018326968,2.777975433900498,4.705401181970401,1.8707251236964777,1.8707251236964773,2.1913415433966508,0.9697294188020679,1.7073617991424859,1.2807735168697205,0.9889162479329028,0.7733256908578966,0.3323705094144372,0.12860030704574987,hjorth_mobility,hjorth_complexity,1.0223799253229435,0.8190678004667262,1.080958868583998,4.658045771712986,8.21791942730942,1.0334390880759188,8.293540980049011,3.373534817127513,1030,eeg_data_level_1.csv,8,AF8,200.0078125,210.00390625
11.08610808428007,11.086108084280069,10.284011439756446,9.4676139037906,10.975007513709745,11.555642981660474,11.555642981660473,16.332094432502373,11.105712741461778,9.709915193509826,17.66218327376755,17.66218327376755,26.160460466259554,5.965133200598513,17.264078581919907,6.746066042775313,6.746066042775312,10.214480204853723,0.8926788095075643,6.24312536979094,2.0729551900392282,2.0729551900392287,2.3101488866884434,1.5633048713886513,1.9662335469324805,1.2251733153725592,1.1334283578792428,1.1827648069451304,0.372899005136007,0.1424064533345855,hjorth_mobility,hjorth_complexity,0.8814304598900717,0.7216625284148825,1.6143582830835452,4.688623752708914,8.238291066940826,1.321840694050594,8.669904975044126,3.4492316935874507,1030,eeg_data_level_1.csv,8,TP9,200.0078125,210.00390625
11.845875805798814,11.845875805798812,10.977076011570288,11.188300829751102,12.358305636793352,10.820910088635213,10.820910088635213,16.398962226334028,8.427280057737596,8.724391497266208,14.147086932475705,14.147086932475705,22.259375410520235,5.427771084907075,12.945434341069737,6.109811596210032,6.109811596210032,8.157960332247715,2.180171712316186,4.571215717856058,2.392742210048276,2.3927422100482763,2.0829407375466387,1.9098838173871935,2.476473467325245,1.2527261855572274,1.038194356870356,0.9653496259213356,0.3365716883080019,0.15772765853033383,hjorth_mobility,hjorth_complexity,1.1375217421554302,0.8066573000767773,1.0883626964510116,4.319139815674788,8.221993755235701,0.7690709492658001,8.856125683914852,3.486077878099385,1030,eeg_data_level_1.csv,8,TP10,200.0078125,210.00390625
0.048377331411300364,0.04837733141130037,0.052284767112595235,0.030606658418860115,0.03866223410869311,0.05390200630209191,0.05390200630209191,0.05427759050627166,0.08488862644396783,0.054725033664333,0.12245177381411422,0.12245177381411425,0.09083345945895926,0.20649599488851855,0.12963657989519103,0.5954679522907564,0.5954679522907564,0.6381081797547806,0.37682395546058184,0.5959011645942994,0.385480146119318,0.3854801461193181,0.3662629361261213,0.29253471454852936,0.37928375954413884,0.7042542492502433,0.6666535882781495,0.9302436700723801,2.3412777356030157,1.7501979904751288,hjorth_mobility,hjorth_complexity,1.290382430019249,1.0300852810833023,1.0233297828815333,0.42554356885999384,0.3463178737339121,1.0574725552404751,0.09727936586765248,0.36536384136561845,1030,eeg_data_level_1.csv,9,AF7,210.0078125,220.00390625
0.1334306287480105,0.13343062874801048,0.11669396724789283,0.1508500033344283,0.14179107386277376,0.17988305969660925,0.17988305969660923,0.22654288724246027,0.12510192299182293,0.1856819031106054,0.2716203254887207,0.2716203254887207,0.312736400925849,0.2708901810820513,0.24101883299264368,0.6629570100195835,0.6629570100195835,0.5467465331553432,0.5365924287886391,0.6779889780826498,0.7281351688671189,0.7281351688671188,0.6436075236690691,0.6845974765748077,0.7148570806442714,0.8827302507035746,0.9233486053164279,0.9584348748640886,1.4060781134645053,1.6250515216019246,hjorth_mobility,hjorth_complexity,1.304278856188687,1.1035603020686313,0.930825692391776,0.6548784263294516,0.7618993222146067,0.9613386865822501,0.1972553456711184,0.52027096538436,1030,eeg_data_level_1.csv,9,AF8,210.0078125,220.00390625
0.9450686798701416,0.9450686798701416,0.7844105727224737,1.2923781986795038,1.0033218404288096,1.4563200050188818,1.4563200050188818,1.3645259511989811,1.7891196400689815,1.6688312618439574,1.1487437239038043,1.1487437239038043,2.0124152148291716,0.3912867815839887,0.9980428257703478,0.9692688035609058,0.9692688035609057,1.0721520390877723,1.0080019764816939,0.9648977097951845,0.982961695166662,0.9829616951666617,1.1078674399858242,0.6159097485159588,0.9303159518050934,1.1345410642474638,1.4013436145379174,0.8374603702521551,0.5250245298155888,0.5572439911861895,hjorth_mobility,hjorth_complexity,1.1037732786010808,0.9556485699592244,1.1276047344601008,1.2740825414969874,0.8270885690351077,1.0574725552404751,1.0151786107059348,1.18028375220772,1030,eeg_data_level_1.csv,9,TP9,210.0078125,220.00390625
1.0172556582191659,1.0172556582191656,0.7056410605198673,1.811081525524973,1.1700114092898044,1.3997977445925864,1.3997977445925864,1.3062831491288345,1.6424623197498487,1.649106765886673,0.9731800047351471,0.9731800047351471,1.6172691079312718,0.49561912312964224,0.7958505705145857,1.203865863908378,1.2038658639083781,1.0192554986782,1.4238254553848502,1.218122722598195,1.3624442346182264,1.3624442346182264,1.0230701126574475,1.0600518754779868,1.3822399771128635,1.1453359672466676,1.293875054934171,0.6921461648570542,0.5949540182062849,0.6945396717426793,hjorth_mobility,hjorth_complexity,1.2149446879565853,1.0116221372934893,0.9643442038937411,1.3428829987378248,0.9411697509709847,0.8411713507594688,1.0979396148773923,1.2274517427542206,1030,eeg_data_level_1.csv,9,TP10,210.0078125,220.00390625
0.05698908578540828,0.056989085785408275,0.04566387122180805,0.09278646959155486,0.05739790525291945,0.06658288859118063,0.06658288859118063,0.05317030439173202,0.10310043941532625,0.08281343801047902,0.1721672467896393,0.1721672467896393,0.1467589443189623,0.10794795289539788,0.19024848307106754,0.6165947810710892,0.6165947810710892,0.5312437744343472,0.5014918374107987,0.636213720180559,0.49542821106873014,0.4954282110687301,0.5434624085525389,0.3132902243908717,0.515942485778645,0.7532089608673898,0.7101954224721092,1.0724911480402644,2.1317179263754427,1.902164295622443,hjorth_mobility,hjorth_complexity,1.2824416150652844,1.0548606924055692,0.9773577878633031,0.4994403562668191,0.4196557764069758,1.0334390880759188,0.13245912689089734,0.4263400612752866,1030,eeg_data_level_1.csv,10,AF7,220.0078125,230.00390625
0.20034914452191796,0.20034914452191796,0.2507548998314784,0.14967106642937777,0.21725478537827944,0.18479606663393627,0.18479606663393627,0.14340850163457142,0.29666913472194,0.18696699375067385,0.35470761798317657,0.35470761798317657,0.37243214903682526,0.33771002920368104,0.34406668606741536,1.1020313548248086,1.1020313548248086,0.8742241752273284,1.3785677905078857,1.1648343382324082,1.014136162381493,1.014136162381493,1.1409216545369323,0.915077041456447,0.9750113454092817,0.8585282206731645,0.7478154322338704,0.8848899896735334,1.5849594266366778,1.5668869900142466,hjorth_mobility,hjorth_complexity,1.1156845010320275,1.0638747947975724,1.032904000005071,0.815412826558072,0.8596831924453583,1.0334390880759188,0.33091653329320087,0.673867377395718,1030,eeg_data_level_1.csv,10,AF8,220.0078125,230.00390625
1.5691587734116133,1.569158773411613,1.727001823442462,1.2575737983364075,1.4920540066002081,1.824685904019787,1.824685904019787,1.6427074103537498,1.492290597320565,2.0679650638883578,1.4920989442799801,1.4920989442799801,1.3533647192185716,1.1332260265596592,1.6097493052235154,1.2339933091157667,1.2339933091157664,1.353297761653196,1.141912758417285,1.1739966203709773,1.2637559310909088,1.2637559310909092,1.25762436035677,1.4222349175526998,1.2313022459331566,1.136120731310224,1.1815895392147961,0.7426178813250429,0.433697179955923,0.46500364768130503,hjorth_mobility,hjorth_complexity,0.8377559776432664,0.9334673491937523,0.9591282684224173,1.2944678621609393,1.5767649074708703,0.9132717522531376,1.7334471794147146,1.5423058489004187,1030,eeg_data_level_1.csv,10,TP9,220.0078125,230.00390625
1.2696440984948487,1.2696440984948487,1.1132312164849671,1.4624089661790394,1.255149538036671,1.8317694473066166,1.8317694473066164,1.6252059537116137,1.2896294966970279,1.9814727693189178,1.452381889235952,1.452381889235952,1.2998921660622529,1.1911660499515355,1.5388619636952419,1.6051437050280213,1.605143705028021,1.3812335179502815,1.5710461682500623,1.760611969119276,1.9591739321308212,1.959173932130821,1.6343917215403372,2.473138932347968,2.0417965859729086,1.104936746221567,1.2977007922631103,0.8017990634789028,0.6077043676913784,0.7570242295385423,hjorth_mobility,hjorth_complexity,1.2387671328184793,1.0390445986483934,0.9683086649147307,1.439713271891596,0.9900616860863605,0.7450374821012439,1.4076729323864756,1.3898440723337604,1030,eeg_data_level_1.csv,10,TP10,220.0078125,230.00390625
0.022241557900965166,0.022241557900965162,0.017188029664746515,0.027760641857625508,0.022669705906797857,0.03666412342478177,0.03666412342478177,0.03510329273754925,0.060697170343406,0.03585987108341166,0.11620704140451717,0.11620704140451718,0.0845799886225421,0.1010122366323763,0.1375812766354591,0.5185656121577086,0.5185656121577086,0.4739521319446383,0.5647074844074125,0.5326637668966681,0.36442693895738104,0.36442693895738104,0.3826174809247677,0.26656163954103085,0.36367309005445436,0.5357178801706561,0.6314254388440038,1.1383716948690528,2.6869269202957597,2.1492795691919224,hjorth_mobility,hjorth_complexity,1.2526635589879171,1.044350049332056,1.0011883118371543,0.4510252196899336,0.14260147741984616,1.0574725552404751,0.07723629630523522,0.32555616149645933,1030,eeg_data_level_1.csv,11,AF7,230.0078125,240.00390625
0.04613115456633663,0.04613115456633663,0.05306674121114703,0.05149708351431971,0.043819999800360526,0.07856336715752711,0.07856336715752711,0.055323824114717424,0.1685148616763825,0.0968545950615383,0.2504978453079932,0.2504978453079932,0.21624337477669542,0.2694139143062591,0.2520661777298595,0.6309986859477619,0.6309986859477615,0.6644674494054814,0.6650800604862642,0.6039468334217991,0.6464717171404255,0.6464717171404255,0.6735743429687977,0.5335922975132898,0.5796328765909725,0.6029681870423113,0.7710468996119706,1.373895300439873,2.045541916421174,2.2267879328721065,hjorth_mobility,hjorth_complexity,1.2526635589879171,1.0806751863107902,0.8687245546325217,0.3975137529470601,0.5296626304165715,0.9132717522531376,0.13248098809564854,0.4263752416477727,1030,eeg_data_level_1.csv,11,AF8,230.0078125,240.00390625
1.1157354124350554,1.1157354124350554,0.8880017938744118,0.9241670416513293,1.5479274792500888,2.0657388166592137,2.0657388166592137,1.7711772216142563,2.9159316145278145,1.8841063194377925,1.3552595194855004,1.3552595194855004,2.519185069299096,0.4570941015976998,1.0975148425152188,0.883531442425503,0.8835314424255029,0.7350529919918476,0.7868694848835601,0.9044722006162947,0.8784271637823704,0.8784271637823704,1.0805460313565984,0.5258029154656513,0.8966235401283769,1.0966794050016395,1.5705890127277653,0.8139568528115487,0.41654678301930026,0.4323228370001873,hjorth_mobility,hjorth_complexity,1.0243651290614346,0.9337547197821786,0.9907476893249234,1.4499059322235717,1.1774807706953012,0.9613386865822501,1.1018306482887057,1.229624827522988,1030,eeg_data_level_1.csv,11,TP9,230.0078125,240.00390625
1.3085050109248286,1.3085050109248286,1.036040148389825,1.0724352790364573,1.776142093818839,2.104058710688262,2.104058710688262,1.9471248860480892,2.572939227414591,1.7901379927953025,1.3189089704339048,1.3189089704339048,2.170278564294533,0.545044878764334,1.0670450091820856,1.0319453269665873,1.031945326966587,1.0155894584379643,1.0841121499486315,1.0221241878669156,1.219277885644456,1.2192778856444555,1.1830927302463459,1.0754767004135455,1.222855570312917,1.1179390570472703,1.4342985639599086,0.731726441876368,0.4246188144014399,0.5125711962756122,hjorth_mobility,hjorth_complexity,1.2526635589879171,1.0092995716805329,0.8898946014532145,1.4677430878045297,1.316007920188866,0.8171378835949126,1.2116647406052645,1.2894557238267572,1030,eeg_data_level_1.csv,11,TP10,230.0078125,240.00390625
0.08029584086497919,0.08029584086497918,0.06475033715117197,0.11409824326615878,0.09337821142254031,0.09324135803441774,0.09324135803441774,0.11253919012528271,0.11202826633797801,0.07856184427765799,0.17578519811940127,0.17578519811940127,0.1641253328323622,0.14263632270944723,0.18743706066408555,0.5225690460869588,0.5225690460869588,0.45581260588394723,0.5385695044725207,0.5201474704407194,0.4177506081272021,0.4177506081272022,0.5852550115513124,0.2905014742578912,0.37694570531987404,0.8836276797115907,0.8299018149642109,1.0172431868426144,1.7432369023791812,1.528845800925019,hjorth_mobility,hjorth_complexity,1.1375217421554302,1.0253546752258524,0.9678273285876791,0.48669953085184925,0.2159393800929099,1.0334390880759188,0.12586596511908293,0.4155940817562022,1030,eeg_data_level_1.csv,12,AF7,240.0078125,250.00390625
0.19172168179625096,0.19172168179625096,0.17600717365946036,0.21867708220509,0.19014621173953203,0.19117471101788924,0.19117471101788922,0.17881466978381902,0.24728999588071002,0.21097210094579177,0.32127413580222447,0.32127413580222447,0.2631905983126519,0.4115470437801738,0.34385835939152776,0.797336757904936,0.7973367579049359,0.8041879074165944,0.8460042636683383,0.7663703079093588,0.9529515209286049,0.9529515209286054,1.1465036548107095,0.4167256414533476,0.9487045339044724,0.9385208425695516,0.8131869616721971,0.8954090113500695,1.3107857993016863,1.5998292042837672,hjorth_mobility,hjorth_complexity,1.1494329645863772,1.0732671128813558,0.8667029420589045,0.6956490676573551,1.087845556317112,0.9132717522531376,0.27329152320289635,0.6123902673102741,1030,eeg_data_level_1.csv,12,AF8,240.0078125,250.00390625
1.6562693735705603,1.6562693735705603,1.7069280513844056,1.7287890305722786,1.2186044480138043,1.5774503198981495,1.5774503198981493,1.5488816609141334,2.5007850515117465,1.5769525880385877,1.2885599496480291,1.2885599496480291,1.667963399704793,0.8850049115576796,1.2985931025551256,1.1979641965184373,1.1979641965184378,0.9084316482200108,1.318381309301949,1.2658910657481033,1.1716777502722207,1.1716777502722204,1.5007001146509618,1.1736628001363167,1.1356164816003766,1.173637747413164,1.0886088887068324,0.6677133892536606,0.4367656727582119,0.4452076377696552,hjorth_mobility,hjorth_complexity,0.6868804935179388,0.9446291865388399,0.7319900314715031,1.0957109856874092,1.4300891021247428,1.0334390880759188,1.594153918672389,1.4790413803790763,1030,eeg_data_level_1.csv,12,TP9,240.0078125,250.00390625
1.2012635812424453,1.2012635812424446,0.9072549162938219,1.4208706958484558,1.2964634821726626,1.647494710496561,1.647494710496561,1.4336818443324917,2.0836264264611803,1.7955905442960376,1.3847447981016257,1.3847447981016254,2.0001131913325723,0.5592502594659953,1.359576837487624,1.311297085264627,1.311297085264627,1.1556912194580706,1.5442808174654175,1.386736443306578,1.834699142752893,1.834699142752893,1.4426636647501583,2.4936669961471316,1.8400144649956176,1.1230295225595317,1.2759978358587765,0.8092112376006215,0.5472592420047265,0.7642035008932101,hjorth_mobility,hjorth_complexity,1.2824416150652844,1.0659987918102403,0.8732928739547217,1.2766307065799816,1.1041428680222374,0.7931044164303563,1.1256367538577503,1.242837451612652,1030,eeg_data_level_1.csv,12,TP10,240.0078125,250.00390625
0.06308718050288824,0.06308718050288824,0.059133558766673554,0.07774450368406126,0.06346054068060605,0.07596744165872589,0.07596744165872589,0.06619550982868365,0.11941404079460267,0.0761656481350249,0.21374128550373514,0.21374128550373514,0.1813812143121585,0.2989132487036771,0.20886194290247595,0.5969427374979341,0.5969427374979339,0.6382257776084597,0.401107870097724,0.5814260102306195,0.5092280414439058,0.5092280414439058,0.8525710679114764,0.44900554269265686,0.4538031842772977,0.7581225282121975,0.7453742512128056,1.2214420824355499,1.9626245923882066,1.8348024003611232,hjorth_mobility,hjorth_complexity,1.2109742804796029,1.0579317864751567,1.007069366596768,0.47141054035388535,0.37891249714416264,1.0574725552404751,0.11339839156696607,0.39447423857567615,1030,eeg_data_level_1.csv,13,AF7,250.0078125,260.00390625
0.15876250497932856,0.15876250497932856,0.13854578638908838,0.26114106209442145,0.16409194490761514,0.19712158388921394,0.1971215838892139,0.1127768724766012,0.3268633410004107,0.27118041054112413,0.35129256318960034,0.35129256318960034,0.33908310219885446,0.4047788351953867,0.3166072542080498,0.89318564424276,0.89318564424276,0.7305422797893105,1.2690609028715676,0.9175617311321538,0.8202725077841782,0.8202725077841782,0.7482368365359824,0.8192273409715449,0.7994394443259502,0.8997053045004296,0.926932503034007,1.0410147377607035,1.5850054428563067,1.5597624928809584,hjorth_mobility,hjorth_complexity,1.2070038730026207,1.0602980319771762,0.9112659343743109,0.5707889785906504,0.46854771152235164,0.9373052194176938,0.2313953306958482,0.5634981503185275,1030,eeg_data_level_1.csv,13,AF8,250.0078125,260.00390625
0.7718502046201479,0.7718502046201478,0.5278763759185356,1.2650774366722721,0.8512440492229003,1.4446875559930097,1.4446875559930097,1.3740628743512269,1.7753582740894924,1.3991048565218505,1.491467248139387,1.491467248139387,1.754528615870542,0.9980344476869394,1.4387671238159445,1.1178586477444479,1.1178586477444477,1.0265364645774446,1.1578668519284778,1.1771585075709297,1.0138552030638168,1.0138552030638168,1.0818299563348506,0.954060066815133,1.0838851739046618,1.0787394565732809,1.4903064940623914,1.1435533326465763,0.6444494278080818,0.6211420507436903,hjorth_mobility,hjorth_complexity,0.9032677010134743,0.9101387905638105,1.2524546261277334,1.2689862113309995,0.5581829259005406,1.0574725552404751,0.9519840492419597,1.142957377169689,1030,eeg_data_level_1.csv,13,TP9,250.0078125,260.00390625
0.7763859782965487,0.7763859782965482,0.5492401916372662,1.3387134531290512,0.8388114627363915,1.2297391087611398,1.2297391087611398,1.1828249576973522,1.5661176011987854,1.2500108839389052,1.1025852069621322,1.1025852069621322,1.0129955938179622,1.0246033002941568,1.2046400539195736,1.4026585099133682,1.4026585099133677,1.417097870226499,1.1072097493130533,1.5056677796020799,1.6566224743632776,1.6566224743632776,1.218904681793518,2.3676136213540087,1.8389954918861788,1.0657921456041846,1.2990939216631991,0.8886260137373805,0.7630242216429468,0.9314316245576142,hjorth_mobility,hjorth_complexity,1.1772258169252534,1.0401133649752634,1.0461538763533673,1.2944678621609393,0.7130073870992308,0.9132717522531376,0.9769486448933592,1.157846711923888,1030,eeg_data_level_1.csv,13,TP10,250.0078125,260.00390625
0.05932345395780628,0.05932345395780627,0.06528192253004352,0.06045432509995191,0.061625570511668566,0.07314981614748506,0.07314981614748506,0.05569660037617626,0.1378554084690515,0.09233002458425452,0.11343949661111093,0.11343949661111093,0.10486776507798519,0.12155851489013011,0.11370564749209194,0.6291515183748521,0.6291515183748521,0.5250836555579447,0.6607425514871821,0.6220427890981216,0.6340278266376735,0.6340278266376734,0.6578350287614984,0.38650766233078426,0.6080523600326811,0.7046686216027561,0.7091467911315291,0.7010184195039695,1.996963988014317,2.1346407519633246,hjorth_mobility,hjorth_complexity,1.3201604860966163,1.1085610539276836,1.021378182864578,0.48669953085184925,0.26890564313456705,1.0815060224050315,0.1183644393469644,0.4030192791764642,1030,eeg_data_level_1.csv,14,AF7,260.0078125,270.00390625
0.2110235752509588,0.2110235752509588,0.18267241447962237,0.21950873170427557,0.2097379250119087,0.2926100584783397,0.2926100584783397,0.21945309339664745,0.3559505753031624,0.35113129761822626,0.34728348338627224,0.3472834833862723,0.2529088139859431,0.4165475974677525,0.41540255935366527,0.9450873920531312,0.9450873920531312,0.7582758471609455,0.9936049081035624,1.0114724531910577,0.9336751251654285,0.9336751251654284,0.8634924779231201,0.8739492161319862,0.9411643417878738,0.9325819900231841,1.0239315749345648,0.8712193303140802,1.3852007674131046,1.4547952294203472,hjorth_mobility,hjorth_complexity,1.1474477608478861,1.05889200451795,0.856428599368746,0.5682408135076564,0.8474602086665143,0.9613386865822501,0.2918816127617269,0.6328759143926455,1030,eeg_data_level_1.csv,14,AF8,260.0078125,270.00390625
1.5405517851725576,1.5405517851725576,1.578304248978647,2.1076173885844156,1.2997736740231811,2.7425845310312456,2.7425845310312456,2.570014232814751,2.1549872265611913,3.3535248624903877,1.9827926367191997,1.9827926367192001,2.545113260674572,1.1072447728022916,1.6417233766917723,1.2810949944505303,1.28109499445053,1.2052571519970314,1.7830471421632128,1.3431284625975477,1.267867180193413,1.267867180193413,1.1697108305618562,1.599565956281002,1.3475573689741918,1.1106186453259665,1.528388579076931,0.8866083012837631,0.4374832884300277,0.4529558185070269,hjorth_mobility,hjorth_complexity,0.8913564785825274,0.8771192824903515,1.0043301253173647,1.4600985925555476,1.4341634300510242,0.7690709492658001,1.7826535315470007,1.5640429362910746,1030,eeg_data_level_1.csv,14,TP9,260.0078125,270.00390625
1.4800670547811972,1.480067054781197,1.6205269171224697,1.6760585672998654,1.2225681713913252,2.359738475928052,2.359738475928052,2.490357227592141,1.9669121465105632,2.8986117911849827,2.075219980675394,2.075219980675394,2.619880558820083,1.5960142115301366,1.7129042765766065,1.4615869531309487,1.4615869531309484,1.1226549446451597,1.9242310193303767,1.5457330338959823,1.7518299954277055,1.7518299954277057,1.5123191866356167,1.284690569484563,1.864625871699275,1.0908101543032327,1.3954565030549895,0.9443667012283464,0.502462400630947,0.61367022701034,hjorth_mobility,hjorth_complexity,1.1395069458939213,0.9869372037982008,0.9444343830929653,1.5518325355433307,1.3689741832305231,0.7450374821012439,1.783482655092543,1.564406617188989,1030,eeg_data_level_1.csv,14,TP10,260.0078125,270.00390625
0.0733701286765554,0.07337012867655539,0.05781329668695577,0.08040456437112702,0.07496561578795255,0.07593868363551474,0.07593868363551474,0.06427851846277821,0.10712514028967852,0.07824466133322333,0.18839613957465864,0.18839613957465864,0.16104099619241155,0.2006744964415081,0.20616635662160823,0.6671925183196489,0.6671925183196489,0.5444489331732127,0.7130243865801118,0.6883111603446922,0.58322825513024,0.5832282551302401,0.5461751120867536,0.6432566841527313,0.5635192100995744,0.7917323143241887,0.6839979636178712,1.0123663468085509,1.99290955119181,1.9130808420208785,hjorth_mobility,hjorth_complexity,1.2189150954335675,1.0666201721860582,0.9951322256858854,0.42554356885999384,0.31779757824994287,1.0574725552404751,0.13862426753702478,0.43614895019715966,1030,eeg_data_level_1.csv,15,AF7,270.0078125,280.00390625
0.3318489146110481,0.331848914611048,0.36296479216217814,0.2752499435681246,0.37185166773358225,0.24346802503170603,0.24346802503170603,0.18063139033965825,0.32562988032188184,0.29234557761685287,0.37718919340292184,0.37718919340292184,0.28655477568538595,0.6193322520538944,0.3990087182037465,1.2827661463218216,1.2827661463218214,1.283625651814539,1.2786010771382206,1.2082286462423464,1.0864894907160978,1.0864894907160976,1.1082353022861722,0.9755666175598452,1.0939525567597037,1.0059786706078957,0.7316725376437868,0.7418170236640808,1.4040990183743958,1.3015236618958634,hjorth_mobility,hjorth_complexity,1.0481875739233284,1.0479517123217224,0.9549012603139446,0.7032935629063372,0.9737643743812352,0.9853721537468064,0.41530680440171225,0.7549178990540465,1030,eeg_data_level_1.csv,15,AF8,270.0078125,280.00390625
1.7395696209967206,1.7395696209967204,1.3208140265094457,3.054623834285236,1.6777507806472225,2.5399983667906425,2.5399983667906425,2.114750522779481,2.46418515607641,3.2615536286774485,2.1301920971698927,2.130192097169892,2.5666150033906385,1.2481916566918163,1.7578433160598572,1.4389916159182212,1.4389916159182212,1.1987950076349716,1.404006097656371,1.4729462333209407,1.1057420352796457,1.1057420352796457,1.3195713534318319,0.9034235719818258,1.041814277288473,1.1736692737744205,1.400904494184117,0.8867068072415254,0.45624908102965933,0.3758109374744091,hjorth_mobility,hjorth_complexity,0.7702590505345671,0.8127578566005564,1.049470721225233,1.4065871258126743,1.2467443454420835,0.8411713507594688,1.7050911082315476,1.5296391624861814,1030,eeg_data_level_1.csv,15,TP9,270.0078125,280.00390625
1.7174964985081087,1.7174964985081087,1.2907803459041072,2.451686830919799,1.8100745630600168,2.3883629764296797,2.3883629764296797,1.745021555153629,2.289005884666043,3.1612581365598147,2.1641390522893533,2.1641390522893533,2.735962665223895,1.6526651253636806,1.6362547891335388,1.4983900870899929,1.4983900870899924,1.3863704608457093,2.0309330700045094,1.5177156577513506,1.8306497516910254,1.8306497516910254,2.2965938015243244,1.959856474786378,1.8156857649262572,1.1593130194940517,1.3350328819002337,0.8971421916075673,0.46873398152828644,0.5801425167067634,hjorth_mobility,hjorth_complexity,1.002527887938032,0.9349924734244757,0.9408724942727826,1.3683646495677646,0.9941360140126417,0.660920347025297,1.6320848031014028,1.4965339022362136,1030,eeg_data_level_1.csv,15,TP10,270.0078125,280.00390625
0.02503544164514252,0.02503544164514252,0.0267817639692188,0.021124438453148965,0.025174224629484935,0.05407895590992974,0.05407895590992974,0.03457314009120003,0.12128815690942994,0.07038986905998136,0.1294350257558257,0.1294350257558257,0.11051450244852172,0.13190604753094468,0.12985601656176984,0.5026562268360535,0.5026562268360534,0.4035278219399314,0.6218481741663107,0.503703410728208,0.4464713538543994,0.4464713538543994,0.4717429710345078,0.43568582631942343,0.44390949564465676,0.5170670643262416,0.7873440761095593,1.1134745565454345,2.3561733119349526,2.2961660310253467,hjorth_mobility,hjorth_complexity,1.300308448711705,1.1008470627304943,0.991841635522768,0.33380962587221075,0.16297311705125275,1.0334390880759188,0.07857067895066848,0.328356374835838,1030,eeg_data_level_1.csv,16,AF7,280.0078125,290.00390625
0.07012210929401495,0.07012210929401495,0.07769873020431459,0.08280424833386434,0.06347332326046143,0.09709044689401422,0.09709044689401423,0.09895068759735424,0.14364109375472053,0.09562229549311105,0.31030430639504775,0.31030430639504775,0.2135138548992129,0.47597445746601813,0.3264070859021231,0.7236444737886648,0.7236444737886647,0.78618022301716,0.8570027734229548,0.7603386414205046,0.723450899848631,0.723450899848631,0.9431832543570656,0.5995271953867573,0.6394438219605052,0.6917072639547711,0.7431425538602289,1.368335463732222,1.910509506798626,2.0178701723825387,hjorth_mobility,hjorth_complexity,1.199063058048656,1.0861773002209836,0.9358315901931137,0.4663142101878974,0.281128626913411,0.9853721537468064,0.16041539177588562,0.469178624177873,1030,eeg_data_level_1.csv,16,AF8,280.0078125,290.00390625
1.4442824054603267,1.4442824054603267,1.0849435922668902,2.3366171792257164,1.4639153211587617,1.890467946252346,1.890467946252346,1.6262683095420565,2.509586184658545,2.009691526073138,1.3493550604636442,1.3493550604636442,1.1842328752152689,0.9646418285356962,1.446300397431387,0.9937032123088222,0.9937032123088221,0.8150264929236328,1.2152196280456635,0.9492143946391485,0.9116550942196526,0.9116550942196526,0.8744226872204451,1.1199427484986748,0.9412250356450893,1.1993200816987093,1.3269458538118297,0.7519540975040938,0.4017799756424307,0.3892028479699111,hjorth_mobility,hjorth_complexity,0.9568682019527356,0.9311276399004713,1.0202054725404888,1.5645733609583006,0.7863452897722946,0.8892382850885814,1.135987695113928,1.248538712797459,1030,eeg_data_level_1.csv,16,TP9,280.0078125,290.00390625
1.5723141953017599,1.5723141953017596,1.2182070381569565,2.6543965274272523,1.5280462251754305,1.9009228086221086,1.9009228086221088,1.6062685761710935,2.8450638056742643,2.027873948377337,1.1777536017280297,1.1777536017280292,1.2324362991988036,1.3369900254586873,1.1409299456832096,1.1667746910212022,1.166774691021202,0.953209865605833,1.8896166645684136,1.1555060302317144,1.3708668777836266,1.3708668777836268,1.0257173739907735,2.168208467487733,1.4369086410066694,1.1969987014758086,1.2529484329889418,0.6244574148591187,0.42880593853453447,0.515485319972162,hjorth_mobility,hjorth_complexity,1.2467079477724439,1.0134550735174592,0.9806746327351684,1.5518325355433307,0.9370954230447033,0.8411713507594688,1.226225221244765,1.2971802313341256,1030,eeg_data_level_1.csv,16,TP10,280.0078125,290.00390625
0.030508032131771626,0.030508032131771626,0.024338976137098987,0.04337703058134161,0.0341617201776426,0.05228999670956361,0.05228999670956361,0.04681208759845403,0.10110193310911193,0.05214628674854097,0.15740035594244392,0.15740035594244392,0.12292708517170137,0.19277047239785974,0.1736801979790897,0.6230073028900203,0.6230073028900202,0.5602300878356211,0.6287752830510125,0.6725326425904439,0.5493963107443693,0.5493963107443693,0.6419783073658258,0.41025440748872305,0.5000471549649125,0.5378341525537772,0.6575859037424681,1.1295928011300878,2.4250004131748684,2.328074780724295,hjorth_mobility,hjorth_complexity,1.3360421160045457,1.0683341237691513,1.0216757362303919,0.47141054035388535,0.20779072424034725,1.0574725552404751,0.10798054950101847,0.38493550077703714,1030,eeg_data_level_1.csv,17,AF7,290.0078125,300.00390625
0.1859446639119247,0.1859446639119247,0.18428592696683097,0.11364845910895517,0.1858413515338198,0.08415368803792357,0.08415368803792357,0.08758663801522988,0.1569413422705442,0.08509490966412625,0.38209026344844077,0.38209026344844077,0.2944625341978741,0.4652709329632515,0.42133359315040614,0.7748769896271128,0.7748769896271127,0.8017837629379454,0.945909246628132,0.7289654565272043,0.8938630641521134,0.8938630641521134,0.8660050638223042,0.8319849199090602,0.8501969718957813,0.9318404885257855,0.4605603668092165,1.1028037127272488,1.375087647917043,1.6342735201654,hjorth_mobility,hjorth_complexity,1.133551334678448,1.0971537929503263,0.8591065796610702,0.5198256769307709,0.9045007996344527,0.8892382850885814,0.2828177008684775,0.6229719506411184,1030,eeg_data_level_1.csv,17,AF8,290.0078125,300.00390625
1.364358446956576,1.3643584469565757,1.1847901921196748,1.6776458181672649,1.4459875600501815,2.8336776613407593,2.8336776613407593,2.748824705341342,2.3404100920603486,2.8430203361421613,1.7820388951614863,1.7820388951614863,2.0491618003651393,1.0507492529938287,1.575221718922235,1.108765472415859,1.1087654724158589,0.8540025046592072,0.8389014688003289,1.1741314379093417,0.9850576948625994,0.9850576948625998,1.0988588580115592,1.107583427987848,0.9853789567226922,1.0983108434211968,1.623954632638138,0.8667135704225715,0.41375661066655234,0.3882627051668642,hjorth_mobility,hjorth_complexity,0.8615784225051601,0.863963947375059,1.0787534730491428,1.3454311638208187,1.0552509329068616,0.8171378835949126,1.30980196944196,1.3406580455304902,1030,eeg_data_level_1.csv,17,TP9,290.0078125,300.00390625
1.585018582211943,1.5850185822119427,1.5465518370465088,1.7046914007076974,1.5847884041860811,2.750500918661892,2.750500918661892,2.684132172349005,1.9018748891732646,2.8259640278523386,1.6520756711082862,1.6520756711082862,2.0029457270893287,0.9890005582863562,1.3221428987993433,1.2951598494898364,1.2951598494898362,0.9804018331976777,1.6310044587629362,1.3722676992163982,1.6160467142401391,1.6160467142401391,1.5201628380859087,2.097533600609308,1.6822992409816782,1.108186381269307,1.4606651708889455,0.7371401664334657,0.42683123336855877,0.5377853637189876,hjorth_mobility,hjorth_complexity,1.1911222430946915,0.9874686195599496,1.012285302068092,1.41677978614465,0.9045007996344527,0.7690709492658001,1.4362015864281548,1.4038570920220832,1030,eeg_data_level_1.csv,17,TP10,290.0078125,300.00390625
0.03545326731172011,0.03545326731172011,0.07785673631515011,0.01162952855533619,0.01783664690419939,0.03306589553873945,0.03306589553873945,0.025626897061930082,0.04605535230092149,0.03363020763847316,0.12133427270808307,0.12133427270808307,0.10445387799044999,0.1545613960162922,0.12767579358412773,0.3213243481608205,0.3213243481608205,0.2790208392171723,0.4067334395708915,0.352088807842406,0.30185725418090925,0.3018572541809092,0.32088029282733627,0.20904547427347672,0.3001235616826082,0.6181579257384051,0.5950620602196688,1.2016403152290178,1.8715495890898182,1.8845153733412785,hjorth_mobility,hjorth_complexity,1.0005426841995408,1.0577705126393386,0.9530371759928171,0.32871329570622276,0.24853400350316043,1.1055394895695876,0.10641385671181648,0.38213277750279934,1030,eeg_data_level_2.csv,0,AF7,124.01171875,134.0078125
0.10988190135380256,0.10988190135380255,0.1867957099254842,0.09207305771668524,0.05487579774066553,0.0737868102739005,0.0737868102739005,0.06652359544503265,0.12776561088491212,0.08197673745372401,0.23494266731258534,0.23494266731258534,0.18552585338915492,0.2657992551999559,0.26189488246250736,0.6422179858259883,0.6422179858259882,0.4949263004152997,0.843467853655815,0.7094888484821077,0.558103361772445,0.5581033617724449,0.6958151835542908,0.4195962261229134,0.5731302083363243,0.8062922399822863,0.5815390130969288,1.0418064832793876,1.66642308914683,1.5692437693472547,hjorth_mobility,hjorth_complexity,0.9330457570908416,1.0691634322051047,0.8351360305738946,0.4178990736110119,0.7130073870992308,0.9733554201645283,0.24096156028377144,0.57502811939292,1030,eeg_data_level_2.csv,0,AF8,124.01171875,134.0078125
0.6469108722655951,0.646910872265595,0.8767646589521538,0.4210749884698438,0.46774012352283123,1.008225620529215,1.008225620529215,0.839523493859379,1.0066720931750275,1.2433883928844218,1.431476568731971,1.431476568731971,1.2016834320233258,1.9752813857705476,1.3843256165975393,0.9323956577070714,0.9323956577070713,1.1682510915512807,0.9019270670852718,0.8190951714184461,0.7407244832870581,0.7407244832870582,1.133173034191972,0.9458845638310241,0.6652045206411422,0.9703137990079681,1.3245694647635333,1.3236666502033014,0.6373414757882301,0.5541340682152379,hjorth_mobility,hjorth_complexity,0.8734896449361068,0.9561510787255891,1.003910049977392,1.2970160272439333,0.9411697509709847,1.129572956734144,0.8921575160482971,1.1064606377491748,1030,eeg_data_level_2.csv,0,TP9,124.01171875,134.0078125
0.42404356919990605,0.42404356919990605,0.40946645209320154,0.5178071718306345,0.4300244302322178,0.8501086827647233,0.8501086827647233,0.5682075234191658,0.7699975117550296,1.1730114009869996,1.2638730813140884,1.2638730813140884,1.1374293375628945,1.6170975133228784,1.3069583339448783,0.9543029637018351,0.954302963701835,1.1249809403011308,0.8365619549510981,0.9977311503690509,1.033657151887275,1.033657151887275,1.2506863235728416,1.2725355547681323,1.036650001253497,0.9649256696564962,1.4250447989313046,1.4816629856265426,0.823084596613931,0.9313103491182951,hjorth_mobility,hjorth_complexity,1.290382430019249,1.0592667408323408,0.9247783578100899,1.1645114429282466,0.8841291600030462,0.9132717522531376,0.6187521029624682,0.9214537530567917,1030,eeg_data_level_2.csv,0,TP10,124.01171875,134.0078125
0.039104380189956565,0.03910438018995656,0.044141441922532894,0.027596874741074008,0.03661424913046466,0.03971545701633087,0.03971545701633087,0.03146378748070986,0.050930458911075296,0.05480441949386501,0.1546320544843045,0.1546320544843045,0.10483458247104926,0.2428525795671291,0.16986752681055176,0.32187220548198225,0.32187220548198225,0.26758687226652755,0.2940095372090472,0.34833944854776233,0.2603965255192839,0.26039652551928383,0.29272182227363175,0.1696671152103728,0.2345583815765496,0.7931413569248947,0.7061849214243064,1.5050180567951057,1.9178612389867762,1.7003509022290468,hjorth_mobility,hjorth_complexity,1.2308263178645145,1.0477222914236792,1.0606027177345017,0.5070848515158011,0.1303784936410022,1.129572956734144,0.07170323052130935,0.31367836143769157,1030,eeg_data_level_2.csv,1,AF7,134.01171875,144.0078125
0.16187345534566852,0.1618734553456685,0.22166680806377165,0.10029570541562094,0.1488492108636754,0.07385340352422597,0.07385340352422598,0.06821014794140692,0.0844836912542181,0.07951197893709867,0.20586889980290735,0.20586889980290735,0.15043391299297282,0.3245199477134316,0.2031000693988432,0.5360496798171609,0.5360496798171609,0.389230464884909,0.6189264781943541,0.5808856706173499,0.536338286126268,0.5363382861262679,0.5449131699867688,0.5028936930841258,0.5606195726817108,0.9895245146360486,0.5175964797059025,0.8404011774658303,1.2835838564595594,1.3553412737860928,hjorth_mobility,hjorth_complexity,1.1236253159859924,1.05081509142184,0.9450732476725067,0.5300183372627468,0.6763384357626989,0.9853721537468064,0.17689751764898135,0.49269263305020194,1030,eeg_data_level_2.csv,1,AF8,134.01171875,144.0078125
0.6474386140837572,0.6474386140837574,0.662138538967923,0.8401414475897646,0.6371707677709475,0.994437027495546,0.994437027495546,1.0963006788831462,0.9803913519961043,1.0492626186106697,0.8828642706249268,0.8828642706249268,0.8647085746560835,0.9500628093327383,0.8334450822781465,0.8553882134016921,0.8553882134016919,0.7194420280975156,1.110381707013277,0.8416725597823457,0.76781358072277,0.76781358072277,0.7545085020860336,1.0640783816526933,0.7677085051767408,1.1026903980119958,1.3536426230275915,0.9371990799343031,0.6368857828502187,0.6083092516126875,hjorth_mobility,hjorth_complexity,1.0620840000927667,0.9728202090074425,1.1987900014462582,1.4142316210616561,0.933021095118422,1.1776398910632564,0.8375400481353419,1.0720572805694428,1030,eeg_data_level_2.csv,1,TP9,134.01171875,144.0078125
0.5803662315482371,0.5803662315482371,0.45654871045795065,1.0004845106476665,0.529620514807952,0.9429457558470874,0.9429457558470874,0.9485101920229273,1.2298946131336135,1.0108944949285474,0.9763157665527978,0.9763157665527978,1.2004921483600521,0.843773138401038,0.9128853769928276,0.7693546631629635,0.7693546631629634,0.8144715694902954,1.035269222828048,0.7596026670264716,1.0192480672951403,1.01924806729514,0.8907714376029856,1.3108956435360795,1.0270779287119893,1.0831354883530477,1.3707918972531452,1.0530102042950604,0.6067802725586718,0.8135203697548717,hjorth_mobility,hjorth_complexity,1.276486003849811,1.0325233840773103,0.98953122115292,1.3607201543187826,0.9126494554870154,0.9613386865822501,0.7706052722644192,1.0283268777375068,1030,eeg_data_level_2.csv,1,TP10,134.01171875,144.0078125
0.08625643123383264,0.08625643123383266,0.13108331663765885,0.057554649368787965,0.09351374735469367,0.044140277555938995,0.04414027755593898,0.03344746046658626,0.049785009905817926,0.05813626226978845,0.15304151304419453,0.15304151304419453,0.10917263811063782,0.24224255666757957,0.16056313047912368,0.4232618099551931,0.423261809955193,0.41355346116509106,0.29531024451356014,0.42426786703171393,0.29833213116420665,0.29833213116420665,0.3756444860784724,0.19984691164329765,0.2909372607574195,0.9276669399481909,0.5337231933978743,1.0273884270379332,1.6318548245832656,1.3024787775661468,hjorth_mobility,hjorth_complexity,0.988631461768594,1.023012552483683,0.9942920750059406,0.4688623752708914,0.3259462341025055,1.1536064238987,0.14616032391644,0.44784728700400234,1030,eeg_data_level_2.csv,2,AF7,144.01171875,154.0078125
0.3104842225658608,0.3104842225658607,0.4719348377909138,0.22993370584597314,0.2471202130185486,0.20221814788442985,0.20221814788442985,0.247450846504477,0.2917133994236915,0.2070964224649377,0.220288426384686,0.220288426384686,0.23279008536733614,0.34961441772539,0.20831082149118743,0.7683320646722758,0.7683320646722755,0.677851399079618,0.5077773599185023,0.8483644279274118,0.7599388603544627,0.7599388603544626,1.3681451649837688,0.6224974813790565,0.6454596801029986,0.9831168412326564,0.6891657756492009,0.5279033878411218,1.0351940254687308,1.0671360464030388,hjorth_mobility,hjorth_complexity,1.0223799253229435,1.0626055742442653,0.9345976188819449,0.7669976899811864,0.7904196176985758,1.0334390880759188,0.37964381193190955,0.7217775370753927,1030,eeg_data_level_2.csv,2,AF8,144.01171875,154.0078125
1.5204467781350923,1.5204467781350923,1.8617999889736936,1.6518034082441109,1.2201987242719623,1.8305521715141684,1.8305521715141684,1.554520875787521,1.3765788050526535,1.8433961376387489,1.0424919906005863,1.0424919906005863,1.1429771131501687,0.7789156449498034,0.8741391462793247,1.038564596805596,1.038564596805596,0.882449739380703,0.9327002752605821,1.1832573330839948,0.9266813868192644,0.9266813868192643,0.9081108619776722,0.7881825904358395,0.9391383794273546,1.1624182407235768,1.253458642416439,0.5839941531090909,0.40630663192476374,0.38281156637076663,hjorth_mobility,hjorth_complexity,0.6670284561330272,0.919168191007107,1.0521574530871398,1.3709128146507585,1.2874876247048967,1.3699076283797065,2.128900318830482,1.7091999158393811,1030,eeg_data_level_2.csv,2,TP9,144.01171875,154.0078125
1.1116575437420366,1.1116575437420366,0.7895952581278055,1.6928751069955656,1.2847970214972453,1.6739696549672118,1.6739696549672118,1.398775702658136,1.5310039553982544,1.640262465629167,1.02612981053073,1.02612981053073,1.3128229091751333,0.9163272060407283,0.8844732723854883,1.2133015097634996,1.213301509763499,1.0781308257529947,1.577976405211541,1.2686697886178129,1.6260399588397445,1.6260399588397445,2.2128253493297954,1.5305141499104855,1.6268037713063423,1.1204652148613536,1.338808071491144,0.6649913883294795,0.5382210873343579,0.7213651892366689,hjorth_mobility,hjorth_complexity,1.2923676337577403,1.044284810841282,1.080127469473636,1.4626467576385416,0.7130073870992308,0.8652048179240251,1.14353688686984,1.2526804173352368,1030,eeg_data_level_2.csv,2,TP10,144.01171875,154.0078125
0.013582999335879075,0.013582999335879073,0.01203223737738233,0.019179344162214493,0.01374810672362024,0.025545905458700953,0.025545905458700953,0.017775782200129157,0.03289193736135738,0.03142970522495933,0.10672584770648885,0.10672584770648885,0.10844426392510537,0.12024147916282017,0.11354603513931329,0.36501364432464467,0.36501364432464456,0.37606341035557206,0.36471119053407325,0.34357698408166265,0.33160077856865766,0.3316007785686577,0.4600546100943202,0.2958658621517297,0.28958077697777784,0.456456914306091,0.5967256765485996,1.316849073928697,2.502808675771965,2.4634687499268133,hjorth_mobility,hjorth_complexity,1.353908949650966,1.0888242050853238,1.0548966943665432,0.31087614012526493,0.1303784936410022,1.1055394895695876,0.05264154957675922,0.2687692204596231,1030,eeg_data_level_2.csv,3,AF7,154.01171875,164.0078125
0.03781439410774427,0.03781439410774427,0.04233009361343631,0.03513139941671811,0.03559425793048285,0.06573343928574767,0.06573343928574767,0.04773860230506745,0.10939330879769406,0.07823611177312123,0.17432331027692502,0.174323310276925,0.12608536079026325,0.2841959438904954,0.18392001714258494,0.5248460163593889,0.5248460163593888,0.42880186947265303,0.4378100157390632,0.5673786327538902,0.6721518640861265,0.6721518640861265,0.6958830804684731,0.8999273530050592,0.6224794524580458,0.5671668014488346,0.7260875794579982,1.1343120411055776,1.94487982579974,2.5438545712728735,hjorth_mobility,hjorth_complexity,1.3558941533894575,1.1484371428513938,0.9588919760436825,0.3873210926150842,0.23631101972431648,1.0094056209113627,0.11290100157976671,0.3936081629676626,1030,eeg_data_level_2.csv,3,AF8,154.01171875,164.0078125
0.6826319070077871,0.6826319070077872,0.646545772768153,0.5289808550737484,0.764302953398188,1.1968398042347785,1.1968398042347785,0.8572713462698668,1.5957209737873737,1.5329856104263737,1.3610805612151098,1.3610805612151098,1.3505769557195189,1.0951603135312895,1.1198298761167145,0.9200287704357485,0.9200287704357484,0.876902423858893,0.8872319902718909,0.8917892042752147,0.8743244348288275,0.8743244348288272,0.8498945296938594,0.6850224424026358,0.8480213888132325,1.0598477014235532,1.4792798645598997,1.2150076981792726,0.6228004502388798,0.623577481572998,hjorth_mobility,hjorth_complexity,0.9985574804610498,0.9568271749495729,1.044000990236009,1.3683646495677646,0.7944939456248572,0.9613386865822501,0.8436256206567102,1.075945019546476,1030,eeg_data_level_2.csv,3,TP9,154.01171875,164.0078125
0.6041363587954116,0.6041363587954117,0.5330319539004507,0.49317804693151307,0.7005520171788239,1.1548218486140212,1.1548218486140212,0.7978714638872161,1.2311912743443163,1.6784100279992555,1.2936205666607663,1.293620566660766,1.3829699801346174,1.0882878264635898,1.0053327347699597,0.9596164573122047,0.9596164573122045,0.739684918077348,1.0769887796777826,1.01792138440226,1.1438112659700352,1.1438112659700352,0.9337202113052181,1.5640947712128583,1.1564522328152993,1.0193231493160018,1.4792304655007984,1.2021370671761,0.6705713077897292,0.8191835777109358,hjorth_mobility,hjorth_complexity,1.2804564113267933,1.0267196960893203,1.025150109354747,1.3403348336548309,0.8759805041504836,0.9373052194176938,0.7698138392788557,1.0277986819738962,1030,eeg_data_level_2.csv,3,TP10,154.01171875,164.0078125
0.0840916482659515,0.08409164826595149,0.09774239135856028,0.05840053528401657,0.07730589687070674,0.06603119771643995,0.06603119771643995,0.052901765138791926,0.09418268031308376,0.07926419393303001,0.1698473534186272,0.1698473534186272,0.13213452689988764,0.2107475392391979,0.18361293974459034,0.4419753874938738,0.4419753874938737,0.3058020526684439,0.6071954086428941,0.47225823954617163,0.3552576779655142,0.3552576779655142,0.47433328188018975,0.4341404594889473,0.3365678589897046,0.9296109226150919,0.7017057203907774,1.0669009491356194,1.6406466319624176,1.4406654314640368,hjorth_mobility,hjorth_complexity,1.173255409448271,1.043808528921938,1.0323789058301056,0.5019885213498131,0.2607569872820044,1.0815060224050315,0.10778587548556072,0.3845883514724026,1030,eeg_data_level_2.csv,4,AF7,164.01171875,174.0078125
0.21296497582177273,0.21296497582177273,0.20713182122936175,0.1819964945410689,0.19451915543012915,0.2074626675194417,0.20746266751944167,0.21088529410156542,0.13280104157952838,0.20659157220070126,0.23044271355197402,0.23044271355197402,0.20874287658101584,0.24204573762108286,0.23169126754211114,0.6651531372256488,0.6651531372256487,0.6638152569886162,0.48956393925351926,0.6728111948860486,0.6893297896893491,0.6893297896893491,0.87928899729987,0.5596397460488223,0.695888672651853,1.0058605889628698,0.8714826194229722,0.6947561848119724,1.1612318764795297,1.2686996385918659,hjorth_mobility,hjorth_complexity,1.300308448711705,1.0897628667862198,0.9542448925952377,0.6829082422423853,0.8189399131825451,0.9973888873290845,0.24059021189801488,0.5745848576177729,1030,eeg_data_level_2.csv,4,AF8,164.01171875,174.0078125
1.1136934291401677,1.113693429140168,0.8079100783341882,1.8508316464963332,1.3280420133421202,1.6076540855052033,1.6076540855052033,1.3074918587208206,2.5009528468324653,1.9925501470676572,1.6746577287730813,1.6746577287730813,2.1092041232384386,1.4021209631751201,1.6895690029211705,1.0898980962746534,1.0898980962746532,0.9418286070887383,0.8742440205971216,1.1904709395474091,0.96802447172891,0.96802447172891,0.9193956671531092,1.3176096749560011,0.9701104227602929,1.1526763582765454,1.371514592916465,1.0409006536806535,0.5121027936709737,0.48490493088975156,hjorth_mobility,hjorth_complexity,1.0859064449546605,0.9737890628326611,1.0849320811745702,1.424424281393632,0.831162896961389,0.9373052194176938,1.0365713673706214,1.192654918249702,1030,eeg_data_level_2.csv,4,TP9,164.01171875,174.0078125
1.0678661248283725,1.0678661248283723,0.9152457918447612,1.5768218155165548,1.100600915684731,1.5549935612652306,1.5549935612652306,1.113002137522247,2.709127248509385,1.7040149851294282,1.4246944991018806,1.4246944991018806,1.9502870277855038,1.169897205786448,1.2874546874454142,0.9949617331328326,0.9949617331328325,0.7958415171269292,1.3173643773242634,1.0048103699326758,1.2930438311986048,1.2930438311986048,1.2594823183834731,1.3521252072108958,1.3074032285420174,1.1283737420762083,1.3605529215587062,0.9200735388238546,0.4817404597780013,0.6315933888175383,hjorth_mobility,hjorth_complexity,1.2586191702033906,1.0471326622583732,0.9468760710065551,1.3734609797337525,0.8596831924453583,0.8411713507594688,0.9928992474367301,1.1672605019752433,1030,eeg_data_level_2.csv,4,TP10,164.01171875,174.0078125
0.01595248167097661,0.015952481670976605,0.013946883057655906,0.01685880374654337,0.017709406078072004,0.031158746438215673,0.031158746438215673,0.018278208884990318,0.06044197307257003,0.03783011029182401,0.12443393660100502,0.12443393660100505,0.08484044218231154,0.1371367349913684,0.14036138554315872,0.48101646161594475,0.4810164616159447,0.5785140055929013,0.5307365608863553,0.4745901824373312,0.37817147494660175,0.37817147494660175,0.40903279400717596,0.39029892430534896,0.34329627609292346,0.4411243351866973,0.6008820286152475,1.2807662916429907,2.6684530798386525,2.3596902262693584,hjorth_mobility,hjorth_complexity,1.304278856188687,1.0687068706023084,1.0169761433644506,0.33380962587221075,0.13852714949356484,1.0815060224050315,0.0691012446565859,0.30793434801636,1030,eeg_data_level_2.csv,5,AF7,174.01171875,184.0078125
0.04550455068631733,0.045504550686317334,0.04821869586789969,0.06120643711194678,0.03569747828670628,0.04716763252471909,0.04716763252471909,0.03600455395976475,0.06883730768217551,0.06149519427860161,0.21844013079187366,0.21844013079187366,0.14937652057544049,0.3288702256890778,0.25663912138509537,0.614163131949039,0.6141631319490388,0.44841122952674417,0.6355328918932195,0.5973504166353362,0.6167370707670811,0.6167370707670811,0.6361405579044859,0.464172663996904,0.6081430477252385,0.6310868110260353,0.5412859248240779,1.3114992373451577,2.130154805324251,2.2743822940678653,hjorth_mobility,hjorth_complexity,1.3578793571279482,1.117142347079328,0.9113009406526417,0.36948393703412635,0.26483131520828573,0.9613386865822501,0.11384895161486104,0.3952571338775585,1030,eeg_data_level_2.csv,5,AF8,174.01171875,184.0078125
0.6402593220319136,0.6402593220319135,0.4655519074577766,0.8927495842098304,0.6667025011998178,1.2506021741412785,1.2506021741412785,0.9426761658677045,1.9334515313137166,1.3906375503723458,1.2929107336667784,1.2929107336667784,1.414522132180464,1.3429792968421392,1.3525057027866112,1.0385852627236376,1.0385852627236374,0.9946233721809298,1.4929290026427227,1.036652867602916,0.9607129437811243,0.9607129437811245,0.9725665775076097,1.034711233956357,1.025052919032806,1.0549010216833064,1.5287908469939417,1.1819682771806022,0.6948205075452951,0.6818858389089331,hjorth_mobility,hjorth_complexity,0.9449569795217886,0.9558551736396862,1.0640595877196912,1.317401347907885,0.8637575203716396,1.0334390880759188,0.9272475313914034,1.128010239960224,1030,eeg_data_level_2.csv,5,TP9,174.01171875,184.0078125
0.6011737847704491,0.601173784770449,0.4733174441171081,0.8755746377756504,0.6584617903139838,1.1993746945142754,1.1993746945142754,0.9732058049566488,1.5771997083908211,1.4757852348790832,1.3284691558772364,1.3284691558772364,1.4580259481022744,1.3225758187427072,1.2426478525142186,1.2343174329544975,1.2343174329544973,0.9965302068452523,1.3399616488071435,1.19808110029219,1.2185524279796744,1.2185524279796744,0.9015599021195206,1.8283696289319153,1.3094657071640983,1.0113855505186722,1.4715356267818749,1.205904445777476,0.799210893188272,0.8358759575177503,hjorth_mobility,hjorth_complexity,1.2566339664648993,1.0124550549810525,1.0165560680244783,1.3683646495677646,0.7822709618460132,0.9132717522531376,0.9307790073312764,1.1301562447790543,1030,eeg_data_level_2.csv,5,TP10,174.01171875,184.0078125
0.05459798710525497,0.05459798710525497,0.12352150493923524,0.031775705731459464,0.03328959898638263,0.037727125592467846,0.037727125592467846,0.028537715035467474,0.0683625580134138,0.04579431949262382,0.16587021340507,0.16587021340507,0.13409268945226382,0.24173486959734022,0.17113766340972908,0.4021882654473235,0.40218826544732345,0.34908734461199664,0.3722492988070262,0.38618970629447474,0.3641867005631331,0.3641867005631331,0.5156806929824814,0.3850348138619998,0.34249145148854854,0.6859157088327116,0.5282691969739339,1.2187203909997613,1.75636645847149,1.7171132810108467,hjorth_mobility,hjorth_complexity,0.976720239337647,1.0709626458356734,0.9569841338746411,0.405158248196042,0.38298682507044396,1.1776398910632564,0.16452106333420582,0.47514476986127446,1030,eeg_data_level_2.csv,6,AF7,184.01171875,194.0078125
0.12915056748295387,0.12915056748295384,0.25122253547292056,0.08911541811379202,0.0527478377179221,0.05689907016588225,0.05689907016588225,0.04796699931630721,0.08784696461676439,0.06740012263235821,0.28284841791490156,0.28284841791490156,0.21979146312153963,0.4075777169030249,0.3121207863736461,0.586145488518822,0.5861454885188219,0.4752861841093442,0.6645050626085798,0.5885008316474867,0.637495523274988,0.6374955232749882,0.5600976179693016,0.533710772861574,0.6193772969795039,0.7929531285024197,0.42452661540838993,1.0881177493244,1.383094433971001,1.571059841539425,hjorth_mobility,hjorth_complexity,1.054143185138802,1.1034594583365047,0.8387766835203222,0.4000619180300541,0.5337369583428527,1.0574725552404751,0.25777446204186416,0.5947509492283419,1030,eeg_data_level_2.csv,6,AF8,184.01171875,194.0078125
2.2506263638020463,2.2506263638020463,3.5814302164430063,2.311829884589149,1.8509831583765621,2.071996529418629,2.071996529418629,2.2148505033726473,2.0268433662911574,2.3313132952716376,2.0998556235396117,2.0998556235396117,1.883237394624395,2.7684512185862813,1.8912722211320145,1.0096746800454999,1.0096746800454999,0.9329301208319899,0.9109110800222869,1.0363969344171386,0.9275887580541387,0.9275887580541388,0.8858407955432194,1.0155842830474717,0.9163563435299429,1.0871538373664578,1.0067831471865605,0.7492728330018997,0.2744732212415253,0.266378032436127,hjorth_mobility,hjorth_complexity,0.5598274542545051,0.8970656716418363,1.1763859833143966,1.531447214879379,1.6826974335541847,1.706376168683494,2.8700272116169816,1.9845324583283332,1030,eeg_data_level_2.csv,6,TP9,184.01171875,194.0078125
1.6126092215249435,1.6126092215249432,1.2176019266346092,2.4955123421932135,1.9458033946179945,2.1777600699536954,2.1777600699536954,2.4318245023128764,1.5968072460042497,2.4580724783088077,2.245109245898806,2.2451092458988064,2.0336474921205303,2.1504566191161327,2.041945601293894,1.1165008938692675,1.1165008938692673,0.9825431933490892,0.5992183876909278,1.2057792732743282,1.2657283149047498,1.2657283149047498,1.0031254896413073,1.7145214265416997,1.2904424861325423,1.1605115055737683,1.2817225314745284,1.0000359500435088,0.38667440698680433,0.4515610802719741,hjorth_mobility,hjorth_complexity,1.1057584823395719,0.9728801747666367,1.0737913330957187,1.6002476721202163,0.933021095118422,0.9132717522531376,1.4844522957539765,1.427244316004615,1030,eeg_data_level_2.csv,6,TP10,184.01171875,194.0078125
0.0877731460749438,0.0877731460749438,0.09938328440858155,0.04551023817189683,0.07384343996860528,0.1048941675192232,0.1048941675192232,0.09700303696949922,0.12136980018891927,0.1128493886800026,0.2263138230175681,0.22631382301756806,0.18496554182863953,0.30909454575487394,0.22250123622109313,0.45077250050840295,0.4507725005084029,0.4393722073240166,0.4600121613469798,0.457344740361774,0.40012432464195175,0.4001243246419518,0.6424167828517592,0.3122694586901469,0.39310541369899454,0.8810701170110715,0.8975012671658902,1.2275971881426968,1.512216538597426,1.4448247963894376,hjorth_mobility,hjorth_complexity,1.2586191702033906,1.0573044048797717,1.1133834338881181,0.5274701721797528,0.44410174396466373,1.1776398910632564,0.1350521314873279,0.4304928281973992,1030,eeg_data_level_2.csv,7,AF7,194.01171875,204.0078125
0.2518802077811363,0.25188020778113623,0.26226131776112094,0.2323570775100759,0.2419177859203654,0.20209078624374718,0.20209078624374718,0.2795526944051419,0.20889905297815248,0.1667064022636784,0.24871142826626574,0.24871142826626566,0.2302736469113441,0.3221134100268985,0.23186959791219142,0.8141898855347506,0.8141898855347505,0.6793454222776715,0.666943755218463,0.8052248326277431,0.8441376976769376,0.8441376976769375,1.0322167599590593,0.5595828455676181,0.7689207952804742,1.0203989503035287,0.7593595020776231,0.6663786292955128,1.2272847679866605,1.3408398071100165,hjorth_mobility,hjorth_complexity,1.2586191702033906,1.10316243806099,1.1377653067456834,0.6701674168274154,0.8759805041504836,1.1536064238987,0.3172095114528683,0.6597635217558973,1030,eeg_data_level_2.csv,7,AF8,194.01171875,204.0078125
0.9137030985368293,0.9137030985368292,0.7614475437367783,1.4336041890781028,0.8544362337964982,1.6694968248225042,1.6694968248225042,1.6747316345426309,1.8892427485817394,1.761390363788604,1.6671729366818284,1.6671729366818284,1.401530935863988,1.3506638217189062,1.7524600356062887,1.2751180250109424,1.2751180250109424,1.0039566109771685,2.1787056299420553,1.265447840090122,0.9582119815916657,0.958211981591666,0.9291001537637567,0.9261706265935823,0.994302024742188,1.0856572666299593,1.4857688149413972,1.1393489983235083,0.6402164939395659,0.5239292225095201,hjorth_mobility,hjorth_complexity,0.9211345346598948,0.895471048834426,1.247501237743892,1.225667404920102,0.9574670626761099,1.2016733582278127,1.0679364644260672,1.2105644249310896,1030,eeg_data_level_2.csv,7,TP9,194.01171875,204.0078125
0.7864982225579957,0.7864982225579957,0.6456229369744835,0.904918546436232,0.7755233781998339,1.395807651447851,1.395807651447851,1.292752893518325,1.7190442359539422,1.4984367160402225,1.363868953631948,1.363868953631948,1.2145410878384912,2.017105289143661,1.3394860983474064,1.2999926514626614,1.2999926514626614,1.5166618737627784,1.7775495008997737,1.127907322050701,1.348788602750843,1.3487886027508431,1.445207804849737,1.2682783883881321,1.346991131904262,1.055453752439635,1.4285756471184978,1.0657570044405342,0.7090728731858568,0.7704917473170303,hjorth_mobility,hjorth_complexity,1.234796725341497,1.0094294183927084,0.9850941753744614,1.3454311638208187,1.0145076536440485,0.8171378835949126,1.006099682325289,1.1749941522206713,1030,eeg_data_level_2.csv,7,TP10,194.01171875,204.0078125
0.023154868783759136,0.023154868783759136,0.02163798021183064,0.026307146022797642,0.021850207776494168,0.0328701535093368,0.0328701535093368,0.02712121658286377,0.053500764770871435,0.04173381291529112,0.09504874786686539,0.0950487478668654,0.06911051686282502,0.13987283691063726,0.1053342467559032,0.4731786964636763,0.4731786964636762,0.410665952543573,0.466980472727736,0.45180653156329365,0.3528583774505325,0.3528583774505325,0.33945068936856376,0.23142172351206972,0.37359556223395024,0.5616652242286881,0.6089484142277514,1.0102754131354719,2.5827513911678865,2.193992002788435,hjorth_mobility,hjorth_complexity,1.2526635589879171,1.0751489567120853,0.9108721137430866,0.3465504512871806,0.1751961008300967,0.9853721537468064,0.0820262035340712,0.3354992123480626,1030,eeg_data_level_2.csv,8,AF7,204.01171875,214.0078125
0.13752790057017472,0.1375279005701747,0.180753602423154,0.06106233435160233,0.1118503410104442,0.09152298255290102,0.09152298255290102,0.0806120530514071,0.1263341251100981,0.10306381254133588,0.20587318585064646,0.20587318585064646,0.16727161384833267,0.2402364392613621,0.22310657006120324,0.726626087387244,0.7266260873872439,0.6371512699210181,0.908306619097004,0.7286906331246972,0.7117264772865731,0.7117264772865731,0.7327146221627803,0.6488330948802411,0.6654150336251852,0.8561716154691495,0.5858885680643389,0.8030915217991809,1.5768212651178553,1.6403227550153914,hjorth_mobility,hjorth_complexity,1.2189150954335675,1.1047798559510493,0.7875274920436884,0.402610083113048,0.7048587312466682,0.8652048179240251,0.22097730716177902,0.550666982972313,1030,eeg_data_level_2.csv,8,AF8,204.01171875,214.0078125
0.9569181440997703,0.9569181440997703,0.7156093759128869,1.2478877905836965,1.0403559290754734,1.4304638875131457,1.4304638875131457,1.192689037925468,1.5045113716242688,1.3717921175405423,1.610909010051239,1.610909010051239,1.6863568648739637,1.3561214545404274,1.4512857460073971,0.8970382327789611,0.8970382327789612,0.8078217419297525,1.049937426283081,0.9904172685211385,0.7801029274221601,0.7801029274221601,0.8862333901541343,0.9503990950346412,0.7847815879807234,1.1393826257028936,1.3722976203267134,1.1154060955196048,0.48753657687862884,0.45099072592632583,hjorth_mobility,hjorth_complexity,0.8913564785825274,0.9226913626411368,0.42797800730563856,1.3530756590698008,1.2467443454420835,0.6008366791139064,1.2852040028211689,1.3280096596619593,1030,eeg_data_level_2.csv,8,TP9,204.01171875,214.0078125
0.7355566603622926,0.7355566603622926,0.6189413424598003,0.5572697654279605,0.8470178599652487,1.3837547321424521,1.3837547321424521,0.9990567678086303,1.8088977255059524,1.332336634110932,1.5534322807901266,1.5534322807901266,1.865933436071222,1.3290794497760177,1.4142449158244947,1.0677049452417295,1.0677049452417295,1.236662010049205,0.946513266118829,1.0532401800082256,1.251608120465441,1.251608120465441,1.1059443376535538,1.8286534329083943,1.2313762860246449,1.0370359305579997,1.4882261935857375,1.2092772100763447,0.6302627036896715,0.7617479290346296,hjorth_mobility,hjorth_complexity,1.2983232449732138,1.0224079590614248,0.9573254450883687,1.2944678621609393,1.4830553651664,0.9132717522531376,0.8927316790509436,1.1068166211774564,1030,eeg_data_level_2.csv,8,TP10,204.01171875,214.0078125
0.11324907109627089,0.11324907109627087,0.1193445855237477,0.10335031503852748,0.12636431062352427,0.05698616640268558,0.05698616640268558,0.05402145109994901,0.0928871916477458,0.05745669501703152,0.12365803989713785,0.12365803989713788,0.09798683088785483,0.17828745380709063,0.1256691847459143,0.4419980001021575,0.4419980001021575,0.398342830577087,0.4146690617423742,0.4399172752823288,0.4361730724806147,0.4361730724806147,0.6509447253568527,0.32174582126000284,0.37952140484666397,0.9874393079587889,0.5391257960577753,0.7099138974969479,1.4025461166985431,1.4608388549609959,hjorth_mobility,hjorth_complexity,1.2566339664648993,1.0776289248600017,1.1107142051653769,0.48415136576885526,0.3870611529967253,1.1776398910632564,0.11797357090134404,0.4023532945957692,1030,eeg_data_level_2.csv,9,AF7,214.01171875,224.0078125
0.4526693290377836,0.45266932903778356,0.4163481647994405,0.523962445984053,0.5818771121828634,0.32430348016196003,0.32430348016196003,0.36536682672870513,0.2507565434712904,0.35346522620780896,0.4115657167516823,0.4115657167516823,0.3919220158931386,0.6314424319043013,0.41063697835509627,1.126660406691103,1.126660406691103,1.386139546120433,0.9548021231314158,1.12499090870586,1.1078278943704853,1.1078278943704856,1.7808258054526183,0.5781530856387389,0.9911888248471514,1.0820320175230498,0.7472364822058324,0.664955010196581,1.053704158062455,1.088719044294588,hjorth_mobility,hjorth_complexity,1.1136992972935367,1.0611116679967505,1.0351706565270054,0.8714724583839395,0.8189399131825451,1.0334390880759188,0.47617907636703644,0.8083516951752817,1030,eeg_data_level_2.csv,9,AF8,214.01171875,224.0078125
0.8509012047837017,0.8509012047837017,0.7703157814517888,1.3159739861717894,0.8483388997354071,1.6365231747507634,1.6365231747507636,1.4583309792630632,1.6625863551239919,1.8502288633748738,1.4532186848962714,1.4532186848962714,1.7539445082496223,1.138219347618977,1.113101775924643,1.1856308965435962,1.185630896543596,1.2841313089252202,1.3803993319425623,1.1694413842198386,1.1325861010286369,1.1325861010286369,0.9283208059464005,1.27475254965126,1.1119591010623608,1.0657068504233658,1.5270349238254206,1.0373173355638736,0.6220276657165509,0.6296412402292277,hjorth_mobility,hjorth_complexity,0.871504441197616,0.9704959003225986,1.5195437782239398,1.3836536400657284,0.9941360140126417,1.5381418985316002,0.9608265043202883,1.1482532584900371,1030,eeg_data_level_2.csv,9,TP9,214.01171875,224.0078125
0.780452954574971,0.780452954574971,0.6500855516734636,0.9603898325527982,0.7706464615488974,1.725600945533984,1.7256009455339842,1.660573830423325,1.3216544957093288,1.9636425365175227,1.26103845285899,1.26103845285899,1.4152735078814724,0.8426380838588408,1.0430693774596764,1.425883316216093,1.4258833162160929,1.1769662778278442,1.7650405444388695,1.5111596421960702,1.675558770203452,1.675558770203452,1.7649754627290546,1.8110273270430588,1.7302340619348444,0.9961060983486082,1.5446440563387223,0.9185239181249308,0.7182732270941449,0.8653606934168567,hjorth_mobility,hjorth_complexity,1.379716598251351,1.0669721895510482,0.924664587405514,1.5671215260412947,0.7904196176985758,0.8652048179240251,0.8368102220987435,1.0715900874842754,1030,eeg_data_level_2.csv,9,TP10,214.01171875,224.0078125
0.022081944873861573,0.022081944873861573,0.03477446818985351,0.015646606396820365,0.016501066066437784,0.027431099122243834,0.027431099122243834,0.016321930304605492,0.04425009021533384,0.035270981024521614,0.11136621009841505,0.11136621009841505,0.08337869161474422,0.19427976014114492,0.12038808668871602,0.49952374953909173,0.49952374953909173,0.44373331665861715,0.4665044029526808,0.5278095666432475,0.42430435860052496,0.424304358600525,0.37798297432103584,0.29057778322825384,0.43810170488324074,0.4892762166427125,0.5007946299185637,1.0829317349905974,2.529542917269148,2.3953553201078743,hjorth_mobility,hjorth_complexity,1.2189150954335675,1.092103357060656,0.9102332491635453,0.4510252196899336,0.19964206838778462,1.0094056209113627,0.08536367207361116,0.34225653058861344,1030,eeg_data_level_2.csv,10,AF7,224.01171875,234.0078125
0.24816166493366096,0.24816166493366096,0.19606282719450624,0.3316213117611899,0.2534944479763936,0.25971896909453235,0.25971896909453235,0.21850940782961853,0.24452186341933477,0.3516491916691303,0.43058635744953644,0.43058635744953644,0.30703497332107604,0.5038257853038443,0.495104253062068,0.7780465961519487,0.7780465961519487,0.9126944044661179,0.6036962472019829,0.7333124362526945,0.699607494038036,0.6996074940380361,0.7829706298326472,0.80255984207982,0.6315491743252439,1.0365088533453242,0.9453259639921888,1.0405467392254641,1.1737942221641664,1.1354165055184917,hjorth_mobility,hjorth_complexity,0.8556228112896866,1.0145369353188665,0.7964190867397711,0.5198256769307709,0.7293046988043561,0.9132717522531376,0.32575006727206224,0.6685862739376184,1030,eeg_data_level_2.csv,10,AF8,224.01171875,234.0078125
1.4875131187445743,1.4875131187445743,1.4327961377046636,1.8475383968716648,1.3319528598841788,1.662767531092242,1.662767531092242,1.2769009520042118,1.959480051195099,1.747829535306924,1.4089739005230584,1.4089739005230584,1.5274722258621745,0.5948655115368434,1.557995653873265,1.139305481809816,1.1393054818098158,0.9308124670437169,1.5438803577402773,1.2112600545343934,0.837527700960518,0.837527700960518,0.823853605986596,0.792062338893399,0.8216807811786687,1.1529089564078197,1.17154168808415,0.7453076184640733,0.4348204263696109,0.3469361850368172,hjorth_mobility,hjorth_complexity,0.819889143996846,0.8888828366058693,0.8062996087987054,1.330142173322855,1.1774807706953012,0.9853721537468064,1.7267668318927114,1.5393311159825034,1030,eeg_data_level_2.csv,10,TP9,224.01171875,234.0078125
1.1731975090050335,1.1731975090050333,1.1253603069013234,1.7769106227219942,1.3077011407449857,1.5955258104491112,1.595525810449111,1.2238380200078416,1.677226566195839,1.8139696854120662,1.451726682070067,1.451726682070067,1.7872463316680327,0.9777188831117403,1.3560116202731318,1.276128770139829,1.276128770139829,0.999002600206208,1.0461414048457351,1.3686547775619855,1.5230327661847107,1.5230327661847107,1.4427201314189357,1.206698413166438,1.5594548771581913,1.1246432722280741,1.2751139618033436,0.8694863500786905,0.5495781637426023,0.6690813779329499,hjorth_mobility,hjorth_complexity,1.187151835617709,1.0192051180244828,1.0030173898799508,1.3326903384058488,0.8963521437818901,0.8652048179240251,1.259164172050434,1.3144872506527165,1030,eeg_data_level_2.csv,10,TP10,224.01171875,234.0078125
0.054916509852870735,0.054916509852870735,0.050328022076464536,0.06388434187083057,0.05412342087190407,0.06530878114667003,0.06530878114667002,0.05228177243232191,0.08266110271759348,0.08030530792157936,0.1322317113151924,0.1322317113151924,0.10618058174398744,0.16294354905107722,0.1493712866251585,0.5066347730807436,0.5066347730807435,0.5159356684381363,0.7764662042876577,0.4764055007788082,0.4247850908048562,0.42478509080485616,0.8030610342928378,0.2604798109370619,0.37238161382138313,0.7772486862702502,0.7555617733807095,0.9603493981622634,2.0034976033236953,1.8335575616986524,hjorth_mobility,hjorth_complexity,1.278471207588302,1.0861254540819665,1.1033803898550254,0.4790550356028673,0.24853400350316043,1.1776398910632564,0.10120715231827575,0.3726668837933985,1030,eeg_data_level_2.csv,11,AF7,234.01171875,244.0078125
0.34631835507152137,0.3463183550715213,0.420294979766554,0.26714939411116334,0.2525847786076305,0.22534917697942455,0.22534917697942455,0.17080367237329486,0.2852872503063688,0.29473656196429926,0.3305953130404549,0.3305953130404549,0.26478906985363665,0.3834929900696619,0.3503530982053648,0.8010142271940633,0.8010142271940631,0.7575254515089423,0.7798872799682228,0.8016291390245222,0.719786192823997,0.7197861928239971,0.8022817448935002,0.7867753665704127,0.6421063941837438,1.0355419485423487,0.7450250531753009,0.7187769720284938,1.0374469230654821,0.9938997876508643,hjorth_mobility,hjorth_complexity,0.9608386094297179,1.0515943736145883,1.0016433934554576,0.6752637469934034,0.8759805041504836,1.0574725552404751,0.3409820833349216,0.6840391823637599,1030,eeg_data_level_2.csv,11,AF8,234.01171875,244.0078125
1.6789150240677453,1.6789150240677453,1.612337011742783,1.8809276675375803,2.0218761841751123,2.8149550605810485,2.8149550605810485,2.537868967867947,3.071119766918121,2.6897016484098746,2.1732185721087656,2.1732185721087656,2.5150945914069114,1.998649198121957,2.3544278869006283,1.2723683544298225,1.2723683544298225,1.033470575931634,1.4264888604502362,1.2263724995386536,1.0248430239850503,1.0248430239850503,0.9706638704802967,1.2941283383031856,1.001783647829179,1.1259763883139824,1.4975302443259368,0.9294740941478628,0.4135390149128608,0.3571835916749449,hjorth_mobility,hjorth_complexity,0.8258447552123194,0.8478682218837307,1.5049549117294814,1.5594770307923127,1.0837712283908307,1.2978072268860377,1.723573911073477,1.537907288395241,1030,eeg_data_level_2.csv,11,TP9,234.01171875,244.0078125
1.813138131763882,1.813138131763882,1.8073336102979773,2.1772008689975175,1.846435286344845,3.0151476409744884,3.015147640974489,2.8342606360468015,3.1663443990210998,2.6772812897599993,2.242353111895307,2.242353111895307,3.0474472213724986,1.4964860282637216,2.102789701118265,1.1399644497529369,1.1399644497529369,0.8554176600631723,1.535701779594018,1.1570340559511094,1.4611276816203451,1.4611276816203451,1.584857164129718,2.244421879496516,1.553031261278862,1.1202073218064417,1.4738729940356095,0.8798178963122093,0.3509961259796049,0.45398545408227625,hjorth_mobility,hjorth_complexity,1.1355365384169394,0.958054776540175,1.0018971889733577,1.5671215260412947,1.3893458228619298,0.6969705477721313,1.8182432710022367,1.5795784270038267,1030,eeg_data_level_2.csv,11,TP10,234.01171875,244.0078125
0.020831593433763545,0.020831593433763545,0.02002082007976296,0.025044821053717182,0.020611418297251397,0.032869143376773165,0.03286914337677317,0.02190277348107115,0.07345841775782098,0.039907564174467725,0.1156104375605052,0.11561043756050518,0.07385360028968398,0.18911449674724373,0.13266020648871088,0.4481603704049576,0.44816037040495754,0.4302283863617859,0.4944995514767524,0.411412630528663,0.42773526032559267,0.42773526032559267,0.6010873658517485,0.34748536254381374,0.4176399916859098,0.5120357327902981,0.596916039188274,1.1515054809462488,2.397400822315215,2.464777223970523,hjorth_mobility,hjorth_complexity,1.405524246851736,1.1050615044378127,1.0062992284734853,0.36948393703412635,0.13445282156728353,1.0815060224050315,0.0715990870819917,0.31345048179015716,1030,eeg_data_level_2.csv,12,AF7,244.01171875,254.0078125
0.1921509769378479,0.19215097693784788,0.21127912962743525,0.07962702556575611,0.18967670150189359,0.18998843409769506,0.18998843409769509,0.16061029194598686,0.3097563083897468,0.17746843495362954,0.23753871738132448,0.23753871738132448,0.17696030155704215,0.35446053818969275,0.24035467486893455,0.7298114762368331,0.7298114762368327,0.5779825601911945,0.6734472802327971,0.746849686603122,0.7553190967006479,0.755319096700648,0.6984975973607658,0.6218523753709225,0.810045504724932,0.9344651531266813,0.8607877652878184,0.7439443388609887,1.3017380959402953,1.424404194570385,hjorth_mobility,hjorth_complexity,1.0342911477538903,1.0874415971721993,0.8979985548868489,0.4790550356028673,0.4196557764069758,0.9853721537468064,0.23366358501444406,0.5662532622775478,1030,eeg_data_level_2.csv,12,AF8,244.01171875,254.0078125
1.072846610542709,1.0728466105427088,0.8205943387878426,1.499184474515179,1.1361320689425867,1.8829007919754919,1.8829007919754919,1.2720153352995824,2.8087475170767853,2.358430050809328,1.471437270620709,1.471437270620709,1.569586203533676,1.0229919115329817,1.4242813998808626,0.924089348972473,0.9240893489724729,0.8221863511345124,0.9225898991626357,0.9549263176145395,0.8780330513908313,0.8780330513908314,0.8035124346035318,0.8059877403944983,0.8894780461775297,1.1244431825949672,1.5348513201002962,0.9312988935663611,0.44567683955757476,0.44574276580896505,hjorth_mobility,hjorth_complexity,1.079950833739187,0.9423948009456479,1.0717697205221013,1.3989426305636923,0.7904196176985758,0.9733554201645283,0.949428674877076,1.1414223479908234,1030,eeg_data_level_2.csv,12,TP9,244.01171875,254.0078125
1.1120668041921797,1.1120668041921793,0.8321089373959474,1.4958763622755433,1.1006673836670018,1.6305710861354108,1.6305710861354108,1.2067934017655226,2.4041139093545407,1.992744139744388,1.2386822105321538,1.2386822105321538,1.145271890084341,1.435850303696588,1.2218811263334421,1.1923752676955635,1.1923752676955632,0.9016234238402816,1.4471675532228998,1.229194090498996,1.3177778668955789,1.3177778668955789,1.3921100209118233,1.535155094913801,1.395348772216694,1.1277709383855803,1.3597359942161216,0.8034333416803997,0.5415207838911992,0.6171028330924886,hjorth_mobility,hjorth_complexity,1.2725155963728287,1.0139381340734224,0.9572204262533757,1.3505274939868068,0.9248724392658594,0.8171378835949126,0.9744611814637012,1.1563717434071474,1030,eeg_data_level_2.csv,12,TP10,244.01171875,254.0078125
0.08838194226048532,0.08838194226048529,0.0653120403057202,0.10374710962717211,0.10220403558947637,0.0916163249795209,0.0916163249795209,0.08677673674742285,0.10009434748085362,0.07403181030684078,0.11705623442398737,0.11705623442398737,0.10594796403689388,0.16128614044542408,0.12178145323980338,0.6362225286921576,0.6362225286921575,0.6738376582052126,0.37454447856347467,0.574517015807404,0.49230966320807323,0.4923096632080732,0.4953951864034251,0.3564565937344704,0.443144574275775,0.8697432612908987,0.7478880078482079,0.6633219886318659,1.827821060784914,1.588229760946498,hjorth_mobility,hjorth_complexity,1.3261160973120898,1.0631239079408694,1.0167135962769678,0.4968921911838251,0.38298682507044396,1.0815060224050315,0.12383693866916418,0.4122306726319203,1030,eeg_data_level_2.csv,13,AF7,254.01171875,264.0078125
0.36605837899572674,0.36605837899572674,0.36341629624268584,0.37572253957765767,0.32635787404710265,0.31304680140980673,0.31304680140980673,0.2944923887675255,0.28742575222675426,0.33236894933355554,0.48365208676851124,0.48365208676851124,0.3552280384249952,0.7254023463043625,0.5491119288363356,1.0320913485154308,1.0320913485154308,1.1081127188376765,0.9399411736625225,1.06827852947679,1.0728017610602243,1.0728017610602245,1.0442770590273918,0.9150566930471209,1.0395313186557653,1.034439984756387,0.8368613968775633,0.8666990878911878,1.119340986591819,1.2189373025596981,hjorth_mobility,hjorth_complexity,1.1454625571093946,1.0679479322221264,1.0940862229581356,0.7644495248981925,1.136737491432488,1.1536064238987,0.415501544663965,0.755094871449246,1030,eeg_data_level_2.csv,13,AF8,254.01171875,264.0078125
1.0728575929863837,1.0728575929863835,0.9290507695606142,1.0875297216711315,1.1629183337124693,1.6860568142464292,1.6860568142464294,1.398556388268737,1.7830531381164856,2.0039256938029895,1.3445284011713516,1.3445284011713514,1.70615234857318,1.1239074911818423,0.993606174663666,1.2650381698900832,1.265038169890083,0.9743637066630044,1.6404425860821685,1.4014761720808293,1.0506133870045127,1.0506133870045127,0.8574186635927454,1.0700606256319969,0.9864200526389383,1.1172621276639731,1.4005994552185372,0.8690011635148129,0.585371025291399,0.5212924799939122,hjorth_mobility,hjorth_complexity,1.0223799253229435,0.9371972429060147,1.0056778670331092,1.2587935509990236,0.9900616860863605,0.9373052194176938,1.12250006019477,1.241104601316399,1030,eeg_data_level_2.csv,13,TP9,254.01171875,264.0078125
0.9751771423463483,0.9751771423463482,0.7720215354504137,0.5824008680144589,1.2222473378632654,1.5307214168836536,1.5307214168836538,1.2558611398693258,1.6382041942778163,1.9799729204705547,1.1139682111280533,1.1139682111280533,1.4414129364053156,1.0322566437047205,0.8755703509132079,1.454549876062338,1.454549876062338,1.2796611338715307,1.2709722947975837,1.464408019150328,2.0484980445257914,2.0484980445257914,1.6964791142749827,1.7573943950743707,2.093394038465991,1.052529230176028,1.3237682811612883,0.7524518654122809,0.6602510444453941,0.937000567410577,hjorth_mobility,hjorth_complexity,1.4015538393747535,1.0759807684082345,0.9790993502102718,1.3581719892357886,0.8596831924453583,0.8411713507594688,1.1583952138124527,1.2607923832834105,1030,eeg_data_level_2.csv,13,TP10,254.01171875,264.0078125
0.05812467607722991,0.05812467607722992,0.049102624251672305,0.07662266614941135,0.06001950058825927,0.055030813026665314,0.055030813026665314,0.04442432410157266,0.06735103543776444,0.05680776843245979,0.10419558109534234,0.10419558109534234,0.11360482786377309,0.09355622132569533,0.10643783265621401,0.4455471517375708,0.44554715173757076,0.5020634084665687,0.5850570523132982,0.4160035134736197,0.3686348750615742,0.3686348750615742,0.4303202627439099,0.26226458111403583,0.36088470564781067,0.8519714758511557,0.6986131926758318,0.8194519261623321,1.899783049649944,1.7216783391785166,hjorth_mobility,hjorth_complexity,1.0859064449546605,1.0375617026054338,0.9845953359082442,0.5172775118477769,0.3259462341025055,1.0334390880759188,0.11270449632750426,0.3932654744397261,1030,eeg_data_level_2.csv,14,AF7,264.01171875,274.0078125
0.3680947809251297,0.3680947809251296,0.43458244349640696,0.2829317393629795,0.33822043514940175,0.2709308366085991,0.2709308366085991,0.2636210435721797,0.2524517460672965,0.260866420202293,0.39993175428954675,0.39993175428954675,0.3799443908717512,0.15812184019331912,0.43386401961625937,0.650648058679697,0.6506480586796971,0.6769676692891512,0.42827685006933763,0.6689768858743486,0.6155055167068781,0.6155055167068783,0.5677082672053361,0.8598184272347091,0.5920835092574139,1.0976219502596931,0.8228601554030999,0.8144267628231607,0.8537396723742491,0.8557784483817764,hjorth_mobility,hjorth_complexity,0.9231197383983861,1.0061543360726697,0.8519127894640427,0.6243004453335239,1.1774807706953012,1.0334390880759188,0.4452638057199707,0.7816708133608536,1030,eeg_data_level_2.csv,14,AF8,264.01171875,274.0078125
1.4718080787616088,1.4718080787616088,1.1351937470942368,2.1101649976619856,1.5055635437937631,2.322068469249115,2.322068469249115,2.4457949231680103,2.2392691324470326,2.168854310764695,1.7375486349369635,1.7375486349369635,1.4243604196180015,1.026557461627262,1.877124929903645,1.0784973243581601,1.07849732435816,1.0159214755610166,1.081576234300339,1.1106435558268748,0.8754235944974792,0.8754235944974792,0.9409082958407033,0.8467291810897114,0.9201524734485684,1.1643737694089191,1.4399729154462506,0.8829593704574826,0.4089217900512308,0.35583821975904995,hjorth_mobility,hjorth_complexity,0.6829100860409565,0.8677024406221466,1.1176016904270079,1.4957729037174634,1.5523189399131825,1.129572956734144,1.7554417714720718,1.5520596680112815,1030,eeg_data_level_2.csv,14,TP9,264.01171875,274.0078125
1.3132998556315802,1.3132998556315802,1.2193914717108814,1.6543024182052095,1.4377669855138935,2.0879222853409525,2.0879222853409525,2.139664862910116,2.6364798573066004,1.8498808346866997,1.652811998834326,1.6528119988343264,1.5684857195455422,1.2633205329878672,1.6536914623111054,1.0104266545280802,1.01042665452808,0.981061729894621,0.7087289968030384,1.01911801739313,1.0667961230544438,1.0667961230544438,1.00673685454486,1.0872428425741738,0.9769931209471299,1.1395237232899456,1.4361806107446784,0.9126856067414124,0.41743455460222395,0.45787217398963626,hjorth_mobility,hjorth_complexity,1.1970778543101648,0.9563566866044207,1.0025623082616475,1.5161582243814151,0.9004264717081715,0.8411713507594688,1.347871296323804,1.3600015761489024,1030,eeg_data_level_2.csv,14,TP10,264.01171875,274.0078125
0.05444716183389672,0.05444716183389672,0.05538719873805397,0.06162844107115239,0.06122339870992001,0.06796564776598082,0.06796564776598082,0.05841733822258205,0.07866423635387775,0.07678262527982138,0.1172599901095154,0.1172599901095154,0.09650905486837479,0.14747734377401492,0.12477263664498678,0.52144786803361,0.52144786803361,0.437168478472358,0.3160448209675478,0.5745653511593362,0.42187822318592644,0.42187822318592644,0.5074257923827734,0.457769206418302,0.39509507102003666,0.7723059083699642,0.7723488810974786,0.8690328810931238,2.0539350716513183,1.831355395584407,hjorth_mobility,hjorth_complexity,1.3340569122660544,1.0582661593761478,1.0313724753280884,0.47395870543687935,0.42373010433325714,1.1055394895695876,0.10170325601173896,0.3735791483960671,1030,eeg_data_level_2.csv,15,AF7,274.01171875,284.0078125
0.2717625015669408,0.2717625015669408,0.2483712483299763,0.19678627942827967,0.31596705636368566,0.2403605214505956,0.2403605214505956,0.1680951926196917,0.17031503842184598,0.293977249638796,0.4362900318116678,0.4362900318116678,0.3940065443509079,0.7204937599773047,0.4201120137195381,0.7979488476646791,0.797948847664679,0.698868591537547,1.1669153203671088,0.7959047391497814,0.7850891315409086,0.7850891315409085,0.8243695229069504,0.8901716312573977,0.7483805907825799,1.0244378291391885,0.8532234424759372,0.9993134676481674,1.1475988963991866,1.185728294080864,hjorth_mobility,hjorth_complexity,0.9548829982142444,1.0392047551778418,0.9907651924640889,0.6472339310804697,0.7496763384357626,1.1536064238987,0.3533046142273587,0.6962895126397077,1030,eeg_data_level_2.csv,15,AF8,274.01171875,284.0078125
1.1029452459438809,1.1029452459438809,0.8483895891423023,1.1249781599798039,1.2245438615022377,1.6776094253602454,1.6776094253602454,1.8630697432267762,1.701152231865725,1.7026590903051684,1.241007308112155,1.241007308112155,1.306293458810097,1.3347620959075441,1.0166181531456684,1.062115704841338,1.0621157048413379,0.8932322140643959,1.2903809639044888,1.0668147648924298,0.9677405604638081,0.967740560463808,0.9171408137945223,1.0244261645186366,0.9190928251161697,1.1433280271662465,1.3779674403955149,0.825398966138527,0.5075732890598554,0.48750191997706616,hjorth_mobility,hjorth_complexity,0.9251049421368771,0.9407877096075946,1.0561481688168777,1.3658164844847707,0.920798111339578,1.0094056209113627,1.0882766927678,1.2220384292915356,1030,eeg_data_level_2.csv,15,TP9,274.01171875,284.0078125
1.0172797785772412,1.0172797785772407,0.7725481941178017,1.1130550607582521,1.3002623663539516,1.4211871981129653,1.4211871981129653,1.532150906023864,1.5185525730038762,1.4380569176569813,1.1676687003344595,1.1676687003344595,1.174944538792527,1.3878719625512255,0.9147371299870165,1.1208106976090055,1.1208106976090053,0.9124028960664247,1.1014455316474614,1.0926012342520157,1.2898309523263412,1.289830952326341,1.2813020891819533,1.4553292797497053,1.2765072856548867,1.1236474513819648,1.28484806575541,0.8237142785114462,0.5529587040744989,0.6577322155495143,hjorth_mobility,hjorth_complexity,1.302293652450196,1.0439923248141132,0.9923667296977338,1.3709128146507585,0.8352372248876704,0.8652048179240251,1.0239223527461472,1.1853557513470192,1030,eeg_data_level_2.csv,15,TP10,274.01171875,284.0078125
0.08612193516400261,0.08612193516400261,0.1496298405820705,0.05954109335573449,0.04675868279091415,0.07066630597837549,0.0706663059783755,0.0750044500812134,0.09998966182767496,0.07382492600101725,0.2191703084279896,0.2191703084279896,0.18438148250329323,0.27307699819585407,0.24469371553704067,0.485010838767385,0.4850108387673849,0.4074217898278561,0.4840700552694761,0.5347006286521951,0.3799978010553801,0.37999780105538017,0.4951428319599812,0.426208523270366,0.34194043913782446,0.8339509644187034,0.6908552434795682,1.2403128056700687,1.6711227182073896,1.4396064336684011,hjorth_mobility,hjorth_complexity,0.986646258030103,1.0393675498798078,0.9214002519511452,0.4968921911838251,0.3748381692178813,1.0815060224050315,0.19740789052653332,0.5204720988972306,1030,eeg_data_level_2.csv,16,AF7,284.01171875,294.0078125
0.28844985147568003,0.28844985147568003,0.5027463884093362,0.25416488679804616,0.19813740344517564,0.29816586479891194,0.29816586479891194,0.2636879724622132,0.578006194457806,0.30765903635508157,0.5240074280253237,0.5240074280253237,0.48465613577912126,0.5909441304230145,0.5619576371562267,0.8321474851055489,0.8321474851055488,0.6996797855723849,0.972548527304625,0.905751487397449,0.7368172540000228,0.7368172540000228,0.8271306826673644,0.41537067569228625,0.6322486874016413,0.9451838139471005,0.9597794360514077,1.0921225440409505,1.1168216854042696,1.0538350580758566,hjorth_mobility,hjorth_complexity,0.8556228112896866,1.0276464741545372,1.0841881977600358,0.6472339310804697,1.2630416571472087,1.1776398910632564,0.5333306661676024,0.8554871239075895,1030,eeg_data_level_2.csv,16,AF8,284.01171875,294.0078125
1.2722342075336284,1.2722342075336284,1.4329677997791426,1.5177794622675307,1.2318171500751849,1.7754527519878958,1.7754527519878955,1.501494197458819,2.013200926261719,1.9527478239876699,1.5627707638232817,1.5627707638232817,1.3122995664126573,1.4019981125850645,1.877405887608752,1.1351538655373536,1.1351538655373534,1.181341384556614,1.5842182155368347,1.0709695326269737,0.9712235423695257,0.9712235423695258,0.8859977338594345,0.8699169722286988,1.011679790112068,1.131233608745085,1.3515542811141215,0.9106326009939247,0.48194535711008507,0.4413140132861242,hjorth_mobility,hjorth_complexity,0.5935759178088545,0.9259965745544024,1.0611453150486327,1.4753875830535115,1.340453887746554,1.4420080298733753,1.975727974313327,1.6465645986425863,1030,eeg_data_level_2.csv,16,TP9,284.01171875,294.0078125
1.0678671093146266,1.0678671093146264,0.8876910777434509,1.3351216444871994,1.2845691341196364,1.8369704045309594,1.8369704045309594,1.4169958265074096,2.4366469222408194,2.055626425987176,1.567276862704715,1.567276862704715,1.568299280378157,1.324243771946848,1.701316758168508,1.225554920826266,1.2255549208262657,1.0569496988257372,1.2280670173675803,1.2886376703226623,1.6492818539234881,1.6492818539234877,1.510091760873779,2.083729214365524,1.737979869193023,1.0682016694756555,1.4447904458544372,0.9472434257914882,0.5374816773483639,0.7278838443103932,hjorth_mobility,hjorth_complexity,1.1931074468331826,1.0364218071313411,1.0379886619326537,1.4651949227215357,0.9737643743812352,0.9373052194176938,1.2577906499258806,1.3137701201970717,1030,eeg_data_level_2.csv,16,TP10,284.01171875,294.0078125
0.020004200902597438,0.02000420090259744,0.01795072989873169,0.025430894460445202,0.019319322882038744,0.04058795921891857,0.04058795921891857,0.03483709922038131,0.08245619366147995,0.04128493240648406,0.14536012157261322,0.14536012157261322,0.13087211680595226,0.13227133282922382,0.17764186246330987,0.49741654773979105,0.497416547739791,0.44643470280614445,0.6100713252948454,0.48600266760165134,0.36466006847802074,0.36466006847802074,0.4300404029161514,0.19881924520009175,0.3553350030646903,0.4995137299775917,0.7011995114972612,1.3770366671523833,2.644840789470837,2.1941524802360086,hjorth_mobility,hjorth_complexity,1.3082492636656695,1.0584998029980945,1.127630989168849,0.3975137529470601,0.1100068540095956,1.2016733582278127,0.07096719555946927,0.3120642515010568,1030,eeg_data_level_2.csv,17,AF7,294.01171875,304.0078125
0.03728902880425551,0.03728902880425551,0.03148456148163102,0.04963654725463675,0.03782937801491919,0.05050674315907597,0.05050674315907596,0.03915329091107256,0.058631174482766925,0.05616275743314898,0.1994736209905524,0.1994736209905524,0.19385741089349232,0.22967892250555708,0.18612431238607152,0.703735587229097,0.7037355872290969,0.4740941701119705,0.6730471099718606,0.7480298178292702,0.6203058489061357,0.6203058489061357,0.7005671459756427,0.42568994249636044,0.5819180850953886,0.5633172171243349,0.5750362196798767,1.2271979910064175,2.4119249670050005,2.317106899542343,hjorth_mobility,hjorth_complexity,1.3102344674041606,1.0911039016492738,1.0023522705916612,0.4510252196899336,0.29335161069225496,1.0574725552404751,0.11493163169028145,0.39713209376207675,1030,eeg_data_level_2.csv,17,AF8,294.01171875,304.0078125
0.9360309178977984,0.9360309178977984,0.6900380927009769,1.5028784853227717,1.0755714411132167,1.6342311739841788,1.6342311739841788,1.3900383388048216,2.4682334139006006,1.7637386225136478,1.7305489071385278,1.7305489071385278,2.1159423443831322,1.4188884175013037,1.3094996714528035,0.9997772422873138,0.9997772422873135,1.0598847348339904,1.394692747126647,0.9932175391041866,0.8522632090465875,0.8522632090465873,0.7328778501859999,0.7349161430616916,0.8635004576062993,1.111306458287151,1.4887175221569104,1.156737102406059,0.5219970678206748,0.4767141746669279,hjorth_mobility,hjorth_complexity,0.9965722767225584,0.9091616364313083,1.2302869003746062,1.4218761163106381,0.8759805041504836,1.1055394895695876,1.0429326921869742,1.1963089170032983,1030,eeg_data_level_2.csv,17,TP9,294.01171875,304.0078125
0.9714845275468557,0.9714845275468557,0.7308111216572895,1.5505594057505063,1.0458026142913182,1.4992440966667384,1.4992440966667384,1.320869671068061,2.094425558938077,1.5580220222407235,1.567526270263471,1.567526270263471,1.9991182061989665,1.199238162240022,1.2064134338936712,1.0269327278397329,1.0269327278397327,1.1284228428050795,1.3128499573502372,1.0119437264901834,1.0929704415098709,1.0929704415098707,0.9684864016639517,1.3085902655120545,1.125053167560879,1.1211894882983764,1.3737746706421514,1.0465090349429862,0.5223073809435741,0.579863668251596,hjorth_mobility,hjorth_complexity,1.1613441870173242,0.9728671816905088,0.9833176067491615,1.4677430878045297,0.9167237834132967,0.8291546171771907,1.0899731671323807,1.2229905536771772,1030,eeg_data_level_2.csv,17,TP10,294.01171875,304.0078125
0.05470603498148792,0.05470603498148792,0.05105651746472933,0.06991917815190656,0.057862717418068595,0.07973066536532679,0.07973066536532679,0.08740604613102128,0.05968343933187235,0.10237773024493685,0.1189696178809782,0.1189696178809782,0.1278682500582813,0.14687892534333757,0.11918824813154826,0.38292392549565607,0.38292392549565607,0.356620718469246,0.3649932366734423,0.4305857758803523,0.31677707470470073,0.31677707470470073,0.36145697301478735,0.23734480508057212,0.28808574791631497,0.8483202934471424,0.937300084616234,0.963034724654805,1.7617078986672647,1.595559946346856,hjorth_mobility,hjorth_complexity,1.302293652450196,1.0541579661940024,1.053347666550395,0.42044723869400585,0.3015002665448176,1.1175562231518659,0.08711413191695071,0.3457478641112082,1030,eeg_data_level_3.csv,0,AF7,120.0078125,130.00390625
0.14161583192519198,0.14161583192519198,0.1813189921766131,0.09243542993297489,0.12255941848052167,0.17017082649090912,0.17017082649090914,0.14262366584814926,0.23572085757446096,0.1811041772071221,0.3355263863179999,0.3355263863179999,0.35410900705956055,0.4965042028656412,0.3150527108616762,0.8473883476226279,0.8473883476226278,0.7111668956342486,0.6833544898691096,0.9059949462027265,0.7485036813925346,0.7485036813925345,0.7318237240351898,0.5504223891118999,0.7647301709797137,0.8512224551322302,0.8820784554132569,1.1007523326450608,1.6449866404079312,1.5812278561981745,hjorth_mobility,hjorth_complexity,1.2844268188037755,1.057144098456279,0.8428199086675566,0.5605963182586745,0.8026426014774198,0.8652048179240251,0.21574938796113532,0.5441141065452146,1030,eeg_data_level_3.csv,0,AF8,120.0078125,130.00390625
0.6746927313302543,0.6746927313302543,0.6300208529124756,0.6399307598892806,0.617132973822759,1.2348625889135048,1.2348625889135048,1.2637856752674566,1.4912140505671232,1.045224474919213,2.191882636375951,2.1918826363759516,2.558848070895134,3.1378532527362086,1.8254661264006413,1.6574972806985113,1.657497280698511,1.750339238865667,1.6360417143567079,1.6793833422226603,1.8659761117653288,1.8659761117653286,1.9700018142527689,1.4165943592860892,1.768186018959016,0.9599565066968659,1.3026499236283007,1.581320861499909,0.8866793021716752,1.0310507198928713,hjorth_mobility,hjorth_complexity,1.0739952225237135,0.9964645766118284,1.1127795755869079,1.0906146555214213,1.0674739166857055,1.1776398910632564,0.7954725050854476,1.0447870617947568,1030,eeg_data_level_3.csv,0,TP9,120.0078125,130.00390625
0.7299084998386088,0.7299084998386087,0.701852564985371,0.853263454082605,0.5768543160131602,1.3751142565970575,1.3751142565970575,1.2739800268393289,1.2785749110648805,1.1541480149096197,1.6225475397434665,1.6225475397434665,2.1218615341517206,1.3468342305401606,1.3526266043292483,1.6959151279836921,1.6959151279836915,1.381410828169001,1.3999180047957052,1.888764208621021,1.8998943484787971,1.8998943484787971,1.4935823886713777,2.2360824396766112,1.9904328568387226,0.969075730007392,1.3423336545406375,1.1680896070503695,0.8670995152123341,1.010850592905094,hjorth_mobility,hjorth_complexity,1.3380273197430368,1.0973821575660532,0.9813835098713717,1.2587935509990236,1.0919198842433935,0.9613386865822501,0.8393286259784466,1.0732013663389859,1030,eeg_data_level_3.csv,0,TP10,120.0078125,130.00390625
0.05505690096602147,0.05505690096602146,0.15361458414160528,0.0199158086174369,0.010905011884202249,0.027279895984712612,0.02727989598471261,0.02009867579220061,0.024613655371068414,0.03285848347507752,0.09877485806323384,0.09877485806323384,0.07034589095812774,0.09010350304338512,0.11181882068118124,0.3514663934123556,0.3514663934123555,0.34886316437801607,0.3832679847833445,0.3449274904396162,0.25783804107138336,0.25783804107138336,0.2783325149235743,0.21298095650582632,0.2444835078811561,0.6331500606135017,0.4657531046206328,0.9305599664623176,1.8341426411674036,1.509775080326693,hjorth_mobility,hjorth_complexity,0.857608015028178,1.0573096800515507,0.8592378532048115,0.2955871496273011,0.28927728276597364,1.0334390880759188,0.1423705088903265,0.44200300092508177,1030,eeg_data_level_3.csv,1,AF7,130.0078125,140.00390625
0.11917624359472755,0.11917624359472755,0.2623283090034909,0.041136284721418725,0.06962407406616687,0.05084685000039684,0.050846850000396855,0.03808733425800581,0.06348245502349033,0.06041052263657761,0.14930862292677743,0.14930862292677743,0.1163930440223782,0.15585133697213827,0.17803456447991187,0.778812977820006,0.7788129778200058,0.6549198942584855,0.4243459233322727,0.8784546709760381,0.6903759673726694,0.6903759673726693,0.6678981971890414,0.7273680933041863,0.6844743009539801,0.7352804479332143,0.40194750870828017,0.6688170452892225,1.8125319542217235,1.7551673183373129,hjorth_mobility,hjorth_complexity,0.9826758505531205,1.1215080331316685,0.7305635256295134,0.48160320068586127,0.5378112862691341,0.8411713507594688,0.2502505715072729,0.5860069115297235,1030,eeg_data_level_3.csv,1,AF8,130.0078125,140.00390625
0.8591098850910877,0.8591098850910877,1.8749615500520382,0.5437035772576053,0.4321630916301189,0.6280864830356445,0.6280864830356445,0.47694077465512147,0.9185357697422258,0.7803287913558472,0.7299774345310638,0.7299774345310638,0.7758100377854856,0.8785903691995585,0.759802949645182,0.9137404964777269,0.9137404964777267,0.7381295445545353,0.9644830461580024,0.9752613129986056,0.8199892767701641,0.8199892767701642,0.7436024671708453,1.1943859135078323,0.8091586372760007,0.9618892988840154,0.8856255042439254,0.7142809394647658,0.5961557836508606,0.5685240662630469,hjorth_mobility,hjorth_complexity,0.6015167327628193,1.0372235391605367,0.7259251937506513,1.1160963063513611,1.4912040210189628,1.4420080298733753,1.5757996939043954,1.4705022899314495,1030,eeg_data_level_3.csv,1,TP9,130.0078125,140.00390625
0.32101382310642324,0.3210138231064232,0.24767507705742572,0.49683998672721286,0.3507911282885465,0.5571628987848808,0.5571628987848808,0.38792012779968504,0.761647620956935,0.7306084928779879,0.6936095969114673,0.6936095969114673,0.6588625674751563,1.0102928580101493,0.6889443018679209,1.50109252128012,1.5010925212801198,1.289663386051497,1.6596662174067396,1.4765040785960204,2.0069237705372087,2.0069237705372083,1.8596899983994606,2.374360025452018,1.962264613257156,0.8456526685801065,1.094278604901711,0.9550761547816551,1.2523877441819584,1.7019151124427658,hjorth_mobility,hjorth_complexity,1.4928732113453467,1.1577445824220616,1.0353281847794953,1.118644471434355,0.6681897799101363,1.0574725552404751,0.5572444247441088,0.8744562080029555,1030,eeg_data_level_3.csv,1,TP10,130.0078125,140.00390625
0.020265072759828383,0.02026507275982838,0.024315917651707035,0.010907742309725866,0.019515195816993246,0.0238582172069735,0.023858217206973495,0.012748444785795187,0.03132148475393276,0.033975714593161274,0.11213850387101588,0.11213850387101588,0.09645207800988909,0.13766726226417747,0.11075444626990583,0.32686173838298327,0.3268617383829832,0.2827053564535522,0.2703883603565458,0.3338211559137045,0.26563688687482223,0.2656368868748223,0.2092694964306319,0.21759749887333277,0.2718631772899668,0.585785937491965,0.5742412394161504,1.3967934004361957,2.3270129055482927,2.125889582198946,hjorth_mobility,hjorth_complexity,1.2923676337577403,1.0605878621270248,1.1112743056186734,0.31852063537424685,0.09778387023075165,1.2016733582278127,0.05704740605589475,0.27979061969714936,1030,eeg_data_level_3.csv,2,AF7,140.0078125,150.00390625
0.06591490471298278,0.06591490471298278,0.07990109630038907,0.04769705681281863,0.06222235273544979,0.07675256427805538,0.07675256427805538,0.05827995159602534,0.1395537114526538,0.0856397620943142,0.1979201660150331,0.1979201660150331,0.1457675331101522,0.17175508833356584,0.2279851756266822,0.607876004548502,0.6078760045485019,0.5248094601891952,0.7227338606689813,0.6178330988155928,0.6959352129042353,0.6959352129042353,0.6365005296898696,0.6172545521404168,0.6921154064809674,0.7007930709319258,0.6900787540785573,1.0446087276950544,1.8297817437801611,2.1892246193142992,hjorth_mobility,hjorth_complexity,1.1514181683248683,1.1216563676309552,1.1009299503718528,0.5070848515158011,0.20779072424034725,1.129572956734144,0.14667417278701783,0.4486338339636216,1030,eeg_data_level_3.csv,2,AF8,140.0078125,150.00390625
0.7236926208641898,0.7236926208641898,0.5960978637777923,0.9349107929664559,0.7314426375738428,1.0552240812828735,1.0552240812828735,1.0077196821643664,1.0216086416338068,1.2313442454566517,0.8706329249344769,0.8706329249344769,0.9830546853033315,0.7556278234851365,0.7969382538509345,0.9592244992577473,0.9592244992577472,0.8161443013449845,1.1598771299532107,0.9694852928854991,0.9149048853127191,0.914904885312719,0.8165003200748753,0.48638104748646294,0.9682092029831276,1.0978868125524766,1.308524242177497,0.8323321698306692,0.6363611685308238,0.6405243845163775,hjorth_mobility,hjorth_complexity,0.9131937197059301,1.0191040700154563,1.6332791765214691,1.5722178562072826,0.8882034879293275,1.8265435045062752,1.0295352209917996,1.1886002125682469,1030,eeg_data_level_3.csv,2,TP9,140.0078125,150.00390625
0.7210105581427766,0.7210105581427767,0.6534048075785096,0.9771166709498692,0.7956578370099358,1.0342857061327257,1.0342857061327257,1.0213912688607267,1.3257245902678756,1.066407154992203,0.9074371872656608,0.9074371872656608,1.0846380991149636,0.6514036934689428,0.9837188845799518,1.329520701921844,1.3295207019218438,1.1461497770540439,1.129198567420281,1.466253265977464,1.657145115581772,1.657145115581772,1.2278279891431458,1.9473410551262365,1.7066732656240398,1.0451911482464222,1.2142557391627382,0.8000059296350458,0.7750231641856462,0.9892851280317818,hjorth_mobility,hjorth_complexity,1.5365476935921523,1.1123021438283254,1.069433051443505,1.5161582243814151,0.8637575203716396,1.0574725552404751,0.8381792659658749,1.0724663042501235,1030,eeg_data_level_3.csv,2,TP10,140.0078125,150.00390625
0.04336297580130444,0.04336297580130443,0.03341520434002679,0.07432137634591719,0.04240452013498336,0.04920430521134618,0.04920430521134619,0.04941834417697562,0.046253746863696744,0.0591447600855795,0.14788846358154698,0.14788846358154698,0.1144520031020909,0.2045960298241184,0.15885123703779888,0.3398125614874367,0.33981256148743666,0.3437131659352947,0.26159677905627315,0.33399460894473537,0.3375377739774989,0.3375377739774989,0.33051752059075284,0.3195540918931767,0.3386307436821345,0.802926542853645,0.7310241332602968,1.2913134226208631,1.7802337833246233,1.8859422817173526,hjorth_mobility,hjorth_complexity,1.276486003849811,1.076751632462013,1.0705795070588464,0.48669953085184925,0.2159393800929099,1.1536064238987,0.07401721573472878,0.3186996389576143,1030,eeg_data_level_3.csv,3,AF7,150.0078125,160.00390625
0.15752203060634237,0.15752203060634237,0.14875776802313562,0.17101282208686377,0.14709834158699672,0.18235265531700537,0.18235265531700537,0.11833806666371821,0.2521703656051655,0.22481270969881875,0.32386535698620295,0.32386535698620295,0.21508241575671838,0.5171331752936135,0.35529684694482805,0.8116075167780854,0.8116075167780854,0.6451151037633641,0.797542604348358,0.9106761702710223,0.8923148952455047,0.8923148952455046,0.8870536684891861,0.7824262983435282,0.937703353364853,0.8795125891490512,0.8688501168543007,0.9857573130783371,1.4561527590175458,1.6706616508372871,hjorth_mobility,hjorth_complexity,1.1692850019712888,1.088541239124353,1.0074456840888264,0.5121811816817889,0.9370954230447033,1.0574725552404751,0.2376467787335342,0.5710592428685433,1030,eeg_data_level_3.csv,3,AF8,150.0078125,160.00390625
1.1632328341571436,1.1632328341571436,1.1513783078157591,1.6132826604227852,1.071117227524332,1.6617645111610144,1.6617645111610142,1.4635109152880097,1.7176743316244276,1.8460038098671234,1.756054844299773,1.7560548442997725,1.9470252679789513,1.7843491720618898,1.322274512706125,0.9780907685168738,0.9780907685168737,0.6478410405281165,0.8487597047811789,1.1098373774261088,0.9581320768330434,0.9581320768330436,0.8360792245069557,1.0521394614979094,0.9732514139628907,1.1371144958065846,1.3541994594150524,1.048854112164552,0.45478442067872255,0.46584445850383077,hjorth_mobility,hjorth_complexity,1.0839212412161692,1.0020301560935467,1.24184772379343,1.6257293229501562,0.9289467671921406,1.2016733582278127,0.9958385614631932,1.168986966034853,1030,eeg_data_level_3.csv,3,TP9,150.0078125,160.00390625
0.9682650889284337,0.9682650889284335,0.8455971329672028,1.4296584428426122,0.938578095202121,1.4991708685889138,1.4991708685889138,1.2698471917081484,1.5589637399302465,1.500535066678696,1.5574673687262184,1.5574673687262184,1.8971060437205727,1.413704722546807,1.0964669138087357,1.4431937924717133,1.4431937924717133,1.1223040901386405,1.7852540748533297,1.4475562180994557,1.9344491199804483,1.9344491199804483,2.246822289523383,2.128770326228648,1.9842675124379234,1.0605239210351516,1.2991800822130952,0.9791173548614763,0.6570573027757188,0.8846887073875924,hjorth_mobility,hjorth_complexity,1.4789767851759086,1.126987548410208,0.9987378723539819,1.5569288657093188,0.9493184068235473,0.9613386865822501,0.9065982681013599,1.1153794579714977,1030,eeg_data_level_3.csv,3,TP10,150.0078125,160.00390625
0.061652233417001816,0.06165223341700181,0.10184560956147577,0.03517322932424617,0.04566480042478367,0.032788182556350465,0.032788182556350465,0.043300544649741105,0.038191327139717894,0.0261002332101217,0.10241159218082814,0.10241159218082814,0.07050399595733813,0.1541982800140421,0.11531221288546499,0.4501003430983001,0.45010034309830005,0.4857315645527421,0.3072398499352784,0.4170749445085646,0.3514165092308625,0.3514165092308625,0.35603066214903956,0.3869360824644427,0.3468152138923944,0.8029686363444429,0.4544467875818701,0.8303706581318775,1.925771670490271,1.6811197436378063,hjorth_mobility,hjorth_complexity,1.0998028711240986,1.0966811346734577,1.0384174888422089,0.4510252196899336,0.31372325032366155,1.1536064238987,0.10540459631554386,0.3803163303395073,1030,eeg_data_level_3.csv,4,AF7,160.0078125,170.00390625
0.15261238808612104,0.15261238808612104,0.17290981782783274,0.14617818264153776,0.17520528119167963,0.15543480145567914,0.15543480145567914,0.09683583294717563,0.34268356804999006,0.18840212995378688,0.4399561759618784,0.4399561759618784,0.33461440996953445,0.6946145954550154,0.4725492960019389,1.0799859324393801,1.07998593243938,0.9071376293426477,0.75688812119968,1.1585440267535907,1.118723643758852,1.118723643758852,1.308224605927519,0.7602272866121385,1.1022746540758441,0.7904575156440137,0.7115350102378073,1.1573700529398654,1.6792914589649166,1.8307776886742269,hjorth_mobility,hjorth_complexity,1.1057584823395719,1.0914830550718655,0.8746318641008838,0.6395894358314878,0.6233721727210417,0.8892382850885814,0.2628351056659495,0.6005606667056825,1030,eeg_data_level_3.csv,4,AF8,160.0078125,170.00390625
1.2810596398591434,1.2810596398591434,1.6474223126326837,1.6715565311004386,1.1535765536718496,1.3554709866255372,1.3554709866255372,0.9658505273664926,1.6038870234797846,1.4921265015316074,1.4923095621055371,1.4923095621055371,1.8509180055686574,1.2416557239411867,1.5205594162337972,1.1587316664996574,1.1587316664996572,1.1901274673782936,1.2975837606440697,1.16042765091538,1.1229758864887598,1.1229758864887602,1.1943296357719555,1.4993496680688518,1.1571451740451257,1.1228495682889585,1.1153312484625295,0.8714255224095908,0.49306813175376163,0.502297678224125,hjorth_mobility,hjorth_complexity,0.7841554767040052,0.9885559926930363,0.994782162902575,1.5875068467052464,1.1122915238748001,1.321840694050594,1.4505832312417706,1.410868462266568,1030,eeg_data_level_3.csv,4,TP9,160.0078125,170.00390625
0.9327296063815262,0.9327296063815261,0.803279543629909,1.15324983316317,0.8724577860139956,1.4258653939984456,1.4258653939984456,1.1155188085494554,1.4815308944646244,1.5433265004805194,1.4252233296264232,1.4252233296264234,1.705497178355492,1.4160787295398665,1.4572700223074735,1.5760100943686137,1.5760100943686135,1.2924893966763373,1.436041744349934,1.654010248416547,1.7356771598535177,1.735677159853518,1.4319346430367301,2.3584553154606467,1.8498067843578685,1.0657102936226721,1.310228433171854,0.9652830957930296,0.7410950709991142,0.8500542430258602,hjorth_mobility,hjorth_complexity,1.4214058767596651,1.0869134871315227,1.016538564885313,1.6384701483651258,1.087845556317112,0.9613386865822501,1.0199534086327418,1.183056173357511,1030,eeg_data_level_3.csv,4,TP10,160.0078125,170.00390625
0.050933817873296046,0.050933817873296046,0.049322045217078544,0.02871300680443754,0.0501272839772076,0.07935893997101838,0.07935893997101838,0.10122706049299174,0.06395775304565156,0.06964289661397323,0.11877973545950754,0.11877973545950754,0.0989319551994207,0.15186206592496737,0.12698551158111301,0.4931491003969104,0.49314910039691023,0.65790866132495,0.5459666655931175,0.4721510978299866,0.34973101831624637,0.3497310183162464,0.3778545116500441,0.25830053984020496,0.31221168728675736,0.7480029234840023,0.8884622377535212,0.9220159821211253,2.043370358037439,1.6448736295727262,hjorth_mobility,hjorth_complexity,1.2268559103875323,1.0460687857725868,0.9479000046477378,0.37967659736610226,0.5989262051633538,1.1055394895695876,0.1198536223708234,0.4055466156000574,1030,eeg_data_level_3.csv,5,AF7,170.0078125,180.00390625
0.2808032676216885,0.28080326762168845,0.3229348716174591,0.2047338699341991,0.24676886812850177,0.4398882425690245,0.4398882425690244,0.44885306667990826,0.4711974206636239,0.45733204077344514,0.4816336045735908,0.4816336045735908,0.3936797397556394,0.7301023334179922,0.47532364969811397,0.9785002488807816,0.9785002488807816,0.8327126503161616,0.5387413544221151,1.0090601938679318,0.8703997364332204,0.8703997364332203,0.9801291604869908,0.8445120711821665,0.8847434104321226,0.9306182507103733,1.182140431179594,0.9560501404430118,1.1889237474985703,1.1349221293085279,hjorth_mobility,hjorth_complexity,0.8794452561515803,1.0113127915845306,0.9698664443004616,0.5504036579266987,1.1774807706953012,1.1055394895695876,0.39407630931463733,0.7353690760467378,1030,eeg_data_level_3.csv,5,AF8,170.0078125,180.00390625
1.2425299832929808,1.2425299832929804,1.734554996717154,0.9991943477677288,1.051180944476099,1.2060536550589604,1.2060536550589604,1.1326168308388966,1.9628090248112642,1.2773479859761607,1.2989214047762911,1.298921404776291,1.5445383996056665,0.721223289568636,1.3643593040307875,1.1401637074314976,1.1401637074314976,1.0360347813451272,1.3267444268263948,1.1961033107674703,1.0051993051553128,1.0051993051553128,1.5228030953069902,0.706584458702318,0.9799630595939427,1.0892874458997555,1.0545582876629354,0.8029095298580322,0.5049046771729616,0.4721089728412389,hjorth_mobility,hjorth_complexity,0.7722442542730583,1.0085833994775877,0.8214748304552086,1.4983210688004573,1.662325793922778,1.3458741612151501,1.5953167355754918,1.4795807074745286,1030,eeg_data_level_3.csv,5,TP9,170.0078125,180.00390625
0.6736095962327499,0.6736095962327499,0.47734038390402056,0.9432790651221726,0.7248482685967128,1.1856504596164152,1.1856504596164152,1.0767843225669573,1.4004399012274393,1.248817093323585,1.18241639353001,1.18241639353001,1.2190963655316613,0.981408901392812,1.3310825362667493,1.2097556934369067,1.2097556934369065,1.1688833278434814,1.5459318972526983,1.28138732454112,1.4697187498777495,1.4697187498777495,1.269447057639298,1.3147488201786557,1.5673731884253785,1.0405066626013422,1.3759509382384392,1.030686069504935,0.7405585627725886,0.9206551118653254,hjorth_mobility,hjorth_complexity,1.3697905795588952,1.0955881050560683,0.9842277699857683,1.4983210688004573,0.7985682735511385,0.9373052194176938,0.7129411673419215,0.9891041993253263,1030,eeg_data_level_3.csv,5,TP10,170.0078125,180.00390625
0.041557205883773034,0.04155720588377304,0.11539446779009567,0.01385200093802711,0.010310395154422045,0.01868240332968015,0.018682403329680155,0.010431408478267665,0.044141491545100074,0.02441583145972197,0.08819217189890055,0.08819217189890055,0.07084135838225604,0.09816241235189628,0.09828242666259462,0.3909331692945912,0.39093316929459115,0.28523073505336755,0.45822254343287916,0.418693833796639,0.3377458458281403,0.3377458458281403,0.3560704566083442,0.2483976945420483,0.326112685750888,0.5546156651791017,0.34812063875841803,0.8409086020489095,1.9866217458250262,1.8697786784885262,hjorth_mobility,hjorth_complexity,1.1692850019712888,1.100215265802855,1.0796548847161669,0.32361696554023484,0.24445967557687912,1.2497402925569252,0.11573948029468785,0.39852536041203573,1030,eeg_data_level_3.csv,6,AF7,180.0078125,190.00390625
0.2585175138175187,0.2585175138175187,0.26427663488247916,0.23560827886070715,0.26643638485073284,0.1573726243847929,0.1573726243847929,0.1348051942327174,0.16810933369898992,0.17123098728971503,0.37673850006955845,0.37673850006955845,0.2889742927443629,0.46661365228445384,0.41485887439213215,0.9072180196899966,0.9072180196899965,0.8979422595637498,1.2962593683240504,0.9371139970682464,0.879341953991281,0.8793419539912809,1.080188430737147,0.7531519636384109,0.8688216706822319,0.9970904354321551,0.6213726750592932,0.9029040205941123,1.2948641478756,1.3225838974179627,hjorth_mobility,hjorth_complexity,1.0124539066304876,1.061569352117767,0.8579513724761461,0.4663142101878974,0.5948518772370726,0.9132717522531376,0.3014995925444746,0.6432185549553063,1030,eeg_data_level_3.csv,6,AF8,180.0078125,190.00390625
0.9668469670800355,0.9668469670800358,2.2007843993761784,0.4138437319880143,0.5300512484192562,0.6264129535766345,0.6264129535766345,0.56626221957075,1.1134796672341354,0.6307086963082187,0.7076654078574834,0.7076654078574834,0.5591838156585796,0.7398270558907275,0.7627845592269739,0.9345275697917005,0.9345275697917004,0.7515066846740992,0.4465289568261406,0.9494039222591023,0.909064632113291,0.9090646321132909,0.8634657706983092,0.7396741753684679,0.8967096932630205,0.9044004257711287,0.7671953091858054,0.5967684823462133,0.5170467385653033,0.5278769227838336,hjorth_mobility,hjorth_complexity,0.9151789234444213,1.0544795830197835,1.3205680921903427,1.6639517991950656,1.6908460894067474,2.0668781761518376,1.8147095554800554,1.578042742656609,1030,eeg_data_level_3.csv,6,TP9,180.0078125,190.00390625
0.3880007923665789,0.38800079236657886,0.37126556687313356,0.48269589272398883,0.4092309008910903,0.5796929482461585,0.5796929482461585,0.5675455233951937,1.1009845709858102,0.6075038158824303,0.6623429437040235,0.6623429437040235,0.5032578491763726,1.0475256299051199,0.6810998025911864,1.2142194593121745,1.2142194593121745,1.2000550456012737,1.3014751839695389,1.1170110070049781,1.5976354864741436,1.5976354864741436,1.2735071843061712,1.9107167499159974,1.6124953269492048,0.9469082603339801,1.1224233047751253,0.9212920202727781,1.0478304729185994,1.407334696743971,hjorth_mobility,hjorth_complexity,1.5444885085461166,1.147329190873247,1.0297971928031917,1.6027958372032103,0.9004264717081715,1.045455821658197,0.5098290353611471,0.8364259185734336,1030,eeg_data_level_3.csv,6,TP10,180.0078125,190.00390625
0.05816348508503702,0.05816348508503702,0.05573271780130936,0.04044172009830328,0.06766986594073404,0.05076421209744011,0.05076421209744011,0.05447475388678134,0.05851968381001716,0.047734941145496784,0.1115419088424989,0.1115419088424989,0.09407314654944347,0.14451860005739514,0.11702649679995873,0.38679219890716837,0.38679219890716826,0.3470760163954816,0.3552095057142805,0.4163908711651063,0.3589564821219578,0.3589564821219578,0.35756836792263036,0.37349851357551983,0.34895814469994707,0.8539937931306968,0.6677033177095326,0.9057651236514929,1.7517380633678559,1.7496902351248178,hjorth_mobility,hjorth_complexity,1.2526635589879171,1.0845572734410676,1.0520524342521465,0.48415136576885526,0.3748381692178813,1.129572956734144,0.09137301399541628,0.35409857136044726,1030,eeg_data_level_3.csv,7,AF7,190.0078125,200.00390625
0.33169211516525293,0.33169211516525293,0.37532158817880523,0.2435503911009579,0.3360013018583128,0.2795487734493262,0.2795487734493262,0.3188920565978858,0.21276259132437494,0.261784651916473,0.6829207879041927,0.6829207879041926,0.5461555194852753,0.7419252072682935,0.8669365613932157,0.941761665841537,0.9417616658415368,0.9010419687722336,0.7877110876065583,0.9636597358478044,1.0613014927088193,1.0613014927088193,1.1273398548560447,0.6765697263590886,0.9911569122092789,1.00051835182225,0.7822282829112228,1.190450468043818,1.0886491801707303,1.2632580870578316,hjorth_mobility,hjorth_complexity,0.8953268860595097,1.0481719139987022,1.1072485836106045,0.7542568645662167,0.6111491889421978,1.1055394895695876,0.4048713186055989,0.7453730828271597,1030,eeg_data_level_3.csv,7,AF8,190.0078125,200.00390625
1.087887120653583,1.087887120653583,0.8765691979678906,1.530840368010113,1.0949290920851227,1.3087161165068453,1.3087161165068453,1.130277426638948,1.1814173715202603,1.341936364025698,1.1080643810316928,1.108064381031693,1.099510752391431,1.1099576012946863,1.2841294157693066,1.2813790287348057,1.2813790287348055,0.9328637490521028,1.2444154860985868,1.3853236146786931,1.1623664333110695,1.1623664333110697,1.0995903487326741,1.6333540883825766,1.2084476162268418,1.1444465619869442,1.186981136644098,0.7673532056102923,0.6020003649754925,0.5811613000043072,hjorth_mobility,hjorth_complexity,1.0243651290614346,0.9992549728828006,1.116253948711263,1.5161582243814151,1.165257786916457,1.1776398910632564,1.1739618249625603,1.2692354297613653,1030,eeg_data_level_3.csv,7,TP9,190.0078125,200.00390625
0.8661985790150966,0.8661985790150964,0.7430775976132995,0.8776956700778243,1.0226046564967317,1.2414291419707613,1.2414291419707613,0.9960269528577245,1.197918418619897,1.396824972712856,1.0546010861349637,1.0546010861349637,0.9603768873438727,1.2589739134494333,1.158524325166606,1.3902324984228294,1.3902324984228294,1.185999591107765,1.7073835011346299,1.479049304090687,1.98397247584756,1.98397247584756,1.7315222626896252,2.776476413874994,1.9553331081201732,1.0643572692953926,1.2455131736004568,0.8111277472670565,0.7067841753914741,1.0075070458570017,hjorth_mobility,hjorth_complexity,1.469050766483453,1.1104902831802939,1.00155587775963,1.531447214879379,0.8026426014774198,0.9613386865822501,0.892254514467296,1.1065207852083343,1030,eeg_data_level_3.csv,7,TP10,190.0078125,200.00390625
0.06990051322492627,0.06990051322492628,0.19145133851255042,0.012633279988112086,0.014112362644371858,0.022458383323629018,0.022458383323629018,0.019702918333515163,0.027166545841900987,0.028381617546830593,0.10265757016013292,0.10265757016013292,0.06889320893943285,0.16245639505666953,0.11384319506458163,0.36585288176788155,0.36585288176788155,0.41101265083211724,0.2453007863777969,0.3566448143537915,0.306796110365442,0.3067961103654421,0.3262032376256898,0.34332944151108746,0.2775318220372913,0.6267524642068671,0.33719583204672954,0.8107995859545448,1.5939681393937013,1.4586141047190029,hjorth_mobility,hjorth_complexity,0.857608015028178,1.0847140218372846,0.9288915955139864,0.33380962587221075,0.33816921788134946,1.1776398910632564,0.18089998443344535,0.49823526549063424,1030,eeg_data_level_3.csv,8,AF7,200.0078125,210.00390625
0.33142534495112913,0.3314253449511291,0.49589393553584127,0.14761177568814296,0.18248069634102707,0.1518451255904462,0.15184512559044622,0.09434402038991999,0.21643727258800366,0.22246718686457298,0.3929747900814701,0.3929747900814701,0.32662969975985423,0.584186607978262,0.401046300370354,0.94771335307526,0.9477133530752598,0.909747380537348,1.3652256743630273,0.8525650906229558,0.9349615201129493,0.9349615201129493,1.470619197023638,0.8779297729394498,0.8340004316393449,0.9238278674788201,0.5323754327422907,0.8014150488345456,1.1499706534395187,1.1866627548981221,hjorth_mobility,hjorth_complexity,0.8675340337206335,1.0611286944471743,0.8538818926201633,0.5427591626777166,0.6885614195415429,0.9373052194176938,0.42124436408715904,0.7602952040435648,1030,eeg_data_level_3.csv,8,AF8,200.0078125,210.00390625
1.7774738202540756,1.7774738202540754,4.308500897331725,0.8280575920499257,0.6785370594215817,0.7195371020896015,0.7195371020896015,0.53317311380844,1.0766958446959791,0.7291598073580994,1.0946190988771392,1.0946190988771392,0.9401618286117306,1.0863176671772858,1.1511420936499626,1.0196523395730521,1.019652339573052,0.9088439543815752,1.008654996451496,1.0558922126926833,0.8060946766108664,0.8060946766108663,0.7310706305625615,0.37308143094793605,0.7578021885176878,0.8802803972306018,0.5710095418362854,0.5540022632058733,0.3568502314979233,0.30301433587461285,hjorth_mobility,hjorth_complexity,0.5161529720076996,0.9929853510020654,0.5623233519705642,1.6766926246100355,1.8619678623105627,1.7784765701771628,3.4088924479993126,2.1628273305158032,1030,eeg_data_level_3.csv,8,TP9,200.0078125,210.00390625
0.4810643521213933,0.4810643521213933,0.39441627262961854,0.5568775194265119,0.6284982345416231,0.7173469649168553,0.7173469649168553,0.4566491509680026,0.9545078327089163,0.9408490610343199,1.0872218009651602,1.0872218009651602,0.8246669592230675,1.5118913317494844,1.1167558446407246,1.3137595262072086,1.3137595262072084,1.1721821279059583,1.4157998351961576,1.2780697032885038,1.3176890301536637,1.3176890301536637,1.1245442758071238,1.5587794217261344,1.300580511683781,0.9936172448128414,1.2122069111414595,1.242934217274832,1.015203766147306,1.07669851663286,hjorth_mobility,hjorth_complexity,1.4908880076068554,1.098841889092452,1.0205292806150505,1.4906765735514753,0.7293046988043561,1.0094056209113627,0.56483287227283,0.8803901627789872,1030,eeg_data_level_3.csv,8,TP10,200.0078125,210.00390625
0.02852499460800565,0.028524994608005647,0.028617036377792036,0.04028000608483776,0.03165691428770022,0.03854648968158259,0.03854648968158259,0.028645166533809392,0.06137047293953179,0.04378431090316017,0.13239085725916003,0.13239085725916003,0.08577586249017709,0.17937955594829938,0.1495420082479134,0.4096234650844109,0.40962346508441083,0.3487383862543859,0.3638233059952886,0.40416228861973363,0.35524943058501,0.35524943058501,0.4194004329370755,0.22274028120133932,0.30875026445235254,0.6434093050693969,0.6706801566001693,1.2920852327440446,2.2631540481970656,2.128600190514142,hjorth_mobility,hjorth_complexity,1.3737609870358776,1.0732634574101458,1.1153350339050734,0.504536686432807,0.5174396466377275,1.1776398910632564,0.08054771125685416,0.3324618380063189,1030,eeg_data_level_3.csv,9,AF7,210.0078125,220.00390625
0.3399095296462864,0.3399095296462864,0.3376016702045857,0.18288463577253508,0.40106224914620187,0.29841337724622663,0.29841337724622674,0.24901156761485477,0.2816452773432946,0.32184559184388484,0.5282703675819338,0.5282703675819338,0.49676909313824236,0.6239011711951582,0.5182407111623577,1.1223131958101702,1.12231319581017,1.0840201293411742,1.2910985085296167,1.1955107874472657,0.8774688357510526,0.8774688357510526,0.8834734210689632,0.5933821212418083,0.8805456832455892,1.0312549258709824,0.8536993505866765,0.9781519227612049,1.2747341557378233,1.0949324434317813,hjorth_mobility,hjorth_complexity,0.9310605533523504,1.0034024724223436,1.050844717649726,1.1008073158533973,0.6192978447947605,1.0334390880759188,0.41195929226917394,0.7518692977090209,1030,eeg_data_level_3.csv,9,AF8,210.0078125,220.00390625
0.36076750869947577,0.36076750869947577,0.29782860398503863,0.43731226010771207,0.34368996254208034,0.6536740303392914,0.6536740303392915,0.6016207416846433,1.1039121981438573,0.7743370952890554,1.0016875102063603,1.0016875102063605,0.9806877330442776,0.44397645583179907,1.0500943221139625,0.9341330172933262,0.9341330172933261,0.7528145713490818,1.1829687541972174,0.9643861351219143,0.8889605012968435,0.8889605012968435,1.176595103821405,0.9177504142350342,0.8230129907334339,0.9942115767372197,1.3679938989172153,1.4115675555082612,0.9599615463959001,0.9614214831813072,hjorth_mobility,hjorth_complexity,0.9628238131682089,1.0022696557305224,1.597450250649656,1.314853182824891,0.5785545655319473,1.6583092343543815,0.5695635429870093,0.8840692615063459,1030,eeg_data_level_3.csv,9,TP9,210.0078125,220.00390625
0.3648959280831306,0.36489592808313054,0.3155761499786948,0.22632334238387963,0.36869266344164453,0.7104237520455419,0.7104237520455418,0.6324077925968203,1.1170911326982464,0.8901699135871245,0.8536049140952482,0.8536049140952482,0.8186291843187425,0.5729839949919506,0.8457061487613817,1.0817727476511372,1.081772747651137,0.8929658614562564,1.2704256908025637,1.0964570353804757,1.2865360230083158,1.2865360230083158,1.1904317448065818,1.1103962189905976,1.3145363440315103,0.9264870295325621,1.3499536617245194,1.1479014481966883,0.9940741225020812,1.2185889066080187,hjorth_mobility,hjorth_complexity,1.431331895452121,1.1206620068203115,1.017186181034437,1.123740801600343,0.6274465006473231,1.0094056209113627,0.506466979173524,0.8336634607787837,1030,eeg_data_level_3.csv,9,TP10,210.0078125,220.00390625
0.07637063179215814,0.07637063179215815,0.20315415807975165,0.030036559679868385,0.023418879307307728,0.02717692199605498,0.02717692199605498,0.01934639175774286,0.056505328961106056,0.03125485249255798,0.11002177798841213,0.11002177798841212,0.0869706432052221,0.16580487048589598,0.11997540474290493,0.4156235684097515,0.4156235684097514,0.42744103639060743,0.6296221313944655,0.4131838708900636,0.29719834838970405,0.29719834838970405,0.32175422601850967,0.20997891696275142,0.28780603840724545,0.6883612207759626,0.3866010091030558,0.8306762605854185,1.7239175517630565,1.3777392151368106,hjorth_mobility,hjorth_complexity,1.014439110368979,1.0332609929105014,0.875235722402094,0.402610083113048,0.3870611529967253,1.0574725552404751,0.15623744181064048,0.4630285380505925,1030,eeg_data_level_3.csv,10,AF7,220.0078125,230.00390625
0.3036999040525645,0.3036999040525644,0.336764560796996,0.19769208044058897,0.2169014520528183,0.2314705204962806,0.23147052049628064,0.18020645723000497,0.18947592345922976,0.3307574670408741,0.5144952272849311,0.5144952272849311,0.3875621690987391,0.7758151816922061,0.5290092354614656,0.8843678693907794,0.8843678693907795,0.7950626448941867,1.1170838496882425,0.8547842496706801,0.716601007343537,0.716601007343537,0.6168747375487504,0.7901045117825173,0.7286535838459333,1.015843803351586,0.7764350182854748,1.0799773537405126,1.1740934452484981,1.0406159577161396,hjorth_mobility,hjorth_complexity,0.7841554767040052,0.9999486561921744,0.8113405128783743,0.7109380581553191,0.5296626304165715,0.8171378835949126,0.43799277419072247,0.775262312197031,1030,eeg_data_level_3.csv,10,AF8,220.0078125,230.00390625
1.9583213246047666,1.9583213246047662,5.153514040423023,0.5595493580363236,0.37675438788862403,0.6315328139577434,0.6315328139577434,0.4316796857305639,1.074884186125279,0.7835193697040849,0.8603718874307685,0.8603718874307685,0.6862562584837136,0.9797374468075511,1.0159099830744034,0.8741050153860742,0.8741050153860741,0.803755026672454,0.8551673648406302,0.908976770223054,0.8738020858123535,0.8738020858123534,0.919316688605677,0.8184262336955122,0.8427355856827091,0.8203015393595745,0.5353184112824757,0.4693805476124867,0.32355566095946586,0.33579095105035955,hjorth_mobility,hjorth_complexity,0.8258447552123194,0.9948032313674562,0.22873102261497597,1.8015527136767404,2.2164343918970375,1.1536064238987,3.355789202454738,2.145915098416583,1030,eeg_data_level_3.csv,10,TP9,220.0078125,230.00390625
0.31831672770552344,0.31831672770552344,0.2843587453943917,0.42442906332614877,0.3219192422672155,0.5706814373448953,0.5706814373448953,0.3808735551325437,1.020002261088789,0.6716370698369283,0.764661614849342,0.764661614849342,0.5947215416569366,0.5421462548793561,0.9025801348882657,1.0819691353944714,1.0819691353944714,0.8694899986958412,1.1717210106119413,1.0764605607403177,1.6140284869448565,1.614028486944856,1.3011156562305746,2.1363356235956363,1.6749038287918527,0.8872242566642581,1.2023025101198015,1.1070031786281525,1.034270495840691,1.5391562502788476,hjorth_mobility,hjorth_complexity,1.3122196711426517,1.1303831040927124,1.0299109632077676,1.742944916767879,0.9004264717081715,1.0574725552404751,0.5876850978006335,0.8980231623204808,1030,eeg_data_level_3.csv,10,TP10,220.0078125,230.00390625
0.03154416480142277,0.03154416480142277,0.05995232387676855,0.017332921058818732,0.019071254390073046,0.024392379939041073,0.024392379939041076,0.01331447166254238,0.05532127290222968,0.03069707227482647,0.08347731086446285,0.08347731086446285,0.05631119030225432,0.14736377009161858,0.08983972736210816,0.3612947295892872,0.36129472958928716,0.2772001301572709,0.41868080666894875,0.36171528024482974,0.2750876465258367,0.2750876465258367,0.3353308039678679,0.209595046110085,0.2620312467046689,0.6539983396244318,0.5188783738351191,0.9752956180838244,2.23585383116197,1.9078383241788572,hjorth_mobility,hjorth_complexity,1.212959484218094,1.072574405742592,1.1040105028649838,0.37203210211712034,0.13445282156728353,1.2257068253923689,0.07824087810531051,0.3276665113278579,1030,eeg_data_level_3.csv,11,AF7,230.0078125,240.00390625
0.4213473850293994,0.42134738502939934,0.5085235937691829,0.4089751636865662,0.28546127854384706,0.3395071359966776,0.3395071359966776,0.3544001409064375,0.2234701967730437,0.37980390137133063,0.5448099392904338,0.5448099392904338,0.34874819877102564,0.8969053724600382,0.5982851272102927,0.9673937063879526,0.9673937063879525,0.7636454737377132,1.376527200969397,1.002927536930152,0.7557962594875457,0.7557962594875457,0.7480202812544069,0.6690015356153056,0.7693886934285373,1.0606171044110884,0.8520189259557003,0.9242048819422509,1.0285976562142696,0.8773267889533918,hjorth_mobility,hjorth_complexity,0.8635636262436513,1.0061811006023351,1.1375027596582006,0.5300183372627468,0.651892468205011,1.2978072268860377,0.40144143131586224,0.7422091353240846,1030,eeg_data_level_3.csv,11,AF8,230.0078125,240.00390625
1.0395121583785063,1.0395121583785065,2.104748168528229,0.5524567047765307,0.533476468855391,0.6878158501367128,0.6878158501367128,0.5584332100551018,1.1301150845507804,0.8048522430545662,0.8118704554410529,0.8118704554410529,0.9413274451820943,0.8362484013480543,0.8020199170563598,0.9309493278331464,0.9309493278331463,0.7171557080724213,0.6702489402183253,0.9546901412435761,0.8481562239790642,0.8481562239790642,0.7731883888449763,0.8113713116697643,0.829246399790255,0.9972422716464557,0.8259025243698708,0.6650922228953321,0.5161907961597442,0.4980693256819238,hjorth_mobility,hjorth_complexity,0.7325401795032352,1.008336562303732,1.6916784003472165,1.531447214879379,1.3078592643363034,2.283179380632844,1.7146557631242976,1.5339233941857289,1030,eeg_data_level_3.csv,11,TP9,230.0078125,240.00390625
0.3948913828207634,0.3948913828207634,0.34658691556348253,0.3842346687468044,0.38180559871046227,0.6730692889153473,0.6730692889153473,0.541752535756885,1.006338755617946,0.773671261265195,0.7967130397025023,0.7967130397025023,0.7997136666736075,0.9030998012466006,0.8758660197344316,1.0675239544084623,1.067523954408462,0.8510884669461063,0.9799849768170067,1.1041534403423354,1.2927107863028993,1.2927107863028988,1.3532724420609175,1.4904556569176588,1.2535187671805146,0.9615342245760331,1.264355084547249,1.0754936233165968,0.957938785795689,1.1889584735530367,hjorth_mobility,hjorth_complexity,1.4094946543287183,1.1006161109256551,1.0942700059193735,1.3912981353147102,1.0185819815703296,1.129572956734144,0.5583395172052459,0.8753150235855296,1030,eeg_data_level_3.csv,11,TP10,230.0078125,240.00390625
0.04365803740793863,0.043658037407938624,0.11431416764464128,0.013811738314871598,0.010730486834885764,0.03028887078136567,0.030288870781365666,0.02037701175987769,0.055217498940864286,0.032750752784742876,0.10950775408576895,0.10950775408576895,0.10090735011322333,0.12862320852678036,0.12382812048891395,0.36576173167259185,0.36576173167259185,0.401764944791435,0.3684105138333058,0.3494402379023186,0.3309487436712702,0.33094874367127025,0.2645297543399706,0.39279898774233235,0.34246822208884126,0.586551419153365,0.5024463910200434,0.9875820137948093,1.848494072112265,1.8284975437220363,hjorth_mobility,hjorth_complexity,1.1434773533709037,1.0835394671800032,0.9752311564546926,0.3389059560381987,0.33816921788134946,1.1536064238987,0.13258096006046857,0.42653608560298395,1030,eeg_data_level_3.csv,12,AF7,240.0078125,250.00390625
0.2866373373684824,0.28663733736848235,0.2571950143178315,0.12242577947904826,0.3764399567378681,0.21994853388640379,0.21994853388640379,0.14382049555753673,0.31808572417227254,0.2705065392807899,0.36136284163308274,0.36136284163308274,0.3594379710506726,0.4561865269810084,0.37053922876851864,0.8848585332759118,0.8848585332759117,0.6679514710014827,0.796166592093715,0.9032998914029978,0.811897560984645,0.8118975609846452,0.812926264004126,0.4454235964102048,0.7306747749328905,1.0252091168045485,0.7951259637111792,0.8323321947990456,1.2189608997653063,1.1877482936411914,hjorth_mobility,hjorth_complexity,0.9072381084904568,1.050608149598382,0.9820048713117476,0.6013669595865782,0.6274465006473231,1.129572956734144,0.3210379007327575,0.6637329112401247,1030,eeg_data_level_3.csv,12,AF8,240.0078125,250.00390625
2.0572183872641663,2.0572183872641663,4.006296082674734,1.2526065442484078,0.7106737781807413,1.143548832343189,1.143548832343189,1.0470775125087501,0.8485231989893921,1.0803549112987703,1.020706317732715,1.020706317732715,0.8100403057243896,0.7986500169358041,1.1570861497553335,0.8113379008760812,0.811337900876081,0.685079982646239,1.0968663397364624,0.8220769000768361,0.8157714244954042,0.8157714244954042,0.799519042523605,0.9266982202594923,0.8405124667279764,0.9875194645041895,0.7290682962366628,0.47127253452839896,0.2642330454953544,0.2756202208124319,hjorth_mobility,hjorth_complexity,0.6193835664092396,0.960713904763041,0.9493702683376413,1.533995379962373,2.0860558982560353,1.6583092343543815,3.248973810569712,2.111486478037029,1030,eeg_data_level_3.csv,12,TP9,240.0078125,250.00390625
0.8608626567910446,0.8608626567910445,1.0030858249086894,1.2199369006988647,0.7416086863678462,1.1271919528370862,1.1271919528370862,0.9789689372916831,1.4730610610901338,1.0363711229316672,1.1003648205072958,1.100364820507296,0.9468791837404488,1.3473131529099964,1.1919918998678547,0.9287595693365707,0.9287595693365707,0.7620455422903608,0.842225923616302,0.970535972796271,1.2226532879598326,1.2226532879598324,1.5057645841828644,0.9991163986920671,1.2383847215074837,1.1122668768590125,1.2511607520075052,0.9188881803939541,0.5498367612766346,0.7294486219504668,hjorth_mobility,hjorth_complexity,1.304278856188687,1.0668428648954769,0.9774803098374614,1.4142316210616561,0.9045007996344527,0.8892382850885814,0.9029962382016194,1.1131614806795664,1030,eeg_data_level_3.csv,12,TP10,240.0078125,250.00390625
0.09630910814052535,0.09630910814052536,0.07357864904032115,0.12640437851601813,0.1040712424755329,0.07910847292160945,0.07910847292160945,0.06173956988664752,0.12989460683747145,0.08095324903578185,0.1460695316352589,0.1460695316352589,0.1213826621070206,0.20716055247465082,0.1441554373505983,0.48248708030974535,0.4824870803097453,0.5040342417366537,0.7713968679393112,0.48174151380422586,0.3712109043194748,0.3712109043194748,0.39492281788855743,0.24716776884954922,0.3456944606626515,0.9833714473948724,0.740539152413193,0.8649501670985988,1.6086595426785986,1.3675052967283856,hjorth_mobility,hjorth_complexity,1.302293652450196,1.0461999301872087,1.1286636743796146,0.5376628325117287,0.44410174396466373,1.2016733582278127,0.11160852801332173,0.39134869452343324,1030,eeg_data_level_3.csv,13,AF7,250.0078125,260.00390625
0.49271047438610044,0.4927104743861004,0.46659037919760216,0.4594750159302466,0.5795517544887732,0.4294251065908935,0.4294251065908935,0.3504174827695176,0.39853381030847806,0.40891964365025285,0.5736018006315527,0.5736018006315527,0.5149286123482663,0.5160870869790448,0.7309952771034182,1.3472165555855342,1.3472165555855342,1.1341170056033127,1.183494303801538,1.3293777361583736,1.2065313558394448,1.206531355839445,1.9258378109583252,0.9937236116667079,1.1044672143105494,1.0470477772318814,0.8483790558594807,0.7805150847725317,1.1078102163746326,1.0532199835361828,hjorth_mobility,hjorth_complexity,0.8020223103504256,0.9996751312698738,0.9903976265416131,0.8307018170560359,1.0145076536440485,1.1536064238987,0.5095235967260504,0.8361753296027038,1030,eeg_data_level_3.csv,13,AF8,250.0078125,260.00390625
0.8829837102955248,0.8829837102955248,0.762701303931059,0.8373855825571049,0.9112873368668304,1.2589781538978306,1.2589781538978306,0.9744895821106786,1.3536307524197297,1.6087312550717952,1.18873041113888,1.1887304111388801,1.2581473342861385,1.113249274171615,1.1834664785447038,1.0429609232289578,1.0429609232289576,0.9803998415833066,1.1870213969121,1.0713029291288139,0.9817256198788104,0.9817256198788104,0.9532669621308013,0.5942932044967468,0.9478680491237914,1.1091812151227305,1.313306543207682,0.9284055363213595,0.5826253657257757,0.5777796357525256,hjorth_mobility,hjorth_complexity,0.9509125907372621,1.0085969888645208,1.6236612015500176,1.2944678621609393,1.226372705810677,1.6342757671898251,0.8622557785969822,1.0877604295457712,1030,eeg_data_level_3.csv,13,TP9,250.0078125,260.00390625
0.6041265187446989,0.6041265187446989,0.49633826032876177,0.7730128183074205,0.6358184242388928,1.1479339879471926,1.1479339879471926,0.996430857661157,1.3243959417356064,1.3045128922806855,1.0753744222853419,1.0753744222853419,1.029298989532078,0.9222921329048501,1.147469389416227,1.4122951253951774,1.4122951253951772,1.2559386966295618,1.916320385503524,1.479895747991804,1.6454028862939105,1.6454028862939107,1.9273044600580054,1.6567283604569794,1.6649382158091597,0.9764154693300887,1.358566418812749,0.9774580122011346,0.8593358240118604,1.0302747882827914,hjorth_mobility,hjorth_complexity,1.3836870057283333,1.1085462340968355,0.9809371798226512,1.541639875211355,0.7252303708780747,0.9613386865822501,0.6801078629807814,0.9660599929319481,1030,eeg_data_level_3.csv,13,TP10,250.0078125,260.00390625
0.03837785634947334,0.03837785634947334,0.08761370727881652,0.017362397985326277,0.017111354599296837,0.03894137813150123,0.03894137813150123,0.029611949617340257,0.06478451130962787,0.04772043702104516,0.0893942949980703,0.08939429499807032,0.06949485411733938,0.09104040287936344,0.10092325108838171,0.3533516264837365,0.35335162648373647,0.2644612298718389,0.42168927922617855,0.39094169046506266,0.3077708945884073,0.3077708945884073,0.39392161482877824,0.1934915720930997,0.27676037680227117,0.6351168821338593,0.6576166209856589,0.9008403756800913,1.9467586829711,1.8305475549956787,hjorth_mobility,hjorth_complexity,1.1077436860780632,1.0633052240879155,0.927237548862845,0.42299540377699985,0.37891249714416264,1.0815060224050315,0.10846915240273786,0.3858054181895035,1030,eeg_data_level_3.csv,14,AF7,260.0078125,270.00390625
0.24634119653935854,0.24634119653935851,0.22108827563533953,0.10713963341001728,0.2680524912446152,0.3525066238632036,0.3525066238632036,0.3155227885137972,0.25985589509789475,0.4232967011482934,0.6303697999088272,0.6303697999088272,0.7051684097078404,0.5732652616732168,0.5374661254741894,1.0540790868406038,1.0540790868406036,0.8748498324038626,0.7561049065173845,1.1424087352533714,0.7803021116406081,0.7803021116406081,1.0399205123839308,0.670174469563015,0.777458206165779,0.9416827526682384,1.0971992643915012,1.2736035633210994,1.3902815525285883,1.1407992638064466,hjorth_mobility,hjorth_complexity,0.9270901458753681,0.986679152851402,0.8706849062190597,0.509633016598795,0.5541085979742594,0.9373052194176938,0.3608952592402455,0.7037295502485779,1030,eeg_data_level_3.csv,14,AF8,260.0078125,270.00390625
1.657731858141689,1.6577318581416884,2.9199925787205188,1.2844173521752467,0.9939194963228114,1.3692802775376152,1.3692802775376152,1.1395803352486722,1.302327463211972,1.382221561854434,0.9605254636615506,0.9605254636615506,1.0999152550799214,0.8411562469388646,0.9042112467000061,0.9386671278311047,0.9386671278311047,0.8208952938043533,1.1122196492525447,0.9448752126375319,0.7386174423471773,0.7386174423471774,0.8507934696076551,0.6977579688888004,0.7046051726091571,1.0821004740709395,1.0035423387624496,0.5390330170893574,0.3641710079878844,0.30780857012617896,hjorth_mobility,hjorth_complexity,0.6610728449175537,0.9388697168879677,0.34638712408558114,1.5671215260412947,2.2816236387175386,0.9853721537468064,2.4266040132428324,1.8247974064554275,1030,eeg_data_level_3.csv,14,TP9,260.0078125,270.00390625
0.8857638792919167,0.8857638792919166,0.7662983505617855,1.2721736563452541,0.9620088272784906,1.3493839357078123,1.3493839357078123,1.1218982913599127,1.0321693774615326,1.37258213631354,0.9493380300622449,0.9493380300622449,1.0229842727069502,0.8930288788336829,0.978036620383504,1.1894806290313096,1.1894806290313094,1.0228741193593012,1.262042090694057,1.2936736573105583,1.2969259058222935,1.2969259058222935,0.9542661870288958,1.4528580474127646,1.3071045317870746,1.1053035141779106,1.3328772216274731,0.750002126844195,0.6350363696690535,0.7173985704129053,hjorth_mobility,hjorth_complexity,1.2824416150652844,1.0434305954726377,0.9593470576619859,1.4957729037174634,1.0389536212017363,0.8892382850885814,0.829812783504081,1.0671003435928534,1030,eeg_data_level_3.csv,14,TP10,260.0078125,270.00390625
0.07281007776648682,0.07281007776648682,0.18505155306272097,0.014743598018086236,0.020904142762663048,0.02706590709593495,0.027065907095934955,0.02038808679964449,0.0335591041929547,0.03219786855789516,0.11585982852379484,0.1158598285237948,0.09995200269763083,0.1284958701450742,0.12790076843375559,0.37374767140818616,0.37374767140818616,0.3436471750220565,0.49199956452683463,0.3661617058878424,0.28574900809083587,0.28574900809083587,0.28367575373202836,0.23120369060455692,0.28393425773785785,0.6967841663990488,0.3975822341942888,0.8996611259784233,1.6446055043771008,1.397495563653944,hjorth_mobility,hjorth_complexity,0.8159187365198635,1.0432189982555309,0.8748506533404529,0.32361696554023484,0.3015002665448176,1.0334390880759188,0.1445476653338505,0.44536977469628497,1030,eeg_data_level_3.csv,15,AF7,270.0078125,280.00390625
0.16255335574173516,0.16255335574173516,0.19685034049079378,0.03876151657739503,0.19224932756098853,0.09993599571495984,0.09993599571495984,0.07160194792342661,0.1424813963568215,0.11952236550178041,0.29745066792598734,0.29745066792598734,0.26532974116759656,0.40983529978113636,0.2985522082533996,0.9403568880253236,0.9403568880253235,0.8171161611856744,0.823104909103862,0.9687058514371116,0.9504271008306572,0.9504271008306571,1.1473272398946892,0.41634176745910956,0.9797653160517902,0.8507334681631643,0.5409219617076437,0.910272991113316,1.6394462228140037,1.7484709238654035,hjorth_mobility,hjorth_complexity,0.9846610542916117,1.089344041621018,0.7489680764620545,0.5300183372627468,0.49299367908003955,0.8411713507594688,0.2641121805569345,0.6020179141432451,1030,eeg_data_level_3.csv,15,AF8,270.0078125,280.00390625
2.087972967127149,2.087972967127149,5.535328640068052,0.43926711682314645,0.5270921357773791,0.7608104432193665,0.7608104432193665,0.5968621836694583,1.0401192501532146,0.7842043309847495,0.9809434328744009,0.9809434328744009,0.7926308406011217,1.0538609725593784,1.0382909830167504,1.0360016452385885,1.0360016452385883,0.9638922774785771,1.059449203824819,1.0224966394116917,0.8262045473905043,0.8262045473905043,0.8788591081321041,0.6927604680587283,0.816067543230703,0.7934094316818068,0.5748986143483181,0.49142558054234625,0.34886425161521745,0.2984902523579645,hjorth_mobility,hjorth_complexity,0.4784341009763678,0.9821702872430491,0.4572520075599657,1.1543187825962706,1.8741908460894066,1.5621753656961563,2.902543114040163,1.995742652091655,1030,eeg_data_level_3.csv,15,TP9,270.0078125,280.00390625
0.31477357829307484,0.3147735782930749,0.2661816536538448,0.37023802498944003,0.3343626035316653,0.646902799158249,0.646902799158249,0.5252307598622364,0.9060676926338481,0.6340989921770465,1.0540928413465485,1.0540928413465485,0.9810035689862486,1.1549425739613877,1.0632061394733812,1.145515734477533,1.1455157344775329,1.0206518858803917,1.516377810761066,1.1841135162596736,1.2140083670677582,1.214008367067758,1.106729728497556,1.4210713330671771,1.1733657163039704,0.9037061096381316,1.3244691108666347,1.4674803053718148,1.115518433354842,1.2408026329280741,hjorth_mobility,hjorth_complexity,1.3578793571279482,1.099900356018075,0.9845953359082442,1.1696077730942345,0.6315208285736044,1.0094056209113627,0.4581361647502259,0.7928891723248164,1030,eeg_data_level_3.csv,15,TP10,270.0078125,280.00390625
0.018943819153408353,0.01894381915340835,0.03954467451624299,0.009229572640353643,0.009295788874974932,0.024816842160896215,0.024816842160896215,0.016676391566001952,0.06175784080674731,0.02881898842702525,0.08950770187420648,0.0895077018742065,0.06597684650859455,0.14220419797972458,0.10016242173903618,0.30345439907883337,0.3034543990788333,0.3295816691467512,0.3437447209940388,0.28986673058170537,0.25135166007835513,0.25135166007835513,0.340588075185387,0.15692222509246662,0.22144446848623475,0.5235582005139081,0.6170524714675625,1.2142415292414104,2.2816737632550357,2.068443093454118,hjorth_mobility,hjorth_complexity,1.1692850019712888,1.0657433799790774,1.0357482601194676,0.3261651306232288,0.20779072424034725,1.129572956734144,0.066978530701827,0.30316775474730207,1030,eeg_data_level_3.csv,16,AF7,280.0078125,290.00390625
0.1838902408179631,0.18389024081796307,0.24185907518230343,0.130384749202184,0.15363950432070764,0.13200848173995894,0.13200848173995894,0.07982279097532376,0.2141247682326312,0.1803708695703808,0.4005885302562896,0.4005885302562896,0.2670041886971941,0.7345470688116364,0.4351997613675947,1.1043397790726235,1.1043397790726233,0.9356485433799765,1.5944337062198433,1.2064041004191821,0.8844180590559256,0.8844180590559257,1.0222275890431027,0.7381807529776845,0.8740512379219966,0.8695207518336471,0.6296334340645858,1.0872173626190587,1.7385437286186576,1.533381047124519,hjorth_mobility,hjorth_complexity,1.0481875739233284,1.0371140898788063,1.033927933646254,0.6421376009144817,0.47262203944863296,1.1055394895695876,0.3403878745316253,0.6834429056713597,1030,eeg_data_level_3.csv,16,AF8,280.0078125,290.00390625
0.6641306950239112,0.6641306950239112,1.1751566557044537,0.647697192965355,0.4345193496053945,0.6576037694733847,0.6576037694733847,0.48122889952744946,0.6953903907999538,0.8159892091495216,0.6474136144775254,0.6474136144775254,0.4714281338561674,0.9332655753913617,0.6524132710963662,0.8140348899573709,0.8140348899573709,0.8943876271974932,0.7615026108526151,0.800872748415962,0.7713028655160171,0.7713028655160171,1.0110917699065824,0.36751913409347303,0.6979327528429143,1.0021884381169908,1.0103328541053043,0.7235726377456909,0.5999916826256738,0.5964643426945248,hjorth_mobility,hjorth_complexity,0.7821702729655141,0.9644957144691014,1.0392663910917366,1.212926579505132,1.0756225725382682,1.2257068253923689,0.9848796389823172,1.1625369859744061,1030,eeg_data_level_3.csv,16,TP9,280.0078125,290.00390625
0.3329993939402245,0.3329993939402245,0.24413598276278178,0.39232825048241865,0.41386168988652833,0.5862703701050049,0.5862703701050049,0.524312657414556,0.7808115587447929,0.7269466707589842,0.7799460736709385,0.7799460736709385,0.6649220864884797,1.0973694615270084,0.780778270863314,0.9167733379181174,0.9167733379181174,0.9958476427961,0.8338217184867602,0.9803770691279139,1.0865131720814463,1.0865131720814465,0.8988346714395831,1.2963524457888693,1.0972205469185858,0.9656595482427753,1.2846048752703694,1.2059870536403978,0.9641951098223469,1.1762515766978288,hjorth_mobility,hjorth_complexity,1.290382430019249,1.0729043021318847,1.0402465668850054,1.1645114429282466,0.8270885690351077,1.0574725552404751,0.517488096335772,0.8426852288558231,1030,eeg_data_level_3.csv,16,TP10,280.0078125,290.00390625
0.016460961045681365,0.016460961045681365,0.014412307966267166,0.022618007887357263,0.018640920521361848,0.035173746629862467,0.035173746629862467,0.02227544395637573,0.07916018455237542,0.04358343360668368,0.11185392336087192,0.11185392336087192,0.10456957418498344,0.11602045111894661,0.11962207465426167,0.33287791608817796,0.3328779160881779,0.2792718474233714,0.37300747219067143,0.33279122694321495,0.2966603995072225,0.2966603995072225,0.3304533992176752,0.12898649848299776,0.2923220277717797,0.5250268017733178,0.7756977964815609,1.3693542357235646,2.3598306523044212,2.280879751373726,hjorth_mobility,hjorth_complexity,1.3320717085275633,1.068177405449808,1.0450686817251054,0.3643876068681384,0.14260147741984616,1.129572956734144,0.05039121699259857,0.26296177512732394,1030,eeg_data_level_3.csv,17,AF7,290.0078125,300.00390625
0.23351648346468595,0.23351648346468593,0.19550242839349305,0.22379298239380221,0.2593122286756076,0.20303373466883945,0.20303373466883942,0.20216162046711336,0.20706586402418564,0.20104263007356737,0.5170279961646111,0.5170279961646111,0.4331016497940804,0.6479579075348687,0.6193237766518161,1.137649911430003,1.1376499114300027,1.270880516137902,1.0818634008101478,1.13525818954462,0.8499294196969236,0.8499294196969235,1.0317636372336438,0.8104947949147893,0.7960498129135293,0.9546255593607826,0.7485836501892231,1.1515620734657772,1.5348072454403696,1.2754475109162444,hjorth_mobility,hjorth_complexity,0.8278299589508106,1.0132396580106926,0.9737258864864582,0.5580481531756806,0.4766963673749143,1.0815060224050315,0.3665763051362929,0.7092468146757129,1030,eeg_data_level_3.csv,17,AF8,290.0078125,300.00390625
1.0344061861207883,1.0344061861207885,0.7680362541190735,1.8770133016339825,1.0459627477334854,1.8568625852113876,1.8568625852113876,1.6291114339932904,2.8153488588521434,2.1543302479410498,1.6527310274221827,1.6527310274221827,1.9043482468881836,0.940915722757043,1.7604332738869408,1.0575495696987176,1.0575495696987176,0.9569420465206805,1.1621324174125216,1.07694330609141,0.752047731658835,0.752047731658835,0.7350666921642877,0.9576589280775848,0.7661496026796057,1.1250061371643312,1.5486842243512418,1.0483326472348724,0.5118467422152206,0.39912370089010796,hjorth_mobility,hjorth_complexity,0.9648090169067,0.9179527656961136,1.0953814552563839,1.4881284084684814,0.6274465006473231,1.0094056209113627,0.9385441216919425,1.134860672545521,1030,eeg_data_level_3.csv,17,TP9,290.0078125,300.00390625
1.083316690484038,1.0833166904840381,0.8197497983615469,1.64923425854596,1.1078207479438955,1.689108920504136,1.6891089205041359,1.6074114827035326,2.625591276350036,1.9612962930654527,1.6748492685709353,1.6748492685709353,2.049139734379617,1.4682507699618086,1.4292211418109093,1.1281563724455217,1.1281563724455215,0.9974482719414293,0.9581663752969382,1.2207297848496166,1.2763677771720026,1.276367777172003,1.579931956184995,1.3040708469613072,1.3035962903744818,1.1224134541042512,1.3936136614135295,1.025178336467892,0.5206821057832307,0.6048200943708523,hjorth_mobility,hjorth_complexity,1.2407523365569701,1.0293264217568925,0.9966900050716164,1.518706389464409,0.7170817150255121,0.8652048179240251,0.9422098553046294,1.1370747627727869,1030,eeg_data_level_3.csv,17,TP10,290.0078125,300.00390625
0.04993085905601209,0.04993085905601208,0.04168921046806911,0.04685847199493723,0.06217121692139966,0.05242706876945794,0.05242706876945794,0.03406527262253837,0.09443936405581005,0.06820672315194046,0.11803619544124572,0.11803619544124572,0.08264232840110655,0.18404804911503042,0.1287414156412246,0.502259560529194,0.5022595605291938,0.4806870587013046,0.7138247959930379,0.47639464934686454,0.41367465242522744,0.4136746524252274,0.41233538286352733,0.21829552130755234,0.38676707136141963,0.7676932271567655,0.6834390772207574,0.92806518812607,2.1032075324153636,1.9019307080375225,hjorth_mobility,hjorth_complexity,1.173255409448271,1.0471359168923822,0.9759400335908961,0.4459288895239456,0.19149341253522198,1.0094056209113627,0.09430622579998538,0.35973722605280434,1030,eeg_data_level_4.csv,0,AF7,120.0078125,130.00390625
0.3064193563051868,0.3064193563051868,0.3898670789042064,0.13427868013496222,0.20279646176873095,0.17319289235428334,0.17319289235428334,0.12198194955894717,0.170222179694283,0.22149390005400904,0.3705371388277478,0.37053713882774786,0.29596019007529845,0.5216762476769541,0.36514907733441,0.6252239018673018,0.6252239018673017,0.4768352764133432,0.9273553722975674,0.6718356457305762,0.5341544103884269,0.5341544103884268,0.6397168863240588,0.5181135491999843,0.5015723907767564,1.0174298328406965,0.6787527100953925,0.8905286161021656,0.9550406612533358,0.8751117742652268,hjorth_mobility,hjorth_complexity,0.6154131589322572,1.0019758458098031,0.967170960868972,0.6013669595865782,0.9045007996344527,0.8892382850885814,0.4686030000114839,0.8018954173213475,1030,eeg_data_level_4.csv,0,AF8,120.0078125,130.00390625
0.8535592472893068,0.8535592472893065,0.7683337228517758,1.3008806943178364,0.7631634297042595,1.3942502966192976,1.3942502966192976,1.044513817761104,2.4230818602916133,1.4719156766993466,2.2446910419311634,2.2446910419311634,2.5549549860324245,2.1567628034918567,2.170346388404076,1.4147581569224015,1.414758156922401,1.3410507428215936,1.0820750496852627,1.552715675092827,1.1315343505576398,1.1315343505576398,1.2474637136120736,1.1107135006243707,1.0174242048200681,1.0676184788485599,1.384850390921182,1.4930762030827598,0.7252700732973479,0.6267912040506828,hjorth_mobility,hjorth_complexity,0.9251049421368771,0.9503408001135708,1.065696131231667,1.4804839132194996,1.2548930012946462,1.0815060224050315,1.0515367260652944,1.2012334632187323,1030,eeg_data_level_4.csv,0,TP9,120.0078125,130.00390625
0.7218253329468918,0.7218253329468918,0.5117249556464905,1.1924439693734006,0.8033163144476768,1.4072829939268219,1.4072829939268219,1.191312660151317,1.812935009069177,1.4710078116664846,2.383046039567729,2.3830460395677284,2.716038433470287,2.391401011730851,2.2261171882838693,1.4825775799035064,1.482577579903506,1.2316117990382414,1.7996790516347507,1.4912032752960716,1.8490994814397392,1.849099481439739,1.7387885440989048,2.158527812716507,1.9800743056712768,0.9881820945694758,1.3934549280584099,1.5929528687580683,0.771471952075207,0.9771272078388541,hjorth_mobility,hjorth_complexity,1.2844268188037755,1.0759629923828178,1.081256421949812,1.4065871258126743,0.9819130302337978,1.0334390880759188,0.9790858174973249,1.1591124726420143,1030,eeg_data_level_4.csv,0,TP10,120.0078125,130.00390625
0.027824671507517374,0.027824671507517378,0.03646667094005,0.02368720428361427,0.015884503868645553,0.03021679059529101,0.030216790595291008,0.025032700668876053,0.027588470811062384,0.03289574771969291,0.15211015396176372,0.15211015396176372,0.12443456203374761,0.1445987087310066,0.1732018906762538,0.4851101004702056,0.4851101004702054,0.4728657950284003,0.6599663657106024,0.48740804263413845,0.3924993496203145,0.3924993496203145,0.5194630759452319,0.1999886960883873,0.38238210372227194,0.5639000620822908,0.5177940068648665,1.3516051462133114,2.433973429496229,2.179953681435042,hjorth_mobility,hjorth_complexity,1.1236253159859924,1.065830391459882,0.9855317538535994,0.4586697149389155,0.1711217729038154,1.0574725552404751,0.09659044535857754,0.3640678118057152,1030,eeg_data_level_4.csv,1,AF7,130.0078125,140.00390625
0.12965271966833813,0.12965271966833813,0.18855516624004007,0.06868491517254942,0.11085938731103605,0.06254642454346805,0.06254642454346805,0.045188261090039795,0.08519418873710222,0.07397072248517982,0.17213279626378142,0.1721327962637814,0.15326838383350974,0.22275325753499292,0.1729428943651072,0.764746399422505,0.7647463994225048,0.7206248371814382,0.9722337572917552,0.7676676134980015,0.5965854985225084,0.5965854985225084,0.6913781093782881,0.42150635015464927,0.5489054737052478,0.8623206449010214,0.4800797040170432,0.7604651009545081,1.8005276324877262,1.5470702181933185,hjorth_mobility,hjorth_complexity,0.9528977944757532,1.0661117848765298,0.7256276403848376,0.5019885213498131,0.36261518543903737,0.8171378835949126,0.21936497147561554,0.5486543656654216,1030,eeg_data_level_4.csv,1,AF8,130.0078125,140.00390625
0.967016424466111,0.9670164244661111,0.8311312308636241,1.2863038373103526,1.0562913995518615,2.2502720265861322,2.2502720265861322,1.920469340602234,4.01854110015394,2.1324967519145788,2.093752590678616,2.093752590678616,2.0404816459304507,1.7942778184284853,2.2082368727228694,1.0234597288342837,1.0234597288342835,1.3395093914342038,0.7041648846180455,1.0775844830214119,0.8697403104391678,0.8697403104391678,0.8561625161792191,0.763505384897283,0.876093196818408,1.054987054292849,1.7270717974398513,1.2538012188585341,0.482038006946918,0.44006770314276367,hjorth_mobility,hjorth_complexity,0.6035019365013103,0.8778956606417376,1.0777732972558738,1.3072086875759092,1.1082171959485188,1.0574725552404751,1.373931815642459,1.3730861592881218,1030,eeg_data_level_4.csv,1,TP9,130.0078125,140.00390625
0.8861075869701736,0.8861075869701736,0.6628405797397423,1.1980585694292738,1.067587437013666,1.9882398376906625,1.988239837690662,1.6766462763113914,2.8936565326189494,1.9270231909447295,2.187337324986105,2.187337324986105,2.041046268703243,1.7694562120786927,2.2084696587787787,1.1217001493710015,1.1217001493710015,1.2065288795940659,1.3957933053056288,1.1325249285754575,1.418086537507177,1.4180865375071772,1.228381238168884,1.8346370991583387,1.3628889994091742,1.02224035191859,1.621107264829141,1.3373280954043423,0.5421579989735639,0.6925714808414112,hjorth_mobility,hjorth_complexity,1.1514181683248683,0.979112131883735,0.9416426323960655,1.0982591507704031,1.165257786916457,0.9132717522531376,1.1005990319182095,1.228937403593937,1030,eeg_data_level_4.csv,1,TP10,130.0078125,140.00390625
0.05123700689400996,0.05123700689400996,0.1251667982483524,0.024083370188541814,0.01756493349842349,0.02709206193751152,0.02709206193751152,0.01631903404846771,0.03977771197182819,0.035725471155391424,0.11330612580874104,0.11330612580874104,0.08220020894497272,0.19046275229605902,0.11033776478335043,0.24492619479371314,0.24492619479371305,0.19059367891821194,0.2364797431523775,0.2582382039074599,0.23689336989556492,0.23689336989556495,0.2046128687656845,0.28601771416538796,0.2368236457901471,0.7025426176526393,0.4926040260652736,1.0936016636556725,1.4364974485777138,1.4879245703647983,hjorth_mobility,hjorth_complexity,1.014439110368979,1.0967878622433902,0.8356611247488601,0.3363577909552047,0.23631101972431648,1.0094056209113627,0.11660291341607752,0.4000091264480191,1030,eeg_data_level_4.csv,2,AF7,140.0078125,150.00390625
0.34864970903184256,0.34864970903184256,0.5767627219820096,0.14242250683905708,0.15322384360222388,0.13545756461393038,0.13545756461393038,0.09852832324263781,0.21969344885205644,0.17544819170268233,0.19656605794297113,0.19656605794297113,0.23700361401800477,0.14690257853501998,0.1879979240827886,0.47251808359966957,0.4725180835996695,0.4143383053136899,0.5272380508171657,0.45098591262309773,0.5518297218094292,0.5518297218094294,0.47885766185556367,0.48458043427482456,0.6046776562679493,0.9499990000169489,0.5289022738765743,0.48529280549218584,0.7014692199514598,0.8460806209261481,hjorth_mobility,hjorth_complexity,0.8814304598900717,1.1209146732778879,1.2986104041072015,0.6829082422423853,0.5296626304165715,1.3458741612151501,0.3398670751043398,0.6829198657041744,1030,eeg_data_level_4.csv,2,AF8,140.0078125,150.00390625
1.8526390651801794,1.8526390651801794,2.438585755736574,1.5381396413096375,1.9404758964997528,2.438390591433181,2.438390591433181,2.2818981685302626,2.546207451821265,2.658015609326563,2.3661329092922436,2.366132909292244,1.9821836504085248,2.386998814887296,2.8590349288484944,1.4244221218889666,1.4244221218889663,1.2425554557920477,1.7315781377136021,1.5973182990818489,1.4019083573090654,1.4019083573090654,1.3042954274901206,1.7700572446686988,1.4481171094333167,1.0731574050175399,1.2692039533377057,0.924067592550966,0.4176407053413162,0.4306022729870813,hjorth_mobility,hjorth_complexity,0.7365105869802175,0.9646986077955464,0.594144058973474,1.6129884975351862,1.6501028101439341,0.9853721537468064,2.491353072966561,1.8489826636797513,1030,eeg_data_level_4.csv,2,TP9,140.0078125,150.00390625
1.2870550773283462,1.287055077328346,1.1076488588818247,1.8290349924605798,1.0423391638257449,2.566907942808389,2.566907942808389,2.502266979199794,2.8556779974307456,2.9821203813167347,2.6432908366586805,2.64329083665868,2.691788057545784,3.155637025448062,2.5909486214739785,1.6912807812173478,1.6912807812173476,1.520988736622208,1.7642568427693133,1.647338617911697,2.6096398862348598,2.6096398862348598,2.5769637469929307,3.3918406296164263,2.6092609069472616,1.0150747072282167,1.4870404683514027,1.1655570125824275,0.5630174010937191,0.8518443568065023,hjorth_mobility,hjorth_complexity,1.3082492636656695,1.0944392690860258,1.121286101221349,1.5849586816222525,1.1571091310638946,0.9973888873290845,1.4825108692317144,1.4263107068411311,1030,eeg_data_level_4.csv,2,TP10,140.0078125,150.00390625
0.02686683026410515,0.02686683026410515,0.029614097676518653,0.024332856017208655,0.024153529827087013,0.04546995988499269,0.04546995988499269,0.03323879516681917,0.057682547890184295,0.05626361684896868,0.12196862258327319,0.12196862258327315,0.11101815821927023,0.09363721183850376,0.1375458912667128,0.24102074761000045,0.2410207476100004,0.1999825157470524,0.22437229530642688,0.24897994398733372,0.19361567272874064,0.19361567272874058,0.23029836809511506,0.09945226446563568,0.179276889658674,0.7327322968811831,0.9599932514007095,1.4996430715649183,1.8672303889417161,1.655324279338578,hjorth_mobility,hjorth_complexity,1.1236253159859924,1.0358438966512966,1.1531243113634244,0.43063989902598176,0.05296626304165714,1.2257068253923689,0.05973433450292056,0.28630386709327055,1030,eeg_data_level_4.csv,3,AF7,150.0078125,160.00390625
0.09046828355900902,0.09046828355900902,0.10093765707997335,0.06663196802527548,0.06676291481438504,0.10980062450597969,0.10980062450597969,0.06105330456838676,0.2507429645253205,0.1391773474367479,0.2503467657667371,0.2503467657667371,0.2210481636149776,0.3540991833665933,0.2410655499874683,0.48762754922200974,0.48762754922200974,0.4773099436886353,0.5631988685622797,0.44415655891090405,0.4560184005661959,0.45601840056619586,0.5009479939057696,0.43115996665594997,0.3627806167632896,0.8416600478947538,0.8967453971216165,1.2274429235910165,1.480825745318367,1.4731650028085657,hjorth_mobility,hjorth_complexity,0.9032677010134743,1.0364683224246736,1.006491763004306,0.6727155819104094,0.4848450232274769,1.1055394895695876,0.1636818197105333,0.47393133236520973,1030,eeg_data_level_4.csv,3,AF8,150.0078125,160.00390625
0.5307945401762093,0.5307945401762093,0.41125449578754464,0.7244540901353164,0.5559850704086597,0.9966201371677836,0.9966201371677835,0.7837956809409137,0.6135891177494524,1.4002526637863795,1.1963575303324043,1.1963575303324046,1.1027174715669266,1.2202963418053543,1.3909057587993163,0.6746676815798286,0.6746676815798285,0.5291456132829159,1.0034773896963725,0.681731416572607,0.6721800691412982,0.6721800691412982,0.6287209209745148,0.6283255007626628,0.6952292506629062,1.0657397230651198,1.4851999445988566,1.31912184962077,0.5768007408389795,0.599035197957593,hjorth_mobility,hjorth_complexity,0.7901110879194788,0.952395768660121,1.4003386489371863,1.4091352908956682,0.6478181402787296,1.5141084313670439,0.7566843047040467,1.0189961946470178,1030,eeg_data_level_4.csv,3,TP9,150.0078125,160.00390625
0.5025439319689741,0.5025439319689741,0.35489646371967604,0.6885816894087291,0.5644169096068028,0.8874968891342534,0.8874968891342534,0.6427163089192552,0.6838812090680011,1.2376993265471352,0.9906819206453964,0.9906819206453962,0.9241944175858147,0.951906706675235,0.8940623815488126,0.7116191488293736,0.7116191488293734,0.5862542353091938,0.8913999387993535,0.6812805896861751,0.9717606194292404,0.9717606194292405,1.0124134673683889,1.082177036394886,0.9474670597728418,1.0530209128750987,1.4057807489802694,1.1497213055002808,0.6147034557244014,0.8410922731093806,hjorth_mobility,hjorth_complexity,1.2149446879565853,1.0594026143088684,1.0705094945021842,1.317401347907885,0.6885614195415429,1.0094056209113627,0.6201111203436966,0.92246513127843,1030,eeg_data_level_4.csv,3,TP10,150.0078125,160.00390625
0.04292604211814117,0.04292604211814116,0.10388764857676551,0.010992449809496962,0.019368350234232695,0.025937442393807585,0.02593744239380759,0.015472975660453681,0.05620946624272579,0.029908322298603407,0.12464943796350147,0.12464943796350152,0.12594544665005533,0.16631358541650412,0.11250424530959628,0.2163757056278883,0.21637570562788827,0.17031284005538308,0.1650011671896033,0.21665309751894127,0.15237076946488068,0.15237076946488068,0.1779908472585073,0.11005785564947648,0.13171521471946504,0.7373527321585651,0.5884749794833373,1.4409613860356862,1.6040416687435093,1.261618991360701,hjorth_mobility,hjorth_complexity,0.9906166655070852,1.0049247237703056,0.9463772315403377,0.43573622919196975,0.23631101972431648,1.1055394895695876,0.08840276787805695,0.3482957143973602,1030,eeg_data_level_4.csv,4,AF7,160.0078125,170.00390625
0.08388590963900089,0.08388590963900087,0.19678898281467266,0.03197681224180434,0.04448502101816404,0.04576375861724368,0.04576375861724368,0.03467025957625514,0.08690967004173746,0.04731002686053974,0.17375914578532076,0.17375914578532076,0.1375708169846333,0.21645580934287453,0.2006070408960932,0.3660849083225702,0.3660849083225701,0.30578323518439515,0.4868480959807427,0.37834739503517456,0.333759942881192,0.333759942881192,0.3093062212115829,0.3768260440380324,0.28765576639559576,0.7843845459383386,0.5446846913592773,1.1211369515564822,1.4462012174466847,1.4178984795365397,hjorth_mobility,hjorth_complexity,0.9012824972749831,1.0221339366465074,0.75304630788762,0.3490986163701746,0.562257253826822,0.8892382850885814,0.16038771197710647,0.46913814386600083,1030,eeg_data_level_4.csv,4,AF8,160.0078125,170.00390625
1.5154175929043479,1.5154175929043479,2.306282071223113,1.5872776583136656,1.1532818517131243,1.6185898389342246,1.6185898389342248,1.060539128310406,1.8757909257219707,2.4370946259910857,2.0654397170321843,2.0654397170321843,2.4260770238822733,1.6580642733691804,1.922755518166655,0.7150429268028653,0.7150429268028652,1.0061988285511325,0.9242663736628657,0.6210775973787067,0.5585315885207166,0.5585315885207166,0.6313554924789332,0.5545602077477882,0.5724552299495335,1.1356345460861286,1.2064208751721537,1.0660716521693412,0.3028116043821657,0.25578911818846845,hjorth_mobility,hjorth_complexity,0.6054871402398014,0.8207716315453333,0.8047593325521399,1.5085137291324333,1.8456705506054374,1.321840694050594,2.2262636081770673,1.7478473194542505,1030,eeg_data_level_4.csv,4,TP9,160.0078125,170.00390625
0.9634311652177618,0.9634311652177618,0.7561805997117294,1.3325117940294255,1.1334456050055082,1.7057092056006118,1.7057092056006118,1.3355334608544245,1.6543231052665404,2.36929832187812,2.1929528714523143,2.192952871452314,2.7983606144745696,1.469315126407265,2.11589257822988,0.77782475239451,0.77782475239451,1.0262297409634478,0.7978349320923829,0.7399699368520659,0.6637949659330659,0.6637949659330659,0.4867333889593248,0.7824152754578609,0.6885591296437629,1.1192710414860618,1.5263206019598212,1.4005682675067959,0.4164617610074405,0.3830489930174767,hjorth_mobility,hjorth_complexity,1.0005426841995408,0.8745977105985214,0.8875491808050353,1.3530756590698008,1.2060010661792704,0.8171378835949126,1.0185972844458258,1.182269419412156,1030,eeg_data_level_4.csv,4,TP10,160.0078125,170.00390625
0.014389994013655575,0.014389994013655575,0.023147296049496016,0.011560561983356738,0.01325470666836027,0.02156574272492716,0.021565742724927155,0.01573876651199794,0.02220495061798508,0.026504654510870484,0.06546519371783885,0.06546519371783885,0.06009117250646724,0.06772874363441693,0.06915774230415846,0.17880711633584487,0.17880711633584484,0.16086808493318197,0.20048445809999926,0.18695591316137203,0.1199333753769378,0.11993337537693777,0.16053290200189113,0.12607956508185833,0.10807988841321835,0.6632119912533184,0.8032531142640817,1.3976731492224876,2.2245565775774607,1.705835368061391,hjorth_mobility,hjorth_complexity,1.0303207402769081,1.01556634073228,1.1400494664067833,0.2650091686313734,0.09370954230447033,1.2497402925569252,0.042284852236571524,0.24088380790114663,1030,eeg_data_level_4.csv,5,AF7,170.0078125,180.00390625
0.06928871475271677,0.06928871475271675,0.073068987443807,0.06148977412060891,0.07698359452237126,0.050514951600950916,0.050514951600950916,0.04815738580647236,0.07601446868195914,0.04189875446182203,0.1631080611728682,0.1631080611728682,0.11173642781040112,0.27617788018305955,0.18363592214619023,0.324257920407754,0.3242579204077539,0.3260597044949086,0.3721193611869145,0.33538325580692435,0.2841771515250624,0.2841771515250624,0.2555449708776256,0.2848452061040049,0.2912539159229474,0.9405234152301272,0.6651798519092146,1.2382213062277716,1.512993506052881,1.4468211635489732,hjorth_mobility,hjorth_complexity,0.7980519028734433,1.008294869554842,1.076539325944705,0.34145412112119267,0.22816236387175384,1.2016733582278127,0.11417339327378248,0.3958199262735339,1030,eeg_data_level_4.csv,5,AF8,170.0078125,180.00390625
0.3947310072067277,0.3947310072067277,0.35785243482800383,0.5419053246248206,0.365995781124043,0.7252595952433276,0.7252595952433276,0.47794875474133625,1.4518074678973918,0.8876726877252199,1.1008827221094444,1.1008827221094444,1.193308163071667,0.8508219272470688,0.9117957600550961,0.6314369480532948,0.6314369480532948,0.8666593521920904,0.626296962993448,0.62399620676195,0.4551005279820688,0.45510052798206885,0.568814749778674,0.5473390304989929,0.43956298221557755,1.0463856878063438,1.489962539755118,1.5112655612891148,0.6772606251500518,0.542231440404805,hjorth_mobility,hjorth_complexity,0.6928361047334122,0.9400468074072866,1.4224713684119825,0.9708508966207045,0.933021095118422,1.8025100373417189,0.6791555768153961,0.9653834180269947,1030,eeg_data_level_4.csv,5,TP9,170.0078125,180.00390625
0.4556128219921435,0.4556128219921434,0.4255374275963745,0.46355325047253704,0.45786717567826896,0.6926856209756855,0.6926856209756855,0.49168021832995223,1.2321337899045732,0.7924858523308296,1.1234990847564206,1.1234990847564206,1.1259422612848475,1.1122384584982001,1.015311487737743,0.5636273881616023,0.5636273881616022,0.6158465437183682,0.31988334586435396,0.5388598105130038,0.49738952470209735,0.49738952470209724,0.5309817216060619,0.47749433252675844,0.5167995223887276,1.0835754928031305,1.3745937414212042,1.4775053347156424,0.5867702419908024,0.5555460681263086,hjorth_mobility,hjorth_complexity,1.1593589832788334,1.0132468201609233,0.9871332910872445,1.2460527255840537,0.933021095118422,1.0574725552404751,0.4816076102812193,0.812946320507638,1030,eeg_data_level_4.csv,5,TP10,170.0078125,180.00390625
0.02866341486695992,0.02866341486695992,0.06444288172889025,0.009496044758144107,0.011793399537094245,0.019314715837509273,0.019314715837509277,0.01103751074269389,0.04584781370580643,0.022408326045461984,0.10442575588197217,0.10442575588197217,0.10530776762244112,0.08972314159147278,0.10363865536921998,0.13754396017294973,0.13754396017294973,0.11811473670161539,0.1604055124510366,0.13947381961896108,0.13504891821902615,0.13504891821902615,0.14594989232653785,0.12844022513539344,0.1414236861061566,0.7159110603848502,0.5889444280540787,1.5721618510676283,1.407119845494004,1.472957677312675,hjorth_mobility,hjorth_complexity,1.0759804262622046,1.0722170996388387,1.025333892315985,0.2624610035483794,0.2200137080191912,1.1776398910632564,0.06460929691417049,0.2977574981776062,1030,eeg_data_level_4.csv,6,AF7,180.0078125,190.00390625
0.2000573522587669,0.2000573522587669,0.327760835749496,0.08617037593409957,0.1548450536393138,0.12939823187638164,0.12939823187638164,0.09765001332003634,0.19949101499466013,0.1523595525964399,0.20866546627238344,0.20866546627238344,0.15239105955854668,0.31871577301360615,0.221553701396967,0.4562165852398289,0.4562165852398288,0.40970033517735227,0.5320839850755099,0.43817209117852485,0.4695576894241103,0.4695576894241103,0.5039893077659162,0.39647743418536496,0.43126879806499036,0.9628793470893411,0.7302794390610048,0.7597204199328919,1.0046923719343968,1.0829524933910495,hjorth_mobility,hjorth_complexity,0.7643034393190937,1.07624850245353,1.068890454129374,0.48415136576885526,0.49706800700632087,1.2978072268860377,0.326316696607966,0.6691675109549159,1030,eeg_data_level_4.csv,6,AF8,180.0078125,190.00390625
1.103181544965437,1.103181544965437,1.3707436298206432,0.9958385418421108,0.8595276015649629,1.3838226647360834,1.3838226647360834,0.9572388595350337,1.2956438252951095,1.9557596442827103,1.497592592796347,1.497592592796347,1.860310749598557,0.9144500450501704,1.7467482139309718,1.0295256058123012,1.029525605812301,1.0153562443790194,1.2831701335483339,1.104144930351164,1.0127352585167955,1.0127352585167957,0.897145134636302,1.1155929079448108,1.0393674353011217,1.086653699845989,1.2254603318777877,0.9522944719967424,0.4924056015140717,0.5082650459821104,hjorth_mobility,hjorth_complexity,0.8675340337206335,1.0021969506821484,0.8058007693324882,1.2511490557500418,1.5767649074708703,1.2257068253923689,1.6072440688471754,1.4851014261478654,1030,eeg_data_level_4.csv,6,TP9,180.0078125,190.00390625
0.9321365959168408,0.9321365959168408,0.9938891710587187,1.0414652599373204,0.8021051435180813,1.4237799488095424,1.4237799488095424,1.3501741835440115,1.3771577782382711,1.7775572899959566,1.3362468380226193,1.3362468380226193,1.385730425633988,1.2129669948610087,1.6027147403496391,1.2428191703651617,1.242819170365161,1.3372357359351463,1.6642702286806594,1.1812808729866273,1.9912489898494177,1.9912489898494177,1.4428144476372382,2.414574277397912,2.1122488476232237,1.0394046567800705,1.277070190949719,0.9146822362233815,0.5994939376809201,0.9464552508668983,hjorth_mobility,hjorth_complexity,1.4194206730211743,1.085964123367447,1.047571630625774,1.4040389607296802,1.776406975858655,1.0815060224050315,1.1257801590098413,1.2429166173012984,1030,eeg_data_level_4.csv,6,TP10,180.0078125,190.00390625
0.018016484768432383,0.01801648476843238,0.04126952721412419,0.005737975097190817,0.004752107540553783,0.011683521718871031,0.011683521718871031,0.009945111990625893,0.01640168365383788,0.013587933523260314,0.041194143319767194,0.04119414331976719,0.043804632754524696,0.04373295243782947,0.03985697308307098,0.05997361551359071,0.05997361551359069,0.07181825945889715,0.018757690146264407,0.0578582398956245,0.044961296975984666,0.04496129697598463,0.05745032797203568,0.03027030351859333,0.04039406861321859,0.785525838785893,0.683496107237307,1.3213369734957952,1.2611261781019347,1.0496916225672732,hjorth_mobility,hjorth_complexity,0.0019852037384911186,1.0430625251027483,0.47681176557743093,0.24717201305041558,0.0,-0.0,0.10226760204720167,0.3746142000746985,1030,eeg_data_level_4.csv,7,AF7,190.0078125,200.00390625
0.03599559914989583,0.03599559914989583,0.03451548036207824,0.023229956362994575,0.04027135332769449,0.02437899394711823,0.02437899394711823,0.027346585246322264,0.027743178137366167,0.02142763668680199,0.07282207010146804,0.07282207010146804,0.05420265813192628,0.06701234384377384,0.09100689005916537,0.19644209310427813,0.1964420931042781,0.19688573003225393,0.12072161464741588,0.1835985814618351,0.17384242501191444,0.17384242501191444,0.16313613808587232,0.12037114142768823,0.17345188542996626,0.9041341953452329,0.5865627500911184,1.0204696966537035,1.600324115085984,1.544785925859566,hjorth_mobility,hjorth_complexity,0.08139335327813725,1.0820590547664772,0.5008698303604341,0.43318806410897576,0.20371639631406593,-0.0,0.16328958824844578,0.4733631499118875,1030,eeg_data_level_4.csv,7,AF8,190.0078125,200.00390625
0.1488054823270801,0.1488054823270801,0.10454614285949929,0.10592129297209323,0.17882402207566567,0.24708713708857027,0.24708713708857027,0.18030794121028323,0.10916245500973691,0.4107177232910514,0.3345327181750309,0.3345327181750309,0.38458749662226627,0.32434902418195616,0.2956346513368331,0.30130124368043676,0.3013012436804366,0.30845256225147877,0.2440595178187768,0.2938492551369792,0.33331600682256574,0.33331600682256574,0.35301534495187453,0.15910436415813936,0.3374034707704263,1.0032113011466917,1.2718020920111226,1.2163797281241646,0.7849950586252664,0.8965000007846822,hjorth_mobility,hjorth_complexity,0.08536376075511953,1.0468334091485636,0.717278643002886,0.9810435569526804,0.9411697509709847,-0.0,0.4401926944758794,0.777206840922459,1030,eeg_data_level_4.csv,7,TP9,190.0078125,200.00390625
0.14702211813660604,0.147022118136606,0.11876410123670392,0.2139166195089094,0.14347592630002753,0.25710891476547304,0.25710891476547304,0.19067647092945933,0.18577906021763158,0.3646853184439596,0.47751451500240016,0.47751451500240016,0.5467929621727466,0.3248845393379579,0.4520826502701005,0.545130084944856,0.5451300849448559,0.5775469778130539,0.434404487066392,0.5674176474249946,0.5159778937534099,0.5159778937534099,0.5640726822785708,0.44386892118169824,0.5028026716166305,0.9234828213857083,1.2031900801401192,1.4413542053065256,1.1554528258351515,1.1684196142348475,hjorth_mobility,hjorth_complexity,0.28388413460423484,1.0857476853479138,0.35977702554720165,0.8001238360601082,1.0633995887594243,-0.0,0.2733040739357673,0.6124043289583023,1030,eeg_data_level_4.csv,7,TP10,190.0078125,200.00390625
0.01123045748036391,0.011230457480363908,0.026016759155384452,0.004070262190684337,0.003828728275904899,0.013783306020471422,0.013783306020471422,0.009911280732330642,0.02156083627070146,0.018568295014766593,0.03571963627145191,0.03571963627145191,0.042566445220768974,0.03609806387153794,0.03130896450335329,0.0771144222739486,0.07711442227394857,0.08555473569927133,0.07037747177484993,0.08587775696365164,0.05821132000666275,0.05821132000666274,0.10696909226169056,0.03542901959505998,0.05707122488737064,0.6741249031596013,0.8527059273804178,1.2877935939690441,1.7252063302264795,1.4451376215845586,hjorth_mobility,hjorth_complexity,0.007940814953964608,1.0562234506164798,0.37372702746211867,0.2573646733823915,0.020371639631406594,-0.0,0.09206096791040051,0.35542908831985676,1030,eeg_data_level_4.csv,8,AF7,200.0078125,210.00390625
0.025816182717541915,0.025816182717541915,0.03237506521388442,0.00938697103125771,0.024385390766949986,0.05245766563809822,0.05245766563809823,0.05197231163555217,0.06955224703941823,0.042814505170721565,0.07276762007563052,0.07276762007563052,0.08109116636434066,0.02894164976130277,0.07056051004824865,0.18871297493760886,0.18871297493760886,0.22478960894697456,0.08330755768308279,0.17338826386701187,0.15302766440231316,0.15302766440231316,0.18577577225253747,0.04092816145886878,0.14353632836600577,0.7308702786533479,1.1134320586188562,1.067652033889897,1.6445818887310815,1.4833583617184705,hjorth_mobility,hjorth_complexity,0.17668313272571254,1.037038136875119,0.22581674994391737,0.3389059560381987,0.23223669179803516,-0.0,0.07154522686086692,0.31333256346815097,1030,eeg_data_level_4.csv,8,AF8,200.0078125,210.00390625
0.22807304092612965,0.2280730409261297,0.3002142685370344,0.1638871688519673,0.13914736953359955,0.37991136928550134,0.37991136928550134,0.3733654164797129,0.2622268650088874,0.3813555673151745,0.2916948134034343,0.2916948134034343,0.2703319687997986,0.14441092153134547,0.2914049732831911,0.23607441816410482,0.23607441816410482,0.2870642522488913,0.08995251381825069,0.19706248264643184,0.19912151336255715,0.19912151336255712,0.2950308966854815,0.10356463416677786,0.16563632302212747,1.036157778870173,1.4520070674588799,0.899928537648603,0.5183968759503799,0.47118962414995047,hjorth_mobility,hjorth_complexity,0.09131937197059298,0.9097736899675074,0.5765884103904606,1.009073372865614,0.3952098088492879,-0.0,0.4508099105017825,0.7865239048891621,1030,eeg_data_level_4.csv,8,TP9,200.0078125,210.00390625
0.2046390646067397,0.2046390646067397,0.2696483449059617,0.13707558173345005,0.10206924101222715,0.4184991978151779,0.41849919781517786,0.45224889498925036,0.2384611235515248,0.3238525336534088,0.3683132819897787,0.3683132819897787,0.4070352339977731,0.3044601603436757,0.2935525833530509,0.2758343734282091,0.27583437342820905,0.2738589074263143,0.1588602684497901,0.2924845945768638,0.3642468280638163,0.3642468280638163,0.414871046168533,0.05984436884889174,0.33065814922570447,0.9524677850100554,1.4730698445763228,1.046133674313375,0.5798513704134527,0.773591391432231,hjorth_mobility,hjorth_complexity,0.2124168000185533,1.0335982080043262,0.34584452677145006,0.9683027315377105,0.5011423349326022,-0.0,0.33080429305698306,0.6737530865692304,1030,eeg_data_level_4.csv,8,TP10,200.0078125,210.00390625
0.04740618595600035,0.04740618595600036,0.11383771366951521,0.014336197500533948,0.01468977273638453,0.019933906858972873,0.019933906858972873,0.01347044518974924,0.04201800019263592,0.02422447156058265,0.07892370489951205,0.07892370489951205,0.06507289240114315,0.10990685370069836,0.08894643133186199,0.15294865959113788,0.15294865959113782,0.1221981252320807,0.12215391247098434,0.15373651440629682,0.1245155535223357,0.1245155535223357,0.13228667125558624,0.09445416318424658,0.11741155219796312,0.7593122833310875,0.5118498420955014,1.0825141786886083,1.3011188894776906,1.1551029636113577,hjorth_mobility,hjorth_complexity,0.9826758505531205,1.0372489365788016,0.9183109478884314,0.41280274344502393,0.3055745944710989,1.1055394895695876,0.09807607267697441,0.36685693443744954,1030,eeg_data_level_4.csv,9,AF7,210.0078125,220.00390625
0.10090940370290333,0.10090940370290331,0.2005966880656375,0.053259895082027005,0.06916008260446252,0.05301306236359299,0.05301306236359299,0.03161084455976583,0.11477304189370176,0.06544102152488901,0.1414973759636823,0.1414973759636823,0.15662121704991028,0.14076002647153887,0.13160739441157535,0.40065766312941636,0.40065766312941625,0.3684712758067284,0.48964765977505753,0.3991479689588304,0.4264323639529845,0.42643236395298456,0.3982826671358088,0.3669172287375502,0.4281974767916963,0.8675341945908286,0.5543628582467378,0.8399280271557142,1.396354576005644,1.5569640460415375,hjorth_mobility,hjorth_complexity,0.9826758505531205,1.079815178447593,0.881326814831694,0.37967659736610226,0.5581829259005406,1.0094056209113627,0.1742280447464408,0.4889610111595033,1030,eeg_data_level_4.csv,9,AF8,210.0078125,220.00390625
1.5046064348680717,1.5046064348680717,3.1284660213705324,0.7093502424115588,0.987576400402671,0.7208723078166085,0.7208723078166085,0.4968596430098984,1.2400693389032913,0.9585816365094945,1.000573835663035,1.000573835663035,1.305473559493141,0.5165897282127021,0.807353922473694,0.7433908052029147,0.7433908052029146,0.7058736412935259,0.9967221142859304,0.7314464696138925,0.6258353307992971,0.6258353307992971,0.5788881140517828,0.41491090447281953,0.5493277261052752,1.029272401491857,0.7293932797434712,0.6392890268377389,0.35112302946374097,0.31328539798010085,hjorth_mobility,hjorth_complexity,0.7484218094111644,0.8981081817529653,0.4345241813535419,1.5594770307923127,2.0616099306983475,1.1776398910632564,2.394186800940308,1.8125676114339826,1030,eeg_data_level_4.csv,9,TP9,210.0078125,220.00390625
0.891110888776291,0.8911108887762911,0.842117918589384,1.0739511357241345,0.9112499520130143,0.8002916041805788,0.8002916041805787,0.5907773602608691,1.3173578454676615,0.9438740057714399,1.702979675088683,1.702979675088683,2.354174985258589,0.6957347589765177,1.3620788367160812,0.7580757120950463,0.7580757120950462,0.7299038222520522,0.7073251562992973,0.7596734255176735,0.8997689485351651,0.8997689485351654,0.7138549848713824,1.0767371281241205,0.9173231391657591,1.1684632077249442,1.032645378125977,1.3027181229750149,0.4818953614502051,0.5865041478141999,hjorth_mobility,hjorth_complexity,1.173255409448271,0.9905556225758537,0.895530612264511,1.528899049796385,1.5360216282080572,0.9132717522531376,0.9904363207874662,1.16581188469052,1030,eeg_data_level_4.csv,9,TP10,210.0078125,220.00390625
0.046605639235619195,0.04660563923561919,0.1194614540214475,0.016972900255176962,0.015014243789502583,0.02226941484912296,0.022269414849122957,0.014732598655258836,0.050613438666627444,0.0236663862684855,0.07234596616579297,0.07234596616579297,0.05582204877679218,0.08650764418000743,0.07711155645818638,0.20086449186754973,0.2008644918675497,0.16376867434372866,0.2881715859571829,0.20849500486480013,0.1591048322045954,0.15910483220459537,0.2028730928199363,0.07062200329602074,0.14724200637410084,0.7286061381536563,0.5247284321758173,0.9452903139236484,1.5242647000613,1.3195711402299701,hjorth_mobility,hjorth_complexity,0.9370161645678239,1.043955260767748,1.0810376327102427,0.28284632421233125,0.24445967557687912,1.2978072268860377,0.10025415877881491,0.37090816848158614,1030,eeg_data_level_4.csv,10,AF7,220.0078125,230.00390625
0.13958465856493246,0.13958465856493246,0.26803242716785336,0.05135284373174559,0.048891427259168264,0.08352210551981229,0.08352210551981229,0.0602052749306944,0.14351668392459463,0.1017894593765107,0.13755047480378077,0.13755047480378077,0.1029661592130799,0.1774724730829245,0.1493105445154786,0.48771149936307706,0.48771149936307706,0.3582727187398439,0.41692434640184745,0.5469175884635056,0.4626680296253406,0.4626680296253408,0.4336519829488184,0.37336288880743573,0.4474109949183193,0.8485857721252379,0.6422079076339022,0.6681620874596205,1.3204051962775385,1.335009428799281,hjorth_mobility,hjorth_complexity,0.899297293536492,1.06667075035267,0.8757958228553906,0.4178990736110119,0.4359530881121011,1.0094056209113627,0.21978907509805218,0.5491844729711698,1030,eeg_data_level_4.csv,10,AF8,220.0078125,230.00390625
1.7077818663496618,1.7077818663496616,3.0964170111601765,0.7673409792413791,1.0228194022803518,1.4523638336199554,1.4523638336199554,1.600853633626704,1.080532714816296,1.5492818226491958,1.3915661579456164,1.3915661579456164,1.3565736716158212,1.222764047803698,1.5785019084860439,0.6566095300234335,0.6566095300234336,0.49828323296414734,1.0970920423274497,0.6405158776841273,0.5088616935741131,0.508861693574113,0.4430825562091106,0.6475919902324374,0.5253640979743537,1.0415816643404865,1.0253176019436965,0.7361421734826881,0.27082792477158407,0.22419552647833116,hjorth_mobility,hjorth_complexity,0.5757090841624342,0.9335637255674473,1.396943039939076,1.1823485985092044,2.033089635214378,2.4273801836201816,2.5459871313060902,1.8691463256574028,1030,eeg_data_level_4.csv,10,TP9,220.0078125,230.00390625
0.5976629971220072,0.5976629971220072,0.9164457103922586,0.20395395091568796,0.41631627487806355,1.5111477328078635,1.5111477328078635,1.698039497201909,0.8981972792647368,1.6611310852073615,1.3082789893090847,1.3082789893090843,1.2270022663685747,0.984222797071662,1.5607100433026564,0.6388598432260378,0.6388598432260378,0.6975876600440599,0.3820080296432921,0.604006271560723,0.7882117413528644,0.7882117413528644,0.614073134970033,1.1337886014820908,0.8541319657349187,0.9333196743663171,1.6749559325928367,1.2117385972050578,0.46888070988610564,0.5911763602037932,hjorth_mobility,hjorth_complexity,1.2228855029105503,1.0266587126239992,1.0296746708290332,1.4600985925555476,1.1204401797273627,1.0574725552404751,0.6861556729282117,0.9703457955056458,1030,eeg_data_level_4.csv,10,TP10,220.0078125,230.00390625
0.06149508336080653,0.06149508336080653,0.15584508636736433,0.019451341468335232,0.01739632610877333,0.02629786337482736,0.02629786337482736,0.01761299043251487,0.035912688038878336,0.035243728942010735,0.07789108541799913,0.07789108541799913,0.061713811648811616,0.10791635270391313,0.0760708559961433,0.2264714607893458,0.22647146078934577,0.26366776907839357,0.26185746257681963,0.2085893088835782,0.2034443368073111,0.2034443368073111,0.22681224944342473,0.09289088497312294,0.2055863247141693,0.7296241186071489,0.4803580534862885,0.8041711964323313,1.3378957943251313,1.2933494319231869,hjorth_mobility,hjorth_complexity,0.9072381084904568,1.057714817052799,0.9469198288544689,0.34145412112119267,0.29335161069225496,1.1536064238987,0.12086378564157631,0.40725206556278654,1030,eeg_data_level_4.csv,11,AF7,230.0078125,240.00390625
0.16480873400322993,0.16480873400322993,0.24439984625912195,0.08746174196156457,0.10958880134723581,0.11503527430022599,0.11503527430022599,0.09918022211865972,0.16062137599165902,0.11178219222139098,0.24793200267684085,0.24793200267684085,0.21558560123257287,0.3675980820573502,0.2385333878469483,0.436892808509995,0.4368928085099949,0.30393321624586256,0.4435136483327867,0.4919854813460258,0.5236500383472621,0.5236500383472621,0.6334824912732847,0.5206072229003756,0.5124990918253298,0.9552516685423075,0.7140253037370488,0.9487876932870644,1.0581866309516723,1.2971124204359195,hjorth_mobility,hjorth_complexity,0.8278299589508106,1.0906148499226411,0.740907880876334,0.47395870543687935,0.5092909907851648,0.9132717522531376,0.2772243225292733,0.6167808266061333,1030,eeg_data_level_4.csv,11,AF8,230.0078125,240.00390625
1.5081634485055286,1.5081634485055286,2.583740380475985,1.3783988861450587,1.0285081369169582,1.3144463025949185,1.3144463025949185,1.1851623629318295,1.230775060470928,1.2359053600275667,1.6672307042584527,1.6672307042584527,1.634811710157888,1.3027111032006635,1.4937667681149152,0.8499441543233154,0.8499441543233153,0.9814554480830837,0.974253589979674,0.8072080220634336,0.7274909778762513,0.7274909778762513,0.9356876645176617,0.5604069330521063,0.7204315009822062,1.0912674891784762,1.0053140944797325,0.8878734060972961,0.3503489242248819,0.31890276119815597,hjorth_mobility,hjorth_complexity,0.7047473271643592,0.9106015324991662,0.487427419481317,1.6792407896930295,1.980123372172721,1.2257068253923689,2.5965451557197095,1.8876137798508523,1030,eeg_data_level_4.csv,11,TP9,230.0078125,240.00390625
0.7933165255863399,0.7933165255863399,0.856075460180774,0.8648184832713,0.7874530709567203,1.3551781945093144,1.3551781945093144,1.1914419736916302,1.3323954985644562,1.2464561826208362,1.5485708475655873,1.5485708475655873,1.5760962515022396,1.118645352155464,1.4221444745717127,1.05968942289958,1.0596894228995797,1.3364307434328757,0.886334371141888,1.017330937723998,1.1543904695755063,1.1543904695755063,1.0165111703647627,1.0150113086882673,1.1919671586114071,1.040722212063455,1.399552708571352,1.1696816695805345,0.6026730578587215,0.68646090489738,hjorth_mobility,hjorth_complexity,1.3360421160045457,1.0452457740456538,1.0171249200473578,1.4932247386344693,0.8882034879293275,0.9853721537468064,0.8970736887612073,1.1095049872638079,1030,eeg_data_level_4.csv,11,TP10,230.0078125,240.00390625
0.01729554030139684,0.01729554030139684,0.02764947029676666,0.016089770458513918,0.012843612729329665,0.02431976212921852,0.02431976212921852,0.016307353944393605,0.038323136305466375,0.031096164000591547,0.09262317042429541,0.09262317042429541,0.08992106262418825,0.1000803859016224,0.09099479857219984,0.17779269944368645,0.17779269944368642,0.15284110546236843,0.25417815974044294,0.1790690133008855,0.1624734756529693,0.1624734756529693,0.16219743468713096,0.21366570736880958,0.16692030809238145,0.6677177199707153,0.7740151131746218,1.5925603540544158,1.9376944442707775,1.9293168463707964,hjorth_mobility,hjorth_complexity,1.1573737795403418,1.070454533364175,1.0763030335659705,0.3261651306232288,0.18741908460894066,1.2016733582278127,0.053016694096108014,0.26972519824006264,1030,eeg_data_level_4.csv,12,AF7,240.0078125,250.00390625
0.11171498171292431,0.11171498171292431,0.128230082604925,0.1142097465786179,0.10406681610356765,0.1602340422812568,0.1602340422812568,0.1880768430238312,0.1744520769151722,0.15522502565019283,0.2754808870465147,0.2754808870465147,0.30462268697762745,0.35413386919336776,0.23044424486762954,0.5659885964286641,0.565988596428664,0.46019385455025585,0.5316323034709415,0.5869029188308109,0.5758793073752241,0.5758793073752241,0.6397020294499418,0.4841982710836509,0.5918464438682769,0.8499980709650695,0.9611252587326404,1.1081517735894635,1.418788132679868,1.517970218294264,hjorth_mobility,hjorth_complexity,1.0084834991535054,1.045397535785671,1.0504246423097539,0.4790550356028673,0.39928413677556923,1.1536064238987,0.1968326205306544,0.5197131869046538,1030,eeg_data_level_4.csv,12,AF8,240.0078125,250.00390625
1.0708452143091307,1.0708452143091305,0.7344106697179686,1.8344748980247088,1.1804051594806446,1.4181108220907666,1.4181108220907666,1.0599451211941233,1.3701587910084474,1.7325890655088934,1.4212368785167802,1.4212368785167802,1.2860366061961985,0.8168667540696253,1.5713905557462362,0.9903128525607077,0.9903128525607077,0.9970014060139488,1.2559991461338016,0.9856042702247285,0.6914870683598202,0.6914870683598202,0.5813224027951743,0.7089098339208544,0.717220981350328,1.1837928647405849,1.309168206333038,0.9766449360179111,0.5046722841012155,0.38742748771923863,hjorth_mobility,hjorth_complexity,0.8595932187666692,0.9251810365097364,1.593091968997442,1.5238027196303972,0.7741223059934506,1.5862088328607127,0.9990923857668934,1.1708951951186584,1030,eeg_data_level_4.csv,12,TP9,240.0078125,250.00390625
0.8879365651589991,0.887936565158999,0.6524604579086546,1.2115657512861808,0.9703079458218691,1.2457388736502821,1.2457388736502821,0.9131772717766964,1.3845948152671643,1.5047967354242244,1.0788157821373894,1.0788157821373892,1.120821979840789,0.9409410639873254,0.9655790751797552,0.978303283817236,0.9783032838172357,0.7889518632455784,0.9269330689026036,1.0247495567989928,1.0090263276968032,1.009026327696803,0.9405925059810072,0.859119720249027,1.0558730411750623,1.1432056443698715,1.3129494741509207,0.8717105907308267,0.5606324939225019,0.6036102736089181,hjorth_mobility,hjorth_complexity,1.173255409448271,1.0210999857028988,1.0901217619371462,1.4448096020575838,0.8352372248876704,1.0815060224050315,0.7228951494001146,0.9959851302352833,1030,eeg_data_level_4.csv,12,TP10,240.0078125,250.00390625
0.019884160230427717,0.019884160230427713,0.021312793138365874,0.013106495800529498,0.019808343560346005,0.025417901104165704,0.025417901104165704,0.019711581049392007,0.039329888746605375,0.0294114398740327,0.08304984778853725,0.08304984778853725,0.06627042077460511,0.12375245574624033,0.0820686544880684,0.22548746413717616,0.22548746413717613,0.18675771282406928,0.25817028793620095,0.22188796890780685,0.17524203387877688,0.17524203387877685,0.18101022816909687,0.1595984250377136,0.1716615206097635,0.6902711017403509,0.7312833542967566,1.3478440221294161,2.1279203589092126,1.856277022246195,hjorth_mobility,hjorth_complexity,1.2010482617871472,1.0542256700977946,1.0829192201705358,0.36948393703412635,0.10185819815703297,1.1536064238987,0.04239093143445488,0.24118576893346186,1030,eeg_data_level_4.csv,13,AF7,250.0078125,260.00390625
0.06051499789351879,0.06051499789351876,0.06426801627222775,0.06600759148170511,0.04941554290652428,0.07110177634406464,0.07110177634406464,0.07687620079109299,0.07268690152611164,0.08276855549213073,0.20105636454368006,0.20105636454368006,0.13473857777233633,0.30038968360419377,0.21827016876026448,0.6415291346912404,0.6415291346912404,0.6080190538772863,0.5334532043057914,0.6187669156950945,0.6079824404835,0.6079824404834999,0.5685452258366228,0.3075097237523665,0.6310653122177056,0.7089211174174563,0.67156568474571,1.1267237603237918,2.016768845941732,2.0619138980245513,hjorth_mobility,hjorth_complexity,1.1811962244022356,1.0630365484746134,1.051098513167626,0.6395894358314878,0.35446652958647473,1.1055394895695876,0.11986196095664535,0.40556072291853296,1030,eeg_data_level_4.csv,13,AF8,250.0078125,260.00390625
0.6089226657985711,0.6089226657985709,0.49550100159867566,1.0103699174837764,0.6284117229530367,1.309646229640608,1.309646229640608,1.1575570729419886,1.533111444463177,1.440874444263149,1.6539062346986835,1.6539062346986835,1.45413999219957,1.687565404960918,1.6667216453797662,0.8061685067626175,0.8061685067626174,0.7555266537360692,0.948268802930429,0.7598012272596466,0.5931337267420761,0.5931337267420761,0.6869792517824649,0.4535560168798256,0.597834879051886,1.0628478574462117,1.6523097459216731,1.516211758188426,0.5876832464814628,0.4728056285385062,hjorth_mobility,hjorth_complexity,0.8734896449361068,0.9022664040749191,1.120270919149749,1.233311900169084,0.7985682735511385,1.129572956734144,0.7905814309870968,1.0415700994015227,1030,eeg_data_level_4.csv,13,TP9,250.0078125,260.00390625
0.4850662956430713,0.4850662956430713,0.4205439950379619,0.3389454958501413,0.521329914499732,1.1985199718755721,1.1985199718755721,1.087670273874196,1.3424234275388258,1.4166722563644352,1.4657093397630825,1.4657093397630827,1.310419905215443,1.266183148923923,1.6471146656009281,0.8510825008618359,0.8510825008618358,0.9509839637811438,0.6993587019417816,0.7795529673782702,0.8348196649657704,0.8348196649657704,0.8511190323174214,1.1418402251377133,0.8099982324763031,0.975237966227529,1.6854125187729476,1.5166615049492747,0.6780533084191421,0.7050015695957605,hjorth_mobility,hjorth_complexity,1.2109742804796029,0.9930062732534736,1.0039363046861407,1.118644471434355,0.7456020105094814,0.9373052194176938,0.6546905247444299,0.9478360595109282,1030,eeg_data_level_4.csv,13,TP10,250.0078125,260.00390625
0.04745196118664551,0.04745196118664551,0.12116100865327363,0.012978428502768542,0.018107383253474902,0.02284216521222253,0.02284216521222253,0.014403948461134228,0.0258016899203898,0.03202724949952553,0.0805622911277666,0.0805622911277666,0.09293458351627315,0.10128800300340107,0.06983905881753184,0.19659835024075784,0.1965983502407578,0.2069676220326069,0.24610676488117816,0.20619631622991083,0.16694538449106708,0.16694538449106708,0.15487088422304512,0.15611877493257037,0.16206593609781436,0.7362932896591827,0.5241602974456068,1.0053527933659478,1.4714349310926875,1.3593466293575338,hjorth_mobility,hjorth_complexity,0.9707646281221735,1.0586773674487928,1.0061154455122474,0.3873210926150842,0.19964206838778462,1.1536064238987,0.08732679352484103,0.3461696239127857,1030,eeg_data_level_4.csv,14,AF7,260.0078125,270.00390625
0.08556174887438973,0.0855617488743897,0.16379975383861814,0.06675844953062202,0.0455372760853258,0.07013255743378627,0.07013255743378627,0.04725429993628352,0.15076122038805984,0.07840529797296056,0.18305150426770794,0.18305150426770794,0.1430767058285342,0.32984012979657457,0.17612637250271912,0.5168920299841837,0.5168920299841836,0.4065257258398043,0.7493610617422543,0.4982399574148943,0.5727345158205459,0.5727345158205459,0.6296382435302852,0.40912666833777794,0.5735603194594401,0.759741271155778,0.6407909079559939,0.9739373550962825,1.5925340551694709,1.8268812419595892,hjorth_mobility,hjorth_complexity,1.004513091676523,1.0661398741510475,0.9019542643382558,0.43318806410897576,0.3666895133653187,1.0334390880759188,0.17542132990487552,0.4906325970430271,1030,eeg_data_level_4.csv,14,AF8,260.0078125,270.00390625
0.9754451687220029,0.9754451687220029,1.5780445801161742,1.2350305475780057,0.7820472124157017,1.7103882304189204,1.7103882304189204,1.3336762980655024,1.4180913739121326,2.124901320862492,1.6591616752111464,1.6591616752111464,1.425268889534067,1.739494015216426,1.8612014239669983,0.7043729185799171,0.704372918579917,0.630417684466914,1.055394868401292,0.7209033279234931,0.55792073874209,0.55792073874209,0.4695099641512957,0.5737509741144353,0.6045926189243408,1.0484767886181972,1.5426568808330217,1.1474531103217953,0.38832401920760345,0.3299283811950835,hjorth_mobility,hjorth_complexity,0.587620306593381,0.914521221977295,0.8089863406606123,1.2460527255840537,1.2915619526311781,1.2978072268860377,1.4389079505227609,1.4051791767086756,1030,eeg_data_level_4.csv,14,TP9,260.0078125,270.00390625
0.622875111614638,0.622875111614638,0.5491345086301469,0.9965584296537678,0.6278156609641864,1.5500300676358743,1.5500300676358743,1.0829681607687485,1.4914442111254913,1.9538939083989622,1.637107867583383,1.637107867583383,1.3914968388329558,1.5133899452300508,1.9610403290268956,0.6749091449288861,0.674909144928886,0.49864935090887,0.8646730145970363,0.6862834924727483,0.8081664109728118,0.8081664109728115,0.6595060734118187,0.7689087841397491,0.8534461164328163,1.023481027830261,1.7578157412605928,1.4209131046811974,0.4750332519865311,0.5814526948147543,hjorth_mobility,hjorth_complexity,1.2209002991720588,1.015655526605869,0.9379757247408895,1.212926579505132,0.8393115528139516,0.9373052194176938,0.6560476569971831,0.9488179531715554,1030,eeg_data_level_4.csv,14,TP10,260.0078125,270.00390625
0.018188037229969464,0.01818803722996946,0.027676852434152403,0.016190382978802802,0.012882152814696724,0.02473945782576955,0.02473945782576955,0.01737867177650032,0.042871107450425015,0.030406573483454356,0.06828724412323957,0.06828724412323957,0.054244431822285,0.08014525114436417,0.07563047701279191,0.22733552458496298,0.22733552458496295,0.19275333108401813,0.21197599614413398,0.22993704151559202,0.16388372680355137,0.16388372680355137,0.17698939932871793,0.1818689393858265,0.15143970602688392,0.6581915977975594,0.7485794615715221,1.1948352652548722,2.223262035458393,1.8161959016332359,hjorth_mobility,hjorth_complexity,1.0660544075697487,1.0340997542825867,1.09295727048196,0.305779809959277,0.05296626304165714,1.2016733582278127,0.04817698377094397,0.25711949267977285,1030,eeg_data_level_4.csv,15,AF7,270.0078125,280.00390625
0.07548252710766742,0.07548252710766745,0.06018444791345311,0.08346888823936569,0.08522170688365723,0.08433634220859612,0.08433634220859612,0.057882782632542505,0.09537129402286622,0.10850845845590502,0.17070013833819705,0.17070013833819705,0.16977580903005635,0.15869487613022215,0.17056240642383422,0.5061670868988867,0.5061670868988866,0.39553164589502093,0.5939657664207316,0.5307028118082351,0.5338700424334011,0.5338700424334011,0.600646271441392,0.46968700620448933,0.5187101230696166,0.8341104055375745,0.7797571511668149,0.9741478350077971,1.6756219336270142,1.8522764954334558,hjorth_mobility,hjorth_complexity,1.133551334678448,1.0900523015917092,1.008732164817492,0.4663142101878974,0.19964206838778462,1.0574725552404751,0.13152855349597065,0.4248398249462715,1030,eeg_data_level_4.csv,15,AF8,270.0078125,280.00390625
0.9985151320466806,0.9985151320466805,1.2532182248224577,0.864169891407234,0.9756753475946048,0.8655429343041041,0.8655429343041041,0.7071420748233609,0.8692238616245037,0.9744980351894311,0.9549265508022403,0.9549265508022402,1.1766084004701016,0.6379384518281775,1.0411897475880236,0.7645824760347162,0.764582476034716,0.5423775716876769,0.9352327582634894,0.7720179139612698,0.6059645943603864,0.6059645943603865,0.5826418258497158,0.8615767310125007,0.6001724064157867,1.1553947590234892,1.0262725966570847,0.7924787663352146,0.4614404549875394,0.39373312759360357,hjorth_mobility,hjorth_complexity,0.6571024374405714,0.9438855357357383,1.2953635717919982,1.3326903384058488,1.034879293275455,1.5621753656961563,1.2092465945862336,1.2881683836135762,1030,eeg_data_level_4.csv,15,TP9,270.0078125,280.00390625
0.728568321224237,0.728568321224237,0.6427999535577072,0.8155774393301176,0.7807589682189798,0.8631818774844091,0.8631818774844091,0.7398286960593802,0.9704396362621289,0.9214230575577738,1.0747301984561137,1.074730198456114,1.1612316214554037,1.0833752129883765,1.0617172897128373,0.9430567340769457,0.9430567340769455,1.0772088270625075,0.8267149923189911,0.9002037909992355,0.9819813379725787,0.9819813379725789,0.9474232717927151,1.0273298566710252,0.9236835759949599,1.1273291390911315,1.1758464901567889,1.0318631205808835,0.6425436912166614,0.702193802861765,hjorth_mobility,hjorth_complexity,1.2030334655256385,1.0372562602663178,1.0329827641313158,1.3123050177418971,1.100068540095956,1.0334390880759188,0.7388771503107312,1.0069347232745207,1030,eeg_data_level_4.csv,15,TP10,270.0078125,280.00390625
0.042282307838427666,0.042282307838427666,0.09998092635260977,0.011057934390806688,0.00920483859088434,0.02029089675250502,0.02029089675250502,0.010681841607100893,0.05068203944140887,0.025741312472418613,0.07971549874149987,0.07971549874149987,0.05911883169328526,0.141451109857466,0.08488949125566317,0.2350955253946933,0.23509552539469328,0.18340448905051773,0.22435192970840043,0.26221457737869286,0.17149296171030393,0.17149296171030393,0.21916055612209626,0.11655594718154287,0.16309376365746467,0.7040678218933226,0.4894371126562251,1.0257498801554648,1.7316612323408975,1.409506033035527,hjorth_mobility,hjorth_complexity,0.9648090169067,1.0428689309946464,0.8896933153528113,0.3363577909552047,0.3015002665448176,1.0815060224050315,0.0994105228867946,0.3693442806738603,1030,eeg_data_level_4.csv,16,AF7,280.0078125,290.00390625
0.09489373046684028,0.09489373046684031,0.19207089717771175,0.041193668056946485,0.06340148090974068,0.0657331996139034,0.0657331996139034,0.04724605171815384,0.1018703083694058,0.08328547414688793,0.16966506348157967,0.16966506348157967,0.17586098867158997,0.2571263425613398,0.15611550133271368,0.5055679805839848,0.5055679805839849,0.4304935790739292,0.48066522491285574,0.5631133487081941,0.5206359420773177,0.5206359420773176,0.508474094721624,0.6320675646555942,0.5125329129572366,0.7687658409245209,0.5913762174855932,0.8923967072098359,1.5326825954712477,1.6720436166363448,hjorth_mobility,hjorth_complexity,0.8615784225051601,1.0866813137418376,0.7542715276292062,0.3643876068681384,0.3422435458076308,0.9373052194176938,0.21111113893473485,0.5382335602232157,1030,eeg_data_level_4.csv,16,AF8,280.0078125,290.00390625
1.2198645268488786,1.2198645268488786,2.706372729416967,0.5355322911968086,0.5434070094738973,0.7714267371179582,0.7714267371179582,0.7873264095473355,0.6849111576533444,0.6533574724253078,1.2132294846417522,1.2132294846417522,1.3941670059936173,0.771084618569494,0.9076219535921859,0.6643852098077259,0.6643852098077259,0.5599714645132876,0.48079858830377176,0.6653398381957049,0.5629675154547191,0.5629675154547192,0.509532016337071,0.5044288849274807,0.5534426599196967,0.96019951890784,0.8073116864668577,0.8343355827031496,0.3539654468223345,0.31893986563613375,hjorth_mobility,hjorth_complexity,0.6630580486560449,0.9524181333377688,0.3909413648314046,1.1364816270153129,1.686771761480466,1.2497402925569252,2.2984536296303735,1.7759595606444327,1030,eeg_data_level_4.csv,16,TP9,280.0078125,290.00390625
0.418058756803238,0.41805875680323795,0.35743924752073325,0.515586670567878,0.45301945601579685,0.7480102657991379,0.7480102657991379,0.7275491886217351,0.8830729029346585,0.5541799280378448,1.3062915358239875,1.3062915358239873,1.4979797092404896,1.0688963382709844,0.9584107148490405,0.7361211702856101,0.7361211702856101,0.7185125709449266,0.7149559676955097,0.7560595453304286,0.6964922874325783,0.6964922874325783,0.6427939901489493,1.0239467802147924,0.7432975907793374,1.030589036416399,1.3506708145734847,1.6017301400423014,0.7225731581645948,0.7273538453190245,hjorth_mobility,hjorth_complexity,1.3737609870358776,1.0468729181706091,0.9547349804918722,1.0957109856874092,0.7618993222146067,0.9373052194176938,0.451189956009569,0.7868553659972416,1030,eeg_data_level_4.csv,16,TP10,280.0078125,290.00390625
0.04394466228127875,0.043944662281278746,0.11969323325094912,0.014195723049244088,0.013647305492353117,0.021760427638800355,0.021760427638800355,0.01665066288540423,0.036662531381637956,0.023930169411292734,0.06926049226493321,0.06926049226493321,0.059981688362373976,0.09487194028838666,0.0711785762021681,0.1658699319952825,0.1658699319952825,0.21290040959471188,0.11829322443313034,0.1603396425813397,0.15281362332969706,0.15281362332969706,0.1899057836415637,0.16562873388403643,0.14375210965373467,0.7017497410440895,0.5365518507592444,0.9525028020349733,1.3547344566758397,1.352072231202252,hjorth_mobility,hjorth_complexity,0.8854008673670537,1.0796669961755927,0.9755024551117579,0.2624610035483794,0.2159393800929099,1.1536064238987,0.09516171146596193,0.3613651952443414,1030,eeg_data_level_4.csv,17,AF7,290.0078125,300.00390625
0.12282715588868746,0.12282715588868746,0.1456878682520329,0.05348588470969887,0.1534850201004397,0.0787565593413501,0.07875655934135009,0.05667239811823595,0.13965552158516492,0.10075739750448746,0.14884676232485086,0.14884676232485083,0.11227494679902929,0.23240411985917808,0.16126098115343673,0.45945619011025524,0.4594561901102552,0.37871954013029757,0.5540427712796956,0.4765049330555051,0.45307446617413244,0.4530744661741325,0.5144750696865479,0.5390983302378858,0.4373783505782892,0.9361219420741551,0.6513498367725565,0.766529757597755,1.3475047207314172,1.4090197824520663,hjorth_mobility,hjorth_complexity,0.9469421832602797,1.0924033901264096,1.0436509274526984,0.44338072444095167,0.37891249714416264,1.129572956734144,0.16681773778705483,0.4784497290501903,1030,eeg_data_level_4.csv,17,AF8,290.0078125,300.00390625
1.2895778949558088,1.2895778949558088,2.8177761186007495,0.8082157090157723,0.6093965890458797,0.7951781937626091,0.7951781937626091,0.6844227839609655,1.0114087771761948,0.8635219319010785,0.9341931505914758,0.9341931505914758,0.9613944481907446,0.7261489868519515,0.9108877596104074,0.6410381285951319,0.6410381285951317,0.721457827678925,1.0287064111994515,0.6717852520023795,0.5675371646266105,0.5675371646266105,0.6970223680605807,0.5527724496762008,0.5964184391995561,0.9952259838714211,0.8389864779136601,0.6749963951574183,0.34144490082233736,0.31865653452828624,hjorth_mobility,hjorth_complexity,0.5479162318235581,0.971338829824099,1.0163547819240748,1.0855183253554332,1.4912040210189628,1.7544431030126064,1.8933923212862793,1.6118903860771387,1030,eeg_data_level_4.csv,17,TP9,290.0078125,300.00390625
0.37671742823545223,0.37671742823545223,0.3224683982946375,0.19123592862203745,0.4214516533155387,0.8161027378468275,0.8161027378468275,0.7598557686836948,0.9748707747818824,0.8202366958709116,0.8746495097601015,0.8746495097601015,0.8275160046302719,0.7940388070271802,0.8704601123821517,0.7713770215257232,0.7713770215257231,0.7329232694643972,0.8013968004578249,0.7383498976917331,0.9711929659115023,0.9711929659115023,0.8958042827043032,0.7997438838999605,1.043738340217569,0.9645716592949031,1.4949502743763792,1.215347864484438,0.7712053849362824,0.9859631211523159,hjorth_mobility,hjorth_complexity,1.3419977272200192,1.0801794321331175,1.0967291969721287,1.0141697030316021,0.6233721727210417,1.129572956734144,0.4250472575093176,0.7637193749364272,1030,eeg_data_level_4.csv,17,TP10,290.0078125,300.00390625
0.03531157162409953,0.03531157162409952,0.04170029187890467,0.02898892867805944,0.034943008517789434,0.03178491104700995,0.03178491104700995,0.02530450071880326,0.03745377180022341,0.038477011777163554,0.09740712660275372,0.09740712660275372,0.06845266830982986,0.14526350491362722,0.10598969454176832,0.29152307666113464,0.29152307666113464,0.3184933300590772,0.3768241124518028,0.28709941427762925,0.2647392997295476,0.2647392997295476,0.3140362522206302,0.18335579854402062,0.2455221927800878,0.7873893347520076,0.6330536249512161,1.1214926145223696,1.9075759249938142,1.8666162505963715,hjorth_mobility,hjorth_complexity,1.2447227440339526,1.0661264314619205,1.0383999857030435,0.4178990736110119,0.18334475668265934,1.1055394895695876,0.05852279952965636,0.28338557888664767,1030,eeg_data_level_5.csv,0,AF7,120.0078125,130.00390625
0.29930091691937777,0.2993009169193777,0.3130629833910168,0.108658014411273,0.32014258364981124,0.12587671082152313,0.12587671082152313,0.09292904442709617,0.12825931543873617,0.17672415351233617,0.24551910412611636,0.2455191041261163,0.22921652908487297,0.31367882219006665,0.23952515467708532,0.544710181941928,0.5447101819419279,0.43334349015258466,0.8506616596793626,0.5339574414040181,0.5246918138647826,0.5246918138647826,0.5502930283766669,0.6074200409148897,0.5141423486481066,1.1304292785983048,0.5675679092339565,0.6857694673161604,0.9266689728225161,0.9404037026831173,hjorth_mobility,hjorth_complexity,1.093847259908625,1.034191347506846,0.8713587770769321,0.7007453978233431,1.214149722031833,0.8892382850885814,0.2518293103484312,0.5878524564580253,1030,eeg_data_level_5.csv,0,AF8,120.0078125,130.00390625
0.271269366634609,0.271269366634609,0.27418088562260895,0.20015001042487537,0.272194718806031,0.4458864524012477,0.44588645240124763,0.3976267736593932,0.5672160405123176,0.46813773829969435,0.8907611268828001,0.8907611268828001,1.134812233203471,0.6885320211540501,0.7317753573884935,0.9765959238154072,0.976595923815407,0.7387158513142509,1.0847219045264074,1.0593019470314888,0.7688791502923348,0.7688791502923349,0.7589495872633659,0.8147312206951559,0.7254781744526438,0.9262830098255265,1.2192743116480278,1.5298453129006155,1.205935827333865,1.0378612457236644,hjorth_mobility,hjorth_complexity,1.278471207588302,1.004980313534921,1.2010654095377755,1.0574885094424997,0.3952098088492879,1.2497402925569252,0.3290915445742946,0.672006635332414,1030,eeg_data_level_5.csv,0,TP9,120.0078125,130.00390625
0.4689541909140337,0.46895419091403356,0.31597120099337955,0.6861468348751496,0.5425950142314997,0.6071017680871054,0.6071017680871054,0.7792624220902237,0.5619925739689215,0.6767297449601539,0.7469215573558781,0.7469215573558781,0.7889453537183526,0.7765418093752631,0.5484465109966736,0.9604911593098362,0.9604911593098361,0.9511935118688332,0.4375821516921638,0.9258317859402545,1.2945541514370809,1.2945541514370809,1.4237523383745092,1.3176835124616084,1.3472090941209138,1.0486190940553306,1.0739411651706894,0.9553260070884498,0.825096575663713,1.1293690392867493,hjorth_mobility,hjorth_complexity,1.3320717085275633,1.1294417758154887,0.9838514524937098,1.0065252077826201,1.1408118193587693,1.1055394895695876,0.5446380005880572,0.8645083037942078,1030,eeg_data_level_5.csv,0,TP10,120.0078125,130.00390625
0.03368460643157329,0.03368460643157328,0.05206751459921141,0.021227059880731574,0.03725340882153226,0.021187317917850144,0.021187317917850144,0.0159015150680502,0.043590206366718856,0.02454223601855669,0.09970560057755745,0.09970560057755748,0.08933024996220316,0.14071968949867025,0.09377926416000947,0.1832899337601333,0.18328993376013328,0.15181955640273181,0.11892164400537805,0.19297245122582984,0.13992335094805514,0.1399233509480551,0.1279721198211247,0.16656929916049937,0.13307204925891855,0.8536086065546167,0.5704648255157543,1.383031112974121,1.5993673577800571,1.3623717195705833,hjorth_mobility,hjorth_complexity,0.8893712748440362,1.0045411192180045,0.8960644580090591,0.28284632421233125,0.13852714949356484,0.9853721537468064,0.05909054531953463,0.28475686187460797,1030,eeg_data_level_5.csv,1,AF7,130.0078125,140.00390625
0.3415608726548837,0.34156087265488366,0.38477723980450906,0.29577183473813,0.3218434808356635,0.31465763236462474,0.3146576323646248,0.33059202377876906,0.4752403309984571,0.33175203593208485,0.6013131550140943,0.6013131550140943,0.5094466943373964,0.6603787326378859,0.67767430761541,0.5237362506758665,0.5237362506758665,0.5004846110466838,0.6053521223671638,0.4791541247152778,0.37307997020924977,0.3730799702092497,0.4857123104753406,0.3579896601244506,0.321857945384725,1.0979407807071446,0.9767864650971743,1.2006303453797005,0.7492967654782716,0.5840297660070204,hjorth_mobility,hjorth_complexity,0.587620306593381,0.8496615747394055,0.8687245546325217,0.5937224643375961,0.7781966339197319,0.9132717522531376,0.39682930966253166,0.7379332341213177,1030,eeg_data_level_5.csv,1,AF8,130.0078125,140.00390625
0.30395651915904853,0.3039565191590485,0.43177289918593353,0.306014813224379,0.2529704636936496,0.34775409895465254,0.34775409895465254,0.31544728133074096,0.4107422185711314,0.4013874542596166,0.49814284950971566,0.49814284950971555,0.5009161608520267,0.6074729937026493,0.4749587155966008,0.630987542077001,0.6309875420770008,0.6528594444419394,0.853812897658161,0.6167133406003391,0.5904047334426106,0.5904047334426106,0.5819950931906458,0.4887385419879441,0.6138832326154869,0.9986781249596012,1.0431469921916057,1.016388487338001,0.8683746101345435,0.8638815374479886,hjorth_mobility,hjorth_complexity,0.8377559776432664,1.0220183519536972,0.9778653788991029,0.919887594960825,0.5948518772370726,1.129572956734144,0.34017043963371657,0.6832245840319813,1030,eeg_data_level_5.csv,1,TP9,130.0078125,140.00390625
0.4144323790892433,0.41443237908924324,0.4395491409203814,0.40820692082588683,0.36253008759434435,0.4349572801293003,0.4349572801293003,0.42181047726535587,0.39927762335730815,0.4585535156951295,0.709963849981046,0.7099638499810459,0.5688376959736177,0.8185254617971204,0.8224611907666719,0.7200916872453842,0.7200916872453841,0.7009751945139259,0.8268203558792666,0.6772045101605612,0.6759541427995207,0.6759541427995208,0.5837802250923658,0.6616666805593365,0.7156459609299538,1.087877005113315,1.0305063382165935,1.138333896203111,0.8002842195025562,0.8008627270301315,hjorth_mobility,hjorth_complexity,1.1931074468331826,1.0504981985698971,0.9791343564886029,0.8536353028029816,2.517934658441855,1.1055394895695876,0.4790947737458802,0.8108227319506564,1030,eeg_data_level_5.csv,1,TP10,130.0078125,140.00390625
0.017485073264844497,0.017485073264844497,0.014386302397787999,0.01276182138696414,0.017928907065837062,0.03472965986134072,0.03472965986134072,0.023984957983696854,0.06075002274073811,0.042431304998646405,0.11299967019369453,0.11299967019369453,0.08006253798438204,0.16831555750811933,0.12341553229530644,0.275182408789395,0.27518240878939493,0.1817805764596087,0.38919400420831884,0.2977620030952358,0.2178720251299827,0.2178720251299827,0.2591543503163763,0.18262979367554583,0.20744244229487685,0.5996846909024486,0.850774815068355,1.5621266095364934,2.2690940474185206,1.9837434583113378,hjorth_mobility,hjorth_complexity,1.1454625571093946,1.02768750007355,1.1030390786412976,0.33380962587221075,0.08148655852562638,1.1776398910632564,0.05131209850517672,0.26535366318820036,1030,eeg_data_level_5.csv,2,AF7,140.0078125,150.00390625
0.3348542389222448,0.33485423892224475,0.40982935359056816,0.27976310469413956,0.23393809626038314,0.3022335610529729,0.3022335610529729,0.25669991207070614,0.2873432907745193,0.3602156935439153,0.4067785374619749,0.4067785374619749,0.32237232807132365,0.3919661539706299,0.44835141221937347,0.7897933402051573,0.7897933402051572,0.7634929227269569,0.8639760643794536,0.7521375434348155,0.5767969294738459,0.576796929473846,0.6086573501069892,0.45829726805213195,0.5520214132145489,1.0309291593092953,0.9251244304864529,0.862732313315297,1.0307990220280077,0.8335506441669026,hjorth_mobility,hjorth_complexity,0.7682738467960761,0.9439779841959581,0.9507005069142206,0.7593531947322045,0.5378112862691341,0.9373052194176938,0.35998089572541947,0.7028375009685298,1030,eeg_data_level_5.csv,2,AF8,140.0078125,150.00390625
0.4159619918250753,0.41596199182507526,0.32132423969571505,0.5233890233661613,0.48387549417926806,0.6423438174758318,0.6423438174758318,0.4098888343071453,0.8534828462645142,0.879503565447612,0.905096080705968,0.905096080705968,1.2078819917337105,0.6251968499167908,0.7948625151759405,0.8758946545523955,0.8758946545523953,0.7168799021362715,0.9815858166743223,0.9281008271986383,0.7021136280687147,0.7021136280687147,0.665419203846109,0.6949731531531248,0.6213804038800592,1.0617447683691477,1.3180765932893421,1.2524258757166187,0.8782140481819712,0.7622621454918265,hjorth_mobility,hjorth_complexity,0.9112085159674391,0.9510603921197798,1.465835395694551,1.2384082303350719,0.5215139745640088,1.4900749642024878,0.5141324561945244,0.8399485983499717,1030,eeg_data_level_5.csv,2,TP9,140.0078125,150.00390625
0.4135594851137368,0.4135594851137368,0.29363220971760406,0.4774951266329492,0.5282504311272469,0.5793967025769764,0.5793967025769764,0.4373713038687192,0.7395213081593115,0.6979155516533735,0.7704265002151948,0.7704265002151948,0.7542396669670701,0.4734792870090342,0.8422309004962556,0.9820990021145228,0.9820990021145227,0.7775463574944311,1.5207796797698727,1.0541918220044997,1.2135293180623177,1.2135293180623175,1.223306618408194,0.9177292817691575,1.305467473366281,1.0175139115686505,1.1569656760076845,1.0671155996447592,0.9191946903140487,1.1591138406087622,hjorth_mobility,hjorth_complexity,1.302293652450196,1.0911308942308322,1.136688863687004,1.0753256650234575,0.8026426014774198,1.1776398910632564,0.5182367771347016,0.8432945899491713,1030,eeg_data_level_5.csv,2,TP10,140.0078125,150.00390625
0.01986944106691339,0.01986944106691339,0.031850188897882124,0.021053099239656214,0.015557946620664651,0.026806863566648687,0.02680686356664869,0.01585121948471649,0.03532349993623931,0.03813846956842685,0.10387947064197867,0.10387947064197867,0.10999968011405928,0.1170114434681269,0.10194401516152907,0.2314918410831946,0.23149184108319457,0.2426236204746829,0.2965890143628048,0.20777776831057249,0.19879484889049662,0.19879484889049662,0.23302627339920734,0.1807162711672045,0.18853429285338372,0.6520693128457089,0.729604624490542,1.5143106455589737,2.058411234556512,1.9432836443560402,hjorth_mobility,hjorth_complexity,1.0779656300006957,1.0570528821815346,1.0266641308925644,0.31852063537424685,0.10185819815703297,1.1055394895695876,0.05360138074881809,0.27120843197870037,1030,eeg_data_level_5.csv,3,AF7,150.0078125,160.00390625
0.06749481040596259,0.0674948104059626,0.07940618457582556,0.041027444187911453,0.04951777595694677,0.07273131794440728,0.07273131794440728,0.051746262158218,0.09470925603927266,0.08998154267403212,0.22505567092717876,0.22505567092717876,0.2204196843622593,0.31927544992309387,0.21941162863536012,0.588163312512448,0.588163312512448,0.4440529821822844,0.5164935532320964,0.6293134426686825,0.6399892884227408,0.6399892884227409,0.7655072893294187,0.5078264983712188,0.6722843257470387,0.7099388865054994,0.6666610722532749,1.1674312771705506,1.8064892139339381,2.0484942039955305,hjorth_mobility,hjorth_complexity,1.1256105197244834,1.0984756865265775,0.9396472745311966,0.4178990736110119,0.22816236387175384,1.0094056209113627,0.13987956114277,0.4381192442022434,1030,eeg_data_level_5.csv,3,AF8,150.0078125,160.00390625
0.35189161245635303,0.35189161245635303,0.30510478803223473,0.4508743840170974,0.39662647640364485,0.5736027487988596,0.5736027487988596,0.3835119226046465,0.6131907650212141,0.7222597131177063,0.7602825364809657,0.7602825364809657,0.7559736196609124,1.1212934471109735,0.6979789637593156,0.7261022147171786,0.7261022147171784,0.7001424185593078,0.5578355899172551,0.7111513743574743,0.6827805130208252,0.6827805130208251,0.6334272441500398,0.48843711442258475,0.6927517779313596,1.0425749520429437,1.3410788001095901,1.250768774374709,0.8416718420624677,0.8432263415546706,hjorth_mobility,hjorth_complexity,1.0898768524316427,1.0168537433461178,0.9900563153278855,0.9351765854587888,0.5174396466377275,1.0574725552404751,0.40172351453214256,0.7424698557651537,1030,eeg_data_level_5.csv,3,TP9,150.0078125,160.00390625
0.3078787145344273,0.3078787145344272,0.2560362016167061,0.2094364254535829,0.3614723350430248,0.5570530277202429,0.5570530277202429,0.402113037910408,0.6344301722543354,0.6396100459957433,0.7596444295992187,0.7596444295992187,0.6988731223053134,0.7964203996782663,0.8060919066040401,0.782538192127256,0.7825381921272558,0.5376959080323761,0.5284801520453027,0.8330259872374872,1.2239546839749114,1.2239546839749111,1.0295182423588503,1.6978643847746393,1.2478796572271218,0.9222478398712479,1.2721583935899268,1.2140335146952572,0.872258952861134,1.3413027424261184,hjorth_mobility,hjorth_complexity,1.510740044991767,1.1564420862743001,0.9863281466856304,1.133933461932319,0.49299367908003955,1.0094056209113627,0.3936661544981245,0.7349862901719012,1030,eeg_data_level_5.csv,3,TP10,150.0078125,160.00390625
0.021561231052087848,0.021561231052087845,0.036850100708679154,0.013826664384121636,0.01304141471849594,0.0284263396694714,0.028426339669471397,0.022980354332443824,0.05371176989597255,0.03170870494523723,0.089335104834206,0.089335104834206,0.07992446403127762,0.1213091748952787,0.09720223077395018,0.23393249814731742,0.2339324981473174,0.23025547687341316,0.28695410525722187,0.25586780344223325,0.18420675559175975,0.18420675559175972,0.19442216699778916,0.10632205383800437,0.17167982935517379,0.6513012762476271,0.7522297903912256,1.3400442200969271,2.048834245743545,1.7978377800502263,hjorth_mobility,hjorth_complexity,1.093847259908625,1.0427239016573666,1.0542578297870018,0.2853944892953252,0.0651892468205011,1.129572956734144,0.04927776799168442,0.26004033299000934,1030,eeg_data_level_5.csv,4,AF7,160.0078125,170.00390625
0.18177790371047436,0.18177790371047436,0.18288754460948353,0.1566932985339369,0.18267143587032997,0.13525075635687048,0.13525075635687048,0.14191852417139622,0.1194390424997916,0.12284190589288012,0.3126126703319259,0.3126126703319259,0.24291174982518118,0.49035791822529734,0.3157001175380685,0.6186098669197372,0.6186098669197371,0.44933817598131176,0.5941828467516331,0.6516924095206027,0.5798188523559348,0.5798188523559347,0.4705758185196514,0.4429187356775751,0.588098304832258,0.986526889706875,0.7125344171043909,1.03069772893314,1.2605717448610692,1.2629611624529102,hjorth_mobility,hjorth_complexity,1.0878916486931516,1.056667057220287,1.0809326138752497,0.5835298040056203,0.3707638412916,1.0815060224050315,0.21847584114252608,0.54754133345847,1030,eeg_data_level_5.csv,4,AF8,160.0078125,170.00390625
0.21382965743365742,0.2138296574336574,0.18950052801739448,0.2569000388193469,0.2253447368538597,0.4032567588430387,0.4032567588430386,0.35892828824209816,0.6952150916021563,0.4381167447197772,0.5365481201458854,0.5365481201458854,0.5375487225044236,0.6232580071072538,0.5828062069399893,0.8326550626299095,0.8326550626299093,0.7495510083246393,0.9614725261124623,0.9038720524540236,0.7393830201128725,0.7393830201128724,0.7341792160232244,0.8963190572637411,0.754312362267835,0.9233235567696388,1.2937101788203642,1.2047181962790245,1.2191465577518703,1.1692501276911418,hjorth_mobility,hjorth_complexity,1.131566130939957,1.0241923057057456,1.2198550294319583,1.1594151127622587,0.4563247277435077,1.2978072268860377,0.4351064731521637,0.7727036637819122,1030,eeg_data_level_5.csv,4,TP9,160.0078125,170.00390625
0.20846166839929792,0.20846166839929794,0.18080982146605656,0.24043583220017462,0.23147284727578127,0.41798345125637015,0.41798345125637015,0.3159626647918396,0.566410886979904,0.5082643452819623,0.4586361309846271,0.4586361309846271,0.5021078745929253,0.423953896324182,0.4917338306432406,0.9229087105310168,0.9229087105310165,0.9724897082167945,0.9035397766053257,0.8993618715721132,1.230495287092176,1.2304952870921757,1.050393761158398,1.6728624220471349,1.248516985131778,0.8296305560049646,1.2171629717295438,0.9542253089043635,1.1895259737255095,1.6170584803585544,hjorth_mobility,hjorth_complexity,1.4293466917136297,1.130331875415994,1.0322213775776163,1.0523921792765116,0.5133653187114462,1.0815060224050315,0.413483118370842,0.7532585860956037,1030,eeg_data_level_5.csv,4,TP10,160.0078125,170.00390625
0.05010629377277435,0.05010629377277434,0.07813753044227875,0.029246147914435836,0.048291275488242844,0.033007805924171005,0.033007805924171005,0.02252289514241887,0.055774079403411704,0.040137357301343705,0.0994378216893379,0.0994378216893379,0.11785914080086482,0.10590967676268855,0.05998264077114094,0.18224810773649983,0.1822481077364998,0.15389340539404084,0.20875236042416628,0.18895663263852897,0.14524826108050914,0.14524826108050912,0.1277945648523785,0.11408940041448969,0.15498836238690372,0.925807444031112,0.6687285494521024,1.1111043679874482,1.3184019797103899,1.1530431966875514,hjorth_mobility,hjorth_complexity,0.9032677010134743,1.0480740819703753,0.9488451741626758,0.32871329570622276,0.2403853476505978,1.0574725552404751,0.07969717273823315,0.33070187462921263,1030,eeg_data_level_5.csv,5,AF7,170.0078125,180.00390625
0.10705941628562023,0.10705941628562024,0.15268411565821796,0.09038856457507964,0.10376417195416453,0.12665310146121245,0.12665310146121245,0.0998456719138927,0.11491370375000333,0.16903278980536687,0.3026692105360812,0.30266921053608126,0.24811666236238208,0.2936483444631411,0.3353726793223685,0.4942847061507239,0.49428470615072384,0.4375131583316618,0.4407278300327893,0.520807540843882,0.5452461457905813,0.5452461457905814,0.47989198866491795,0.4848892761622029,0.5494159089548533,0.8544105678284936,0.8905560934173226,1.2937357475911044,1.3684052062905383,1.5707344288495495,hjorth_mobility,hjorth_complexity,0.9648090169067,1.0715046485073474,0.8717350945689907,0.5529518230096926,0.48891935115375823,0.9613386865822501,0.23883834009290736,0.5724890988000267,1030,eeg_data_level_5.csv,5,AF8,170.0078125,180.00390625
0.49190998125143154,0.4919099812514315,0.8932609072529386,0.4427268376852978,0.35029996801908425,0.4367491050666111,0.4367491050666111,0.47279593963540106,0.5304529032163893,0.474228573489332,0.45279069188831444,0.45279069188831444,0.37796596585068604,0.6453211462278021,0.45341106346215265,0.7166824541464604,0.7166824541464603,0.576245454479127,0.7379525645168579,0.7063482539674714,0.8701719810477531,0.8701719810477531,0.6962054870357093,0.9864349062345501,0.9055862622565055,0.9874985445626071,0.9108113150538893,0.6812877736286728,0.6910957009504928,0.8564615128858771,hjorth_mobility,hjorth_complexity,0.6213687701477306,1.0658073248881679,0.9538948298119274,0.9861398871186683,0.8800548320767648,1.3578908947974282,1.0197741456262688,1.1829522041349978,1030,eeg_data_level_5.csv,5,TP9,170.0078125,180.00390625
0.2130894476041549,0.2130894476041549,0.15351253264974404,0.21907212648447474,0.2684235033810973,0.3190527876262193,0.31905278762621914,0.3907719129514107,0.39512545618982675,0.29576010395152563,0.4708583805783639,0.4708583805783639,0.3293059635995734,0.7994193978149062,0.518177865716364,1.0454495263751105,1.0454495263751105,0.8783304013509126,0.851474398779886,1.0909360898471048,1.3626513880105433,1.3626513880105433,1.5549014692715002,1.2157836490954785,1.384792711872933,0.8438543041633166,0.9528561208391199,0.9793761840977259,1.306052634155818,1.7343785243609287,hjorth_mobility,hjorth_complexity,1.4432431178830678,1.1576206793350379,1.2198375262927925,0.8944059441308853,0.4359530881121011,1.2257068253923689,0.35359402038207016,0.6965746337686808,1030,eeg_data_level_5.csv,5,TP10,170.0078125,180.00390625
0.041514033585724454,0.041514033585724454,0.09009496700155509,0.011618727249511534,0.02196816709218508,0.024550641005642953,0.024550641005642953,0.01686169876672281,0.04497548314111695,0.027985872294623255,0.07402603966496203,0.07402603966496203,0.05664824470968606,0.08073670865312721,0.08812637967386303,0.19999509475398825,0.19999509475398825,0.21826811334643584,0.20173850171421132,0.20786281823997693,0.1769680954472632,0.1769680954472632,0.18811823045279333,0.1458212826788499,0.1585847820158961,0.746916402846003,0.560103439087666,0.9493978181538534,1.4938418729107281,1.436265243085816,hjorth_mobility,hjorth_complexity,0.9429717757832974,1.0877355559950883,1.0280731335953883,0.2752018289633493,0.15482446119869012,1.1656231574809783,0.07477979758227411,0.32033717543651263,1030,eeg_data_level_5.csv,6,AF7,180.0078125,190.00390625
0.128179384878554,0.128179384878554,0.13247487214558387,0.10232036264842731,0.11010258156580713,0.1374526642496158,0.1374526642496158,0.08031652685466192,0.25956185267900356,0.19348675424145895,0.37894521283329974,0.37894521283329974,0.39270398620007024,0.44216660317790457,0.34992831120979034,0.6444472822964552,0.6444472822964551,0.6578733240414874,0.7651071249638206,0.656522962724115,0.608182979239751,0.6081829792397512,0.675748147620882,0.6118566102429148,0.6087367406235973,0.8761897971020871,0.8505288986973284,1.3541716654754237,1.4808797100501583,1.495680536370995,hjorth_mobility,hjorth_complexity,0.9469421832602797,1.0396989643725374,1.0954077099651323,0.5376628325117287,0.2852029548396923,1.129572956734144,0.24079280569945488,0.574826727048305,1030,eeg_data_level_5.csv,6,AF8,180.0078125,190.00390625
0.8434192769097275,0.8434192769097273,1.9763816227754398,0.35246117966532786,0.48336518732629485,0.2743699451803961,0.2743699451803961,0.22473915723151736,0.4346273994488933,0.2950153633902174,0.3935594298942148,0.3935594298942148,0.3588829253645185,0.3826787680073557,0.4197394820748627,0.9199964085839152,0.919996408583915,0.8789346428840973,1.405853672992935,0.9437683197536094,0.8330571800118152,0.8330571800118152,0.8108174293597624,0.8664303407981714,0.8329305754499797,0.9249813119444985,0.474101713388809,0.43444775940192015,0.6143188773484836,0.5896368874297263,hjorth_mobility,hjorth_complexity,0.7007769196873768,1.044399763818359,1.071568434421698,1.0269105284465718,0.9859873581600791,1.7304096358480503,1.2929079283631135,1.3319839709341952,1030,eeg_data_level_5.csv,6,TP9,180.0078125,190.00390625
0.22229883097961048,0.22229883097961048,0.1902521389938741,0.2147491868150964,0.26719862056561855,0.21240480366545392,0.21240480366545392,0.16285739974574376,0.3095574205184702,0.22516135944939086,0.4214018785333982,0.4214018785333982,0.33369179283291084,0.4951263903793041,0.44995240306644285,1.0614148435659398,1.0614148435659396,1.090112437838092,0.697248848089503,1.08711581497203,1.7175531307356693,1.7175531307356693,1.0956486368527223,2.5210717164830125,1.91641412992545,0.8357883020712875,0.6896619855215286,0.8540879083912088,1.2718366396647536,2.0294301844321225,hjorth_mobility,hjorth_complexity,1.4889028038683643,1.1964786447579885,1.0976043539304043,0.8765687885499274,0.5744802376056659,1.1536064238987,0.3811759903569156,0.723232556731676,1030,eeg_data_level_5.csv,6,TP10,180.0078125,190.00390625
0.0444474922287724,0.0444474922287724,0.10206981326003135,0.015770028828810737,0.015049073151852325,0.031643198534979884,0.03164319853497989,0.02669725989746205,0.05251211414354523,0.036022559919304115,0.10381078358920523,0.10381078358920523,0.06711943635319866,0.1649363401343968,0.1144013320028354,0.26337851049070693,0.26337851049070693,0.21354188459544873,0.3791816145671934,0.28035199667795063,0.1915379916227513,0.1915379916227513,0.24972515359729675,0.14433725818295365,0.1733526332646356,0.7149576960929622,0.5956944427456554,1.0982772788090598,1.6425307919056293,1.3199025784988883,hjorth_mobility,hjorth_complexity,0.8417263851202487,1.0256241945661873,0.9760888102738029,0.3363577909552047,0.21186505216662857,1.1536064238987,0.11425633745790205,0.39596367692919787,1030,eeg_data_level_5.csv,7,AF7,190.0078125,200.00390625
0.1827669402752743,0.1827669402752743,0.19757317834779076,0.15339649211993803,0.1937732663332524,0.21960300952529874,0.21960300952529876,0.15599220396811295,0.19363442623040916,0.27329193493606163,0.48020599789376267,0.48020599789376267,0.47536106363690234,0.6418703125132577,0.4316635407444876,0.8380978801353541,0.838097880135354,0.6392765036517548,1.1518035690881057,0.9161504791886059,0.684458036081235,0.6844580360812351,0.820223158644104,0.43209843327066566,0.6271465171541818,0.9160466817601224,0.9574301990749677,1.2958663313531318,1.4497285143554626,1.2874423094979754,hjorth_mobility,hjorth_complexity,0.7682738467960761,1.014211911162654,0.8281872843251844,0.6192041151675359,0.6315208285736044,0.9373052194176938,0.33129456070372504,0.6742521687313194,1030,eeg_data_level_5.csv,7,AF8,190.0078125,200.00390625
1.3416312246128148,1.3416312246128146,3.2298861935743366,0.6101508122614043,0.4448587322237751,0.7037922746735709,0.7037922746735709,0.6222851750214922,0.7017792327032968,0.760111790151468,0.8410659241419106,0.8410659241419106,0.727624048506174,1.4170667908806922,0.8076487254470422,1.0003190062123442,1.0003190062123442,0.8065831511629081,1.2832101569490386,1.0292383034534573,0.8594912741092954,0.8594912741092953,0.6723249463602908,1.129683189450085,0.8824551868981013,0.8698003584547438,0.6699840188380127,0.5487312592371122,0.43313785882350714,0.3964326852279092,hjorth_mobility,hjorth_complexity,0.4446856374220181,1.006506560940144,1.1416685067795935,1.1747041032602226,1.8171502551214682,2.0428447089872814,2.4701993583036876,1.8411162091323328,1030,eeg_data_level_5.csv,7,TP9,190.0078125,200.00390625
0.29440169659457716,0.2944016965945771,0.2337809827814179,0.44415521579933337,0.3188462473351321,0.6578398320354701,0.6578398320354703,0.5457559305244911,0.8733449412089379,0.6282566606797828,0.8372486508415319,0.8372486508415319,0.8554774645288382,0.8643096575221542,0.6779435506076569,1.118082304821311,1.118082304821311,1.1419711715228253,1.3515231319449574,1.0771247304651106,1.6789464518433856,1.6789464518433859,1.491887495306698,1.8037713547549143,1.7561770114580668,0.8466521810686274,1.296217204608911,1.1688426067810105,1.0528400079644238,1.5723205719924236,hjorth_mobility,hjorth_complexity,1.4035390431132448,1.1478150955666815,1.0584060737692293,0.8638279631349576,0.5948518772370726,1.1055394895695876,0.45455120580932196,0.7897808631917402,1030,eeg_data_level_5.csv,7,TP10,190.0078125,200.00390625
0.036794570610376554,0.036794570610376554,0.08783451718939826,0.010542425372784204,0.016285268353709706,0.016966354828349777,0.016966354828349777,0.01130269324373432,0.021284580066446623,0.023723835076826943,0.07236006578191495,0.07236006578191495,0.0622161863236003,0.06996545556292097,0.08343362867874354,0.20961595300902375,0.20961595300902372,0.16662375398334095,0.22664666997569857,0.22834819396982023,0.15515779776510266,0.1551577977651027,0.1530030510990816,0.15938346193027533,0.1523079506762289,0.7347537521846341,0.4479998827362548,1.012350856797822,1.7024432624600345,1.4085572529042527,hjorth_mobility,hjorth_complexity,0.8913564785825274,1.0274901357508308,1.0488843660631881,0.32871329570622276,0.23631101972431648,1.2016733582278127,0.08643215583022094,0.3443918552670047,1030,eeg_data_level_5.csv,8,AF7,200.0078125,210.00390625
0.21436515538951664,0.2143651553895166,0.40273912265617606,0.10787470495829615,0.16304089618198545,0.14914063460866558,0.14914063460866556,0.10572173048986257,0.1700687159114449,0.19740928052700552,0.224399145951802,0.224399145951802,0.1821987772944938,0.2605942980308948,0.2306737719349431,0.6248503914680943,0.6248503914680942,0.5369516542219578,0.45148291013798236,0.6723079626182575,0.5896445768876307,0.5896445768876308,0.4683489664575902,0.7060753004803877,0.6079495816045829,0.9067903892549618,0.7190049649033133,0.7086712012443874,1.1473832875011842,1.16119058377678,hjorth_mobility,hjorth_complexity,0.8774600524130894,1.0592138964435116,0.9782942058086581,0.616655950084542,0.5337369583428527,1.0815060224050315,0.3595324738052531,0.7023996083519892,1030,eeg_data_level_5.csv,8,AF8,200.0078125,210.00390625
1.4146853373619164,1.4146853373619164,3.6764170847005784,0.5885459563305805,0.43869973026278886,0.5446880629688091,0.5446880629688091,0.43636141070285134,0.5554840659483345,0.6902911281488355,0.6747597357993537,0.6747597357993537,0.685765030483049,0.8343389306202216,0.605801735134945,0.9326308825244757,0.9326308825244756,0.9274436654901734,1.1666969380069137,0.9578653422196207,0.7398133276166423,0.7398133276166423,0.792991982062701,0.5623916704117355,0.692808797720346,0.8371186277897373,0.547492706263461,0.4534610743731958,0.4093773347758619,0.3477801945912811,hjorth_mobility,hjorth_complexity,0.5955611215473458,0.997608252928365,1.5587945678026116,0.9835917220356744,1.674548777701622,2.3312463149619567,2.102651441513756,1.6986302028494003,1030,eeg_data_level_5.csv,8,TP9,200.0078125,210.00390625
0.304476883121518,0.304476883121518,0.21942041915684965,0.4231757414577486,0.33804245876808103,0.45763950932148756,0.4576395093214877,0.38616394822576977,0.6393493476374761,0.4634009215367977,0.5735232508330138,0.5735232508330138,0.5541396118148947,0.3271267791388505,0.6250043879757096,1.0142950986819186,1.0142950986819186,0.9826689600729661,1.5149953554306315,0.942447809625635,1.3021240153184863,1.3021240153184863,1.389884870797454,1.7226845625576506,1.2972854353717145,0.9426103742312126,1.1035452727774682,0.9595901568657148,1.0856034047904537,1.4174950744409633,hjorth_mobility,hjorth_complexity,1.2725155963728287,1.1354357966451627,1.0664925240636982,1.009073372865614,0.5785545655319473,1.129572956734144,0.38109886230443896,0.723159382735902,1030,eeg_data_level_5.csv,8,TP10,200.0078125,210.00390625
0.03766450850647473,0.037664508506474736,0.10184456596146493,0.008919885882812601,0.010139976432323512,0.01843666242633734,0.01843666242633734,0.013709204289356776,0.03519792369777442,0.019982440865586898,0.09279662509264411,0.0927966250926441,0.07854636478955751,0.11723497673993818,0.09352074469791004,0.22629645244834193,0.22629645244834187,0.20449202029296312,0.17295509460427927,0.23281932677593556,0.16756140780338852,0.1675614078033885,0.17796009324235262,0.139660259802538,0.17571577111114683,0.633172926781948,0.45253483316511,1.160723472360204,1.691726292403879,1.4017672112015584,hjorth_mobility,hjorth_complexity,0.7980519028734433,1.0288948929790105,0.8925113207584593,0.26755733371436735,0.20779072424034725,1.0815060224050315,0.09969625786314987,0.3698747016529741,1030,eeg_data_level_5.csv,9,AF7,210.0078125,220.00390625
0.1452441495787523,0.1452441495787523,0.3297563936203934,0.058199493704460745,0.07315650582238648,0.07225357560491596,0.07225357560491596,0.0719004771469076,0.08816301580543072,0.07800800852800525,0.2325728565303728,0.23257285653037288,0.17731252392199864,0.34172664848314555,0.2557504514413668,0.5949995420732392,0.5949995420732392,0.5455308262657024,0.8759509189559249,0.5753043457189042,0.5454683755734833,0.5454683755734833,0.6228185864880392,0.549314267377342,0.5047283789039946,0.7908931099164287,0.5089831261492453,0.9264463530604844,1.3985079393356186,1.3668192470977565,hjorth_mobility,hjorth_complexity,0.7861406804424964,1.0621347122542546,0.770260645256906,0.43573622919196975,0.4155814484806945,0.9613386865822501,0.28113505733134203,0.6211159785387291,1030,eeg_data_level_5.csv,9,AF8,210.0078125,220.00390625
1.267312825016279,1.267312825016279,3.188794243442688,0.6783458558477232,0.7295323080083255,0.6889087801091075,0.6889087801091075,0.5558256583866034,0.6931182431247391,0.7385095366284286,1.1121230015663222,1.1121230015663222,1.0775065703318851,1.0383371030825301,1.1557764543744569,0.799604261498683,0.799604261498683,0.7423330464983154,0.6078409714892103,0.7704432233891345,0.5948811656610986,0.5948811656610986,0.6019828264427272,0.7835337832314835,0.6082510930012357,0.887549571360169,0.7054820323465738,0.7370059402930577,0.38337300012646186,0.31076796230171244,hjorth_mobility,hjorth_complexity,0.5121825645307173,0.9434969093020867,0.4770830642344965,1.0778738301064514,1.9353057649836265,1.622259033607547,3.0691971031634973,2.052237358097777,1030,eeg_data_level_5.csv,9,TP9,210.0078125,220.00390625
0.3126741987740273,0.3126741987740273,0.22107031781624928,0.5424829313116947,0.34400191457778795,0.5903596108680602,0.5903596108680602,0.38520112010943086,0.8720723122567844,0.7713519686894306,0.8885748360952945,0.8885748360952945,1.021598136356515,0.8416247711184163,0.7880436637365142,0.7239353965199854,0.7239353965199854,0.6087969718576114,1.0511502115931388,0.7072169667365247,0.947143583201316,0.947143583201316,0.8615217461144574,1.168906574814405,0.9686945181785487,0.9812547349126739,1.3751641144711453,1.3977991191053107,0.8419477611983354,1.1139437525953115,hjorth_mobility,hjorth_complexity,1.2804564113267933,1.1033650257201175,1.019391576569292,1.009073372865614,0.5541085979742594,1.0574725552404751,0.4069912229359345,0.7473219201195094,1030,eeg_data_level_5.csv,9,TP10,210.0078125,220.00390625
0.02877994143441155,0.028779941434411548,0.0740864858979911,0.009802829827021424,0.013866041312371406,0.016688852299594062,0.016688852299594065,0.010287099227265261,0.0223636259952778,0.02410709048135501,0.08430448504486125,0.08430448504486125,0.07596896450620642,0.10963473714524292,0.0810833408561618,0.16283866311242481,0.1628386631124248,0.12430789543612478,0.1686811382536523,0.1673780505811134,0.12294019483185224,0.12294019483185224,0.09713499549519496,0.14823413759367218,0.11951718039869394,0.6870780387319926,0.5158514212386666,1.3298988412759607,1.6120372008582955,1.3578951741512515,hjorth_mobility,hjorth_complexity,0.9707646281221735,1.033252570708179,1.0140531191238094,0.2548165082993975,0.17927042875637803,1.1776398910632564,0.07669414998765423,0.32441155785609616,1030,eeg_data_level_5.csv,10,AF7,220.0078125,230.00390625
0.087370728514055,0.08737072851405499,0.21173892432655947,0.03701657694569607,0.02560316737259691,0.04986842734744189,0.04986842734744189,0.032100380306040545,0.11109741187513943,0.06126146109414475,0.16713885899488756,0.16713885899488756,0.12504186616834237,0.2496037941742228,0.18055444078152413,0.4301848303358569,0.43018483033585686,0.5285150928877185,0.31381408817320183,0.451796702815656,0.5368434806841034,0.5368434806841034,0.5244948256200664,0.3213620412673718,0.5092193124505117,0.677494692859558,0.49901059361519146,0.9202602402916406,1.3776017895331958,1.7581111239817842,hjorth_mobility,hjorth_complexity,0.9588534056912267,1.1134755514374637,0.9556889015763929,0.43063989902598176,0.3911354809230066,1.129572956734144,0.2028720905962707,0.5276261983890153,1030,eeg_data_level_5.csv,10,AF8,220.0078125,230.00390625
0.9882453269981825,0.9882453269981826,2.041722652923269,0.5543367702934798,0.6130645956871853,0.5260254868774138,0.5260254868774138,0.37804487730214625,0.442932903436567,0.7485455808420085,0.7966675255080435,0.7966675255080435,0.9013988000509332,0.591601574038458,0.6019975313050333,0.7193282115835447,0.7193282115835444,0.6382147222706739,0.6870800129090873,0.7204669973690366,0.5724487644863473,0.5724487644863474,0.6174445522630215,0.512127643218592,0.525464363056553,1.0246908170863056,0.7162058272149612,0.6948848312355007,0.4495962881527873,0.3827616805332464,hjorth_mobility,hjorth_complexity,0.5737238804239432,0.9664883433038237,1.2146478455302168,1.212926579505132,1.4260147741984617,1.898643905999944,1.965709190059303,1.642384483226962,1030,eeg_data_level_5.csv,10,TP9,220.0078125,230.00390625
0.29529940094109547,0.29529940094109547,0.30621504049999226,0.3824668339169164,0.2556767350058431,0.4441768375143562,0.4441768375143562,0.30828215929450276,0.22342271571535752,0.6613423511672705,0.5950147827055458,0.5950147827055458,0.639647181143709,0.6393729968955111,0.4671910287165946,0.7691570088319775,0.7691570088319775,0.629343215642888,0.8796816151795567,0.835090987879897,0.7650944792089893,0.7650944792089893,0.9248139055070367,0.8815627949513953,0.7668491626443714,0.9993357525390344,1.1980545729198153,1.1214260660438726,0.9834390481074917,1.03333238594898,hjorth_mobility,hjorth_complexity,1.2268559103875323,1.0917986080961328,1.0676652343877877,0.8995022742968731,0.5174396466377275,1.1055394895695876,0.31787985471471547,0.6604602767490525,1030,eeg_data_level_5.csv,10,TP10,220.0078125,230.00390625
0.02785096888970326,0.027850968889703256,0.027355709873853575,0.023894317288371294,0.02800763762798081,0.035413884287361905,0.035413884287361905,0.03007685160911992,0.042510496857266246,0.0381324226924923,0.08091916082408049,0.08091916082408049,0.0627803066763388,0.1163294141406334,0.08663080715141573,0.1789605093152669,0.17896050931526689,0.15270319554828574,0.21667295919831384,0.1808519084905193,0.1359622194968527,0.13596221949685267,0.14331501483555786,0.13890160653052677,0.1239588775301214,0.8430033655011988,0.8952283110566258,1.2644909590715139,1.6981627748898587,1.426015548213608,hjorth_mobility,hjorth_complexity,1.0561283888772932,1.0178593798811288,1.0244849900664574,0.37712843228310833,0.05296626304165714,1.1055394895695876,0.04297740480664182,0.24284842588843986,1030,eeg_data_level_5.csv,11,AF7,230.0078125,240.00390625
0.2977804572667351,0.2977804572667351,0.37399164177472755,0.11105172591431144,0.29713187461333446,0.24945419628289897,0.24945419628289892,0.17684814781956193,0.26177935045383416,0.31724902918495046,0.45942404669344283,0.45942404669344283,0.5009327107478515,0.38053237648170724,0.5193345226178536,0.619921881911702,0.619921881911702,0.636424334920801,0.40352427145968733,0.6970891172470371,0.5426668909728093,0.5426668909728094,0.5697849822745608,0.45756340648533983,0.5344853825146032,1.0504703448020694,0.8852080918217116,1.0352252714287684,0.9336932701718719,0.8772966796746006,hjorth_mobility,hjorth_complexity,0.8615784225051601,0.9919767675222749,1.0367984484693986,0.5453073277607107,0.5541085979742594,0.9613386865822501,0.2987254734656899,0.6402525669101119,1030,eeg_data_level_5.csv,11,AF8,230.0078125,240.00390625
1.0099540762971257,1.0099540762971257,1.060041368181383,1.6820254280681666,0.9967594965591375,1.0884931625396521,1.0884931625396521,0.9493662085645176,1.6382116073734236,1.1612498507514177,1.6489320828611274,1.6489320828611274,1.180462818214417,2.723078360164546,1.7569462551626092,1.621586694174227,1.621586694174227,1.9624220295415655,1.5864514699953371,1.4255074471630969,0.8663104835627995,0.8663104835627996,1.0658759369620403,0.6206786780532452,0.8683742311856888,1.1428025815081244,1.1140239618999244,1.146120701853334,0.7751234485955284,0.4788922348371823,hjorth_mobility,hjorth_complexity,0.6293095851016953,0.9015313185149149,1.3494570233830285,1.3556238241527947,0.9696900464549538,1.1536064238987,1.5105677360416714,1.4397440800626176,1030,eeg_data_level_5.csv,11,TP9,230.0078125,240.00390625
0.4008840853147448,0.40088408531474473,0.30347586523754605,0.4793224902367317,0.45803054993204173,0.7526276506398649,0.7526276506398649,0.6603678192839403,1.1856973437650757,0.8514771042536204,0.8817472149834809,0.8817472149834809,0.7010233342667732,1.2744245408764956,0.876199148841767,1.0919788381485385,1.0919788381485382,1.0475198780461388,1.5861185205052521,1.1347886967622696,1.5137893073185855,1.5137893073185855,1.2133794449593631,2.186040885895451,1.5492527226505737,0.944566459172376,1.3120251866616204,1.1148635555536057,0.928032668953494,1.2913379105201048,hjorth_mobility,hjorth_complexity,1.4134650618057005,1.1412230589474592,1.0576096809371982,1.118644471434355,0.7456020105094814,1.0574725552404751,0.5082858586289793,0.835159090738477,1030,eeg_data_level_5.csv,11,TP10,230.0078125,240.00390625
0.010467546180446825,0.010467546180446825,0.008607151688635321,0.016176932143466265,0.010203006894740425,0.029298131669507236,0.029298131669507236,0.021912667364185852,0.050999457076109096,0.039160819614234725,0.09832462113219763,0.09832462113219763,0.07048749893645014,0.14698597062702806,0.11146544767818505,0.20950408592590403,0.209504085925904,0.18759140099228952,0.20962427919162555,0.20181787093991013,0.17088226717901742,0.17088226717901742,0.21515807043848242,0.10325949237375714,0.1698949030407282,0.5185282344187441,0.9307967818388374,1.7634882801374132,2.2903186620302947,2.0751085234386024,hjorth_mobility,hjorth_complexity,1.2308263178645145,1.0470437604235119,0.973769644334372,0.3006834797932891,0.044817607189094506,1.0334390880759188,0.03583406031357709,0.2217497860169732,1030,eeg_data_level_5.csv,12,AF7,240.0078125,250.00390625
0.07601607177299129,0.07601607177299129,0.05705759789233328,0.11788310744700393,0.0818330835757999,0.14724597901138148,0.14724597901138148,0.09125618594673586,0.18748835867687536,0.18701182758217896,0.37523216447385327,0.3752321644738532,0.3725325419975063,0.5339884222284329,0.3775840253725544,0.7211717064660712,0.7211717064660712,0.634026900846433,0.9428984831525712,0.767488436657973,0.6681185740027665,0.6681185740027664,0.7399566234923662,0.591540794715034,0.6985468676783693,0.7214178090790909,1.0020341687622727,1.5213341093604489,1.8327496371210539,1.8309163924779392,hjorth_mobility,hjorth_complexity,1.1355365384169394,1.0436908944092995,0.9494927903117999,0.5937224643375961,0.30964892239738023,0.9613386865822501,0.1637648170519279,0.4740514741609404,1030,eeg_data_level_5.csv,12,AF8,240.0078125,250.00390625
0.6235292662820889,0.6235292662820889,0.4359618827737589,1.0899646332580164,0.690633173409937,1.132517367885421,1.132517367885421,1.0666959784798877,1.6845327023815222,1.1253405107694912,1.3037030649798762,1.303703064979876,1.218822949535704,1.000700419542497,1.2360703217802536,0.8036464261758536,0.8036464261758535,0.7966352575195287,1.062197723560876,0.7714484501275692,0.7162844939629536,0.7162844939629535,0.6916798636122539,0.4453577814613,0.734725324842643,1.0896310719491986,1.4876019776224083,1.2553061464656463,0.594308737714987,0.565692094862808,hjorth_mobility,hjorth_complexity,0.9747350355991562,0.9554846029711525,0.5563197752367919,0.9402729156247768,0.6437438123524484,0.4085689417974563,0.6020210741214441,0.9089103447989254,1030,eeg_data_level_5.csv,12,TP9,240.0078125,250.00390625
0.5640396548524125,0.5640396548524124,0.41975739371350923,0.586233307437537,0.628550293568281,0.9843721210754456,0.9843721210754454,0.9975226290339018,1.5009653545945636,0.8340264204709644,0.9054927969070485,0.9054927969070485,1.184255001013518,0.8165823025239426,0.743367557131056,0.9062944695708469,0.9062944695708469,0.7666522767760349,0.777842438258731,1.0140071175472598,1.2503158957375164,1.2503158957375162,1.0069249380170127,1.5294729675570002,1.3410300874890917,1.043814276465173,1.376483054467126,0.9587511305062419,0.6810918600785915,0.9434654848522236,hjorth_mobility,hjorth_complexity,1.302293652450196,1.1094240510780973,0.901691717250773,0.9810435569526804,0.5785545655319473,0.8411713507594688,0.6089678059245033,0.9141392701560672,1030,eeg_data_level_5.csv,12,TP10,240.0078125,250.00390625
0.015346689360443594,0.015346689360443592,0.020994813813999133,0.016521839604832934,0.012799570205008597,0.017678555291524393,0.01767855529152439,0.010463853671746693,0.025889140080041555,0.024976290963618513,0.08191377878584347,0.08191377878584347,0.063327234164661,0.14147457869688027,0.08188039023621503,0.2197079456215808,0.21970794562158075,0.16944562568247404,0.27591356389001975,0.23318562116604366,0.18455709344370158,0.18455709344370155,0.16191122826665588,0.21060470526877564,0.17752610181637224,0.6296742125492634,0.6002032602744958,1.4506214083451978,2.266312508663761,2.096953852567954,hjorth_mobility,hjorth_complexity,1.1414921496324126,1.0421933427002328,0.9939857700705439,0.27774999404634326,0.12222983778843956,1.0815060224050315,0.04291232624050053,0.2426644895288299,1030,eeg_data_level_5.csv,13,AF7,250.0078125,260.00390625
0.0768410882408826,0.0768410882408826,0.0974463344031675,0.06804010465502204,0.0695745923395679,0.0965521335563055,0.0965521335563055,0.06691688283300075,0.1796738341064025,0.10398570102086126,0.25899235566030515,0.2589923556603052,0.195224983194952,0.3968341927442795,0.26325306955808364,0.5960643129380414,0.5960643129380413,0.5110836225090063,0.6217636913560387,0.6134627732875328,0.5127498959291088,0.5127498959291088,0.7973286941945251,0.4949020537734948,0.5153665722998307,0.7727344703438443,0.8238715834162048,1.3002367294470292,1.8056363866496035,1.6826782754014653,hjorth_mobility,hjorth_complexity,1.0303207402769081,1.03991216404641,0.9345013516165347,0.44338072444095167,0.3015002665448176,1.0094056209113627,0.15273865459252448,0.45781464338342914,1030,eeg_data_level_5.csv,13,AF8,250.0078125,260.00390625
0.5188599155788644,0.5188599155788644,0.5113346773777198,0.5529550411731469,0.4742685828173584,0.4989710059062302,0.49897100590623034,0.5312980901807601,0.5638169658666179,0.5213763224405549,0.5272344891350762,0.5272344891350761,0.5435968800674726,0.5301142350600517,0.48886246242289016,0.8741061757564876,0.8741061757564875,0.9570133844981009,0.7307203354324338,0.862964275263581,0.722219370795833,0.722219370795833,0.8552151799952639,0.7127247226822698,0.6924276141405781,1.125887405947433,1.0028062409008587,0.7739429378421924,0.817800053306879,0.7272872107008869,hjorth_mobility,hjorth_complexity,0.9012824972749831,0.9945231333303343,0.7547353608170924,0.9988807125336382,0.7007844033203868,0.8411713507594688,0.6030916479028765,0.9097181432421794,1030,eeg_data_level_5.csv,13,TP9,250.0078125,260.00390625
0.5751350789297639,0.5751350789297639,0.5243845144474001,0.617264403252826,0.5967114394938943,0.7638915420957185,0.7638915420957185,0.9289889667779057,0.5734128830966484,0.5930506409865957,0.7986030149861982,0.7986030149861982,0.5646584790598504,0.8368151295610818,0.9572303685495906,1.0863383626841807,1.0863383626841805,1.219516611585633,1.1429109597951184,1.124319898391995,1.04033726782454,1.04033726782454,1.0856615260724762,1.373265877867984,1.017635623908284,1.0606944869480628,1.1348486630844492,0.9277444947013764,0.8260203351512777,0.8431141120794374,hjorth_mobility,hjorth_complexity,1.278471207588302,1.0509323287172625,0.9657444550269824,1.1899930937581864,1.0756225725382682,1.0094056209113627,0.65320280584602,0.9467585155706096,1030,eeg_data_level_5.csv,13,TP10,250.0078125,260.00390625
0.017318985381150027,0.017318985381150027,0.03409547492637655,0.008926574498560413,0.013116131986860733,0.020841315073605014,0.02084131507360501,0.013316501123625106,0.036612351267571244,0.026099408695231936,0.07951531512872274,0.07951531512872274,0.06340522002996136,0.06795754027163943,0.08707892117497966,0.23983579330839003,0.23983579330838997,0.20291428047388754,0.2424323399510173,0.24145062525863698,0.186831017284678,0.186831017284678,0.21482072217723644,0.1409649729347286,0.18628280771660985,0.5964231304635895,0.6431601747723543,1.3195491590719612,2.2792011537717847,1.9757493808709865,hjorth_mobility,hjorth_complexity,1.0402467589693638,1.0552754574294523,1.005651612324361,0.31852063537424685,0.1263041657147209,1.1055394895695876,0.05381541779309966,0.2717493771640398,1030,eeg_data_level_5.csv,14,AF7,260.0078125,270.00390625
0.09092995914423094,0.09092995914423094,0.1281105623786768,0.06540833471356462,0.07046972795370994,0.11039113070251247,0.11039113070251247,0.08237668082313042,0.168230583419017,0.1340415531827233,0.32947126752331907,0.3294712675233191,0.23027703742277017,0.5171892886050994,0.36893813393829544,0.7114743127719544,0.7114743127719545,0.6510612783188731,0.9116208401320608,0.6779769978673095,0.6240536440432061,0.6240536440432061,0.6982715722776287,0.5666623776203874,0.5807493945044294,0.7621358725686339,0.804804563544437,1.3896048696177687,1.8182171865066632,1.7359060745571786,hjorth_mobility,hjorth_complexity,1.01642431410747,1.0513909345387304,0.9085004383861589,0.42299540377699985,0.3015002665448176,0.9853721537468064,0.16761306196722944,0.47958890697676365,1030,eeg_data_level_5.csv,14,AF8,260.0078125,270.00390625
1.0986838902486382,1.098683890248638,1.5883082268891502,0.705947387925206,0.8891123427785425,0.5839806940880946,0.5839806940880946,0.40539343251989385,0.7934917594182136,0.8935127959766791,0.9282108482445441,0.9282108482445441,0.796896386464337,1.077003935347131,0.9720366999223125,0.9711573074704941,0.9711573074704938,0.9160998633385424,1.065023460532751,1.005582843199673,0.7210215291650073,0.7210215291650073,0.6317397956052854,0.6827721330396228,0.6953240925431837,1.1381668103188514,0.7183004455279635,0.7362668787060945,0.5287400335364382,0.42697692593460906,hjorth_mobility,hjorth_complexity,0.6749692710869918,0.9488275152813721,0.9683699259018103,1.419327951227644,1.1204401797273627,1.129572956734144,1.3124357704001814,1.3420052923770722,1030,eeg_data_level_5.csv,14,TP9,260.0078125,270.00390625
0.46647945157239207,0.46647945157239207,0.46899505843218314,0.5151724631469676,0.5231343673207689,0.518307547070993,0.518307547070993,0.383552944997294,0.4603767748360686,0.703621253909288,0.7942470924183449,0.7942470924183449,0.7994985249375799,0.7512381740950683,0.766785047900294,0.9706904684254603,0.9706904684254601,0.8147133228753445,1.229963844944824,0.9913191691262789,1.3718885143064596,1.3718885143064594,1.0864448464065561,2.3346810232287614,1.4180557987809481,1.0367752674235253,1.0107447527926077,1.031275797108986,0.8587719543220342,1.2149280307460684,hjorth_mobility,hjorth_complexity,1.3519237459124747,1.1262148186806602,0.8479045705951394,0.8893096139648973,1.967900388393877,0.9613386865822501,0.6046397805087464,0.9108850153644485,1030,eeg_data_level_5.csv,14,TP10,260.0078125,270.00390625
0.014837777563177652,0.01483777756317765,0.016153357217466306,0.01345996499932857,0.012044799954074469,0.025582894384860545,0.025582894384860545,0.020836697871422276,0.03746124398373138,0.0295290585599737,0.09743085956999377,0.09743085956999377,0.08564882981159397,0.08410651814947921,0.11812129661510476,0.23745448322783488,0.23745448322783483,0.20168812876295444,0.22665633794365966,0.24368257184122077,0.20160256512493538,0.20160256512493538,0.2811253553957419,0.184126800575099,0.1859423514851853,0.5721589940321944,0.7367229593729224,1.5309519780091747,2.238632205476814,2.0691274346289528,hjorth_mobility,hjorth_complexity,1.2030334655256385,1.047417920562458,0.995683574569599,0.31852063537424685,0.07333790267306374,1.0574725552404751,0.044456907309682825,0.24699310108875974,1030,eeg_data_level_5.csv,15,AF7,270.0078125,280.00390625
0.06211561318762402,0.062115613187624014,0.07663614414067141,0.048045123649857566,0.07967917631745987,0.11623395493207424,0.11623395493207424,0.07704385775696859,0.23499626973670892,0.13871870244910925,0.2481766796707304,0.24817667967073037,0.19848754116018363,0.2669716077310597,0.291586495989712,0.6247614873684247,0.6247614873684246,0.42957734096901296,0.8951382315521638,0.6397816918242487,0.6133308754696528,0.613330875469653,0.6332683798596,0.5965062255161385,0.623098768156048,0.6667584234052992,0.9484673502504971,1.245218037584448,1.8659586008660378,1.9496244351950223,hjorth_mobility,hjorth_complexity,1.224870706649041,1.0599910361211051,1.0521924593654708,0.6293967754995118,0.24445967557687912,1.0574725552404751,0.17598716788641722,0.4914232507442797,1030,eeg_data_level_5.csv,15,AF8,270.0078125,280.00390625
0.5736415404453301,0.5736415404453301,0.3856537739270131,1.0167798736991756,0.6330902319039171,0.6879833892069495,0.6879833892069493,0.692816829436648,0.9247760477944895,0.7951845704241787,0.8225729056948932,0.8225729056948932,0.7168263663674035,0.6893209394601479,0.989424622097522,0.7633326084611084,0.7633326084611083,0.7018401975221472,0.6515801372872849,0.7478172220034008,0.6902614552310857,0.6902614552310856,0.6234211481279076,0.7533840636172492,0.6655074903426709,1.1455581436631896,1.172074227915007,0.9931418631841564,0.6539931435135081,0.629444172469772,hjorth_mobility,hjorth_complexity,0.8496672000742133,0.9467690363195996,0.8798740542809564,1.126288966683337,0.6070748610159165,0.8652048179240251,0.7116754152529143,0.988225784009383,1030,eeg_data_level_5.csv,15,TP9,270.0078125,280.00390625
0.5250759353972854,0.5250759353972853,0.405893590970382,0.5407781413731481,0.5812195120985804,0.6908247519449964,0.6908247519449964,0.610280787162284,1.0265640398599736,0.827045784472889,0.8016047976610694,0.8016047976610694,0.7193908654813759,0.6025327868708383,0.911432021514196,0.9830927394478505,0.9830927394478503,0.9642607427682763,0.7499621034741624,1.0522312532131661,1.139836448490025,1.1398364484900252,0.995993112284062,1.1157252483621642,1.1611108045241678,1.0719458500216923,1.184844553333815,0.9701244133860514,0.8038522784296761,0.9651701546758151,hjorth_mobility,hjorth_complexity,1.2268559103875323,1.0609327983363772,1.0094847998016092,1.223119239837108,0.7700479780671693,0.9853721537468064,0.6575432949903797,0.9498988809716188,1030,eeg_data_level_5.csv,15,TP10,270.0078125,280.00390625
0.026012935625031177,0.026012935625031177,0.030171266075643043,0.02431794820463986,0.016093423199200468,0.044623485480552914,0.044623485480552914,0.03384391231120494,0.06668099747079764,0.049381634920050835,0.09592176519539183,0.09592176519539183,0.07198629349066052,0.11327393111936235,0.10767853464256101,0.2888476496783738,0.2888476496783737,0.24366890150450995,0.33254207070313485,0.30888572839672734,0.2394038423402698,0.2394038423402698,0.21888390537900268,0.17589658749056164,0.23188862994473464,0.6681186521747368,0.8912284152740927,1.182922911632624,2.035980526112496,1.865941308131797,hjorth_mobility,hjorth_complexity,1.091862056170134,1.0635749929335117,0.9866432031906097,0.49434402610083117,0.13445282156728353,1.0574725552404751,0.06288748933886491,0.29376315754650006,1030,eeg_data_level_5.csv,16,AF7,280.0078125,290.00390625
0.20878495609389577,0.20878495609389572,0.2603756876746406,0.13506273061866253,0.13431849811089594,0.1903316371236688,0.1903316371236688,0.17969406574798305,0.2725628157929941,0.19980420110284758,0.3877400068736875,0.3877400068736875,0.3548867074577459,0.4467184400212316,0.3741462880387556,0.8388618764907805,0.8388618764907807,0.6519114393207838,0.9981219700795914,0.8963522482638706,0.8388233345703984,0.8388233345703985,0.8306973173045626,0.4675783721621902,0.8045306452828075,0.8855912860836335,0.7912096277309456,1.0000606271447585,1.323920812558888,1.3936915264058556,hjorth_mobility,hjorth_complexity,0.9052529047519655,1.0445685641289926,0.8933689745775697,0.6803600771593913,0.38298682507044396,0.9373052194176938,0.2960960631990259,0.6374285566238987,1030,eeg_data_level_5.csv,16,AF8,280.0078125,290.00390625
1.5449028581132596,1.5449028581132596,2.303195727217894,0.5582787512507564,1.1335494828900528,1.1239910096466312,1.1239910096466312,0.9155359036857241,1.2190569726161524,1.1819897688829446,1.2816821391354989,1.2816821391354989,1.4119308816263403,1.854869065835187,1.3387226665622782,2.338816745560026,2.338816745560026,3.670396641422531,1.306527123262633,1.8096367038404149,1.3297125378373165,1.3297125378373165,1.316993321200302,1.425746448104095,1.3306080979984387,1.0649159594084308,0.8738066524876039,0.7054682451002904,0.7881424407877334,0.5219396996443316,hjorth_mobility,hjorth_complexity,0.5101973607922262,0.9685576890178976,0.8522891069561013,1.9824724345693125,1.2426700175158023,1.0815060224050315,1.7806873368449592,1.5631801602924094,1030,eeg_data_level_5.csv,16,TP9,280.0078125,290.00390625
0.3851453291733576,0.3851453291733576,0.3251936451483326,0.4057631298690677,0.39521369257905303,0.5539021705669934,0.5539021705669934,0.45059645600255616,0.803733856222962,0.6836104331865404,0.9638033640519901,0.9638033640519899,0.9130530805312725,1.094457911319228,1.0948938900163525,1.7450000566534118,1.745000056653412,1.5904902126608476,1.6780948417882486,1.7428081012930732,1.91058884625906,1.9105888462590601,1.9832593674327703,2.4667536270670163,1.8804436400007127,0.8885885982493039,1.0163739023036014,1.1499022994772725,1.312860194306637,1.5092306821547719,hjorth_mobility,hjorth_complexity,1.3916278206822978,1.1326309984474048,0.9366717408730585,0.9377247505417828,0.8107912573299825,0.9132717522531376,0.53173673380653,0.8542077966146371,1030,eeg_data_level_5.csv,16,TP10,280.0078125,290.00390625
0.0544388101902619,0.0544388101902619,0.08273802518165242,0.0540982453426231,0.03660358525477881,0.058667095279408304,0.05866709527940832,0.04891145771774715,0.0851701255095946,0.05834936086621608,0.18648391683620158,0.18648391683620164,0.1442537168061303,0.29941892063192677,0.20076414197544482,0.3504950666963431,0.3504950666963431,0.27458962753008165,0.4449298899516773,0.36139903702336557,0.31963425674715185,0.3196342567471519,0.49986756497296464,0.1967050234118692,0.2620153072739616,0.8044998716540336,0.7745644357577789,1.4201529016418928,1.6671996773976607,1.6025873853305193,hjorth_mobility,hjorth_complexity,1.0481875739233284,1.0229881691741565,1.0712621294863016,0.5249220070967588,0.23631101972431648,1.0815060224050315,0.09010112791110943,0.35162545979704934,1030,eeg_data_level_5.csv,17,AF7,290.0078125,300.00390625
0.27050766291228046,0.2705076629122804,0.34325390254133503,0.11066278732890969,0.25578309965879686,0.17516311045815683,0.17516311045815683,0.12322764810704742,0.2304776859748875,0.2347790381783935,0.3932127729887858,0.3932127729887858,0.3020002129923227,0.573394501813494,0.44255179802385725,0.7015700788819875,0.7015700788819874,0.5143544801983616,0.8369177998144309,0.7340511827679423,0.6225502160792429,0.6225502160792429,0.6728326125462886,0.5130706301577569,0.594470645379942,1.0266182932448542,0.7305459239322182,0.9915653553629116,1.1133127259589257,1.0586676605220557,hjorth_mobility,hjorth_complexity,0.9648090169067,1.0458451736286845,1.1214611326130042,0.5988187945035841,0.4318787601858198,1.0815060224050315,0.28288607611446454,0.6230472523036522,1030,eeg_data_level_5.csv,17,AF8,290.0078125,300.00390625
2.179844291659609,2.179844291659609,3.9196257798237046,1.0905095799703548,0.7906284552640049,0.6816778610930855,0.6816778610930855,0.4552418242821891,1.0394134207809418,0.8485654273161053,1.5060814357280323,1.5060814357280323,1.9273912552326893,1.9970937603155619,1.3409234228483788,2.42054708208919,2.42054708208919,3.623474872811938,1.6259225395420034,2.1422991905600886,1.9558459156997468,1.9558459156997463,1.8641508635829693,1.3357981668340388,2.011067803685421,0.9804487030902905,0.4654098208473603,0.6020195294833178,0.6140546418823238,0.5428373224730578,hjorth_mobility,hjorth_complexity,0.6968065122103945,0.9963689876608188,1.3260728294578978,1.42952061155962,3.4672530652654023,2.0188112418227253,4.2482756029307955,2.414468484201917,1030,eeg_data_level_5.csv,17,TP9,290.0078125,300.00390625
0.3945514082583689,0.39455140825836876,0.35310401529391816,0.5910861600090159,0.38126072624389623,0.47900958657180165,0.47900958657180165,0.35274575921592916,0.45196794357728964,0.5435225163375158,1.2634921798754812,1.2634921798754812,1.4523958283836587,1.347294384970917,1.2303351928339534,1.9094248066436346,1.9094248066436343,1.5718608913393464,2.3383153187025485,1.8497186959248932,3.208782741989313,3.208782741989313,3.656647742627736,3.3373131875427453,3.345260052716755,0.8067156299548682,0.7938302885477666,1.2337788710067197,1.22781247558651,2.0058894956967754,hjorth_mobility,hjorth_complexity,1.4154502655441916,1.1860874551804217,1.2542486978921987,1.131385296849325,0.7618993222146067,1.2978072268860377,0.7054870641446844,0.983919860010367,1030,eeg_data_level_5.csv,17,TP10,290.0078125,300.00390625
0.07898137303375323,0.07898137303375326,0.07218246590071552,0.07253901453821371,0.08970644803795921,0.10197543522985927,0.10197543522985927,0.12537123486187896,0.13634771602041956,0.0886259311180613,0.21704105619798378,0.21704105619798378,0.15798297437259373,0.2745048760167002,0.23979229701657587,0.41307018990161365,0.41307018990161354,0.3502023310359585,0.39122604306020337,0.42526638903001496,0.33363491368884257,0.33363491368884257,0.4049430564631104,0.3688396799039575,0.3187303541708743,0.9005637260827997,0.9384082395507096,1.2915078969166403,1.5292875434041355,1.3537501922328714,hjorth_mobility,hjorth_complexity,1.1256105197244834,1.0457952040173515,0.9615962110447547,0.5911742992546022,0.1955677404615033,1.0094056209113627,0.10020906032812492,0.3708247342104279,1030,eeg_data_level_6.csv,0,AF7,120.0078125,130.00390625
0.24107382723644524,0.24107382723644524,0.347512337107252,0.23136196008668192,0.17479655936959507,0.2565837902910921,0.2565837902910921,0.14469655289243144,0.4134975828986456,0.34642442256952966,0.5957521963336728,0.5957521963336728,0.47076763666120985,0.7232029717261748,0.6498548432972925,1.0100375612409902,1.0100375612409902,0.9206486267217725,0.7026433993838225,1.0197100217420285,0.6539790795924469,0.6539790795924469,0.7451272725088112,0.5977623167004447,0.5915712697935879,0.9411860541861918,0.9385198028450282,1.315550711324011,1.4177216110123552,1.043024242221505,hjorth_mobility,hjorth_complexity,0.7662886430575848,0.9712022951408459,0.9164381119977211,0.7950275058941202,0.49299367908003955,0.9613386865822501,0.3395681127792501,0.6826194361475931,1030,eeg_data_level_6.csv,0,AF8,120.0078125,130.00390625
0.9725564778716752,0.9725564778716751,0.8248614279270444,1.4828970470534195,0.9753430365027485,1.0628318357180366,1.0628318357180366,1.2244685152982329,1.16013294176246,1.1277499612556607,1.1449759988690764,1.1449759988690766,1.0689135273845727,1.477112812402384,1.1701676665107832,1.032979448010116,1.0329794480101158,0.8240999402696906,1.3871027079467215,1.1025561788368425,1.0317188825499481,1.0317188825499481,1.0290626583617972,0.8393571261560928,1.0189482874748426,1.169859427380899,1.1114452264549386,0.8913970464949321,0.5670403675293374,0.5918251852578255,hjorth_mobility,hjorth_complexity,0.9251049421368771,1.0030076188390122,0.8858688794451456,0.9249839251268129,0.7333790267306374,0.8171378835949126,0.884002224286586,1.101391899813504,1030,eeg_data_level_6.csv,0,TP9,120.0078125,130.00390625
1.0381208127612966,1.0381208127612966,0.7857013903493959,1.8381462673919295,1.031826935763521,1.643943986846043,1.643943986846043,1.9357002063592132,1.7565223025482581,1.4565890378327164,2.540938829260239,2.540938829260239,2.0317901236300204,2.821380638804932,2.7961272977752354,1.6823050895062663,1.6823050895062661,1.3605674699663908,1.5507342471661771,1.8433931657058193,1.9386731239073602,1.9386731239073605,1.619766529336597,2.16019097065746,2.120396152719152,1.0587064980605343,1.2703771463813227,1.3912587338306581,0.6921334517954583,0.8262116463434198,hjorth_mobility,hjorth_complexity,1.131566130939957,1.0706107388486588,0.9866257000514441,1.0676811697744755,2.8805498438808925,1.0094056209113627,1.1230645888787163,1.2414166507775524,1030,eeg_data_level_6.csv,0,TP10,120.0078125,130.00390625
0.026253863306627018,0.026253863306627018,0.03926008095945565,0.020489432664660006,0.023522458712201284,0.027105574883944793,0.027105574883944793,0.02227556582970505,0.05796136200354879,0.027867123433738674,0.09377387932640151,0.09377387932640151,0.0702405140056876,0.1396660867488364,0.10326916536621221,0.33150053464599794,0.33150053464599794,0.38131988801337163,0.41011076482281567,0.31935692996028114,0.3138111727608664,0.3138111727608664,0.3470935510276287,0.3760957545553419,0.2903714121991247,0.6262499909607828,0.5655594315447865,1.082513671061373,2.113426893954882,2.1607217724366374,hjorth_mobility,hjorth_complexity,1.1395069458939213,1.0706564871302884,0.9915528337265372,0.5325665023457408,0.3463178737339121,1.0815060224050315,0.06802902775159876,0.30553595969249786,1030,eeg_data_level_6.csv,1,AF7,130.0078125,140.00390625
0.14513737772764157,0.14513737772764154,0.2102411284505274,0.100002875918392,0.13111742322970504,0.10913945553219441,0.10913945553219441,0.09898354433034082,0.17971336765404844,0.11472047495923357,0.44760118794484816,0.44760118794484816,0.39849499985168846,0.6246348974960383,0.38282129767917134,0.545421142599577,0.545421142599577,0.5370929580883153,0.8041288199799068,0.5472144515840628,0.5880582181077084,0.5880582181077084,0.664325828488289,0.5249927604077297,0.5203411180441265,0.8923778290165859,0.6777003007870851,1.4865914060030305,1.242473233530154,1.3837690936816032,hjorth_mobility,hjorth_complexity,0.8814304598900717,1.0564720541864114,0.9445831597758725,0.41025457836203,0.651892468205011,1.0574725552404751,0.20174580079785895,0.5261595424971274,1030,eeg_data_level_6.csv,1,AF8,130.0078125,140.00390625
0.41588007436751395,0.4158800743675139,0.40744421797500807,0.5824022672221171,0.42622872646259197,0.6844884371326615,0.6844884371326615,0.49538043808505466,1.0471670017491073,0.8420761516901107,0.7674287002436261,0.7674287002436261,0.7630719536826162,0.6475583698822803,0.7823364956639692,0.8306253805593181,0.830625380559318,0.8809433985243991,0.5172068074768102,0.8526696904194151,0.792158962970247,0.792158962970247,0.8462044818829013,0.5429557664636284,0.8074388800461528,1.0401511616539472,1.344395570396401,1.0866653163404323,0.8145026161212079,0.8281906636865514,hjorth_mobility,hjorth_complexity,0.8238595514738283,1.0064963421979736,0.9613074092485239,0.9988807125336382,1.0267306374228924,1.0334390880759188,0.5967010311384005,0.9048854257057772,1030,eeg_data_level_6.csv,1,TP9,130.0078125,140.00390625
0.4401893184046069,0.4401893184046069,0.3493846053647869,0.6413015614093199,0.4660302109302056,0.7640354742625356,0.7640354742625354,0.7536654296746442,1.1800957485844623,0.8281786883293625,0.6485489819849507,0.6485489819849507,0.49639626628394196,0.5314826013829219,0.7837968431173181,1.1666487857224985,1.1666487857224983,1.3100136701749938,1.3523053672792886,1.163180294420294,1.542298337472217,1.5422983374722168,1.3293316303797977,1.572510950877645,1.6885881996065164,0.9685166314796758,1.2658575369540797,0.8283915433662817,0.9374998307128445,1.2565236116164542,hjorth_mobility,hjorth_complexity,1.3142048748811428,1.110520711761742,1.007795746872137,0.922435760043819,0.6722641078364175,1.0334390880759188,0.5170387274989946,0.8423192699798049,1030,eeg_data_level_6.csv,1,TP10,130.0078125,140.00390625
0.019275884422087098,0.019275884422087098,0.03489596299994142,0.01226383986314299,0.01036626964928553,0.02178397433184597,0.021783974331845965,0.02125430212521054,0.0215458886795962,0.023339735231725584,0.06550420120666496,0.06550420120666496,0.05489079577321111,0.10425526193228292,0.06932710922824425,0.31831926575203584,0.3183192657520358,0.33080387184178145,0.3535182841443173,0.32000712996223696,0.24518368612375774,0.24518368612375777,0.3582923041495184,0.22083805467336337,0.22573605569975877,0.5648882801891806,0.5564609800237238,0.9742898862994211,2.440774860468684,2.117535748833828,hjorth_mobility,hjorth_complexity,1.091862056170134,1.055090811212399,1.012792893103892,0.29049081946131317,0.14667580534612748,1.129572956734144,0.06782712495153433,0.305082223933517,1030,eeg_data_level_6.csv,2,AF7,140.0078125,150.00390625
0.09956015043200701,0.099560150432007,0.12342066123350887,0.10607686765802919,0.0834160775901569,0.09740353488166864,0.09740353488166864,0.08982878910615938,0.12116720997777349,0.12173330266047194,0.2214060324868198,0.22140603248681978,0.16257250370985038,0.3169291887538371,0.25230602485603737,0.5920032304268308,0.5920032304268308,0.5228032097294019,0.710783910054781,0.6096695254742799,0.47484735664509925,0.4748473566450994,0.5114391945515799,0.27661413932217777,0.48712128760671386,0.8909555668987712,0.7729842229113325,1.0878708211191115,1.7026177622483478,1.5012272843669168,hjorth_mobility,hjorth_complexity,0.9965722767225584,1.026593438130117,0.9055599110063522,0.39241742278107217,0.562257253826822,1.0334390880759188,0.1880459163530918,0.5079806302501534,1030,eeg_data_level_6.csv,2,AF8,140.0078125,150.00390625
0.4081149759078972,0.4081149759078972,0.6891252267886651,0.39067156279219095,0.28316486333712915,0.38033743776656964,0.38033743776656964,0.30794919660369985,0.6257131981503422,0.4248544237659646,0.5458425001979323,0.5458425001979325,0.6591191424085013,0.4859591108036845,0.5517364167864333,0.5525996848616368,0.5525996848616368,0.4116365240275562,0.9739100609128067,0.5635442210082493,0.5273070583871935,0.5273070583871935,0.5423279152201345,0.7675428471355218,0.5601626950811271,1.0578781328042972,1.0235390690808435,0.971650913485989,0.6961298530700657,0.7009228556500455,hjorth_mobility,hjorth_complexity,0.7722442542730583,1.0508287459590602,1.2385658851998955,0.9784953918696864,0.8800548320767648,1.6823427015189376,0.8445181303107401,1.0765140145153422,1030,eeg_data_level_6.csv,2,TP9,140.0078125,150.00390625
0.22768965962507193,0.22768965962507193,0.17161856073372597,0.28574706224305946,0.23063155371115412,0.40276033103114633,0.40276033103114633,0.2976585843693981,0.6616577097145696,0.49624377904682626,0.518848380204481,0.518848380204481,0.5294966831936685,0.3039789522923057,0.6130038781544184,0.5708804730545429,0.5708804730545428,0.4158671436221645,0.689208450723091,0.5710109267538718,0.5972702345440372,0.5972702345440372,0.4429784757003683,1.0209459482920131,0.6264086572496516,0.9960799140387054,1.355242134288034,1.2023078821661886,0.9304945483640167,1.0232570228939957,hjorth_mobility,hjorth_complexity,1.3142048748811428,1.0694226812416228,1.0167048447073852,0.9377247505417828,0.3218719061762242,1.0574725552404751,0.2595565888036076,0.5968033168971512,1030,eeg_data_level_6.csv,2,TP10,140.0078125,150.00390625
0.017584425850101774,0.017584425850101774,0.01696947893386785,0.015271504394590643,0.021530887244623105,0.03970725472041707,0.03970725472041707,0.026352758513630396,0.05195545718524858,0.04904728086754171,0.12961783257142365,0.12961783257142365,0.1393103027718437,0.14411308906802334,0.11680372751676497,0.2826219708511412,0.2826219708511412,0.24125100077313422,0.3250198196988625,0.29883293356136187,0.2800746785318078,0.2800746785318078,0.2939425452703443,0.24180842767998167,0.2788898658692861,0.551709236505082,0.8537100606304486,1.563133806887979,2.1116416906692264,2.2304196692768605,hjorth_mobility,hjorth_complexity,1.2725155963728287,1.0789151789871125,1.1139435343414146,0.3567431116191565,0.18334475668265934,1.1776398910632564,0.05303380963707192,0.2697687328307157,1030,eeg_data_level_6.csv,3,AF7,150.0078125,160.00390625
0.07004284429448464,0.07004284429448462,0.07156257430603709,0.059382138526705285,0.08402405441345592,0.09696077363800666,0.09696077363800666,0.09450324367908748,0.09030870230032581,0.09202394111120034,0.20777527125017725,0.20777527125017725,0.20573424842704505,0.29068858611795084,0.1870714708816929,0.5512475340632241,0.551247534063224,0.4852549451512141,0.45397022879755217,0.5533175713522155,0.5664486569265085,0.5664486569265085,0.6261150804798326,0.3633804169230036,0.5320907790880044,0.7724330921028182,0.8350153595994054,1.1266120650366533,1.750464041686223,1.897933428069505,hjorth_mobility,hjorth_complexity,1.0600987963542752,1.0670008171302972,1.1732354182646034,0.4382843942749637,0.16297311705125275,1.2016733582278127,0.13572313831871835,0.43156095540541584,1030,eeg_data_level_6.csv,3,AF8,150.0078125,160.00390625
0.8854623724595547,0.8854623724595546,1.1603401918386222,0.5884248861877978,0.7529022071234396,0.9209639667004073,0.920963966700407,0.7300090680281466,1.119391882335679,1.0540237391995553,0.5254660723983957,0.5254660723983957,0.6429365770625535,0.6681753474357894,0.42184404290118827,0.8011364667731474,0.8011364667731473,0.8686643468050341,1.0427416860347312,0.8107704632058512,0.7394211119880809,0.7394211119880809,0.892837712625817,0.7267906056638375,0.7147350881742237,1.1133695991458465,1.1399782413845667,0.51703518254161,0.5095448445602095,0.4969528388228543,hjorth_mobility,hjorth_complexity,0.7980519028734433,0.9324439516772396,1.5783718289592423,1.1645114429282466,1.8701165181631254,1.7544431030126064,1.1585003922094432,1.2608496198423473,1030,eeg_data_level_6.csv,3,TP9,150.0078125,160.00390625
0.4457290556709627,0.44572905567096255,0.42840548654245414,0.5152502463068359,0.4413076592679765,0.7019677520342131,0.7019677520342131,0.5956829967067132,1.1522625951689156,0.7030416421277057,0.7709014939341813,0.7709014939341813,0.9286620973567877,0.7137711274450214,0.6695565071006353,0.8053503319723471,0.805350331972347,0.7374827134427873,0.7460718127921132,0.8111890577007217,1.088498568321224,1.088498568321224,1.0349765513068827,0.8484783494360547,1.0689694745805975,1.0249057938249588,1.2931572937092772,1.0235777178838572,0.749315581115374,1.021970416721419,hjorth_mobility,hjorth_complexity,1.1653145944943066,1.049961929566613,1.1093314571713009,0.9453692457907648,0.5989262051633538,1.0574725552404751,0.5934918474329894,0.9024488130206709,1030,eeg_data_level_6.csv,3,TP10,150.0078125,160.00390625
0.04430568364233984,0.04430568364233984,0.1135328259281748,0.007201454599643836,0.012481656148885462,0.027761637447405996,0.027761637447405993,0.018731164122945888,0.0484421872647037,0.03293020374643217,0.09316124965543339,0.09316124965543339,0.0883864190483633,0.13088958843371812,0.095540573838883,0.29015172464193634,0.29015172464193634,0.24812936262596733,0.3660658724623826,0.307094921616484,0.2085641489922537,0.2085641489922537,0.22163907652066867,0.18814862423161907,0.20057878349548106,0.635404998757539,0.5167238662791823,0.9554664770648782,1.6991044482884943,1.3671570335196799,hjorth_mobility,hjorth_complexity,1.0223799253229435,1.0686446775923462,0.935394011713976,0.3440022862041866,0.3218719061762242,1.1055394895695876,0.12644716123313243,0.4165524960207792,1030,eeg_data_level_6.csv,4,AF7,160.0078125,170.00390625
0.315259614441228,0.3152596144412281,0.5555311641750508,0.21591266279172205,0.22533489980702961,0.22177250410387422,0.22177250410387417,0.20683202575274612,0.24827536899577696,0.21507474171099236,0.2598948329783681,0.2598948329783681,0.18591960466048152,0.3928674295110974,0.2970619186578051,0.6247861065047717,0.6247861065047715,0.6611413861756067,0.6548565627967434,0.6507821472077404,0.6033435321297425,0.6033435321297425,0.8170371253848793,0.4006978722473384,0.5160039735251531,0.9979456894428185,0.7653782238537263,0.6259421418093113,0.892480126037816,0.9043246454993293,hjorth_mobility,hjorth_complexity,0.6213687701477306,1.0231210726559556,1.2487964700421403,0.8434426424710058,0.5459599421216967,1.129572956734144,0.6034118504797136,0.9099596118816176,1030,eeg_data_level_6.csv,4,AF8,160.0078125,170.00390625
1.3280950565187195,1.3280950565187197,2.8548442373740164,0.6117450979998253,0.81893124948198,1.0345304888713018,1.0345304888713018,0.9542519527264817,1.4771721746628554,0.9690429968756146,0.9491862037774438,0.9491862037774438,1.3783688637287732,0.7629393817088643,0.7950264585807554,1.3716952951164474,1.371695295116447,1.4237417853914311,1.0474700905591714,1.282462781394134,1.256660745705428,1.2566607457054277,1.2343813090428093,0.9104718938356706,1.293147374256772,0.8982396122189066,0.8400120022501028,0.5485319467059764,0.5197364016966058,0.5059457687246822,hjorth_mobility,hjorth_complexity,0.7186437533337972,1.026944897580574,0.9183196994580142,1.029458693529566,2.615718528672607,1.6583092343543815,2.5291209318738335,1.8629448451170458,1030,eeg_data_level_6.csv,4,TP9,160.0078125,170.00390625
0.8893448752128806,0.8893448752128806,0.9162020685867475,0.7397789626605167,0.9244730065467867,1.1094288147381968,1.1094288147381968,1.339003989697062,1.3740273440291941,0.7448410686693022,1.387544677627184,1.387544677627184,1.6382275894553624,1.1903941008984538,1.4098831754549688,1.2977513876454752,1.2977513876454754,1.308641956326823,1.6445380593153354,1.240696123183489,2.219666364689734,2.219666364689734,2.4421736020083853,2.8601044228367587,2.146744124540995,1.0243954687681136,1.0812389988806412,0.9829544705072778,0.6488704655738529,1.0794717400750509,hjorth_mobility,hjorth_complexity,1.0878916486931516,1.103805593446769,1.0120577612589408,1.1772522683432165,2.0127179955829715,1.1536064238987,1.3061557701882494,1.3387906971778936,1030,eeg_data_level_6.csv,4,TP10,160.0078125,170.00390625
0.046321633647050414,0.0463216336470504,0.09866261600693073,0.01719007523298077,0.022834464479368106,0.03205862405378965,0.03205862405378965,0.024286859896885688,0.05646701190210045,0.03252840069412239,0.11484181066661485,0.11484181066661486,0.10626499698148213,0.14416727503387064,0.11370085242576351,0.2480675211370198,0.2480675211370198,0.2344959403373498,0.33475730962107175,0.24774475001958418,0.2517017497680746,0.2517017497680746,0.19821538315053325,0.20929077211360717,0.2683732010908209,0.7182492716833024,0.5667936403821856,1.109863478462699,1.471650147502868,1.5820823356808593,hjorth_mobility,hjorth_complexity,1.1256105197244834,1.0927419729999448,0.9782416963911615,0.32871329570622276,0.19964206838778462,1.1055394895695876,0.0819463695581373,0.3353359062631527,1030,eeg_data_level_6.csv,5,AF7,170.0078125,180.00390625
0.23425564096470164,0.2342556409647016,0.24081897035661512,0.10738549464162563,0.1838312046624376,0.13444784027615367,0.13444784027615367,0.09153321892043043,0.2789913944547461,0.16685993281070943,0.2685921712288566,0.2685921712288566,0.22737882161606243,0.27602466439645845,0.26199116056805555,0.5144605739488214,0.5144605739488214,0.44235150074736773,0.3064536280198478,0.507570468977229,0.5555689701145082,0.5555689701145082,0.593501724935552,0.622056496779658,0.5623526265555524,1.0597558688541988,0.6911467512526842,0.8384209301592838,0.9976515513498957,1.1233803121435284,hjorth_mobility,hjorth_complexity,0.9270901458753681,1.0695984646916035,1.0186476931547572,0.7211307184872949,0.49299367908003955,1.0334390880759188,0.3028026525301994,0.6446070289775018,1030,eeg_data_level_6.csv,5,AF8,170.0078125,180.00390625
1.2836522266073893,1.283652226607389,1.569244595069314,1.1099185180824271,1.0713533512684383,1.3169815767215438,1.3169815767215438,1.2058877380340554,2.133470170367941,1.222711670093817,2.7429630466633275,2.7429630466633275,2.782943413063266,3.079826431710454,2.958500812018183,1.9085821254359217,1.9085821254359214,1.7208771700647552,2.69306812915296,1.9597117273498728,1.5762675127412897,1.5762675127412895,1.4749308416839944,0.9794207674874028,1.4755301330872825,1.039092614965125,1.0183291492784388,1.326821943687589,0.695089557413533,0.6158478123798102,hjorth_mobility,hjorth_complexity,0.7226141608107796,1.0134344208480903,1.3378261874075426,1.730204091352909,1.4137917904196176,1.6583092343543815,1.4782311579469884,1.4242504825543447,1030,eeg_data_level_6.csv,5,TP9,170.0078125,180.00390625
0.93311445701795,0.9331144570179499,0.7799661277753253,1.2631248390351246,1.1096194132453,1.5781724085593145,1.5781724085593145,1.444725995280163,1.8580164885517876,1.8338603592427618,1.0629628406855403,1.0629628406855403,1.162591204634433,1.4072692311651822,0.930089067671859,1.334590837139194,1.3345908371391937,0.9738670150626085,1.917097486603518,1.3986334334904418,2.0005350012366288,2.0005350012366288,2.3224221097844135,1.3320191743058893,1.9469761094842981,1.0333795089739015,1.3617859372560466,0.7308473465015957,0.6160064119264695,0.9064325181300783,hjorth_mobility,hjorth_complexity,1.2586191702033906,1.10429307698101,1.1342121694950833,1.0447476840275298,2.5668265935572308,1.2737737597214813,1.086218458630843,1.220882274974436,1030,eeg_data_level_6.csv,5,TP10,170.0078125,180.00390625
0.28835794124140846,0.2883579412414084,0.29972755723722144,0.2530812908321856,0.20656885869142425,0.26042214873369296,0.2604221487336929,0.23766685137416968,0.4232655570108153,0.2679393390068848,0.6310461005030991,0.6310461005030991,0.5995207874339095,0.9000886387327829,0.5916376328917846,0.7429395849796128,0.7429395849796125,0.6663442758179021,0.9581803436234492,0.7562231207774668,0.7614661280034742,0.7614661280034741,0.8869632516925129,0.3693303902856832,0.6826401650021926,1.0229004490716516,0.8799072806157747,1.2967442073996458,1.0431458045349582,1.1068397109215162,hjorth_mobility,hjorth_complexity,0.9548829982142444,0.9963807501086394,1.008548381856254,0.8791169536329214,0.6233721727210417,1.0574725552404751,0.3137367098478889,0.6561420454529163,1030,eeg_data_level_6.csv,6,AF7,180.0078125,190.00390625
0.7515087486175671,0.751508748617567,0.8073948246980616,0.815206568863642,0.5296326214995563,0.6790615548176465,0.6790615548176465,0.7811879197376941,0.6558984969750369,0.6823143558786804,0.9629818539569293,0.9629818539569293,0.9985810380458807,1.0590812204247502,0.8526294365280527,1.1918712270635188,1.1918712270635188,1.0388748375005532,0.6551728742879627,1.3282807396256284,0.9233578097786588,0.9233578097786588,0.8670341403678737,0.8766697421700179,0.907370576055376,1.0977413079557459,0.946776852418823,0.9134541412349452,0.7685900564332471,0.6450274762418233,hjorth_mobility,hjorth_complexity,0.6729840673485006,0.9173231400935224,0.6628351286285454,0.815412826558072,1.0430279491280177,0.8411713507594688,0.7950534836959408,1.0445118506524194,1030,eeg_data_level_6.csv,6,AF8,180.0078125,190.00390625
3.40386473017873,3.403864730178729,2.626565242310521,3.5619648639274435,3.4879874963351356,4.183034520188453,4.183034520188453,3.1663290323934574,3.959910960740259,5.511546092426161,3.8681870600234163,3.8681870600234154,4.253768326377849,2.954792683857068,4.192840037345955,2.595518885531738,2.595518885531738,2.2992619226058832,2.741884842246847,2.5209557108444907,2.208319530905751,2.2083195309057513,3.1902541972774636,2.1442898276278624,2.0919125613482343,1.1691837341001634,1.2524207112834371,0.8520971492374938,0.42756093160506853,0.385206241754805,hjorth_mobility,hjorth_complexity,0.6312947888401865,0.8443759602169205,1.6220334096076245,2.145554999880927,1.6175081867336836,1.8025100373417189,3.9666284484997663,2.333060282495934,1030,eeg_data_level_6.csv,6,TP9,180.0078125,190.00390625
3.725669574314088,3.7256695743140877,3.048513741373667,4.2199182803493605,4.010851677504784,4.052163362274016,4.052163362274018,3.3422124625663177,4.005284526108739,5.209864700452159,4.0108192959826345,4.0108192959826345,3.5387867847283605,3.0886328940833216,4.415949033729342,2.1705170666067715,2.170517066606771,2.814900413874051,3.126492569777045,2.094502762042233,2.89547646429223,2.89547646429223,2.35475088951178,3.099571202675341,3.1490101316679753,1.2020043926828248,1.1877006187100962,0.8612326810735942,0.35445809932832867,0.4753557259148044,hjorth_mobility,hjorth_complexity,0.9390013683063151,0.963549899124458,1.0608390101132361,2.0130504155652402,2.0249409793618156,0.9373052194176938,3.1967751867403202,2.0944560281723787,1030,eeg_data_level_6.csv,6,TP10,180.0078125,190.00390625
0.1283592780415531,0.1283592780415531,0.11524994390566776,0.13253963963015555,0.13172265438049144,0.16991302236004965,0.16991302236004963,0.13093573092839741,0.2633020860791877,0.19114013501830254,0.3348407682893542,0.3348407682893542,0.24830979989159258,0.4894080195390795,0.3740815123486074,0.7368418349580292,0.7368418349580294,0.5936726443217994,0.48792060964529405,0.8079650567446663,0.6128438489729274,0.6128438489729275,0.7198644426802018,0.417847104880028,0.6093621745145961,0.8938728527682888,0.957667387455254,1.2068262636086724,1.602847540304346,1.4651699552340276,hjorth_mobility,hjorth_complexity,1.1811962244022356,1.0310203898611177,1.021308170307916,0.6497820961634636,0.30964892239738023,1.0094056209113627,0.1715623718870687,0.48520606424635015,1030,eeg_data_level_6.csv,7,AF7,190.0078125,200.00390625
0.5628431730795301,0.56284317307953,0.5994694443909566,0.4832145686637304,0.5790397405257,0.34528739630383887,0.34528739630383887,0.2681030061923731,0.35790209036993703,0.4251585416205261,0.731433471225276,0.731433471225276,0.6606308100732877,0.9752384375023653,0.693058367203152,0.8575662996938639,0.8575662996938637,1.0873541141751204,0.49824807927246284,0.8326705637504203,0.7941330114804879,0.7941330114804879,0.7552504666959005,0.9118331842229936,0.7729628584288412,1.1375867986047004,0.7727655569409019,1.0011420620833706,0.7895197156482631,0.7818582323612868,hjorth_mobility,hjorth_complexity,0.7603330318421114,0.9817187484453107,0.8176678976867087,0.6497820961634636,0.7130073870992308,0.8652048179240251,0.5169551605258824,0.8422511968234907,1030,eeg_data_level_6.csv,7,AF8,190.0078125,200.00390625
2.976526826899416,2.9765268268994154,3.2661694677958857,3.1819940064915917,2.9429704110687864,3.2615202717635245,3.261520271763524,3.0149388330981775,4.394782467517327,4.057224514210197,2.1394550694978482,2.1394550694978482,2.119795169450772,1.0308337961758383,2.0947437466008516,1.2974731530396952,1.297473153039695,0.9416022277331869,1.082266362385168,1.4461656631929696,1.3884180679385782,1.3884180679385787,1.375167543408117,1.8557921119835123,1.4050540336415307,1.1918823983840743,1.2285902463112053,0.6286721656624363,0.28588867423655406,0.314961555070743,hjorth_mobility,hjorth_complexity,0.9112085159674391,0.8835119844194756,1.0861135430682427,2.0130504155652402,1.4219404462721803,0.9853721537468064,2.5287421081841774,1.8628053195491412,1030,eeg_data_level_6.csv,7,TP9,190.0078125,200.00390625
3.8428318802836383,3.842831880283638,4.300565083375389,4.59533969314975,3.45627921575681,4.444802249852558,4.444802249852558,4.877055686899816,5.7131959026089865,4.832211930683002,3.6609349203021346,3.6609349203021346,4.22383723318963,3.117628936776272,3.627337829993497,1.9072377028950818,1.9072377028950815,1.7521978946955157,1.6022267730854467,1.8164160801549687,2.5230259913173536,2.5230259913173536,3.1036848358272873,2.5263009631771323,2.469334493595515,1.1724622448493935,1.2281976049376992,0.7757184256919902,0.30876562091179366,0.41067324078872747,hjorth_mobility,hjorth_complexity,1.0362763514923814,0.9438751649543872,0.9489414414280861,1.9034793169964994,2.827583580839235,0.7690709492658001,3.444364837078372,2.174051225045005,1030,eeg_data_level_6.csv,7,TP10,190.0078125,200.00390625
0.14506576605604377,0.14506576605604377,0.15862042809094615,0.15887550824962837,0.13963819048297113,0.15036248119493964,0.15036248119493964,0.13305892096567332,0.22215815042229037,0.15498369769458442,0.415074522954572,0.415074522954572,0.3191684270054643,0.5729322062657278,0.42229354525622337,0.6485258570995532,0.6485258570995531,0.5618714119278087,1.0921973158031806,0.6286865024590254,0.615692743888372,0.6156927438883721,0.5993468819360382,0.3684276845920898,0.6320847361677899,0.9173349255518748,0.8479289476740522,1.3850212112333296,1.4062891165672635,1.4141640052469238,hjorth_mobility,hjorth_complexity,1.173255409448271,1.0289947589215789,1.040045280784602,0.6650710866614274,0.3463178737339121,1.0334390880759188,0.17988389551971895,0.4968340375695378,1030,eeg_data_level_6.csv,8,AF7,200.0078125,210.00390625
0.6042176502247308,0.6042176502247307,0.6807044403819412,0.48943918027662014,0.47615183276870954,0.45476475670468147,0.45476475670468147,0.40104636392716214,0.5643113625785372,0.5760578377878014,0.8785945646115103,0.8785945646115103,0.6005595469188327,1.319264385362425,1.000976872624865,0.9607505530685986,0.9607505530685987,0.781854097109928,0.8084406289899206,0.9664098338658668,0.7995551326612418,0.7995551326612418,0.898350742617332,0.8229900006588409,0.7877686318330822,1.1131887513731216,0.8770024279395285,1.082849944854701,0.8062524906348967,0.7206335380900855,hjorth_mobility,hjorth_complexity,0.7662886430575848,0.9517081831071397,0.9304493748997174,0.8638279631349576,0.6763384357626989,0.8892382850885814,0.5507065075937558,0.8693112570267149,1030,eeg_data_level_6.csv,8,AF8,200.0078125,210.00390625
1.5767369144616714,1.5767369144616714,1.286811923657585,1.534849121365286,1.737301216399642,2.795260365167655,2.795260365167655,2.9804971122383668,2.6896982594071646,2.424612255241827,1.7814276661934976,1.7814276661934976,2.0404754536691834,2.229115858316171,1.7669812737189357,1.4868111914181685,1.4868111914181683,1.4753296977091912,1.255960902697474,1.4155445904716066,1.2473101372301671,1.247310137230167,1.1929023249670552,1.8808270471938575,1.2521271462790045,1.1172711108537823,1.4958995512013853,0.8108085409653102,0.4812668078907026,0.4352566715566948,hjorth_mobility,hjorth_complexity,0.9568682019527356,0.9485472071693538,1.2651093957444022,1.6537591388630897,1.2222983778843957,1.129572956734144,1.5997920491948001,1.4816545747481036,1030,eeg_data_level_6.csv,8,TP9,200.0078125,210.00390625
2.205581755682687,2.2055817556826867,1.8856551273982214,3.111492169293845,2.579508849291813,3.236141805086204,3.236141805086204,4.137549288544883,2.1828633340948183,2.714076445825022,1.573301218872586,1.573301218872586,1.6484832267115743,2.039800224962396,1.5785239644913749,1.7477684156040905,1.7477684156040902,1.33438186649571,2.3575414158669927,1.8890853401036631,1.8677398071474915,1.8677398071474913,2.0338648331953015,1.7702362450302096,1.9217755410255994,1.152003495672727,1.31609264620945,0.5795816398794676,0.43523459891175115,0.4811106655896967,hjorth_mobility,hjorth_complexity,1.185166631879218,1.0129646229607485,1.1068022535618838,1.8219380343406921,1.5319473002817758,1.0574725552404751,2.029910794282708,1.6689897740341189,1030,eeg_data_level_6.csv,8,TP10,200.0078125,210.00390625
0.027947950461297333,0.02794795046129733,0.029352365587238364,0.01989690238346601,0.027247144763012383,0.02308456751013575,0.02308456751013575,0.015334445031843676,0.03969950694884449,0.027988637503806556,0.14382414137115457,0.14382414137115457,0.10120940633128146,0.17469364895669975,0.16320730175530923,0.3726996723023839,0.37269967230238377,0.30776462379430836,0.5081362107963502,0.39693926318643347,0.34649592029467613,0.34649592029467613,0.44355767469675733,0.2436214193313141,0.3364486996804777,0.6294302021076461,0.4683277276929774,1.4296232589872202,2.1759829834352686,2.1703203392802726,hjorth_mobility,hjorth_complexity,1.2050186692641296,1.0791108309781707,1.0120490096893575,0.3516467814531686,0.2566826593557231,1.0815060224050315,0.06662915404734598,0.30237602176860956,1030,eeg_data_level_6.csv,9,AF7,210.0078125,220.00390625
0.41051529280763904,0.41051529280763904,0.6694210192793916,0.27584886448957163,0.2304650276658341,0.29997416338213806,0.2999741633821381,0.19104614671277056,0.3800419900987196,0.411644737955099,0.6230799281122315,0.6230799281122315,0.5117188575561016,0.9261155793743674,0.6455925324888581,0.6539917638628632,0.653991763862863,0.6167419628091159,0.7381595290974385,0.6862725240071627,0.5081995391990849,0.5081995391990849,0.7621852397770142,0.4917820649188027,0.4708366416254687,1.005639833827817,0.841281147736088,1.0828817983252894,0.7846224408657916,0.6617366554250868,hjorth_mobility,hjorth_complexity,0.5657830654699785,0.9623620315801202,1.452568016207089,0.6472339310804697,0.6274465006473231,1.5621753656961563,0.5358507093908834,0.8575058751189392,1030,eeg_data_level_6.csv,9,AF8,210.0078125,220.00390625
1.490030123524529,1.4900301235245292,2.2976047948849203,1.038421143634184,0.8640813419065256,1.1802692854184686,1.1802692854184686,1.2172162748817834,1.4209623541600298,1.0682233221851811,1.192702313661447,1.1927023136614472,0.9731665435149759,1.3782020126695047,1.2579880190922563,1.4098419228398396,1.4098419228398396,1.2201813340877854,1.7698164897628368,1.5018182581958432,1.5286952170000303,1.5286952170000303,1.9591034628022101,1.3643830097599345,1.5151289180034173,1.060838575065895,0.9144547365589374,0.6752842266003457,0.5331860586997764,0.5948744156697754,hjorth_mobility,hjorth_complexity,0.7563626243651291,1.0145592121682845,1.684204559923541,1.1543187825962706,1.1815550986215824,1.706376168683494,1.4572605644158019,1.4141119928516928,1030,eeg_data_level_6.csv,9,TP9,210.0078125,220.00390625
0.6191781367836781,0.619178136783678,0.5564975926638535,0.9330561931093991,0.5760335830188196,0.8989575944893883,0.8989575944893882,0.8264312845235013,1.0963767839687553,0.9713974201902426,1.135891045421669,1.1358910454216693,1.1345362455871741,1.12040775446948,1.1053600381325335,2.0974084354240334,2.097408435424033,1.8370991004841972,2.077270585328928,1.9805139927978463,3.1954394172847573,3.195439417284757,3.0252567317616528,3.254739923568348,3.4149529598277715,0.9047645398948012,1.0298893801681335,0.9079265172749638,1.0502283622905864,1.5912683251490345,hjorth_mobility,hjorth_complexity,1.185166631879218,1.1638129556093508,1.2616437741896296,0.9402729156247768,1.7397380245221232,1.2497402925569252,0.8850598629438975,1.1020505669561333,1030,eeg_data_level_6.csv,9,TP10,210.0078125,220.00390625
0.35661740809820847,0.35661740809820847,0.8181584460064008,0.047794695548221584,0.05211528548529004,0.053594283245989194,0.053594283245989194,0.04614241386313956,0.04525194744565262,0.049606044485862366,0.09828188159141944,0.09828188159141944,0.0671188286837,0.14464639769193344,0.1146214862272627,0.33133136559521736,0.33133136559521725,0.2826072407016163,0.41944006920866883,0.36003124196644404,0.34039623304722205,0.34039623304722205,0.4150401193717478,0.21493820131940528,0.320236017469564,0.8021505585875824,0.2789692328170358,0.31610298066458886,0.6006675184309309,0.6418713401790984,hjorth_mobility,hjorth_complexity,1.091862056170134,1.0916624394231171,1.0149195245125022,0.4382843942749637,0.8759805041504836,1.1776398910632564,0.3245196452446643,0.6673223884417885,1030,eeg_data_level_6.csv,10,AF7,220.0078125,230.00390625
0.36290361317260345,0.3629036131726034,0.32286700204365437,0.415646016114565,0.3628041071637407,0.28889543172238913,0.28889543172238913,0.27839030140331245,0.31596630778988993,0.26636455463560327,0.7144649790326366,0.7144649790326366,0.6356849090937823,1.0805160099632694,0.6677455416173467,0.7486662524049442,0.7486662524049441,0.7424293340782318,0.8630884941759622,0.7882210700701376,0.5947399108476208,0.5947399108476209,0.6205115166667992,0.5658404054527125,0.532146077354345,1.124240683734096,0.8578286504600585,1.2943532879809583,0.9382058421799488,0.8124370833766261,hjorth_mobility,hjorth_complexity,0.53401980565412,0.9751071894783155,1.0721985474316567,0.6854564073253793,0.7170817150255121,1.1536064238987,0.49825112587485676,0.8268740139215253,1030,eeg_data_level_6.csv,10,AF8,220.0078125,230.00390625
0.7358775773880746,0.7358775773880745,0.9527381507643611,0.7429651322046252,0.584334576413265,0.8990769840449535,0.8990769840449537,0.7298344630412584,0.7644111780756291,1.0806652187759966,1.3846152760413082,1.3846152760413082,1.2696702534911135,1.9755746699864962,1.3342024506350139,1.5339635791183388,1.5339635791183386,1.775456994181452,1.5065735057001368,1.449683198979909,1.569573646656385,1.569573646656385,1.7260920193254077,1.7491539084608454,1.4439381505312343,1.0164998100792717,1.0858032995659603,1.143574459993962,0.8671499423523403,0.9307987053504488,hjorth_mobility,hjorth_complexity,0.716658549595306,1.0347521719899808,1.0190065075076504,0.9988807125336382,1.0267306374228924,1.0094056209113627,1.057404747827062,1.204580496830487,1030,eeg_data_level_6.csv,10,TP9,220.0078125,230.00390625
0.20242961839369844,0.20242961839369839,0.14188987450128057,0.32274436772802084,0.2601722777645754,0.578985683584428,0.578985683584428,0.45157576504467445,0.6308348221064847,0.7382927767130548,0.7534565377934463,0.7534565377934463,0.5801077163910741,0.5622789679637751,0.8278492056980896,1.6083875145883904,1.6083875145883901,1.415554614629662,1.233160915788302,1.6291684434443936,1.9845590437536185,1.9845590437536185,1.8972805845733078,1.6275840431640822,2.0657204538903993,0.6726814317203174,1.2050810190311068,1.1182623047307723,1.4593441220555283,1.8550659012207817,hjorth_mobility,hjorth_complexity,1.4511839328370322,1.1673421770385628,0.9664183258848548,0.8612797980519635,0.6844870916152616,0.9733554201645283,0.5002398749862116,0.8285225875102126,1030,eeg_data_level_6.csv,10,TP10,220.0078125,230.00390625
0.5944766477480621,0.5944766477480621,1.3892653695700614,0.059137022563739754,0.11969139592301778,0.11147164159605136,0.11147164159605136,0.10049545132715752,0.13474121508412412,0.09601870270905853,0.1979722121500702,0.1979722121500702,0.1810484646783147,0.26189099841943864,0.19914128533939643,0.4409902110287009,0.44099021102870084,0.47517435873282327,0.5564252745750169,0.42117203404548065,0.3520981406796021,0.35209814067960216,0.4464568392497425,0.3170291134968048,0.31839084505484444,0.8409336643709455,0.3458864508263498,0.38194114051677036,0.5132572969227882,0.4392181721251394,hjorth_mobility,hjorth_complexity,1.0243651290614346,1.0150950219174242,0.9826524874608721,0.5733371436736444,1.5319473002817758,1.2016733582278127,0.5550638937748151,0.872743631123121,1030,eeg_data_level_6.csv,11,AF7,230.0078125,240.00390625
0.55471925893274,0.55471925893274,0.5758668675046358,0.4369207431644255,0.6763924051452581,0.3894860836336903,0.3894860836336903,0.4117328679602022,0.7557607731392082,0.3748207227100521,0.9525324864751678,0.9525324864751678,0.9622790618982245,0.9417145523467032,0.8933044866902825,0.9220317890928962,0.9220317890928958,0.7955056121967228,1.1090727417905417,0.9430187043001975,0.7734547545835051,0.7734547545835052,0.7344680922641432,0.675475124506455,0.7789259472722116,1.1250984804591542,0.813175472499508,1.1943317282418253,0.8188553253269257,0.7392300274284282,hjorth_mobility,hjorth_complexity,0.5935759178088545,0.9581945026645824,0.9968912911720199,0.6472339310804697,1.4015688066407737,1.129572956734144,0.6476344026781297,0.9427144294766333,1030,eeg_data_level_6.csv,11,AF8,230.0078125,240.00390625
4.904449173040514,4.904449173040514,10.305018578258066,0.7107246140168505,1.1287382595940778,0.9488727822921182,0.9488727822921182,0.6602698567945989,0.9850290198802446,1.3354129891744233,0.8632393345314667,0.863239334531467,0.8502795692426881,0.808488247249659,0.7742193592287269,1.331304030902792,1.3313040309027917,0.905283171035152,1.6268624256061162,1.430283238941239,1.3547934129363361,1.3547934129363357,1.6484932840467867,0.8537924988723229,1.2213696488750527,0.8893188064051869,0.3821715261133867,0.233267445142396,0.2302767456003875,0.2398050422786565,hjorth_mobility,hjorth_complexity,0.6987917159488857,1.0044759047957605,0.6921266320220382,2.127717844299969,1.7356636965958419,0.5287362776202376,3.570550746483071,2.213516706642262,1030,eeg_data_level_6.csv,11,TP9,230.0078125,240.00390625
2.624942344896226,2.6249423448962257,3.5245593448261676,1.1656696749590936,1.5027505361954256,1.1529397290027792,1.1529397290027792,0.8140618904258615,1.724343826070262,1.3050932141589418,0.9993522714479663,0.9993522714479663,1.1127730935530937,0.8250575274256999,0.9202505729476284,1.9302499688074388,1.9302499688074386,1.9036077143089432,1.4397031267948235,1.905793858520593,2.2496369153290288,2.2496369153290283,2.7983140892257037,2.048757051495651,2.2475386197595286,1.1202613528212864,0.6613579620820059,0.40010638846095176,0.47893020354538746,0.5749986435011734,hjorth_mobility,hjorth_complexity,1.0998028711240986,1.1117986933657338,0.8764784452828458,1.5492843704603367,2.228657375675881,0.7690709492658001,2.1370669209742474,1.7124750797571047,1030,eeg_data_level_6.csv,11,TP10,230.0078125,240.00390625
0.022939202654736347,0.022939202654736347,0.024660780745816253,0.012341324058139586,0.022293762335346294,0.025098354721637486,0.025098354721637486,0.022186196664442076,0.03276761769842234,0.02604316368625385,0.07913342488631712,0.07913342488631712,0.058388209843981805,0.12769587607162383,0.08853819421202937,0.3207270190676442,0.32072701906764417,0.27297464385162684,0.40479385846388255,0.320127255506666,0.2925602041385963,0.2925602041385963,0.3939854699629106,0.16188365926977902,0.27434164263621885,0.6125429350431013,0.5651610399765475,1.0144906826896647,2.2130982220454216,2.177973578721784,hjorth_mobility,hjorth_complexity,1.3261160973120898,1.105196452401795,1.0139305971496506,0.33126146078921676,0.07741223059934506,1.0815060224050315,0.054310314658740824,0.2729960471700026,1030,eeg_data_level_6.csv,12,AF7,240.0078125,250.00390625
0.30993827607669444,0.30993827607669444,0.2640643737837122,0.37639649163864464,0.28779982733675386,0.33146346161239704,0.33146346161239704,0.30252368304127747,0.4691134959814115,0.34220699731809384,0.5683006109566779,0.5683006109566779,0.7349063857111892,0.447749761841805,0.4438795835558406,0.770576818974664,0.770576818974664,0.7319645846187715,0.9733630781630042,0.7971565545322477,0.5782538704686375,0.5782538704686375,0.6336421948803237,0.3487914765171786,0.5398103639426819,1.0806800342924892,1.0291047853816278,1.1378605576329766,1.0482966292542248,0.8577539523698446,hjorth_mobility,hjorth_complexity,0.6928361047334122,0.9472299555325127,0.8664403949714218,0.5478554928437046,0.44817607189094505,0.8652048179240251,0.3448199321689797,0.6878779372975425,1030,eeg_data_level_6.csv,12,AF8,240.0078125,250.00390625
0.5874025022793409,0.5874025022793409,0.7140426719098973,0.8126808655615041,0.5220983660161694,1.1294434753595504,1.1294434753595504,0.778740742919639,0.6444855227126859,1.427211210250117,1.3080324330478876,1.3080324330478876,1.0335345802851605,1.3756821911499904,1.349672644819204,0.9643313800738184,0.9643313800738182,1.039286778744065,0.8100981141525291,0.9413669324947344,1.0150018773678415,1.0150018773678415,0.9312907776212208,1.0581549181976075,1.0775637174142434,0.9921699957396651,1.448462702125363,1.2298156572293018,0.6630256590740093,0.7322913087438341,hjorth_mobility,hjorth_complexity,0.8873860711055451,1.0098452314465052,0.6734945403803453,1.0243623633635779,0.8963521437818901,0.48066934329112504,0.8791933594368475,1.0983920954521793,1030,eeg_data_level_6.csv,12,TP9,240.0078125,250.00390625
0.349311981593361,0.34931198159336097,0.323547100160833,0.21725478253224037,0.4465457127089245,0.915564635481031,0.915564635481031,0.6290603643800535,0.5430709688423169,1.2114147185749222,1.143963863842448,1.1439638638424483,0.9697007806315513,1.4513266452193174,1.2444367729894728,1.1396931384823004,1.1396931384823001,0.883762513261691,0.6927400095127373,1.1844169120006476,1.6248689859597218,1.6248689859597218,1.7667159017658933,1.8659110932054939,1.5487823114869042,0.8276721643251672,1.4860466409796047,1.3498800839232747,0.947085425136721,1.3455323290470191,hjorth_mobility,hjorth_complexity,1.3678053758204043,1.1251404903017066,0.9782416963911615,0.9683027315377105,0.639669484426167,1.0094056209113627,0.5146932059383731,0.8404065276236689,1030,eeg_data_level_6.csv,12,TP10,240.0078125,250.00390625
0.009545826309667505,0.0095458263096675,0.009190226821397687,0.011283699912572514,0.008661534761586785,0.023533766184223086,0.023533766184223086,0.01515391035591332,0.03208592757739322,0.03080374597360764,0.09270800511398247,0.09270800511398247,0.08342481012419325,0.14957765181324256,0.09367497422793956,0.41796857125672937,0.41796857125672926,0.36518132264640824,0.2181401932877396,0.44018139954903984,0.3425892882241653,0.34258928822416534,0.3071610400209202,0.33923042061722214,0.34815138119266326,0.3447427519704366,0.5581200952750385,1.180640834968405,2.787646090106898,2.555829380871649,hjorth_mobility,hjorth_complexity,1.3896426169438068,1.084553320844621,0.9919991637752579,0.3261651306232288,0.1507501332724088,1.0574725552404751,0.052276935230634064,0.2678368068488482,1030,eeg_data_level_6.csv,13,AF7,250.0078125,260.00390625
0.13291547176347243,0.13291547176347243,0.132961685498598,0.048688215871653645,0.1433837258047815,0.07926196362871689,0.07926196362871689,0.05966515031213418,0.14953207406903085,0.08750146845569191,0.3385604824068375,0.3385604824068375,0.3257948610734021,0.3959449370804013,0.3484883548017825,0.7755099514647207,0.7755099514647207,0.6658360445492969,0.8613391204093721,0.7725274955001408,0.6070659939691558,0.607065993969156,0.6063842334401318,0.41801218810756996,0.5651136506901654,0.9003080580121421,0.5495960448550661,1.2388420720807052,1.721579967475163,1.485771264803181,hjorth_mobility,hjorth_complexity,1.0620840000927667,1.017325111310392,0.8402119409318946,0.49434402610083117,0.3015002665448176,0.8892382850885814,0.17300818131769274,0.4872462660649196,1030,eeg_data_level_6.csv,13,AF8,250.0078125,260.00390625
0.9050416231646579,0.9050416231646577,1.5445898873986768,0.34866891712459475,0.4298173640039781,0.3823330122301108,0.38233301223011074,0.2390815908158556,0.46879759912766644,0.5099258965553582,0.5942642336285398,0.5942642336285398,0.6028526824378978,0.25509397492551983,0.5746640993881096,0.975999750343306,0.9759997503433057,0.6880793897532158,1.2109603628681163,1.0524391656436451,0.886440991393112,0.886440991393112,1.1222751176140453,0.6898765500261077,0.8861933672409209,0.9816543965649921,0.5807240309654298,0.5620158152995754,0.5980617386038775,0.5728887586600605,hjorth_mobility,hjorth_complexity,0.9409865720448062,1.0552715271147537,0.6639728326743041,0.9045986044628611,1.2508186733683648,0.6729370806075751,0.8314435121689988,1.0681483492792934,1030,eeg_data_level_6.csv,13,TP9,250.0078125,260.00390625
0.27191202003096687,0.27191202003096687,0.1880851993068126,0.3414252316171076,0.2958995420429019,0.33780516602240895,0.33780516602240895,0.23401753556528304,0.45210182388673786,0.4126679664118696,0.541084622043955,0.541084622043955,0.6588691811355301,0.483744638374107,0.568212229172404,1.282773135555079,1.2827731355550787,1.3118519236015114,1.1725833511896429,1.2794249938022515,1.6485857849769001,1.6485857849769001,1.3148401061347719,2.3063404102970995,1.7354169622917854,0.8804325667456457,0.8933031830190586,0.9174508167721003,1.3228940225667734,1.743086125602535,hjorth_mobility,hjorth_complexity,1.5186808599457318,1.1593338137236855,0.9086929729169798,1.0625848396084876,0.6030005330896352,0.9373052194176938,0.4103644228410302,0.7504124836255948,1030,eeg_data_level_6.csv,13,TP10,250.0078125,260.00390625
0.017837109248164625,0.017837109248164625,0.017326548086204638,0.01911681280338297,0.017080417365137164,0.029019552514531397,0.029019552514531397,0.023059947302892583,0.045638289735380914,0.03639920560102783,0.08499209209199354,0.08499209209199354,0.07414525644311863,0.12340940724982781,0.08481910155046778,0.26592917271441185,0.2659291727144118,0.22482116295880292,0.3626245906392477,0.28230000226406915,0.2753079960082676,0.2753079960082676,0.3575668566703316,0.12416687731669185,0.2789385117954502,0.5824979297645833,0.706766264435478,1.1886861317123816,2.1180516529539433,2.3033707837986768,hjorth_mobility,hjorth_complexity,1.3221456898351074,1.0840896805940086,1.022358358657847,0.3465504512871806,0.06111491889421978,1.0935227559873095,0.04835422297778963,0.25759201933774784,1030,eeg_data_level_6.csv,14,AF7,260.0078125,270.00390625
0.15014055191548992,0.15014055191548992,0.14178477290193225,0.159021364573612,0.16244621061173725,0.1364779705144489,0.1364779705144489,0.1539292865921502,0.18088836561789007,0.13440375333508628,0.3649987043690464,0.3649987043690464,0.30430375832034856,0.4171750241450961,0.4074802391258253,0.6673131658791742,0.6673131658791742,0.7402266162978899,0.5789649727261352,0.6157288881475425,0.5615885616019417,0.5615885616019416,0.728431888449327,0.33253204908444073,0.5589103980154813,0.9581841001265806,0.7907244857172998,1.2671466007406014,1.448806607227721,1.3283282888224361,hjorth_mobility,hjorth_complexity,0.9092233122289478,0.9869057061003257,1.096072829253422,0.5249220070967588,0.831162896961389,1.2257068253923689,0.2342101863263894,0.5669151839417257,1030,eeg_data_level_6.csv,14,AF8,260.0078125,270.00390625
0.4162583638725363,0.41625836387253623,0.6681633769151372,0.3939130554006113,0.25240890940877225,0.4348918464775278,0.4348918464775278,0.4648969550833891,0.2913614061825648,0.48424089252456554,0.9034231342798079,0.903423134279808,0.7547859357169723,0.851672966709904,1.0347629995583099,1.0477102988905915,1.0477102988905913,0.8973853353339789,1.5147924175941039,1.092138104881663,1.039503234922388,1.0395032349223883,1.2548909209763095,1.0157156296959522,1.0089807940322228,0.9518536731661662,0.943081555212917,1.2532628837152795,0.9996261978410051,1.041995945503122,hjorth_mobility,hjorth_complexity,0.8973120897980008,1.0785954905197772,0.8538206316330841,0.815412826558072,0.5867032213845099,0.7450374821012439,0.5946048108688721,0.903294588828429,1030,eeg_data_level_6.csv,14,TP9,260.0078125,270.00390625
0.1738378262814748,0.17383782628147473,0.12916252522144683,0.1686985210008682,0.19832667555061964,0.3345647086961133,0.3345647086961135,0.3459739401155738,0.3691848612242613,0.3726242650224458,0.5299638802556159,0.5299638802556159,0.45197973687076826,0.691956220356802,0.5718388408820337,1.210905062040513,1.2109050620405128,1.0843341014542016,1.3191496288358557,1.1650386265408357,1.8300494996788048,1.8300494996788046,1.6295002179518598,2.5278734350699716,1.8672299940788608,0.7114162779105556,0.963164950623883,1.0247379081835215,1.407343921674561,2.115206673152154,hjorth_mobility,hjorth_complexity,1.6238966580857626,1.210145536045087,1.06240554106855,0.8867614488819033,0.5785545655319473,1.129572956734144,0.35262749992530634,0.6956219672992006,1030,eeg_data_level_6.csv,14,TP10,260.0078125,270.00390625
0.013266725314301646,0.013266725314301644,0.01803323944745779,0.008101337857827209,0.011102873063171285,0.026094232975300825,0.026094232975300825,0.02154417544494692,0.047091616462029105,0.03051631583716565,0.09835392271343514,0.09835392271343514,0.08188602734598686,0.10843023589817413,0.11948634081708563,0.2948790036144274,0.29487900361442737,0.24636315259019356,0.3761662542575205,0.3001790686966038,0.25614591461882197,0.25614591461882197,0.2609073342618779,0.1387351666489225,0.26021128302742846,0.4741198032505901,0.6820078489225277,1.3948828686146002,2.4026394725904106,2.2856210055942596,hjorth_mobility,hjorth_complexity,1.37773139451286,1.0850479387784278,0.9789068156794511,0.27774999404634326,0.09370954230447033,1.0574725552404751,0.04756567605858211,0.2554830170384286,1030,eeg_data_level_6.csv,15,AF7,270.0078125,280.00390625
1.0847384822632753,1.0847384822632753,1.1113603958587197,1.3586031813149628,1.0447154852501612,1.4323297056244197,1.4323297056244197,1.5842124992367281,1.0617605803841097,1.0149083341059668,1.7406562621477728,1.7406562621477728,1.3187426140890162,1.5425122361790735,1.9107586394352754,1.6813586648527632,1.6813586648527632,1.7338183647078973,0.9833559142432854,1.6170804906243612,0.7502423809152113,0.7502423809152113,0.7199261152355404,0.5665658339784997,0.7284935150272251,1.141937622866614,1.2240617262408726,1.1316623164043997,0.7558027963732435,0.3981058614802935,hjorth_mobility,hjorth_complexity,0.5419606206080846,0.7918357901054881,0.9004227396612731,0.7491605344002287,1.4789810372401186,1.2978072268860377,0.9723104238603876,1.1550949100120524,1030,eeg_data_level_6.csv,15,AF8,270.0078125,280.00390625
0.34479524067760803,0.34479524067760803,0.5443390578000962,0.19112853862813559,0.20045931978577383,0.36123390838970265,0.36123390838970265,0.27004802156350094,0.6133992623977713,0.4134825069268133,0.3412997254507199,0.3412997254507199,0.2904469687504447,0.5468290728072436,0.3486866469706358,0.7940934852346775,0.7940934852346774,0.6579685874579732,0.6651435899592218,0.8114133424887859,0.7979288514362547,0.7979288514362547,0.9809939366777507,0.8817297601615515,0.7884007108211344,0.9411779787437711,0.9785384791997304,0.6717495723963601,0.9340357981917461,0.991011169400214,hjorth_mobility,hjorth_complexity,0.9370161645678239,1.0471609716045074,0.8327556036473843,0.8026720011431021,0.753750666362044,0.7931044164303563,0.5771233167126282,0.8899170134201078,1030,eeg_data_level_6.csv,15,TP9,270.0078125,280.00390625
0.8263082411142327,0.8263082411142328,0.61861224625933,0.9906602310081649,1.0136545751405062,1.2518446465535196,1.2518446465535196,0.9349027630623608,2.1205323225660293,1.5692330621230997,2.566478684575238,2.566478684575237,2.1514977002874547,3.6902167518838622,2.617212700664674,2.1514627965511184,2.1514627965511184,2.561681289580138,2.537847011829324,1.9340164057903793,1.5511022183643168,1.551102218364317,1.4593097475172423,1.6753095780799985,1.5201341739860526,1.0140060888192555,1.2334565871163028,1.6135390263872758,0.975088303954137,0.7848796401571957,hjorth_mobility,hjorth_complexity,1.3360421160045457,1.0853701930800332,0.8479833347213841,1.3097568526589032,4.135442845175539,0.9132717522531376,1.0198843089271838,1.183016097890744,1030,eeg_data_level_6.csv,15,TP10,270.0078125,280.00390625
0.02136565113134167,0.021365651131341666,0.016347478597550525,0.03433408637643845,0.02267338991065934,0.027327676691634946,0.027327676691634946,0.022489042437418828,0.04769470167648359,0.023894168873883893,0.11554753818744495,0.11554753818744495,0.11044796942712011,0.09483617667164111,0.12241711940267586,0.3497658360300487,0.3497658360300487,0.32131293607646894,0.4200933084866052,0.3561870298069413,0.24468787685510626,0.2446878768551063,0.29965134584895314,0.22948903546708016,0.23952515678476533,0.6341909989989271,0.6208067556920789,1.3935817585967132,2.4367813603659,1.93937309975559,hjorth_mobility,hjorth_complexity,1.2665599851573552,1.045538270690477,0.9796069412460718,0.31087614012526493,0.10185819815703297,1.0694892888227532,0.0531244694668218,0.2699992154630279,1030,eeg_data_level_6.csv,16,AF7,280.0078125,290.00390625
0.5105245684686738,0.5105245684686738,0.5411542610704041,0.2503231421064949,0.525603800877406,0.3761070462537265,0.3761070462537265,0.4963709832007022,0.40547400198540345,0.27001374402545253,0.9249032178174703,0.9249032178174703,0.6876961893553448,0.8640479946638093,1.2133501839865573,0.8052898468176868,0.8052898468176867,1.2951869289115938,0.6938274142137081,0.8373148402579709,0.5663774409390001,0.5663774409390001,0.8013101629706959,0.3956243795368548,0.5133759228132122,1.1161245622527622,0.82601557795047,1.2812787819124236,0.792964934348622,0.6194782365837305,hjorth_mobility,hjorth_complexity,0.8278299589508106,0.9426111677937092,1.0008032427755127,0.7568050296492106,1.1774807706953012,1.1776398910632564,0.5914493344359208,0.9008945776265606,1030,eeg_data_level_6.csv,16,AF8,280.0078125,290.00390625
0.6171153162256701,0.6171153162256701,0.5237338671819475,0.8474908646242044,0.5936288070871333,0.9228555244534317,0.9228555244534318,1.1020015797804183,1.0141111681954917,1.0153294940434396,1.0502763436155385,1.0502763436155387,1.0977039161642534,0.6002079334794819,1.1027261848773837,0.7582276264756531,0.758227626475653,0.893946534840267,0.8194268136315171,0.7283241462963687,0.7881385329863947,0.7881385329863947,0.7305498906262929,0.5567051180053697,0.7969125606084637,1.1075599650194328,1.3100059858896755,1.092700241250304,0.5952663315168912,0.645558506301613,hjorth_mobility,hjorth_complexity,0.9310605533523504,0.9689547257525485,0.6987515701961863,1.1543187825962706,0.6152235168684791,0.57680321194935,0.647311913431272,0.9424796881468052,1030,eeg_data_level_6.csv,16,TP9,280.0078125,290.00390625
0.7596771040981113,0.7596771040981112,0.7224407474269664,0.7835537517315836,0.756264311376472,1.264726075190622,1.264726075190622,1.5208539087336488,1.0230783133735692,1.334319270158467,1.4252294288900815,1.4252294288900815,1.373032147833599,1.0405536351146074,1.4158125848176915,1.4022377688842453,1.4022377688842453,1.7934252851101187,1.4743906961849667,1.360119805765835,1.319703165356318,1.3197031653563183,1.0006375263071514,1.8168173515172774,1.3314738125333954,1.0473117875562863,1.3355065329495592,1.1111212747357735,0.776787595655685,0.7847362808772301,hjorth_mobility,hjorth_complexity,1.1593589832788334,1.03825425797837,1.017790039335647,1.1059036460193852,1.4708323813875561,1.0334390880759188,0.8511302408691108,1.0807200529312064,1030,eeg_data_level_6.csv,16,TP10,280.0078125,290.00390625
0.012371324026966689,0.012371324026966687,0.013031386460507822,0.015292962928880164,0.01169168066177089,0.023826860057690972,0.023826860057690972,0.016489746236550907,0.0474032052993198,0.02856696651871765,0.10788768703434717,0.10788768703434717,0.08283801778144828,0.14236285853652977,0.1264983697855268,0.358903873090252,0.35890387309025196,0.3188476510561046,0.382437782038455,0.37479870697548073,0.2750275814619244,0.27502758146192435,0.29991478222960016,0.2092770604329764,0.2608542709740215,0.444927715254979,0.6017866609822272,1.4254173290938361,2.6171651521043784,2.2776356809364176,hjorth_mobility,hjorth_complexity,1.2824416150652844,1.0652386832051663,0.9567040836479929,0.29049081946131317,0.05296626304165714,1.0094056209113627,0.05054295479054745,0.26335739216749654,1030,eeg_data_level_6.csv,17,AF7,290.0078125,300.00390625
0.6473448908282506,0.6473448908282506,0.8712227108768905,0.24307830541901132,0.5442995730513739,0.4050555378932698,0.40505553789326987,0.30776100767406567,0.6189407769954938,0.5301625421671564,1.060501258947264,1.060501258947264,1.343334041775064,0.8661626694751674,1.0323991880724055,1.07790174587667,1.07790174587667,1.658752202955325,0.8576423104225137,1.0248477489589605,0.6211834540420343,0.6211834540420345,0.665866685941816,0.3048921173223334,0.594039069632672,1.100855664424372,0.7891955663936648,1.195867703182314,0.8467346095095544,0.5622426174452071,hjorth_mobility,hjorth_complexity,0.8099631253043902,0.8729551885267488,0.7824603332552713,0.6599747564954396,1.2222983778843957,1.0094056209113627,0.6770105349043394,0.9638576810370616,1030,eeg_data_level_6.csv,17,AF8,290.0078125,300.00390625
0.5062504686361433,0.5062504686361433,0.5669162438038108,0.5229697107126183,0.4962083371273337,0.7745373279952681,0.7745373279952681,0.5843624455865136,1.09924919256325,0.9605698892088211,0.8493206442218376,0.8493206442218376,1.0181544929095048,0.6276347756060757,0.8855653511542957,0.7769484234504265,0.7769484234504263,0.6677384191845641,0.5926665635765401,0.8724075845229635,0.7567438366056839,0.756743836605684,0.7773613310244075,0.5130674649159217,0.7402640012261346,1.0603235516513472,1.3394997491224354,1.0647186599495837,0.6968107265339191,0.7146383233969671,hjorth_mobility,hjorth_complexity,1.054143185138802,0.9813972210953331,0.7064179451506828,1.0014288776166322,0.5255883024902901,0.7089872813544095,0.5136022303040677,0.8395153662390638,1030,eeg_data_level_6.csv,17,TP9,290.0078125,300.00390625
0.908124426388636,0.908124426388636,0.8620136060146082,0.9846931212510378,0.8803290309349766,1.54251566567783,1.54251566567783,1.3175408184227468,1.802195119404492,1.6783737601845872,2.1775181143190268,2.1775181143190268,1.8630845861412901,1.9343303229388997,2.36837247100356,1.5818667376948723,1.5818667376948718,1.6158790854461371,1.7445399381831728,1.3595011404032842,1.467560127877438,1.4675601278774377,1.528564062182585,2.206835592842331,1.4222710192780785,1.0499640425812766,1.388694176112159,1.3881830763453566,0.7450331540673418,0.7397061973410742,hjorth_mobility,hjorth_complexity,1.2050186692641296,1.0448873550907294,1.0005319441184475,1.1008073158533973,3.1494554870154596,1.0815060224050315,0.9982589779523435,1.1704067333878354,1030,eeg_data_level_6.csv,17,TP10,290.0078125,300.00390625
0.01152921119765597,0.011529211197655969,0.008412372610389645,0.02182703978452604,0.012124782494523308,0.02507620608854833,0.02507620608854833,0.015687278132052486,0.049918529426978414,0.030395587581956658,0.10666815542292678,0.10666815542292678,0.07561601851674776,0.13691162098775972,0.1178617514294546,0.38401794731353617,0.38401794731353617,0.3848628160908169,0.27786909646024144,0.38404169193030235,0.32769464018223454,0.32769464018223454,0.36499398432933156,0.33299743372693774,0.3020875654032509,0.4108825126903382,0.5965285530713025,1.3401208219896654,2.6257782802035416,2.4887340081694465,hjorth_mobility,hjorth_complexity,1.3757461907743687,1.084376927722449,0.9823374309558925,0.37203210211712034,0.1303784936410022,1.0334390880759188,0.05508966727015787,0.2749478157679286,1030,eeg_data_level_7.csv,0,AF7,120.01171875,130.0078125
0.08937924802342954,0.08937924802342954,0.07143756219966585,0.09911363241667175,0.08938139404642666,0.1309894791961807,0.1309894791961807,0.11815290772200845,0.1879116593422356,0.12787087148346624,0.36565630073912586,0.365656300739126,0.29990497985589326,0.4847525320947116,0.4068098284128764,0.8222757396569887,0.8222757396569887,0.7407425450495129,1.1507699868713805,0.8290852294877828,0.6369623706835029,0.6369623706835029,0.714017430133591,0.5468670889161237,0.5945686814529756,0.7762113143781161,0.8643380696374572,1.4449970044565141,1.9715427226918436,1.6877011113434777,hjorth_mobility,hjorth_complexity,1.1136992972935367,1.0500346587069307,0.9113884563484692,0.44338072444095167,0.9900616860863605,0.9613386865822501,0.18815031015647884,0.5081216135620913,1030,eeg_data_level_7.csv,0,AF8,120.01171875,130.0078125
0.689634883853641,0.6896348838536409,0.5892813739151403,0.5658187331769579,0.8181149690119884,1.216733200526464,1.216733200526464,0.9731748332434658,1.8697596351324088,1.1625344864338127,1.273682983426485,1.2736829834264847,1.873828107095733,1.252223907664501,0.896285321526894,1.2155951068082258,1.2155951068082256,1.1109784136138603,1.4680551465896725,1.1709375001767797,1.1663465410818925,1.1663465410818927,1.2044310269165148,1.1188604545666607,1.132906802397726,1.0296647001347652,1.4193795478305642,1.088461070006002,0.7512230991903259,0.7617369006744636,hjorth_mobility,hjorth_complexity,1.01642431410747,0.9840330533419476,1.236054184729644,1.630825653116144,0.8352372248876704,1.2257068253923689,0.7359734859375234,1.0049542325721752,1030,eeg_data_level_7.csv,0,TP9,120.01171875,130.0078125
0.7452968911222309,0.7452968911222307,0.6976829496856969,0.9079901287058719,0.7595464398336672,1.3460484421709569,1.3460484421709569,0.9700415086386657,2.1448327750111225,1.5288511986110251,1.414088877798407,1.4140888777984073,2.0728025393424994,1.5498158825243533,1.0535276244897525,1.4809085401509323,1.480908540150932,1.4748152578020994,1.871075725712165,1.4900059139454274,1.6586121088702845,1.6586121088702848,1.48239501825547,2.4546166638497287,1.638900076991736,1.0122056162950905,1.3948258854400266,1.0627579929749464,0.7895892190357592,0.9201392139123119,hjorth_mobility,hjorth_complexity,1.187151835617709,1.0796796286905457,1.4152600750757895,1.5926031768712343,0.7048587312466682,1.3458741612151501,0.8785153081325238,1.097968462905944,1030,eeg_data_level_7.csv,0,TP10,120.01171875,130.0078125
0.06406373684249078,0.06406373684249077,0.09609020517266774,0.044122537241189086,0.05836263415300148,0.08440839614741198,0.08440839614741198,0.08980295600944456,0.15950930575301495,0.07485235101246718,0.15924776742219449,0.15924776742219446,0.09926243513799313,0.2607293302071373,0.18371523026374775,0.3414643630516087,0.34146436305160865,0.29777411099924367,0.32215048189188494,0.3533147903950302,0.27936240072554347,0.27936240072554347,0.3469471490345329,0.2719807739785634,0.2543319217279575,0.861846739923493,0.970107825887469,1.1954336778318193,1.552859245989245,1.39153696297058,hjorth_mobility,hjorth_complexity,0.9191493309214036,1.0226483079598725,0.9227917515148037,0.407706413279036,0.36261518543903737,1.0574725552404751,0.13033960950059617,0.42291530964882046,1030,eeg_data_level_7.csv,1,AF7,130.01171875,140.0078125
0.20061156088209417,0.20061156088209417,0.1649190550503484,0.1801284699074178,0.21139989936166662,0.3939701548475127,0.3939701548475127,0.2455206690871004,0.633673363415193,0.534376334015832,0.4357165132442548,0.4357165132442548,0.4142155198132663,0.39282113285183873,0.45854968895316717,0.7154005046360804,0.7154005046360804,0.6712026144799773,0.7260658913667138,0.7401353431647278,0.627482338634085,0.6274823386340852,0.6555016477994298,0.5130911106310644,0.594377030876928,0.9291364035048324,1.371061964784773,1.0861008280277087,1.150954939906193,1.0814124743639941,hjorth_mobility,hjorth_complexity,1.01642431410747,1.001040477891366,0.8870678444779836,0.5274701721797528,0.9819130302337978,1.0094056209113627,0.27133135149443316,0.6101901436970422,1030,eeg_data_level_7.csv,1,AF8,130.01171875,140.0078125
0.8005293842149621,0.8005293842149619,1.179877994542507,0.8690810926272093,0.6922875860709017,0.8482785312627343,0.8482785312627343,0.7105202645487017,1.2994437574764763,0.9349588681561163,1.231578253863506,1.231578253863506,1.2870747048678992,1.3500885422788644,1.114780958615658,0.9604002193674995,0.9604002193674994,1.0119231714464678,1.028033698797697,0.8885223638352437,0.9618065338627875,0.9618065338627874,0.9203986654359644,0.8949028374285904,0.9767534447322485,1.0799420544414977,1.0936263526720427,1.0692457252482503,0.6074532188360008,0.6404800909700714,hjorth_mobility,hjorth_complexity,0.7603330318421114,1.0037797369550328,0.8686195357975285,1.029458693529566,1.1448861472850507,1.0574725552404751,1.2095971616526373,1.2883550935404406,1030,eeg_data_level_7.csv,1,TP9,130.01171875,140.0078125
0.4385915708757418,0.43859157087574174,0.3313711869074536,0.6003499795024655,0.4901305505925058,0.7408763810031406,0.7408763810031406,0.5145470370746301,1.0354413931423474,0.9665440614564139,0.9078429032179554,0.9078429032179554,1.0160853044927722,0.7666398849915066,0.8148688834041778,1.0985432685857799,1.0985432685857799,0.8603569972930404,1.1433826103161293,1.186442523303678,1.3408068692693103,1.3408068692693105,1.2837855689471471,1.5294042797739908,1.2397418922306578,0.9841806654743103,1.2804032191471624,1.0998830574925804,0.9122639428386694,1.1355376827722377,hjorth_mobility,hjorth_complexity,1.1275957234629745,1.0776102635052967,0.8966333100319386,0.8918577790478912,1.0022846698652044,0.8652048179240251,0.6263005013336302,0.9270573018581936,1030,eeg_data_level_7.csv,1,TP10,130.01171875,140.0078125
0.03256932597774012,0.03256932597774012,0.04366797601265813,0.025552976473364523,0.014659576885227926,0.04455617879356571,0.044556178793565715,0.031216181949644737,0.05181475687853566,0.04535314431749661,0.12815313487584382,0.12815313487584382,0.10495523224152593,0.12369001341587925,0.140685022924193,0.29352121732405895,0.2935212173240589,0.2804628049346602,0.2933506386413316,0.30763445406071915,0.3051401475396151,0.30514014753961516,0.2928043400357208,0.3436043384338697,0.28188240218398697,0.6798861989699082,0.7873544425915526,1.3153175231998717,1.8214210201749463,1.999272110774649,hjorth_mobility,hjorth_complexity,1.1514181683248683,1.0833986912537215,1.1207872617551318,0.3516467814531686,0.2403853476505978,1.2016733582278127,0.07934536253462969,0.3299711525109845,1030,eeg_data_level_7.csv,2,AF7,140.01171875,150.0078125
0.8975574492895987,0.8975574492895984,1.241871952256237,0.7766032980739104,0.9951350796211921,0.700384018288311,0.7003840182883111,0.607776269196004,1.3306614348321602,0.830503774801462,1.3242932651140134,1.3242932651140136,1.2878721658169783,1.3953333233356895,1.319591945487711,0.996810501608021,0.9968105016080209,0.78787406885673,1.1000612920607653,1.0670963465976209,0.7226571983208495,0.7226571983208495,0.7037848149418738,0.6233223355538129,0.735722293744746,1.1362750138115314,0.945277510876421,1.1267786749633364,0.6212072962790982,0.4923985793865397,hjorth_mobility,hjorth_complexity,0.6074723439782926,0.8869489434416007,0.9970838257028404,0.810316496392084,1.303784936410022,1.3458741612151501,0.9266945765215006,1.1276738509420767,1030,eeg_data_level_7.csv,2,AF8,140.01171875,150.0078125
0.723504158006672,0.7235041580066719,0.5594711103906806,0.8536483319537457,0.7779889913087926,1.7144987142961665,1.7144987142961665,1.6663036170103191,1.8636894871055094,1.2272343347534085,1.619170920970323,1.619170920970323,2.056027790499406,1.94644916644674,1.2514235463379424,1.2007584934354314,1.2007584934354312,1.0932168962304616,0.952104326946408,1.198581857082018,1.1971896280561347,1.1971896280561343,0.8372520197864143,1.8624142542411197,1.307054467424821,1.0051265316213935,1.5973275503216424,1.2001391230314902,0.6646332079312448,0.7012035556518569,hjorth_mobility,hjorth_complexity,0.8218743477353369,0.9842763452587978,1.4211148751266551,1.03200685861256,0.9045007996344527,1.4660414970379314,1.0421224989601017,1.1958441556150952,1030,eeg_data_level_7.csv,2,TP9,140.01171875,150.0078125
1.091890406924841,1.0918904069248407,0.7173972144650347,2.014804056878259,1.146933652705346,2.14218269512708,2.14218269512708,2.2600019977248516,1.5807725616971786,1.4842808511443597,1.7118560506981066,1.7118560506981066,1.9771302780867226,1.578879343684915,1.7166697999029332,1.4847646744114384,1.4847646744114384,1.3630304735028234,2.158288397019176,1.3516161867894299,2.318238936754996,2.3182389367549954,2.1479855263417,2.164007261293634,2.225657578591278,1.0443994445377616,1.4233346477762763,0.9340877560438916,0.5824972167153135,0.8931059973153052,hjorth_mobility,hjorth_complexity,1.1434773533709037,1.0766651458837087,1.1920687960066998,1.2103784144221381,1.2711903129997715,1.2617570261392033,1.3011098808723636,1.336202213188967,1030,eeg_data_level_7.csv,2,TP10,140.01171875,150.0078125
0.03285600933150768,0.032856009331507674,0.03378614983925609,0.03051339639434729,0.03380344772919473,0.050222942758884205,0.050222942758884205,0.03526208443561122,0.07566617988925896,0.06208895333802025,0.16235956773371474,0.16235956773371474,0.12432176664760294,0.183812060014152,0.16975944328035647,0.3296489264638716,0.32964892646387156,0.32749537777663307,0.3237692705982292,0.3205648605157054,0.29495937754020374,0.29495937754020374,0.32201545185625535,0.3229890755749593,0.26771788052721457,0.7037808421318976,0.8432748999992812,1.547440316297645,1.9339618870321167,1.8813698743719371,hjorth_mobility,hjorth_complexity,1.0521579814003108,1.0531327974805134,0.9109771325780799,0.36183944178514443,0.1751961008300967,0.9853721537468064,0.08231441471928813,0.33608810853396504,1030,eeg_data_level_7.csv,3,AF7,150.01171875,160.0078125
0.7757460580970038,0.7757460580970037,0.6670204663705565,1.0822859372141984,0.9043150097599434,0.9970968498927905,0.9970968498927905,0.7962162232345975,0.8557748448790421,1.0952955380191267,1.4354984672207483,1.4354984672207483,1.1149057192601353,2.0639281361807424,1.5076891487103574,0.8900059558453665,0.8900059558453663,0.7254814943352594,1.1718181765121118,0.9743291437070524,0.7654958982840214,0.7654958982840215,0.7827642280115125,0.5540700095823463,0.7518156423848947,1.136960977076682,1.2394049137266339,1.2446340416890604,0.5829109293406811,0.5310753554259072,hjorth_mobility,hjorth_complexity,0.8397411813817574,0.9288222676153998,0.9047460150351555,0.5427591626777166,1.4382377579773056,1.1175562231518659,0.7705599280936314,1.0282966227436714,1030,eeg_data_level_7.csv,3,AF8,150.01171875,160.0078125
0.9055820873820392,0.905582087382039,0.8385900786732021,1.066458546494948,0.878838733344871,1.1240443703465275,1.1240443703465275,1.0662849735536368,1.0531556254371999,1.0562151020358557,0.8808380866201476,0.8808380866201476,0.7975746944062864,0.9255729290216714,0.9961606150721075,1.1703615474403448,1.1703615474403446,0.9820857061882683,0.9711965556723036,1.1789609964427181,1.2300231749987067,1.2300231749987067,1.3556875691035182,1.0032371764534924,1.2625434919576097,1.1336298637426017,1.1970713814684963,0.7328728657634163,0.6469899084911741,0.7049907467730135,hjorth_mobility,hjorth_complexity,0.8179039402583547,0.9822785843796469,1.0009870257367506,1.03200685861256,1.0919198842433935,1.0334390880759188,1.0440744447260544,1.1969635686078093,1030,eeg_data_level_7.csv,3,TP9,150.01171875,160.0078125
2.8545871064594017,2.8545871064594017,2.1119514634266494,3.4207171416955395,3.5111845928542045,3.91112695816959,3.91112695816959,2.8988137948420274,5.982521129719524,4.4945404767578125,6.575558332770164,6.575558332770164,5.7786495576282615,9.967673434391838,6.74572028334001,2.4392296060703043,2.4392296060703034,3.850357366311898,1.59363090575276,2.100682925929318,1.9988046953925918,1.9988046953925922,2.543744700318213,1.9954698936789854,1.9518645114060522,1.1418110920884588,1.3169025868401285,1.4870104113963694,0.444267544824934,0.39733865097051624,hjorth_mobility,hjorth_complexity,1.1692850019712888,0.9959657959684002,0.7771306273793713,1.131385296849325,5.2355113852714945,0.8892382850885814,2.545387515580649,1.8689262075913597,1030,eeg_data_level_7.csv,3,TP10,150.01171875,160.0078125
0.10505187563927552,0.10505187563927551,0.09428716542112191,0.1342868139833365,0.1115896138509871,0.12384622488646004,0.12384622488646005,0.10691921892723093,0.12814737128353607,0.11353026067895874,0.1789576566840813,0.1789576566840813,0.14199218063998195,0.15707442540554528,0.21678159568702043,0.3505612764272015,0.3505612764272014,0.2775786885943506,0.44803800432050594,0.3503219081166554,0.293791510331532,0.293791510331532,0.380857831850341,0.24826422717344573,0.27353284648676623,1.0209228713998146,1.0068467555211966,1.0080896337932461,1.2302601108061095,1.112803533927852,hjorth_mobility,hjorth_complexity,1.0124539066304876,1.0211009775665325,1.0504946548664156,0.5121811816817889,0.8678318482979209,1.129572956734144,0.15216422113793135,0.4569529369034294,1030,eeg_data_level_7.csv,4,AF7,160.01171875,170.0078125
1.9944702649328674,1.9944702649328672,1.4401623478612637,2.186125608203012,2.476355335424676,1.6753614192733475,1.6753614192733475,2.3143726349288647,1.4239618400288265,1.2315278562224359,2.6721840714214764,2.672184071421476,2.4978808490200026,2.6239519629800383,2.6881754249249212,1.3923110398351002,1.3923110398351002,1.4181895495259633,1.1626184269182698,1.5868767867380291,0.9100967187947272,0.9100967187947275,1.1147955081950296,0.6316094432843127,0.8265301812689514,1.240686433270157,0.9578114752136261,1.0755697045363404,0.4337987875261823,0.31172344842963245,hjorth_mobility,hjorth_complexity,0.5360050093926111,0.8212442807986933,0.6804695413378038,0.805220166226096,4.6243621963292965,1.2978072268860377,2.5700701781348507,1.877965849408963,1030,eeg_data_level_7.csv,4,AF8,160.01171875,170.0078125
1.6641519454646785,1.6641519454646785,2.2573135400728637,1.573911360972979,1.470051056181492,1.4009504571397189,1.4009504571397189,1.2616193332068575,1.5307972473384845,1.6305277117617683,1.4821408474265074,1.4821408474265074,1.6269254714454848,1.3172370416226988,1.1282395923291189,1.1559707671406931,1.1559707671406931,1.0795598709661782,1.4145948224940739,1.214158962907501,1.291935392473271,1.291935392473271,1.1825269770130156,1.019672650012688,1.3114263706364178,1.1575603237279264,0.9834700590944706,0.7370670933317444,0.41903736494497595,0.48259193021964863,hjorth_mobility,hjorth_complexity,0.5499014355620493,0.9553574080673972,1.6939800631474822,1.3734609797337525,1.3526768715253978,2.283179380632844,2.4555768732344525,1.8356588249599177,1030,eeg_data_level_7.csv,4,TP9,160.01171875,170.0078125
1.3134176419372625,1.3134176419372623,0.9301281349065025,2.0071777797889583,1.397189529306812,1.355679968129422,1.355679968129422,1.0540379012972159,1.686577439759123,1.852959881014654,1.731713383749115,1.7317133837491157,2.2204571096866457,1.5143421846956127,1.2825979618734948,1.6496549821247004,1.6496549821247002,1.4770981785490396,1.2734746285574614,1.5883705302671172,2.5412533286398657,2.5412533286398657,2.120364446555156,2.8676761921499985,2.5983042121609117,1.1317266718765404,1.0426820567566357,0.9005481458498723,0.6152112224938767,0.9363433492791992,hjorth_mobility,hjorth_complexity,1.1792110206637445,1.079000590812272,1.182275789643593,1.5365435450453668,2.9049958114385803,1.1536064238987,1.887316719652754,1.6093021552599527,1030,eeg_data_level_7.csv,4,TP10,160.01171875,170.0078125
0.03540863137105891,0.03540863137105891,0.04348848328295756,0.01342830012405781,0.02731639036782578,0.04706922701048298,0.04706922701048298,0.051908230675592186,0.06810442305266955,0.04499795840807899,0.11935735039138959,0.11935735039138959,0.10655488577598281,0.1437568070563956,0.1241665659973384,0.3112471890657228,0.31124718906572274,0.24509085458105237,0.3159279144536868,0.33174161886479925,0.2654709491375226,0.2654709491375226,0.23655912450877858,0.21994304244336582,0.2685967727874086,0.7287960260935231,0.8064423853727082,1.2401151514630444,1.9059081399557247,1.7789812353719332,hjorth_mobility,hjorth_complexity,1.234796725341497,1.0819050951129745,1.0399840197975228,0.3643876068681384,0.11815550986215824,1.1055394895695876,0.06180757899291172,0.2912299700465936,1030,eeg_data_level_7.csv,5,AF7,170.01171875,180.0078125
0.27705435268018275,0.27705435268018275,0.21477745916884927,0.37721739515374014,0.3244564149119101,0.24168828869590797,0.24168828869590794,0.20281095301856294,0.32281956670167417,0.30983375684325826,0.479742595365525,0.479742595365525,0.49944560889846146,0.5514699370632065,0.39052629317612775,0.6754347111368968,0.6754347111368967,0.5134852329734728,0.946126096080563,0.6821672923683042,0.625562661193876,0.625562661193876,0.6083599980199584,0.4836119166692226,0.6229976942546824,1.0719769122658758,0.8726523401359674,1.0718635369238803,1.007346404495427,0.989496475651485,hjorth_mobility,hjorth_complexity,0.7702590505345671,1.010427358846543,1.1865027977520655,0.6243004453335239,0.45225039981722637,1.2737737597214813,0.3886843651231627,0.7303209095940041,1030,eeg_data_level_7.csv,5,AF8,170.01171875,180.0078125
0.42527677626485527,0.42527677626485527,0.3347052772541831,0.6785429150896549,0.43269245049319305,0.7917329340765954,0.7917329340765954,0.7483061941704724,0.8439374455223931,0.726476188138188,0.8782616033708073,0.8782616033708073,0.9432079769599803,1.057150356111275,0.8424479470741033,0.887715380391766,0.8877153803917659,0.8508776947188512,0.7778299586783395,0.903470095197199,0.9817143750912704,0.9817143750912707,0.9941489429686908,1.3462732360649385,1.0155596608641477,1.0076727717478908,1.371429081791581,1.13650008443375,0.8018543755814435,0.9246773973387294,hjorth_mobility,hjorth_complexity,1.0640692038312576,1.029687021826082,1.653512805396807,1.2613417160820177,0.7700479780671693,1.610242300025269,0.7503960262779238,1.0147532759651428,1030,eeg_data_level_7.csv,5,TP9,170.01171875,180.0078125
0.6688773822039518,0.6688773822039518,0.5119355368642348,0.8064543567612532,0.7695875051330634,0.6073111288556138,0.6073111288556137,0.5546019564432885,0.7666355127217387,0.6383462617970903,0.8724630418126244,0.8724630418126246,0.8828012014251494,0.7587212484699152,0.8320299202802951,1.2523296970143378,1.2523296970143376,1.1532128605137244,1.563645070506902,1.2655487401224206,1.9378066650446395,1.9378066650446395,1.503089849719537,2.333556350811723,2.0613290355059175,1.0767510480873357,0.8902110400382136,0.8615990044901453,0.8106467173666481,1.2422658910427242,hjorth_mobility,hjorth_complexity,1.4889028038683643,1.1525037806753204,1.1951230937910824,1.4116834559786622,0.7252303708780747,1.129572956734144,0.8013638548773994,1.0486488241359202,1030,eeg_data_level_7.csv,5,TP10,170.01171875,180.0078125
0.044864319931947005,0.044864319931947005,0.11436393763871551,0.02333818209966325,0.014874696139125829,0.034085931854119914,0.034085931854119914,0.022261930938066693,0.03459602876801794,0.04499254568024914,0.18641906815469383,0.18641906815469383,0.1589193978440138,0.12824960666936716,0.2097500754498218,0.3342883931184586,0.3342883931184586,0.2802171100980952,0.5386005110781248,0.3207623090024587,0.36850347753736584,0.36850347753736584,0.38495292220720173,0.23123725215886132,0.3544142579250507,0.6183395121962025,0.5403527748773279,1.482408489023877,1.7106266965863586,1.9616261308436072,hjorth_mobility,hjorth_complexity,1.0124539066304876,1.1117435943898204,0.84632053650066,0.3592912767021505,0.42780443225953846,0.9373052194176938,0.12031981316315953,0.40633457095680714,1030,eeg_data_level_7.csv,6,AF7,180.01171875,190.0078125
0.15102040367076636,0.15102040367076636,0.2730307496282736,0.11512852148141807,0.08534167416601933,0.1638618178765678,0.1638618178765678,0.15660079847388703,0.06223314947635214,0.17278255525011807,0.22660497280987485,0.22660497280987482,0.27217940745013935,0.16768909656978565,0.1950475007326342,0.6703731196229955,0.6703731196229953,0.541864383143199,1.0298313646589465,0.6822030610500773,0.6424641025858174,0.6424641025858173,0.6999682160396047,0.6892994044439501,0.6366366404705794,0.8326092734611783,0.8495498763427926,0.7874974668845993,1.385319803563981,1.4061533958598678,hjorth_mobility,hjorth_complexity,0.9330457570908416,1.083576164410513,0.9275438537982414,0.5019885213498131,0.6600411240575736,1.0334390880759188,0.2704583151797527,0.6092076782338376,1030,eeg_data_level_7.csv,6,AF8,180.01171875,190.0078125
2.4652650705821197,2.4652650705821197,4.2873556265881145,0.9054503122470557,0.9791306536679232,0.8740125951729949,0.8740125951729949,0.7560632319194681,1.0607591170880546,0.901962114214549,1.0688027558573747,1.0688027558573747,0.9206096724783112,1.084991811239616,1.1074336342508215,1.8702711970865198,1.8702711970865196,1.8936005658840331,1.5613586786153604,1.7045257295279972,1.6902704749758244,1.6902704749758244,2.7042791013093663,1.8807216203726427,1.6803254696468595,1.022778785912744,0.5415730135386667,0.4420739786505974,0.4813149451397464,0.46176327225883573,hjorth_mobility,hjorth_complexity,0.5717386766854519,0.9803988886955373,0.6362391086665424,1.4728394179705175,2.3549615413906024,1.610242300025269,4.898329806761037,2.5926220525092445,1030,eeg_data_level_7.csv,6,TP9,180.01171875,190.0078125
0.4846102312284308,0.4846102312284308,0.3598088158958016,0.6821926771056126,0.6128368762300596,0.7807649831398885,0.7807649831398885,0.6237597257350995,1.0804570556513708,0.8841427170055692,1.0773645169259618,1.0773645169259616,0.8330683588463474,1.323888880690161,1.153197840513454,2.148000374634808,2.1480003746348078,1.7791309512660178,1.069568509212506,2.3340895023987587,2.624906817355409,2.624906817355409,2.2991015696700665,2.1464258532651974,2.7669808037019457,0.8662756841371033,1.062978903928527,1.0096831997588696,1.231124372479084,1.5623452424069013,hjorth_mobility,hjorth_complexity,1.302293652450196,1.1396797953736566,1.1544895562183348,1.1543187825962706,0.8352372248876704,1.1536064238987,0.8468601197745552,1.0780056574372145,1030,eeg_data_level_7.csv,6,TP10,180.01171875,190.0078125
0.024847461177717942,0.024847461177717942,0.022874555252774837,0.022297743901013217,0.02558363593108591,0.0516398801587623,0.0516398801587623,0.031440241624808844,0.08548746659674662,0.06412553078044896,0.175739366201623,0.175739366201623,0.15517745066037605,0.21394020462151722,0.17998497396253813,0.4730956543097971,0.473095654309797,0.39316404265734095,0.5075304138262641,0.4671083379987635,0.3795946931520095,0.37959469315200944,0.3451489772058881,0.1909903366089096,0.3795145250577858,0.5494606144375964,0.8012001428795981,1.5157157964146883,2.390143922727588,2.132461072631811,hjorth_mobility,hjorth_complexity,1.250678355249426,1.0546197423999293,1.072408585101643,0.3567431116191565,0.13445282156728353,1.1536064238987,0.0777082974836495,0.326549404636479,1030,eeg_data_level_7.csv,7,AF7,190.01171875,200.0078125
0.5047048158749824,0.5047048158749823,0.49335690948122407,0.28193441892543414,0.6120390127381935,0.2816205216614152,0.2816205216614152,0.20449862170370253,0.46521398533233216,0.3302441745609958,0.3506333180463747,0.35063331804637465,0.4128290074478301,0.29612748250634474,0.30693744717883326,0.6620262418871474,0.6620262418871472,0.709230168349273,0.7054169237328501,0.685505512460974,0.7033460173444113,0.7033460173444113,0.8827709735649758,0.6078800232868574,0.6684554024135728,1.155098261737813,0.7296063454430902,0.5948225229256321,0.7092083409700982,0.7804654488196953,hjorth_mobility,hjorth_complexity,1.1236253159859924,1.0748576204175577,0.9120360724975936,0.8918577790478912,1.5278729723554945,0.9132717522531376,0.44696913559841295,0.7831662557068635,1030,eeg_data_level_7.csv,7,AF8,190.01171875,200.0078125
0.722671054998969,0.7226710549989689,0.5597670168881868,1.1395674746411768,0.7506713378333507,1.2204406847129439,1.2204406847129439,1.024934636714556,1.2028519944386666,1.586635960430315,1.2392607894414083,1.2392607894414083,1.3234635448811596,1.6606269513062846,1.2288437767413192,1.131954131273537,1.131954131273537,0.9416489153569826,1.0247438223494836,1.2216253029073851,1.2208894996280057,1.2208894996280055,1.0827790406978424,1.5756622497251935,1.2824520600666105,1.0760315021818725,1.4001517728845823,1.0682627490233354,0.6910627580854332,0.7742679337560707,hjorth_mobility,hjorth_complexity,1.0481875739233284,0.9867805521871398,1.5087268382196504,1.215474744588126,0.8107912573299825,1.4420080298733753,0.9748273481275365,1.1565889839817838,1030,eeg_data_level_7.csv,7,TP9,190.01171875,200.0078125
1.2102986112331497,1.2102986112331495,0.9291558328739735,1.7474333575497467,1.2335570315201678,1.9764919654599775,1.9764919654599775,1.9863486287903005,2.962373137473586,2.20828879914322,1.7641028058020676,1.7641028058020676,2.6899603093791993,1.9938607802429642,1.3052147370840614,2.0521087373284423,2.052108737328442,2.3930694105527106,2.1722008380724196,1.9873543117531944,2.5657180511761895,2.5657180511761895,3.263561775704517,3.0513698561623452,2.466331052917835,1.0486456468718737,1.3461924126929004,0.8920019947960671,0.7183128823100899,0.9132154976044966,hjorth_mobility,hjorth_complexity,1.3122196711426517,1.0793960792849453,0.8883368220674833,1.5620251958753066,2.367184525169446,0.8171378835949126,1.6263555557392357,1.4939048872932208,1030,eeg_data_level_7.csv,7,TP10,190.01171875,200.0078125
0.10314206094393462,0.10314206094393462,0.16178255924761428,0.06363282633888431,0.04755052780829551,0.0816361126668334,0.0816361126668334,0.07166081369526082,0.11314242917490705,0.09245911448261847,0.1608135053199475,0.1608135053199475,0.13087680568291465,0.20606549829829773,0.17662973759008102,0.34761816856913524,0.3476181685691352,0.35295726741345607,0.23767314169491055,0.34816675061912206,0.302466027494643,0.30246602749464296,0.31665632700377544,0.27832762943569367,0.2929182705786285,0.919952683583906,0.7849976464560922,0.9741383276118958,1.278948551186743,1.205614231591718,hjorth_mobility,hjorth_complexity,0.9409865720448062,1.047243975649324,0.9363829390768277,0.407706413279036,0.33816921788134946,1.0574725552404751,0.13886746531023186,0.43653136510368584,1030,eeg_data_level_7.csv,8,AF7,200.01171875,210.0078125
0.4911707332537726,0.4911707332537726,0.44109924402563716,0.5432774851887564,0.4496891334801829,0.34721346804851566,0.3472134680485157,0.3445719355509072,0.6242799613168668,0.3277429127356531,0.7594411509375626,0.7594411509375626,0.821432842372849,0.4416577487063816,0.8915967779788315,0.7114344961932861,0.7114344961932858,0.7415037258687814,0.6823915578763583,0.6400982012001185,0.8753151854837615,0.8753151854837615,0.8399491131421676,0.4169049964069745,0.8500316666494983,1.147241600115065,0.8157833983028584,1.0748315973445455,0.721900285555125,0.9021065227570778,hjorth_mobility,hjorth_complexity,0.8794452561515803,1.0345674319694405,1.0584323284779775,0.7466123693172346,1.0022846698652044,1.1536064238987,0.44632340737328136,0.7826003381786849,1030,eeg_data_level_7.csv,8,AF8,200.01171875,210.0078125
1.911792616731229,1.9117926167312285,4.212446106547449,1.1596304469772951,0.7913909672714049,1.095860270640622,1.095860270640622,0.9920135587108041,1.0016532603050776,1.401366965195473,1.0448877203138174,1.0448877203138174,0.9306924618664051,0.9595209479320231,1.1291521944620135,1.5110837100177947,1.5110837100177943,1.1618725686483091,1.4682083775033545,1.5966334892580007,1.550460885924015,1.550460885924015,1.1645503798882904,2.372834217666867,1.6098022371462013,0.9551449247479545,0.7602762678168633,0.5167571671030137,0.48493400654068597,0.519231863313095,hjorth_mobility,hjorth_complexity,0.7226141608107796,1.0372499164777071,0.850092462990829,1.2791788716629755,1.9230827812047824,1.321840694050594,2.477493706134392,1.8438325571651877,1030,eeg_data_level_7.csv,8,TP9,200.01171875,210.0078125
1.7234571854825895,1.7234571854825893,1.6185722729172167,1.4370394722274185,1.6706809531600737,2.9047383764218133,2.9047383764218133,2.8939223525374116,3.2586711335050076,3.0556242881184894,4.194748662940454,4.194748662940454,3.63425901376308,4.046178709503626,4.568614235493504,3.7558860637584,3.7558860637583993,4.4732382523949346,2.8794650956139796,3.30508337459474,3.3923569525942856,3.3923569525942856,3.0020152504151247,4.398898465175251,3.2879666698290415,0.9958885796552903,1.3086754386087727,1.3359576406383946,0.8461448202750946,0.830336762766668,hjorth_mobility,hjorth_complexity,1.3638349683434217,1.1051858148825007,1.1622434468686589,1.4473577671405777,4.640659508034422,1.2016733582278127,1.808840153573125,1.5754887062659224,1030,eeg_data_level_7.csv,8,TP10,200.01171875,210.0078125
0.019783965635273407,0.019783965635273404,0.016304834711587196,0.021118696476626776,0.021584842383695086,0.042045844384904045,0.042045844384904045,0.03616565224966272,0.04590177779863772,0.03859735085866687,0.09127085364500495,0.09127085364500494,0.07850104467908639,0.15668960752485964,0.09621107312318163,0.3666472182273669,0.36664721822736684,0.4358898879443363,0.4896545933392377,0.3658714655843975,0.36437429890689743,0.36437429890689743,0.41132055091402553,0.27142942820989063,0.3304195234535355,0.5356601776467841,0.7627639140280272,1.0394826275721853,2.244191955775251,2.3773911372863976,hjorth_mobility,hjorth_complexity,1.3499385421739836,1.08374981207926,1.0064742598651406,0.32106880045724084,0.08148655852562638,1.0815060224050315,0.06419274205678438,0.2967960816068338,1030,eeg_data_level_7.csv,9,AF7,210.01171875,220.0078125
0.37507690653869397,0.3750769065386939,0.31089801611004825,0.47098368090335735,0.3984157545666979,0.3012586290334659,0.3012586290334659,0.3431109934483567,0.43129684418877573,0.21559847635979265,0.40122254639143135,0.4012225463914314,0.3566251919266985,0.530231026922763,0.37469657977722703,0.691027145846853,0.6910271458468529,0.5439621672809114,0.7920653925643414,0.7568946322192959,0.8126586765251074,0.8126586765251074,0.8528610058456347,0.5737673174967706,0.7560494466045399,1.1176400109533529,0.8416174781528591,0.7809959212554719,0.8547286178477309,1.0203482189748483,hjorth_mobility,hjorth_complexity,1.0998028711240986,1.0596927850978004,0.8790864130185078,0.5580481531756806,1.2182240499581143,1.0094056209113627,0.3309703114348274,0.673922131177102,1030,eeg_data_level_7.csv,9,AF8,210.01171875,220.0078125
1.0579646640807392,1.0579646640807392,0.9687189507613826,0.9894744443598269,0.9236855669817676,1.068873267895694,1.068873267895694,1.311786072354229,1.4113135681808635,0.9656643512427092,1.1906506951357725,1.1906506951357723,1.1203039966625001,0.9331063897260552,1.114651564095911,1.0971634597122348,1.097163459712235,0.7944193390152965,1.3220262868305028,1.1087869402701396,1.2776799916063764,1.2776799916063764,1.138116688449346,1.1532927595862907,1.2661391181532842,1.152288630774679,1.0630970038017944,0.8591892125536243,0.562546777537255,0.6689303976110405,hjorth_mobility,hjorth_complexity,1.0184095178459611,0.9901720831938242,0.9168581873376936,1.1492224524302828,0.9778387023075165,0.8291546171771907,0.9635475981424437,1.1498780553625536,1030,eeg_data_level_7.csv,9,TP9,210.01171875,220.0078125
1.0992741169485987,1.0992741169485987,0.9485014543369249,1.4104543489120167,1.0432408751083708,1.0604191664093754,1.0604191664093754,1.242992871459843,1.554439102045008,1.0379244483350243,1.4454801534260184,1.4454801534260184,1.2184036485722234,1.4242295521487194,1.735612466144641,1.3960361090870246,1.3960361090870244,1.2246704738014529,1.2184779031742876,1.3905953781318234,2.0157344385975033,2.015734438597504,1.5168880925600856,2.883992179069571,2.1284927578290893,1.1142274900232634,0.9786317218590602,0.9213512363982603,0.6195910748185884,0.8984885879784235,hjorth_mobility,hjorth_complexity,1.2685451888958466,1.0792065444987773,0.7085883344072068,1.2435045605010597,1.5726905795445891,0.7931044164303563,1.362197253977864,1.3672099158214175,1030,eeg_data_level_7.csv,9,TP10,210.01171875,220.0078125
0.030356616349377474,0.030356616349377474,0.040117045716121305,0.01979098786414798,0.02120018510535012,0.053996508892349804,0.053996508892349804,0.03603913667354347,0.09287129880506981,0.06562510790141127,0.14016533089805933,0.14016533089805935,0.10529550870843954,0.2224500534440508,0.15237198117454354,0.37680532112996046,0.37680532112996046,0.3752696363110688,0.4458781339737377,0.37785159132059665,0.3368073652666238,0.3368073652666238,0.41033853366532164,0.2762668240867618,0.3039595643276367,0.6151064040756719,0.8553827563833755,1.3097745536038892,2.0533187624285967,1.9869167819581548,hjorth_mobility,hjorth_complexity,1.1434773533709037,1.0680090275477583,0.9739796820043581,0.41280274344502393,0.17927042875637803,1.0574725552404751,0.08208520437256875,0.33561985170304504,1030,eeg_data_level_7.csv,10,AF7,220.01171875,230.0078125
0.13805264125484265,0.13805264125484268,0.1945336107731211,0.04065130069233044,0.0885409511800155,0.09882671453121349,0.09882671453121349,0.0662006832531714,0.15105060889802002,0.13234036622577752,0.24582399245590192,0.24582399245590192,0.18677395391616128,0.13310854868103142,0.3052980542494016,0.5850924884469464,0.5850924884469463,0.5552937707349166,0.6967722148871665,0.621844546572224,0.6135766829955639,0.613576682995564,0.7003694507654858,0.5782164605725997,0.5404910216406883,0.8642528628473594,0.6652115048286977,0.975564171136107,1.3949177406881421,1.525433611169086,hjorth_mobility,hjorth_complexity,0.9350309608293329,1.0858911493828975,0.9722556227965548,0.5453073277607107,0.3300205620287868,1.0094056209113627,0.20386684268524005,0.5289181835133644,1030,eeg_data_level_7.csv,10,AF8,220.01171875,230.0078125
1.5218158030979136,1.5218158030979134,2.7836164092545586,0.5968158677678629,0.6466042013818124,1.0794566044071607,1.0794566044071607,1.0883914844410465,0.974157643343985,1.2508130253303815,1.496122603216643,1.496122603216643,1.181451130854381,1.5388911336008169,1.7342121424099861,2.047559313211845,2.0475593132118446,2.2989674513447915,1.6355558907762815,2.063681543061923,1.6409811083241306,1.6409811083241306,1.7423467906711154,1.033771232223408,1.4729605734974096,0.9524462107421586,0.7989374431854446,0.7538165940903447,0.6730098890519918,0.5821180037615565,hjorth_mobility,hjorth_complexity,0.6729840673485006,1.0099518178010811,0.3618423959687326,1.0778738301064514,1.597136547102277,0.7690709492658001,1.817433033344436,1.5792264453532672,1030,eeg_data_level_7.csv,10,TP9,220.01171875,230.0078125
0.6702394385115203,0.6702394385115202,0.6628096644847612,0.6280282476379613,0.6152512840764948,1.0122713294884096,1.0122713294884096,0.8970181211932098,0.8086108061746871,1.2504008156368351,1.4284368232513835,1.4284368232513835,1.2299964600839581,1.056128187704451,1.5650993681997636,1.8975897046106667,1.8975897046106665,1.841828541240449,1.734454459204093,1.9327805931719644,3.028579702333947,3.028579702333947,3.286194395703496,2.326441983871704,3.0911549686706774,0.9122682437410116,1.0997561182877567,1.064758159760849,0.946044999947041,1.4857906980473314,hjorth_mobility,hjorth_complexity,1.3142048748811428,1.172150171959836,1.2439481004932922,1.1008073158533973,0.8678318482979209,1.1536064238987,0.9447426741586064,1.1386020613327335,1030,eeg_data_level_7.csv,10,TP10,220.01171875,230.0078125
0.02229090857514645,0.022290908575146453,0.015731308964637605,0.03235438432876022,0.02419801982829728,0.06279973490529556,0.06279973490529554,0.05924280021843055,0.1120703705898505,0.06989321406198426,0.16512519596592057,0.16512519596592057,0.14679215252166,0.15329147522167677,0.16576994423309593,0.5981809042783814,0.5981809042783812,0.5904486026365081,0.4501283850409608,0.6060195416654669,0.4348641964290214,0.43486419642902147,0.4607959858023183,0.22123125861553344,0.42646382008021755,0.47535981392017757,0.8388191762686381,1.3113229790390522,2.61815049038701,2.15077602533061,hjorth_mobility,hjorth_complexity,1.3241308935735987,1.0334326574031816,0.961158632565617,0.4612178800219095,0.2200137080191912,1.0094056209113627,0.0864502330189058,0.34442786796969743,1030,eeg_data_level_7.csv,11,AF7,230.01171875,240.0078125
0.04846723643355131,0.04846723643355131,0.03726952510402073,0.08760119789092242,0.0509391447197203,0.09180955495840541,0.09180955495840541,0.07343807236780883,0.15772353297646574,0.11430040016253315,0.18241131643674902,0.18241131643674904,0.14248398991715538,0.2593189633263258,0.1909755385116928,0.6843835253155405,0.6843835253155405,0.7182678495116066,0.6956942063824244,0.6371714779698507,0.6949359663987305,0.6949359663987306,0.7462752417891342,0.6523189658643579,0.6684768433341631,0.6178377613587712,0.8250920268535824,1.0217029745527213,2.0908513037182326,2.2571544302313873,hjorth_mobility,hjorth_complexity,1.1970778543101648,1.0905938755669091,0.9371355740609447,0.514729346764783,0.33409488995506814,0.9853721537468064,0.12935740313332839,0.42131880478411204,1030,eeg_data_level_7.csv,11,AF8,230.01171875,240.0078125
0.942129847054656,0.9421298470546561,0.847572517301384,1.029523390689401,0.89144418385109,2.0900019921715507,2.0900019921715502,1.7660669016646369,2.4307824453017957,2.204378000348678,1.5897422558977323,1.5897422558977323,2.2169208529003637,1.4691897644317802,1.1232565661509797,1.5567379853111698,1.5567379853111698,1.2029303168491299,1.3292715022360244,1.7360341469637355,1.2978554507915,1.2978554507915003,1.2808470037128337,0.929663280685921,1.2485215272361285,1.031289738799783,1.6112306779074905,0.9883310244158389,0.6953992124128491,0.6231240001242938,hjorth_mobility,hjorth_complexity,1.0839212412161692,0.9658412718588741,0.7069780456039794,1.41677978614465,0.9167237834132967,0.5527697447847938,1.0480670100014513,1.199249993301642,1030,eeg_data_level_7.csv,11,TP9,230.01171875,240.0078125
0.8299604310251217,0.8299604310251217,0.7005126519631412,0.9140922128543686,0.9830188614479525,1.6960577137938677,1.6960577137938677,1.5489357941628765,1.5229132355584276,1.5772504435715184,1.1807223015524975,1.1807223015524975,1.3168639569310139,0.8158290500103365,0.9986121395565724,1.9933971251643368,1.9933971251643363,1.9074430013070163,1.6457241301935952,1.9396594927216122,2.650720985106373,2.6507209851063736,2.0873667452009226,4.426699877950057,2.639416017027948,0.9530785328370444,1.3862101421599993,0.7850854686041017,0.8551711904926315,1.1568958729051402,hjorth_mobility,hjorth_complexity,1.4293466917136297,1.1107941658016909,0.8597804505189426,1.2307637350860898,0.8637575203716396,0.7450374821012439,1.0214833293531502,1.183943127559118,1030,eeg_data_level_7.csv,11,TP10,230.01171875,240.0078125
0.06148034239535086,0.06148034239535086,0.05048164416866923,0.06785677525260815,0.07418579998034912,0.07849132166985201,0.07849132166985202,0.06752418521211312,0.10599256492831781,0.06995608769188832,0.19794046631740037,0.19794046631740037,0.1727123332630871,0.2621178559732943,0.2104069823263536,0.36313570944271373,0.3631357094427136,0.26069300529595374,0.4936807506686356,0.3943544330201347,0.3103992885570647,0.3103992885570647,0.4454751246132208,0.24083073078326697,0.284654970269853,0.873463914626527,0.9046441455771875,1.3856846086418324,1.611670367297789,1.4922783674009668,hjorth_mobility,hjorth_complexity,1.1077436860780632,1.0382383041088028,0.9972238508161647,0.41025457836203,0.13445282156728353,1.0334390880759188,0.09534806242590277,0.3617188449140693,1030,eeg_data_level_7.csv,12,AF7,240.01171875,250.0078125
0.13727087699085064,0.13727087699085064,0.13341697218311263,0.09290331890746892,0.1630266979373135,0.17262170183037093,0.17262170183037093,0.14029832708887727,0.2655860724459093,0.19709794522006346,0.3059183098742819,0.3059183098742819,0.23075572034246178,0.4247939637990694,0.31517265429776664,0.8739363412263249,0.8739363412263248,0.6863696833949725,0.9887679657566344,0.8841440248914734,0.7037275060340608,0.7037275060340606,0.7203538508288209,0.36288796298662507,0.679547550603554,0.8478176314229252,0.9166776359177924,1.0433380527055935,1.7229945032011376,1.5258094941183287,hjorth_mobility,hjorth_complexity,1.0084834991535054,1.047465865266056,0.9921566920277475,0.5351146674287347,0.5907775493107912,1.0815060224050315,0.22765685222708798,0.5589276088120327,1030,eeg_data_level_7.csv,12,AF8,240.01171875,250.0078125
1.1325447803647513,1.1325447803647513,1.684609056332419,1.2318567987327074,0.8976419946036167,1.2583931043684926,1.2583931043684926,0.8503120712921663,1.8344005509548775,1.6720748516804704,2.2998608280395008,2.2998608280395008,2.3626290185847725,2.6226685034197192,2.356102544315682,2.06089164942621,2.06089164942621,1.6096645013557598,2.714056595857369,2.201425135596361,1.4536076814724042,1.4536076814724042,1.466340190866301,0.9462012142150154,1.4672981151347415,1.0274655386519749,1.0771625549314465,1.2601375026538213,0.8112461039462034,0.6303345517708201,hjorth_mobility,hjorth_complexity,0.6233539738862218,0.9696157269064625,0.8977710140776972,0.9733990617036985,1.0633995887594243,1.1055394895695876,1.577976108003658,1.4715174308871197,1030,eeg_data_level_7.csv,12,TP9,240.01171875,250.0078125
0.9443154245942104,0.9443154245942103,0.8818561371245086,1.1570288080411644,1.033673876652311,1.6730741932496205,1.6730741932496205,1.6463084130123644,2.1966192137685017,1.8549967387818453,3.0987767266905157,3.0987767266905157,2.3445475168690257,3.2840686783812263,3.642654880716763,3.557164079597968,3.5571640795979675,2.888148384147839,3.419638695168298,3.492301962910251,3.420629545109348,3.420629545109348,2.586618895224415,1.981235617101564,3.5982729588973847,0.9143734516037395,1.212618320311835,1.4857970455606773,1.1737782367237395,1.2081109688444098,hjorth_mobility,hjorth_complexity,1.2228855029105503,1.1182036679197913,1.0754278766076946,1.0472958491105238,3.3124286040667124,1.0334390880759188,1.2902256237782197,1.3306015671255182,1030,eeg_data_level_7.csv,12,TP10,240.01171875,250.0078125
0.024944197508667127,0.024944197508667124,0.019356535484924164,0.018850811996861803,0.03179265524524147,0.04862141946875794,0.048621419468757934,0.025353864441926492,0.11654898105010128,0.0630231217480673,0.11635625999384792,0.11635625999384792,0.09507832206136967,0.16159135663212604,0.13206629245063028,0.43913952655919103,0.4391395265591909,0.4842172069468088,0.46232020558051967,0.4280326215075597,0.42953900468962014,0.42953900468962014,0.471118433247033,0.4654094167917117,0.4191935227793934,0.554293209846986,0.7715117876016974,1.090302617800324,2.2398209351350746,2.349233599467112,hjorth_mobility,hjorth_complexity,1.3300865047890722,1.0869928733786958,1.0006282113838578,0.3541949465361625,0.16297311705125275,1.0574725552404751,0.07320172850982119,0.3169391342949107,1030,eeg_data_level_7.csv,13,AF7,250.01171875,260.0078125
0.09164401042381505,0.09164401042381506,0.07818982193914276,0.10617894761957151,0.09999340796000973,0.15759419751734505,0.15759419751734505,0.13086474781656013,0.16007831660487584,0.19434717806934892,0.3172181982385833,0.3172181982385833,0.20719337644372116,0.5363334700667419,0.351090499634003,0.6772090919012558,0.6772090919012558,0.6554758425012485,0.6434292728134102,0.6877279496377868,0.875558559602626,0.875558559602626,1.1120264088562601,0.780393002129506,0.8697114492792781,0.7421414026525368,0.9368040513182649,1.2058479414494316,1.5486058395637599,2.035648982305613,hjorth_mobility,hjorth_complexity,1.187151835617709,1.1071661281312954,0.9055949172846833,0.41280274344502393,0.7130073870992308,0.9733554201645283,0.1846723632685552,0.5034034095752656,1030,eeg_data_level_7.csv,13,AF8,250.01171875,260.0078125
0.926451643551476,0.9264516435514759,0.9190661157899305,1.1726244503438177,0.7478100113591267,1.6974953163400184,1.6974953163400184,1.5151772973910294,2.2754651165896265,1.9179965633040608,1.6577104552598398,1.6577104552598398,1.7119783652624163,1.9079678981512997,1.5505613154879467,1.8234132140577088,1.8234132140577086,1.7348237218649052,1.6282125174023525,1.8178150683631207,1.3708831920412035,1.370883192041204,1.1946517091917865,1.6380869723934377,1.433489859803075,1.0332328030569748,1.4575364599118055,1.0814818672392787,0.8176541889582953,0.6802073278485352,hjorth_mobility,hjorth_complexity,1.183181428140727,0.9727331236039477,0.39302423839210116,1.1772522683432165,1.8456705506054374,0.4566358761265688,1.0429537840260292,1.1963210137703069,1030,eeg_data_level_7.csv,13,TP9,250.01171875,260.0078125
1.0676144059306458,1.0676144059306458,1.0131427933385624,1.6089559264989086,1.0713113718956981,2.271181324459354,2.271181324459354,2.0415681113252697,1.532739891940433,2.7981191709937514,3.017231936818797,3.017231936818797,2.4113308005685594,4.211128764284518,3.243123216578572,2.879049341107476,2.8790493411074753,2.3878768330302305,2.520796872058869,2.8674161265990232,2.8652400514354235,2.865240051435424,2.6641349060824484,3.166904694024598,3.0128326718326464,0.9528798242046047,1.440956177642491,1.3899272533898737,0.9340907676502367,0.9820414615628137,hjorth_mobility,hjorth_complexity,1.381701801989842,1.0802494456476983,0.58715155487685,1.1670596080112405,5.06846394029396,0.6729370806075751,1.5978278082440143,1.48074470009499,1030,eeg_data_level_7.csv,13,TP10,250.01171875,260.0078125
9.587995941738255,9.587995941738258,8.57116541964272,6.964765245532074,11.894670478834698,3.544507508242223,3.5445075082422224,4.615031574153993,0.8104726061989564,2.947771405765138,0.6270929394242151,0.6270929394242151,0.5625849465718556,0.6975275013635523,0.5866530241842198,0.7653723613770119,0.7653723613770118,0.8332486571272065,0.5416293615641545,0.7367288929741747,0.6257413636504141,0.6257413636504141,0.5764433179446777,0.48299006351542895,0.619194561761948,1.309985436809861,0.5709477455636571,0.09548408411573787,0.07462192531853103,0.0643434340323052,hjorth_mobility,hjorth_complexity,0.8893712748440362,0.838272030042069,0.777323161910192,0.907146769545855,8.12828421293123,1.2016733582278127,5.766018294785875,2.812892967389295,1030,eeg_data_level_7.csv,14,AF7,260.01171875,270.0078125
0.40429401463123993,0.4042940146312399,0.42036141489735435,0.4682073745593971,0.35024425974030127,1.0736953528771773,1.0736953528771773,0.8324811567009415,1.9478429086344522,1.1574432463524411,0.8126466634757539,0.8126466634757539,1.326723433034721,0.329338858001658,0.6104141306666238,1.2937529323299695,1.2937529323299697,1.2748851696106451,0.9123038223213141,1.249099315922913,1.1609713662957586,1.1609713662957588,1.4147936342594396,0.6708249244862813,1.0914645178683082,0.9034259508978254,1.660972246842941,0.96011549639895,1.023475728740938,0.9702422330907056,hjorth_mobility,hjorth_complexity,0.8238595514738283,0.9944553716272705,1.3975031403923726,1.4677430878045297,1.2100753941055518,1.2497402925569252,0.7686395323259975,1.027014458755309,1030,eeg_data_level_7.csv,14,AF8,260.01171875,270.0078125
4.732035966349524,4.732035966349522,5.051717935479753,2.575347434924419,4.557938981186001,1.5231114525177938,1.5231114525177938,1.8802705567808706,2.0663602860086687,1.4523288370619016,2.289040740686593,2.289040740686593,2.6478292126879515,2.42802442459861,1.7668471415235463,3.385225244727227,3.385225244727226,3.1314593461224276,2.95556368178132,3.0245982316456295,3.3230621543698273,3.3230621543698273,2.9509080375179644,3.2420179504069813,3.0524342380064406,1.195748345528668,0.4990076694891241,0.4832948272343654,0.461437334940812,0.475389311951923,hjorth_mobility,hjorth_complexity,0.7801850692270229,1.0011508128116489,0.431259845899173,2.9176490200281013,3.9317264488614727,0.7931044164303563,4.484862875914433,2.4807887501388186,1030,eeg_data_level_7.csv,14,TP9,260.01171875,270.0078125
3.5422899560731893,3.542289956073189,4.080566923364343,1.8546037456774913,3.467339980878765,2.3252908348056276,2.3252908348056276,2.1992505394425237,2.316356438078517,2.558545892391355,3.301943980466062,3.301943980466062,2.6651232453403666,4.620334126154485,3.5314832317273974,3.866117184331758,3.8661171843317574,2.902493655945036,2.834406701234004,4.321081667576636,4.542015392524172,4.542015392524172,4.037148913705408,4.2547879970876545,4.582853178164681,1.0996784154741095,0.7692384625060793,0.7447250751346338,0.5822208329928199,0.7014628623068248,hjorth_mobility,hjorth_complexity,1.1136992972935367,1.1114432003463295,1.299363039091319,2.3850825176823607,3.4305841139288704,1.1776398910632564,2.811017679086174,1.964024892114695,1030,eeg_data_level_7.csv,14,TP10,260.01171875,270.0078125
0.028064416620101087,0.028064416620101083,0.018686382113880226,0.04345133035163235,0.03121158706777274,0.05597893137785731,0.05597893137785732,0.07143942286251678,0.05888438000061284,0.05351890699906952,0.1493061494100392,0.1493061494100392,0.11604892424786993,0.16245752391948676,0.16736039780056217,0.3956973708037148,0.39569737080371475,0.47596464125187055,0.4800935864593721,0.4071912320299233,0.4114818007420859,0.4114818007420859,0.4288087521848916,0.29360096493825,0.3787801101257361,0.6043020462415624,0.8056826415923194,1.3162628216374692,2.0373885164540493,2.241742986035277,hjorth_mobility,hjorth_complexity,1.0739952225237135,1.0794548318557018,1.1361287632337076,0.4688623752708914,0.42780443225953846,1.1776398910632564,0.10315118717579178,0.3762290401587252,1030,eeg_data_level_7.csv,15,AF7,270.01171875,280.0078125
0.11184717048108078,0.11184717048108078,0.1015113229427392,0.1055962626641907,0.12351941027985036,0.11836527473022487,0.11836527473022487,0.09906827804806771,0.11265444742334922,0.14193443158483,0.24937738475607962,0.24937738475607962,0.24175475164951016,0.172470558795313,0.2656374263788759,0.7888909786343912,0.7888909786343912,0.5667475630176224,1.0909477149440336,0.8723482939423735,0.7469974171543198,0.7469974171543198,0.8122522709531241,0.3807702328268495,0.6973065164789286,0.8370645907688534,0.7512817216292752,0.9749811947717808,1.7767123138757936,1.7875113355734087,hjorth_mobility,hjorth_complexity,1.2864120225422668,1.0668549128008995,0.7931109934374884,0.6650710866614274,0.5133653187114462,0.8171378835949126,0.19751370462923734,0.5206115713111622,1030,eeg_data_level_7.csv,15,AF8,270.01171875,280.0078125
1.8285214444431945,1.828521444443194,1.5237900066772996,2.277649133142822,1.9136021333556972,3.0356364198320707,3.0356364198320707,2.512209195272555,3.8625625684534137,3.2566916616491235,2.620419180076662,2.620419180076662,2.929553807511738,1.6356398856981242,2.7046852065738274,1.6684377767891998,1.6684377767891994,1.4427679659283308,1.8921071897904527,1.6099274658687912,1.285206805660871,1.285206805660871,1.1327350439499924,1.5424894945716305,1.2790576711958748,1.1293574309740106,1.4703590937260804,0.9818314680801745,0.4752747864776938,0.3977175064804837,hjorth_mobility,hjorth_complexity,0.5637978617314874,0.8616233135236748,1.2236357074917097,2.2882522445285893,1.5767649074708703,0.8171378835949126,2.718417191553334,1.9314045637989452,1030,eeg_data_level_7.csv,15,TP9,270.01171875,280.0078125
1.6745978283930216,1.6745978283930218,1.376582549714673,2.555004113439633,1.7889390632242521,2.717455756333122,2.717455756333122,2.530501199709846,2.943608487032952,2.626353658387755,1.5984781389401448,1.5984781389401448,1.611635227664102,0.7534082706302675,1.6409963346547283,1.6933530744231915,1.6933530744231915,1.200171003652519,1.2730585055244692,1.7465987335178772,1.9921411294578504,1.9921411294578504,2.1261673421467013,3.1439024982654726,2.072900874524729,1.1148708170828838,1.4087856902019187,0.6833206042268292,0.5065378697714845,0.6105368178083939,hjorth_mobility,hjorth_complexity,1.2486931515109347,1.0446741469505931,0.9582968693120549,1.8958348217475174,1.584913563323433,0.8171378835949126,1.8626647076135703,1.598757306377025,1030,eeg_data_level_7.csv,15,TP10,270.01171875,280.0078125
0.01064589401883324,0.010645894018833238,0.008552928824932877,0.015464414968294513,0.011119997246937612,0.0247751953424215,0.024775195342421497,0.015349044820217322,0.052292808007179184,0.030719128143414497,0.10699164071699362,0.10699164071699362,0.0714399811506228,0.16659496803920665,0.11853931914887891,0.3085071479696005,0.30850714796960044,0.2868679438889073,0.3579315843799496,0.3186569963419166,0.29876619677053534,0.29876619677053534,0.3095992152364051,0.2534750475293816,0.2894390572131792,0.41651766159485776,0.6429690394727527,1.46438910291319,2.4213241335934512,2.506471020216445,hjorth_mobility,hjorth_complexity,1.3419977272200192,1.0928310222526767,1.1614908118845415,0.38477292753209025,0.07741223059934506,1.2497402925569252,0.04860659402051577,0.2582633584627421,1030,eeg_data_level_8.csv,0,AF7,120.0078125,130.00390625
0.8789737895084856,0.8789737895084856,0.8390977900044752,0.4794574033486586,0.904336841563942,1.0054003262577342,1.0054003262577342,0.7856826916334809,1.195059218502794,1.3823568756133653,1.8848271874159528,1.8848271874159528,2.0813244212122695,1.0919832802577336,1.9684579310312336,1.6324873068067727,1.6324873068067725,1.9387157010073115,1.4275212294550608,1.5456928175097489,0.7929079451191172,0.7929079451191172,0.8601261269662581,0.6013597136385113,0.7678205139724733,1.0642431570209425,1.138123178692964,1.3500698092996235,0.8523012011887181,0.48410783698507026,hjorth_mobility,hjorth_complexity,0.4764488972378766,0.8065792201153842,0.9115634877401245,0.9479174108737587,1.136737491432488,1.1055394895695876,1.096634073952435,1.2267217549124056,1030,eeg_data_level_8.csv,0,AF8,120.0078125,130.00390625
1.4141135598855652,1.414113559885565,1.2632367044348918,2.0126675770681848,1.4201355291709876,1.9833865894037515,1.9833865894037515,1.7135741183690705,2.702755769819833,2.359454395321971,3.226518259486284,3.226518259486284,2.820976844730325,4.0284023093783885,3.2740761480074743,2.2927026597478912,2.292702659747891,2.312429680220521,2.3008694858614747,2.374965427607511,1.2152832728172254,1.2152832728172251,1.1540143415167816,1.3923231813419323,1.1375112210871416,1.117769781994748,1.2985079931617802,1.434844557720145,0.7578436770262771,0.46239755064301713,hjorth_mobility,hjorth_complexity,0.9588534056912267,0.9429006791243901,1.8259537324554798,2.7724036102974448,0.4807706953011956,1.5862088328607127,1.4474263248327612,1.4093323885218985,1030,eeg_data_level_8.csv,0,TP9,120.0078125,130.00390625
0.5232942963433646,0.5232942963433644,0.4697681656567774,0.4083260283291962,0.5602714948820459,0.7489522140661842,0.7489522140661842,0.6072707969099675,0.616019123801633,0.9844446996999033,0.7565141353176702,0.7565141353176702,0.7407502919523593,0.6694597797183013,0.8804905609259447,1.1414759489698902,1.1414759489698902,0.9984423322595606,1.1769880555413708,1.1750220990411724,1.703287218225983,1.7032872182259833,1.5297546301803195,1.562910438375501,1.746370341069553,0.9894131723215179,1.1652445160317548,0.8545205179277818,0.8414931324205338,1.2461160202418626,hjorth_mobility,hjorth_complexity,1.288397226280758,1.108741685856856,1.1171466088087043,1.0804219951894454,0.7089330591729495,1.1536064238987,0.6907092511418483,0.973560254778132,1030,eeg_data_level_8.csv,0,TP10,120.0078125,130.00390625
0.024123746700398335,0.024123746700398328,0.027398062318839796,0.019888525839516814,0.022014690062825214,0.039098825254370945,0.03909882525437095,0.022723365173230467,0.08113103694558596,0.04954268465382856,0.1312404365530279,0.13124043655302792,0.12643120719739095,0.14904820396708657,0.1379946705761197,0.293882717923946,0.29388271792394594,0.2281166457056716,0.42720325949317867,0.29790256866751275,0.26974201134957293,0.26974201134957293,0.29750017291659275,0.19076614107816123,0.22286726126764364,0.6529444129032866,0.8137251781394066,1.5020697899437347,2.0667152395194814,2.029522353029848,hjorth_mobility,hjorth_complexity,1.250678355249426,1.0575473194412275,1.0151295621824885,0.2930389845443071,0.22816236387175384,1.1055394895695876,0.05436070829545864,0.2731226720469588,1030,eeg_data_level_8.csv,1,AF7,130.0078125,140.00390625
0.6602675505229928,0.6602675505229928,0.5442750023487479,0.7654965002039049,0.6688756823478643,0.7750848564661118,0.7750848564661118,0.5268320673807607,1.328036734422999,0.9390844024470647,1.5203035970601981,1.5203035970601981,1.3613458395133047,2.235554137395497,1.6465965063466936,1.2923419653248989,1.2923419653248989,1.0780897602792325,1.035324567262299,1.2532164486163553,0.8581378067486323,0.8581378067486323,0.9474076247597735,0.7036145423903865,0.7880134334086475,1.105526730849252,1.1470921269018068,1.439215753086246,0.8789131396199527,0.6485758924216396,hjorth_mobility,hjorth_complexity,0.5717386766854519,0.8590144715878425,0.9663133070498617,0.7440642042342407,0.8882034879293275,1.129572956734144,0.6666057879667036,0.9564224007768989,1030,eeg_data_level_8.csv,1,AF8,130.0078125,140.00390625
0.5944540329447274,0.5944540329447274,0.5565896364015894,0.581562450529799,0.49892498953978237,0.7003396274761435,0.7003396274761435,0.5346450383247039,0.7489800269712211,0.8439690787944769,0.8363354945465747,0.8363354945465747,1.1554976782553679,0.9240176065218243,0.6516705950691852,0.9596209635925341,0.959620963592534,1.110168805828943,0.7255389197270713,0.9351895998050075,0.8230741771955898,0.8230741771955898,0.8392822859315856,0.7882851969333331,0.8346506510015265,1.0999925029325508,1.1655749619961537,0.9664800963069778,0.7621247726916189,0.7101925423742635,hjorth_mobility,hjorth_complexity,0.7781998654885317,0.9689514561677551,0.8198645416519811,0.815412826558072,0.7456020105094814,0.8411713507594688,0.6242440701808506,0.9255340737859831,1030,eeg_data_level_8.csv,1,TP9,130.0078125,140.00390625
0.48393899690286923,0.48393899690286923,0.5108313916836539,0.5481596732823776,0.3879965948496214,0.6718850421916883,0.6718850421916883,0.5025394380907959,0.803882186816398,0.841114769067939,0.6539280358272322,0.6539280358272322,0.49980539396657764,0.9033609699869206,0.7389389159904337,1.1180118136118966,1.1180118136118966,1.2171994677094826,0.5303493718871299,1.2209726783231805,1.23410094338403,1.23410094338403,1.1123700636172948,1.5369603353881975,1.2358711051401707,1.0161546692381647,1.1836232955925248,0.8495949950034875,0.9126858937064463,1.0536149941076582,hjorth_mobility,hjorth_complexity,1.1295809272014659,1.075883047635533,0.969708916047972,0.9657545664547166,0.6600411240575736,0.9373052194176938,0.5594851152984163,0.8762125468254574,1030,eeg_data_level_8.csv,1,TP10,130.0078125,140.00390625
0.10594980241796491,0.10594980241796491,0.11387631133031466,0.09698806144096489,0.1291452274843026,0.07173224523325536,0.07173224523325536,0.08654143330183951,0.06324317330556564,0.07015310907869901,0.10307111951813984,0.10307111951813984,0.12631370724209484,0.13824532708984985,0.09129213941801827,0.3875708267733708,0.3875708267733707,0.32642997973899945,0.42230482999201463,0.41211250522681037,0.33872514474110754,0.33872514474110754,0.3901891257627574,0.19143761010139887,0.3300156748542779,1.007066248770708,0.6616944021393367,0.6392641882889143,1.3414885596228867,1.2620506331372956,hjorth_mobility,hjorth_complexity,0.9509125907372621,1.0561628271618748,0.9990704319981267,0.7032935629063372,0.33409488995506814,1.0574725552404751,0.16729424314273275,0.47913257395542286,1030,eeg_data_level_8.csv,2,AF7,140.0078125,150.00390625
1.9783582538833695,1.9783582538833695,2.1868099720493537,2.712720333315502,1.6454273750456083,2.0696966462134556,2.0696966462134556,2.380997826290624,1.4223754252610372,1.2466840831899173,2.2157592116783205,2.2157592116783205,1.9948243863953714,2.054562032407551,2.3060179469096522,2.0498770789509324,2.049877078950932,2.2356570964294598,1.463608663496488,2.078242160742656,1.0571578286011514,1.0571578286011512,1.3291354717345256,0.9430199554090581,0.9660820464367624,1.1820914835303258,1.097378854005907,0.8970054255828047,0.5844541005026188,0.34327911893401797,hjorth_mobility,hjorth_complexity,0.6015167327628193,0.8013248240979733,0.8409820790551773,0.8357981472220238,2.118650521666286,1.321840694050594,1.876939497340446,1.6048717633375147,1030,eeg_data_level_8.csv,2,AF8,140.0078125,150.00390625
7.47057272574413,7.4705727257441294,6.893044463503245,4.436709007071728,9.317233894444072,3.422785415754568,3.422785415754568,2.744747496407466,5.167352047085503,3.326418892599499,4.899652024139017,4.899652024139017,4.795610070125434,4.5126073932665545,4.923192793570351,4.6000415758898,4.600041575889799,5.887879959579875,2.829694850993973,4.193277980309187,2.003665796699584,2.003665796699584,3.0400707108977976,1.8315053018859297,1.9502523678609436,1.25405042166398,0.6924588362041204,0.6466958851432045,0.41494518032007066,0.21120663860340705,hjorth_mobility,hjorth_complexity,0.5697534729469608,0.8468743450657633,1.2862269331475986,2.1786811459598487,6.282613662325794,1.610242300025269,6.169535709476585,2.909654618008401,1030,eeg_data_level_8.csv,2,TP9,140.0078125,150.00390625
0.9242138050679427,0.9242138050679426,0.8744543118715514,1.2226291887816771,1.0250846866738916,1.0510594692134894,1.0510594692134894,0.8855854668884088,1.6029380943150833,0.8577066671908712,1.273111334438968,1.2731113344389682,1.1598190801517816,1.0570149789363887,1.2868968180281457,1.729732123440722,1.7297321234407217,1.5303359775301701,1.3157676863682912,1.770639391707217,2.2777619306335044,2.2777619306335044,2.219897776736458,2.630770521937175,2.313969917094844,1.0652528146474103,1.046681101099525,0.8921594518910368,0.8049362166537911,1.0703676383685463,hjorth_mobility,hjorth_complexity,1.1156845010320275,1.098441433632649,1.0513610602551087,1.4855802433854874,1.3323052318939912,1.0334390880759188,1.08659086033416,1.2210915421217376,1030,eeg_data_level_8.csv,2,TP10,140.0078125,150.00390625
0.11417628148369328,0.11417628148369328,0.12073162786056565,0.1422744453679346,0.09803462181467454,0.06700076182605018,0.06700076182605018,0.09427019807920599,0.08658788800898425,0.04280442828925104,0.11738798696143952,0.11738798696143955,0.11226300324737523,0.1652391565672313,0.10874746195177311,0.5836510467676249,0.5836510467676248,0.63800055651682,0.5455332508569455,0.4887431887243089,0.4385689445690717,0.4385689445690717,0.4325703982732383,0.5425560477368402,0.3990191090602959,0.9841707765380838,0.5542798674657873,0.6407520894388243,1.6592584977460207,1.4006309905211578,hjorth_mobility,hjorth_complexity,0.9747350355991562,1.048980772976241,0.8681644541792252,0.43573622919196975,0.39928413677556923,0.9973888873290845,0.15024669078717964,0.45406461295027634,1030,eeg_data_level_8.csv,3,AF7,150.0078125,160.00390625
0.7907984431379275,0.7907984431379275,0.6908527975184029,1.1517319506870416,0.8378315937532654,0.71157575109242,0.71157575109242,0.4657918097442351,1.5352941992423335,0.8942131444226565,1.325081742931088,1.3250817429310882,1.2052026621366971,1.7116680053191946,1.3566349019995214,1.8664996430132017,1.8664996430132015,2.0857312443787737,1.8587435174291862,1.6612789132796866,1.2251607783494727,1.2251607783494731,1.1865212939659286,0.9469498303133121,1.2368249159441418,1.1205504616976254,0.9607481669911685,1.1247410766294277,1.033968647396131,0.7681641348114953,hjorth_mobility,hjorth_complexity,0.7821702729655141,0.9324489623106764,0.9712579438641202,0.8969541092138792,1.3730485111568045,1.0815060224050315,0.8389339437521418,1.07294900790751,1030,eeg_data_level_8.csv,3,AF8,150.0078125,160.00390625
7.5647366895667965,7.5647366895667965,8.208344484172384,7.33881634542661,6.753270589251042,3.142774365901695,3.142774365901695,3.3533863153290824,3.345406558070454,3.1950879806808214,2.7833878942408288,2.7833878942408288,2.497278438485417,2.3480911852990527,3.0577888894360354,3.557051366486244,3.5570513664862435,4.672109571702524,3.1901644926453234,3.0369343532742503,2.039222331819161,2.0392223318191616,2.589268544986145,1.220035705875916,1.8575309465065033,1.2578965444817516,0.6263160181402908,0.39446791662024455,0.3268770872522832,0.2102246882552889,hjorth_mobility,hjorth_complexity,0.6114427514552749,0.8690131049738997,1.313391805132481,1.9060274820794934,6.865242555784022,1.8265435045062752,6.108356573889674,2.895192131183508,1030,eeg_data_level_8.csv,3,TP9,150.0078125,160.00390625
1.80102703311751,1.8010270331175102,1.4757931940523648,2.2788996570103794,2.24479913483156,1.591626334356235,1.5916263343562347,1.288766840180792,1.1853216339539734,1.8460840513627468,1.3083672768499524,1.3083672768499524,0.8710051481369633,1.3316827392302957,1.5601704266630867,2.2570473447040165,2.257047344704016,1.7785184795884275,2.145166352253715,2.3180841228713214,3.156747795406858,3.156747795406858,2.345398382787227,4.119168066254169,3.139957386308198,1.1536605159354936,0.9665887714744638,0.5963787527805798,0.6442105418199191,0.9056291073558153,hjorth_mobility,hjorth_complexity,1.262589577680373,1.1057720914442173,1.1848925089488378,1.6384701483651258,1.662325793922778,1.1055394895695876,1.5625288680917733,1.4642971737658586,1030,eeg_data_level_8.csv,3,TP10,150.0078125,160.00390625
0.03460386603438764,0.03460386603438764,0.03931651088627455,0.034309197865604275,0.028885610564491765,0.04948722757666502,0.04948722757666502,0.03154169445876526,0.08233167064096357,0.06354541241622724,0.1408804278827358,0.14088042788273583,0.09437443224008876,0.25620330795998,0.14818360284285492,0.21580857541245546,0.21580857541245543,0.20564154960241526,0.30767782487258627,0.22347806343445645,0.17933998963587505,0.17933998963587502,0.18747795788644958,0.16968514685290886,0.17182870744231307,0.8214526089035136,0.9716095835217928,1.6238115239646052,1.6192405612265057,1.4711648154118364,hjorth_mobility,hjorth_complexity,1.133551334678448,1.0481450939494723,1.0801537241823842,0.37203210211712034,0.1751961008300967,1.1536064238987,0.057289645637359714,0.280384025867561,1030,eeg_data_level_8.csv,4,AF7,160.0078125,170.00390625
0.4620220534580727,0.46202205345807273,0.5523259214383978,0.2795141093235469,0.30735862505738754,0.46074644855537134,0.46074644855537134,0.27668694776633707,1.1115642150355867,0.5879040230211299,1.1357836221233908,1.1357836221233908,1.0879333048213846,1.3512349720910959,1.2039560699894933,0.9971226824738056,0.9971226824738056,1.4349679539772133,0.920258838926497,0.9278221638965256,0.6345447755631339,0.6345447755631338,0.6215173973894697,0.5523520498318188,0.6259535905712439,1.0051049445529618,1.002622026418754,1.468148124005167,0.9230168790746963,0.6655364973047464,hjorth_mobility,hjorth_complexity,0.6789396785639741,0.9130874478689185,1.143760131909873,0.606463289752566,0.7578249942883253,1.2737737597214813,0.48761601360236256,0.8180016488672439,1030,eeg_data_level_8.csv,4,AF8,160.0078125,170.00390625
1.66028117844712,1.6602811784471199,1.6477081988018498,1.6529330815975258,1.996306234685152,1.24293437570064,1.24293437570064,1.1979068110762228,1.2663601909576985,1.1791072689435447,2.3564859849381947,2.3564859849381943,1.5821264984933445,3.609041623796511,2.635850815482669,2.0014528825700086,2.0014528825700086,2.5570731623660463,2.616491956513233,1.9145992004242942,1.4837289509881932,1.4837289509881932,1.8985953320706208,1.7716521156403713,1.4961351906361633,1.1668324716030138,0.8756130008811303,1.0817059581958095,0.6496239495213647,0.5277378377702635,hjorth_mobility,hjorth_complexity,0.7107029383798326,0.9641626850794153,2.3703363667813893,1.7786192279297945,0.8067169294037011,2.5235140522784065,1.93019672480125,1.6274812223415192,1030,eeg_data_level_8.csv,4,TP9,160.0078125,170.00390625
0.3086179996726371,0.30861799967263703,0.3276226883808548,0.19886958116665562,0.32431301197215956,0.35563851029871624,0.3556385102987162,0.3148334677442413,0.3531184483821711,0.4518902149556496,0.486692823500286,0.48669282350028586,0.3768345297835291,0.7128953037773854,0.5312320877332033,1.3055713616475864,1.3055713616475864,1.1935265452804045,1.4391294370989984,1.1857024184387726,1.780336901769495,1.780336901769495,1.4797847777750328,1.724359674954135,1.7209099664957968,0.8717903297588266,0.8661806532402443,0.8006598927048614,1.2544370285596835,1.7294595588589041,hjorth_mobility,hjorth_complexity,1.2685451888958466,1.1802294903864008,1.1722289877625862,0.7109380581553191,0.6478181402787296,1.1536064238987,0.4785292739966707,0.8103440631567048,1030,eeg_data_level_8.csv,4,TP10,160.0078125,170.00390625
0.0463566797682845,0.046356679768284496,0.044185221042292125,0.05665058312583767,0.0480298375978241,0.0642067044620133,0.06420670446201329,0.050319795161728804,0.06467647649200263,0.08366852149048744,0.09001046611972278,0.09001046611972277,0.06451464394163209,0.1538067185600732,0.09663559439311666,0.19002537564978983,0.19002537564978977,0.17284123923835867,0.26107851428062273,0.1896946133023237,0.1662676057896484,0.1662676057896484,0.15325832554715538,0.09218926252836261,0.16901342245168685,0.9344580015589059,1.0589130455370477,1.0165469926713586,1.3079848927728681,1.2390142854940964,hjorth_mobility,hjorth_complexity,1.1355365384169394,1.0323663113231356,1.0360633166244468,0.37712843228310833,0.18334475668265934,1.0935227559873095,0.059045643622041774,0.2846486508546157,1030,eeg_data_level_8.csv,5,AF7,170.0078125,180.00390625
0.32640799901542145,0.32640799901542145,0.39592593623108313,0.3798208702679846,0.22295096321099173,0.4328821136154443,0.43288211361544454,0.3767190095507728,0.548490872299212,0.5215419410116178,0.5927570159202824,0.5927570159202824,0.5087105307680605,0.768962110455324,0.6677059200648406,0.7748514710506553,0.7748514710506553,0.6999454954841616,0.9035374777012893,0.7767071170407179,0.5907825212704508,0.5907825212704508,0.7598176651097107,0.5068188131815791,0.5822984228647332,1.0000505034814988,1.1570362943763615,1.0982255930043074,0.9551198430891968,0.7994302507163425,hjorth_mobility,hjorth_complexity,0.7146733458568149,0.9239204872751936,1.0769856559934257,0.716034388321307,0.7293046988043561,1.2016733582278127,0.43014390705488015,0.768284527529863,1030,eeg_data_level_8.csv,5,AF8,170.0078125,180.00390625
0.9774908516800958,0.9774908516800956,1.6132529381091445,0.5335726043702804,0.7461922239652864,1.0909327441245358,1.0909327441245358,0.8419431450869408,2.2067190424538334,1.060283324471974,2.041499331773379,2.0414993317733785,2.073359507652658,1.2353863910858809,1.7786539714400842,1.7359583813210822,1.7359583813210822,1.906561834083847,1.5637418708374489,1.8169953735508222,1.3925678279484763,1.3925678279484763,1.3665923188911386,0.9924497732990654,1.3864091134504943,0.9628960824491966,1.0459945637046022,1.2207850812239847,0.7621346419767193,0.6672883365684963,hjorth_mobility,hjorth_complexity,0.702762123425868,0.9895535094347198,1.4385304985963445,1.541639875211355,1.3852714949356484,1.1656231574809783,1.5558416878187418,1.4611604258249384,1030,eeg_data_level_8.csv,5,TP9,170.0078125,180.00390625
0.5697089200616505,0.5697089200616505,0.44971418965610516,0.4603448999726807,0.5714984126114536,0.7545035150758819,0.7545035150758819,0.6467014182114601,0.7726528080520543,0.82834044584797,0.8384414201628521,0.8384414201628521,0.6290264470766286,1.1118674639292159,1.0083491223034622,1.4693418861236258,1.4693418861236252,1.5574835377900773,1.4803176054422724,1.4771355504538002,2.166819275878274,2.166819275878274,2.451333201718928,2.7764433947646117,2.1976837996418532,0.9814610019885364,1.0744299441610043,0.855170294307107,0.9432139629121509,1.3836299488293784,hjorth_mobility,hjorth_complexity,1.3221456898351074,1.1318063995003738,0.9856455242581752,1.0957109856874092,1.100068540095956,0.9853721537468064,0.8340331457388382,1.069810496063803,1030,eeg_data_level_8.csv,5,TP10,170.0078125,180.00390625
0.07493159051353555,0.07493159051353555,0.08299728022354066,0.06265668345249083,0.07440608318434969,0.08093443620821879,0.08093443620821879,0.07143335048483918,0.07201748171977754,0.08978062747179943,0.0854654385919333,0.0854654385919333,0.06238636505477542,0.08781480546834439,0.09782801981385855,0.21002833007707866,0.21002833007707858,0.16109083798877172,0.26410145086036985,0.22639872909786307,0.16409642474252686,0.16409642474252686,0.22124934129354504,0.1358747668619848,0.15578611392759006,0.9999896344732322,1.0068150383693082,0.7641045378477038,1.1192064127989525,0.9494515210655144,hjorth_mobility,hjorth_complexity,1.0362763514923814,1.009367100857923,0.982109890146741,0.3643876068681384,0.22816236387175384,1.0574725552404751,0.077029313410628,0.3251196454679094,1030,eeg_data_level_8.csv,6,AF7,180.0078125,190.00390625
0.5597186928079304,0.5597186928079304,0.5172750971268291,0.4524817606357979,0.5918980305590227,0.5228080920911076,0.5228080920911076,0.3527303244481095,0.7003824275727529,0.6979496586442884,0.669510606645913,0.669510606645913,0.5326361663905541,0.8993085263533211,0.739292874987571,0.8075641642035798,0.8075641642035798,0.8108742111149182,0.9918981793692936,0.7152450654472163,0.5549502143097698,0.5549502143097698,0.5699129562530441,0.4542386603951142,0.5487641438732387,1.1382033132664424,1.0472344280185986,0.9187892124962154,0.7370836155960218,0.561151962800396,hjorth_mobility,hjorth_complexity,0.6352651963171688,0.862263271887917,0.9278851650119692,0.6217522802505299,0.6641154519838549,1.0094056209113627,0.493639632691284,0.8230386107424732,1030,eeg_data_level_8.csv,6,AF8,180.0078125,190.00390625
4.974417483099154,4.974417483099154,9.176482406719487,1.711310440643086,1.5227617702713432,1.3027243530574972,1.3027243530574972,1.441747311402702,1.4617513906837512,1.441825277260282,3.270272296001816,3.270272296001816,2.840645690836417,3.0778012512508766,3.487093265105735,1.3765885425137943,1.3765885425137943,1.4113835406022455,1.1286727721977585,1.4305542826680429,0.9156869256709474,0.9156869256709473,1.1003278787228306,0.7179261258007157,0.8561304928195248,1.020617176502128,0.4626926344870653,0.6846305796807252,0.22155748007887757,0.16084515978783664,hjorth_mobility,hjorth_complexity,0.5260789907001553,0.8457711740521917,1.136688863687004,1.7480412469338669,2.7501713502398903,0.9613386865822501,3.6625023904634246,2.241837645465576,1030,eeg_data_level_8.csv,6,TP9,180.0078125,190.00390625
0.7625941457412575,0.7625941457412574,0.7251957249270428,0.8727899661420471,0.7577713528861965,0.576450274801112,0.576450274801112,0.44151781651226163,0.8012109207826886,0.7173988985046453,0.7881571085619661,0.7881571085619661,0.61787515745793,0.8923521048648676,0.9051847746193527,1.1501131572740955,1.1501131572740952,0.9890434517164425,1.3856817454227957,1.214941491851728,1.531866837541322,1.5318668375413218,1.3721070648795126,1.8210183796936772,1.5392338874558358,1.1255532098495027,0.844697092546695,0.775086316848494,0.7344403198508125,0.9897290386775361,hjorth_mobility,hjorth_complexity,1.1772258169252534,1.124668557499787,1.0281343945824677,1.0957109856874092,0.6722641078364175,0.9853721537468064,0.7140025461675673,0.9898401813873555,1030,eeg_data_level_8.csv,6,TP10,180.0078125,190.00390625
0.023458164878822574,0.023458164878822574,0.03123873437614724,0.011765084302134923,0.017325328852169558,0.03098938655925576,0.03098938655925576,0.02968985957220428,0.031046995994415603,0.030039486436310887,0.11161410989955897,0.11161410989955897,0.07187817198327008,0.20457931256660547,0.12165829994033629,0.24363825287262142,0.2436382528726214,0.19551401563449292,0.2198610530006608,0.2573447867129958,0.21395417825321597,0.21395417825321597,0.25629562018819785,0.24960649345192057,0.2030033155526421,0.6701893652037557,0.7308281396631922,1.5004459626337827,1.985805768927534,1.8972273387453549,hjorth_mobility,hjorth_complexity,1.1553885758018507,1.0574940040775231,1.0334203426104538,0.3592912767021505,0.11815550986215824,1.1055394895695876,0.05346056447050035,0.27085195163127435,1030,eeg_data_level_8.csv,7,AF7,190.0078125,200.00390625
1.0866891043837266,1.0866891043837266,1.5522364308392709,0.7652741020172592,0.9111573104500683,0.5676494759799086,0.5676494759799084,0.621419178954306,0.30643631887881434,0.6369923429393356,0.9304882313704268,0.9304882313704268,0.8254975206068609,1.0708107723404168,0.8812575358955393,1.157080310631834,1.1570803106318337,1.367753719147715,0.584957578973225,1.1237199046729662,0.8151178251614366,0.8151178251614367,1.0679609254588205,0.5661895315912112,0.8094961685817098,1.1136674533340494,0.6725615176026366,0.7220405016056984,0.5922107125827972,0.4589680040658033,hjorth_mobility,hjorth_complexity,0.5816646953779077,0.8809650759131982,0.8150424268118811,0.7797385153961564,1.5563932678394639,0.9973888873290845,1.0326350242619093,1.1903882318508987,1030,eeg_data_level_8.csv,7,AF8,190.0078125,200.00390625
1.6563459357343304,1.6563459357343304,2.2252317941945448,0.9482490335385934,1.222435180355707,1.3559423154813806,1.3559423154813806,1.6090149314841347,0.8354832521890917,1.4878635153122608,2.048121604965691,2.048121604965691,2.1919886600430973,3.1816797268312498,1.881720743755635,1.5858885182937905,1.5858885182937903,1.373843182209092,1.4458449108888798,1.6670511367574627,1.1277041934259606,1.1277041934259608,0.9989960184014555,0.9716403195511436,1.1592161180200493,1.0755630385238757,0.9117979330531927,0.9534363100050784,0.532367601371475,0.4156344198120425,hjorth_mobility,hjorth_complexity,0.6809248823024653,0.8918689367754108,0.9027156508919557,1.2791788716629755,2.159393800929099,0.8892382850885814,2.080277426845604,1.6895685914592506,1030,eeg_data_level_8.csv,7,TP9,190.0078125,200.00390625
0.9311160288797246,0.9311160288797243,0.8224144640304588,1.4038236407413314,0.9367105466279453,0.9624627303268735,0.9624627303268736,1.065967323017919,0.7401313205551077,0.9559953577938289,0.9588157826271084,0.9588157826271085,1.037221531530767,0.9297133917342547,0.949859457205954,1.24129454994385,1.2412945499438492,1.2394929219436701,1.3160207283752476,1.3865788524171563,1.7484990372716696,1.7484990372716696,1.283563412760347,1.4426494399985392,1.8600442476922348,1.1246366027598567,1.0081775027449682,0.7501571303604597,0.6474601473427465,0.9139829994254204,hjorth_mobility,hjorth_complexity,1.1077436860780632,1.0973376288075587,0.8878204794621007,1.131385296849325,1.2997106084837406,0.8051211500126345,1.0209806632742064,1.1836517859065854,1030,eeg_data_level_8.csv,7,TP10,190.0078125,200.00390625
0.024780245565015967,0.024780245565015964,0.02767403390740447,0.025280933815272473,0.02356272265223243,0.032302612571154216,0.03230261257115422,0.02519910186848091,0.04943065406759598,0.0341546991362853,0.10550409182766671,0.10550409182766671,0.07705093429665555,0.18358407061832183,0.11170775651810014,0.23000507469496692,0.2300050746949669,0.18413565410925595,0.27208122147237285,0.23173096203666022,0.1618493736587732,0.1618493736587732,0.20343722080637347,0.10764768404316856,0.15564980682881244,0.7658157637650244,0.8198942682373712,1.5234279803662565,2.01697440740185,1.6021732459199332,hjorth_mobility,hjorth_complexity,1.199063058048656,0.9961796805351537,0.9618325034234894,0.2930389845443071,0.06926357474678242,1.0334390880759188,0.04696558612964019,0.2538663112285933,1030,eeg_data_level_8.csv,8,AF7,200.0078125,210.00390625
0.4330358517777934,0.43303585177779347,0.38051148070069646,0.4352229346069863,0.46175633240559283,0.5657596487699129,0.5657596487699129,0.459950164747119,0.5822091491333806,0.6348542691119528,1.2689586676960412,1.2689586676960414,0.9822077408409929,2.145777737139159,1.4000110790055087,0.9914315151221033,0.9914315151221033,1.3317438796621146,0.8245248130770426,0.9404024294342623,0.589628962066942,0.5896289620669419,0.526194463835811,0.6065501525994096,0.5775823798526891,1.0705114433684928,1.1835636279565123,1.6899678726679392,0.9581860960646057,0.655678447903767,hjorth_mobility,hjorth_complexity,0.6352651963171688,0.8170455143665896,0.8162676465534674,0.7287752137362769,0.7456020105094814,0.8171378835949126,0.6111509266747644,0.9157763772308664,1030,eeg_data_level_8.csv,8,AF8,200.0078125,210.00390625
0.41696248775182415,0.41696248775182415,0.45055540219543494,0.29591316896001585,0.30604541029066834,0.3716837633818603,0.3716837633818603,0.4485128991506263,0.3644419104450599,0.41007126108752956,0.5931541284936043,0.5931541284936043,0.5698090706296957,0.5924932148704166,0.5773234239936771,0.7711088292296584,0.7711088292296582,0.7229863960125301,0.8167251008001531,0.7713683919129269,0.7719095421727267,0.7719095421727267,0.7181988421178024,0.6006878968149888,0.7353453971498725,1.054210382638196,0.9016659359799575,0.9673178569165415,0.8405649415997396,0.8837060500736481,hjorth_mobility,hjorth_complexity,0.7801850692270229,0.9908166202083355,0.4349617598326798,0.7338715439022648,0.9370954230447033,0.5287362776202376,0.5278341007693309,0.8510673337898548,1030,eeg_data_level_8.csv,8,TP9,200.0078125,210.00390625
0.32165189489910895,0.3216518948991089,0.30975933380361764,0.3109770966684516,0.3183526337411073,0.3124777863137319,0.31247778631373185,0.3003021354489737,0.30256136403244277,0.3414421309474898,0.45292346951296714,0.45292346951296714,0.5900702497303112,0.5056438727132317,0.35956672540034834,0.9830999214969651,0.9830999214969648,1.4293877744941104,1.3442290900614149,0.9879852246671245,1.1449301731490267,1.1449301731490267,1.1291199895048356,0.9716849634938798,1.1406271625580717,0.9687327227982018,0.8497951469396384,0.8211605208940902,1.0939189168061618,1.323455057624286,hjorth_mobility,hjorth_complexity,1.0521579814003108,1.098148369829528,0.977646589659534,0.8281536519730419,0.6681897799101363,1.0334390880759188,0.4494043158349049,0.7852967835779562,1030,eeg_data_level_8.csv,8,TP10,200.0078125,210.00390625
0.061843568207233725,0.061843568207233725,0.05294753418796422,0.06270293156299826,0.07465365809411978,0.08325623630454432,0.08325623630454432,0.054377889723833964,0.12172732785323342,0.10885195442182652,0.13180707561366217,0.13180707561366217,0.15199335194892022,0.13927838493504707,0.13580842823457023,0.2032921891417111,0.20329218914171107,0.1938769479403365,0.23272347456743453,0.20884059550060444,0.14719360969345335,0.14719360969345335,0.23752211267378306,0.14400700460851712,0.1463118271606915,1.015033606333353,1.1496623113134625,1.198114984712635,1.2078894792273303,0.9734776384361531,hjorth_mobility,hjorth_complexity,1.0878916486931516,0.9593960549397377,1.0015383746204647,0.3643876068681384,0.4196557764069758,1.0815060224050315,0.07709022417424921,0.3252481638961071,1030,eeg_data_level_8.csv,9,AF7,210.0078125,220.00390625
0.5819300016929464,0.5819300016929464,0.5704714459261426,0.46721698742713663,0.6608713495350548,0.51351431212022,0.51351431212022,0.41266017068227967,0.57381838203197,0.6677815490085156,1.2491807493776708,1.2491807493776705,1.0296568454119537,1.464148056512501,1.185494320295394,1.1555001338257662,1.155500133825766,1.508057055872241,0.6902135738683036,1.1280632701363964,0.5988465898908043,0.5988465898908042,0.58765757663771,0.500363891185351,0.5842276158901211,1.1142807748807593,0.9493177408239099,1.4038902903747625,0.9146970811862708,0.5554014148157452,hjorth_mobility,hjorth_complexity,0.6154131589322572,0.8233928069428527,1.2560427696566643,0.8995022742968731,0.9778387023075165,1.3699076283797065,0.6744076657130161,0.9620030485456739,1030,eeg_data_level_8.csv,9,AF8,210.0078125,220.00390625
3.102639698718963,3.102639698718963,3.2249579424121633,2.345354401311771,2.2736459325528933,2.26017277758673,2.26017277758673,3.187665736375544,1.8604095445086526,1.4903159691276553,3.2435250996865523,3.2435250996865523,3.091571353614297,3.811685223350104,3.794586274346224,3.124013741989298,3.124013741989298,3.270285938987087,2.08305705516717,2.6594239132592357,1.884381420357715,1.884381420357715,2.6756794721562747,1.3842357028588301,1.634601019895362,1.169848034576772,0.857915814678588,0.8807135219136,0.5889291578712584,0.39626038151320814,hjorth_mobility,hjorth_complexity,0.6650432523945361,0.8513444534672132,0.9641166630845892,2.1608439903788907,3.373543522960932,1.0574725552404751,2.954990562948359,2.013692944404441,1030,eeg_data_level_8.csv,9,TP9,210.0078125,220.00390625
1.1529342431149365,1.1529342431149365,0.9895807046526456,1.4024335586143999,1.125673040829841,1.0306896689235208,1.0306896689235208,1.2997931615519847,1.0537903596146787,1.0688487724483184,1.530154212392522,1.530154212392522,1.298780455926302,2.138985298121126,1.4905723925482597,1.4662380700365942,1.466238070036594,1.216698616123891,1.353014708639547,1.4862870408362034,1.6730086255641112,1.6730086255641112,1.7300745170283478,3.1468788747932557,1.6872393683301885,1.152777591310352,0.9490185987928736,0.984032830362919,0.6567163781805924,0.7763914461983658,hjorth_mobility,hjorth_complexity,1.0561283888772932,1.0271731797679375,0.9047897728830695,1.5696696911242887,4.514355342319702,0.9733554201645283,1.8752299634581049,1.6041407308069207,1030,eeg_data_level_8.csv,9,TP10,210.0078125,220.00390625
0.0327479814510387,0.032747981451038695,0.025033503645804964,0.027536600673224727,0.03965193618815578,0.06740487571469296,0.06740487571469296,0.06995439090008854,0.09454310585543867,0.07215125932640216,0.10100976336025094,0.10100976336025094,0.07466610841990094,0.10604260076557495,0.10990440270479837,0.22618985567765856,0.22618985567765854,0.20738645800243435,0.2562378723574885,0.22227178929481684,0.1955800305303364,0.19558003053033635,0.21847648845547354,0.12771107907237225,0.19309976881458324,0.8028173135784084,1.1704101503860418,1.2039468061563376,1.6281194575415614,1.5295139353133775,hjorth_mobility,hjorth_complexity,1.1434773533709037,1.0167798085741604,0.9856017664102612,0.3567431116191565,0.24853400350316043,1.0574725552404751,0.05633421643198937,0.2780361897507283,1030,eeg_data_level_8.csv,10,AF7,220.0078125,230.00390625
0.4551096880054931,0.45510968800549306,0.5888319336580397,0.30956498514189246,0.3192691006531581,0.4332192375036531,0.4332192375036531,0.47001431386639225,0.3578702208238881,0.4599855136822313,1.020273177578276,1.020273177578276,0.9132175033470464,1.2038733880356096,1.0927095809814813,0.8362066778365197,0.8362066778365197,1.0903848031835588,0.9236688630053445,0.7876016484855075,0.6229705743283025,0.6229705743283025,0.6363228395343492,0.6364402947003569,0.6060677492478342,1.0449174599033875,0.9636516968645628,1.448043679009684,0.8585476851126614,0.7066565275680455,hjorth_mobility,hjorth_complexity,0.7563626243651291,0.8886134386311573,0.7166135237145965,0.6446857659974756,0.9289467671921406,0.7690709492658001,0.508931733733213,0.8356895375420017,1030,eeg_data_level_8.csv,10,AF8,220.0078125,230.00390625
2.6810957601211625,2.6810957601211616,4.40878109708459,1.4129070122708325,1.472319477933526,1.6089925836575378,1.6089925836575378,1.7956203485764124,1.9143293254317586,1.5902093209809087,2.258529043972166,2.258529043972166,1.9490128084568024,2.6599977046440895,2.1605270326503607,1.9962154242653738,1.9962154242653734,2.668312854012675,1.9008445024788723,1.9736138498901097,1.343614652522161,1.343614652522161,1.4064924915375185,1.1136131720090712,1.2509964298147094,1.0764968681168334,0.7842408985480043,0.7478945866109578,0.45997664683788886,0.3413439627152426,hjorth_mobility,hjorth_complexity,0.45659685985296505,0.9009104109204451,0.7272029229097342,1.4804839132194996,2.212360063970756,0.7450374821012439,2.902754931590013,1.9958154719585728,1030,eeg_data_level_8.csv,10,TP9,220.0078125,230.00390625
0.8376474955837716,0.8376474955837716,0.5742413930862,1.5905994154844785,0.8670952592976756,1.217213608128249,1.217213608128249,1.0834180264243152,0.9912295200078446,1.4459577450294112,0.6859447713073632,0.6859447713073632,0.7057475281280337,0.6312416583194658,0.7375442060143497,1.209147138092658,1.2091471380926575,1.145986219649375,1.3427392029125556,1.194912627450398,1.6963623672436918,1.6963623672436918,1.4425196678744654,2.3032829282536804,1.6933753631407091,1.0928462161964916,1.2514555566721464,0.5850504106562453,0.654382739340394,0.9197367145799432,hjorth_mobility,hjorth_complexity,1.1117140935550454,1.116482491413518,0.9162630806060659,1.6843371198590176,1.3241565760414287,0.9132717522531376,0.9702023113083629,1.1538420223799455,1030,eeg_data_level_8.csv,10,TP10,220.0078125,230.00390625
0.10192037511675094,0.10192037511675096,0.07509756573161777,0.156770922820514,0.11915783415923444,0.10267045965465213,0.10267045965465212,0.11506687078170279,0.10777209979829186,0.06729975745186204,0.3142187033133595,0.3142187033133595,0.26843312276773296,0.46623688606665065,0.3135627235565053,0.45966038757148847,0.45966038757148836,0.36297112824563615,0.42726705142166826,0.4562863202163179,0.5327882369000968,0.5327882369000967,0.704106658830134,0.5259420222369903,0.4685049227292246,0.9174851168188707,0.7608440688862399,1.4001714185498702,1.3433935470225915,1.6010751068727274,hjorth_mobility,hjorth_complexity,1.1474477608478861,1.0857179741396181,0.9188185389242315,0.5809816389226263,0.639669484426167,1.0094056209113627,0.1536269794017385,0.4591440334379136,1030,eeg_data_level_8.csv,11,AF7,230.0078125,240.00390625
1.844302712303833,1.8443027123038331,1.7276487319908274,1.1308589822326105,1.7930161957911415,1.0399510678154384,1.0399510678154382,0.9534450354496928,0.9215749165651544,1.0358593373520009,1.4502411639291632,1.4502411639291632,1.3849648849449607,1.2553468994114525,1.5217763425240702,1.8973416058395434,1.8973416058395431,1.6773058963229326,2.1817550566340818,2.0209678071448822,1.642547821005663,1.642547821005663,2.0604050068292588,0.9145261630734458,1.541394195006693,1.2071145569172272,0.7520157747143433,0.7117445110239089,0.6161395858287237,0.5638921262427319,hjorth_mobility,hjorth_complexity,0.7107029383798326,0.9288298236566793,1.2971663951260466,1.0702293348574694,1.4708323813875561,1.3098239604683157,1.4641232259688257,1.4174378131120966,1030,eeg_data_level_8.csv,11,AF8,230.0078125,240.00390625
6.616092013798004,6.616092013798003,8.47084537333905,3.7062955005086526,6.300880339478527,3.0815175549356884,3.0815175549356884,4.18862860222176,1.9788176977674434,2.1637980476643977,4.001670751189494,4.001670751189494,2.9964873276336763,6.4117385766248995,4.361589960027402,3.8691003787201814,3.869100378720181,5.1602499611937125,4.64659835122459,3.756973478709931,3.4391810895911976,3.4391810895911976,5.477178220592298,2.4654234359925167,3.473691103695373,1.1854955257459847,0.6375949954239193,0.5967885360978871,0.39221880324541203,0.3679864109774459,hjorth_mobility,hjorth_complexity,0.5379902131311023,0.9367641513729906,0.345485712418557,2.6653806768116977,3.512070672454497,0.288401605974675,6.091904049858009,2.891290481437585,1030,eeg_data_level_8.csv,11,TP9,230.0078125,240.00390625
2.245089652646014,2.245089652646013,1.8090352431275694,2.6268545915523713,2.6497576146273323,1.5157279133200952,1.5157279133200952,1.5982005388001432,1.103312837957409,1.3640616349352537,1.4512788969221497,1.4512788969221497,1.428780033190798,1.5565910194596677,1.6099961050760636,2.747162850718375,2.7471628507183743,2.0882904405882274,2.4180314926015547,2.862388430711127,4.045364557303014,4.045364557303014,3.1805716909245834,5.116033817080827,4.361757771650804,1.1544911645728289,0.7716121308067286,0.5356969974144931,0.6329644326357173,0.9285112040762249,hjorth_mobility,hjorth_complexity,1.2685451888958466,1.1559965665081087,0.5647562883145709,1.6027958372032103,1.8986368136470946,0.6248701462784626,2.2513893874214683,1.7576828147161179,1030,eeg_data_level_8.csv,11,TP10,230.0078125,240.00390625
1.4256092365841517,1.4256092365841517,3.0016400477650955,0.5591283295945529,0.844606231316862,0.3893593559898196,0.3893593559898197,0.311993613212163,0.368231490257375,0.521864762493047,0.2845192582394461,0.2845192582394461,0.28164338568714437,0.24671043923821254,0.2678743477217365,0.3359811277585098,0.33598112775850975,0.44650377442383193,0.32616331501498386,0.2934184771960215,0.30449547097716245,0.3044954709771625,0.28473615354091186,0.39002635960636883,0.2807686789653076,1.0579168948898117,0.49919921439711873,0.25742538075671173,0.1994399476412555,0.19122383665375955,hjorth_mobility,hjorth_complexity,1.079950833739187,0.9697237081689029,0.48733115221590667,0.43063989902598176,2.7786916457238595,1.0334390880759188,1.4066677538252486,1.3893477599736135,1030,eeg_data_level_8.csv,12,AF7,240.0078125,250.00390625
29.590478347201053,29.590478347201053,43.24954448593806,9.290804932780098,13.134951022140747,2.7552786282557045,2.7552786282557045,4.535862680578216,1.6853578894236891,2.5696223037761934,2.6367378394104777,2.6367378394104777,2.1958184655033692,3.221266961625517,2.8419243030836956,1.8491541499241761,1.849154149924176,1.6448059494101384,2.0065970710322842,1.699801938904958,1.264433064419309,1.264433064419309,1.652017890326566,0.7464179517825211,1.0036102842840253,1.105906573713427,0.21055261914059345,0.13881956501819792,0.06683146790637311,0.048107883944844186,hjorth_mobility,hjorth_complexity,0.6035019365013103,0.7783982465359472,-0.21838666736815543,2.6118692100688246,8.160878836341482,0.8652048179240251,18.627613038732672,5.055845604885683,1030,eeg_data_level_8.csv,12,AF8,240.0078125,250.00390625
3.909534617446834,3.9095346174468335,4.4951221436593345,0.8019563834536687,4.519699240082557,1.2712892225748518,1.2712892225748518,0.7455937643471572,0.8679221211667958,1.9259712321484421,2.843277797830413,2.843277797830413,2.4432247659942408,3.1823107583233443,3.065714972744924,2.8622870840614913,2.8622870840614905,2.3171428044061297,2.0924547947304606,3.0323747977983273,2.180969815645002,2.1809698156450015,2.0647633042702656,1.9680237502845799,2.1273207363823308,1.1117389450362978,0.5283196343874846,0.7024222494611642,0.48338809051939546,0.40075524367552906,hjorth_mobility,hjorth_complexity,0.7146733458568149,0.9708146436310774,1.1666892442167,2.0079540853992524,3.1983474221308352,1.3939410955442626,3.301533974004027,2.128497206809605,1030,eeg_data_level_8.csv,12,TP9,240.0078125,250.00390625
1.5949658454589997,1.5949658454589997,2.071388653231603,0.8378968104396142,1.7065609697233914,0.8420740134538007,0.8420740134538008,0.8088591672207177,0.5838871264742121,0.7045595470906643,1.0679539148745276,1.0679539148745276,0.9322239765426863,1.0025416340042788,1.2480411613315958,1.8642438879543528,1.8642438879543526,2.246737962001082,1.2782850368374212,1.737250753038691,2.5870307447593666,2.5870307447593666,2.1670898977883812,2.464106937563272,2.648693997193424,1.1099230715182404,0.6681904881047941,0.58720458199662,0.6377259984702508,0.8987993088706887,hjorth_mobility,hjorth_complexity,1.133551334678448,1.1401390950142485,1.4842311949575093,1.6639517991950656,1.4667580534612747,1.3699076283797065,1.710725687541269,1.532164471683778,1030,eeg_data_level_8.csv,12,TP10,240.0078125,250.00390625
0.0678076457378506,0.06780764573785059,0.07514216581694726,0.07967621625406635,0.05958536961440783,0.08659055462635841,0.08659055462635841,0.06083775809350339,0.0801113426163928,0.10704037746427002,0.12914581184252966,0.12914581184252966,0.08597937559299974,0.21048218155867232,0.14317012603625978,0.3187520078688384,0.31875200786883834,0.27066063619525216,0.37291162606856365,0.3519007912403793,0.28751305126823057,0.28751305126823057,0.30702027733772447,0.20153304251787166,0.26434354572601193,0.9261097054390254,0.9902337267777664,0.9960313475562517,1.4515926067277718,1.4001560775510833,hjorth_mobility,hjorth_complexity,0.8854008673670537,1.0295037443150243,1.431984324548441,0.6370412707484937,0.5092909907851648,1.3939410955442626,0.20151962713337476,0.5258645256907527,1030,eeg_data_level_8.csv,13,AF7,250.0078125,260.00390625
0.21015218471187813,0.21015218471187813,0.2176493535332891,0.2201271965123759,0.18516840488891212,0.2158928291971717,0.21589282919717173,0.14520223984232195,0.15755224879300822,0.3250799968380661,0.4006828772828348,0.4006828772828348,0.36617970047136345,0.43796215602426586,0.4144170551464961,0.7971956577493962,0.797195657749396,0.6269662632291768,0.8864985789779808,0.8086090582795347,0.8892706874126713,0.8892706874126718,0.9381982596588436,0.6987615811931759,0.8880915407073092,0.948678764918552,0.8729765907343316,1.0381014555340453,1.282902279617382,1.475189523037354,hjorth_mobility,hjorth_complexity,0.8318003664277928,1.0682411515481116,2.007820099954784,0.7415160391512468,0.26483131520828573,2.090911643316394,0.32525504998715726,0.6680780812690471,1030,eeg_data_level_8.csv,13,AF8,250.0078125,260.00390625
2.2706749077337722,2.2706749077337722,3.1025563771864078,2.8858872852975543,1.8555931224029574,1.7745715664960668,1.7745715664960668,2.1646543880192457,1.1134946349644217,1.7128042685102611,1.2222053615059927,1.2222053615059927,1.0288839319161158,1.8090172694547992,1.1599684830616812,1.8110605489213203,1.81106054892132,1.5831428827053025,1.7291049499187447,1.9479339113388179,2.189003362687745,2.189003362687745,2.2705355383989554,2.462514945570979,2.2099778102016154,1.1254906083953782,0.8588122592748342,0.4729648771464876,0.4487272095576771,0.5510035109436742,hjorth_mobility,hjorth_complexity,0.7226141608107796,1.0429039050898048,0.7929184589066677,1.4957729037174634,2.3916304927271343,0.5287362776202376,2.540443621856412,1.8671103222996535,1030,eeg_data_level_8.csv,13,TP9,250.0078125,260.00390625
1.0550335140132874,1.0550335140132872,0.852829000210429,1.5057758406022184,1.0951230059947117,1.1658787039425644,1.1658787039425644,1.3544089842101392,1.1054180479433402,0.970950142800968,1.2051970144482176,1.2051970144482178,0.911946557761626,1.8137013629016392,1.2952051370943112,2.532763212551814,2.5327632125518136,2.326804270014129,3.0113515405151183,2.410243906795685,3.97569941714199,3.9756994171419895,2.983839258990988,3.6034251738727368,4.299104844032153,1.0064068447720633,0.923682971227209,0.7150018159390135,0.9099418647759367,1.4126606365006953,hjorth_mobility,hjorth_complexity,1.2665599851573552,1.1780550268722323,0.7903454974493367,1.7607820723488368,1.161183458990176,0.8171378835949126,1.3210924721653154,1.3464238879557355,1030,eeg_data_level_8.csv,13,TP10,250.0078125,260.00390625
0.06361111701317253,0.06361111701317253,0.05208815086886344,0.09616720298233307,0.06053584698966355,0.07191511661251837,0.07191511661251837,0.06071861974045749,0.09237827736052047,0.08774578504469738,0.15932281085538424,0.15932281085538424,0.13679670885811485,0.20368144526134743,0.1533380163586898,0.2658085843271503,0.26580858432715027,0.24582414940995256,0.2999648219366712,0.266755462499578,0.20733227572381902,0.20733227572381902,0.19950794527741703,0.2596643974555346,0.21586939684457102,0.9906438659131355,0.9483184477154714,1.3056972998643672,1.397891249422065,1.2098685993502347,hjorth_mobility,hjorth_complexity,1.1017880748625895,1.0089411158425594,0.9544024208477274,0.3541949465361625,0.2403853476505978,1.0094056209113627,0.0804029115956889,0.3321628722408769,1030,eeg_data_level_8.csv,14,AF7,260.0078125,270.00390625
0.2708934979262061,0.2708934979262061,0.22195026789804095,0.29133292218545176,0.320394399036195,0.2856510150236073,0.2856510150236073,0.21315759048154231,0.586522212165285,0.3111187391116116,0.5159614497872348,0.5159614497872348,0.5386920571175198,0.3594984408672342,0.5387967388300176,0.6953318044790109,0.6953318044790109,0.5905885711968897,0.6394284381541468,0.7351027661761078,0.5793726688877283,0.5793726688877283,0.6872621786158378,0.3813988870288709,0.5832874422319313,1.05735842413493,1.0054113093210644,1.1482894928845695,1.0420863440825854,0.9332604649070202,hjorth_mobility,hjorth_complexity,0.728569772026253,0.947276641669863,1.1327681605139281,0.5605963182586745,0.3666895133653187,1.1536064238987,0.3020944948115314,0.643852823815026,1030,eeg_data_level_8.csv,14,AF8,260.0078125,270.00390625
1.3053342332309488,1.3053342332309488,1.3206647892602685,0.8009951459215028,1.1885367004243705,0.8978280483961462,0.8978280483961463,0.7333541169281269,1.1434900010133975,0.8948367704255276,1.0422003953525514,1.0422003953525514,0.8523567983776394,1.2417679058309787,1.1678955608061556,1.5354260231545909,1.5354260231545904,1.2561684930598747,1.8920418316866188,1.4982683721790273,1.2906669844186658,1.2906669844186658,1.4018479621696058,1.5924575758302928,1.2984456355753218,1.14352760093901,0.8294961873958835,0.6778504210249995,0.6442935215809376,0.5823635146173283,hjorth_mobility,hjorth_complexity,0.6848952897794476,0.977371120518674,1.1435413426703038,1.4702912528875236,0.7822709618460132,0.8892382850885814,1.327185163160765,1.3495250744557934,1030,eeg_data_level_8.csv,14,TP9,260.0078125,270.00390625
0.6128673125788078,0.6128673125788077,0.5335278149636002,0.5498099343324304,0.6794278540703339,0.5715259834365314,0.5715259834365314,0.4819325265842819,0.6075181437853822,0.6035625674536476,0.5295034129244607,0.5295034129244607,0.5258241890079912,0.7915929475212923,0.5347563159120166,1.6235225567130311,1.623522556713031,1.5659973883942537,1.9197527818768598,1.637398843874497,2.138646867409402,2.138646867409402,1.7773062391802308,2.42214087259749,2.196848609058443,1.027866816776492,0.851970840137224,0.583129362006263,1.0251901108988513,1.3643635802995355,hjorth_mobility,hjorth_complexity,1.353908949650966,1.1388139310024998,0.8614082424613358,1.1415779571813007,0.9900616860863605,0.8652048179240251,0.6455744919378226,0.9412140041037362,1030,eeg_data_level_8.csv,14,TP10,260.0078125,270.00390625
0.017222832862326322,0.01722283286232632,0.016638022761705867,0.01677606449356616,0.016610834591416435,0.03605638872962657,0.03605638872962657,0.019444464337495533,0.06768191195327995,0.05019449547291777,0.13055336065519038,0.13055336065519038,0.12733471493176146,0.11728235595568204,0.1127272160296705,0.2980393248501309,0.2980393248501308,0.3185447832958807,0.31642241363039414,0.31750191611126954,0.2812025334132939,0.2812025334132939,0.3299270071924331,0.23227887131384847,0.2757375873962844,0.5381913047522023,0.7990633475377054,1.557099079530364,2.1695109157989427,2.2082222980070205,hjorth_mobility,hjorth_complexity,1.183181428140727,1.054474898799556,0.9362429139635036,0.405158248196042,0.3055745944710989,1.0094056209113627,0.06426108457897142,0.2969540309033715,1030,eeg_data_level_8.csv,15,AF7,270.0078125,280.00390625
0.302798890253543,0.30279889025354295,0.3433173198521544,0.21009149331806756,0.26537940404876675,0.2627110411251642,0.26271104112516425,0.19121891371824093,0.43007381725287774,0.3275229382781566,0.5028084833982599,0.5028084833982599,0.5043361641663651,0.5393801030770758,0.4998083417224972,0.7661453235747088,0.7661453235747087,0.7603317082087789,1.2264685445977495,0.7391592031088773,0.7732863116993636,0.7732863116993635,0.8225518228401046,0.569444420541869,0.7631565792433831,1.0097847389526642,0.8681477542920464,1.040792009485195,1.03448553322936,1.0936668190743517,hjorth_mobility,hjorth_complexity,0.8933416823210186,1.0038269548633223,1.0232160124769574,1.03200685861256,0.6437438123524484,0.9613386865822501,0.483425258630601,0.8144789571610244,1030,eeg_data_level_8.csv,15,AF8,270.0078125,280.00390625
2.2088443116365313,2.2088443116365313,3.650615399979151,1.138143506395511,1.4957290297507655,1.6461532395208427,1.646153239520843,1.4041601908243473,1.4498589224350473,2.2759807823670517,1.6054447552648474,1.6054447552648474,1.6257447791379618,1.7828377072824364,1.6508241501706717,1.7916774584981456,1.7916774584981456,1.5485482139422626,1.955575176141765,1.8223333890271176,1.1670906697669765,1.1670906697669767,1.2615433051126517,1.2941320501960283,1.1769564684485638,1.0664840897438306,0.8796598319365905,0.6245609166926386,0.4708842698437706,0.3391317844369233,hjorth_mobility,hjorth_complexity,0.7523922168881467,0.9326697402263711,0.6359765615790597,1.1568669476792646,1.6093595308811208,0.4446191425442907,2.0043949294799,1.6584670480294736,1030,eeg_data_level_8.csv,15,TP9,270.0078125,280.00390625
0.9108242682202222,0.9108242682202221,0.6875698047434713,1.007573311739966,1.0068052657074718,1.251539595223902,1.251539595223902,0.9626233342460813,1.2696195372708834,1.4877930589023836,1.0116472787460895,1.0116472787460895,1.546868411888628,0.9324732691824886,0.846344781525401,1.6182415881260885,1.6182415881260883,1.3422258178996265,1.0711170184070677,1.5455747071334018,2.096170863854618,2.096170863854618,1.7077005636583065,1.7793292920553405,2.193549690221993,1.064936383091251,1.182238734772366,0.7283471807788233,0.7612632825586394,1.0022175395200488,hjorth_mobility,hjorth_complexity,1.199063058048656,1.0817277248509285,0.8773360991019561,1.1160963063513611,0.933021095118422,0.8171378835949126,1.0460137517828738,1.1980746977024217,1030,eeg_data_level_8.csv,15,TP10,270.0078125,280.00390625
0.17590039612793593,0.17590039612793595,0.1857579770024805,0.15752146004911538,0.1768948868682819,0.25682640551484265,0.25682640551484265,0.2249773957114986,0.30979409181602535,0.24998391551828758,0.46338329157723157,0.46338329157723157,0.2979160626552508,0.8044735882027289,0.49988270892168557,0.4131025546440476,0.4131025546440475,0.40808551044748614,0.5020090882661163,0.38838398286631726,0.37433513882546265,0.3743351388254626,0.4568625867979937,0.15401799533055852,0.37107855822876545,1.0154321193373066,1.2100890687712091,1.4773106741935713,0.9321538468329028,0.8965314021997641,hjorth_mobility,hjorth_complexity,1.0640692038312576,0.9986598094500097,0.9552250683885068,0.9020504393798672,0.2566826593557231,0.9613386865822501,0.17817458996958208,0.4944678773086923,1030,eeg_data_level_8.csv,16,AF7,280.0078125,290.00390625
0.26215633675903294,0.26215633675903294,0.2036007592945844,0.19907217748324293,0.33959635267151306,0.35269051642439775,0.35269051642439775,0.2607539605015313,0.7930759688757967,0.423535628096496,0.5582869664895029,0.5582869664895029,0.6790032219513593,0.3212509168835353,0.4466389999127509,0.929714403047808,0.9297144030478076,0.9009518807985368,0.7119886303863371,0.9650386829450891,0.7738084218858932,0.7738084218858932,0.9201616138857986,0.4822817090820189,0.694727061918828,0.9759774744265385,1.1109125680563265,1.130805379870083,1.2286626646353604,1.105447396463561,hjorth_mobility,hjorth_complexity,1.0064982954150143,0.9907226773734717,1.1150112258305112,0.9937843823676502,0.7741223059934506,1.1776398910632564,0.3290298491090707,0.6719436411503956,1030,eeg_data_level_8.csv,16,AF8,280.0078125,290.00390625
0.7769493400101228,0.7769493400101228,1.0071807948105158,0.6583929215870125,0.5353363613784129,0.6595665993913653,0.6595665993913653,0.504595670379776,0.781000127904538,0.79935741339011,1.2393569165925784,1.2393569165925784,0.9856787262344177,2.1842906263863284,1.3040685318975531,1.4831599276196934,1.4831599276196932,1.1453137646482343,1.8574604070260647,1.5050856361541223,1.491228357160887,1.491228357160887,1.3912985429691067,1.2044542329529142,1.4223232218071298,1.0301139978956224,0.9011654493011017,1.0895791468271336,0.8771616125130206,0.9202972191108673,hjorth_mobility,hjorth_complexity,0.7543774206266379,1.0471032681172074,0.8158475712134949,1.1466742873472888,0.8230142411088264,0.5527697447847938,0.838974072678013,1.0729746689125594,1030,eeg_data_level_8.csv,16,TP9,280.0078125,290.00390625
2.6088019032907788,2.6088019032907788,2.297364950649571,1.9356075313790015,2.7959820686296206,1.5824644082888557,1.5824644082888557,0.9189920664947923,3.213595877405597,2.0569503310639297,2.6385152894776427,2.6385152894776427,2.686503511974454,3.7357171985740822,2.667536348568718,2.0673155836123516,2.067315583612351,2.184247321119847,1.5700453650627224,2.0143079389824146,2.1974530688495912,2.1974530688495912,1.8543562725769567,1.7906357665122952,2.1548612549772517,1.2187786217938468,0.825612935224427,0.8718951375046147,0.4857038875826445,0.540365792576728,hjorth_mobility,hjorth_complexity,1.1117140935550454,1.079811552697461,0.9164293604281382,1.8168417041747043,4.237301043332572,0.9613386865822501,1.7647842058217704,1.556184206558049,1030,eeg_data_level_8.csv,16,TP10,280.0078125,290.00390625
0.25607948522261986,0.25607948522261986,0.22118629478167198,0.3240912024683544,0.27754519495361957,0.2749164991997124,0.2749164991997124,0.3037425779936065,0.14701465244724174,0.18940462311661138,0.34996206882636466,0.34996206882636466,0.28436263500645337,0.40373495241107177,0.40270229199775676,0.4985042398562789,0.49850423985627884,0.5541437099837057,0.5982223400817402,0.4767725483692965,0.3704557365880811,0.3704557365880811,0.4026655805375969,0.30514267984502813,0.3672415134022175,1.1203799819591114,1.0188266634000103,0.9654976525208585,0.8990931971767472,0.7325340877166504,hjorth_mobility,hjorth_complexity,0.988631461768594,0.9954588225261829,0.8873653978437973,0.8638279631349576,0.5459599421216967,0.9613386865822501,0.2411240583367373,0.5752219785326936,1030,eeg_data_level_8.csv,17,AF7,290.0078125,300.00390625
0.7558488099842624,0.7558488099842625,0.7528225566988983,0.5911757077021197,0.8448216372208088,0.654122294602381,0.654122294602381,0.7583387492941853,0.577017014621607,0.6597702921083523,2.197714962365137,2.197714962365137,2.4321118091901988,2.5270257314885836,2.292631058272165,1.7873633446300676,1.7873633446300674,1.612135101084024,1.9941048606053247,1.83725363425343,1.1483591711863819,1.1483591711863819,1.4188854629265308,0.9456013284806152,1.0148381170777634,1.0469204791426763,0.8566001596881727,1.6608875655857784,0.9954852561870146,0.7158823497388374,hjorth_mobility,hjorth_complexity,0.7007769196873768,0.8767664260277375,0.9865906937731133,0.8740206234669334,1.8334475668265935,1.1536064238987,0.9192432470713062,1.1231310226985272,1030,eeg_data_level_8.csv,17,AF8,290.0078125,300.00390625
3.1632406784433518,3.1632406784433513,4.1249052257803545,2.8909940801542118,3.149723054469028,1.8187885176223155,1.8187885176223155,1.4394654960272866,1.8502286663062535,1.7796104032404554,1.2656897263556488,1.2656897263556488,1.0552008207321557,1.4703212320213708,1.3737204099634728,1.864399177395871,1.8643991773958708,1.7277664313399068,2.4070606749509724,1.8915977480236175,1.5500930978812038,1.5500930978812038,1.9276653352992619,1.7111025202978098,1.5594374792730872,1.2284738029929256,0.8094748812496128,0.4272632573202756,0.40268250838681363,0.3579568765969536,hjorth_mobility,hjorth_complexity,0.8933416823210186,0.9525523144107684,0.8221136950347501,1.725107761186921,1.8090015992689055,0.6489036134430188,2.404161530103663,1.8163394722835027,1030,eeg_data_level_8.csv,17,TP9,290.0078125,300.00390625
2.7485529173027397,2.7485529173027397,3.4859688216420515,2.2325631189316355,2.9034925753045613,1.3682916103067138,1.3682916103067138,1.3346714283537144,0.9038894286702507,1.047943802980197,1.0730306888038437,1.0730306888038437,1.1589923550898082,1.1871676606078343,0.9796969169064915,2.4247570827267895,2.4247570827267895,2.5708900115494497,3.049026407743183,2.3267979312161153,2.8562194966066965,2.8562194966066965,2.487785972850719,2.713279227227858,2.81576448333777,1.1917522984106925,0.6629423328741805,0.396868046156658,0.5424560880907282,0.6558058978720637,hjorth_mobility,hjorth_complexity,1.1057584823395719,1.1047804825335603,0.8317754278541154,1.5747660212902765,1.841596222679156,0.9132717522531376,2.283550826486066,1.770192679683643,1030,eeg_data_level_8.csv,17,TP10,290.0078125,300.00390625
0.0768818327621986,0.0768818327621986,0.08384652451405869,0.08030361721808217,0.07040641959514823,0.11509009301209293,0.11509009301209293,0.0733881768452369,0.22566945940073524,0.13663692817105416,0.18583338149823783,0.18583338149823783,0.1854590288267585,0.2516012423839094,0.1678880791159046,0.22116569065369915,0.2211656906536991,0.19569437387490957,0.2713406388760851,0.21636018034713436,0.1984305062795525,0.19843050627955247,0.16855551691469442,0.1977285434141247,0.19689165335036873,0.9773833917054932,1.2179169518527315,1.297229983580881,1.0546737174689973,1.0162103613085223,hjorth_mobility,hjorth_complexity,0.976720239337647,0.9882253276484303,1.0465214422758435,0.4000619180300541,0.3259462341025055,1.129572956734144,0.08822244101328774,0.3479403005489642,1030,eeg_data_level_9.csv,0,AF7,120.0078125,130.00390625
0.256894693057486,0.256894693057486,0.31296055400557704,0.20808497294683537,0.18642444030005847,0.2780269827949299,0.2780269827949299,0.22462813143384702,0.37476097265928826,0.32014190998478376,0.5463054416738256,0.5463054416738256,0.5385997141999761,0.3683383516787266,0.5547248283701295,0.5290273568897195,0.5290273568897195,0.39260420332380763,0.3244488607076585,0.5689827539111179,0.5334099248242857,0.5334099248242857,0.5761636885936455,0.30506561300737994,0.5208194178217257,1.0200553546916242,1.0341497010894931,1.2904486969508175,0.8894642594750297,0.9401378819309625,hjorth_mobility,hjorth_complexity,0.8536376075511958,0.9763732540972365,0.9212427236986555,0.5631444833416684,0.6478181402787296,0.9853721537468064,0.2855688846890772,0.6259946793601688,1030,eeg_data_level_9.csv,0,AF8,120.0078125,130.00390625
0.5029858497620419,0.5029858497620419,0.34386299597476305,0.9499389153764343,0.5224673650224977,0.861995917624639,0.861995917624639,0.6833979211729987,1.006522620288222,1.014206677253322,1.617588866602484,1.617588866602484,1.6830552022716203,1.3251569972832278,1.5954353006658457,1.0859651711590947,1.0859651711590945,1.1299207560562963,0.7885297124696053,1.091344885895913,0.8670726308496737,0.8670726308496737,0.8940672101805323,0.7713013606922852,0.7928991023708967,1.034477927145872,1.3512408620473086,1.6338687914241996,0.8421067263051973,0.7352750351993785,hjorth_mobility,hjorth_complexity,0.9806906468146294,0.910288865778412,1.329135878811863,1.0651330046914815,0.7374533546569187,1.321840694050594,0.6491431081810377,0.943811847312179,1030,eeg_data_level_9.csv,0,TP9,120.0078125,130.00390625
0.5614541427897028,0.5614541427897028,0.3807779159894068,1.098928577523559,0.5906869554396739,0.812209054778143,0.812209054778143,0.7211630392724682,0.887236444266539,0.9531186655338026,1.317630679749847,1.3176306797498467,1.0936303428899372,1.3824725458124116,1.4797631226418713,1.241159314706313,1.2411593147063131,1.2530095947429194,1.4156161525527975,1.1782252682410965,1.349307676973143,1.3493076769731427,1.2627899529780666,1.9740567898253605,1.3066486198604257,1.0410781017304382,1.1909148866177925,1.3041356249580478,0.8726549676477903,0.9927088917152279,hjorth_mobility,hjorth_complexity,1.2427375402954612,1.0870023904701953,1.0049164804794095,1.1441261222642947,0.6274465006473231,0.8892382850885814,0.6608995384591388,0.952320040240467,1030,eeg_data_level_9.csv,0,TP10,120.0078125,130.00390625
0.056829084455949454,0.056829084455949454,0.05649256207741525,0.07636852544838749,0.0479232856732768,0.07431400676744312,0.07431400676744314,0.08369861878570727,0.06100096295168735,0.07730927505388473,0.15712422977265736,0.15712422977265736,0.12974941209126034,0.2602775738507258,0.15313963526908791,0.2004933099535712,0.20049330995357117,0.19046955564254778,0.2692549753408894,0.20748721749433,0.14556444886583952,0.14556444886583947,0.19879411180327697,0.08237235690709652,0.1294624524399353,0.9876513063067092,1.0574690487307976,1.4533331620363288,1.248957499798744,0.995878137536216,hjorth_mobility,hjorth_complexity,0.9648090169067,0.9618532432735577,1.0269879389671264,0.46376604510490343,0.28927728276597364,1.0574725552404751,0.06946290904394567,0.30873913486519916,1030,eeg_data_level_9.csv,1,AF7,130.0078125,140.00390625
0.2400528016459969,0.2400528016459969,0.23179828744970302,0.2330693589502226,0.27217248480653194,0.2751945045584801,0.27519450455848005,0.25353267606785185,0.23179729315256103,0.34306990330651815,0.4164359622066643,0.4164359622066643,0.3940286027491177,0.44854938425811264,0.4077062354885406,0.5662925265666582,0.5662925265666581,0.6206586721798405,0.42588457479098313,0.5220128362746649,0.39371725028946114,0.39371725028946114,0.4036258578364985,0.28243943398620835,0.3677652717256687,1.0598167890882881,1.0632232564409012,1.0978345702195291,0.9892315933106338,0.7679471761686184,hjorth_mobility,hjorth_complexity,0.63725040005566,0.8977855811914195,0.9329435722308036,0.5198256769307709,0.7170817150255121,1.0574725552404751,0.25665926777161974,0.5934630369966469,1030,eeg_data_level_9.csv,1,AF8,130.0078125,140.00390625
0.6299837587356429,0.6299837587356429,0.6090525585428938,0.6936197590031901,0.5829416358162087,1.2851134422469117,1.2851134422469117,1.0830431632574016,0.9600055136692899,1.4660297868677916,1.642720865296513,1.642720865296513,1.5617967717136498,0.9590489189715248,1.8930556575428756,0.889949384061733,0.8899493840617329,0.8382118565730137,0.7992104554957026,0.8693215930209371,0.5594312831088949,0.5594312831088949,0.7504740082385276,0.46258893085649355,0.5833459746695787,1.0519391714867985,1.546276753613311,1.46920669039499,0.6260847092787136,0.44138632962302904,hjorth_mobility,hjorth_complexity,0.7801850692270229,0.8567831668095305,1.413501009589655,1.3887499702317163,0.45225039981722637,1.3699076283797065,0.6694302190995048,0.9584464559776653,1030,eeg_data_level_9.csv,1,TP9,130.0078125,140.00390625
0.3710266089860296,0.3710266089860296,0.2690970903489004,0.3671851865262155,0.4486282411707191,0.9403626859075128,0.9403626859075128,0.8525830567238307,0.8475463407747876,0.9498056061764464,1.4772613147615694,1.4772613147615694,1.3147105827034389,2.085215760416509,1.298813914089654,1.0948163909083384,1.0948163909083384,1.4082446251893805,1.0006124319329754,0.9376359122129574,0.9133431274590709,0.9133431274590706,0.8686396093080015,1.1323221987423335,0.8905285100555923,0.9220562043368634,1.5247831914615189,1.7313674261716585,0.9519722290640609,0.873601328451366,hjorth_mobility,hjorth_complexity,1.0779656300006957,1.0146180326196517,1.0148495119558403,0.8867614488819033,1.2997106084837406,1.0094056209113627,0.5370951244391347,0.8585009978112369,1030,eeg_data_level_9.csv,1,TP10,130.0078125,140.00390625
0.044267784674278284,0.04426778467427828,0.044286206816805694,0.03937528237139767,0.03986794178559382,0.06731610377743821,0.06731610377743821,0.05142590936306268,0.08509645620141079,0.07190783879401837,0.11242584782846066,0.11242584782846066,0.09689760520692058,0.1261860937320197,0.12128635345306048,0.24390286227688535,0.24390286227688535,0.19774472927946576,0.25203655965570276,0.24864885547662974,0.17784865523559273,0.17784865523559273,0.1833373851725421,0.17446116383409463,0.18048325975931653,0.8874575414215402,1.0782047892152302,1.1937938733966411,1.5750719219189773,1.2878164199227005,hjorth_mobility,hjorth_complexity,1.0779656300006957,1.0061527457111836,1.038636278081778,0.3516467814531686,0.26483131520828573,1.1055394895695876,0.06895277116028067,0.3076033505437444,1030,eeg_data_level_9.csv,2,AF7,140.0078125,150.00390625
0.14671596531508077,0.14671596531508077,0.1305076952762075,0.16969899952655593,0.15574489245968776,0.13714248421889877,0.13714248421889877,0.11568009760042897,0.13597938720644068,0.14872407805594828,0.2644355737431494,0.2644355737431494,0.19882918599942673,0.41495065660445657,0.26956229933956743,0.5494002502551861,0.549400250255186,0.5112594014312254,0.605945204824728,0.5793367113079094,0.485103115252093,0.48510311525209315,0.5932535745547808,0.35739764904787,0.4715730055819951,0.9996019102284432,0.8456960010944058,1.0502418438277243,1.3261797890372273,1.2687617744799762,hjorth_mobility,hjorth_complexity,1.1057584823395719,1.0268595245429986,0.7938723799911883,0.4408325593579577,0.5744802376056659,0.8772215515063032,0.18254485792308853,0.5004952973399188,1030,eeg_data_level_9.csv,2,AF8,140.0078125,150.00390625
0.447416953051647,0.4474169530516471,0.3696422522124194,0.805070930198208,0.4435652158789894,0.7184736956353266,0.7184736956353265,0.7036210768169238,0.4712376271489223,0.702655349931594,0.8311774707017048,0.8311774707017048,1.0877278582704921,0.47988028539137195,0.8146703311129867,0.7293809142116477,0.7293809142116476,0.6113899205411012,0.9331531467896792,0.758086854000048,0.6501386786000118,0.6501386786000118,0.5931696606314983,0.7468382563968913,0.623667531788866,1.087649713492034,1.3167600228867966,1.129640242019867,0.7254150438365389,0.6893730547946656,hjorth_mobility,hjorth_complexity,0.7623182355806025,0.8972902934196967,1.3419131704026908,1.0014288776166322,0.6070748610159165,1.1776398910632564,0.6811461395380634,0.966797122269843,1030,eeg_data_level_9.csv,2,TP9,140.0078125,150.00390625
0.3711879033543735,0.37118790335437357,0.29706535525511507,0.5876416206448708,0.39449061024487936,0.7366560625387301,0.7366560625387301,0.7278889227054487,0.5544063859713043,0.6458791360207825,0.7579863683884868,0.7579863683884868,0.9538404113730592,0.7230747961739907,0.7318629237182659,0.818975434709353,0.8189754347093527,0.6890313763065943,1.0005687420271314,0.8499092463789337,1.1392208877575056,1.1392208877575056,1.0658315712510495,1.241233138860617,1.1169958210208921,0.9716862081856893,1.3545677643124232,1.0670300382540598,0.8062805754246445,1.1191338258597274,hjorth_mobility,hjorth_complexity,1.234796725341497,1.04839884499455,1.032151365020954,1.009073372865614,0.5581829259005406,0.9132717522531376,0.6353923038187702,0.9337619532170289,1030,eeg_data_level_9.csv,2,TP10,140.0078125,150.00390625
0.04288054700206776,0.042880547002067754,0.04206270352352724,0.023119947458712042,0.042624579822500536,0.06540030697925643,0.06540030697925643,0.04613408460975963,0.09423516343464582,0.06900249284102787,0.271078978770945,0.271078978770945,0.21059640348102587,0.25426140809017755,0.3169141089549397,0.27942162076841315,0.2794216207684131,0.26158566259765936,0.3123892961091557,0.2661246850255199,0.19209629236601924,0.19209629236601922,0.21449999224820715,0.13766924348533913,0.1712277905172639,0.8020782415376452,1.0025351805309366,2.2441768038257397,1.6447131937289938,1.2741896110859394,hjorth_mobility,hjorth_complexity,1.1256105197244834,0.9846939534352435,0.9976964355736336,0.34145412112119267,0.2770542989871297,1.0815060224050315,0.06692364146299311,0.30304350554540394,1030,eeg_data_level_9.csv,3,AF7,150.0078125,160.00390625
0.45185195128157984,0.45185195128157996,0.6970881302671716,0.3213525145355359,0.23035368206055323,0.34749380772668376,0.34749380772668376,0.2842676566189411,0.5911721480070714,0.35696972933307725,0.7865435553092179,0.7865435553092179,0.9407971615959889,0.7512720145570717,0.6713175182678935,0.6955168183089789,0.6955168183089787,0.849910001593333,0.7992737394924868,0.6141696621688522,0.7285745684115013,0.7285745684115014,0.8904284219117002,0.6103795005099799,0.7140726853226591,0.9765854469246834,0.8410979243521105,1.144259688497041,0.7257082434492399,0.7950354598834644,hjorth_mobility,hjorth_complexity,0.9608386094297179,1.0247459736636384,1.0874787879231531,0.8995022742968731,0.9819130302337978,1.0574725552404751,0.47063465065095966,0.8036318651433361,1030,eeg_data_level_9.csv,3,AF8,150.0078125,160.00390625
1.3332447107837968,1.333244710783797,1.0745181397090005,1.6544109214101683,1.562953811244776,1.2122100671262708,1.2122100671262708,1.0926348904278813,1.4716349932225747,1.4113239490224403,2.7547595474870072,2.7547595474870077,2.1083210634601475,3.1448719818473894,3.0236610663317443,1.528419763018435,1.5284197630184349,1.6876288519045466,0.9190429261414053,1.4083284776126979,0.959283223946482,0.9592832239464819,0.9834456071100626,0.8834638963071794,0.9553699020034636,1.1670802973512648,1.0081541166051837,1.4265743861530067,0.603336746691563,0.4275530861381033,hjorth_mobility,hjorth_complexity,0.7206289570722882,0.9313197980512816,0.7615790882308096,1.732752256435903,1.7315893686695605,0.8772215515063032,1.2925134198429469,1.3317807394800987,1030,eeg_data_level_9.csv,3,TP9,150.0078125,160.00390625
1.30177075595288,1.3017707559528802,1.2499115259935578,0.9981959645660607,1.3297078614392785,1.1038579693809938,1.1038579693809938,0.8118856561152065,1.7132887175611977,1.432521206093955,7.83413402102501,7.83413402102501,5.064107721705969,13.68492499181067,8.620237437468704,2.6283121116755837,2.628312111675584,6.957524643314932,1.7516668517556646,2.007684320134438,1.8122914205934535,1.8122914205934535,1.5646910696325431,1.613530091659479,1.855065881751814,1.0231368630717201,0.8529080903208738,2.9057743084569236,0.8239880605810186,0.6592304981159838,hjorth_mobility,hjorth_complexity,1.1553885758018507,1.0071537026654702,0.7234484995587308,1.2766307065799816,2.827583580839235,0.8652048179240251,1.4908152933721026,1.4302999349545888,1030,eeg_data_level_9.csv,3,TP10,150.0078125,160.00390625
0.13905586304943565,0.13905586304943562,0.1455283554458005,0.19534543288703116,0.13879263741534928,0.14559936722530456,0.14559936722530456,0.1579403803307846,0.1434119588518212,0.17294195466500006,0.27267649676125855,0.27267649676125855,0.21100790877119543,0.3879964430764412,0.2984184866734178,0.46410343608368937,0.46410343608368926,0.4711782996741453,0.6844732311680614,0.4552375190183281,0.3365616092776768,0.3365616092776768,0.46281915315758887,0.324296831353291,0.31101081218179055,1.0383073846939264,0.9508290786835875,1.1727969473311957,1.263828889782897,1.0056504969434523,hjorth_mobility,hjorth_complexity,0.986646258030103,0.9613491856432862,0.963005213747579,0.6013669595865782,0.460399055669789,1.0094056209113627,0.15480514413421212,0.4609012577764372,1030,eeg_data_level_9.csv,4,AF7,160.0078125,170.00390625
0.40350515895789185,0.40350515895789185,0.5628865328514923,0.3762086050738737,0.3220811832389264,0.37993967243586846,0.37993967243586846,0.3257688456316346,0.528519595445472,0.43149917396488513,0.4976500510145336,0.4976500510145336,0.5497101142384021,0.365050373169311,0.5264500265900243,0.9161128867368394,0.9161128867368393,0.8797644783274067,0.9283847169647776,0.8752580550292234,0.8540628706521827,0.8540628706521826,0.7552209749977216,0.8812331266725064,0.9149476898138427,1.0320932115102828,0.9503166498707752,0.8470726568008846,0.9818757320924326,0.9808762895232125,hjorth_mobility,hjorth_complexity,0.9846610542916117,1.035862202676989,1.1176454482749216,1.1364816270153129,0.8270885690351077,0.9132717522531376,0.7200329427982544,0.9940114397395897,1030,eeg_data_level_9.csv,4,AF8,160.0078125,170.00390625
1.2417544647356538,1.2417544647356535,0.831272180920116,1.5137849156824668,1.4749684096392153,1.7505023395651935,1.7505023395651933,1.8882752116409334,1.9897021132520725,1.364276019798348,1.5601541394830092,1.5601541394830092,1.1611517629009422,2.1919119658725656,1.7247527645961351,1.8440484361695855,1.8440484361695852,2.064956691636199,2.2828713025658454,1.7309438039944303,1.3485086084415343,1.3485086084415343,1.5876185606984734,1.6489703451566586,1.2252443173691492,1.119495084140696,1.2367101950566293,0.8834411162928782,0.6985484652487519,0.5604461775157816,hjorth_mobility,hjorth_complexity,0.6293095851016953,0.9307973506017225,1.2282565362314064,1.4040389607296802,2.0901302261823167,1.2497402925569252,1.7442252840442234,1.5470932385864595,1030,eeg_data_level_9.csv,4,TP9,160.0078125,170.00390625
1.4921643829654296,1.4921643829654296,1.2546551046546104,2.268529057102751,1.7000797566986492,2.13966795017271,2.13966795017271,1.8746052380926694,3.345749390061736,2.312464583950716,2.1251371720583316,2.1251371720583316,1.6122449448045622,2.708834266243732,2.3132261876806175,1.949189998248108,1.9491899982481076,2.449653025160581,1.6131480797501203,1.8917362998990934,2.5410049536984896,2.541004953698489,2.5032133563086494,3.289671879961058,2.7560624850303737,1.1039929462768396,1.2957806213802898,0.9648975744389517,0.6172245723269,0.8175653311644945,hjorth_mobility,hjorth_complexity,1.1534033720633596,1.0634695690539355,1.2596134100464298,1.7709747326808127,2.0616099306983475,1.1776398910632564,1.8454592684312605,1.5913563130932433,1030,eeg_data_level_9.csv,4,TP10,160.0078125,170.00390625
0.04514721598322004,0.04514721598322003,0.05263768161378748,0.02899402212122629,0.03875563778865994,0.060273522959814065,0.06027352295981407,0.04396361181219321,0.08295028050169413,0.07130648109888732,0.12926893549634302,0.12926893549634302,0.12454055610179304,0.11456642704802293,0.12536072811808077,0.3747237060286983,0.3747237060286983,0.2809454460750065,0.39989893011309136,0.39452961709190987,0.28260966782407704,0.28260966782407704,0.3340067225523852,0.1527988270577803,0.2663127571582631,0.7605496401154969,0.8584544726755832,1.1247549505054104,1.9048263802895578,1.6048077706049555,hjorth_mobility,hjorth_complexity,1.0660544075697487,1.038551407578297,0.9681773913709892,0.38222476244909626,0.19149341253522198,1.0574725552404751,0.08276009187943464,0.336996725770889,1030,eeg_data_level_9.csv,5,AF7,170.0078125,180.00390625
0.09588529104266559,0.09588529104266558,0.0806412433974309,0.1134795919712636,0.09049509363240003,0.13177518401516586,0.13177518401516586,0.09314742338898745,0.16154664624975004,0.18382447515035102,0.3317896903200044,0.33178969032000427,0.2987815890682266,0.39511201191426987,0.3568473068903718,0.5808262789957179,0.5808262789957179,0.4334887256753979,0.4638169945967919,0.6079020903376596,0.65685528459817,0.65685528459817,0.6118619865163781,0.7167458021123191,0.6663853817184746,0.8235769881507629,0.9048982558450692,1.3669214923409374,1.5265059448307148,1.7986955107757399,hjorth_mobility,hjorth_complexity,1.1414921496324126,1.0815295563402363,0.7945900086969746,0.3873210926150842,0.3870611529967253,0.8171378835949126,0.1665636449972546,0.4780852085959963,1030,eeg_data_level_9.csv,5,AF8,170.0078125,180.00390625
1.074042616511762,1.074042616511762,1.5877054874358854,0.8756441238662087,0.7277605011129017,1.474276256568964,1.474276256568964,1.5880776059848274,1.5287410581730363,1.3816556338463706,1.2659174184268978,1.2659174184268978,1.4864734724246975,1.3200265250122105,1.1645522734218614,1.457302221127459,1.457302221127459,1.4918698038691873,1.0227409130503426,1.4172406374639233,1.258996249586712,1.2589962495867117,1.0623764640172189,1.4549652474702808,1.1722934212399294,1.0267609166510145,1.2694453249319362,0.847969102441323,0.6656132658842763,0.617740178017655,hjorth_mobility,hjorth_complexity,0.819889143996846,0.9645947747475614,1.4511415103650995,1.518706389464409,0.7781966339197319,1.0574725552404751,1.3704163507127025,1.3713283835885346,1030,eeg_data_level_9.csv,5,TP9,170.0078125,180.00390625
0.7891125670448178,0.7891125670448177,0.730554334778973,0.8336250011187815,0.7222552459120105,1.2537750137612556,1.2537750137612556,1.4525510621609945,0.7069521460556751,1.1412429337952663,1.1024747426327508,1.1024747426327508,1.1530610815758606,1.0728994700455876,0.9928854523619808,1.5604170131384354,1.5604170131384352,1.4565932465089788,1.4578052583231458,1.640973396331922,2.1603060656384945,2.1603060656384945,2.1508284265933604,1.846985690738266,2.1499455148521713,0.9957098711010516,1.180881449592072,0.8379813577540733,0.7839751011082546,1.0855896411645158,hjorth_mobility,hjorth_complexity,1.2109742804796029,1.1305716342571759,1.062580572460205,1.228215570003096,1.1571091310638946,1.0574725552404751,0.9548209821191314,1.1446591290429673,1030,eeg_data_level_9.csv,5,TP10,170.0078125,180.00390625
0.10472731741561524,0.10472731741561521,0.1113744415086107,0.057943226531037666,0.08474496002536606,0.11531504457307469,0.11531504457307469,0.1054451277912456,0.09527257424669501,0.13101920732805503,0.17098135177591856,0.17098135177591856,0.20270756584481817,0.20911226892278187,0.15060357791120216,0.3048078539316558,0.3048078539316558,0.23548128635705495,0.3137346429097952,0.32393266208785715,0.25903191926710184,0.2590319192671018,0.2541310261216966,0.19016575820750173,0.25147032221132826,0.99803020773336,0.9851202576293675,0.9980890873884909,1.1375529081793654,1.044597086272317,hjorth_mobility,hjorth_complexity,1.0303207402769081,1.0159243401734164,0.9591282684224173,0.47141054035388535,0.22408803594547252,0.9853721537468064,0.11510284803314796,0.39742779216533797,1030,eeg_data_level_9.csv,6,AF7,180.0078125,190.00390625
0.20112967127593154,0.2011296712759315,0.19629874169551834,0.0840771013534389,0.2058977677957973,0.23967835493880835,0.23967835493880837,0.17476995702648362,0.4231440048242742,0.2871733416123715,0.34079311111210203,0.34079311111210203,0.27224528361192407,0.42590217774302,0.3550114818506702,0.528346562737779,0.5283465627377789,0.37638094511016,0.6611502953401527,0.5616622945881248,0.5658378623979861,0.5658378623979861,0.5104781233207484,0.38646657601713225,0.5638202811101873,1.0023200191173238,1.061865778743297,1.019305239133724,1.0241092543335133,1.1344424281445415,hjorth_mobility,hjorth_complexity,1.1414921496324126,1.0294785928971455,0.8932989620209076,0.4688623752708914,0.6804127636889803,0.9613386865822501,0.22772927986750058,0.5590165114482233,1030,eeg_data_level_9.csv,6,AF8,180.0078125,190.00390625
1.1289385733148243,1.128938573314824,1.1340563225868279,1.1713886054233784,1.324645517457792,1.959444201396827,1.9594442013968272,1.6263373785980881,1.6261455970790202,2.389823940258609,1.7102726839173474,1.7102726839173474,2.098987651004435,1.1970727850500689,1.3932888020983025,1.0398071204215997,1.0398071204215997,0.8705363664553011,1.0838745959361353,1.0556706636456976,1.0460274119324764,1.0460274119324764,1.0478916953261979,1.1648650272136853,1.0389418140539817,1.070772149874557,1.458211436761009,0.9872052330899774,0.45949995964456225,0.48322012868959846,hjorth_mobility,hjorth_complexity,0.7325401795032352,0.9395744805002738,0.6991891486753242,1.327594008239861,1.0104333257177671,0.38453547463290005,1.219402278284921,1.2935663223561416,1030,eeg_data_level_9.csv,6,TP9,180.0078125,190.00390625
0.6132179869797914,0.6132179869797916,0.4520766043073105,0.8547282971883712,0.6893771682258623,1.4543988597328732,1.4543988597328732,1.2908669493141989,1.7847639006830969,1.461839836306142,1.3896196673184606,1.3896196673184606,1.9922700831093851,1.1583860332361646,1.1728125858898724,1.3016079420122921,1.3016079420122917,0.9515582251124773,1.3706905049470381,1.3024857675316959,1.5813968242844147,1.5813968242844147,1.408750831010324,1.8405798390288788,1.6913555701096292,0.9529290924181603,1.5371146849081536,1.1104429738667303,0.7585717112309864,0.944232201972701,hjorth_mobility,hjorth_complexity,1.131566130939957,1.0717323359351485,0.8423298207709221,1.2740825414969874,0.7007844033203868,0.8171378835949126,0.8103476287549736,1.0545104358998678,1030,eeg_data_level_9.csv,6,TP10,180.0078125,190.00390625
0.05837386599351969,0.05837386599351968,0.06944101847553864,0.04767520107102312,0.05072507267974713,0.08657176270606749,0.08657176270606749,0.09457805655056685,0.10076832516243033,0.08254016000576939,0.1521351955742948,0.1521351955742948,0.10427244653167976,0.20489871960077308,0.17120863215511511,0.3506535215156994,0.35065352151569934,0.263476345957721,0.2416494128069313,0.39704154419775184,0.3020993988404187,0.30209939884041864,0.3411647940969595,0.133676725879633,0.26224153976211984,0.8364343111720698,0.9832822756784417,1.164182329079783,1.608101894174141,1.5008542204110662,hjorth_mobility,hjorth_complexity,1.1593589832788334,1.0607278076867421,0.96481678865121,0.39241742278107217,0.13852714949356484,0.9853721537468064,0.08580174588584084,0.343133611858397,1030,eeg_data_level_9.csv,7,AF7,190.0078125,200.00390625
0.08691736876911366,0.08691736876911366,0.08415489123561905,0.04350383860842139,0.10390507365420759,0.12636083525292002,0.12636083525292002,0.0845665566280108,0.13094588408362987,0.16754319056740846,0.30323048794690544,0.30323048794690544,0.32507687513384137,0.3044980629452503,0.2755525418967857,0.5737309751710941,0.5737309751710938,0.5221329424889191,0.38703737578814873,0.5536513122454438,0.6604513026467745,0.6604513026467745,0.6081511474772127,0.6802554090569838,0.6623002231901177,0.7748736919323538,0.8977119393165724,1.2808105171439994,1.5408129047602175,1.8431607544866544,hjorth_mobility,hjorth_complexity,1.183181428140727,1.103985524009764,0.9540261033556687,0.5172775118477769,0.2852029548396923,0.9733554201645283,0.15282750212855384,0.45794777860588765,1030,eeg_data_level_9.csv,7,AF8,190.0078125,200.00390625
1.4881175393901167,1.4881175393901167,1.0983815727669952,1.961612637083894,1.6453289557304456,1.9924818295925129,1.992481829592513,1.7023306259674749,2.261167144010195,2.2943280458597144,2.200950606528979,2.200950606528978,1.8859235605208666,1.5224311073466819,2.6427970768639244,1.4944807241134364,1.4944807241134361,1.3667456522452368,2.3035267809767066,1.432888185038651,1.2984166087761622,1.2984166087761622,1.4178752159674453,1.1645747498956942,1.1271024615203942,1.1590831545524523,1.2809241613436597,1.0389338847557918,0.5272788072426093,0.4877598903082763,hjorth_mobility,hjorth_complexity,0.7365105869802175,0.8920401298850458,1.1570275113973347,1.228215570003096,0.920798111339578,0.7450374821012439,1.5032096449486627,1.4362332476388877,1030,eeg_data_level_9.csv,7,TP9,190.0078125,200.00390625
2.531944394170844,2.5319443941708437,2.1138681690812486,3.0768528924375538,2.7141828242240487,2.0094432046409403,2.0094432046409403,1.5331742787212543,3.2664547137283946,2.0760686763496405,2.641195761051893,2.6411957610518915,2.9561071850753793,1.6037453742518657,1.9835861761382454,2.141243337918453,2.141243337918453,2.17887106988877,2.4848966244499153,1.8658454107012865,1.9915138824926835,1.9915138824926835,1.8192296069646712,1.2733663739293866,2.0295936811687976,1.2251178544625612,0.9682246830588049,0.8335522139140943,0.49835220712515754,0.4911961623919454,hjorth_mobility,hjorth_complexity,1.0402467589693638,0.9913941676852286,0.96913131245551,1.2766307065799816,3.0720432564161144,0.8892382850885814,1.9631938953725916,1.6413333604693345,1030,eeg_data_level_9.csv,7,TP10,190.0078125,200.00390625
0.08427300272576148,0.08427300272576148,0.06496987450220365,0.15230335018944507,0.08071761258327745,0.10628108795489742,0.10628108795489742,0.0627346181061473,0.24271561803954678,0.13980482528463156,0.18097256868669537,0.18097256868669537,0.16066162242184434,0.20751118628458506,0.19636747460786158,0.3099832081220055,0.3099832081220054,0.2408605753868488,0.39395878780389426,0.3242289852445551,0.2532762366254494,0.25327623662544946,0.2895920043100324,0.14221224286718423,0.2293334315989284,1.0117683123138665,1.0768769355673649,1.178713336289797,1.293014441696545,1.1457804913183032,hjorth_mobility,hjorth_complexity,1.0859064449546605,0.9855937938882956,0.979318139449841,0.509633016598795,0.33409488995506814,1.0094056209113627,0.127077794541747,0.417589945805652,1030,eeg_data_level_9.csv,8,AF7,200.0078125,210.00390625
0.3595033921570656,0.35950339215706556,0.29321039422913575,0.2576750630596362,0.5073318439911658,0.3688587992029198,0.3688587992029199,0.33650460144684785,0.5659354052409212,0.41607295718931897,0.47506232497331957,0.47506232497331957,0.6327244029364731,0.4949681309733311,0.4180495158465702,0.6889115973724153,0.6889115973724151,0.5518395149887866,0.7649857457869849,0.7245493053759114,0.6699328762255442,0.6699328762255443,0.6689799144181471,0.6989515188542604,0.6760849285644543,1.0804854601521985,1.0310856456402642,0.904380729354287,0.8699026177534351,0.888150796650415,hjorth_mobility,hjorth_complexity,0.9449569795217886,0.9726089090688591,0.9897587619620717,0.8408944773880117,0.9615413906023912,0.9853721537468064,0.434887670464217,0.7725093539870904,1030,eeg_data_level_9.csv,8,AF8,200.0078125,210.00390625
1.0202513716063684,1.0202513716063681,1.0664577637060164,1.4569635557060443,0.8564627149969642,1.1590030557566882,1.1590030557566882,1.0830643204301527,1.2726994290860696,1.055810860424257,1.0504249768746812,1.0504249768746812,0.8025665545256547,1.1371717311032947,1.1094538579096862,1.282717626160574,1.282717626160574,1.4636159294522495,1.0724475418035406,1.2949107534326807,1.1472540210497213,1.1472540210497215,0.9797364269615648,1.5117017960879087,1.1294927809238067,1.1303410734129502,1.1391934072576457,0.7867596086024388,0.6375660730873813,0.6135707957158969,hjorth_mobility,hjorth_complexity,0.6690136598715184,0.9181501702409248,0.4993995666705306,1.2842752018289634,1.9841977000990023,0.288401605974675,1.4403731297213673,1.405894411987858,1030,eeg_data_level_9.csv,8,TP9,200.0078125,210.00390625
2.36076675751833,2.36076675751833,2.85388257195445,2.8896192647587187,1.5392623715439715,2.253219286788992,2.253219286788992,2.18966270851819,2.9628450715278603,2.3757153402000712,3.160237191645975,3.160237191645974,3.1197189044749325,1.7091750368100307,3.5989494724541546,2.236651215373753,2.2366512153737528,2.537821152511784,1.8339102093610338,2.129888002991792,1.8265105217710973,1.8265105217710969,1.6601481772135578,1.7189680009987782,1.8907805037995664,1.134340306518766,1.0574362104721489,1.0136527314044133,0.5273758154352728,0.46573730976687255,hjorth_mobility,hjorth_complexity,1.1097288898165543,0.9608671675395618,0.8914611324085283,2.558357743325951,2.367184525169446,0.949321952999972,2.734548002140601,1.9371264669846722,1030,eeg_data_level_9.csv,8,TP10,200.0078125,210.00390625
0.09637557240591509,0.09637557240591509,0.0988423533800684,0.09006305512431359,0.0898279712071902,0.14329537344095036,0.14329537344095036,0.12043378321479781,0.2823703226678064,0.17968683016497305,0.24158800171526223,0.24158800171526223,0.1938701738692532,0.34551322113873173,0.23303354253751954,0.7973973452891088,0.7973973452891088,0.6901475398838935,0.8568150297627292,0.7738768771120503,0.6437326673750258,0.6437326673750259,0.9111027616686855,0.43991814197477574,0.5790843776370774,0.7926433012633414,0.9390353660250035,1.0233513002328203,1.8982640559534432,1.681581214525334,hjorth_mobility,hjorth_complexity,1.0720100187852222,1.0027574099109027,0.9469635867023827,0.9581100712057345,0.5174396466377275,1.0334390880759188,0.18031239145370315,0.4974254321872149,1030,eeg_data_level_9.csv,9,AF7,210.0078125,220.00390625
0.19905806237409235,0.19905806237409232,0.1980075656285016,0.3079439432722279,0.20457860129344058,0.4914003386890901,0.4914003386890901,0.40567081226219476,0.7348142208954982,0.5255784321537378,0.6337050142895536,0.6337050142895536,0.5901671204362217,0.4510316920076852,0.7084580802591911,1.2416932811998445,1.241693281199844,1.1909330446695447,1.8665477298215845,1.2484419509594806,1.2702335329928796,1.2702335329928796,1.5621849392872933,0.929479684698793,1.0819468195710245,0.7926718677456027,1.3147338718093204,1.2026778582300457,1.4796323233571693,1.5742257780237021,hjorth_mobility,hjorth_complexity,1.0561283888772932,1.0243440310023666,1.0827091825005497,0.9657545664547166,0.5704059096793846,1.0815060224050315,0.39935052333945703,0.740273713471627,1030,eeg_data_level_9.csv,9,AF8,210.0078125,220.00390625
1.8894372787975242,1.8894372787975238,1.7185445777944552,2.3114560248170775,1.8561956449370531,2.7540354903171496,2.7540354903171496,2.0480047850224903,4.130207181655579,3.595599403651359,3.1739269560608516,3.1739269560608516,3.5271647429116038,3.030485809120315,3.2562228378667184,2.9407825192913997,2.940782519291399,3.1203392572071484,2.907833318475504,3.0955156295018127,2.4315682926100384,2.4315682926100384,2.277862313933169,2.719576008300768,2.3598796214744877,1.0933601200896887,1.3251773476435678,1.0887793970896924,0.7158885543159696,0.6387251876041955,hjorth_mobility,hjorth_complexity,0.6709988636100096,0.9244422262141477,0.2607880219966203,1.6868852849420115,3.8013479552204705,0.5047028104556813,3.744295742582636,2.2667324989616597,1030,eeg_data_level_9.csv,9,TP9,210.0078125,220.00390625
1.4396177691136596,1.4396177691136596,1.3310152498531906,1.9851920450079703,1.5209348674979177,2.2129464393870286,2.212946439387029,2.689426430272455,2.372712692297535,2.2899189402445,3.039801358362727,3.039801358362727,2.106532422463946,4.254959232709616,3.1841775347859467,3.8824705073961856,3.8824705073961847,4.389043800981187,3.888519818672403,3.635915675610053,4.117228960791684,4.117228960791684,3.4486396680243048,4.914135244970739,4.353905179006733,0.9792848791025768,1.146412776846918,1.1408448415367596,0.96177191256925,1.0785870842639913,hjorth_mobility,hjorth_complexity,1.0898768524316427,1.073383483551035,1.0965629171500564,1.83977518992165,3.055745944710989,1.2497402925569252,2.6293029325785877,1.899483442182411,1030,eeg_data_level_9.csv,9,TP10,210.0078125,220.00390625
0.24731976650281276,0.24731976650281273,0.2464663758488135,0.1993488126771236,0.30273963886291105,0.29907278245803043,0.29907278245803043,0.2577645058974648,0.40052431875956696,0.32650397949642573,0.7660414623304119,0.7660414623304119,0.640992622153467,0.7792410306634427,0.8548236381322298,0.7749998986845372,0.774999898684537,0.8161194795243505,0.6753072988686551,0.8102893476218332,0.7421746545033642,0.7421746545033642,1.0122337655667604,0.41575842152335535,0.7601509797345576,0.9771799438861039,1.0128718365277365,1.5936512802486873,1.13617758333538,1.1471516778344815,hjorth_mobility,hjorth_complexity,1.0184095178459611,0.974493148212892,0.9388596332687483,1.110999976185373,0.37891249714416264,0.9613386865822501,0.31966158479488405,0.6623086442680122,1030,eeg_data_level_9.csv,10,AF7,220.0078125,230.00390625
0.805501189545955,0.805501189545955,1.2262053752942934,0.7092250798249856,0.6272895274796321,0.8769084554696657,0.8769084554696658,0.7671494970844953,1.4172137248297945,1.055858128897787,1.538626664558896,1.538626664558896,1.1306289457939507,2.2593098847953144,1.512750645457922,1.873390147969203,1.8733901479692028,1.6137760108835262,1.638148266260763,1.9158449575220942,1.9548904769469564,1.9548904769469566,2.7956792992576935,1.3298126843955878,1.992216523433171,0.9781571749133114,1.0099243238558224,1.1542372477400649,0.9457284821268036,1.020171302645455,hjorth_mobility,hjorth_complexity,0.58563510285489,0.998634039273742,1.1735154684912517,1.0931628206044153,2.0779072424034726,1.1055394895695876,1.54906964650291,1.4579769947056527,1030,eeg_data_level_9.csv,10,AF8,220.0078125,230.00390625
3.2125570299824586,3.212557029982458,3.766420656196372,3.5774135190702463,2.5480817794493706,2.6222588069053447,2.6222588069053447,2.06620547826214,3.2854698243047418,3.5712762025034652,2.3958649275450674,2.3958649275450683,2.0922498497462962,1.6049956807452217,2.2977639682067093,3.8489825336398407,3.84898253363984,4.562095495249313,4.183846216388502,3.827590470163838,3.056208493003518,3.056208493003518,4.5438054466034625,2.6102465153512413,3.0638964537494946,1.1414479678513751,0.9460835498003177,0.6240015388110863,0.6417439426915903,0.5540727376735171,hjorth_mobility,hjorth_complexity,0.6650432523945361,0.9788726335171661,0.6702739627738902,1.8525160153366198,3.055745944710989,1.0815060224050315,3.617399384253276,2.2279909858939684,1030,eeg_data_level_9.csv,10,TP9,220.0078125,230.00390625
1.8939994401902924,1.8939994401902922,1.8341595543019098,1.4904813594062019,1.9371122684940663,2.4129088144258426,2.4129088144258426,1.990019275258589,2.363780560435685,3.1494995202045404,3.4349275094443867,3.434927509444387,2.5657922369062707,4.224851925736672,4.070312117850222,5.302314502511058,5.302314502511058,7.393516454210002,3.5127448559016385,5.422501221960475,5.368595977532652,5.368595977532654,5.392955969428072,6.301482276681967,5.541868037874808,1.0000855344621458,1.0721565939193736,1.0555467101686415,1.0426322611386543,1.1258800358132113,hjorth_mobility,hjorth_complexity,1.1256105197244834,1.0807430095820574,0.9850066596786339,1.8958348217475174,3.446881425633996,1.2257068253923689,2.3716102037458464,1.8040013340293464,1030,eeg_data_level_9.csv,10,TP10,220.0078125,230.00390625
0.07062086363629799,0.07062086363629799,0.06573554179907325,0.09153443514598689,0.06910885877716327,0.0835194458816751,0.08351944588167509,0.06994159039631914,0.1838724241648999,0.09153163077424055,0.2386798163373362,0.2386798163373362,0.16269449094846775,0.3433162560039791,0.28484444432039346,0.4062271244597963,0.4062271244597962,0.3438284537349346,0.38477664200554973,0.41164155995519086,0.33245232667463387,0.33245232667463387,0.37585241147159076,0.2977396510724057,0.3046677057828273,0.8988916875042928,0.898353920472871,1.4957012743565585,1.6215849833511433,1.4508015012325666,hjorth_mobility,hjorth_complexity,1.0481875739233284,1.0097821653578307,0.9224941981489899,0.407706413279036,0.26483131520828573,1.0094056209113627,0.1048168117233731,0.37925443832945305,1030,eeg_data_level_9.csv,11,AF7,230.0078125,240.00390625
0.20821863868331383,0.20821863868331383,0.2417443533944946,0.19378522755766125,0.13647853013165903,0.1942315086660026,0.19423150866600264,0.15037890576159985,0.27540151044201555,0.2470096930893677,0.4071451788743433,0.4071451788743433,0.35388652102439594,0.575629579595892,0.4298562163230216,0.6641618942728071,0.6641618942728071,0.5095393256623509,0.9838975076935491,0.6543016405372717,0.5818045597893473,0.5818045597893473,0.6411438540147282,0.44568128452908784,0.5004367458703617,0.9727447812912896,0.8847806261133301,1.1546415994313977,1.2105028124437593,1.1302805632130077,hjorth_mobility,hjorth_complexity,0.9310605533523504,0.9970685441569183,0.9071964545183281,0.5274701721797528,0.4563247277435077,0.9373052194176938,0.25972437992581426,0.5969961883636291,1030,eeg_data_level_9.csv,11,AF8,230.0078125,240.00390625
1.2124919292128935,1.2124919292128935,2.0946854451035612,1.1018915136419818,0.6861820927240894,1.0949211553188527,1.0949211553188527,0.9113957654307416,1.2238353264402193,1.4050694520671099,1.8742849462210938,1.8742849462210944,1.8074197419242795,1.0799445072416478,1.9022940390097451,1.588813039320586,1.5888130393205857,1.4672431347786972,1.2963041593072377,1.5590427756472338,1.5647209017235049,1.5647209017235046,1.6281308884883954,1.0073968607262644,1.5564352919940587,0.9884529102394122,0.9274934927228442,1.02587514211753,0.6241599189927132,0.6450865784527228,hjorth_mobility,hjorth_complexity,0.5737238804239432,0.9979510519461214,0.8425136037321601,1.0982591507704031,1.0633995887594243,0.7810876828480782,1.3921188034544576,1.38214417901931,1030,eeg_data_level_9.csv,11,TP9,230.0078125,240.00390625
1.1730940498218008,1.1730940498218008,0.8476578336740772,1.7755053195535937,1.2642529350633158,1.161759139396043,1.161759139396043,0.8710390590145786,1.7789523719950247,1.606296527194578,1.4416593301799667,1.441659330179967,1.1914570169947816,1.4350295680800935,1.7029801194079028,1.9756003910640467,1.9756003910640463,1.5251297216031876,2.4717464202110957,1.9974643361340858,2.265685887057692,2.265685887057692,2.0419484016060654,2.224325665405622,2.3870261574044953,1.1170009867280823,1.001155877047004,0.8567211294828423,0.7734648524310753,0.9133637011705417,hjorth_mobility,hjorth_complexity,1.2387671328184793,1.104313209553373,0.8978235234951939,0.9683027315377105,1.5523189399131825,0.9613386865822501,1.154464704612075,1.258651591099662,1030,eeg_data_level_9.csv,11,TP10,230.0078125,240.00390625
0.3556307729532547,0.3556307729532547,0.5029898113288013,0.32264809623505425,0.3293136280860634,0.24029496443632284,0.24029496443632287,0.2265307245276775,0.26418086707425076,0.2680311257913002,0.2369487512340481,0.2369487512340481,0.2954364973908464,0.27612015058443856,0.24246311357382233,0.3942910362380818,0.39429103623808176,0.2982856762013752,0.40155244471694806,0.40287887935551403,0.3750628927040407,0.3750628927040407,0.5088376498034277,0.2852009946247444,0.3237935973434503,1.1497569160921253,0.8518778642125364,0.5953330068342316,0.635589508122802,0.628789578989678,hjorth_mobility,hjorth_complexity,0.9787054430761382,0.9824362042274191,0.994493361106344,0.48160320068586127,1.7030690731855913,1.129572956734144,0.36247171750254614,0.7052648868278706,1030,eeg_data_level_9.csv,12,AF7,240.0078125,250.00390625
0.3867090432804558,0.38670904328045574,0.5871738224276315,0.08007048159556832,0.14554027410028872,0.13186774420419642,0.13186774420419642,0.0904110449518795,0.08032629025914045,0.1754771300647782,0.4904728886299162,0.4904728886299162,0.6638039333193365,0.6538238364935745,0.37294278759474425,0.7351174959640844,0.7351174959640843,0.8605524338326546,0.7519748108988693,0.7150273269549695,0.6459431790842228,0.6459431790842227,0.7137171938031275,0.6812900133498897,0.6143312368693185,0.934181312601241,0.4616475343141132,0.9209837176606687,0.9026316135893675,0.8535036741214914,hjorth_mobility,hjorth_complexity,0.9330457570908416,1.0388210024834106,1.0340154493420814,0.6523302612464577,1.0837712283908307,1.1536064238987,0.404648233787031,0.7451677035832401,1030,eeg_data_level_9.csv,12,AF8,240.0078125,250.00390625
0.7604380742539161,0.760438074253916,0.9600184370832575,0.69344512642401,0.5436527936010717,1.3454107115912626,1.3454107115912626,1.335168310744878,0.7487014268761761,1.1890779308101573,1.8933103062127548,1.8933103062127548,1.9940668920304416,2.0962731636699803,1.9284415924814986,1.5344059328613142,1.534405932861314,1.4909680636624676,1.8777005970034963,1.530597208780728,1.3728686504349892,1.3728686504349892,1.2583203799335974,1.9082549958108592,1.358327624479251,0.9730680443255436,1.3393875554474437,1.3576230944901264,0.8038756413924804,0.7720180604026636,hjorth_mobility,hjorth_complexity,0.7007769196873768,0.9676324790255963,1.2876621905591707,1.1084518111023791,1.2630416571472087,1.1776398910632564,1.1049477960583798,1.2313629418277119,1030,eeg_data_level_9.csv,12,TP9,240.0078125,250.00390625
0.6690325745039507,0.6690325745039506,0.6668091076256203,0.5939667099680714,0.4691025723961156,1.1020287038068244,1.1020287038068244,1.052558437581605,0.7825356453103027,1.2663375211370858,1.1775746616299254,1.1775746616299254,1.2158654535652453,1.1025110302196792,1.019158882031427,1.619765145939825,1.619765145939825,1.3557234897212307,2.4735983338324705,1.6704853966939794,2.214101708932018,2.2141017089320174,1.7457006599129088,2.3520580831776186,2.313899044943689,0.9260357569781397,1.2042384076071793,0.959765299622765,0.8821212430743057,1.211157139940137,hjorth_mobility,hjorth_complexity,1.1593589832788334,1.1012731923030832,1.0063167316126507,1.4142316210616561,1.165257786916457,0.9373052194176938,0.9460113050564138,1.1393662806282794,1030,eeg_data_level_9.csv,12,TP10,240.0078125,250.00390625
0.051788680807093354,0.051788680807093354,0.05725769829695613,0.044542701676770366,0.046109370498297546,0.08538464254845095,0.08538464254845095,0.050266404234111946,0.1451676848923638,0.11686639742959593,0.2552262585105382,0.2552262585105382,0.21808121910890108,0.3293954824099376,0.269445734411233,0.42880868404266453,0.4288086840426645,0.43627055365226225,0.33482109448129166,0.43011650956668507,0.41401070445333826,0.4140107044533383,0.47023760633772377,0.30410280903001885,0.4123036579540447,0.729811660135075,0.931599246621443,1.5962483806035959,1.7152172849086553,1.7742132777569475,hjorth_mobility,hjorth_complexity,1.079950833739187,1.0231677153972036,0.9535972764461136,0.4968921911838251,0.27297997106084837,1.0094056209113627,0.09777034019727412,0.36628468667690933,1030,eeg_data_level_9.csv,13,AF7,250.0078125,260.00390625
0.0855849789022067,0.08558497890220669,0.08569514408869519,0.08859962823702133,0.07644925997465009,0.1434700693387918,0.1434700693387918,0.09933699606206926,0.15923376365495226,0.18366126307807065,0.3215336601691453,0.3215336601691453,0.26436658602971097,0.5130232969014794,0.32670369756402895,0.6984097557917452,0.6984097557917454,0.5821717454728081,0.6941692832507902,0.6876494847287554,0.5809075680952142,0.580907568095214,0.4626989897833635,0.6248228813821867,0.5894959211471449,0.7676961518404419,0.984706893105568,1.3666519827838934,1.8126312444445227,1.6589980290505897,hjorth_mobility,hjorth_complexity,1.1553885758018507,1.039648715000748,0.9664883384415168,0.47650687051987334,0.33409488995506814,1.0334390880759188,0.15305841957763683,0.45829362021167824,1030,eeg_data_level_9.csv,13,AF8,250.0078125,260.00390625
1.3374277535879842,1.3374277535879842,1.5914741556048206,1.4593037053941413,1.2670929937366897,1.3653393320378064,1.3653393320378064,0.9695917215423219,1.8294272556378686,1.6088818593903238,2.0982141000851597,2.0982141000851597,1.7073328643268622,2.244623110633977,2.538604111913993,1.3189792098853625,1.3189792098853623,1.1423393605675896,1.5054805676550926,1.3372890239409725,1.1992821462578929,1.1992821462578929,1.179240994414598,1.2042547586391845,1.1739355087786802,1.1243243445036593,1.0953594089226812,1.1182581160456322,0.5274847091160112,0.5086055257712658,hjorth_mobility,hjorth_complexity,0.5499014355620493,0.9247234786820953,0.8252467569453775,1.215474744588126,1.0633995887594243,0.6248701462784626,1.5598107272091646,1.4630229897961573,1030,eeg_data_level_9.csv,13,TP9,250.0078125,260.00390625
1.2889031489220124,1.2889031489220124,1.0460586901770481,1.7400466982612852,1.3390082104992238,2.312539211597191,2.312539211597191,1.394690904196909,4.433970775177716,2.8656857013079957,5.9206425922125305,5.9206425922125305,5.696990538572293,7.0125403343410175,5.814872617691023,4.889308487353031,4.8893084873530315,6.235652307491575,2.6980971207717652,4.492382072578706,2.5750942908868675,2.575094290886867,2.4652611014139705,2.6765436714851054,2.5804540482920952,0.9472605907760994,1.3150030052205195,2.015349205426409,1.2097252968059111,0.761735764222451,hjorth_mobility,hjorth_complexity,1.1136992972935367,0.9923038427783203,0.9040283863293695,1.2562453859160296,4.893267839463864,0.8652048179240251,1.7719204733341005,1.5593274074982897,1030,eeg_data_level_9.csv,13,TP10,250.0078125,260.00390625
0.054013445041907165,0.05401344504190715,0.05025784463535891,0.06613573331047194,0.05350433294912802,0.08527033130752626,0.08527033130752626,0.08032498585312851,0.1319710498780706,0.09008947477101965,0.21376035953164862,0.21376035953164862,0.1736736969441005,0.30273329471892735,0.23402163417747068,0.41725016298282824,0.4172501629828282,0.318313025182427,0.4086414779194758,0.4373144396688059,0.3702685309892227,0.37026853098922263,0.49936661981979,0.3983283543076094,0.30335486324529837,0.7879329678261142,0.9475790023763044,1.4550006140913785,1.7672926106144768,1.6733970539365235,hjorth_mobility,hjorth_complexity,0.9945870729840675,0.998581338899944,0.9393934790132964,0.4917958610178372,0.4807706953011956,1.0334390880759188,0.11976594384124731,0.40539825030394716,1030,eeg_data_level_9.csv,14,AF7,260.0078125,270.00390625
0.1223778570845684,0.1223778570845684,0.12832832831393937,0.10967411115394482,0.12072685918716419,0.12274579860480721,0.12274579860480724,0.09207258689050048,0.12527521896277385,0.1539221163444778,0.35434499819023935,0.3543449981902393,0.244882673988106,0.3970920214708792,0.4063297948630722,0.6203125866082413,0.6203125866082413,0.5822083715315505,0.7110126292845689,0.6382082315030005,0.6722572383301468,0.6722572383301467,0.7889782833315523,0.526003700697039,0.590152737476538,0.871223136065392,0.7847814804668771,1.3197340422491888,1.4626420258615387,1.6402498898161735,hjorth_mobility,hjorth_complexity,1.0859064449546605,1.0433873315344473,1.00612419708183,0.805220166226096,0.46854771152235164,1.0094056209113627,0.28840046518377077,0.6290905733701789,1030,eeg_data_level_9.csv,14,AF8,260.0078125,270.00390625
0.8902603676824893,0.8902603676824892,1.1594697917109724,1.1060169739208348,0.7281407411987711,1.1760761681031258,1.1760761681031258,1.1666910233948165,1.5001157142387045,1.3045366304335573,1.4576847439222969,1.457684743922297,1.5235277117998978,1.757147611472157,1.2561950585634845,1.3379009010058647,1.3379009010058642,1.0791091840788865,0.9459187532249614,1.375942850646428,1.1027663216960384,1.1027663216960384,1.3097600892986545,1.0692475711876497,1.0417424764029333,1.0530128969749561,1.2048811637813726,1.0608881940082266,0.6920738487816674,0.6149606581313277,hjorth_mobility,hjorth_complexity,0.7226141608107796,0.9504363047049937,1.2456634081315128,0.917339429877831,1.2304470337369582,1.1055394895695876,1.3361465922557443,1.3540735457196036,1030,eeg_data_level_9.csv,14,TP9,260.0078125,270.00390625
2.366100366127276,2.3661003661272755,2.3808801047629875,3.067346314179624,2.2237592145037706,3.1162174695136637,3.116217469513664,4.103553376253834,3.294928335395062,2.277950906712593,5.549355355593024,5.549355355593024,4.989420254753521,5.763761777002499,6.615700475847806,3.5840290059148905,3.5840290059148905,3.367104951030086,2.7094554259386627,3.6711185516591165,2.310598102331202,2.3105981023312014,2.759305988779876,2.2540442420492637,2.218668090949869,1.1092789938045091,1.170827286487434,1.467400288350523,0.7150464969226478,0.5174748985718193,hjorth_mobility,hjorth_complexity,0.9945870729840675,0.9810668238087598,0.8292024663967845,1.3123050177418971,4.852524560201051,1.0094056209113627,2.2446375232118836,1.7550452108408243,1030,eeg_data_level_9.csv,14,TP10,260.0078125,270.00390625
0.3272711472641331,0.32727114726413303,0.35560281750023576,0.2974442661459865,0.20189064746583515,0.3788757835683001,0.3788757835683001,0.4420700919989791,0.4757145094546138,0.3475426591307883,0.6532752086839615,0.6532752086839615,0.506049321500342,0.7123103419634245,0.7879165001694709,0.678514041897885,0.6785140418978849,0.5799298839918201,0.4402690315568776,0.6573432090815143,0.38643474360604924,0.38643474360604924,0.41834077546464227,0.5969248000247454,0.3785914240253465,1.050502275608882,1.0917455816209736,1.2782645919647697,0.9219398819069723,0.6038349596552649,hjorth_mobility,hjorth_complexity,0.7841554767040052,0.9150546032357487,0.9593383060924032,0.8383463123050178,0.7130073870992308,1.0334390880759188,0.32138192528555865,0.6640884444618158,1030,eeg_data_level_9.csv,15,AF7,270.0078125,280.00390625
0.6248147009322076,0.6248147009322075,0.6888968235494113,0.6044613741098274,0.4068227424080456,0.5622665252972976,0.5622665252972976,0.6591181306812495,0.6164116327899865,0.39334335596432374,0.659663434028307,0.659663434028307,0.5375329767598728,0.8700744425262413,0.6902375773271139,1.2893319228725517,1.2893319228725515,1.0707046211440125,1.2807544200009484,1.2803486171493719,1.0388015553971939,1.0388015553971939,1.212669301433602,0.6292662217866163,0.941406662835442,1.0793012007232095,0.9179781548352518,0.7848864343436606,0.9477588808116806,0.8279020258947769,hjorth_mobility,hjorth_complexity,0.8516524038127044,0.9566042951541801,0.9773140300153891,0.7338715439022648,0.831162896961389,1.0574725552404751,0.6073574721573011,0.9129298106561577,1030,eeg_data_level_9.csv,15,AF8,270.0078125,280.00390625
2.751662527842505,2.751662527842505,2.896237996683758,2.6214821515409468,2.5791581972299693,2.901791929614103,2.9017919296141024,2.9485125732825734,2.008880443219667,2.612521998353554,2.16629982596663,2.1662998259666306,1.743655410685607,2.015543449114181,2.4867020814703027,2.109338373922144,2.1093383739221436,2.26935113028849,2.3343531497836487,1.9497625733477426,1.7216824666531905,1.7216824666531907,1.7627000663750947,2.1366505943793173,1.6033907821890583,1.172777289745462,1.1064959312300544,0.6754103303211135,0.4504572035433766,0.3961324913479567,hjorth_mobility,hjorth_complexity,0.5737238804239432,0.9030878749420398,0.6204250224304978,2.1149770188849994,1.7030690731855913,0.5888199455316282,2.8630079368950145,1.9821041701763427,1030,eeg_data_level_9.csv,15,TP9,270.0078125,280.00390625
3.3365010023389337,3.336501002338934,3.445907380139027,2.9714877828664648,2.497204061411747,3.699192544590339,3.6991925445903395,3.9428121124124575,3.6668445848660585,2.848191648801309,3.7138948231473665,3.7138948231473665,2.9849052123759727,5.6847114618208625,4.123439621624386,3.276436176894388,3.2764361768943875,3.3886577253667625,3.749407355793992,3.1850733741834727,2.6992318840024674,2.6992318840024674,2.212372117813067,3.2379647230912054,2.6513188874947207,1.1305587927784038,1.123981231298273,0.8719115792410127,0.537009453204386,0.47834738071486005,hjorth_mobility,hjorth_complexity,1.004513091676523,1.0094574623225598,1.0079882814029575,1.9111238122454812,4.746592034117737,1.129572956734144,2.8307823302387063,1.9709174619885903,1030,eeg_data_level_9.csv,15,TP10,270.0078125,280.00390625
0.12603773140621524,0.12603773140621524,0.11610527648820067,0.10648435610510537,0.12291396261882169,0.14539455275841956,0.14539455275841956,0.08021283229712384,0.26026930286609534,0.18442994762994985,0.2706431950381477,0.2706431950381477,0.2882499074418379,0.3493028937657285,0.2595474464177674,0.4224151826643028,0.4224151826643028,0.5553291000511887,0.38762760293098575,0.4034468913549088,0.2814677165931042,0.28146771659310427,0.35064198104286237,0.2737997875586413,0.24242338457857127,1.0154181710465158,1.040638545629671,1.2203361064851679,1.2262803248921996,0.922302997653668,hjorth_mobility,hjorth_complexity,0.9112085159674391,0.9489581208330102,1.0451211911426022,0.47141054035388535,0.2403853476505978,1.1055394895695876,0.14264109302810662,0.44242282884242173,1030,eeg_data_level_9.csv,16,AF7,280.0078125,290.00390625
0.23796796159681471,0.23796796159681471,0.21647037423053167,0.21343276363472952,0.26466202842015973,0.2818805305235094,0.2818805305235094,0.2174374910326462,0.37379373181003495,0.2800851345566183,0.6384120022123568,0.6384120022123568,0.46413067559179844,0.6057991893216277,0.7506292109048163,0.7036877356225326,0.7036877356225325,0.6585865812609845,0.6755974557106995,0.7280958109030257,0.5456942434179272,0.5456942434179272,0.5709606339956012,0.5668249744093948,0.5290344765896234,1.0087577024271912,1.0349654394792405,1.466882923701161,1.1170502593364866,0.9494919851204098,hjorth_mobility,hjorth_complexity,0.9191493309214036,0.9641440811981367,1.1019976418609494,0.6778119120763973,0.5663315817531033,1.1536064238987,0.2705175479792322,0.6092743855574775,1030,eeg_data_level_9.csv,16,AF8,280.0078125,290.00390625
1.9214342415754004,1.9214342415754004,3.105001946002017,0.9717086437409372,1.4664100837574459,1.0183781140050705,1.0183781140050705,1.151108156278076,1.1853118449374918,1.203410584710069,1.746477096403585,1.7464770964035852,1.7592612635151987,2.1428149702022186,1.7963279190668817,2.3096077151200767,2.309607715120076,2.6500269462810953,1.7467552584907746,2.4626967492436425,1.5574765071789816,1.5574765071789818,1.3751417176270084,1.3255336925271028,1.579642040681763,1.084876586705571,0.7048783405643443,0.7867621662647962,0.6827894490450579,0.5151684597993251,hjorth_mobility,hjorth_complexity,0.6709988636100096,0.9697674777340902,0.7814801574620024,1.3046605224929153,2.1919884243393497,0.8652048179240251,1.677973730010814,1.5174268972734415,1030,eeg_data_level_9.csv,16,TP9,280.0078125,290.00390625
0.5358942382344033,0.5358942382344032,0.6569955167290978,0.349725237634067,0.6208718742058934,0.68151199246991,0.68151199246991,0.6056775446913651,0.9350898156760419,0.7393078754274544,1.0483651953737234,1.0483651953737234,0.8552504225728678,1.0574223003491345,1.1347704210514915,1.6268387276867622,1.6268387276867622,1.5512406921219386,1.4923761055265699,1.690255771923953,1.6356849563204134,1.6356849563204132,1.4655270095861384,2.2372881182893347,1.7057688763695609,0.9173884523294044,1.0279205625918624,1.0626329952124085,1.0641331424146583,1.1338705214945468,hjorth_mobility,hjorth_complexity,1.0998028711240986,1.094564516046407,0.864550055941546,0.9937843823676502,0.9370954230447033,0.8892382850885814,0.7049532075324242,0.9835475133306191,1030,eeg_data_level_9.csv,16,TP10,280.0078125,290.00390625
0.11413788293307689,0.11413788293307686,0.1347230919460507,0.08425669270805311,0.12679159024155834,0.12667133715618198,0.12667133715618195,0.10767218641940508,0.15239620417930405,0.14021031320458094,0.40600116402985126,0.40600116402985126,0.3123646397084975,0.613207086306817,0.4268360621125146,0.4384862850907939,0.43848628509079385,0.5526013053800894,0.33097632605800986,0.37783774261846215,0.2386155307713914,0.23861553077139136,0.254691953183805,0.20991475384366318,0.2430868667729265,0.9790103667129797,0.9629728327734077,1.8142441718968634,1.343164548825144,0.8652115841223472,hjorth_mobility,hjorth_complexity,0.8159187365198635,0.8699771059358539,0.8883718283458145,0.47395870543687935,0.40335846470185055,0.9613386865822501,0.1414047533280865,0.44050130922127856,1030,eeg_data_level_9.csv,17,AF7,290.0078125,300.00390625
0.15853335637207794,0.15853335637207794,0.15790999554918297,0.14699586791192717,0.15335202514521867,0.23514869816004302,0.235148698160043,0.17643460637152483,0.29459971800208473,0.3004958365979976,0.5362435592049822,0.5362435592049822,0.45353503505535914,0.687347481772421,0.5495809551386145,0.7462299195900852,0.7462299195900851,0.6719974637230711,0.9880198852988223,0.7372204087857476,0.6433485476171854,0.6433485476171854,0.8012991775958874,0.4763013486309946,0.5389244291764062,0.8945186346275223,1.061414642783774,1.4990989072898722,1.394803359980143,1.2881082512320305,hjorth_mobility,hjorth_complexity,0.9052529047519655,0.97888840440649,0.922056619669852,0.6676192517444215,0.48891935115375823,1.0094056209113627,0.2457262252157265,0.5806854628584346,1030,eeg_data_level_9.csv,17,AF8,290.0078125,300.00390625
1.2833751163060436,1.2833751163060434,2.0268058480037903,0.8242915751335737,0.763000055354005,1.3076213943290087,1.3076213943290087,1.402796207024444,1.3531050676812306,1.320369874320809,1.7086028926403347,1.7086028926403347,1.3323105687541243,2.0882100169499425,1.9013898035067016,1.4791749126543605,1.4791749126543605,1.6141083329755814,1.831985114379523,1.3932833450208875,1.0416885889171223,1.0416885889171223,0.8325988023699773,1.4338904920185884,1.032176856242028,1.019260995074471,1.049737068231079,0.9665014357600314,0.5902010902239713,0.4602052383389484,hjorth_mobility,hjorth_complexity,0.5538718430390315,0.9063180711684535,0.8472744575851807,0.9657545664547166,1.0919198842433935,0.6969705477721313,1.5337190304899129,1.450735045438304,1030,eeg_data_level_9.csv,17,TP9,290.0078125,300.00390625
0.48304529731162243,0.48304529731162243,0.44251190769711995,0.5034548724044634,0.5698838850129753,1.113779621578294,1.113779621578294,1.3106735690924713,1.1713849871426774,1.1520380081851247,1.5593494317763679,1.5593494317763679,1.551951076321498,1.260429662724429,1.3620387918761323,1.235320782328798,1.235320782328798,1.1960402395403626,1.274943392386303,1.254324179937808,1.7702037808294744,1.7702037808294742,1.2561151760747347,1.4580447534660599,1.8940955507388233,0.9070206578573039,1.4240821647067072,1.4340910232135433,0.8430121616950322,1.212551795328799,hjorth_mobility,hjorth_complexity,1.1633293907558153,1.067799888787446,1.0132042168742819,1.0014288776166322,0.831162896961389,0.9853721537468064,0.7487980007634748,1.0136722028913314,1030,eeg_data_level_9.csv,17,TP10,290.0078125,300.00390625
