delta_abs,delta_mean,delta_max,delta_min,delta_median,theta_abs,theta_mean,theta_max,theta_min,theta_median,alpha_abs,alpha_mean,alpha_max,alpha_min,alpha_median,beta_abs,beta_mean,beta_max,beta_min,beta_median,gamma_abs,gamma_mean,gamma_max,gamma_min,gamma_median,delta_entropy,theta_entropy,alpha_entropy,beta_entropy,gamma_entropy,hjorth_mobility,hjorth_complexity,lempel_ziv,higuchi,mean,min,max,median,var,std,Participant,File,Window,Channel,Start_Time,End_Time
1.555695529956409,1.5556955299564088,0.97480762689055,2.302394520124902,2.263925494339616,4.858563103341614,4.858563103341614,3.919767403110999,6.798857823516671,4.980778424426796,4.335656150196263,4.335656150196263,3.613262933109452,3.8310689915945724,5.302147526171904,6.396417226302566,6.396417226302564,4.480490794915067,9.568949782144138,7.055317118296746,2.195860581818805,2.1958605818188044,0.33245768601227765,0.9893102091310236,3.3516938273171943,1.1082943643868297,1.6129307447851569,1.4931947371757055,1.3288792678730093,0.452335873416961,hjorth_mobility,hjorth_complexity,0.6993761320185149,0.4332845037689282,1.2256623223984209,4.3277060710676425,3.6096893389900093,1.1631451187335091,1.6715668518303544,2.400826887903192,1868,eeg_data_level_1.csv,0,AF7,120.0078125,130.00390625
0.03016333587317251,0.030163335873172503,0.016540496125801215,0.07691107187381736,0.04892753636463231,0.05661995813449949,0.05661995813449949,0.048054313168492124,0.06607286888500463,0.055899850553875134,0.05454104703731929,0.05454104703731929,0.04421392062514162,0.08039241642865275,0.06555254161273356,0.09189171823615391,0.09189171823615389,0.0502563675935831,0.1450990827458888,0.11501926210161516,0.06633275917655093,0.06633275917655092,0.005605750318053197,0.10855192523869385,0.12252784379688492,1.1815551058404423,1.161841444039898,1.1404271875216168,1.109633462643269,0.7345509244472043,hjorth_mobility,hjorth_complexity,0.8945059368082111,0.9768521303689434,1.1082823266872457,0.42388274313774693,0.32188312576980976,1.1205910290237466,0.030545978346382934,0.32454579830184593,1868,eeg_data_level_1.csv,0,AF8,120.0078125,130.00390625
0.34735072327627553,0.3473507232762753,0.19232317994853249,0.7065765273279495,0.6027872259951037,0.8196137204293381,0.8196137204293381,0.6723674463845684,0.7356530339375109,0.9280387157803316,0.43678937556699,0.43678937556699,0.35052371868494125,0.6791495687783304,0.47304033012956986,0.6379606126243788,0.6379606126243788,0.31904001299636464,2.158637526492429,0.7957999148426517,1.5776671305285,1.5776671305285002,1.8571769640540003,1.5745391074578605,1.2889156791371401,1.1427550642103512,1.333995640671831,0.8126356847732636,0.6992214351151717,1.034087614354498,hjorth_mobility,hjorth_complexity,1.4045481988327633,1.2353491363701177,1.2883549161891485,1.3719215664995896,0.7679211714794033,1.1205910290237466,0.39460016623789995,1.1664808223267975,1868,eeg_data_level_1.csv,0,TP9,120.0078125,130.00390625
0.2742040784949291,0.2742040784949291,0.1477278958323132,0.6159380757522638,0.5015018952937796,0.7893242359911374,0.7893242359911374,0.6891932982263825,1.2688652287352358,0.7483331649099316,0.46730929073177035,0.4673092907317704,0.5720091894602433,0.4921385131291562,0.505151419593329,0.5089502104012924,0.5089502104012922,0.40043086408240747,0.6813033238837395,0.6069757572740594,0.48853623405059043,0.4885362340505904,0.0402071905992982,1.2966052371653296,1.0244734446495456,1.1714269900357082,1.5675300992947476,1.0571580167061263,0.7205647444216787,0.6090347325606598,hjorth_mobility,hjorth_complexity,1.1070235459851077,0.9862194228949801,1.1361457017053467,0.9548756417995482,1.089804297249213,1.092221635883905,0.26706598265105147,0.9596398141723022,1868,eeg_data_level_1.csv,0,TP10,120.0078125,130.00390625
0.01985277212365522,0.019852772123655216,0.01896244456156541,0.024614095326740103,0.02137513214979625,0.03272144633070766,0.03272144633070766,0.022163413646676993,0.045477762764180744,0.04023750438989761,0.053051377364737855,0.05305137736473784,0.04926413471483012,0.04868248073594122,0.06414295992000849,0.07005510060256168,0.07005510060256166,0.04608267344671207,0.09170245228931499,0.07761973816418526,0.03866136102511674,0.038661361025116706,0.00940537229564824,0.07414903155469414,0.06564519712127105,1.0685142732300912,1.0548826563239302,1.4979936260635494,1.2155567215610403,0.6368155779335463,hjorth_mobility,hjorth_complexity,0.8635942845642988,0.787545921648126,1.084089840758831,1.8892408282859796,1.8439304776241958,1.1347757255936675,0.17467226151489515,0.7760879542715053,1868,eeg_data_level_1.csv,1,AF7,130.0078125,140.00390625
0.005456914038050851,0.00545691403805085,0.003496985772695935,0.009865858166432161,0.007678804142052558,0.021253479348662608,0.021253479348662608,0.016813464759955928,0.04387522791505791,0.025235356197567126,0.03286107375579032,0.03286107375579032,0.03508980072887834,0.05417719882119461,0.031440410770960776,0.07184681540292398,0.07184681540292395,0.04272859864466579,0.20838219633734437,0.08959157572893352,0.08942815677245913,0.0894281567724591,0.006850285895770204,0.23061996973089136,0.17735488401505928,0.7638623285831487,1.248581535403856,1.736803246284594,2.1596497328532225,2.298970441773418,hjorth_mobility,hjorth_complexity,1.1379351982290202,1.1296124950758673,1.0739451397353754,0.2939831928213406,-0.0919666073628028,1.0780369393139841,0.014314259633827736,0.22216897752062423,1868,eeg_data_level_1.csv,1,AF8,130.0078125,140.00390625
0.37288910065075,0.3728891006507499,0.32340700310214987,0.3686554666254282,0.405835213619303,0.5662796238109354,0.5662796238109354,0.6578835287842123,0.6032716047236739,0.46596787446232757,0.28854259150948053,0.28854259150948053,0.24276650742684852,0.2923438896668449,0.3208251770550266,0.414879604309344,0.41487960430934395,0.22576647707654898,0.950433305006932,0.5014752794242917,1.2967563893117149,1.2967563893117149,1.860328537270857,1.090360088012506,0.8542495613537014,1.143380763554917,1.0225372760008824,0.6000412474877321,0.501357446549443,0.8351266879417437,hjorth_mobility,hjorth_complexity,1.1727108070034213,1.2136809846992183,0.9642994419706928,0.9799439760711354,1.448474065964144,1.0212981530343008,0.46588924506567414,1.2674776608182996,1868,eeg_data_level_1.csv,1,TP9,130.0078125,140.00390625
0.43011982854595204,0.43011982854595193,0.304656880529959,0.5212814385841388,0.5252898517057074,0.7658612161518715,0.7658612161518715,0.7766791524851526,0.9142770187833479,0.6947399952588775,0.44356845889556684,0.44356845889556673,0.4332615847838777,0.30395482533199175,0.4479446809336935,0.34186748000177625,0.34186748000177614,0.26933726244502876,0.5447536553090865,0.39010682122996293,0.2972208174074857,0.2972208174074856,0.020829159599902947,0.8596138666207702,0.6397088145626818,1.2075788768766662,1.2252430489798272,0.7936570603395919,0.39600986224485657,0.304760689102346,hjorth_mobility,hjorth_complexity,0.8249547192594083,0.8672384958728323,1.0464134715627278,1.0756594341990138,1.0622143150403722,1.0496675461741425,0.4735476751095423,1.277852790141745,1868,eeg_data_level_1.csv,1,TP10,130.0078125,140.00390625
0.3708298375454671,0.37082983754546717,0.2709187954976804,0.45975469396889174,0.5204699489901722,0.6884654675150179,0.6884654675150179,0.7602127055862417,0.6856361931297427,0.7638753321507414,0.8909849019785286,0.8909849019785286,0.8491476581442537,1.0021501888759299,0.9960275682461267,0.7853092765372511,0.785309276537251,0.7022251578353484,0.7497604472316349,0.748379751550512,0.1737497635363048,0.17374976353630478,0.024311678068436288,0.15744631248225988,0.24701588512989095,1.1459237297106306,1.2052462923351341,1.5014196291787736,0.8473972523338004,0.1979860137252556,hjorth_mobility,hjorth_complexity,0.9428053934393239,0.7246449493348112,1.0811708205188393,2.0054667417269747,3.5729026960448884,1.0780369393139841,0.3580554968666755,1.1111537182396438,1868,eeg_data_level_1.csv,2,AF7,140.0078125,150.00390625
0.008460379709592911,0.008460379709592911,0.00475810710995867,0.016590622548302764,0.01410557575634114,0.019769776047161035,0.01976977604716103,0.014281069363453053,0.027584943039584357,0.02430762606442915,0.05252151053275865,0.05252151053275865,0.05302589509938245,0.06151537866766121,0.062263548415088375,0.09129174297827361,0.0912917429782736,0.039177399331528584,0.18182978028717606,0.12506455311567496,0.11144660340692707,0.11144660340692703,0.008821981118111524,0.2478458253234242,0.23760221462585515,0.8561421927643,0.949666598133014,2.017582740667801,2.102444101762636,2.1954304448645128,hjorth_mobility,hjorth_complexity,1.2866975246528478,1.1492122421922961,1.0771903383733965,0.3304462244891038,-0.08736827699466265,1.0780369393139841,0.01575350715440107,0.23307065594913354,1868,eeg_data_level_1.csv,2,AF8,140.0078125,150.00390625
0.39959013231023627,0.39959013231023616,0.3025739965474226,0.7331562168685652,0.5161739892081217,0.8671459205627692,0.8671459205627692,0.590139624309519,1.429194909782255,1.1265006862030122,0.5625020367431853,0.5625020367431853,0.5850971640668743,0.5591073554038068,0.6100386779599196,0.44047277344222807,0.4404727734422279,0.31936218161501806,0.7504841169094426,0.48196904108508026,1.1771386854921213,1.1771386854921213,1.8182128937641755,0.9459777437666803,0.6133536120345466,1.154777549595515,1.357187739900295,0.9508114975257138,0.48266791635955336,0.673792319926059,hjorth_mobility,hjorth_complexity,1.249989937613202,1.1642059531478206,1.111223460716934,1.0391964025312506,0.9748460380457096,1.0638522427440633,0.40340277676621455,1.1794197957134025,1868,eeg_data_level_1.csv,2,TP9,140.0078125,150.00390625
0.560124891097559,0.5601248910975589,0.4176863169168646,0.9477078279637359,0.7835423300754051,1.0757157554273362,1.0757157554273362,0.781934537248626,1.4961731976824981,1.3389265454577959,0.8253851627707645,0.8253851627707645,0.9295705522556929,0.9440483453509674,0.7224490002178509,0.4375223171396425,0.43752231713964246,0.3912877977292959,0.6255906371259143,0.43286553566301617,0.26599926816759134,0.2659992681675913,0.024115643300800935,0.5934827268233611,0.5525487118932088,1.2103752397337724,1.3180375822255865,1.060604443192178,0.3846578843251275,0.21769561559125605,hjorth_mobility,hjorth_complexity,0.7631314147715839,0.796601367558128,1.0643698687966152,1.159980194930716,1.0714109757766526,1.00711345646438,0.5045839899562182,1.3190635042260699,1868,eeg_data_level_1.csv,2,TP10,140.0078125,150.00390625
0.0032389439384639383,0.0032389439384639374,0.0025414313705954764,0.003324322632155822,0.005110191414630572,0.006488939606007476,0.006488939606007476,0.004378373790021327,0.015810392042999798,0.007171312532721607,0.015926264388632313,0.015926264388632313,0.013589185278615804,0.014292384086479287,0.01694749992180449,0.027733317163742773,0.027733317163742766,0.01492744782072128,0.05607590683644968,0.035515584390386955,0.03032368112745114,0.03032368112745111,0.010720439369197178,0.06329663500495228,0.05433640253993535,0.9096445971446256,0.9542780675052106,1.871405859307068,1.9340419745579944,1.7885756411955294,hjorth_mobility,hjorth_complexity,1.1495270678204872,1.104205607935271,1.0921890162353225,0.2825884954251646,-0.17013822362118516,1.092221635883905,0.00587189260283155,0.14229447020981292,1868,eeg_data_level_1.csv,3,AF7,150.0078125,160.00390625
0.002906880373866761,0.0029068803738667606,0.0016312570756917167,0.005445426785062736,0.005287465519544947,0.011369310332095824,0.011369310332095824,0.009387002864720467,0.02260153745429629,0.011885453864241292,0.014872729756795773,0.014872729756795777,0.013994289525481004,0.01474881156708351,0.015471728281341572,0.08669464297780302,0.086694642977803,0.040542315848456925,0.18540450373604717,0.11173861007329375,0.11752731093571213,0.11752731093571213,0.009205273988083537,0.36237331181216337,0.2359223081498206,0.5525838107283497,0.8675181911516839,1.0365072254769763,2.8389402678204534,3.2727022558850414,hjorth_mobility,hjorth_complexity,1.4876232642382774,1.227221063929348,1.0748739189026453,0.27119379802898863,-0.06437662515396195,1.0780369393139841,0.011332459428201559,0.19767923768924084,1868,eeg_data_level_1.csv,3,AF8,150.0078125,160.00390625
0.2051403435931424,0.20514034359314237,0.11872865049012418,0.3633700172292072,0.2933978937546786,0.5606505965186969,0.5606505965186969,0.45552039106647374,1.0497685350625807,0.525322005558583,0.38467368524231904,0.38467368524231904,0.34516458076299356,0.2732578752822784,0.5308057352909519,0.33586051749265106,0.33586051749265095,0.20385856256524848,0.512414325328462,0.3939447965811987,1.1935237285839158,1.1935237285839155,1.8599533145258695,0.8304622190017338,0.5775816772250989,1.0680144280431405,1.402550616842301,1.0431890369569348,0.5869735658045178,0.9920263102473095,hjorth_mobility,hjorth_complexity,1.489555242503522,1.2394580278069933,1.1278585590164314,1.0802173131574841,1.0484193239359518,1.1205910290237466,0.29367889677579523,1.0063182322203377,1868,eeg_data_level_1.csv,3,TP9,150.0078125,160.00390625
0.293675622109058,0.29367562210905795,0.19085924477834132,0.44571658981737894,0.37780456371689697,0.6531192038216034,0.6531192038216034,0.5107745218266982,1.197808230204031,0.6476420459926326,0.43318127388635397,0.4331812738863539,0.40107659251057076,0.42575144345645416,0.5533570267815275,0.28537384138910604,0.285373841389106,0.1985346723414075,0.5970333602043902,0.3256498702675439,0.2535601973553051,0.2535601973553051,0.015714369745340066,0.5460196215934703,0.5214099133129964,1.1773838504968808,1.3968390709447882,1.0137713954271992,0.4436922240792853,0.3469763681967805,hjorth_mobility,hjorth_complexity,1.074179915475951,0.8946371941828093,1.0868208937863983,1.1440276185760696,1.3657041193376214,1.092221635883905,0.3656604522534538,1.1228919469440624,1868,eeg_data_level_1.csv,3,TP10,150.0078125,160.00390625
0.00745493607210287,0.0074549360721028685,0.006251251358972144,0.008895799793602176,0.007884682162610394,0.017245368113495273,0.017245368113495273,0.013372145486349466,0.022940222867086357,0.017945874329994956,0.01900010636120671,0.01900010636120671,0.012922721714088035,0.03512953477032662,0.02291233295395668,0.03534957358790168,0.03534957358790167,0.019684251792175155,0.06001901540384739,0.04774885330645849,0.035801669358774386,0.03580166935877436,0.010507181352465828,0.05792213271578137,0.06074452640176566,0.9825787009818152,1.225145168816661,1.3315190347357893,1.410559864775481,1.2231293182505634,hjorth_mobility,hjorth_complexity,0.9118937411954117,1.0619819263852808,1.1011672148522662,0.3144936481344574,0.05058163404954153,1.1064063324538258,0.011636452465594624,0.2003130626483473,1868,eeg_data_level_1.csv,4,AF7,160.0078125,170.00390625
0.007129722240283996,0.007129722240283994,0.004953698010870166,0.017597030266404436,0.010400747611274321,0.017136127674874345,0.01713612767487435,0.01463799594208847,0.03727139614521765,0.01931842126584892,0.03075192021607334,0.03075192021607334,0.033363792920226426,0.03602500830478828,0.027232560617981322,0.08769986686853949,0.08769986686853948,0.043427775351483934,0.23981296788883405,0.11618908967293179,0.11590578825603627,0.11590578825603624,0.010532109510819617,0.3151356731391631,0.2185767441076246,0.8254118192138388,0.9394861452762241,1.438258207312986,2.2351181837230882,2.482051207379285,hjorth_mobility,hjorth_complexity,1.134071241698531,1.1620514429284219,1.0605884107584442,0.3053778902175166,-0.0459833036814014,1.0638522427440633,0.014459365789220023,0.2232922209757463,1868,eeg_data_level_1.csv,4,AF8,160.0078125,170.00390625
0.38124708092136117,0.3812470809213611,0.2514140091094486,0.9172371401867975,0.5242468286950034,0.720195150117841,0.720195150117841,0.7258061867118386,0.9706869506063113,0.7696617388387937,0.48447105678899843,0.4844710567889983,0.46586256806370646,0.5231425078619493,0.5445257429423723,0.40181314114035593,0.4018131411403558,0.3961944108306464,0.7178049954330035,0.37084925570298777,1.2391937223200433,1.239193722320043,2.0132518621255904,0.7910591801447089,0.5124800839763776,1.211935815901956,1.2249539024128906,0.8939661188381408,0.46607877255980024,0.7147452559100045,hjorth_mobility,hjorth_complexity,1.4180720466894747,1.223830362855428,1.161327779722698,1.159980194930716,0.8644861092103462,1.1205910290237466,0.35475325866159124,1.1060179310069118,1868,eeg_data_level_1.csv,4,TP9,160.0078125,170.00390625
0.5585070529409085,0.5585070529409084,0.394419246813262,0.8459740749101956,0.8199517007403481,0.9918309001293979,0.9918309001293979,1.050925848846418,1.5507354622596414,0.9467404981354646,0.5485917945277189,0.5485917945277189,0.620282000848985,0.38095647566102586,0.6385178197814232,0.39085419982818764,0.39085419982818753,0.27994628761976653,0.43639673124531375,0.40830755017333115,0.2789188923065125,0.27891889230651246,0.02031826944895516,0.6409389318448121,0.5641753718843777,1.2585005806252498,1.2520455510766157,0.7810996888361352,0.3611634159091945,0.23464558141880246,hjorth_mobility,hjorth_complexity,0.9640571543570137,0.8457689052413333,1.0990553479362117,1.1873274686815385,1.3013274941836595,1.0496675461741425,0.46331645162621193,1.2639731018061742,1868,eeg_data_level_1.csv,4,TP10,160.0078125,170.00390625
0.00930198780970946,0.009301987809709459,0.007772941192226933,0.015261734081056742,0.010523236333314819,0.02137039888487226,0.02137039888487226,0.014274359755769479,0.033663562976810085,0.025972720939138088,0.023807661154898716,0.023807661154898716,0.015285259240740076,0.04588560524993578,0.02885572571681514,0.04078783778321,0.04078783778320999,0.026599691108548887,0.08204283774610371,0.05182670087657405,0.03348290848976246,0.03348290848976245,0.010962676554525206,0.06521885817911356,0.04967728399777283,1.0288046667718467,1.2878100569020463,1.3996372051119443,1.383896357687657,0.9973919021684424,hjorth_mobility,hjorth_complexity,0.9157576977259007,1.0092896186919238,1.1060875330598277,0.3304462244891038,0.018393321472560557,1.1064063324538258,0.011575907561045776,0.19979126478962844,1868,eeg_data_level_1.csv,5,AF7,170.0078125,180.00390625
0.00726155769153223,0.007261557691532228,0.004204474447719479,0.017047476413371468,0.011897064879542339,0.01750555790245265,0.01750555790245265,0.014868102095596412,0.025831342335956454,0.0172020565922385,0.024967895269659455,0.024967895269659455,0.01885344572176883,0.050123530886682914,0.025951500082028442,0.09444646704237067,0.09444646704237068,0.05322737570874495,0.2648933062391498,0.11661742160012313,0.1262126073589503,0.12621260735895026,0.009078691824670727,0.4497374987141444,0.24552387253045607,0.8215254478627368,0.9062112655005323,1.2059704242601246,2.3027716761787382,2.606932240312998,hjorth_mobility,hjorth_complexity,1.3485208291406723,1.1809124806090265,1.0674713278016061,0.30993576917598703,0.06437662515396195,1.0780369393139841,0.013425512900908841,0.21516142617538186,1868,eeg_data_level_1.csv,5,AF8,170.0078125,180.00390625
0.3627306103137103,0.36273061031371023,0.21290145753211098,0.8604073432386394,0.5361820562169075,0.7626990095341425,0.7626990095341425,0.6852051878862522,1.1817864976215096,0.8031320698042668,0.40765459138290505,0.40765459138290505,0.4301335175159395,0.31870045520154444,0.4162467441289656,0.3623602287203397,0.36236022872033957,0.2058912092639645,0.6409171021968783,0.4360854727881581,1.2716914411610973,1.2716914411610971,2.0726603533092085,0.7376187280178672,0.5981833243350437,1.2010743808249291,1.3135124543245404,0.7908917030043168,0.44577637744337223,0.7517428723044732,hjorth_mobility,hjorth_complexity,1.5417186556651241,1.2396285458393868,1.136200986179589,1.2420220161831832,1.1035992883536334,1.092221635883905,0.3348707618666322,1.0745771125544799,1868,eeg_data_level_1.csv,5,TP9,170.0078125,180.00390625
0.47319336344065027,0.4731933634406502,0.29310887094973875,0.9692508233502982,0.631627005199361,0.8143720850883959,0.8143720850883959,0.6952509538911498,1.3953779175507133,0.85135045193643,0.4752630718740009,0.475263071874001,0.5533639797158456,0.36446566109943546,0.39350210535292207,0.30915612115723196,0.30915612115723184,0.22921597722099793,0.3383435432067465,0.3113247564667882,0.264744204628634,0.26474420462863396,0.020751673540779683,0.5268517000958046,0.5727545942188832,1.2854713830214548,1.2557476700846568,0.7925000048508565,0.34269678173337853,0.26071564800823605,hjorth_mobility,hjorth_complexity,1.0838398068021737,0.8951591290706273,1.0838908166515586,1.2397430767039481,1.2323525386615573,1.0780369393139841,0.3785773917661426,1.1425528779362149,1868,eeg_data_level_1.csv,5,TP10,170.0078125,180.00390625
1.744734505629672,1.7447345056296715,1.3057991278461822,3.303354645552991,2.332182508175086,4.778169895895114,4.778169895895114,4.147184974259806,6.084262532775286,4.582262307267779,3.843471653116783,3.843471653116783,3.1406759324925826,4.446800275675609,4.981911067824773,5.2464964712174345,5.246496471217433,4.119458365974321,7.077106261222243,4.948996038925194,1.2499817979701384,1.2499817979701382,0.13668294996594768,1.7190738061474349,2.1198645261180387,1.1175864520366665,1.5077070929506593,1.3015064535223355,1.0501985980815627,0.26652696892738886,hjorth_mobility,hjorth_complexity,0.6916482189575368,0.3507872058059205,0.9366516764021364,2.951226625609582,3.95456411660052,1.0212981530343008,1.856916595805085,2.530434907145404,1868,eeg_data_level_1.csv,6,AF7,180.0078125,190.00390625
0.0153880502409206,0.015388050240920596,0.0070035832616360425,0.04150316098788846,0.025303058404695263,0.06951760289843972,0.06951760289843972,0.061459978360884265,0.08426398957808555,0.06750114461274509,0.04329887830573822,0.04329887830573822,0.046435182695899344,0.04694734799810066,0.04798548018680961,0.08896866310792105,0.08896866310792102,0.043599791704151646,0.18793443591414535,0.11130431374184765,0.08656853234947287,0.08656853234947284,0.006436992270019254,0.21714844246467807,0.17763344078295215,0.9754448102005346,1.7026818390518257,1.2288629406002063,1.4430737551049775,1.2396704354093673,hjorth_mobility,hjorth_complexity,0.9872408935399478,1.034147107480434,1.0372583626282088,0.332725163968339,0.027589982208840836,1.0354828496042217,0.022928134271382572,0.2811792896077259,1868,eeg_data_level_1.csv,6,AF8,180.0078125,190.00390625
0.6388285650329826,0.6388285650329826,0.33733722009188666,1.8289962549489989,0.9729554047614427,1.2670596275670645,1.2670596275670645,1.0480693757910993,1.608951136766018,1.230281810646103,0.6055488278825688,0.6055488278825688,0.6732026583283794,0.764023778769377,0.5858615115745939,0.45235091756618306,0.452350917566183,0.37206847158967193,0.6459257871065324,0.554327791817009,1.3055414902521971,1.3055414902521971,1.8997601596445162,1.0692589858252792,0.7740799997940698,1.2607782605907871,1.3051325638570377,0.727201519082334,0.34904814301787496,0.5534847213927507,hjorth_mobility,hjorth_complexity,1.2132823505735564,1.144858405312648,1.1483193429334932,1.37647944545806,0.8782811003147666,1.00711345646438,0.543872975952845,1.3694548272201104,1868,eeg_data_level_1.csv,6,TP9,180.0078125,190.00390625
0.7937069807826889,0.7937069807826888,0.45585919432708716,2.0221057975194743,1.1581230052382745,1.3888176777650918,1.3888176777650918,1.0376665570532544,1.6712278936876725,1.6336907860707155,0.618054286505462,0.618054286505462,0.8158771569106623,0.8360073805220616,0.5864532416989788,0.37742358553308125,0.37742358553308114,0.39541517991018943,0.8563559834708719,0.36265737209581766,0.3356025744812337,0.33560257448123365,0.036628730378884804,0.8146268975965723,0.6469439404433796,1.298326339920153,1.257272874025258,0.6460426537018513,0.2579136389840628,0.20202922492369998,hjorth_mobility,hjorth_complexity,0.8558663715033205,0.8393493406081441,1.01277286898631,1.4129424771258232,1.457670726700424,0.9503746701846966,0.6200176824373383,1.4621805711816651,1868,eeg_data_level_1.csv,6,TP10,180.0078125,190.00390625
0.017996828726089948,0.017996828726089948,0.014310359035193993,0.027492514144833734,0.019251517957694506,0.0193027191749572,0.019302719174957204,0.014423389396103306,0.03346634903175343,0.01766419031633129,0.03518281329113766,0.035182813291137656,0.03308411309814397,0.04793630406731993,0.04331059630634898,0.05639058451170357,0.05639058451170356,0.047068999969427955,0.09046172758022977,0.06727881359932374,0.036870330441626915,0.03687033044162689,0.008495696228968577,0.06728738988746019,0.06123183201938155,1.131466065219733,0.8005012034644436,1.2698311910530886,1.1858061040862726,0.7111483854478783,hjorth_mobility,hjorth_complexity,0.8037029583417187,0.9542996467755458,1.0853558552189786,0.38058289303227816,0.11035992883536334,1.1064063324538258,0.020627557217575164,0.2666999113942156,1868,eeg_data_level_1.csv,7,AF7,190.0078125,200.00390625
0.005577593346272788,0.005577593346272787,0.0035136070915280514,0.01420425433873092,0.00860466260888143,0.0284521384134204,0.0284521384134204,0.02191756720473928,0.03379904861285338,0.031219498843030175,0.032558222130242336,0.032558222130242336,0.023029084447947313,0.031562507003834644,0.04080001136456915,0.10302379542053348,0.10302379542053347,0.04324350432726465,0.3317717045937185,0.1337401563777634,0.1256903565536182,0.12569035655361818,0.008508557408307868,0.3500522318538364,0.2613836961201241,0.6799945324195341,1.3169177758996826,1.4678616811678564,2.4544209264777517,2.566616223033084,hjorth_mobility,hjorth_complexity,1.2654457637351582,1.1548225065023578,1.0679467742800897,0.2939831928213406,-0.0229916518407007,1.0638522427440633,0.015072587172593892,0.22797796533016684,1868,eeg_data_level_1.csv,7,AF8,190.0078125,200.00390625
0.4279283269081344,0.42792832690813437,0.2837703953474557,0.8691999111115479,0.6236601518343355,0.797234021027367,0.797234021027367,0.7773526600921808,0.8543549476904716,1.0298016407584598,0.4588668004957769,0.4588668004957769,0.3583341869399542,0.7245984375757354,0.5322229497763379,0.41966998943971,0.41966998943970996,0.38056817260020703,1.0199205833611986,0.4593785051904643,1.3785472562465046,1.3785472562465046,2.1639889602404527,0.6995759649727207,0.6308821337261228,1.1920334717739827,1.200851270689511,0.7772667584800934,0.44020496369620554,0.7258007245843361,hjorth_mobility,hjorth_complexity,1.3562487422016503,1.2163518129254107,1.087025446341095,1.1235171632629528,1.020829341727111,1.0780369393139841,0.43469790635324823,1.2243138019756388,1868,eeg_data_level_1.csv,7,TP9,190.0078125,200.00390625
0.584435082231611,0.5844350822316109,0.4057359499276963,1.1124791606934976,0.8428734509018999,1.0154690827666266,1.0154690827666266,1.1212625546772501,0.9076016388383531,1.2277828195165341,0.6169668034173424,0.6169668034173424,0.6183787849953647,0.8745553897927533,0.6853358484442955,0.374732870028378,0.3747328700283779,0.3421166009575551,0.6035273041482824,0.3973590986846924,0.260436604872357,0.2604366048723569,0.019806139182988153,0.4944890998126401,0.5611679206535196,1.2548317101823685,1.2163398577984637,0.8308644412566957,0.33241839043548255,0.20981796090909136,hjorth_mobility,hjorth_complexity,0.9176896759911453,0.8247668730429926,1.0657464522052476,1.2192326213908313,1.154180922403175,1.0496675461741425,0.5260501202371409,1.3468292301331972,1868,eeg_data_level_1.csv,7,TP10,190.0078125,200.00390625
1.5470054054463043,1.5470054054463043,0.7377725364923254,3.4848200072552307,2.948990186319691,4.059209400731136,4.059209400731136,2.7411006394714628,3.1138187843380254,5.315173301917073,2.418056944239955,2.418056944239955,2.3654253483579573,3.0014276650268523,2.4066051322290174,4.892926402546617,4.892926402546616,4.141859547281072,1.376909369145682,4.623317600529881,1.0708760808588924,1.0708760808588922,0.16720275144244162,0.4226235615695531,1.4914747248298035,1.1922531008866732,1.5270235881910093,1.0166239555967667,1.110283833432708,0.2644977465380411,hjorth_mobility,hjorth_complexity,0.6819883276313142,0.4205808753350025,1.1158452427635874,3.5619824060446152,5.1271383604762555,1.1064063324538258,1.6028968629415459,2.350995298603343,1868,eeg_data_level_1.csv,8,AF7,200.0078125,210.00390625
0.03336811615238412,0.03336811615238411,0.018523816056880714,0.02450075977730636,0.058938627303494445,0.10736211436908341,0.10736211436908344,0.07855825847549226,0.14809012871461874,0.12832932254159918,0.04268919587696384,0.04268919587696384,0.03989174417323682,0.05331653966270651,0.04263912665222583,0.10655976445694122,0.10655976445694122,0.04931816355666946,0.3467575372344337,0.14321428319586665,0.14315265416770867,0.14315265416770864,0.010720291126276284,0.38436255223871085,0.27761143794017296,1.0651268582872164,1.5865248189306147,0.7737709677223982,1.0544060638027635,1.1771606123524896,hjorth_mobility,hjorth_complexity,1.0374723284363052,1.0908863061579288,1.0657906797846413,0.41476698522080613,0.19312987546188584,1.0780369393139841,0.034542200277400494,0.3451230534248274,1868,eeg_data_level_1.csv,8,AF8,200.0078125,210.00390625
0.7958723626801876,0.7958723626801875,0.4934409247794533,2.2768206247196576,1.209539647204905,1.7433706071162351,1.7433706071162351,1.6401478248710657,2.2712900887746263,1.6862943911218697,0.6633196640835546,0.6633196640835546,0.6120192520489468,0.6062466515097614,0.7541575784737053,0.479836527237459,0.4798365272374589,0.301664349970826,1.295728072964254,0.5560145089599222,1.375584529027268,1.375584529027268,2.0956826293058124,0.6870951368663346,0.7157751866751217,1.2531332023898432,1.379371360247107,0.646414966936356,0.30297327519615497,0.46851429231765185,hjorth_mobility,hjorth_complexity,1.2055544375125782,1.11781213458127,1.0778482236168792,1.5633524827553462,0.9840426987819898,0.9645593667546174,0.6838703513064941,1.5356274226852729,1868,eeg_data_level_1.csv,8,TP9,200.0078125,210.00390625
1.02034398540681,1.0203439854068097,0.6621582466257876,2.566380485665041,1.6005555935831857,1.5979494847494398,1.5979494847494398,1.4597922682096298,2.1175129245736284,1.579987568095783,0.7742942879901012,0.7742942879901012,0.7598632913367187,0.6017078059453118,0.9111725445193882,0.46163366649623305,0.461633666496233,0.3529984577454613,0.895215770958318,0.5279705976033424,0.35594413101774364,0.35594413101774364,0.030448227935191786,0.6468276825117445,0.7442477849104999,1.3214864561716324,1.1694673699401164,0.6554603149759722,0.25807830307494406,0.17640713564721158,hjorth_mobility,hjorth_complexity,0.8307506540551423,0.765846836070094,1.0548001263052793,1.6499521829662838,1.2231558779252771,0.9716517150395778,0.776291441436199,1.6361057473280705,1868,eeg_data_level_1.csv,8,TP10,200.0078125,210.00390625
1.5888312702323837,1.5888312702323832,0.9755763872738743,1.8076571855101626,2.1273384335929135,3.2245345057147183,3.224534505714719,2.9295758402694134,4.296208109617202,3.623019127758901,4.790195748310459,4.790195748310458,4.678413703028758,6.272184534201654,5.425005017929586,5.359667952133437,5.359667952133436,3.8435375026431933,7.739727243429952,5.569988578928778,1.4939511382583566,1.4939511382583566,0.21162509299446283,1.6029573438931137,2.573731115649156,1.155333989986734,1.266266790535591,1.7355364857974698,1.2160071670115313,0.35321505872130676,hjorth_mobility,hjorth_complexity,0.6665325015093582,0.3849983992974009,1.1621238761517867,3.0788472364467534,4.768468591761325,1.0638522427440633,1.8277653032982062,2.510493987378537,1868,eeg_data_level_1.csv,9,AF7,210.0078125,220.00390625
0.017380006377010617,0.017380006377010614,0.008071068105393217,0.051561083825932975,0.02935236620191113,0.06450244358297602,0.06450244358297602,0.06401994674514512,0.07822273998075406,0.06694554764045335,0.05047103468297137,0.05047103468297137,0.03900589944166596,0.05407343643873988,0.061606712622311155,0.12739792442703168,0.12739792442703168,0.0763584304694889,0.22148173209731165,0.16431118548222856,0.13134927450073852,0.13134927450073847,0.00995165813974694,0.2111388345381924,0.26578976560296314,0.9651285599954447,1.47513550790495,1.2545478512159614,1.7343440248112698,1.5672649940506727,hjorth_mobility,hjorth_complexity,1.1166834373113304,1.086440967566077,1.0205679798544693,0.3874197114699838,0.10116326809908306,1.0354828496042217,0.02611420327414819,0.30008021434544907,1868,eeg_data_level_1.csv,9,AF8,210.0078125,220.00390625
0.5891004002381215,0.5891004002381214,0.370826011099099,1.4916751474248922,0.920653005799545,1.159104519338236,1.1591045193382363,1.309545345891725,1.1413754347657863,1.2347215061957044,0.5448055159061683,0.5448055159061682,0.42394668271555325,0.6790462735527804,0.6564830216051644,0.4250642092513453,0.42506420925134525,0.260215999688904,1.0886553944958204,0.49254875564202416,1.3566657264994395,1.3566657264994393,2.013753004397088,1.052335177061676,0.7819567623694021,1.2473330796588138,1.290856127378294,0.7159403888539212,0.3557704134385324,0.6026448326290084,hjorth_mobility,hjorth_complexity,1.2441940028174683,1.1681089049637785,1.0703129497776585,1.3514111111864728,0.98864102915013,0.9787440633245382,0.5256303334978588,1.3462917396286411,1868,eeg_data_level_1.csv,9,TP9,210.0078125,220.00390625
0.6924039385152886,0.6924039385152885,0.4622606265199512,1.6892769194590267,1.063744671795603,1.3811227969351059,1.3811227969351059,1.7662620519544285,1.3442419793186582,1.4026495178936558,0.5274572916864531,0.5274572916864532,0.468611738945217,0.709618342212502,0.5509177585942385,0.3612348505909483,0.3612348505909482,0.20329323398427407,0.9331802964768543,0.4447466677623329,0.42325122111750785,0.4232512211175078,0.04073783609844976,0.7644406254563265,0.8756580101052106,1.279731436332552,1.3271748096409313,0.6378745830292883,0.28170267192190884,0.27714269960604293,hjorth_mobility,hjorth_complexity,0.9389414369088348,0.8672180879292206,0.9956291535237839,1.3103902005602392,1.1817709046120157,0.8936358839050131,0.5815329490855345,1.416074604737931,1868,eeg_data_level_1.csv,9,TP10,210.0078125,220.00390625
1.7869532259573555,1.7869532259573553,1.1226456583276814,3.453832954946219,2.400634459852914,3.616084295205771,3.616084295205771,2.6295720688799005,8.820396253970527,3.7870079559788348,4.090954011013391,4.090954011013391,2.9732606551456118,6.082029673476605,5.490361353769981,4.73209677285923,4.732096772859231,4.11877945821941,6.24124917767767,4.739293131074363,0.9295346899994297,0.9295346899994295,0.10225995113813166,1.2474622218530638,1.5206983238111809,1.182855707621424,1.3187929256049726,1.4426153890554538,1.0125736402423555,0.21546284562818405,hjorth_mobility,hjorth_complexity,0.6220970014087341,0.34324773169985495,1.151829907047877,2.5432964588264815,4.566142055563159,1.1489604221635883,1.8361805454720288,2.516266652377713,1868,eeg_data_level_1.csv,10,AF7,220.0078125,230.00390625
0.013757067674994409,0.013757067674994404,0.006940119177907261,0.04808512317213104,0.020029978248311823,0.0533661493001453,0.0533661493001453,0.052564908710272466,0.06604827275273513,0.061182155513907314,0.03581656420502761,0.03581656420502761,0.029453441188359634,0.06173473506322601,0.03949377443278664,0.12760295263391574,0.1276029526339157,0.06766186574849556,0.3115643037259812,0.16995179605794875,0.1366627762057085,0.13666277620570844,0.009493939023464452,0.4086743487829189,0.2982215938847873,0.9130446329878144,1.423885789566039,1.077884511535279,1.9626019573232747,1.843188462281711,hjorth_mobility,hjorth_complexity,1.1727108070034213,1.1278672922879067,1.0967112862283397,0.3760250140738078,0.08736827699466265,1.1064063324538258,0.023407967578658276,0.28410627421555423,1868,eeg_data_level_1.csv,10,AF8,220.0078125,230.00390625
0.40438787011815214,0.4043878701181519,0.20714954775487235,0.7220757722359727,0.7207259547157595,0.8099571078477719,0.8099571078477719,0.7196528368201047,0.9641044212744831,0.9472688612608257,0.40735867018269056,0.4073586701826905,0.3784639520373773,0.5102787801266846,0.4008832224805055,0.35397477205532185,0.3539747720553218,0.2521128404190102,0.9463060013132846,0.4066878761080139,1.3549602145197084,1.3549602145197082,2.136751679174636,0.884753880037567,0.6409835985826857,1.207309892275192,1.25487609480526,0.7266898748846214,0.39835976116399985,0.7423767292020675,hjorth_mobility,hjorth_complexity,1.4953511772992558,1.1848878888537928,1.207202836448929,1.2123958029531257,0.8828794306829068,1.1205910290237466,0.46204187625857573,1.2622333206264222,1868,eeg_data_level_1.csv,10,TP9,220.0078125,230.00390625
0.5007788349341724,0.5007788349341723,0.2807674354310477,0.8560402961982714,0.8492853849736934,0.930967489938658,0.930967489938658,0.9637744163374397,1.0469904117022144,0.92249817524914,0.4455507328667718,0.4455507328667718,0.39202038228789926,0.5802711306965302,0.48998056995763023,0.3291442195635252,0.3291442195635251,0.2975944903821975,0.5635727043562307,0.3810483588456245,0.31703621714065977,0.3170362171406597,0.02239891818482285,0.8955157980720869,0.6739396856371743,1.26405327444673,1.2632426108961745,0.7124774378573272,0.335017910215227,0.2824347136191695,hjorth_mobility,hjorth_complexity,0.8713221976252769,0.8274668977537347,1.132872860830205,1.2534167135793592,1.1495825920350349,1.0780369393139841,0.5142577494914694,1.3316478542985186,1868,eeg_data_level_1.csv,10,TP10,220.0078125,230.00390625
1.4327377124526237,1.4327377124526233,0.8246259403041888,2.4655009241374564,2.515299031023554,3.287915413612354,3.287915413612353,2.3703405495247165,5.41787571836841,4.079781826127792,4.089813055580815,4.089813055580815,3.55566563323858,5.940505728220933,4.403826650432193,4.050319882512397,4.0503198825123965,3.6979173622889396,6.873946973369145,4.386262740557309,0.8285011943619713,0.8285011943619712,0.09216278330864983,1.0554996791507831,1.3059795751065524,1.1676263014796737,1.3893132738721468,1.663001429300848,1.0395726523856519,0.2293535483845767,hjorth_mobility,hjorth_complexity,0.6626685449788691,0.4375801769332628,1.1935696851007864,2.4247916059062513,4.124702340221705,1.1489604221635883,1.5829803710028065,2.3363437199252615,1868,eeg_data_level_1.csv,11,AF7,230.0078125,240.00390625
0.015179901663490643,0.01517990166349064,0.009120124001614478,0.036977331071861394,0.021195637192115434,0.040969430187700336,0.04096943018770033,0.03620982381595691,0.03873034253616836,0.03663363536577104,0.03688444058091263,0.03688444058091263,0.04041510747492087,0.04519624659511346,0.03808248344521527,0.1135336993887383,0.11353369938873825,0.043249204661930565,0.3878584512233168,0.1491039950609323,0.13415983399555997,0.13415983399555995,0.014277385355262332,0.2553616164709279,0.2588538058390977,0.9741251687678111,1.1703316677265587,1.1196578940587043,1.835731032348498,1.8438023921621935,hjorth_mobility,hjorth_complexity,1.1746427852686658,1.1017060969009909,1.0692570163196313,0.366909256156867,-0.013794991104420418,1.0780369393139841,0.024857918516151496,0.2927732213332287,1868,eeg_data_level_1.csv,11,AF8,230.0078125,240.00390625
0.5285119406381997,0.5285119406381996,0.26801179074239206,1.1162577672892988,0.9146493634330607,0.9136529797935785,0.9136529797935785,0.8418126085663334,0.8790210256584275,1.0929305751066227,0.28814223151539364,0.28814223151539364,0.2923191045836234,0.2906441314910321,0.3181376046685578,0.32329862468923115,0.3232986246892311,0.16742853980284036,0.7237757677750355,0.432530822754572,1.2767108502387066,1.2767108502387061,2.0996048252086776,0.6131427018467438,0.5294272376155111,1.279407476480321,1.1910128765627597,0.4670366566814587,0.3175959122434799,0.5913873700821313,hjorth_mobility,hjorth_complexity,1.4084121553632525,1.2079731712555162,1.1242540112958357,1.6431153645285783,0.8874777610510469,1.0496675461741425,0.5077276351576887,1.323166120604654,1868,eeg_data_level_1.csv,11,TP9,230.0078125,240.00390625
0.66435306876712,0.6643530687671197,0.3289923616685669,1.4677614715894072,1.128344375507679,0.932737616547198,0.932737616547198,0.9039645272340207,0.9410579512373489,1.1317425751127614,0.4031824824263002,0.4031824824263002,0.3788679779142635,0.39662527485271326,0.5063353986714382,0.27900850254836007,0.27900850254835996,0.14318754351701488,0.8491301372777627,0.3250029253221512,0.24046421931778475,0.24046421931778472,0.019492781249250385,0.5089259013944774,0.49221718795386477,1.3483882389257875,1.098217707220431,0.5567324639921083,0.24809886056659605,0.1860259322337702,hjorth_mobility,hjorth_complexity,0.9254175890521233,0.8151363389730285,1.116353859926616,1.6317206671324023,1.1817709046120157,1.0354828496042217,0.5655873094467054,1.3965252722038217,1868,eeg_data_level_1.csv,11,TP10,230.0078125,240.00390625
0.9825946084122753,0.9825946084122752,0.6395133004627012,1.5766607002334623,1.3328106207135038,2.0011823367900665,2.0011823367900665,1.5120478249105462,3.7975154787665186,2.4287980625070276,2.220077600979974,2.220077600979974,1.7290099331510902,4.525558229979536,2.3510438240375735,2.679384397715055,2.6793843977150544,2.259145751392614,4.382947251598135,2.9152147140733784,0.6420329119479454,0.6420329119479455,0.07274622847069838,1.3564280710189374,1.0890883322766685,1.1808230591805742,1.3112329219183063,1.4300086286588694,1.0430575048964343,0.26362263003939446,hjorth_mobility,hjorth_complexity,0.6858522841618033,0.4199568993559376,1.156440632199682,2.2971709950690804,4.409798823046394,1.1489604221635883,1.27617821309608,2.09775436873844,1868,eeg_data_level_1.csv,12,AF7,240.0078125,250.00390625
0.013280544615881405,0.013280544615881403,0.00627861936056315,0.04001859197919508,0.020730719936370025,0.037657679644422314,0.03765767964442232,0.03789268869897533,0.062546855618482,0.043690833750287233,0.042640338850984554,0.042640338850984554,0.03899203758744854,0.04095997823735569,0.04579389757397853,0.10510750154928954,0.10510750154928952,0.050347536428955786,0.35993581240983835,0.1342043328228455,0.13688448318766872,0.1368844831876687,0.009530478502676123,0.3062925221795036,0.2747632653087708,0.9465845160455304,1.200033321056449,1.3147781001004901,1.8099278428058465,1.9827002784054306,hjorth_mobility,hjorth_complexity,1.2016904809820894,1.1389196805925017,1.066807914110699,0.3486777403229854,0.07817161625838237,1.092221635883905,0.02177979295502551,0.27404750003850403,1868,eeg_data_level_1.csv,12,AF8,240.0078125,250.00390625
0.4265144131704858,0.4265144131704857,0.2231201910651867,0.981022407149768,0.7391639142538123,0.6550114190281626,0.6550114190281626,0.770634029795881,0.3835966382104939,0.5559082274294516,0.23685956440339107,0.2368595644033911,0.20620014977544826,0.3248229088104352,0.2586329091454868,0.24568819378330245,0.24568819378330237,0.11636666433618985,0.6463930714660966,0.3267608219997061,1.2811895815081649,1.2811895815081649,2.1449607411635325,0.3968692245553771,0.5120681909025777,1.2722374413796391,1.0538424413022884,0.47507561585781505,0.2986729346607532,0.6841294433973277,hjorth_mobility,hjorth_complexity,1.4045481988327633,1.2502132312116612,1.1507795020372742,1.2488588346208889,0.855289448474066,1.0496675461741425,0.38819187299377017,1.1569702470290553,1868,eeg_data_level_1.csv,12,TP9,240.0078125,250.00390625
0.5172842308862583,0.5172842308862582,0.2560280509591031,1.2651133649311634,0.867804975313475,0.7551029244942429,0.7551029244942429,0.8351929692082107,0.4632920830664734,0.6696951366773823,0.23848485833731212,0.23848485833731212,0.19736387906969705,0.40174167765167507,0.25141558013295856,0.2538998312953013,0.25389983129530125,0.14560114023790488,0.45752149013920185,0.3015237295851626,0.21198391573294645,0.21198391573294642,0.017688851239946703,0.6271535668988265,0.4294732170329533,1.3378281141202288,1.0949248457032075,0.44013735259211545,0.27974336018790247,0.2050324458834684,hjorth_mobility,hjorth_complexity,0.9138257194606562,0.8435613281146997,1.0819337462633825,1.2374641372247128,0.8828794306829068,1.00711345646438,0.41402768575471754,1.1948507560523323,1868,eeg_data_level_1.csv,12,TP10,240.0078125,250.00390625
1.1813126729019408,1.1813126729019403,0.6574602518185519,2.943796535941716,1.6081747166018718,3.5388430422418913,3.5388430422418913,2.3119657083486183,7.689573599756954,3.817464854339038,5.062435920979211,5.062435920979211,3.4567264071613075,7.550912747461685,6.221554956484416,4.253918793618694,4.253918793618693,3.916680895160221,6.805464791857805,3.3398534882264115,0.775162498308164,0.775162498308164,0.12884018713300188,0.9582960546405455,1.294695841786201,1.1148479201610084,1.5667378104338547,2.103255703547455,1.1417407565241622,0.22925181938023895,hjorth_mobility,hjorth_complexity,0.6858522841618033,0.3822768919655418,0.9944902933543932,2.098903260375618,4.589133707403859,1.1347757255936675,1.2470434382295896,2.0736705596051768,1868,eeg_data_level_1.csv,13,AF7,250.0078125,260.00390625
0.011289056523494576,0.011289056523494575,0.006354880913754876,0.021322649831858824,0.017358564888027037,0.04408513037734578,0.04408513037734578,0.04008897537458161,0.0681990458927473,0.055327420893538135,0.06866885047937488,0.06866885047937488,0.05637195486682953,0.05472239567623955,0.07917901211474526,0.12238139160743468,0.12238139160743466,0.06623681171317969,0.38644739550984375,0.1467760906097688,0.13665887023677337,0.13665887023677334,0.010972469097293712,0.2866365566961356,0.2713205752257054,0.8462324904099521,1.365968497430356,1.9413790252500833,2.058002672581423,1.9916400857361614,hjorth_mobility,hjorth_complexity,1.1746427852686658,1.091410379865868,1.0806179757764165,0.41020910626233575,0.05517996441768167,1.092221635883905,0.022534952932304935,0.2787579736207808,1868,eeg_data_level_1.csv,13,AF8,250.0078125,260.00390625
0.29775929499343334,0.2977592949934333,0.15817184828814584,0.8477474826922222,0.3872885669539477,0.677966405730864,0.677966405730864,0.6256997682496315,0.9096387269248618,0.5999971197244114,0.3468501465703627,0.3468501465703627,0.31207276776381654,0.3779082088695329,0.3803588488805385,0.28173766444444687,0.2817376644444468,0.16438492155979167,0.5168186602056608,0.3848418408626322,1.3123569775518318,1.3123569775518316,2.1497179464439298,0.7008081156581054,0.5278198357249501,1.1812587733309126,1.3322182769097137,0.7874535515365093,0.40795067826563597,0.8492621047809029,hjorth_mobility,hjorth_complexity,1.4605755685248543,1.2276630711483527,1.1381359427780682,1.3240638374356504,0.6897495552210209,1.0212981530343008,0.382711886783357,1.1487749235505749,1868,eeg_data_level_1.csv,13,TP9,250.0078125,260.00390625
0.3917911798880759,0.3917911798880758,0.24529536861541792,0.9743704408889954,0.5115763806046668,0.7603291238814087,0.7603291238814087,0.7387132496572217,0.8690444301357627,0.7373757366235926,0.3544749502878984,0.3544749502878984,0.3164274434682047,0.4015908465846053,0.4262420025363966,0.23088038415581139,0.23088038415581133,0.1530404647936259,0.413720060857405,0.25855406633827865,0.21358558981418715,0.21358558981418713,0.013575400122577243,0.60450920502645,0.4680808942550627,1.2705214852610718,1.3280995822335804,0.7231423889061336,0.30845858853379554,0.25024257894577834,hjorth_mobility,hjorth_complexity,1.081907828536929,0.8645067712856241,1.1016094906462044,1.251137774100124,0.8460927877377856,1.0354828496042217,0.4122670259548154,1.1923074877323632,1868,eeg_data_level_1.csv,13,TP10,250.0078125,260.00390625
0.38795770710368743,0.3879577071036873,0.25192900572232335,0.5626264854174885,0.5851239607114248,0.9846928265672105,0.9846928265672105,0.45713354468535655,3.4497976358647686,1.237771987911149,3.762638311076838,3.762638311076838,2.530302253418893,5.621000993501874,4.864811921620262,2.270335320429878,2.2703353204298775,2.2845384892849743,1.6885006705328558,2.7317850803797525,0.5487481791750518,0.5487481791750518,0.07988993269907065,0.46416709012565877,0.7934451959675672,0.9928278854412553,1.2744514747802662,3.5060058622038937,1.5180472321447729,0.3959448069396859,hjorth_mobility,hjorth_complexity,0.8094988931374522,0.6112795702640701,1.0850794328477673,1.8117568859919828,4.529355412618037,1.1064063324538258,0.47008290433688116,1.273169422949502,1868,eeg_data_level_1.csv,14,AF7,260.0078125,270.00390625
0.015408468432682098,0.015408468432682097,0.00803802380321641,0.036108298543210425,0.025612852526550555,0.06169720440163871,0.06169720440163869,0.04607388425869279,0.11053369111624799,0.059968841867416633,0.04232915683166647,0.04232915683166647,0.030891661121366015,0.056645426915902866,0.05062697747906537,0.12925638739070336,0.12925638739070333,0.07133750664938461,0.4147639572865974,0.16725910008839034,0.15043181868558936,0.1504318186855893,0.012318573820337532,0.4581924627087527,0.28621250267736664,0.9054392589111845,1.4914079946984935,1.1335044133931877,1.8235323034481452,1.8159791616895746,hjorth_mobility,hjorth_complexity,1.1958945461863555,1.131417826857957,1.0354173896359413,0.3304462244891038,0.1885315450937457,1.0496675461741425,0.024200763395819336,0.28887735836079603,1868,eeg_data_level_1.csv,14,AF8,260.0078125,270.00390625
0.44470075560567135,0.44470075560567124,0.2254016653638472,0.972652721862436,0.7935654810575561,0.8881950347983495,0.8881950347983495,0.7754949548413749,0.9449195583068586,0.7799073171995232,0.32663755786519044,0.32663755786519044,0.2618789988533084,0.5033350118130223,0.3564842650312597,0.2886704525445055,0.28867045254450546,0.163072150339472,0.7692340259743143,0.3851875863862792,1.2672245556350552,1.267224555635055,2.117472616929533,0.5757705073676085,0.48323639795002415,1.2304413222288386,1.258744925051224,0.5753205915290168,0.3149079418817516,0.634451008816115,hjorth_mobility,hjorth_complexity,1.489555242503522,1.2094469492640272,1.0834153701730749,1.2716482294132407,0.8506911181059258,1.00711345646438,0.4197100585082405,1.2030222503671137,1868,eeg_data_level_1.csv,14,TP9,260.0078125,270.00390625
0.6101569906855868,0.6101569906855867,0.3394967632641067,1.2018307984070835,1.0192344031392997,0.9823422221699686,0.9823422221699686,0.9687031492908957,0.9714888527667662,0.845376289389966,0.3518540583673419,0.3518540583673419,0.30168577204180846,0.2924827310510375,0.48668904010352915,0.25395905633998356,0.2539590563399835,0.17078860264394444,0.5589693579299929,0.33766705169076894,0.2183961290034253,0.21839612900342528,0.013766257051133459,0.710285697176256,0.46296282545342854,1.3075789464842194,1.168572937659407,0.5153360033317556,0.2368337736530854,0.17834624023964613,hjorth_mobility,hjorth_complexity,0.8655262628295431,0.7798023332260219,1.0186164379137173,1.2693692899340057,1.020829341727111,0.9787440633245382,0.5047654664661675,1.3193006872583033,1868,eeg_data_level_1.csv,14,TP10,260.0078125,270.00390625
0.4938852709467648,0.4938852709467647,0.2962802093612017,1.135654906029365,0.7823924660258085,1.2746970156586812,1.2746970156586812,1.0565940764667392,1.7417738563493337,1.5625713588672276,0.8987984159281829,0.8987984159281829,0.8144157023559752,1.2428253765896786,1.1086290686148077,1.2479887379134116,1.2479887379134114,1.5407071852074699,1.1651314521191305,0.9569423929808961,0.199587554902369,0.19958755490236896,0.029594906472180403,0.1746745068334307,0.3302623235040559,1.1975893954038592,1.5079420419513045,1.1764877447558777,0.9305484382175163,0.16870961897859157,hjorth_mobility,hjorth_complexity,0.8346146105856311,0.5899514384306181,1.1016924173575677,2.0601612892286196,2.9843164089229504,1.1064063324538258,0.5654319113278945,1.3963334076541167,1868,eeg_data_level_1.csv,15,AF7,270.0078125,280.00390625
0.02462409227450813,0.024624092274508125,0.015628353476801204,0.05459069085695782,0.03458105221030045,0.0567413132695373,0.05674131326953731,0.047226446686540594,0.13781713836790832,0.06181854762270873,0.06604809995489844,0.06604809995489842,0.048219942620344944,0.10239344177403953,0.07196830555591847,0.12250978096273596,0.12250978096273593,0.053799379586911306,0.1708916745973793,0.1684239963477423,0.14175612298629608,0.14175612298629606,0.012188581881674331,0.28419523201803143,0.2771272379414059,1.0561130328466433,1.2211634494832746,1.3620340607425003,1.4530247446842588,1.4398180453621088,hjorth_mobility,hjorth_complexity,1.1591869591467097,1.0936333938426708,1.065364989332976,0.4876930485563325,0.13335158067606404,1.0638522427440633,0.035592714346850386,0.3503317719697012,1868,eeg_data_level_1.csv,15,AF8,270.0078125,280.00390625
0.3709069320804575,0.37090693208045744,0.18342395399290792,0.986037566377224,0.584082123494088,0.7212187076511272,0.7212187076511272,0.6601653736825429,0.9341365029518804,0.6629770551327876,0.5001981279361954,0.5001981279361956,0.479402717364057,0.880724295061791,0.5490234960114879,0.3098068019131132,0.3098068019131132,0.19059393235151198,0.6359249890906965,0.34740407077725033,1.316801239584526,1.3168012395845259,2.2658042864830916,0.3373093484293814,0.42952246837949565,1.2311156849494556,1.2453754368420986,0.9413954274319728,0.3875734867655959,0.7254494189655395,hjorth_mobility,hjorth_complexity,1.2731736767961364,1.2148108634368882,0.9904213560501626,1.3719215664995896,1.1035992883536334,0.907820580474934,0.4817509158095759,1.2888733552006846,1868,eeg_data_level_1.csv,15,TP9,270.0078125,280.00390625
0.4268346854068372,0.4268346854068371,0.22837245129457862,1.1885479023276344,0.6295127456090556,0.7008483722241275,0.7008483722241275,0.6058778696880109,1.4563074895255774,0.6511836346331582,0.43202280884678174,0.4320228088467817,0.47968082056109257,0.4999884522067186,0.48368907523167853,0.27171362486681955,0.2717136248668195,0.2349861424162749,0.5783149844982289,0.34331332935726866,0.23185901998341507,0.23185901998341504,0.015548812790165676,0.4995466146211247,0.4982400727593283,1.3226410092618544,1.2273147196146732,0.8210974155400548,0.34050925606388377,0.25699140067899195,hjorth_mobility,hjorth_complexity,0.9350774803783459,0.8120043099221591,1.1133740267649581,1.3331795953525911,1.2001642260845764,1.0354828496042217,0.46596217460266165,1.2675768613715863,1868,eeg_data_level_1.csv,15,TP10,270.0078125,280.00390625
1.0344550045163783,1.034455004516378,0.568814649203381,2.8262137051112806,1.5952651475286468,2.3720956333970604,2.3720956333970604,3.028962166780214,2.9925329273245485,1.7697401902850627,3.4374286541180137,3.4374286541180132,2.491971362578886,5.8055062230018235,4.080927811969118,2.730454105461456,2.730454105461455,2.5145226184742704,4.0058122568691505,2.7089114287013243,0.6001753913903985,0.6001753913903983,0.09598030919491221,0.5808199416779969,0.9957802865367529,1.2070146345036892,1.318979823420602,1.9002447238781768,0.9863321450681816,0.22958629623954124,hjorth_mobility,hjorth_complexity,0.7515395451801168,0.47138999343844884,0.9993829693248336,2.2538711449636115,4.561543725195018,1.092221635883905,0.9933164666197773,1.8507288231007806,1868,eeg_data_level_1.csv,16,AF7,280.0078125,290.00390625
0.01736182701218189,0.017361827012181884,0.010209618727163708,0.040831804838793215,0.022990072550746022,0.0344854015002454,0.0344854015002454,0.02283726826456135,0.08125366899631589,0.03843317827300446,0.044823723708833176,0.044823723708833176,0.03523366489569747,0.05281894080181035,0.05271818703966192,0.14083714840089867,0.1408371484008986,0.07259742957755741,0.38606385241965896,0.18417249056269333,0.14944866252889039,0.14944866252889036,0.01388129080231192,0.443619608651104,0.3031549067342517,0.9940482687017442,1.0185073179162254,1.2165280959546365,2.0106713121474584,1.8633229061672498,hjorth_mobility,hjorth_complexity,1.2615818072046692,1.1482031385626632,1.0625786518311657,0.3965354693869246,0.1057615984672232,1.0638522427440633,0.023675773514393206,0.28572685411087084,1868,eeg_data_level_1.csv,16,AF8,280.0078125,290.00390625
0.37257602938584716,0.37257602938584705,0.27118802676372505,0.8342278531409762,0.46279767292404084,0.9249764120970612,0.9249764120970612,0.8616449786912997,0.9078174640862637,1.0608424648310704,0.5118467557688332,0.5118467557688332,0.5063692386562806,0.562129873302601,0.5151426768372213,0.36850953568415284,0.36850953568415273,0.2357104409111224,0.6024223833174047,0.3604442826726355,1.3692591697772143,1.3692591697772143,2.288946414791465,0.6820088412548666,0.5246255653574362,1.1444450413383669,1.3792202964025844,0.8939945179470962,0.41663629884692893,0.7203889690127504,hjorth_mobility,hjorth_complexity,1.358180720466895,1.2370830978273066,1.1943934237669962,1.2670903504547704,0.7771178322156835,1.1347757255936675,0.38021705364644703,1.1450244680840835,1868,eeg_data_level_1.csv,16,TP9,280.0078125,290.00390625
0.4840482012044976,0.48404820120449743,0.2620348824670809,1.089873053735572,0.779618937550103,1.0504089109552042,1.0504089109552042,0.9391519637515061,1.2778906023277945,1.2934241438020737,0.5240356618053755,0.5240356618053755,0.5043373308287904,0.6781404752240066,0.5405217124745455,0.33275423858050773,0.3327542385805077,0.2779405725698288,0.6991584714636299,0.39389940675943486,0.279807184656545,0.279807184656545,0.027685950425972636,0.665906909111132,0.5694681606377121,1.257804148867423,1.4012654868657843,0.8182246168201724,0.3405666678154212,0.2551908558656129,hjorth_mobility,hjorth_complexity,0.8848460454819884,0.8301735993283782,1.0413936413015301,1.3172270189979447,0.8690844395784864,1.0496675461741425,0.4187579765492437,1.201656991129276,1868,eeg_data_level_1.csv,16,TP10,280.0078125,290.00390625
0.02496623051699822,0.024966230516998214,0.01960439003821701,0.03569379946799759,0.02850470369712686,0.04396997619039243,0.04396997619039243,0.04213132859528095,0.041985118480243264,0.0450049688391541,0.04071773865424257,0.04071773865424258,0.03256899695162617,0.0617893089888701,0.04528928263300877,0.047527662816549125,0.04752766281654911,0.034730232095319696,0.09407973534442676,0.04897958841576305,0.03324371448011505,0.033243714480115025,0.008380679037793635,0.05795721702491611,0.060337085828438636,1.1007420552765492,1.0830131174088797,1.031839481092157,0.7294136324171983,0.46207894084967216,hjorth_mobility,hjorth_complexity,0.7979070235459852,0.887912189287355,1.189130341819133,1.3331795953525911,0.3034898042972492,1.1631451187335091,0.08117846199209378,0.5290776070662118,1868,eeg_data_level_1.csv,17,AF7,290.0078125,300.00390625
0.008117404012832745,0.008117404012832745,0.004009093892475896,0.017677918620156136,0.014633159989879421,0.023765298345633387,0.023765298345633387,0.016643576450969852,0.03456778299037164,0.03011205214468281,0.03241494298094446,0.03241494298094446,0.0338670018677289,0.04209364058142427,0.027117073455126973,0.12842504902000224,0.12842504902000218,0.07780104599248809,0.31706089296677126,0.15072547995405516,0.16366775824019789,0.16366775824019786,0.017476095583012267,0.29733842737197863,0.3147292408288251,0.775903234164924,0.9990152667672463,1.2420860702036458,2.488950368394163,2.7106949357522208,hjorth_mobility,hjorth_complexity,1.3195411551620049,1.1851803335372832,1.088661866778666,0.3258883455306334,-0.0229916518407007,1.092221635883905,0.017360242580489838,0.24466782759391895,1868,eeg_data_level_1.csv,17,AF8,290.0078125,300.00390625
0.39100451514291334,0.39100451514291323,0.21413049395697967,0.9196957727451249,0.5491042571361711,0.8657518817847343,0.8657518817847343,0.9835190883515604,0.9387644848547168,0.8788926814097299,0.47828280895674335,0.47828280895674335,0.33058093795070076,0.6812646878158811,0.5812231121992091,0.31421223974294893,0.3142122397429489,0.20984715621094363,0.28986729147230716,0.3790257674238577,1.3654460502035781,1.3654460502035781,2.3119952179871874,0.6828697648899756,0.5214393723952686,1.194842089788893,1.3173163941894555,0.8472386335054519,0.360116568831765,0.7102354321100712,hjorth_mobility,hjorth_complexity,1.4760313946468104,1.2276421603714578,1.1630471268716325,1.2579745925378296,0.9380593951005884,1.092221635883905,0.39698116154716506,1.1699947695437727,1868,eeg_data_level_1.csv,17,TP9,290.0078125,300.00390625
0.49530155893344757,0.4953015589334475,0.3086101853789213,0.9891060250316704,0.6875200870951733,0.8728004499908518,0.8728004499908518,0.9805467976444145,1.05009297650388,0.8867040738782205,0.5598769203917774,0.5598769203917773,0.42911104200682226,0.565535628678382,0.7302371464298093,0.33275213159089423,0.3327521315908941,0.19236053473310474,0.8323712852917473,0.3735910876375986,0.26668770884120163,0.26668770884120163,0.014862504187735841,0.9050801841033052,0.572015091222419,1.2563775599334288,1.2275196866173834,0.8745573821245132,0.3464001015074295,0.2474269566920242,hjorth_mobility,hjorth_complexity,0.9254175890521233,0.804843128813507,1.1392913882897315,1.1850485292023032,0.9840426987819898,1.0638522427440633,0.43193440997337634,1.2204159442276303,1868,eeg_data_level_1.csv,17,TP10,290.0078125,300.00390625
0.04667032916088587,0.046670329160885864,0.025997986105251072,0.10372688423004,0.08549918661694825,0.09515392128010608,0.09515392128010607,0.06655041946889802,0.14373868020979216,0.11378330451006244,0.06416376433999671,0.06416376433999671,0.0419464505245527,0.10629481321168636,0.08014262838087509,0.06831549534223692,0.06831549534223691,0.07279162201659059,0.06745422948724047,0.083592563114185,0.03395037812808462,0.03395037812808459,0.005757166257190155,0.04087946383971854,0.06476903358579178,1.247645495347146,1.3804780241406185,1.0030972420362099,0.6427275499920104,0.30735889978863695,hjorth_mobility,hjorth_complexity,0.6839203058965587,0.822345570599131,1.1345590372945937,0.5469454750164476,0.3862597509237717,1.1205910290237466,0.04137415452035303,0.37771439566244663,1868,eeg_data_level_2.csv,0,AF7,120.0078125,130.00390625
0.03482441951879298,0.03482441951879297,0.018908473459863896,0.09608893335924966,0.051373651568451605,0.07277236636044761,0.07277236636044761,0.06061001275035537,0.15181617890206792,0.07918191309949324,0.04515571414747977,0.045155714147479764,0.04205423226621429,0.030788033010383246,0.0422443335443926,0.07222683823721322,0.0722268382372132,0.04541109040220416,0.16501860207481747,0.07574888190064998,0.04537060670564998,0.045370606705649956,0.004091882811221766,0.09392393251303331,0.08966274943088068,1.2173467235390973,1.3277350006907787,0.8886294076605319,0.8306282156325167,0.488846369918917,hjorth_mobility,hjorth_complexity,0.8462064801770981,0.8997049969861612,1.10374899979938,0.4056512273038654,0.46443136718215405,1.092221635883905,0.03255371156555906,0.3350419801684935,1868,eeg_data_level_2.csv,0,AF8,120.0078125,130.00390625
0.2658379763383016,0.2658379763383016,0.1503898977397472,0.5114235079427839,0.4472202468568197,0.7675999256552147,0.7675999256552147,0.60472118337361,1.5020108006576802,0.8445754740696767,0.5984811959297575,0.5984811959297575,0.6860545443948926,0.7428086915670086,0.5288584172364531,0.5189985533827944,0.5189985533827942,0.3697568892097346,0.8371379880814953,0.6009937624028315,1.4616834001880523,1.461683400188052,1.7114138849215252,1.7849864660906734,1.3497934833144158,1.1042913649623551,1.4855543779856424,1.2150172215745867,0.6916203131544295,1.1458970687369918,hjorth_mobility,hjorth_complexity,1.358180720466895,1.2023605559056387,1.1073037914931576,1.1804906502438328,1.2093608868208567,1.1347757255936675,0.33461218636651485,1.0741621569880755,1868,eeg_data_level_2.csv,0,TP9,120.0078125,130.00390625
0.3170509002065526,0.3170509002065525,0.18141752422744611,0.8788375418549994,0.4793805430625045,0.8631561570294347,0.8631561570294347,0.7024183955136233,1.5031730229074798,0.9121349353377181,0.5940578056153765,0.5940578056153766,0.5606083715005662,0.620855330120461,0.6080534596259933,0.4842936464216692,0.484293646421669,0.535585243749593,0.978709137489216,0.4877623765447483,0.4207104042875235,0.42071040428752343,0.028045546401397777,0.8704996378407583,0.9143039846902287,1.1951314959406028,1.5522189644874873,1.1605103834963473,0.6142009073693842,0.4824827819483912,hjorth_mobility,hjorth_complexity,1.081907828536929,0.9761263876832975,1.0604280857831416,1.2465798951416536,1.085205966881073,1.092221635883905,0.3503836882156479,1.0991852984193713,1868,eeg_data_level_2.csv,0,TP10,120.0078125,130.00390625
0.4783111468839506,0.4783111468839505,0.23991125021716694,1.0277280046788342,0.7754449461106051,1.1094765701566558,1.1094765701566558,1.4418306067650692,0.16276002489016161,0.6426155185600392,6.393155639201374,6.393155639201374,4.843239382064184,5.168931436860157,8.453551307828155,8.885245603155083,8.88524560315508,10.945465560198043,0.8606791117966948,10.191507365116474,1.00760351502586,1.0076035150258595,0.09432125566607402,0.9364027082728232,1.3444005313003906,0.878078700067584,0.8573418695046989,3.648698600887122,2.925638094075933,0.45452622084162875,hjorth_mobility,hjorth_complexity,0.7418796538538942,0.5578536030820311,1.0934163315635008,3.1950731498877483,3.195839605857397,1.092221635883905,0.5815055054789678,1.416041190764666,1868,eeg_data_level_2.csv,1,AF7,130.0078125,140.00390625
0.017775633888854697,0.01777563388885469,0.00956976496781421,0.04405890213339106,0.025904983548630627,0.02722434942660434,0.02722434942660434,0.021098070690926212,0.039804864765699326,0.035340686102439976,0.040865082317418366,0.040865082317418366,0.027334207961301777,0.08168266427429509,0.04772105337384178,0.08445905083473564,0.08445905083473561,0.060355067727699205,0.16107520054322658,0.08752158230601526,0.0703744520387902,0.0703744520387902,0.004948837448969435,0.16701104806626935,0.14310716972529774,1.1273165065836652,0.9537113484289221,1.3042677009170518,1.4889237713205044,1.1391113186236452,hjorth_mobility,hjorth_complexity,1.0123566109881266,1.037664300814663,1.1042355031727118,0.3577934982399262,0.032188312576980974,1.1205910290237466,0.020559705404919696,0.2662609118084023,1868,eeg_data_level_2.csv,1,AF8,130.0078125,140.00390625
0.7675352871146898,0.7675352871146897,0.924284308282525,1.0916289987665242,0.6365697376800565,1.058659325019562,1.058659325019562,0.7659648034502023,2.0185420825069014,1.4543643012775882,1.189638582220427,1.189638582220427,1.1053413717331804,1.0866312902766868,1.218376951807738,1.1565562533266027,1.1565562533266025,0.6489311317592503,1.9515339343312532,1.3972911184446997,2.3420464466025472,2.3420464466025472,1.860557209039879,3.133924932609615,2.822768865255226,1.0301754218745576,0.9662208423617403,1.0172624926264067,0.6261421786554479,0.8864891087800141,hjorth_mobility,hjorth_complexity,0.9659891326222582,1.183084891218783,1.0346434069965498,1.1485854975345402,3.241822909538798,1.1489604221635883,0.930888019602662,1.791627383699063,1868,eeg_data_level_2.csv,1,TP9,130.0078125,140.00390625
0.4285268365644052,0.42852683656440516,0.2829305661961613,1.0621962389254138,0.6294483337191531,0.8683047982246687,0.8683047982246687,0.5241236119849634,1.1581064403141879,1.2783299729247297,0.4629425138142388,0.4629425138142388,0.42242768863095576,0.716753007403729,0.48729598647855116,0.488413625676471,0.48841362567647084,0.2967935556100807,1.4255902097859163,0.6766126095863529,0.9126079325079521,0.9126079325079521,0.06727550460091755,2.0259048159253092,1.8903041645566134,1.201384756022857,1.2930104725311031,0.7731523194438095,0.5013422611666226,0.7437663463800782,hjorth_mobility,hjorth_complexity,1.0413362849667942,1.0697916909581462,1.0777818822477885,1.112122465866777,1.5910223073764882,1.0496675461741425,0.5258897530847915,1.3466239230497667,1868,eeg_data_level_2.csv,1,TP10,130.0078125,140.00390625
0.0036848048426488668,0.003684804842648866,0.0037002837864512327,0.0034221178259376127,0.0020938834043362294,0.003704312410485485,0.003704312410485485,0.0028174823246097202,0.00845283982851498,0.0044359467243703906,0.012134293110796664,0.012134293110796664,0.008839427325027,0.023323863430356657,0.012676909855198194,0.032974146079434656,0.03297414607943464,0.021503257625252153,0.07149528418302321,0.04399176204559084,0.025084314734460503,0.025084314734460468,0.0034291411042511252,0.039995285525220726,0.04547982805180566,0.879557316507783,0.6246587144936999,1.547826395263189,2.2576113943962532,1.582332626309494,hjorth_mobility,hjorth_complexity,0.9466693499698129,1.0853934461892192,1.144355446130323,0.25979910063281264,-0.15634323251676474,1.1489604221635883,0.005525860352545591,0.13803808441927884,1868,eeg_data_level_2.csv,2,AF7,140.0078125,150.00390625
0.004085364959066584,0.004085364959066584,0.003992628121067027,0.003371303131998273,0.004457557260821879,0.00999194829672133,0.00999194829672133,0.006278782968478436,0.009490486929119349,0.01278699036588698,0.018627400458654592,0.018627400458654592,0.013711951290003712,0.032542993271208694,0.021668954076405518,0.057054919361609086,0.05705491936160906,0.031623866132779975,0.11200238906129005,0.07701829361164306,0.045237052581490134,0.04523705258149013,0.0046452152624837355,0.09553544662175338,0.08750421632229143,0.7892476997782174,0.9759348071206337,1.5829931148516387,2.542795075403476,1.8692587017715372,hjorth_mobility,hjorth_complexity,1.0278124371100827,1.0661472171634179,1.105440704711193,0.2825884954251646,-0.13794991104420418,1.1134986807387863,0.007982540186697543,0.16590884043477144,1868,eeg_data_level_2.csv,2,AF8,140.0078125,150.00390625
0.3108541129935152,0.31085411299351523,0.19599681512744674,0.4007347299267881,0.47924683578538807,0.4826059039369033,0.4826059039369033,0.31899915615634056,0.7086662097656509,0.5976280017950345,0.40934340329570895,0.40934340329570895,0.3857815277488858,0.5683319337257379,0.4371113643243905,0.4191811547081225,0.41918115470812234,0.2175429423651711,0.5325647294967983,0.5462573561114799,1.4773767589409819,1.4773767589409816,2.0388790931563374,1.3308416055154733,0.9741408189678318,1.1469794353621285,1.05608235233476,0.8981970322220909,0.5718868625427338,1.04956971256862,hjorth_mobility,hjorth_complexity,1.2789696115918696,1.2672843896652861,1.1620741201249687,1.0733804947197785,0.9748460380457096,1.17732981530343,0.3407991007408308,1.0840471980378823,1868,eeg_data_level_2.csv,2,TP9,140.0078125,150.00390625
0.3103292831034102,0.31032928310341,0.18502770330617868,0.49764219701611734,0.5121680453665759,0.56597336759389,0.56597336759389,0.4292769471111802,0.9217645641131862,0.6891202671597964,0.5158517410365211,0.515851741036521,0.4013790295420061,0.5707185144164245,0.6474587775878538,0.3426381381946439,0.34263813819464384,0.1752557000803583,0.6924568600955738,0.42140621253481714,0.5087809805133939,0.5087809805133939,0.040888804094491984,1.191308345314063,1.035333790699763,1.2058323379050924,1.2222607982914029,1.1284007052645775,0.5001401668900576,0.6092104504335741,hjorth_mobility,hjorth_complexity,1.2287381766955123,1.064565799328162,1.094643646891679,1.1896064081607738,1.1725742438757356,1.1064063324538258,0.2994913306183201,1.0162278644378915,1868,eeg_data_level_2.csv,2,TP10,140.0078125,150.00390625
0.0015536448764477775,0.0015536448764477773,0.0009378009025170125,0.0028200271391522255,0.002816906094482208,0.0058432140843599975,0.0058432140843599975,0.004207964287551231,0.005586980246346313,0.006022766938526613,0.011739310671456388,0.011739310671456385,0.007674521168809486,0.01676388537178167,0.015447064671810349,0.028335805903005773,0.028335805903005763,0.02485763673715821,0.06450256638106902,0.0321751478181192,0.03130968692573884,0.031309686925738836,0.006164027200633612,0.07653179384693029,0.054826039316213986,0.7136601428225932,1.1102873000840194,1.9269674099019165,2.548348604625838,2.457886899757359,hjorth_mobility,hjorth_complexity,1.0896357415979074,1.102093499137151,1.1358526939918627,0.24612546375740146,-0.2115231969344464,1.1347757255936675,0.004066478424597669,0.11841540573848615,1868,eeg_data_level_2.csv,3,AF7,150.0078125,160.00390625
0.0023556877967918764,0.0023556877967918755,0.0013782032558542013,0.004297919890919655,0.0038404146014355133,0.010595784173307686,0.010595784173307686,0.008068289839250285,0.013867462249959942,0.013693009565857985,0.01805904868030202,0.01805904868030202,0.010746013819035026,0.03722239552657152,0.02207477525158489,0.058822576699655967,0.058822576699655946,0.029392122896041147,0.09249628134911084,0.08263888789602808,0.0423606794459009,0.04236067944590088,0.0031630094036326196,0.11954659555300641,0.08763640759477759,0.6774437543466283,1.1937211974069957,1.833556503479476,3.1108478248177946,2.1113978885845635,hjorth_mobility,hjorth_complexity,1.128275306902798,1.0606227344108443,1.1171941839350985,0.2848674349043998,-0.21612152730258655,1.1205910290237466,0.006495297335199862,0.149657501143026,1868,eeg_data_level_2.csv,3,AF8,150.0078125,160.00390625
0.36406911805813136,0.36406911805813125,0.292371614629975,0.6808237991740637,0.30840975815506455,0.6301646052153473,0.6301646052153473,0.5458112643956606,1.1758546035481254,0.6832695381616614,0.35624339473796485,0.35624339473796485,0.3624400228927551,0.5162680603262563,0.3504557307747236,0.3720828654661111,0.37208286546611097,0.25532552847407713,0.5780963306238219,0.4688016978315358,1.3122170914037234,1.3122170914037234,1.9904936628842567,0.724343836938364,0.7096325283870902,1.126556943384727,1.1643257620391017,0.7217616955440262,0.4627240789098611,0.8213855999800564,hjorth_mobility,hjorth_complexity,1.3562487422016503,1.2524395441762501,1.1424923593483587,1.0460332209689562,0.9518543862050088,1.1489604221635883,0.3682630259436531,1.1268809310018428,1868,eeg_data_level_2.csv,3,TP9,150.0078125,160.00390625
0.402566230357709,0.4025662303577089,0.2760257417189476,0.8391226124271332,0.549269060827335,0.7569348449209329,0.7569348449209329,0.6441741524260695,1.3257964754690237,0.7294844358620098,0.46816485285838527,0.46816485285838516,0.46148411512130727,0.40721023610459167,0.5836950698912116,0.4082054271389025,0.40820542713890245,0.2648676756466034,0.71903314678117,0.45869164093968456,0.3231614536569993,0.3231614536569992,0.020162550288665745,0.6347080744423403,0.6586659711084393,1.2299607444945098,1.3019018762698484,0.8758630024387979,0.4852211280963427,0.34627404048855853,hjorth_mobility,hjorth_complexity,1.0780438720064403,0.9109537783790115,1.1588510352766446,1.0870541315951898,0.9702477076775694,1.1489604221635883,0.37621577300710707,1.138983600427419,1868,eeg_data_level_2.csv,3,TP10,150.0078125,160.00390625
2.5326724620910652,2.5326724620910643,1.4576203390064424,2.8035272856636464,4.738824771302967,4.011959107106713,4.011959107106713,2.752464078289921,6.7272292901077355,4.910194979359682,4.7148653588076055,4.7148653588076055,4.150896281248145,4.404410085498581,5.485844386647503,4.477267125202074,4.477267125202073,4.629801970662744,0.9855097341509244,4.2667932059764215,0.8298413258683741,0.8298413258683742,0.17160004445973862,0.3383113083143837,0.9919219811477118,1.25246089073104,1.1789584084105136,1.3114068552978027,0.7683887660959546,0.15232959679816552,hjorth_mobility,hjorth_complexity,0.8404105453813646,0.443761971794477,1.3292709555758482,3.9106601463676007,6.906692212946489,1.1347757255936675,2.0102449019062534,2.632833867491945,1868,eeg_data_level_2.csv,4,AF7,160.0078125,170.00390625
0.011399828237851843,0.01139982823785184,0.006556417173296875,0.021930648673784883,0.02063720202811983,0.031080309421080105,0.031080309421080105,0.01863206119620007,0.057560559479571116,0.03981783306964076,0.04032033722805034,0.04032033722805034,0.03894659124610385,0.03550683622242252,0.042981086950315425,0.07094882620406054,0.0709488262040605,0.038205059457800686,0.16131733019658082,0.08429798908032822,0.05398777336532133,0.053987773365321325,0.0042602075114197314,0.11179789540507486,0.10898085587258693,1.0295302161113236,1.3536372258242837,1.620433914265149,1.6927135003846572,1.1874951491087329,hjorth_mobility,hjorth_complexity,0.9679211108875028,1.006452114210618,1.080551634407326,0.39425652990768933,0.05977829478582181,1.0780369393139841,0.017168106303042406,0.24331011726827728,1868,eeg_data_level_2.csv,4,AF8,160.0078125,170.00390625
1.0290650661416676,1.0290650661416674,0.8246683631762667,1.8287846264880196,0.8518605652692561,1.1214949542947685,1.1214949542947683,1.4053022679931364,1.296597452437246,0.7962950157676478,0.42338547828386924,0.4233854782838693,0.32480147135048726,0.4760847065160445,0.487715911784919,0.6485056989445935,0.6485056989445934,0.36764291496385637,1.3125014322459267,0.8169650090341009,1.912624228071035,1.9126242280710348,1.886541201883655,2.1274050020668143,2.030609684428039,1.2090606628180547,0.8683210261878462,0.39320688975750523,0.3433287232756204,0.6445532615626797,hjorth_mobility,hjorth_complexity,0.9099617629301673,1.2064189341924496,1.2566326848689373,1.757062338490338,2.0968386478719037,1.2340686015831135,0.9485912501747791,1.8085833500385053,1868,eeg_data_level_2.csv,4,TP9,160.0078125,170.00390625
0.508544645619514,0.508544645619514,0.305752370160641,0.8604052830646226,0.7986984984498698,0.9690118444793718,0.9690118444793718,0.922000075547903,1.0347816470863667,0.9862107767827933,0.3489562228857782,0.3489562228857782,0.3014788562289527,0.4814918946351308,0.3685249331257901,0.4929191835834514,0.4929191835834513,0.24999863334551933,1.5386139229293587,0.6415788250451945,0.7926690436520614,0.7926690436520613,0.062474226550924175,2.2154615359678957,1.615383960721827,1.2301946370875416,1.2540569757347175,0.5537867554002018,0.4577190924306576,0.5954048597676408,hjorth_mobility,hjorth_complexity,1.062588045884484,1.0309280446893332,1.1000007124457547,1.171374892326892,1.085205966881073,1.00711345646438,0.4788196214045508,1.2849461889480867,1868,eeg_data_level_2.csv,4,TP10,160.0078125,170.00390625
2.806234940286155,2.8062349402861546,1.6663353705187136,3.8960507214226228,5.039289496466961,4.5621237726742745,4.5621237726742745,3.638841192264384,7.583657878936083,5.217372572385595,4.7527263005876135,4.752726300587614,4.228145028507844,7.041801619764786,4.971609460782579,5.248324583583526,5.248324583583525,3.9119610034394614,8.343472281326413,5.51451876463473,1.0100691202326666,1.0100691202326666,0.10992249089524717,1.6335132324114616,1.728491309007488,1.2406692751988033,1.1890316336529008,1.209337285194938,0.8189430055700739,0.16842040798140154,hjorth_mobility,hjorth_complexity,0.7167639364057156,0.3155097987638145,1.0876501609000326,3.072010418009048,6.653784042698781,1.1205910290237466,2.7806809660380107,3.0965247331117323,1868,eeg_data_level_2.csv,5,AF7,170.0078125,180.00390625
0.013334459762714246,0.013334459762714246,0.009944390796658069,0.02589828661238207,0.015972905984446426,0.04214580523638098,0.04214580523638098,0.02922861052893179,0.05777506486292788,0.05170373388975354,0.059435349018621,0.059435349018621,0.04758175115983985,0.09271773555605935,0.07003476147934705,0.06557890415110312,0.06557890415110311,0.05692383364012408,0.11896727550977676,0.07899978839475606,0.04613224784983295,0.04613224784983291,0.0038772213921161127,0.08336207850424934,0.09083412044320571,1.0080241723352887,1.4915766290986412,1.9863861954388098,1.3872007782203741,0.9110739426050066,hjorth_mobility,hjorth_complexity,0.8423425236466092,0.9506116068020103,1.066592304661154,0.3486777403229854,0.0919666073628028,1.0638522427440633,0.016789087656955436,0.2406093608607578,1868,eeg_data_level_2.csv,5,AF8,170.0078125,180.00390625
0.29776993596375523,0.2977699359637552,0.19485179260292818,0.6229359069789694,0.4216795653045423,0.6728168493655806,0.6728168493655806,0.5885907627471046,0.822280133476424,0.7381510450239683,0.4271803931324335,0.4271803931324335,0.550691097660844,0.3191541429655348,0.3934311971090471,0.6140524520278173,0.6140524520278172,0.27806423017996207,1.7071101180359323,0.845585874255476,1.9961642434151967,1.9961642434151967,1.9861462294167453,3.437148348192125,2.143324315958415,1.1040307798903002,1.2299617988668425,0.8465628584487662,0.7425974244912137,1.4576351602914288,hjorth_mobility,hjorth_complexity,1.5262628295431677,1.261259876803052,1.1597245299696723,1.353690050665708,0.8460927877377856,1.1205910290237466,0.35030949007915646,1.0990689091271362,1868,eeg_data_level_2.csv,5,TP9,170.0078125,180.00390625
0.2931411870576922,0.29314118705769215,0.1892678941107315,0.5617031609891903,0.47449042883035614,0.6570294384775187,0.6570294384775187,0.6478742240276055,0.92053918014131,0.6681720708907468,0.3970352852754121,0.3970352852754121,0.4566675509706486,0.4531960465624313,0.3284981783383949,0.43166586199011814,0.431665861990118,0.274530935338868,1.0409018172084354,0.5576825336629239,0.694948147964509,0.6949481479645089,0.046134897936333505,2.248281043761633,1.427131381893967,1.1915285333418,1.3372168309652293,0.9075198084358719,0.6206404061115737,0.8123676760092456,hjorth_mobility,hjorth_complexity,1.3292010464882271,1.11483227533746,1.0642648282955551,1.2078379239946553,1.0714109757766526,1.0354828496042217,0.2973901295533773,1.012656713440721,1868,eeg_data_level_2.csv,5,TP10,170.0078125,180.00390625
0.7956323171286293,0.795632317128629,0.4524457901460189,1.1286936882985361,1.622280232906062,1.7714446944146998,1.7714446944146998,1.86109913942231,0.1286600351444595,1.2710859426141183,2.1096129314505214,2.1096129314505214,1.9237834111199994,2.2518327791057793,2.383743483617946,2.430483172338661,2.4304831723386604,3.7728765005263463,0.2014860392866516,2.048736103547552,0.4125062853166829,0.4125062853166829,0.07852966610885678,0.09448122124315139,0.46447055137801363,1.1778362042534656,1.2585129253460894,1.5906764975273862,1.0838322013447508,0.20661590865524843,hjorth_mobility,hjorth_complexity,0.5737975447776213,0.525607129944123,0.9140734971215958,3.1608890576992206,4.685698645134802,1.0780369393139841,1.0184921643051952,1.8740355161472755,1868,eeg_data_level_2.csv,6,AF7,180.0078125,190.00390625
0.009646588643930308,0.009646588643930306,0.006502910496881204,0.018660999924108475,0.015697343940830857,0.028946759276671827,0.02894675927667183,0.028537761613021115,0.04079856594678477,0.031052546559264132,0.02790357168080566,0.02790357168080566,0.025033543742568075,0.047001051015419494,0.031029718468660428,0.05797161254834923,0.05797161254834921,0.030311347431965598,0.09073882226578557,0.07245155978139502,0.052796126431360155,0.05279612643136013,0.003799144536638422,0.12628832287067096,0.10456852247188424,1.0119509075806647,1.3837980293775403,1.3791281189409526,1.6136406834406096,1.3167189621396107,hjorth_mobility,hjorth_complexity,0.9080297846649226,1.014072236444022,1.075576031725522,0.3076568296967518,0.009196660736280279,1.092221635883905,0.016651046997140945,0.2396181685686743,1868,eeg_data_level_2.csv,6,AF8,180.0078125,190.00390625
0.39799246337644667,0.39799246337644656,0.3094692386410749,0.6994353941616066,0.4824518024456642,0.5249369176854556,0.5249369176854556,0.5691402481463279,0.465471687985749,0.47487638182050373,0.2597427755458503,0.2597427755458503,0.23774418445932163,0.3998406114045461,0.26970986975174316,0.49108351219157204,0.491083512191572,0.2445918787871174,0.8191550931287933,0.6345851648652772,1.5608949045438283,1.5608949045438283,1.806505020722318,1.5820886172438298,1.45350109303734,1.157704660057021,0.922579517054704,0.5182597864593818,0.5491498166549009,1.0165479156414285,hjorth_mobility,hjorth_complexity,1.2654457637351582,1.2423692220107865,1.0202141592193188,1.1759327712853624,1.5312440125906663,1.0780369393139841,0.466976948128476,1.2689563766453684,1868,eeg_data_level_2.csv,6,TP9,180.0078125,190.00390625
0.3364387700276767,0.33643877002767664,0.21720055355225187,0.7844193539628804,0.45642952633670997,0.6255417917335035,0.6255417917335035,0.7040493357800323,0.5847274203738275,0.5600990282252075,0.31174281036411156,0.31174281036411156,0.315105796718042,0.4184157043284565,0.31590786506643176,0.38737545375240234,0.38737545375240223,0.17537887866340804,1.1793477772062737,0.5156853468436304,0.6773735481362365,0.6773735481362364,0.05421896204735746,2.118132067999293,1.3870652770151857,1.2263010597553463,1.2043676437011355,0.7051324061368797,0.5298951693978671,0.7422063347349234,hjorth_mobility,hjorth_complexity,1.1997585027168447,1.0786485263363725,1.0556349218663375,1.251137774100124,1.089804297249213,1.0496675461741425,0.3693846240807116,1.1285956655440963,1868,eeg_data_level_2.csv,6,TP10,180.0078125,190.00390625
0.001973240441989157,0.001973240441989157,0.0021683605550778576,0.0026685481115119097,0.0021780197459723176,0.0059399342848456,0.0059399342848456,0.0031925304183135087,0.014826757767625463,0.007602253358693689,0.01144355582887562,0.01144355582887562,0.009810507007333465,0.017605113971036042,0.01311580529157148,0.03303549174811699,0.03303549174811698,0.025100205250136665,0.08894763554711049,0.0359722785474885,0.030373663107567284,0.03037366310756726,0.006050646272913921,0.06637513747830559,0.05696482498052256,0.709347016371629,1.038503980552718,1.683221881203913,2.5817697181465036,2.1343265597662957,hjorth_mobility,hjorth_complexity,1.029744415375327,1.0941902223040194,1.1915186311063986,0.2620780401120478,-0.21612152730258655,1.2056992084432716,0.005007670531712574,0.13140649908713642,1868,eeg_data_level_2.csv,7,AF7,190.0078125,200.00390625
0.008329650765187178,0.008329650765187177,0.003713993764766614,0.024615274092621146,0.013652303142612326,0.02632790220612022,0.02632790220612022,0.018708507251758263,0.04945957183235588,0.030606647741100588,0.022741776481818826,0.022741776481818826,0.01531172884747743,0.040905940148744796,0.026781312429489994,0.05736836832802274,0.057368368328022716,0.027406537078051914,0.11809253885744014,0.07556934806302812,0.09025415984439214,0.09025415984439211,0.010936835068609272,0.18379094251296288,0.16729239345807684,0.9518988560359055,1.3397503357164073,1.1850817628461987,1.6185235211799254,2.0627988217729456,hjorth_mobility,hjorth_complexity,1.1920305896558665,1.1359033264488838,1.151625354493181,0.321330466572163,0.0,1.1489604221635883,0.012305301812475085,0.20598951081563543,1868,eeg_data_level_2.csv,7,AF8,190.0078125,200.00390625
0.29579988812784785,0.2957998881278478,0.1932878835293547,0.5794945095089882,0.41568221091200935,0.608199483551095,0.608199483551095,0.48390447397880604,0.9440872330914869,0.6848098974135756,0.2960722919751848,0.2960722919751848,0.23466978546128384,0.3973610280212072,0.3544402827272758,0.31710536917341786,0.3171053691734178,0.1906038393112718,0.6139047769406268,0.39873462973632845,1.4225310483679532,1.422531048367953,1.9113789468018845,1.1793814025623028,1.0345413566534882,1.1590693986943863,1.2624850410842303,0.7006781349498866,0.45784228521055925,1.059501174975128,hjorth_mobility,hjorth_complexity,1.4798953511772994,1.266903256279317,1.1259291308653763,0.9594335207580186,0.8966744217873271,1.1489604221635883,0.31386692996820237,1.040331505491201,1868,eeg_data_level_2.csv,7,TP9,190.0078125,200.00390625
0.328452276311408,0.328452276311408,0.18401473317433964,0.6901518793022368,0.5272463286038258,0.7026038454838667,0.7026038454838667,0.5914007224314399,1.1007357935836668,0.7868671351382879,0.3481212872441642,0.34812128724416425,0.324331432116268,0.40862488711260303,0.3170245608071981,0.31505593363903334,0.3150559336390332,0.21223616431688047,0.9291715155839111,0.3959570481539322,0.44012187372800715,0.44012187372800715,0.03035922841016376,1.3301169486257276,0.9468154744124054,1.2252271090199751,1.36679686066088,0.7748780077832119,0.4465540441948182,0.5167506394969889,hjorth_mobility,hjorth_complexity,1.1843026765948885,1.0115355448751422,1.1535658395390842,0.986780794508841,0.9518543862050088,1.17732981530343,0.321155557596871,1.05234148692112,1868,eeg_data_level_2.csv,7,TP10,190.0078125,200.00390625
0.0019068660160305236,0.001906866016030523,0.0016109507505838758,0.004898726351480902,0.0025635381794287667,0.005494689250120308,0.005494689250120308,0.004857967150998353,0.008898834609575893,0.006408292513789139,0.009536130796777972,0.009536130796777972,0.006986436165137323,0.01384422194834095,0.011372077539100602,0.030392436980591863,0.030392436980591853,0.017050551218373195,0.05953597520082286,0.0361828620798104,0.028485804097337822,0.0284858040973378,0.005714234045896915,0.06264053745579228,0.05091596830522944,0.7795334651216856,1.0142948389019846,1.5592910940919482,2.592378284330521,2.1591564162673342,hjorth_mobility,hjorth_complexity,1.0877037633326627,1.105648379013691,1.115253698889195,0.25068334271587184,-0.19772820583002598,1.1205910290237466,0.005336973895040227,0.13565834374127775,1868,eeg_data_level_2.csv,8,AF7,200.0078125,210.00390625
0.023955495405811066,0.023955495405811062,0.01351211546818402,0.06456179165244982,0.0354488372795433,0.06185987918224778,0.061859879182247786,0.05332594136466168,0.10443627621251589,0.05968153513412597,0.0275311297978601,0.0275311297978601,0.02368717617625526,0.03658433850415182,0.031086754233110386,0.05872494357956031,0.05872494357956028,0.02919958360382067,0.14705137913348512,0.07930294047923842,0.06803148184466555,0.06803148184466554,0.007568908382757405,0.1389822791676435,0.12985737421012195,1.1676132504848895,1.4651490946919208,0.7777973059387298,0.9175574161911176,0.9003522535143159,hjorth_mobility,hjorth_complexity,1.09929563292413,1.0912775337643956,1.0866992679430656,0.36007243771916136,0.363268099083071,1.092221635883905,0.023261618390579344,0.28321674984608625,1868,eeg_data_level_2.csv,8,AF8,200.0078125,210.00390625
0.3973350318517852,0.39733503185178515,0.23591238291804942,0.9304188992843524,0.5525657114899761,0.7631093205005873,0.7631093205005873,0.8318500840863579,0.8450285400287,0.9036889340703564,0.22397680962134772,0.22397680962134772,0.22389673542857444,0.36020928648730555,0.22640884116680723,0.27882852627847304,0.278828526278473,0.12667635284718995,0.48906148187864007,0.40583948427932565,1.4386059333336907,1.4386059333336907,2.3805989859621253,0.6468356864791248,0.6075520685646862,1.2174196695641326,1.2190150580261683,0.4576550982594734,0.335971230952037,0.7633857600411301,hjorth_mobility,hjorth_complexity,1.3601126987321395,1.2563219458001238,1.0197995256625019,1.0779383736782489,0.924264403996168,0.9929287598944591,0.41025961745882567,1.1894011567791056,1868,eeg_data_level_2.csv,8,TP9,200.0078125,210.00390625
0.4910410967853951,0.491041096785395,0.29425177465460045,1.1167156590602598,0.7491542567073609,0.8345414509090581,0.8345414509090581,0.8609382402407237,0.8193360520681073,0.9505544313655651,0.36633651986391597,0.36633651986391597,0.4346116997865284,0.32182792766661994,0.4338649285510716,0.267661052255228,0.2676610522552279,0.19609827610978914,0.4868847974429382,0.3080928627951392,0.29334864864501903,0.29334864864501903,0.018818491665214897,0.8454839529770094,0.6177135321180464,1.2932149130320427,1.2265552252971628,0.6285069043535729,0.2960187332448694,0.2776776592778132,hjorth_mobility,hjorth_complexity,0.969853089152747,0.8754304422915401,1.0961639699333412,1.1212382237837177,0.9978376898864102,1.0638522427440633,0.45342938030294083,1.2504139200276858,1868,eeg_data_level_2.csv,8,TP10,200.0078125,210.00390625
0.0020268458845752956,0.002026845884575295,0.002198087333516644,0.0022778657262917546,0.001834332279937886,0.005215136526104628,0.005215136526104628,0.0030282724839834174,0.005363192664758173,0.007201263690155501,0.013259114113031297,0.013259114113031297,0.01090959504691704,0.015598861240593629,0.015195490144455303,0.03059217677526661,0.03059217677526659,0.019489570543846046,0.07283352353941193,0.03546224770787327,0.027304349553720627,0.02730434955372062,0.007540952031640255,0.052347214913682286,0.052338062668082205,0.7371345341090175,0.9727703977910027,1.9867038144902123,2.567573798773051,2.040911482391825,hjorth_mobility,hjorth_complexity,1.0104246327228819,1.0818976400686813,1.1209811704206936,0.25979910063281264,-0.22991651840700697,1.1205910290237466,0.005058823759136992,0.13207595084972087,1868,eeg_data_level_2.csv,9,AF7,210.0078125,220.00390625
0.005827098747586535,0.005827098747586534,0.004941299889687257,0.010885210187330657,0.005879423280881896,0.010025927531382076,0.010025927531382076,0.007281345361443263,0.017025832209867742,0.011910899092805327,0.018759927453506707,0.018759927453506707,0.01511438493748619,0.024593626237386573,0.021599556872373683,0.06899688271354393,0.06899688271354391,0.03783209168772333,0.11460878955801963,0.08951006446459034,0.07439004928045416,0.07439004928045415,0.008419989666771377,0.15441839984429503,0.14934485294627617,0.8403518263978621,0.7909286709637933,1.2653976971355718,2.359551995208419,2.2225750878590804,hjorth_mobility,hjorth_complexity,1.1881666331253775,1.135894420558494,1.0850849612951916,0.3030989507382814,-0.15634323251676474,1.0780369393139841,0.010041072507847628,0.1860754263570164,1868,eeg_data_level_2.csv,9,AF8,210.0078125,220.00390625
0.37942353375029725,0.3794235337502971,0.265545369766873,0.5908481345711716,0.5656256011528501,0.5374846543218986,0.5374846543218986,0.44343172095779104,0.6544943927441617,0.5619286879988064,0.2820742969779421,0.2820742969779421,0.31010653253339565,0.296217324722285,0.29002774194212516,0.28017061481973915,0.2801706148197391,0.14029832731973846,0.5336479372678506,0.3741221957827749,1.3727554009510994,1.3727554009510994,2.2959968502395616,0.5107988621458784,0.4983885876349483,1.1986758560416542,1.0192581312622502,0.5890323666293052,0.36285365843468703,0.77180660497204,hjorth_mobility,hjorth_complexity,1.477963372912055,1.2674317578600511,1.1681719976338905,1.0164070077388987,0.8322977966333652,1.1064063324538258,0.38484853511601896,1.151977217212697,1868,eeg_data_level_2.csv,9,TP9,210.0078125,220.00390625
0.4533845293559473,0.4533845293559472,0.31346428977833735,0.7509643869840539,0.7003313913315339,0.6901446728267464,0.6901446728267464,0.520642046136172,0.994051798452353,0.7405843441641976,0.4630823375393182,0.46308233753931816,0.6023627717873776,0.17985927012960817,0.41019664020493063,0.3076297981360993,0.30762979813609925,0.1823107787853894,0.4852456494040956,0.36994986932048807,0.21567307197142987,0.21567307197142987,0.016559166697755444,0.5707553577660974,0.4707505669828628,1.256963835615079,1.1477816037312765,0.7988994610490179,0.3585405640087816,0.22710113554219066,hjorth_mobility,hjorth_complexity,0.850070436707587,0.7641409857942679,1.0933223479572887,1.0004544313842523,0.9012727521554673,1.0496675461741425,0.4301056362860926,1.2178296349287543,1868,eeg_data_level_2.csv,9,TP10,210.0078125,220.00390625
0.0030750807534423706,0.00307508075344237,0.004426637857999238,0.0019173797165546846,0.0020791992247376346,0.005463858207659092,0.005463858207659092,0.004645376771687445,0.00651208842548671,0.005982443672747831,0.010332295499092595,0.010332295499092595,0.007189108349540784,0.013654017968459135,0.012834430506866125,0.03488076843665342,0.034880768436653414,0.025914753630962857,0.07071529888657004,0.042799607895129994,0.028109340872533597,0.028109340872533563,0.0039939994792354645,0.0556148269427729,0.05691398647851462,0.7517849863932803,0.8429036007123607,1.3836635298529827,2.3921971451587782,1.774701413967884,hjorth_mobility,hjorth_complexity,0.9176896759911453,1.0728419922280392,1.1019080268071126,0.252962282195107,-0.1885315450937457,1.1064063324538258,0.0064318908224205,0.14892523810525438,1868,eeg_data_level_2.csv,10,AF7,220.0078125,230.00390625
0.00819150963151417,0.008191509631514169,0.005777065895919629,0.019037803672630405,0.01156908692604898,0.023962601447214443,0.02396260144721444,0.017381762272587756,0.027824335161296836,0.030421177729342996,0.02632647407003643,0.02632647407003643,0.027570291847495675,0.02717758523915956,0.026699992010490826,0.06301709748756017,0.06301709748756014,0.035376309349243434,0.16239265993414698,0.0757432023920563,0.06826558186256514,0.06826558186256514,0.007154809361550305,0.14171721720927494,0.12741461788151603,0.9486817328858973,1.259346932330138,1.360477251494685,1.8188772167405571,1.7070351747647055,hjorth_mobility,hjorth_complexity,1.0838398068021737,1.1148679164306334,1.078423182148999,0.29854107177981104,0.11035992883536334,1.092221635883905,0.015284464936250807,0.22957473472605294,1868,eeg_data_level_2.csv,10,AF8,220.0078125,230.00390625
0.25739142810635085,0.2573914281063508,0.14151202634725782,0.6935161986344311,0.42666376704268355,0.45659371884736905,0.45659371884736905,0.437173039028764,0.5550368694527568,0.5419924022464042,0.2351486474478342,0.23514864744783417,0.2761792866752695,0.30849513678069646,0.22671781275447733,0.26260969949447055,0.2626096994944705,0.15023724123549337,0.6840510732890335,0.31832996461248697,1.3546940052940852,1.3546940052940852,2.3731357307819034,0.4767393340361659,0.35847713387686075,1.2077705524986224,1.1363048767525608,0.660188159963503,0.45081953613833947,0.9214927692463598,hjorth_mobility,hjorth_complexity,1.4953511772992558,1.2846051161466743,0.9050455424778342,1.1098435263875417,0.9380593951005884,0.8794511873350923,0.316274995521951,1.0443147217286664,1868,eeg_data_level_2.csv,10,TP9,220.0078125,230.00390625
0.2883101814268995,0.28831018142689946,0.18086097229178083,0.6706198562691673,0.41001016841030113,0.509079905952166,0.509079905952166,0.49786919248088624,0.768908461420777,0.5744142242041559,0.2608769240336725,0.2608769240336725,0.28914813983953175,0.24591644712118613,0.28624082890242736,0.26354124457252387,0.26354124457252376,0.17479389054747171,0.5974671231525036,0.3045361471169003,0.18098142364185804,0.18098142364185799,0.012373454621783507,0.5007442057900329,0.37646495673408137,1.2777468836760244,1.2486482724696086,0.7276817684240235,0.45524746649714687,0.28530277949896066,hjorth_mobility,hjorth_complexity,0.8577983497685653,0.7843319201464138,1.015747173700544,0.9776650365919002,1.0300260024633912,1.0496675461741425,0.3105108148592965,1.034754530687501,1868,eeg_data_level_2.csv,10,TP10,220.0078125,230.00390625
0.15824468473687375,0.15824468473687373,0.0896360421124295,0.2895081017412018,0.258720862866165,0.30889719294062745,0.30889719294062745,0.21823693036148253,0.6173431672577192,0.36604724727128163,0.38065968906735215,0.3806596890673522,0.26287679831057603,0.5697979818372072,0.4645198913840928,0.4698524398468421,0.469852439846842,0.2844528233721576,0.850001383616291,0.5709868006132117,0.13983391300231743,0.13983391300231743,0.012531815906175596,0.2867720226513201,0.23358949043341626,1.1820825920035591,1.2646447292568623,1.477836876111271,1.1123808813887004,0.3393843128257156,hjorth_mobility,hjorth_complexity,1.1186154155765748,0.8336708609124622,1.1484464972242505,2.06471916818709,1.3657041193376214,1.1205910290237466,0.20850097043209948,0.8479163536187655,1868,eeg_data_level_2.csv,11,AF7,230.0078125,240.00390625
0.009967718710997964,0.009967718710997962,0.0045570379876022455,0.026477492730125392,0.01818001689095315,0.020971698419267736,0.020971698419267736,0.019075571401395264,0.019079683069282167,0.025681079808517873,0.016111995403934726,0.016111995403934726,0.017068738747296117,0.02733975876022603,0.015830167750525793,0.05936894288866008,0.05936894288866005,0.0347534864082754,0.14548594269846887,0.07409947273199259,0.0635826633426858,0.06358266334268578,0.004832345179918394,0.16571882169108823,0.13082380286479034,1.0723050403938699,1.1201390186048266,0.8981324691721049,1.6885652061933523,1.5719165184685744,hjorth_mobility,hjorth_complexity,1.1727108070034213,1.1110774339965057,1.07737830558582,0.27119379802898863,0.013794991104420418,1.092221635883905,0.012561806654964371,0.2081253702813324,1868,eeg_data_level_2.csv,11,AF8,230.0078125,240.00390625
0.33446017515120224,0.3344601751512022,0.17052439354681614,0.7641635990064984,0.5634985636265669,0.48948501778422504,0.48948501778422504,0.47835994916379465,0.5063626063260732,0.5111499776203032,0.30413319989577753,0.30413319989577753,0.24802371806321746,0.18659099155869782,0.3724885627505223,0.23335339509601952,0.23335339509601946,0.13660141065271966,0.3831092830392689,0.26212484281068543,1.3511452432637756,1.3511452432637754,2.3790097145675086,0.47261013066407076,0.39461835974024395,1.2512468246620554,1.0223310178219525,0.6964085130624426,0.34217154767784613,0.8004608839986115,hjorth_mobility,hjorth_complexity,1.4644395250553432,1.2934446221130518,1.2579816260404486,1.159980194930716,1.0714109757766526,1.2340686015831135,0.3496358154516252,1.0980115995599276,1868,eeg_data_level_2.csv,11,TP9,230.0078125,240.00390625
0.3653896219385497,0.3653896219385496,0.18352954238804178,0.7955505883802839,0.6452462251425983,0.4775667751544446,0.4775667751544446,0.4880829080820026,0.5576265511867226,0.44327988750830966,0.2750950675810971,0.2750950675810971,0.23621945075093345,0.14673695699452946,0.2800885678562685,0.20028819699029704,0.20028819699029698,0.11227723530519601,0.26688100893269173,0.2723175294407588,0.16229927180307627,0.16229927180307624,0.012686006549743598,0.35600698976989537,0.33786653838064445,1.3448088993899643,1.031176771354176,0.6609062417990906,0.3094439587096604,0.22292555871255626,hjorth_mobility,hjorth_complexity,0.8751861541557658,0.820963633631208,1.0737240018384062,1.1645380738891864,0.8460927877377856,1.0638522427440633,0.30878090916572715,1.03186811293563,1868,eeg_data_level_2.csv,11,TP10,230.0078125,240.00390625
0.21691234303324897,0.21691234303324897,0.1405212369178389,0.4039436397651769,0.3195737658979258,0.41866134001384775,0.41866134001384775,0.3147466728183534,0.8271193310229542,0.45719251901343855,0.5024564122872054,0.5024564122872055,0.3177877546092743,0.8911140167859931,0.5945415692025592,0.6883164751361107,0.6883164751361104,0.47393412392676965,1.2977329860604727,0.7343206256472052,0.1861197400099642,0.18611974000996417,0.01789024394232353,0.3491683641225374,0.2987193735118445,1.1725356424049154,1.2452626029878096,1.4375357703691731,1.1666255967723294,0.32932698132127447,hjorth_mobility,hjorth_complexity,0.8655262628295431,0.7307323982655768,1.1489053583604614,1.5018211168159958,2.2209935678116874,1.1064063324538258,0.23272555083280297,0.895820516478042,1868,eeg_data_level_2.csv,12,AF7,240.0078125,250.00390625
0.005164119797531779,0.005164119797531778,0.004015954851524921,0.007137871568717252,0.006191767862528143,0.014017400957270491,0.014017400957270491,0.009439309538758024,0.031191549855439336,0.017301370469313716,0.02529189658648945,0.02529189658648945,0.024090401926716947,0.03404384406648337,0.02472869379964231,0.06267967830158137,0.06267967830158135,0.02605305849977984,0.1910812371509091,0.08173380241475237,0.07003714306092443,0.0700371430609244,0.008022378875467221,0.11561773752933298,0.12954910952787185,0.801946515789569,1.0715200316574613,1.6482627252771458,2.2875235458436154,2.195261084030215,hjorth_mobility,hjorth_complexity,1.130207285168042,1.1188047300352784,1.03875104343275,0.25752016115357745,-0.13335158067606404,1.0496675461741425,0.009486990829909305,0.18086861440995483,1868,eeg_data_level_2.csv,12,AF8,240.0078125,250.00390625
0.2784385311739564,0.27843853117395634,0.1715559402153248,0.42151000399677924,0.5083506272551284,0.37101489273459454,0.37101489273459454,0.3389921376197036,0.3829183677771126,0.3705614688968013,0.23043743884286472,0.23043743884286472,0.1778272497174996,0.4183345002738066,0.2387560680036139,0.2413094260432797,0.24130942604327962,0.23223346228993105,0.3705996395570453,0.25910135369606313,1.244741896194217,1.2447418961942167,2.1778493673517927,0.52921001141003,0.35592680987823533,1.1809200626149639,0.917698672013141,0.6284371220927129,0.39402829941125816,0.8300128718935254,hjorth_mobility,hjorth_complexity,1.4470517206681426,1.3222108261410659,1.1628038751849665,0.9822229155503706,0.8276994662652251,1.0780369393139841,0.31697644756720794,1.0454721495882422,1868,eeg_data_level_2.csv,12,TP9,240.0078125,250.00390625
0.29202111983110973,0.2920211198311098,0.14737609008119115,0.5813304117513961,0.5071216119265917,0.4187150003906561,0.4187150003906561,0.3875522091468207,0.3388220391378932,0.416626471144932,0.2538113962265373,0.2538113962265373,0.22560719682338823,0.28548499637647845,0.23367220043400208,0.21778865490445815,0.21778865490445806,0.1425010121820462,0.4193230170178339,0.26567878419921415,0.19229002537091022,0.1922900253709102,0.014847445662722605,0.5133553580289542,0.3800119041658559,1.2981404103346297,1.0694123200633665,0.714730526080886,0.3891977270574821,0.30046374464893466,hjorth_mobility,hjorth_complexity,1.002696719661904,0.8836715591824682,1.065248891937067,0.9594335207580186,0.8920760914191871,1.0212981530343008,0.2659169521507162,0.9575732012976541,1868,eeg_data_level_2.csv,12,TP10,240.0078125,250.00390625
0.0020363631561458036,0.0020363631561458027,0.0012917975512714089,0.002712744785509733,0.003124707967264369,0.007616263163256313,0.007616263163256313,0.008095333502737563,0.01807369914889765,0.007695817526688404,0.012421252724645043,0.01242125272464504,0.010662140142279293,0.021132509258252156,0.013139848065890313,0.02960331289388676,0.029603312893886752,0.01953501435509288,0.07954123995066519,0.03808602741763366,0.027674695705937613,0.027674695705937613,0.005526961632605353,0.04885118090641579,0.05123613792643191,0.7896234752234651,1.2375623963762266,1.8360529226366507,2.4397197241007462,2.0102310574732885,hjorth_mobility,hjorth_complexity,1.151459046085732,1.107391442542897,1.0981542110060627,0.24840440323663665,-0.16553989325304502,1.1064063324538258,0.0041612371018831815,0.11978714171964473,1868,eeg_data_level_2.csv,13,AF7,250.0078125,260.00390625
0.005510655723662646,0.005510655723662644,0.00260537786383863,0.018923605727578383,0.008272762902300019,0.02426278241869339,0.024262782418693396,0.02098228819359215,0.05163714516772144,0.025059384009098202,0.024648658050404688,0.024648658050404688,0.021582556659429212,0.04036549743198161,0.02647081967932968,0.05870828678272995,0.058708286782729935,0.026917867139208206,0.13105862957662903,0.07912771644245437,0.06208779064447224,0.06208779064447224,0.005956802240410017,0.11310156640092899,0.12432583887814967,0.8626466344570656,1.5081384950438896,1.5468287702509533,2.0394875830175656,1.8853163980752732,hjorth_mobility,hjorth_complexity,1.193962567921111,1.101271910946273,1.0528430559171031,0.28030955594592943,0.06437662515396195,1.0496675461741425,0.009851710454932225,0.18431250039426506,1868,eeg_data_level_2.csv,13,AF8,250.0078125,260.00390625
0.15297531048415616,0.1529753104841561,0.07108816279520266,0.4485801356118838,0.27451429810361616,0.4097522180244481,0.4097522180244481,0.36871581437421136,0.4044012346456447,0.44397479682087376,0.1757521847108022,0.1757521847108022,0.18454464257705264,0.1759543594169753,0.17171794832247658,0.19792129950567997,0.19792129950567988,0.1260760817564311,0.37435979205091663,0.25546989962471983,1.2631828948174533,1.2631828948174533,2.2794429445702824,0.31859190872592047,0.2585369427047251,1.1094748622246138,1.362177661880992,0.6993894954452259,0.4823018371303867,1.080854603163462,hjorth_mobility,hjorth_complexity,1.8431072650432685,1.3592446495580344,1.0699701860373563,1.1440276185760696,0.7679211714794033,1.0638522427440633,0.1771413019844865,0.7815538150581758,1868,eeg_data_level_2.csv,13,TP9,250.0078125,260.00390625
0.15890684399354793,0.15890684399354787,0.08051709055633784,0.4113440140746491,0.26106451712509515,0.311127702546035,0.311127702546035,0.29060004376829557,0.33863701921670586,0.2929349797275125,0.20469075053426503,0.20469075053426505,0.23258256780948133,0.17702335898044005,0.2289928777941674,0.18390823343443652,0.18390823343443646,0.1011336359946783,0.3752909846386717,0.2182293140847439,0.14508196591340658,0.14508196591340658,0.0121653862636421,0.39377011293965797,0.3004993559298879,1.2734212591035154,1.29497494468303,0.9399858316355515,0.539404197301789,0.38073803637874765,hjorth_mobility,hjorth_complexity,0.9737170456832361,0.9087930701541324,1.021806352077496,0.9275283680487258,1.0162310113589708,1.0354828496042217,0.1519514185170274,0.7238546198471569,1868,eeg_data_level_2.csv,13,TP10,250.0078125,260.00390625
0.12401635334416321,0.12401635334416318,0.06939229353463525,0.20441370350900845,0.19103437897039335,0.12492611824114427,0.12492611824114429,0.09376773323647233,0.060409412091305716,0.16569107292557556,0.245546311827962,0.245546311827962,0.3527953763427522,0.15900171879542016,0.18705661895644188,0.22343312452772393,0.22343312452772388,0.16885492415085787,0.09607594951054349,0.2595903922053244,0.07910917047773748,0.07910917047773747,0.011578295673285456,0.14118245130287044,0.12059677803654342,1.295119951099325,0.8377590806036412,1.3664090772767412,0.8296886083233039,0.2939313572378465,hjorth_mobility,hjorth_complexity,1.1147514590460856,0.8471357654088445,1.0725022149576522,1.2443009556624185,1.4024907622827425,1.0780369393139841,0.10302085053442483,0.5960209655803499,1868,eeg_data_level_2.csv,14,AF7,260.0078125,270.00390625
0.008518243343374584,0.008518243343374582,0.005393978786383401,0.023480764789386842,0.012129218930629945,0.024921076751773498,0.024921076751773498,0.02502922094024101,0.04075191233932429,0.01859680553511693,0.01902465002503872,0.01902465002503872,0.014373824901867888,0.03485359553751409,0.021446746025828283,0.05933356874331914,0.059333568743319125,0.028204144139210314,0.15480573347370882,0.07451133648195907,0.06051682116120786,0.06051682116120784,0.005609581377975313,0.1560322623599092,0.11075591499103644,0.9995753665533246,1.3080476237969685,1.0901043406150137,1.7736870668037983,1.5877594659045084,hjorth_mobility,hjorth_complexity,1.1804387200643993,1.1050566020392991,1.0521243577519537,0.3304462244891038,-0.0459833036814014,1.0496675461741425,0.01149963157970609,0.19913194449814373,1868,eeg_data_level_2.csv,14,AF8,260.0078125,270.00390625
0.5794587233476614,0.5794587233476612,0.45980481831681613,0.5647785096156305,0.843420332484988,0.5400602716047167,0.5400602716047167,0.562748979145307,0.5323924535136965,0.4593318948192134,0.2860618544405327,0.2860618544405327,0.4638118122421385,0.1877804433292654,0.2670970386333619,0.24675249633093466,0.2467524963309346,0.11065480392891078,0.5414200884378801,0.33224185967189296,1.417830720733617,1.417830720733617,2.4812427921815488,0.58915754865828,0.41934818564512394,1.2679105084991793,0.7976119627726027,0.45211266068479006,0.25041304525136154,0.6052306685342767,hjorth_mobility,hjorth_complexity,1.3794324813845844,1.2804523199768068,1.0533848437646773,1.4083845981673528,1.4760640481729848,0.9787440633245382,0.7219405967415853,1.5777918311814014,1868,eeg_data_level_2.csv,14,TP9,260.0078125,270.00390625
0.33854580331114553,0.3385458033111454,0.2158595635862363,0.5729242691105945,0.5720159205898937,0.5454678193117926,0.5454678193117926,0.5805987007274874,0.31301448708596097,0.4145135751402639,0.29019725749270153,0.29019725749270153,0.4752741576868039,0.17911574673025715,0.26173231391669183,0.1850631527684975,0.18506315276849747,0.10037172153006386,0.3929243944738658,0.23630674361211418,0.1673370877391025,0.1673370877391025,0.011936337451916348,0.5015855535605707,0.34452545136235907,1.2946177747477294,1.1456887151303012,0.6948039040488551,0.303266909381048,0.23836554238086421,hjorth_mobility,hjorth_complexity,0.9370094586435903,0.8137422149522257,1.0798274077947523,1.1166803448252474,1.0990009579854934,1.0354828496042217,0.29853289657383153,1.014600492003225,1868,eeg_data_level_2.csv,14,TP10,260.0078125,270.00390625
0.0018418106957294475,0.001841810695729447,0.0008701711116458118,0.005442374633793588,0.0029642147659934555,0.0074039249894276155,0.0074039249894276155,0.004739593209789447,0.014384248518463155,0.008662011847528989,0.010381071286923336,0.010381071286923336,0.007652169805491131,0.017396080391808906,0.012200180744799952,0.028286096411628745,0.028286096411628724,0.012556860779916305,0.06687630611635241,0.036259581451214495,0.029925541730376596,0.029925541730376582,0.003932148925999732,0.07177496835666823,0.05733953275458067,0.7797194336433835,1.2783019648933596,1.6548141130208405,2.4319194874624865,2.2423830596086334,hjorth_mobility,hjorth_complexity,1.0799758502716845,1.0938703648837076,1.0890709718880587,0.24156758479893106,-0.17933488435746545,1.092221635883905,0.004867355536768007,0.1295524130037743,1868,eeg_data_level_2.csv,15,AF7,270.0078125,280.00390625
0.006964166995728831,0.006964166995728829,0.0044602670437157675,0.015555578382575964,0.010386530152758238,0.018896309396149866,0.018896309396149866,0.014297378303149255,0.02978804422386077,0.019538084983551834,0.022305475034540483,0.022305475034540483,0.017479257398458486,0.029797712050239032,0.027080217890548985,0.05324100900678463,0.053241009006784606,0.03158165650974476,0.11176847832158772,0.0681676199950387,0.059404571408885325,0.05940457140888531,0.005505145389873354,0.13578354787471378,0.11494957554874667,0.9657501782051583,1.222692809368945,1.3928337346376651,1.836300989749384,1.7700667372521284,hjorth_mobility,hjorth_complexity,1.0934996981283962,1.0846010129301058,1.0495038736728703,0.28942531386287024,0.0459833036814014,1.0638522427440633,0.012329766804225699,0.20619417988386354,1868,eeg_data_level_2.csv,15,AF8,270.0078125,280.00390625
0.22949250276141142,0.22949250276141134,0.1707915103367182,0.24480460545731067,0.3877262260136224,0.38694237936775305,0.38694237936775305,0.488034085103946,0.4863202120873567,0.31912012660655453,0.16061260379294368,0.16061260379294368,0.11228858367504904,0.25725834147738547,0.21622148626580076,0.23775392813766316,0.2377539281376631,0.1408165108496082,0.5825713596542084,0.29687685274735165,1.3077610299450704,1.3077610299450702,2.2750271740689514,0.5257089438013562,0.40292202643599007,1.1215953865360606,1.044565849166913,0.5303970371664655,0.4524638629838958,0.9842283659823259,hjorth_mobility,hjorth_complexity,1.6363855906621052,1.328312697576016,1.0958267346404635,1.100727768470601,0.8231011358970849,1.092221635883905,0.2756191977024994,0.9748857072729721,1868,eeg_data_level_2.csv,15,TP9,270.0078125,280.00390625
0.23780031954911998,0.23780031954911993,0.15979349430541695,0.33750947342689597,0.3539297524287779,0.3975574242263149,0.39755742422631496,0.5620808734375204,0.2850463371670875,0.34791696520842724,0.20082781102119174,0.20082781102119174,0.2342928551407876,0.1255915551722306,0.18058756031423226,0.16788243782110968,0.16788243782110965,0.09877086588033672,0.3852258883921495,0.2119666033745805,0.1537532142665137,0.15375321426651364,0.009663299837667871,0.3526296665255926,0.3220303842131063,1.2524885462606588,1.1470717435165783,0.6898758241747036,0.3732740362346672,0.29846542754278704,hjorth_mobility,hjorth_complexity,0.8945059368082111,0.8504406481609402,1.0169081476596313,1.0824962526367194,0.7311345285342822,1.0212981530343008,0.2533290873934485,0.9346338381438315,1868,eeg_data_level_2.csv,15,TP10,270.0078125,280.00390625
0.3365968831738814,0.33659688317388137,0.18800829540586173,0.4675043963221044,0.5447876824330516,0.4662666152487807,0.4662666152487807,0.38034281916651824,0.08836077311586356,0.5909074196000835,0.8202180511988071,0.8202180511988073,1.2992023510573405,0.11575259383505301,0.6382606835985187,1.1844127280975292,1.184412728097529,1.3379144797108482,0.09200908028909674,1.0166527644391397,0.2612780326077023,0.26127803260770227,0.03988974076991523,0.08345066680820788,0.36393801370139633,1.2330304263433327,0.9792221309959419,1.4395753781982417,1.2765750629127284,0.31238139307954327,hjorth_mobility,hjorth_complexity,0.8829140672167441,0.7354390839839512,1.154610716102263,1.9872352258930932,2.814178185301765,1.1489604221635883,0.24418097336344188,0.917603119813163,1868,eeg_data_level_2.csv,16,AF7,280.0078125,290.00390625
0.00602259229184446,0.0060225922918444585,0.0033957684273829775,0.012239241461448079,0.010127473513126572,0.01817124088823361,0.01817124088823361,0.013695997563766205,0.036885392559361595,0.02227897721909683,0.020704861901681488,0.020704861901681488,0.014953279091923897,0.016620123276280128,0.027458514736918904,0.06572789624512045,0.0657278962451204,0.03191268178658685,0.15048657738477783,0.08733013449046335,0.06675042375472379,0.06675042375472376,0.006973450141097154,0.09134380790502157,0.13692703205896162,0.8930995565246379,1.21844722667279,1.3321170255413182,2.2307068753624457,1.993702089184406,hjorth_mobility,hjorth_complexity,1.0877037633326627,1.1124678254638976,1.1189245879788814,0.3418409218852798,0.0229916518407007,1.1347757255936675,0.014667916073621553,0.22489674994894107,1868,eeg_data_level_2.csv,16,AF8,280.0078125,290.00390625
0.35629875086996887,0.3562987508699688,0.41962977338901725,0.37152964306009206,0.27618092033615216,0.3660558934942227,0.3660558934942227,0.29962978106271804,0.4002705399904806,0.38278279227698686,0.21192411852196374,0.21192411852196374,0.23503519887331945,0.22836337621898598,0.2204146784181313,0.213533479301306,0.21353347930130592,0.14624261304136127,0.3486515488025811,0.25978062634969507,1.2856514436595723,1.2856514436595723,2.1968464140858734,0.40753770698644953,0.42433077227478727,1.07037084258843,0.8184848788553436,0.5067980225842909,0.31350859583885726,0.7828469750256773,hjorth_mobility,hjorth_complexity,1.4084121553632525,1.2856986138409567,1.2395995383548957,1.5086579352537015,1.1357876009306145,1.17732981530343,0.549261247905856,1.3762218564695947,1868,eeg_data_level_2.csv,16,TP9,280.0078125,290.00390625
0.18014901155742946,0.1801490115574294,0.11159607479775992,0.35405979142051414,0.2256288938029224,0.30685993766369074,0.30685993766369074,0.278233909245825,0.33419342459699714,0.3120096271122706,0.17303366262978948,0.17303366262978948,0.2073541101298339,0.15892623066168443,0.1753466363195831,0.18648764547761565,0.1864876454776156,0.10754572649221214,0.4610172628940183,0.23324470669862005,0.17013249450280882,0.1701324945028088,0.014118920196977481,0.4326880512293815,0.36329758414504054,1.2701126245548806,1.2165733097663407,0.7619598836181076,0.5112411770904447,0.4081753963145629,hjorth_mobility,hjorth_complexity,0.9524652847655465,0.85941993086542,1.1599622532089142,1.1075645869083066,0.8874777610510469,1.1064063324538258,0.28019299630851363,0.9829413584463129,1868,eeg_data_level_2.csv,16,TP10,280.0078125,290.00390625
0.5467397457193676,0.5467397457193676,0.2331896092804244,1.944524223948959,0.8289671693780345,2.97655286398259,2.97655286398259,2.71759922049455,2.80887911315694,2.6234021776739356,2.601486716441478,2.601486716441478,1.780210846161162,3.9095131207623517,3.401890860679794,6.333488056869895,6.333488056869892,6.613714762682624,5.163708705186483,5.990003179591667,1.1082564041726468,1.1082564041726468,0.20019746910632913,0.4666023036122692,1.7192685873871179,0.9225528171077207,1.7579107534799547,1.7602853459731418,2.252044282412044,0.45444087240288034,hjorth_mobility,hjorth_complexity,0.8365465888508757,0.5272830436643965,0.9948385855421195,3.0697314785298127,3.8166142055563155,1.0780369393139841,0.9134902290157207,1.7748061475797376,1868,eeg_data_level_2.csv,17,AF7,290.0078125,300.00390625
0.19302437834739916,0.19302437834739913,0.09857598211401915,0.4936445641340304,0.29385657841165125,0.3553191468897837,0.3553191468897837,0.4123543527555342,0.5177567459531035,0.2807438962827881,0.6075333448202321,0.6075333448202321,0.4195959764896537,1.0942205504579214,0.7210132842875651,0.47399515760019884,0.4739951576001987,0.3180611654984488,0.35456051909013236,0.6617624171968295,0.1805219640363186,0.1805219640363186,0.021036820065269173,0.1675577809623794,0.2306045255905863,1.2284924592919075,1.1732341443375727,1.861558745626517,0.9490015746071121,0.35662689155322447,hjorth_mobility,hjorth_complexity,0.9930368283356814,0.8831893113718247,1.0726680683803789,2.2424764475674355,1.2047625564527165,1.0638522427440633,0.24893969910026423,0.9265013390116993,1868,eeg_data_level_2.csv,17,AF8,290.0078125,300.00390625
1.6488619544193204,1.64886195441932,2.063030112382738,1.902440537783149,1.4887355703723577,1.0622817642435916,1.0622817642435916,0.909911891513336,1.3478379995258638,1.27571980277378,0.9249332052561821,0.9249332052561821,0.8851056618879951,1.2710602452982898,0.886078976993546,1.0222769385849642,1.022276938584964,1.0547423988939035,3.0332803913696935,1.2329428181695383,1.8471406666200816,1.8471406666200816,1.6996432706308964,1.7252547766203523,2.012893252208335,1.0617699492005117,0.5825597109159233,0.4941180623867689,0.3286085393749681,0.4162607759202161,hjorth_mobility,hjorth_complexity,0.6027772187562891,1.1765147279152104,1.2261156550872074,3.7237871090703147,2.073846996031203,1.3049920844327176,1.8778028051298887,2.544626015256129,1868,eeg_data_level_2.csv,17,TP9,290.0078125,300.00390625
0.590592411972487,0.5905924119724869,0.30655710300519984,1.6751882626652272,0.8014839332523266,0.8625930090063263,0.8625930090063263,0.9040409925094466,0.8417583648734754,0.9082453004133252,0.9747181700183015,0.9747181700183015,0.9883028180771067,1.1871749666033313,0.9486996385817942,0.6649409331134813,0.6649409331134811,0.7870722200988549,0.9022842568276839,0.8759911537911198,0.7439160537039174,0.7439160537039173,0.06426886140376666,1.6391826554543882,1.3471990594514116,1.2660582463638057,1.0375346172562585,1.143287127233242,0.5188094739935409,0.5006424101692215,hjorth_mobility,hjorth_complexity,1.002696719661904,0.9757807526946267,1.0390882787256277,2.616222522162008,1.4806623785411248,0.9787440633245382,0.6974528244052861,1.550802133613133,1868,eeg_data_level_2.csv,17,TP10,290.0078125,300.00390625
0.0012671314320637343,0.0012671314320637345,0.0012063646424734337,0.002600571669844806,0.0015741689983873527,0.003230085303241779,0.003230085303241779,0.0022829212530541244,0.003996170011155297,0.004042239308667865,0.008485054079657764,0.00848505407965776,0.006433936840835726,0.012309429212134671,0.010348769319846001,0.028823819280403538,0.028823819280403524,0.025607089091315042,0.05095932763799324,0.031637568773779115,0.0291389641192974,0.02913896411929739,0.007685334463036044,0.043040367758714296,0.055551171797186376,0.6595833185625588,0.784499434363128,1.6466365347872032,2.8490012275590297,2.5495651642100188,hjorth_mobility,hjorth_complexity,1.2074864157778225,1.1304146419392664,1.1630802975561778,0.24384652427816625,-0.2575065006158478,1.1631451187335091,0.0035553842143886596,0.11072412096072506,1868,eeg_data_level_3.csv,0,AF7,120.0078125,130.00390625
0.00789739024327626,0.007897390243276257,0.004949020668242964,0.011451880570328163,0.010067849076938556,0.022149672147308678,0.022149672147308678,0.015744844651131497,0.037371642696245676,0.029887642533314534,0.02459061893127613,0.02459061893127613,0.019278683510906332,0.03995905136718598,0.02927165825800609,0.05449483351883991,0.05449483351883988,0.034486092789095264,0.15086941112823526,0.0647153823842043,0.05403069683308118,0.05403069683308118,0.003986375538881145,0.0706602279224798,0.1084757471253317,0.9456552423890259,1.2740268471692116,1.3810607209480712,1.7020805496289426,1.486591379885563,hjorth_mobility,hjorth_complexity,1.0394043067015497,1.0611632231144943,1.1140374404558653,0.3304462244891038,-0.0229916518407007,1.1205910290237466,0.012480923368546459,0.2074542467093302,1868,eeg_data_level_3.csv,0,AF8,120.0078125,130.00390625
0.26958090577725863,0.2695809057772586,0.15108137863293428,0.5886572832894797,0.407055596948597,0.6587100099168081,0.6587100099168081,0.505724435404601,1.0581316635930578,0.6763970146861722,0.49835468836199004,0.49835468836198993,0.43655310922965074,0.6128573920622638,0.5255176438565008,0.327095520823687,0.32709552082368687,0.29991910287911966,0.49660789120523635,0.37032874975548896,1.2232369368398857,1.2232369368398854,2.034541194507111,0.41173107126088576,0.47886532717833885,1.1490930983814067,1.3889043397917618,1.1111326984393959,0.48292227939821813,0.8438897961003468,hjorth_mobility,hjorth_complexity,1.4451197424028983,1.212903283051342,1.2012542270204611,1.146306558055305,0.9610510469412892,1.1489604221635883,0.3143445565103996,1.0411227660551403,1868,eeg_data_level_3.csv,0,TP9,120.0078125,130.00390625
0.3117818713653203,0.31178187136532015,0.191306763902065,0.6906779392498322,0.4304557636633197,0.7223310093141705,0.7223310093141705,0.5736064630869794,1.080756930163267,0.7196520482505758,0.5166347149976098,0.5166347149976098,0.4817963018679483,0.6868765955025015,0.5838337763298245,0.27644275817080133,0.2764427581708013,0.268056455725447,0.4887246663487584,0.27988495908882755,0.25535894841748,0.25535894841747997,0.017780018982898976,0.5539263965409849,0.5318019676669268,1.2269138572758251,1.4454036589411623,1.1233374653530914,0.40841829215922293,0.3345777356766969,hjorth_mobility,hjorth_complexity,0.9543972630307911,0.8754412904377286,1.1640643611976902,1.1554223159722457,0.9518543862050088,1.1064063324538258,0.31291601645433054,1.0387543789811702,1868,eeg_data_level_3.csv,0,TP10,120.0078125,130.00390625
0.003567669605826118,0.003567669605826117,0.004419336754599548,0.003236876511026253,0.0027022546019530133,0.004251418340334379,0.004251418340334379,0.0032504767300556192,0.009681456315031596,0.004736112995570152,0.012163210868404413,0.012163210868404413,0.009149891728227336,0.01944445090638698,0.01511942303060804,0.034183899270453275,0.03418389927045327,0.01876819883544714,0.0953295229418542,0.0409023837087458,0.030378247945312877,0.03037824794531285,0.007513913941148993,0.06716624127117628,0.053775893839134344,0.8318322572209486,0.6708548750112711,1.4918026969866802,2.2524072136327664,1.772931564865117,hjorth_mobility,hjorth_complexity,0.8945059368082111,1.1206753602305575,1.1456491028275921,0.26891485854975344,-0.19772820583002598,1.1631451187335091,0.007829692207284673,0.16431276962956998,1868,eeg_data_level_3.csv,1,AF7,130.0078125,140.00390625
0.005137135513498105,0.0051371355134981036,0.004265834587376976,0.005832128379770375,0.006866904128924322,0.010251620474948294,0.010251620474948294,0.007455719955772962,0.02221011181203133,0.012398930432685796,0.02610044607821307,0.02610044607821307,0.019939731552040433,0.05389039024835764,0.02913400827852281,0.06149584524344347,0.061495845243443446,0.03484248513269145,0.10567351115535548,0.07603911799103125,0.0785408743708091,0.07854087437080906,0.006282205718401446,0.13209647505928435,0.16199685210666445,0.7938197671624145,0.8390845330523153,1.711191561214788,2.2320977993858433,2.4254854243252915,hjorth_mobility,hjorth_complexity,1.002696719661904,1.1408088131287701,1.1229769399408394,0.3008200112590462,-0.13335158067606404,1.1347757255936675,0.012638801655306866,0.2087622266456847,1868,eeg_data_level_3.csv,1,AF8,130.0078125,140.00390625
0.28587169159962483,0.2858716915996247,0.19020150653040052,0.5456967977727036,0.3096152985446788,0.6507018803001142,0.6507018803001142,0.5415776750696837,0.9749937931931721,0.7168127754578928,0.4798584938748052,0.4798584938748053,0.6126199768667566,0.3954869038625579,0.49766780885567363,0.3295985127358494,0.3295985127358493,0.19141244667500135,0.49877350764920875,0.4187308455560932,1.4704670290179793,1.470467029017979,2.409382615589353,0.6709627037024382,0.6171599304641175,1.116056083958648,1.3105772265532438,1.007123134367384,0.4706437643401462,0.9338503194533362,hjorth_mobility,hjorth_complexity,1.4161400684242302,1.3107938346810593,1.0518258215910454,0.9936176129465466,0.9150677432598877,1.0496675461741425,0.31388609016359026,1.0403632588376268,1868,eeg_data_level_3.csv,1,TP9,130.0078125,140.00390625
0.375463549533855,0.375463549533855,0.2693915585790514,0.7575648486913097,0.38025556616129275,0.8650043474525481,0.8650043474525481,0.7342469541679199,1.0524590257202615,0.9276524090000051,0.5828253791977991,0.582825379197799,0.5805075463893863,0.569857484715169,0.645435991862829,0.28236904787262,0.28236904787261996,0.20515025598897418,0.6534637214746779,0.35290618393309453,0.2912440739140552,0.2912440739140552,0.01964016174131881,0.8994659464533359,0.6286530322795321,1.190844458643664,1.453749853200831,1.0750633120896875,0.36384131943331094,0.32277496176054543,hjorth_mobility,hjorth_complexity,0.9756490239484806,0.9225738558367811,1.0837415485711046,1.0870541315951898,1.1495825920350349,1.092221635883905,0.3334747371167557,1.0723348998226094,1868,eeg_data_level_3.csv,1,TP10,130.0078125,140.00390625
0.004869273693929376,0.004869273693929374,0.004424102839554083,0.003004747101732176,0.0065652677482848105,0.00460890940709473,0.00460890940709473,0.0028154763232865632,0.008986782535828164,0.006541823072147198,0.01326987262789447,0.01326987262789447,0.010740162891483562,0.017757764813623556,0.01549513655647673,0.030885344053463062,0.030885344053463056,0.016744973913228996,0.08367479757428459,0.04023688787196786,0.03145709999913948,0.031457099999139454,0.006220714171722792,0.056219645856342454,0.05761619689774674,0.9658527742482621,0.6251388961703,1.3841220522808175,1.7925528746889938,1.5870476326132699,hjorth_mobility,hjorth_complexity,0.9524652847655465,1.1071623071331063,1.2318044274867366,0.2734727375082238,-0.17013822362118516,1.2340686015831135,0.007515698768317959,0.160984348270801,1868,eeg_data_level_3.csv,2,AF7,140.0078125,150.00390625
0.0090075872519876,0.009007587251987597,0.006714985556781962,0.009549246013207677,0.010560236795282894,0.00933270208735764,0.00933270208735764,0.006788639349423849,0.02366049300599248,0.010899994167008214,0.0296119352630276,0.0296119352630276,0.01990439420302152,0.04108890081183198,0.03811270865981313,0.054833449443411945,0.054833449443411925,0.03006395802365645,0.1248105824763805,0.0734377076465507,0.05133656484438632,0.0513365648443863,0.005556975189300035,0.1531001779491022,0.10392510341455241,1.0023137582535597,0.676500227173606,1.6285167125289168,1.7465517081878636,1.4545092425572357,hjorth_mobility,hjorth_complexity,0.9254175890521233,1.0759739203920233,1.215606076533753,0.28714637438363505,-0.0459833036814014,1.2340686015831135,0.012490698123653799,0.20753546736582218,1868,eeg_data_level_3.csv,2,AF8,140.0078125,150.00390625
0.44523150603856804,0.4452315060385679,0.3111123928013025,0.33345472773569723,0.6282715358827374,1.549711789722734,1.549711789722734,0.988004599969149,4.103222928819891,1.782760266935569,1.96017773268067,1.96017773268067,2.043369802640808,3.0595593774162975,1.910080149026761,1.4111168348335632,1.4111168348335628,1.9872937740485503,1.5750992347796202,0.9475998862562115,1.6026685959500429,1.6026685959500426,2.2587281924837166,0.7751353757986459,1.0843191149392388,0.9761999301063649,1.6451809219271427,1.9764231822395975,0.9234285849736995,0.7002357994370025,hjorth_mobility,hjorth_complexity,1.2441940028174683,1.198667982999543,1.344966217813227,1.228348379307772,3.402764472423703,1.4042849604221634,0.5102377729070354,1.3264328664563751,1868,eeg_data_level_3.csv,2,TP9,140.0078125,150.00390625
0.4621241345189406,0.4621241345189405,0.36817637409162923,0.3375786467629184,0.7356324427178266,0.8114689919541589,0.8114689919541589,0.8745217073986591,1.1745409145563583,0.6309880918174143,0.5065860323689475,0.5065860323689475,0.4358303726505299,0.6168511175563371,0.5767784353878062,0.41927170878556325,0.4192717087855632,0.328669574696224,0.36486386584212804,0.5203180462504546,0.3981985483514514,0.3981985483514513,0.02645867649226197,1.137868086244082,0.8455913148513585,1.129744220348282,1.2127475884099241,0.8526251932219916,0.4472595500708884,0.3738704584249628,hjorth_mobility,hjorth_complexity,1.085771785067418,0.9982503711377323,1.1710357333996397,1.0756594341990138,1.0070343506226904,1.2056992084432716,0.3801935795661509,1.1449891214170695,1868,eeg_data_level_3.csv,2,TP10,140.0078125,150.00390625
0.0011552911961131456,0.0011552911961131454,0.0009734398908114363,0.0010039170476150033,0.0015311840020741114,0.0038231911865897303,0.0038231911865897303,0.0034061443033382424,0.006779940485416379,0.0038612422855664732,0.011833392966175164,0.011833392966175164,0.01046081192973256,0.010450410799719926,0.01453093171032176,0.033085238224901115,0.03308523822490109,0.018637283575218534,0.0696570912170853,0.04197750428674068,0.030857423489053917,0.0308574234890539,0.0059437596300159785,0.0785397894702328,0.055855355299495375,0.594307182796984,0.8581296575407878,2.024173863832491,3.102525669396572,2.592716582576307,hjorth_mobility,hjorth_complexity,1.0606560676192394,1.1163758567092237,1.0548996383589155,0.24612546375740146,-0.20232653619816612,1.0496675461741425,0.005216764295539278,0.13412186339712637,1868,eeg_data_level_3.csv,3,AF7,150.0078125,160.00390625
0.004060675686891939,0.004060675686891937,0.0020901945303184928,0.00970888936171722,0.0068102165839282304,0.010246062130072004,0.010246062130072004,0.007885999176142253,0.019483841377187557,0.011736923989083037,0.01872628158876451,0.01872628158876451,0.01627725772241984,0.027957966682775885,0.021801165303919866,0.059030557370576664,0.059030557370576636,0.03092818970877409,0.1685584031118309,0.07634798531866441,0.05967006987900153,0.0596700698790015,0.005143922196019158,0.08281531680162361,0.12682989421385657,0.8221780197996811,0.9591484910177056,1.517072625479429,2.517578365164641,2.2602459105084107,hjorth_mobility,hjorth_complexity,1.1147514590460856,1.1275491193740965,1.037579012578814,0.28030955594592943,-0.14714657178048446,1.0354828496042217,0.009090201837274828,0.17704584311145466,1868,eeg_data_level_3.csv,3,AF8,150.0078125,160.00390625
0.18699983295784847,0.18699983295784844,0.12467358003961299,0.3902889891770151,0.25700694099017257,0.5062970426179774,0.5062970426179774,0.3534258983235962,0.7977425125427146,0.5130934630571646,0.3509671504629421,0.3509671504629421,0.29054519392118033,0.2453979577463751,0.5009464227454249,0.39482196976075734,0.3948219697607573,0.18100032421419365,0.6238733627355443,0.5096087507417663,1.701661733338286,1.701661733338286,2.406875993385138,1.1850099499803737,0.9029183138549051,1.0320651622443466,1.350903970235685,0.9940319633187802,0.7008001488620776,1.4000561116139665,hjorth_mobility,hjorth_complexity,1.6228617428053935,1.3260267747265175,1.0007263820489207,1.0186859472181338,0.8093061447926645,0.9929287598944591,0.2303255455300189,0.8911894269740758,1868,eeg_data_level_3.csv,3,TP9,150.0078125,160.00390625
0.2683180370434558,0.26831803704345575,0.1808809147751669,0.42415229145249844,0.32548757092953595,0.642830687094252,0.642830687094252,0.5325744723042483,1.1648618866244873,0.5408286167256995,0.3288575953559757,0.3288575953559757,0.47323015870489643,0.3216976972657257,0.3029418331260259,0.3632991971491455,0.36329919714914544,0.21868723145940863,0.39390204204664836,0.4508806769579444,0.3341722482089487,0.3341722482089487,0.02455585362498654,0.6389427495727528,0.699956014260701,1.180147276650496,1.4657560549612343,0.8453030916653079,0.5884933228001559,0.47838394737122736,hjorth_mobility,hjorth_complexity,1.1360032199637757,1.0226866982689682,1.0192245671303823,1.020964886697369,0.98864102915013,1.0212981530343008,0.24084930058151102,0.9113216040727986,1868,eeg_data_level_3.csv,3,TP10,150.0078125,160.00390625
0.002007278392001254,0.002007278392001253,0.002107230556358594,0.0031595642645456633,0.0023994856646060835,0.005954271049057096,0.005954271049057096,0.003074479950036581,0.01753958398310612,0.007511525211946426,0.012005645678245061,0.012005645678245061,0.011434154843998784,0.013826007214577045,0.013109305195517321,0.03020956371837305,0.030209563718373033,0.0152968619338213,0.0611479749932574,0.04225086568214624,0.026327987005071704,0.02632798700507167,0.004765519922005062,0.04906734326297914,0.04957570276332173,0.7365533485804625,1.067526825250458,1.7696896416002794,2.4847381870168754,1.9506282115896145,hjorth_mobility,hjorth_complexity,0.9099617629301673,1.0813743546081338,1.1105324047889058,0.24384652427816625,-0.21612152730258655,1.1205910290237466,0.005494961076246414,0.13765160557557635,1868,eeg_data_level_3.csv,4,AF7,160.0078125,170.00390625
0.004917988963110589,0.004917988963110588,0.003536821660722358,0.010697121593478956,0.006372742919023059,0.01610982130079842,0.01610982130079842,0.010994142275639813,0.03276157111347128,0.01894437189590889,0.022139467957725232,0.022139467957725232,0.02169254175865479,0.03147711685394873,0.021749716021749837,0.06264711555924067,0.06264711555924066,0.033979442720083096,0.13538783956625206,0.08441265993077027,0.05857983865370346,0.058579838653703455,0.004569791078043327,0.0916741536333169,0.12223655455706012,0.826693919279271,1.2000196746485392,1.5091675417278136,2.3179335014645255,1.948337575049587,hjorth_mobility,hjorth_complexity,0.9872408935399478,1.10410827564522,1.0738953837085572,0.2939831928213406,-0.11955658957164363,1.0780369393139841,0.010566732786350728,0.19088391498450374,1868,eeg_data_level_3.csv,4,AF8,160.0078125,170.00390625
0.408844343306305,0.4088443433063049,0.256291758170119,0.637385266267258,0.7690591183342586,0.542269392691782,0.5422693926917821,0.3658379624193879,0.9365718982906519,0.6657113171680078,0.2538488264134775,0.2538488264134775,0.24149960831426237,0.16786524977906514,0.27403323853333844,0.4065824971396298,0.40658249713962985,0.2857786597178775,0.8268587548512829,0.43830791409161435,1.598869291106511,1.598869291106511,2.3327795789057486,1.2930973695718901,1.010750022177741,1.1995296817505183,0.9994875657812552,0.5062298926236766,0.4721368738598506,0.9385459539244334,hjorth_mobility,hjorth_complexity,1.4219360032199637,1.2829302810536292,1.2319536955671906,1.009570189301193,0.8736827699466265,1.17732981530343,0.3902003052061646,1.1599593596713753,1868,eeg_data_level_3.csv,4,TP9,160.0078125,170.00390625
0.3759106138880314,0.3759106138880313,0.23753863076534457,0.6815468113137368,0.6259802905959174,0.6258042306294873,0.6258042306294873,0.45526384985860047,1.1193064907735593,0.8027232033748594,0.34447966946949526,0.3444796694694952,0.29865635868605,0.3872186832292611,0.4008278901195213,0.35800351487568055,0.35800351487568044,0.24826319093776697,0.5576774993086935,0.3821433314308237,0.432869182374257,0.4328691823742569,0.04870723111526872,1.1094698510338705,0.8926029859748869,1.246513187270492,1.217613892971834,0.7353868188340715,0.4693173890154987,0.4812118796815946,hjorth_mobility,hjorth_complexity,1.2268061984302676,1.022305725117255,1.0895077192345726,1.0961698895121306,0.9932393595182701,1.0638522427440633,0.31397932206997686,1.040517754133189,1868,eeg_data_level_3.csv,4,TP10,160.0078125,170.00390625
0.0020975838260107243,0.002097583826010724,0.0025225265059393236,0.002501375054463537,0.001247506189499492,0.006312675587779503,0.006312675587779503,0.0033730333027616045,0.017372460463202784,0.0077699245297936275,0.00884283382669676,0.008842833826696758,0.00803993092883387,0.01333976812756157,0.008556772460213344,0.03369213135269991,0.0336921313526999,0.018312831841524272,0.04065235209208495,0.045121716397187844,0.027952067301372712,0.027952067301372705,0.00429121791093138,0.05027779475811642,0.053064752723722894,0.7196455927944155,1.1130314680965119,1.400696901597298,2.7030371280748127,2.0483764383583463,hjorth_mobility,hjorth_complexity,1.1108875025155969,1.0821465356234397,1.1430009765113878,0.252962282195107,-0.2207198576707267,1.1489604221635883,0.0051014277246083,0.13263093773823612,1868,eeg_data_level_3.csv,5,AF7,170.0078125,180.00390625
0.003942588984838528,0.003942588984838527,0.0023479596970999825,0.008243614703952483,0.006157659841160845,0.01608968144910677,0.01608968144910677,0.008875429599154607,0.05206558470619976,0.019455843654713652,0.021624414761604017,0.02162441476160401,0.020922656167283796,0.02887873475569964,0.027666549744180053,0.05819047881321567,0.05819047881321566,0.024231405381351045,0.12075917103385465,0.08414249731826193,0.06433892629536203,0.06433892629536202,0.005291465799072523,0.1668153810644249,0.12642800344479568,0.7623854441897522,1.303989599221447,1.597566998122035,2.3594704648694256,2.262991201840913,hjorth_mobility,hjorth_complexity,1.1630509156771989,1.1339883822681265,1.1068670441466437,0.2939831928213406,-0.08736827699466265,1.1064063324538258,0.009472307984138176,0.1807285966558835,1868,eeg_data_level_3.csv,5,AF8,170.0078125,180.00390625
0.2968309920397331,0.29683099203973307,0.22627066790033087,0.3592933313075373,0.4789663291118394,0.5536639659950524,0.5536639659950525,0.4692491797763006,0.6030635193413559,0.6425405126002197,0.36392597660673304,0.36392597660673315,0.5113137043735484,0.33028082337969367,0.3009090613729908,0.40602715705803916,0.40602715705803905,0.18427197338880688,0.6205917845647703,0.49995668801119936,1.5383414039525807,1.5383414039525805,2.379804139545802,0.9974372954872837,0.7522371312210536,1.131197613844018,1.1591144448024757,0.8023365406205102,0.5660359805769882,1.0121411530632842,hjorth_mobility,hjorth_complexity,1.2693097202656471,1.2712305796880954,0.9130562627955381,0.9639913997164891,0.9794443684138496,0.9361899736147756,0.371467185001221,1.1317726599052869,1868,eeg_data_level_3.csv,5,TP9,170.0078125,180.00390625
0.4055991104557478,0.4055991104557477,0.2776584135331025,0.3926599011059677,0.6382755833729843,0.6713470408571034,0.6713470408571034,0.5882854300365209,1.013769684182407,0.7233238325148975,0.436069454554368,0.436069454554368,0.5005262266391309,0.3515815311192476,0.4538271054416533,0.3428220066907807,0.34282200669078067,0.24139881800248014,0.875937655684948,0.38282315420828145,0.40582560801159967,0.40582560801159967,0.03865143580576851,1.1514933802281608,0.8001187473142722,1.2238459077333514,1.197042207389853,0.8304966633091201,0.42504950891334603,0.4266474885164292,hjorth_mobility,hjorth_complexity,1.1186154155765748,0.975019488412847,1.0566466277449709,1.0756594341990138,1.1127959490899137,1.0638522427440633,0.40812444808125947,1.186302038920308,1868,eeg_data_level_3.csv,5,TP10,170.0078125,180.00390625
0.001220560943792797,0.001220560943792797,0.00065570691531322,0.003698916326352462,0.0017450940813259512,0.004846710487071387,0.004846710487071386,0.0033988498556107834,0.011998988082355392,0.005361109593166327,0.013150669556425925,0.013150669556425925,0.010748172183084725,0.02251715434325506,0.014623510899290947,0.033671329832987526,0.03367132983298751,0.02789556357056799,0.07462047129415235,0.03682061014314294,0.027579154312415057,0.02757915431241505,0.004482947353393356,0.08038825388592664,0.05063844784005887,0.6396106362829558,1.023677811692231,2.2010780412908204,3.056150983655499,2.338702244474579,hjorth_mobility,hjorth_complexity,1.1707788287381768,1.0957611626521815,1.2019673967381865,0.25979910063281264,-0.2575065006158478,1.2056992084432716,0.004016032039480846,0.11767861696235728,1868,eeg_data_level_3.csv,6,AF7,180.0078125,190.00390625
0.0024440437578014456,0.0024440437578014448,0.0014543104741963086,0.004979871608447582,0.0032732081939955866,0.011994697133898767,0.011994697133898767,0.00853258625306434,0.022826924260517186,0.013769719782983737,0.01763628815756023,0.01763628815756023,0.015535268017704938,0.028739946140154144,0.020512101685513446,0.0631109541406136,0.06311095414061359,0.0315190032860204,0.1743079406374279,0.08177021844892231,0.07231815710410365,0.07231815710410362,0.005343548225914455,0.1003722927224662,0.13828512320092565,0.607166095956336,1.153420305006633,1.5359475458074694,2.8240718402128087,2.808685259161239,hjorth_mobility,hjorth_complexity,1.2886295029180923,1.1289256314987526,1.1581931500331617,0.3350041034475742,0.0,1.1631451187335091,0.009162258945870892,0.17774617022208297,1868,eeg_data_level_3.csv,6,AF8,180.0078125,190.00390625
0.5129500372423612,0.5129500372423611,0.34720567408199343,0.7925283451315881,0.7150309548695136,0.5330246159938204,0.5330246159938206,0.4724070925105687,0.845241037660166,0.4924426912742731,0.31777061195382633,0.31777061195382633,0.27554721418508676,0.3862504681184484,0.38627416324196656,0.4195291176671687,0.4195291176671686,0.3028383518036552,0.609036713050806,0.4922944727298529,1.4757021402121284,1.4757021402121284,2.417182743601944,0.3479897845211922,0.6361551822906779,1.2168467991799137,0.8483183283684623,0.5345569763843515,0.41305623165721683,0.695033387626921,hjorth_mobility,hjorth_complexity,1.4277319380156974,1.276669972117959,1.3871759138971957,1.4175003560842936,0.8276994662652251,1.2340686015831135,0.4724856811827785,1.276419108084039,1868,eeg_data_level_3.csv,6,TP9,180.0078125,190.00390625
0.3120030148579656,0.31200301485796544,0.21872011668264243,0.5457580417336478,0.42298345401598453,0.5936284734133298,0.5936284734133298,0.5102044623950673,0.8458738105744817,0.5582059858484211,0.3311841725260919,0.3311841725260919,0.32752773762129295,0.3613353563626589,0.368606582949583,0.3336852551318931,0.33368525513189307,0.25894260182187756,0.5665152405557334,0.37214758057559905,0.31174291521383957,0.3117429152138395,0.02092182672847196,0.6647880973407482,0.6773459273520265,1.231609150200609,1.318391348476073,0.8192997992264912,0.5100531885771659,0.4219213027680172,hjorth_mobility,hjorth_complexity,1.066452002414973,0.9698626917311093,1.2158935557998127,1.043754281489721,0.924264403996168,1.17732981530343,0.2665832438485295,0.9587721167956664,1868,eeg_data_level_3.csv,6,TP10,180.0078125,190.00390625
0.0011305992475301298,0.0011305992475301294,0.001002718657162546,0.002445986112901329,0.001323600444487351,0.005961202502438327,0.005961202502438325,0.0033373879945344247,0.010697856869817876,0.008341975690215346,0.012419442212000083,0.012419442212000083,0.008796622177464112,0.009206008930999546,0.015890306173015546,0.03149508570891285,0.031495085708912844,0.017676349436777417,0.0830522319170545,0.03763459902529983,0.03283290500632336,0.03283290500632333,0.005498168919820171,0.06573722209053068,0.0643859861245137,0.5646329406283468,1.1622245205199986,2.0218606151603247,2.8261788959485314,2.5814588698921916,hjorth_mobility,hjorth_complexity,1.1475950895552427,1.117777093864777,1.1324471703785393,0.25752016115357745,-0.2437115095114274,1.1347757255936675,0.004148318850172481,0.11960106204467967,1868,eeg_data_level_3.csv,7,AF7,190.0078125,200.00390625
0.0052832051163864205,0.005283205116386419,0.003064839954051491,0.01065479367363831,0.00898438051589208,0.01592260459939954,0.01592260459939954,0.011008721037819292,0.020891766498204976,0.020824222877561582,0.02540053686424531,0.02540053686424531,0.02245711320754318,0.03835502185633182,0.0288701425729406,0.06954440253609447,0.06954440253609445,0.03470694809067101,0.1680217570315818,0.09373105903261562,0.07609805033117967,0.07609805033117965,0.0058247037120299295,0.14845231287385205,0.1628501892569192,0.8239791583168571,1.1015133236092998,1.5879574378815242,2.3560622549856816,2.2485116752876313,hjorth_mobility,hjorth_complexity,1.2403300462869795,1.1134126419563002,1.105628671923617,0.3532356192814558,-0.05517996441768167,1.1064063324538258,0.011971736054264603,0.2031784008347855,1868,eeg_data_level_3.csv,7,AF8,190.0078125,200.00390625
0.2155620070228542,0.21556200702285414,0.1413702981819107,0.31920149112602575,0.31490257017457435,0.45685980100525964,0.4568598010052596,0.44150406673689613,0.6020208339814703,0.45749540775795616,0.3136018211693799,0.3136018211693799,0.322281364493426,0.34032463100530946,0.339215790445426,0.40038527581884814,0.40038527581884803,0.19757380583484097,1.0484040561476602,0.5218803371817158,1.6766495997475768,1.6766495997475765,2.6014352610248435,1.1141493393489341,0.8640890224196888,1.0715852770566103,1.1856247642244049,0.8787314931159161,0.6824193164084486,1.2899367209144386,hjorth_mobility,hjorth_complexity,1.7271885691285975,1.3331606667353755,1.1575850208164966,0.9685492786749594,0.6989462159573012,1.1205910290237466,0.2276422352337874,0.8859830061120403,1868,eeg_data_level_3.csv,7,TP9,190.0078125,200.00390625
0.3032682774764123,0.3032682774764122,0.18719286232929472,0.3367735485925588,0.3553369423784543,0.5604126840600466,0.5604126840600466,0.596101363893838,0.7119683077005291,0.5153070433218875,0.2959671931972928,0.2959671931972928,0.2882383995045431,0.3661602877168977,0.347979579187802,0.2770241322575663,0.2770241322575662,0.17498459155173565,0.6326811186500032,0.3597406213709899,0.2754450879719639,0.2754450879719639,0.019165952226820437,0.7572350273223502,0.5865741676694336,1.2088567985057384,1.2796408825429664,0.7755965420317555,0.45498968880157753,0.39185090131115086,hjorth_mobility,hjorth_complexity,1.2074864157778225,0.9913964944824317,1.0854664241674632,1.0779383736782489,0.9472560558368687,1.0496675461741425,0.24655260459043474,0.9220485061846833,1868,eeg_data_level_3.csv,7,TP10,190.0078125,200.00390625
0.002346108645069193,0.0023461086450691925,0.0024800757970177847,0.002769431825003506,0.002711949844541003,0.006030149352976528,0.006030149352976528,0.004673054847647907,0.014259901542448177,0.0068977415587221326,0.010081142098844108,0.010081142098844106,0.008770228228761685,0.012197547724363225,0.011770929558858364,0.03900599875212636,0.03900599875212634,0.02650224923306139,0.08582308784876044,0.046251406898568444,0.028435269117653178,0.028435269117653147,0.004232441045448937,0.06508672566847251,0.05320878384012464,0.7659582983180907,0.9911803217425124,1.4445954836217316,2.807019223758679,1.927920571978849,hjorth_mobility,hjorth_complexity,0.8384785671161201,1.055264698081021,1.0824147211892903,0.25068334271587184,-0.17933488435746545,1.092221635883905,0.008076069467497955,0.1668779646357371,1868,eeg_data_level_3.csv,8,AF7,200.0078125,210.00390625
0.0052979963191607474,0.005297996319160747,0.004401332999604055,0.006598196506577816,0.006755577884284787,0.012587613468555754,0.012587613468555754,0.009779883944570274,0.028184643930579616,0.014379622927829752,0.02230919438593414,0.02230919438593414,0.017169708204149852,0.030616872850011703,0.02510558664265659,0.06095508577943,0.060955085779429985,0.033460439022740006,0.15586757351207153,0.0790286143503655,0.05943673320218851,0.0594367332021885,0.00609677515875771,0.10372690925735994,0.11570113444013558,0.8295316083305613,1.0032558534261444,1.541167460787443,2.2778098638396203,1.9634687245198779,hjorth_mobility,hjorth_complexity,0.9795129804789697,1.0949009101270282,1.051941918986954,0.2620780401120478,0.009196660736280279,1.0638522427440633,0.012479269170865647,0.20744049845949378,1868,eeg_data_level_3.csv,8,AF8,200.0078125,210.00390625
0.09671376321165702,0.09671376321165699,0.058152420865171174,0.13544180732054198,0.16113455528784576,0.267298552828539,0.26729855282853904,0.2165975482688109,0.4032045469770937,0.2575906639692067,0.23845301636736785,0.23845301636736785,0.3022530123254673,0.2981144790177726,0.23048106078060845,0.36251252169176634,0.3625125216917663,0.2336286050985129,0.8306700795767539,0.4255271090572904,1.5619435685584233,1.5619435685584229,2.324493776859086,0.9983059120098146,0.8362141566990243,0.9117542266108226,1.1701116775078932,1.0543699084664895,0.9594963758706078,1.8342291619157058,hjorth_mobility,hjorth_complexity,1.5494465687261019,1.3230895885999001,1.119156782770699,0.986780794508841,0.8322977966333652,1.1064063324538258,0.20021011933491467,0.8308870370075512,1868,eeg_data_level_3.csv,8,TP9,200.0078125,210.00390625
0.11279075078189237,0.11279075078189235,0.07434007745375634,0.11580818194456671,0.20225453920413172,0.2901557047331069,0.2901557047331069,0.2785300922133144,0.5846403060876697,0.22263012889469452,0.2153628942760792,0.2153628942760792,0.2663556781987073,0.2639844906657445,0.1798023280539785,0.2995222144669758,0.29952221446697574,0.18010854212974267,0.7929988279205415,0.3817633622939184,0.35679610062824535,0.35679610062824535,0.026266248405326428,1.0063539478058914,0.7446919360139245,1.0851702813816337,1.391571203762513,1.1073127778851786,0.9390150449159325,0.9536388779322723,hjorth_mobility,hjorth_complexity,1.0915677198631517,1.0363730480137598,1.0476407868909061,1.0733804947197785,0.8322977966333652,1.00711345646438,0.1894887373856065,0.8083336757036822,1868,eeg_data_level_3.csv,8,TP10,200.0078125,210.00390625
0.0014384097359620381,0.0014384097359620375,0.001316111150923535,0.0030345338472900834,0.0017231847872965231,0.005473468635356835,0.005473468635356835,0.003943291711429417,0.00972554562897185,0.006550781991215155,0.009338335364334148,0.009338335364334148,0.005789254607605808,0.01838503379166097,0.011640924848477095,0.032648380235764225,0.03264838023576421,0.021004747179741632,0.0666831366533951,0.04345045157745698,0.030647076984766843,0.030647076984766815,0.006157273222744254,0.06928563608602924,0.056443158465024366,0.6606554146021241,1.0612070068953363,1.614005949256062,2.8778843492187,2.402689914347058,hjorth_mobility,hjorth_complexity,1.1360032199637757,1.1224174649195557,1.0530144377872541,0.23473076636122545,-0.20232653619816612,1.0496675461741425,0.004417782547499022,0.12342443242531684,1868,eeg_data_level_3.csv,9,AF7,210.0078125,220.00390625
0.007954098349992948,0.007954098349992946,0.005963972296903698,0.011519118817475705,0.009042367453553024,0.02068526949148852,0.02068526949148852,0.013447160839514246,0.053783851992870634,0.025499512475238642,0.030118621327754485,0.030118621327754485,0.02573105070305892,0.0431684414173519,0.033034079590452764,0.07590608491542786,0.07590608491542783,0.05448797789608686,0.10194862715784647,0.09892587666820336,0.07818277542846139,0.07818277542846137,0.005481470007322219,0.2099013754898509,0.15662688830808977,0.8759637558186305,1.1445987292825115,1.4940250045718533,2.0543767143954255,1.8828785064057478,hjorth_mobility,hjorth_complexity,1.151459046085732,1.1207659835373764,1.0224752942158273,0.3167725876136926,-0.041384973313261256,1.0212981530343008,0.013247786991281287,0.21373253631212116,1868,eeg_data_level_3.csv,9,AF8,210.0078125,220.00390625
0.14830220764518207,0.14830220764518204,0.0886353064814688,0.26386632969016216,0.24188397622516106,0.32899869933811515,0.3289986993381151,0.2749442260842071,0.3948996790376528,0.3962343198565477,0.23725772674805382,0.23725772674805382,0.22268197680025606,0.1980290079794739,0.28489492619065643,0.32672070052239194,0.3267207005223918,0.2712043977741742,0.9476216510792538,0.3804203937796732,1.496503168434417,1.4965031684344168,2.3855642692981984,0.6707555096923675,0.6909136167121217,1.053362756334958,1.1528340873681977,0.8850879295968855,0.7267243939755792,1.4326981135853043,hjorth_mobility,hjorth_complexity,1.7832159388206885,1.342722281710586,1.0092457195296536,1.0528700394066617,0.9702477076775694,0.9787440633245382,0.20030846147359116,0.8310910755869343,1868,eeg_data_level_3.csv,9,TP9,210.0078125,220.00390625
0.1982460878302051,0.19824608783020506,0.12182422506347414,0.3466255267427179,0.336814013617475,0.3949134217390212,0.3949134217390212,0.3976291162673417,0.42542626661237326,0.35213689393004105,0.21224132853760752,0.21224132853760755,0.23452207280285847,0.2640653004789813,0.18924135837171427,0.2743017626864327,0.27430176268643264,0.18788505110863363,0.6985581753238844,0.3417722894241239,0.266003493190134,0.26600349319013394,0.017970745616546387,0.8200909103666603,0.5411800387660215,1.2240860076494755,1.2868618826918796,0.7927864804819789,0.6173142017770583,0.5227817452534489,hjorth_mobility,hjorth_complexity,1.0490641980277722,1.0011624070400358,0.9672958604746235,1.114401405346012,0.8828794306829068,0.9503746701846966,0.20481208369764864,0.840382033695084,1868,eeg_data_level_3.csv,9,TP10,210.0078125,220.00390625
0.0016317108030554476,0.001631710803055447,0.0010392225189290536,0.0019134322358542821,0.002528019739256302,0.004711078026535233,0.004711078026535233,0.00282450443046348,0.013331621066045378,0.005430194595212384,0.016657971839818167,0.016657971839818167,0.010984315712823125,0.03447519606143974,0.019573754245157223,0.030625019023536593,0.030625019023536586,0.013823281882138178,0.07512117956817245,0.03944060472101087,0.029871546780643448,0.02987154678064343,0.0037459056945354586,0.0478063895253687,0.05533879026572034,0.7117134861859218,0.9428826588911957,2.4747501151239266,2.687976609382582,2.3100831494740315,hjorth_mobility,hjorth_complexity,1.1205473938418193,1.089489228452705,1.0919844636806262,0.24156758479893106,-0.17933488435746545,1.092221635883905,0.004561375423940413,0.12541424855547154,1868,eeg_data_level_3.csv,10,AF7,220.0078125,230.00390625
0.008310088051733094,0.008310088051733092,0.005242628566835714,0.0197948066352091,0.010976297396095304,0.029861008822680456,0.029861008822680456,0.0301078578793231,0.04015382518004998,0.030265315974736685,0.03468247975946679,0.0346824797594668,0.02620139034848086,0.028613852733199156,0.044536858119737094,0.07432017997520143,0.07432017997520142,0.03667318150412794,0.1734490424303703,0.09150757833007506,0.0939945072033666,0.09399450720336659,0.00735754340179409,0.1605100322137906,0.19029298680805232,0.8730650249863378,1.3304664111620657,1.5268924054837085,1.8594975881411484,1.9885375978333568,hjorth_mobility,hjorth_complexity,1.1823706983296438,1.1455100105510703,1.0555685804972468,0.3236094060513982,0.2345148487751471,1.0638522427440633,0.014647135418908382,0.22473738313283614,1868,eeg_data_level_3.csv,10,AF8,220.0078125,230.00390625
0.2234642431579533,0.22346424315795327,0.11237583477715801,0.4683280208742634,0.31734500534595605,0.6200764752961365,0.6200764752961365,0.5736336222163132,0.4794284144323542,0.6802654677998493,0.45069413925459745,0.4506941392545975,0.5703161880924469,0.3197659325869186,0.3563965677339238,0.40918776163903714,0.40918776163903703,0.2327883753625202,0.7420486653015749,0.5651871856182009,1.6441613589324837,1.6441613589324835,2.5756412577716716,1.0386047698431145,0.8503911843797947,1.0858176074671018,1.3918036119792885,1.0806120480438388,0.6413890497271202,1.1801590144506076,hjorth_mobility,hjorth_complexity,1.5649023948480583,1.2529316364673444,1.1125502880987483,1.2351851977454777,0.758724510743123,0.9929287598944591,0.35435436688521843,1.1053959415895518,1868,eeg_data_level_3.csv,10,TP9,220.0078125,230.00390625
0.2482710565900574,0.2482710565900573,0.12926435026435812,0.34974119230793216,0.3785828692901801,0.5586625828368085,0.5586625828368085,0.5344670838556147,0.4197185324618697,0.6122759009424755,0.40985445290984784,0.40985445290984784,0.5308842362843192,0.32218469243864944,0.2544877353386413,0.2741571900608897,0.27415719006088957,0.17123692177044053,0.5218623531697175,0.3547429856314502,0.3553133819273968,0.35531338192739675,0.02629149811047738,0.9609568736636968,0.7080401017457306,1.2142748444254685,1.3832125021935047,1.0745080465452304,0.4999393173581857,0.5429335344655731,hjorth_mobility,hjorth_complexity,1.103159589454619,0.9562698430080612,1.0827574849295922,1.0733804947197785,0.8966744217873271,0.9787440633245382,0.3416101757037183,1.0853364048286729,1868,eeg_data_level_3.csv,10,TP10,220.0078125,230.00390625
0.0016641671551516754,0.0016641671551516752,0.0017195575326473386,0.0014799093648909883,0.0023213337529218014,0.005043397347387022,0.005043397347387021,0.003277019394015934,0.012092302040820464,0.005864472852908,0.01036943264861881,0.01036943264861881,0.007679980810620344,0.014283207675789849,0.012109459398540303,0.031341046124869584,0.03134104612486958,0.01616391394513561,0.06617209041511168,0.04069626107712882,0.02968919338807679,0.029689193388076778,0.005475645386534458,0.03785605519464512,0.05568125048905555,0.6824607229683629,0.9952300243897629,1.7166252365110297,2.748070258409394,2.3153114683568248,hjorth_mobility,hjorth_complexity,1.17657476353391,1.1233609683463373,1.1223743391715988,0.25979910063281264,-0.2115231969344464,1.1205910290237466,0.004151711659306927,0.11964996144877921,1868,eeg_data_level_3.csv,11,AF7,230.0078125,240.00390625
0.005088189362208589,0.005088189362208587,0.0036993731247865883,0.006508976691398227,0.00754807686901507,0.013926695271622986,0.013926695271622986,0.01076603366755503,0.029127553544855758,0.016232985303175552,0.017529525641690465,0.017529525641690465,0.013505987455684744,0.026808563756631806,0.02026452945710303,0.07076230961725564,0.07076230961725563,0.035717831787779236,0.1679036926133419,0.09740999508825925,0.09363612258980267,0.09363612258980265,0.0060250867450598366,0.27312407035842845,0.19490331753088894,0.768652715213015,0.99503073076653,1.1647925494836076,2.3492269039028097,2.6345895370057635,hjorth_mobility,hjorth_complexity,1.2847655463876033,1.1791242636580301,1.1022673758896873,0.29854107177981104,-0.1287532503079239,1.1064063324538258,0.010740186967043375,0.19244422899412397,1868,eeg_data_level_3.csv,11,AF8,230.0078125,240.00390625
0.33194164421585276,0.33194164421585265,0.2305365092956228,0.7430105895450156,0.4478391348235981,0.5190161583376599,0.5190161583376599,0.4756285707121913,0.5496720943229338,0.7062804719007459,0.48375658064732463,0.4837565806473246,0.4637453175745544,0.5811145042365198,0.5758514210004739,0.44435128786790035,0.4443512878679003,0.2714549355652707,1.6380426149449974,0.5580984531338866,1.6983584426611733,1.698358442661173,2.5979594233345376,0.8518706793774069,0.9240226084222251,1.1597519413263586,1.0322641002067392,0.9616232795639189,0.5646153764022982,1.032889704907289,hjorth_mobility,hjorth_complexity,1.4953511772992558,1.255113552160116,1.1858962000759603,1.0938909500328953,0.7955111536882441,1.1064063324538258,0.38033485652001736,1.145201836149154,1868,eeg_data_level_3.csv,11,TP9,230.0078125,240.00390625
0.38164002044543005,0.38164002044543,0.24206512492608068,0.8328533463204248,0.5985335276432109,0.6653383267392402,0.6653383267392402,0.6356800331713142,0.7846278955272193,0.8685270829423346,0.46196340265986435,0.46196340265986435,0.45061776437259715,0.5114005763894327,0.5350419332038353,0.3716263377902396,0.37162633779023957,0.21953915352071002,0.572656010020804,0.4310725631468387,0.4149343560365679,0.4149343560365678,0.027322781727495714,1.2874349852240987,0.8704289640155084,1.2448763234357314,1.2137392125723114,0.9089536773754539,0.4695252366123824,0.450319740294629,hjorth_mobility,hjorth_complexity,1.0490641980277722,0.9342196762800931,1.110587689263148,1.1235171632629528,0.9656493773094292,1.0496675461741425,0.4073341522626657,1.1851528994293277,1868,eeg_data_level_3.csv,11,TP10,230.0078125,240.00390625
0.0012219279178421495,0.0012219279178421493,0.0006656760531897548,0.0027562354429538664,0.001784128148789593,0.0051342645242860255,0.0051342645242860255,0.003471454605942888,0.012905180936277528,0.005768491159103473,0.010971366458898114,0.010971366458898114,0.009097599105491508,0.01446932859806274,0.013157437434908704,0.02607305753731721,0.0260730575373172,0.013012522133388828,0.0509610324691564,0.03345151612092592,0.02825262676432712,0.028252626764327098,0.0042988734690414315,0.07274993463936087,0.055120685531286205,0.6594012788691888,1.1208460957953004,1.9918782353786892,2.653997607236039,2.501224045897716,hjorth_mobility,hjorth_complexity,1.2210102636345341,1.1364298589305601,1.1423983757421468,0.24156758479893106,-0.23911317914328725,1.1489604221635883,0.0035074964626572998,0.10997591703530415,1868,eeg_data_level_3.csv,12,AF7,240.0078125,250.00390625
0.00319987354706311,0.003199873547063109,0.00204348268737705,0.005496254873277767,0.005292019196091004,0.012558798593394947,0.012558798593394946,0.007340069084696201,0.0355421307319514,0.014823080201530446,0.022821796584849938,0.022821796584849938,0.0210658404507663,0.029648486982466526,0.022329212271220266,0.06449901529046548,0.06449901529046546,0.028512405141715075,0.18398925038487515,0.08767209142755507,0.07864907132924398,0.07864907132924397,0.0072604015340495135,0.22690054375632643,0.14803278510828785,0.6735130809260061,1.1002619600092174,1.694973425295298,2.6141203874076377,2.72448797907638,hjorth_mobility,hjorth_complexity,1.298289394244315,1.1499680183306853,1.1133076853958674,0.27575167698745906,-0.07817161625838237,1.1205910290237466,0.008928404326299107,0.17546313951023984,1868,eeg_data_level_3.csv,12,AF8,240.0078125,250.00390625
0.145234363492044,0.14523436349204397,0.08751156377755114,0.2759325894299713,0.19668025765861694,0.39810978258174795,0.39810978258174795,0.29972510802719077,0.587676826257864,0.3849405045468699,0.3647852588244436,0.3647852588244436,0.5181590975134996,0.4095553210036524,0.2996641773319966,0.3990042114627094,0.3990042114627093,0.3417564213452917,0.9070560558969247,0.5119818860594938,1.5361396466967328,1.5361396466967325,2.4059748253399285,0.8276888208093147,0.7274312001661049,0.9978312402064263,1.2946391730776043,1.1881351265899518,0.8285636933527702,1.437478022640071,hjorth_mobility,hjorth_complexity,1.6808210907627292,1.3090500335397308,1.140081956271396,1.0824962526367194,0.8093061447926645,1.1347757255936675,0.2100100782072566,0.8509793851814891,1868,eeg_data_level_3.csv,12,TP9,240.0078125,250.00390625
0.19363764264672548,0.19363764264672545,0.12269767586278595,0.28966750115842305,0.2699620533789643,0.4535973115031308,0.45359731150313093,0.3490474963931324,0.6056188915676782,0.44885628736728767,0.3541102964137322,0.3541102964137322,0.49110756941197314,0.3436458448866342,0.33254776066080766,0.35201648360931465,0.35201648360931453,0.16732914681263708,0.5305237810283169,0.4483607971295371,0.4013417995401513,0.4013417995401512,0.02810407726315147,1.0517785035008955,0.8422158302251582,1.141432139323204,1.3833697757967762,1.1286268323241477,0.7331826261337583,0.7132773990255579,hjorth_mobility,hjorth_complexity,1.2326021332260013,1.0430771715955116,1.0830670779853488,1.068822615761308,0.9380593951005884,1.0638522427440633,0.2109920820654737,0.8529666479708805,1868,eeg_data_level_3.csv,12,TP10,240.0078125,250.00390625
0.0014951099988814382,0.0014951099988814377,0.0009081090734004254,0.0030337246564293373,0.002311265026293932,0.006061994307210122,0.006061994307210122,0.006090246673505416,0.01477924936390648,0.0062780382522163525,0.010025760591023346,0.010025760591023346,0.0076871995312445115,0.019900745784559862,0.010992073115031436,0.0254206013327009,0.025420601332700892,0.012283776102165665,0.05567664761282455,0.03332405416245528,0.028220061365616417,0.028220061365616386,0.004769783038898983,0.06678597736808667,0.04890948736473578,0.7215829768781648,1.1840322992803876,1.7701741798131019,2.459940722497951,2.3531760247617886,hjorth_mobility,hjorth_complexity,1.1997585027168447,1.1272243615472382,1.151708281204544,0.25068334271587184,-0.22531818803886683,1.1489604221635883,0.003996815169425829,0.1173967309615348,1868,eeg_data_level_3.csv,13,AF7,250.0078125,260.00390625
0.003209219309253196,0.003209219309253196,0.0018423313130405549,0.00762798228514979,0.0054013749873950264,0.014838920203127319,0.01483892020312732,0.009380147163113861,0.021374198020274973,0.02051128279006187,0.019951620670443312,0.019951620670443312,0.013467190150253674,0.031106628079856244,0.0258687566153804,0.0828441589332994,0.08284415893329937,0.047052401866942324,0.1872444669027517,0.11358038789124796,0.07830478168502182,0.07830478168502181,0.006876676623461952,0.18011618102909893,0.15238330314670862,0.6462468175294069,1.1629719850850118,1.462140436386425,3.0173983684202583,2.5680347689060747,hjorth_mobility,hjorth_complexity,1.1553230026162207,1.1176065605743521,1.1249505956712884,0.30993576917598703,-0.05517996441768167,1.1347757255936675,0.011135183219207648,0.19595107701355155,1868,eeg_data_level_3.csv,13,AF8,250.0078125,260.00390625
0.18664717606787543,0.1866471760678754,0.12693034963301408,0.30119648785143593,0.2052700047928531,0.5784596858645938,0.5784596858645938,0.6014440170774638,0.8164035862684063,0.44567920381149767,0.3891624018321118,0.38916240183211187,0.34473609765841223,0.3064807004702418,0.4302178444086336,0.3749921557530715,0.3749921557530714,0.3474982116683018,0.7174777906091525,0.4332492191445661,1.4814551558840399,1.4814551558840396,2.396936648743907,0.6375069707828523,0.5890407419504455,1.014218624448309,1.438278696567859,1.088853976112871,0.6627449190683766,1.1638913592223448,hjorth_mobility,hjorth_complexity,1.613201851479171,1.276245894731737,1.1853433553335375,1.125796102742188,0.9058710825236075,1.1205910290237466,0.2825858398307299,0.9871295870212173,1868,eeg_data_level_3.csv,13,TP9,250.0078125,260.00390625
0.24068029073762937,0.2406802907376293,0.1557586446538051,0.3593926450429805,0.3010693813308712,0.6877290174370533,0.6877290174370533,0.6967329896451236,0.7173020244219062,0.5338820624621257,0.38162056273330636,0.38162056273330636,0.362432318768783,0.18320434255202458,0.47486230974711074,0.31086774839717335,0.31086774839717335,0.25643436294635624,0.6928099554411016,0.3445267832826901,0.2764021982041472,0.27640219820414713,0.019559819998241572,0.566034721285265,0.5778609077504754,1.137055732709486,1.5682010304472636,1.0242617447374187,0.5437063592790288,0.4291828894458802,hjorth_mobility,hjorth_complexity,1.0200845240491045,0.9185242427896905,1.1505749494825777,1.1212382237837177,1.0162310113589708,1.0780369393139841,0.2873578795830712,0.995429544087113,1868,eeg_data_level_3.csv,13,TP10,250.0078125,260.00390625
0.0018660625348742887,0.0018660625348742885,0.0017549878607090398,0.0030366180226626743,0.002009031491655707,0.004654702782024439,0.004654702782024439,0.0032729514817162754,0.008853231416984015,0.006020241739035217,0.010266821057188992,0.01026682105718899,0.007980487688444395,0.020883274735916307,0.01117164802805958,0.028893688375099945,0.02889368837509994,0.01937735934674388,0.07446899316139646,0.035652087521766566,0.02818134126166158,0.028181341261661566,0.0045358099115144716,0.057382792174737365,0.04699491013768314,0.7583927358272834,0.9391735847475929,1.7148028799232664,2.585233411064157,2.2198198111396046,hjorth_mobility,hjorth_complexity,1.0722479372107063,1.112691805641022,1.0807340731723254,0.252962282195107,-0.22531818803886683,1.0780369393139841,0.004267570394082325,0.12130796519040794,1868,eeg_data_level_3.csv,14,AF7,260.0078125,270.00390625
0.006440809353211864,0.006440809353211863,0.003413807834961949,0.011574880530992789,0.011821356120164687,0.015136075438831064,0.015136075438831064,0.011392493759807536,0.023726637842726037,0.020267569317029988,0.025984194775721614,0.025984194775721614,0.019676495844148347,0.046755313626504466,0.029766946337821835,0.07613453828121694,0.07613453828121693,0.041540303833358924,0.13012598255027594,0.10097637509006478,0.08743229559434383,0.08743229559434382,0.007358181229420122,0.22654678377600146,0.18240842379441582,0.8643052965585114,0.9677899096896012,1.4689808357506853,2.2932265598672585,2.276621735445084,hjorth_mobility,hjorth_complexity,1.2055544375125782,1.1396491802672484,1.057697032755574,0.2962621323005758,-0.07817161625838237,1.0638522427440633,0.011827412262146751,0.20194999125831814,1868,eeg_data_level_3.csv,14,AF8,260.0078125,270.00390625
0.22584850851740557,0.2258485085174055,0.14860613316970994,0.2974930867633771,0.41181493276039116,0.38818326934958497,0.38818326934958497,0.31912391663594114,0.49131691737010913,0.48950660337345125,0.2859553754015306,0.2859553754015306,0.25408563730400247,0.18584591692023336,0.31660579861895954,0.40818771167640766,0.40818771167640755,0.36069193597883037,0.9244098456395142,0.4492195981948611,1.5642017915650173,1.564201791565017,2.5002944922461974,0.9150639531207797,0.6979478476957258,1.1266589135629368,1.0632570595615118,0.8157077702520025,0.6915445175127423,1.196425591404248,hjorth_mobility,hjorth_complexity,1.6518414167840614,1.3059181103621316,1.0826635013233805,1.1166803448252474,0.8736827699466265,1.0354828496042217,0.25672791729696604,0.9408827796070506,1868,eeg_data_level_3.csv,14,TP9,260.0078125,270.00390625
0.2956487662637719,0.29564876626377184,0.18096407180550833,0.24907713454563835,0.5016532492790166,0.509557581404678,0.509557581404678,0.4778258530797839,0.35837747886153265,0.6682452192906659,0.28421327025515714,0.28421327025515714,0.3994178270504692,0.15626010724741318,0.2542982274225188,0.31273490027559026,0.31273490027559014,0.20841058161948509,0.6697286620480739,0.35368883895102843,0.33283284883444003,0.33283284883444003,0.02122292414575161,1.0021925852543665,0.6917891074284863,1.2400232796939052,1.20817718390126,0.7402791144796582,0.5152490498033604,0.4733701293247962,hjorth_mobility,hjorth_complexity,1.0915677198631517,0.9924235422370566,1.046590381880303,1.1804906502438328,0.9610510469412892,1.0212981530343008,0.2726327055913411,0.9695895986718341,1868,eeg_data_level_3.csv,14,TP10,260.0078125,270.00390625
0.0013920824462061738,0.0013920824462061736,0.0010197407364455503,0.0034394751012157233,0.0016796843200066376,0.006116372934307882,0.006116372934307882,0.0036358452262037874,0.01229570220022916,0.008025334513555157,0.013601745482026119,0.013601745482026117,0.010923183234662726,0.022617038666739267,0.01528511739300713,0.03695737816834849,0.03695737816834847,0.019181209356529748,0.08905227967541723,0.04300789285003082,0.029339618376122412,0.02933961837612238,0.004009872863464122,0.08152468255589229,0.05663104874267156,0.6370726701028477,1.1289955756114651,2.0779016166953137,3.0504099007326766,2.252905454809808,hjorth_mobility,hjorth_complexity,1.074179915475951,1.0617271706081788,1.0931067385077442,0.23928864531969585,-0.2207198576707267,1.092221635883905,0.004462173669980288,0.12404298418189354,1868,eeg_data_level_3.csv,15,AF7,270.0078125,280.00390625
0.002990661347603005,0.0029906613476030045,0.0023268000617790072,0.0044713568275301,0.0034459618676475736,0.009885887796606846,0.009885887796606846,0.00526328152138912,0.031036137282987278,0.011439116440010066,0.020943962304223483,0.020943962304223483,0.01519671105682025,0.029696160725744065,0.025086512236147652,0.08330607757380051,0.0833060775738005,0.03834160935821765,0.19905770394515948,0.11289963011868814,0.07698720333794061,0.0769872033379406,0.006479730568618694,0.16393944228219398,0.15860126193232163,0.6186817507301066,0.9142107432361914,1.5935237696047717,3.2024751552970385,2.6676937952917443,hjorth_mobility,hjorth_complexity,1.2615818072046692,1.13608385305322,1.0629877569405586,0.29854107177981104,-0.05058163404954153,1.0638522427440633,0.009516192904004083,0.18114676796592313,1868,eeg_data_level_3.csv,15,AF8,270.0078125,280.00390625
0.08639454349294896,0.08639454349294895,0.056035509312170134,0.16706304721535548,0.12121314575514511,0.24743768078129075,0.24743768078129075,0.24457862990419463,0.32009568727798826,0.2588155784786736,0.15580326694305033,0.15580326694305033,0.13254200450337172,0.26313348741640846,0.16595332565432852,0.3339208377788089,0.33392083777880877,0.21871143164318285,0.8682164503135781,0.35003139246657106,1.4713705372424961,1.4713705372424963,2.421734422718407,0.7647312911028497,0.6173162206296884,0.9241023663236726,1.2042856952236876,0.8343595229516684,0.9854003882988713,1.731071474617434,hjorth_mobility,hjorth_complexity,1.6866170255584627,1.3344856146441417,1.118769791451003,1.0369174630520153,0.8690844395784864,1.092221635883905,0.1789751045196112,0.7855888006704459,1868,eeg_data_level_3.csv,15,TP9,270.0078125,280.00390625
0.11692926496013206,0.11692926496013203,0.07579098326372491,0.25636819950691897,0.1292588813365065,0.20987366494948717,0.20987366494948717,0.2362755086826328,0.21590258228477985,0.21588698470087972,0.15842928046659827,0.15842928046659827,0.13527210239345533,0.17332606222938085,0.15993202474478566,0.21851426882191294,0.21851426882191288,0.13726823783280961,0.6122484988547701,0.2788525449681343,0.2840803019328872,0.2840803019328872,0.025306204502426526,0.7012229333013116,0.5878646143899168,1.1894371239172585,1.1551691096459253,0.9426679449860532,0.7817834284728349,0.8522342922969777,hjorth_mobility,hjorth_complexity,1.1785067417991548,1.040346098249601,1.0626173509631354,1.0391964025312506,0.8920760914191871,1.0212981530343008,0.16615000321205073,0.7569185490368,1868,eeg_data_level_3.csv,15,TP10,270.0078125,280.00390625
0.0012887172974255377,0.0012887172974255377,0.0008169989112114269,0.0031301696269206733,0.0016697488679992454,0.004914939526245839,0.004914939526245839,0.0030384747974170857,0.008039614436409666,0.006913946245069693,0.01264925249501579,0.01264925249501579,0.008983830366813474,0.020321295921158094,0.015090804392616999,0.032527618140312686,0.032527618140312686,0.015150038517358258,0.08999050157637817,0.04307416324934343,0.030604433613625387,0.030604433613625383,0.007676213323384969,0.07567443453920379,0.05731128735348297,0.6428950821038119,1.0124752610090748,2.0994875747810626,2.9822474797970435,2.474731935731693,hjorth_mobility,hjorth_complexity,1.246125981082713,1.1175043891830696,1.0772400944002143,0.24156758479893106,-0.19772820583002598,1.0780369393139841,0.003867504096965153,0.115482017469416,1868,eeg_data_level_3.csv,16,AF7,280.0078125,290.00390625
0.0045205499691910594,0.0045205499691910594,0.0029496477201122707,0.00590245351429647,0.006072320000767718,0.012239234276913735,0.012239234276913738,0.0084691955923028,0.020017969500106373,0.014872246938307182,0.019304074929153512,0.019304074929153512,0.013960394995767728,0.040838655625855716,0.02230468331185148,0.08700430206202484,0.0870043020620248,0.04233769364904594,0.21844194341396514,0.12437739851393646,0.0961051051690287,0.09610510516902869,0.007883878547014986,0.24410777040513346,0.1931595578161756,0.7275711580106397,0.9185391409976229,1.2882125396755681,2.835612638058544,2.726137746753986,hjorth_mobility,hjorth_complexity,1.1920305896558665,1.1623593305089017,1.052428422360286,0.2917042533421054,-0.11495825920350349,1.0496675461741425,0.009900705445863451,0.1847702477859214,1868,eeg_data_level_3.csv,16,AF8,280.0078125,290.00390625
0.20225156299551528,0.20225156299551525,0.1471649493001743,0.3334516426051354,0.28431432795479894,0.3421335055373361,0.3421335055373361,0.39102472401345717,0.26006334996164887,0.35872752244627587,0.2547712645580719,0.2547712645580719,0.2081663495491826,0.41300164940508827,0.2628482115289727,0.3235638753044625,0.32356387530446246,0.2017414063773402,0.8769895551801294,0.41780454060832767,1.4939845560841591,1.493984556084159,2.4552925056465393,0.758508482532546,0.6560693063287024,1.094050072826365,1.0185890509180435,0.8164432231752887,0.6193796817703939,1.2066328771826866,hjorth_mobility,hjorth_complexity,1.7561682431072652,1.3431164918766199,1.0909395871174472,0.9776650365919002,0.9472560558368687,1.0638522427440633,0.193030954621253,0.815854006111757,1868,eeg_data_level_3.csv,16,TP9,280.0078125,290.00390625
0.24210935397424926,0.2421093539742492,0.17663001267018466,0.37323680037277523,0.36845405065261855,0.33264741402438724,0.33264741402438724,0.4183236844823584,0.19455034771222493,0.334654993106014,0.24776493071352096,0.24776493071352093,0.23162102864232278,0.3199046114885762,0.20071766521054998,0.30155854705584156,0.30155854705584145,0.18624828620935555,0.9608699122108059,0.3557671232942668,0.3055759169000601,0.30557591690006003,0.019574166085282844,0.9808108936285435,0.62100299814381,1.221339770742759,1.0039609490296098,0.8097136999408951,0.6012614769555897,0.5275117231548464,hjorth_mobility,hjorth_complexity,1.1437311330247535,1.0373975410338598,1.0542583384577051,0.9958965524257818,1.089804297249213,1.0354828496042217,0.1792697536193135,0.7862351973928591,1868,eeg_data_level_3.csv,16,TP10,280.0078125,290.00390625
0.0016757514495370225,0.001675751449537022,0.0021993853377250652,0.002185016686662497,0.0013383451610428955,0.004343561736362156,0.004343561736362156,0.0031846216465384563,0.007288562622806332,0.004052562661947034,0.014730505791111008,0.014730505791111008,0.010829921172365227,0.02246478516624593,0.018477961543494497,0.03168094198002967,0.031680941980029666,0.024328062431085228,0.07655264929722824,0.03648494657860973,0.03112958651740742,0.031129586517407416,0.004180534079363858,0.0668566748569512,0.06383008054133169,0.6224064191142623,0.8225668172519149,2.131129243130686,2.5917811394121517,2.285405834931374,hjorth_mobility,hjorth_complexity,1.1533910243509762,1.1140890183644372,1.098015999820457,0.24384652427816625,-0.1885315450937457,1.1064063324538258,0.004330814299188932,0.12220353027402237,1868,eeg_data_level_3.csv,17,AF7,290.0078125,300.00390625
0.004378539969796523,0.0043785399697965225,0.0030609186982952456,0.007027140329008776,0.005413472261084348,0.012773444740716388,0.012773444740716388,0.012143452457501829,0.01556809311815275,0.014189742539389866,0.02583313336040351,0.02583313336040351,0.01818162504256987,0.049812369869715746,0.031145595047357748,0.07215794335585761,0.0721579433558576,0.033767760457235466,0.13019069176040537,0.09523396391909517,0.08451361854007071,0.08451361854007067,0.006592979226577863,0.18926103810737885,0.17066051682082775,0.7345845352493088,0.9530938867243787,1.6660183768665693,2.497089720552216,2.5304137865305045,hjorth_mobility,hjorth_complexity,1.2441940028174683,1.160695187757424,1.0644085679285848,0.27803061646669425,-0.05517996441768167,1.0780369393139841,0.011494578225735413,0.19908818680168383,1868,eeg_data_level_3.csv,17,AF8,290.0078125,300.00390625
0.1563681047428464,0.15636810474284635,0.09043177090697259,0.29555625432887045,0.21881726042849636,0.47347011949231127,0.4734701194923114,0.364383158291675,0.5769116086473036,0.5596032592379718,0.2976653790498489,0.2976653790498489,0.31921741057270164,0.2880938089093057,0.23936874462680197,0.3968673390033761,0.39686733900337595,0.23006469126830906,0.46483738938598157,0.40876627548888067,1.4592621262104708,1.4592621262104706,2.532613915430627,0.5400952952968684,0.49207665148517193,1.0276751947689173,1.4164017343262127,0.9718250440563517,0.7915065525085332,1.2038864425237397,hjorth_mobility,hjorth_complexity,1.673093177701751,1.3169421568891562,1.1205554799690283,0.9412020049241371,0.6299712604351991,1.0780369393139841,0.21509075719112433,0.8612115494674584,1868,eeg_data_level_3.csv,17,TP9,290.0078125,300.00390625
0.22022843637472697,0.22022843637472694,0.12737834827998015,0.4917849713441054,0.3142404679148128,0.5529226645079803,0.5529226645079806,0.43265391869069636,0.7982759921527008,0.5949106014844551,0.3534854277736058,0.3534854277736058,0.3569027070109436,0.38543370120333564,0.3484411364321954,0.2912976971105459,0.29129769711054576,0.18675394071370474,0.7146235848296834,0.31923581696287695,0.2747681085943002,0.2747681085943002,0.017173909657762707,0.6381676101802292,0.60352444982205,1.205296756546478,1.4982150843573196,1.0584846209865322,0.5683646724562292,0.4715273257478433,hjorth_mobility,hjorth_complexity,1.074179915475951,0.9399773754492137,1.0602456470181423,0.9845018550296059,0.7311345285342822,1.0212981530343008,0.22779423169308535,0.8862787416730629,1868,eeg_data_level_3.csv,17,TP10,290.0078125,300.00390625
0.4646713076934314,0.46467130769343123,0.33606084302694755,0.4442936445617678,0.7092865932779933,0.456669808903607,0.456669808903607,0.45883892567494533,0.7020376615722739,0.4691576811569256,0.5999449797606146,0.5999449797606146,0.4834815332467913,0.660970270346537,0.7711853107083871,0.5903183897050764,0.5903183897050763,0.34726239203591214,0.980272612397325,0.6138333387528364,0.1266378077399814,0.12663780773998137,0.011162817378705892,0.12104718978969213,0.2204327250747012,1.276890833972957,0.8570482320228745,1.0516119426745405,0.6439650059115146,0.14397303664831126,hjorth_mobility,hjorth_complexity,0.5795934795733548,0.5842736316578214,1.1947638297444194,1.686415214634047,2.607253318735459,1.0780369393139841,0.39329884949837707,1.1645558173402728,1868,eeg_data_level_4.csv,0,AF7,120.0078125,130.00390625
0.20817250618088284,0.2081725061808828,0.10773009409614916,0.4519996356438284,0.31878548471084966,0.36787291580435433,0.36787291580435433,0.3771766298773593,0.6390433520497023,0.2987009563322965,0.6614286724084893,0.6614286724084893,0.39871176237098627,1.289067435770788,0.8454212860898147,0.5397286209408405,0.5397286209408404,0.40502352329171554,0.6693712937143543,0.45157367762211637,0.22439072491407638,0.22439072491407633,0.02888679047607981,0.19206513928892993,0.32878338265344415,1.2145595167780867,1.1520889307954447,1.8836160908706698,0.993030274831561,0.4046777355342462,hjorth_mobility,hjorth_complexity,0.823022740994164,0.7980934109085419,1.0623796277238937,1.984956286413858,0.6851512248528807,1.0638522427440633,0.16453002556627452,0.7532194980756592,1868,eeg_data_level_4.csv,0,AF8,120.0078125,130.00390625
0.6855616274917379,0.6855616274917378,0.4730009075365442,0.9560999355767452,1.0940724466537493,1.1008865328290574,1.1008865328290574,0.8738736376412379,1.2382575100930309,1.5026108514402106,1.1531484294128733,1.1531484294128738,1.0104868359130692,1.5254371595999152,1.327177211843416,1.167879500232696,1.1678795002326958,0.6360756225918315,1.391009930378007,1.4766896114913715,1.951873492459068,1.9518734924590677,1.544645175006863,2.7168120003789724,2.216652411265168,1.1911463382279592,1.0954126093301864,1.1327628069026794,0.7176694860277262,0.8660925495993183,hjorth_mobility,hjorth_complexity,1.1997585027168447,1.15489360308419,1.1282013227567333,2.224244931733554,1.448474065964144,1.092221635883905,0.6190279469461885,1.461013064157994,1868,eeg_data_level_4.csv,0,TP9,120.0078125,130.00390625
0.6159499770733741,0.6159499770733741,0.3956097551449977,1.193726563158351,0.9086899755793754,0.8285002131544791,0.8285002131544791,0.6162662681835149,1.5905927220189036,0.9915021867129709,1.0074346232180418,1.0074346232180418,0.8172653959453062,1.6356838628446708,1.1825775414903958,0.9240846535040503,0.9240846535040501,0.556096165365385,1.9679843793685439,1.0404268115970134,1.1851860397025433,1.1851860397025429,0.15253599797548664,2.1761417291662437,2.234983170698843,1.2302382098432738,1.0089221752108632,1.1580723536007944,0.6715642099576351,0.7199323087460836,hjorth_mobility,hjorth_complexity,1.2036224592473337,1.0725954731529863,1.0662108417888825,2.2903341766313745,1.7565622006295332,0.9929287598944591,0.5132687741570353,1.3303667839970266,1868,eeg_data_level_4.csv,0,TP10,120.0078125,130.00390625
2.930905074032846,2.9309050740328457,1.6988466385639127,5.470574647427133,5.200749892052578,5.988212916320589,5.988212916320589,4.242039786548121,14.05902891186289,6.615144081336424,7.262145770800881,7.26214577080088,5.874192126890946,12.872781450647993,8.319253021688091,8.310045148545921,8.310045148545917,6.311299945970789,13.042196104272787,8.250823377645267,1.6208891764823443,1.620889176482344,0.14846545675845788,4.477906330532916,2.358571038284238,1.2032118134369736,1.3186290576798083,1.527896455961532,1.0590548823776345,0.2280177310022788,hjorth_mobility,hjorth_complexity,0.5061783054940633,0.37751857235203096,1.0471155843856048,4.667268053473687,9.412782263582866,1.2340686015831135,2.576687237507481,2.9807793189375316,1868,eeg_data_level_4.csv,1,AF7,130.0078125,140.00390625
0.021394335975603904,0.021394335975603897,0.014545370707302722,0.031562508965259,0.029578128229016735,0.044526565524752704,0.044526565524752704,0.026703052147804728,0.09175892993781284,0.06139068662395564,0.047148730146705085,0.047148730146705085,0.042106645631001645,0.06219677204723599,0.047990414822751994,0.07833760901474789,0.07833760901474786,0.05313301668766672,0.10767581511963994,0.09597469515379012,0.06673431134829963,0.06673431134829963,0.0052045992012916785,0.17799794206454986,0.13323428514146202,1.1031027447063733,1.2463042306246672,1.2764779499168628,1.232395806056758,0.9495908954785411,hjorth_mobility,hjorth_complexity,0.9447373717045684,0.9983799699015762,1.0918407240475962,0.4466721379300989,0.06437662515396195,1.1064063324538258,0.022784787830887127,0.28029894658072435,1868,eeg_data_level_4.csv,1,AF8,130.0078125,140.00390625
0.5424406106532433,0.5424406106532433,0.6605017502404384,0.3592796971672637,0.534339180187294,0.3810249741635932,0.3810249741635932,0.3270180346016535,0.635093828540109,0.45127826219970263,0.37916768082603125,0.37916768082603125,0.2985732684173706,0.515249265376438,0.4455688936152603,0.756016255883788,0.7560162558837876,0.39318937324535436,2.2547508014285933,0.9787764768284779,1.7039846116640969,1.7039846116640966,1.511379151189845,2.111685519910963,2.1005279206620364,0.9757463043337911,0.5808757426922149,0.5468908999719896,0.605302919341223,0.9137900273133264,hjorth_mobility,hjorth_complexity,1.151459046085732,1.2398813172621796,1.1196322292491825,1.1622591344099513,1.6967839058437115,1.1347757255936675,0.5580064075133215,1.3871344704524204,1868,eeg_data_level_4.csv,1,TP9,130.0078125,140.00390625
0.1728305667712849,0.17283056677128483,0.10768875886440382,0.31908392216130466,0.2629122543759773,0.38296382762522746,0.38296382762522746,0.24600359079775186,0.6326575732757113,0.48676474797711594,0.36284694568954345,0.36284694568954345,0.2733628498303736,0.3044586570299186,0.4712577856400407,0.5595417234751363,0.5595417234751362,0.2653958272846437,1.1778549754388847,0.7377149959047418,0.8654848143930357,0.8654848143930357,0.06760927473558141,2.3977645965766983,1.8459069453837627,1.0714083648309916,1.2368875442174905,1.1567552670818106,1.0566062857717295,1.3429670038343047,hjorth_mobility,hjorth_complexity,1.193962567921111,1.1753478007914906,1.0493546055924161,0.9799439760711354,1.0024360202545504,1.0638522427440633,0.23006851845580123,0.8906920358796718,1868,eeg_data_level_4.csv,1,TP10,130.0078125,140.00390625
1.2268166246819145,1.226816624681914,0.713944786485939,2.891089936928748,1.8557683218237913,3.765355137341534,3.7653551373415337,2.1080962360056597,9.878668139604112,4.7027403254232,5.482079208805833,5.482079208805832,3.70960008414818,10.469935268658363,6.577789112769455,7.782666877971723,7.78266687797172,5.5436258237525955,17.73761413288205,7.987278885531271,1.7642707913412097,1.7642707913412095,0.20962131483272523,2.2702468010283647,2.7822963022369307,1.057390488751276,1.5179058434283883,2.0407032795528726,1.7403218272014338,0.4255349353295666,hjorth_mobility,hjorth_complexity,0.363211913865969,0.453929264506665,1.0419907136233466,4.667268053473687,5.048966744217873,1.0496675461741425,1.6165470228354382,2.3609845342422218,1868,eeg_data_level_4.csv,2,AF7,140.0078125,150.00390625
0.013661487609970461,0.013661487609970458,0.007884418475872138,0.038677210748091134,0.020032190112954457,0.040221073718908505,0.04022107371890849,0.0282260660473111,0.0577398544382422,0.03952805192187627,0.038448282615925304,0.03844828261592531,0.028409367153173094,0.04432149945926304,0.04662325718561895,0.15146916480178932,0.1514691648017893,0.08029081776978696,0.3443963916832806,0.1930604457400561,0.16239340392948023,0.16239340392948018,0.016495193041584314,0.3652661697122586,0.31008885203562553,0.8946953958191718,1.1696365187121525,1.1238986332520016,2.2265009069422432,2.077797760518149,hjorth_mobility,hjorth_complexity,1.0452002414972832,1.1082461295970378,1.0277991890853575,0.36007243771916136,0.33567811687423016,1.0496675461741425,0.02285652005507225,0.2807398255311059,1868,eeg_data_level_4.csv,2,AF8,140.0078125,150.00390625
0.16494395345998064,0.1649439534599806,0.07746844199701364,0.44318315032190386,0.28012961825765564,0.608412797380732,0.608412797380732,0.5520162249904971,0.9171356869281702,0.6520763517425202,0.41019497401925287,0.41019497401925287,0.35422647384834743,0.5165469240268645,0.4321051453760532,0.6919937979734689,0.6919937979734686,0.36748360262686,1.7459052685702454,0.9806636814221789,1.8980002245643899,1.8980002245643897,1.7683534346537328,2.886742304988422,2.0811847486423347,0.9454092546494461,1.4494122510051468,1.078055286182519,1.0618624141822781,1.8172265795409575,hjorth_mobility,hjorth_complexity,1.452847655463876,1.2679765027371073,1.0192577378149277,1.1280750422214234,2.1980019159709867,1.0496675461741425,0.3248233218042229,1.058333572014294,1868,eeg_data_level_4.csv,2,TP9,140.0078125,150.00390625
0.16668750253660325,0.1666875025366032,0.0850444120378298,0.49032254305437806,0.2745118179445511,0.5380086548800413,0.5380086548800413,0.5205459849908035,0.8602810033084856,0.6266834264745311,0.3196325667951051,0.3196325667951051,0.3149851363364594,0.3936971124181999,0.32703082904127145,0.4710408084446905,0.4710408084446903,0.22429426740505798,1.298044951580676,0.5705711023008138,0.695852321054888,0.6958523210548883,0.05921129079719837,1.6025815457003252,1.3758070828357127,1.0865180925822155,1.5477133920364992,1.0454714896537705,0.9169015905713139,1.117499750188861,hjorth_mobility,hjorth_complexity,1.2557858724089355,1.1459689687991494,0.9487700331560408,1.020964886697369,0.9012727521554673,0.9432823218997362,0.2084920431749791,0.8478982010693629,1868,eeg_data_level_4.csv,2,TP10,140.0078125,150.00390625
0.01631674913506805,0.016316749135068042,0.01377850050450159,0.02611374118085084,0.012851186877842428,0.027814185319257702,0.027814185319257702,0.01904127458381422,0.056433292401951746,0.03220895396137119,0.028860641397370126,0.028860641397370126,0.03895292980195071,0.036876253331602264,0.025702010333549654,0.0659061094154214,0.06590610941542138,0.04446429494817792,0.11799958573673842,0.0722702551634178,0.03761141784239451,0.03761141784239447,0.005075546480242857,0.06411339957063182,0.07074431106581178,1.08377590838344,1.1143525659496505,1.098524909230002,1.400041790828366,0.7624790541818627,hjorth_mobility,hjorth_complexity,0.8423425236466092,0.9651905254582943,1.1293125406890028,0.44211425897162854,0.004598330368140139,1.1205910290237466,0.017506831585823234,0.2456986374872891,1868,eeg_data_level_4.csv,3,AF7,150.0078125,160.00390625
0.006827841833342288,0.006827841833342286,0.004054311919028411,0.0077875479931951265,0.01128131175384732,0.01313319935080996,0.01313319935080996,0.011049047224743171,0.02133998000440295,0.011791453184831399,0.02110516018835805,0.02110516018835805,0.014571511123080373,0.03275297716178867,0.025878892060113037,0.059120023032862894,0.05912002303286288,0.03321004594815582,0.15397713635941027,0.07570402988730769,0.06966197310653693,0.06966197310653692,0.006386415643977526,0.16951860738595292,0.13402935200962734,0.9310932039824137,0.9161252170583446,1.3323701909351509,1.995470500584021,2.013895170847055,hjorth_mobility,hjorth_complexity,1.0104246327228819,1.1253849390953206,1.1009239631656003,0.321330466572163,-0.05977829478582181,1.1064063324538258,0.011905254158005567,0.20261346645922884,1868,eeg_data_level_4.csv,3,AF8,150.0078125,160.00390625
0.45621023552529316,0.45621023552529305,0.3736952414195649,0.6996532509783375,0.5131553435634437,0.8785451143268552,0.8785451143268552,0.8493219206280721,1.2380206216655802,0.8818250299864057,0.8233767585206244,0.8233767585206244,0.7947468701755989,1.1442527493892627,0.8147544006145635,0.7038688249995596,0.7038688249995595,0.6367587035037078,1.7424945095738202,0.8283220201530478,1.5450807137826525,1.5450807137826525,1.1280769340184724,2.7728388947171294,2.025434612092897,1.0907609438473693,1.1804259458282653,1.1250714661739885,0.6197760119288639,0.9513890223151569,hjorth_mobility,hjorth_complexity,0.9524652847655465,1.1469102905825868,1.2487491188419904,1.3559689901449432,1.8623237990967565,1.1489604221635883,0.5702533103707342,1.4022739902952999,1868,eeg_data_level_4.csv,3,TP9,150.0078125,160.00390625
0.45986149411516886,0.4598614941151688,0.3070522035458427,0.7770288496109178,0.7029937960925744,1.004865281913356,1.0048652819133557,0.9205716077762925,1.5429184185006413,0.9842752661814506,0.7417149512480735,0.7417149512480735,0.582915077939314,1.4549059762413499,0.8007822689794364,0.5475638061529133,0.5475638061529131,0.5944793228396236,1.1542257818134523,0.5828826421138584,0.7052849834283474,0.7052849834283474,0.05036513292955892,2.243675800699035,1.4926013515064875,1.1769767628852985,1.3618618203268835,1.0855625095324395,0.5141812044569888,0.5655506342283761,hjorth_mobility,hjorth_complexity,1.0722479372107063,1.0012279815482048,1.1652695627361715,1.1371908001383642,1.0438209935678116,1.092221635883905,0.4423439752780035,1.2350343291412758,1868,eeg_data_level_4.csv,3,TP10,150.0078125,160.00390625
3.5270743242832396,3.5270743242832396,2.442260623352009,6.282431752851618,4.373612545748729,6.48121518011235,6.48121518011235,5.060562098363652,8.385578083846944,6.397464214229717,4.327308343710621,4.327308343710622,4.32381831226721,6.694602288109275,3.915591535448822,4.612863230350539,4.612863230350538,4.569647482593348,5.642106172712826,4.230257600683861,0.8522842897701328,0.8522842897701328,0.09796147006289153,1.1158707680489892,1.384665548536164,1.215241280505177,1.2689449358068177,0.9145172887086543,0.584423354708102,0.11664180716865571,hjorth_mobility,hjorth_complexity,0.5892533708995774,0.3828537508113391,1.0493601340398404,4.667268053473687,7.93671821540988,1.2624379947229551,3.5219921705188977,3.484922819808767,1868,eeg_data_level_4.csv,4,AF7,160.0078125,170.00390625
0.04029684070784625,0.04029684070784623,0.038576407422456875,0.02182033570133188,0.037216669944612965,0.04196330691089562,0.04196330691089562,0.03311377286918039,0.07943296606232764,0.044264198895753226,0.054478023859743395,0.054478023859743395,0.04738704709418138,0.06876354699211559,0.05854389921875494,0.5084803130370017,0.5084803130370016,0.35438185220348895,0.842667846497404,0.641235135394524,0.864155219722238,0.864155219722238,0.09066371018574726,1.1671827481912627,1.688631373588839,0.7522514649481282,0.489962606509482,0.5666115371853352,2.279624113750748,3.132707545828449,hjorth_mobility,hjorth_complexity,1.2519219158784465,1.2293964147867757,1.1139158146125323,0.5378297170995069,0.5472013138086765,1.17732981530343,0.08458715619822002,0.5400714048856362,1868,eeg_data_level_4.csv,4,AF8,160.0078125,170.00390625
0.16201411829267634,0.1620141182926763,0.09519151625520221,0.29283100017412067,0.25354721114069506,0.6897973461449799,0.6897973461449799,0.5453480453863943,0.9900920098515419,0.8688733855490283,0.41110740203137075,0.41110740203137075,0.35035519063485576,0.23780802568364232,0.48890152121056024,0.6375506754068018,0.6375506754068015,0.36336643617593883,1.594352686678615,0.8212693585119,1.6592598968159882,1.659259896815988,1.430690464194329,2.629751332355013,1.9895219547462744,0.928388044462223,1.6260769436462357,1.0982104999618796,1.0175642920338341,1.7049196762788028,hjorth_mobility,hjorth_complexity,1.3002213725095595,1.1986460571486195,1.2859555700070342,1.2830429268094168,0.6989462159573012,1.2198839050131927,0.31980019036561425,1.0501185498202137,1868,eeg_data_level_4.csv,4,TP9,160.0078125,170.00390625
0.2421919699156566,0.24219196991565659,0.11506482124266905,0.3407253699293749,0.41820151058024485,0.6837826304377873,0.6837826304377873,0.6385474300672659,0.8844692991296763,0.697898819184194,0.43927368850623444,0.43927368850623444,0.3543565420950836,0.3254503300229402,0.5318448377918168,0.6165167924556741,0.616516792455674,0.3083530206284144,1.2166506521487865,0.7908677492382092,0.9243160023348281,0.9243160023348279,0.061061713174680204,1.2184434631689884,1.9215118589651536,1.113309137871912,1.4533800658513236,1.0534758899473189,0.8884204763038868,1.0961368652065118,hjorth_mobility,hjorth_complexity,1.0799758502716845,1.1000267234800731,1.198783011021832,1.3286217163941207,1.3703024497057614,1.1134986807387863,0.3822541024417912,1.1480876591270397,1868,eeg_data_level_4.csv,4,TP10,160.0078125,170.00390625
0.4729061512675706,0.4729061512675706,0.25108196621947276,1.3426593886665412,0.7829135390925465,1.662002404506326,1.662002404506326,1.4845193744614493,3.3379734778862256,1.8080406715994182,1.331977925543315,1.331977925543315,1.215745201304978,1.9392095918673524,1.56245223199319,2.198034191412794,2.198034191412793,2.367378331360085,2.99738260423315,2.3419273694183516,0.6366531964031037,0.6366531964031037,0.07844855440553207,0.6720910139696905,0.9986966331457736,1.0984783819343145,1.694089253633028,1.456956429435304,1.374146742862892,0.4156274086145665,hjorth_mobility,hjorth_complexity,0.40185147917085934,0.5104566593845804,1.1956926089116895,2.4908808508040723,1.9910770494046803,1.1631451187335091,0.7368050492326893,1.5939521059710733,1868,eeg_data_level_4.csv,5,AF7,170.0078125,180.00390625
0.0272741873126868,0.027274187312686802,0.028493629006426525,0.03682440920286383,0.027634329474275722,0.09623668425969267,0.09623668425969267,0.06054974800269386,0.16801860330501484,0.12707659444332153,0.08655565157933369,0.08655565157933374,0.06355731311670619,0.17629278766353076,0.09904898134847592,0.24300797293802362,0.24300797293802348,0.12848635826303903,0.5026219140786119,0.327879059172117,0.5085567622396511,0.5085567622396511,0.045783397187028424,0.9690981234328916,0.9837598039691069,0.7567167281080536,1.2260533349208964,1.1256876358967398,1.6755196892361561,2.708463672099412,hjorth_mobility,hjorth_complexity,1.0452002414972832,1.1501347233444328,1.126459861818102,0.7064712385629116,0.6161762693307786,1.17732981530343,0.05786994028679956,0.4467098083201533,1868,eeg_data_level_4.csv,5,AF8,170.0078125,180.00390625
0.39302331541442165,0.3930233154144216,0.31929372592760474,0.5693752405262249,0.604077917841043,0.7363068925660653,0.7363068925660653,0.41022525061814247,1.3751202801682372,0.9777813948990949,0.4190834959551336,0.4190834959551336,0.3431515456638468,0.42940511517662183,0.5409394179013455,0.6607365210679013,0.6607365210679013,0.3133733855273115,1.5846472892158123,0.8448910214657904,1.7936015434691504,1.79360154346915,1.5671690895878765,2.844958053683044,2.309754589298943,1.1222877196149905,1.210757539589614,0.7406185933448083,0.6796710844094727,1.206757856527919,hjorth_mobility,hjorth_complexity,1.130207285168042,1.2157980067668146,1.1280520546762793,1.1417486790968345,1.2461475297659779,1.2198839050131927,0.4483434500153141,1.243381455826008,1868,eeg_data_level_4.csv,5,TP9,170.0078125,180.00390625
0.3437706501323247,0.34377065013232466,0.2119120953041004,0.9045919389631067,0.4690309694899917,0.879261009894228,0.879261009894228,0.647687649737497,1.5510950801279009,1.0560634671979348,0.4308989514681549,0.4308989514681548,0.4076566149088038,0.32627982216708845,0.5780117564850288,0.6084582439169642,0.6084582439169641,0.30187975688789503,1.5555999473945252,0.7471355533089595,0.9741884652945078,0.9741884652945076,0.06722000851418208,2.497219023569947,2.0938426781320114,1.1431487703499128,1.4522984342078564,0.8101063500029841,0.6819626338410355,0.8876870218373365,hjorth_mobility,hjorth_complexity,1.0567921110887504,1.1290193857269073,1.065928890970247,1.0824962526367194,1.1633775831394553,1.0780369393139841,0.37762578536861374,1.1411159924318122,1868,eeg_data_level_4.csv,5,TP10,170.0078125,180.00390625
0.03194249336087836,0.03194249336087836,0.019195403314138083,0.0580080025544647,0.040107623076959,0.07070746851564923,0.07070746851564921,0.04273906580901728,0.15450514337003637,0.0852525161293022,0.10647134485202778,0.10647134485202778,0.08059736773771134,0.1335404893762415,0.12448035912740286,0.2556662809250295,0.2556662809250295,0.20469951035788636,0.20356187066208012,0.31913991891428717,0.08312256178669294,0.08312256178669292,0.007908768242266032,0.13015485470257873,0.16368834368266946,1.0667476445209176,1.2166924975338675,1.6587145314632303,2.1604136628963158,0.7473933523081745,hjorth_mobility,hjorth_complexity,0.8925739585429667,0.830346660556647,1.1641638732513262,1.1941642871192442,0.2529081702477077,1.1347757255936675,0.09943103961211504,0.5855445745394485,1868,eeg_data_level_4.csv,6,AF7,180.0078125,190.00390625
0.031017938142680074,0.031017938142680068,0.024478827790072908,0.043002813923365135,0.03764782355951015,0.053020681311049075,0.053020681311049075,0.03668513196703217,0.08565362049107665,0.07421347592238375,0.039117793086688876,0.039117793086688876,0.02805908949735146,0.05298060507221609,0.04963650853405998,0.30264687056793627,0.3026468705679362,0.16217042933281248,0.6908679990719234,0.4150121787895251,0.5156478940239694,0.5156478940239694,0.055749562388118776,1.137639949543667,0.9567467888014639,0.8325810835705718,0.7750701205345102,0.5756595713517562,1.9854254364967039,2.708336694353436,hjorth_mobility,hjorth_complexity,1.234534111491246,1.2114282475970235,1.0790534251553605,0.5150403223071549,0.6989462159573012,1.1205910290237466,0.04940824264608099,0.41276101787518454,1868,eeg_data_level_4.csv,6,AF8,180.0078125,190.00390625
0.18800236132358158,0.18800236132358153,0.08798616003276889,0.41732461701246176,0.3245214424575094,0.5318274757988093,0.5318274757988093,0.5313828614389874,0.5628281711716515,0.5096438051769624,0.21960672019701433,0.21960672019701433,0.24419116576392752,0.25353242988255936,0.21778275873887123,0.7818328778143684,0.7818328778143683,0.40906155319153353,1.6374695529409862,0.9616478724491995,2.3236079262205407,2.3236079262205407,1.816591152557881,3.787827118594169,2.948369083484094,0.9730700011225932,1.2350747031790787,0.5997412299334617,1.1012572751547336,2.1018428530852438,hjorth_mobility,hjorth_complexity,1.5127389816864563,1.2819569496953072,1.0720599391637142,1.1804906502438328,0.8828794306829068,1.0780369393139841,0.30699096920814184,1.0288730016090457,1868,eeg_data_level_4.csv,6,TP9,180.0078125,190.00390625
0.24564866544117403,0.24564866544117395,0.13026452031471542,0.5450077766349704,0.4404209345019584,0.6088198292562015,0.6088198292562015,0.5931353781652018,0.4893962040095653,0.6404652197422241,0.27985562178408213,0.27985562178408213,0.2945063740370108,0.28563002362067336,0.23714484001509728,0.5789889968713686,0.5789889968713685,0.282729426203099,1.3461411366541964,0.838146019453229,1.1510732015847984,1.1510732015847984,0.08706103811997544,3.939880276879712,2.3446053945387066,1.1215678742238335,1.3225983941938473,0.7122634194864752,0.8379335625757398,1.3112981088331523,hjorth_mobility,hjorth_complexity,1.3002213725095595,1.1943985229297032,1.0445669701230362,1.31950595847718,1.3151224852880798,1.00711345646438,0.2865702931852316,0.9940644785242007,1868,eeg_data_level_4.csv,6,TP10,180.0078125,190.00390625
1.7545726081310478,1.7545726081310475,0.8508872624732133,3.6840827383432884,2.954394043747445,2.3545557120405003,2.3545557120405,3.2676162537540128,0.9981279531358584,1.2736837196650943,5.417915996120592,5.417915996120592,3.7904312284841493,5.007174423902883,6.970843862166226,3.5656421009299897,3.5656421009299892,3.5121636322180785,1.6230794136832853,2.9200993033756015,0.6988344349110487,0.6988344349110486,0.10992640230236556,0.3141533731646389,1.08652503971224,1.2772611471073039,0.9182346669369035,1.9397866545801006,0.8458160129433678,0.18015510108394636,hjorth_mobility,hjorth_complexity,0.5776615013081103,0.45246717403318665,1.0387234011956288,4.667268053473687,9.150677432598878,1.092221635883905,2.3816938984972182,2.8657740332154447,1868,eeg_data_level_4.csv,7,AF7,190.0078125,200.00390625
0.01874725013221823,0.018747250132218226,0.010035485687332027,0.05528867327716512,0.02654605738623551,0.06301717840062264,0.06301717840062264,0.05981868448041366,0.040911053275091286,0.07673111349301386,0.038994337163008284,0.038994337163008284,0.02617403226053965,0.07582450268569497,0.047119706183051495,0.15463705303772055,0.15463705303772052,0.10976470525667596,0.24078918860773244,0.1945281652825434,0.14540091410806286,0.1454009141080628,0.017758071325127512,0.22073543269608592,0.23342806387235446,0.9717670110523282,1.3761933479064967,0.9839949705316543,1.9267480089720208,1.5893582167076246,hjorth_mobility,hjorth_complexity,0.9138257194606562,1.0564235408148177,1.0626726354373777,0.7611657860645563,1.351909128233201,1.0496675461741425,0.04011561375591034,0.3719252741062648,1868,eeg_data_level_4.csv,7,AF8,190.0078125,200.00390625
0.40846347550186424,0.4084634755018642,0.23440324660617787,0.7436971703204054,0.7134288009077472,0.8246049609508118,0.8246049609508118,0.6256383164983815,1.359689827357469,1.002170696913856,0.7041531404159806,0.7041531404159804,0.8418651566564165,0.8618452190326532,0.6296541554300957,0.8013030854972091,0.801303085497209,0.41761621843778646,1.7722107761336472,1.1109325252621938,1.6838679939065349,1.6838679939065342,1.3158940508392432,2.506870499250817,2.203685409845299,1.1496775550324088,1.2250423168391331,1.0548725293951473,0.7535476617159588,1.097728064198759,hjorth_mobility,hjorth_complexity,1.1630509156771989,1.1778337037933535,1.1175535330176734,1.3354585348318264,1.154180922403175,1.00711345646438,0.4842561189086379,1.292220212026408,1868,eeg_data_level_4.csv,7,TP9,190.0078125,200.00390625
0.39069706663093506,0.39069706663093495,0.22732366622355019,0.8194464515803832,0.5811981693038443,0.832395419308237,0.832395419308237,0.7190669685697146,0.8103704218936715,0.9693962216709878,0.6505854933254669,0.6505854933254669,0.6675605271698793,0.6906930580972559,0.66532469479957,0.6876978079378376,0.6876978079378374,0.29281327319801354,1.59828834686862,0.9374645703472417,1.0389257536000862,1.038925753600086,0.08041246862195381,2.7564679996626387,2.1135050614228548,1.1664552198205083,1.2712292178948463,1.047452575554926,0.7029330431691854,0.8697919702973158,hjorth_mobility,hjorth_complexity,1.1321392634332865,1.1068143534508934,1.0144701023455476,1.1235171632629528,1.3657041193376214,0.9929287598944591,0.4115266143568382,1.191236343354165,1868,eeg_data_level_4.csv,7,TP10,190.0078125,200.00390625
3.8207453798754027,3.820745379875402,2.9112047650577657,4.290072718907057,5.574668551910411,1.8986888864746017,1.8986888864746017,2.2026235484723324,2.6166462406221394,1.5333532759046715,2.0198028619040196,2.0198028619040196,1.2106098553617535,3.6867542065665355,2.4721157958897235,13.235560788426797,13.235560788426792,5.376014129168363,26.135641511114837,18.95206022584961,3.16876073614427,3.168760736144269,0.3082344591481298,0.9936427944006521,6.350295549403356,1.200257720737216,0.4644503345513268,0.4734749363670835,1.4197830709860457,0.3500593129213768,hjorth_mobility,hjorth_complexity,0.3361642181525458,0.5023010965001945,1.1752594672317487,4.667268053473687,4.653510332557821,1.2056992084432716,2.7481167992479762,3.0783398516304668,1868,eeg_data_level_4.csv,8,AF7,200.0078125,210.00390625
0.3658686577468695,0.3658686577468694,0.23252038140089598,0.4685545743466574,0.6243457350932929,0.3261440703086972,0.32614407030869713,0.24070858214682408,0.6583137593171309,0.3996000057822722,0.7562717553792451,0.7562717553792451,0.7555668906487696,1.311773867869209,0.7509815785890138,1.01416808226525,1.01416808226525,1.2753449912732324,0.7042553038293338,0.7426117853340787,0.9681069832320697,0.9681069832320695,0.08218845160791202,0.33004886630677305,2.1116560579767145,1.2218259990116414,0.7376468386523516,1.3849096837952288,1.0516272997262808,0.9244391302597676,hjorth_mobility,hjorth_complexity,0.6646005232441136,0.9990040800210236,1.18818497730959,2.623059340599714,1.1955658957164361,1.2198839050131927,0.3092551251725765,1.0326601642444013,1868,eeg_data_level_4.csv,8,AF8,200.0078125,210.00390625
1.1765522899980514,1.1765522899980512,0.6711247765283781,2.395704570389631,1.8484738932762554,2.5667680092011094,2.5667680092011094,2.043186613003811,4.508024227687013,2.3121253012122946,1.3140317191346702,1.3140317191346704,1.4549351428723922,2.0700564035504634,1.2808052596571018,1.87631929591896,1.8763192959189596,2.1590390956868517,2.315406437811136,1.5607835819994602,2.8400106375017566,2.840010637501756,1.4001721659194346,3.223530005797396,4.678048485439523,1.2141956689865194,1.3592504686216758,0.7977487860605103,0.6453789904990732,0.7916378928547337,hjorth_mobility,hjorth_complexity,0.9563292412960356,1.1459591270731346,1.09828136529682,3.9425652990768936,1.3978924319146024,1.0780369393139841,1.1039626903047197,1.9510849065187006,1868,eeg_data_level_4.csv,8,TP9,200.0078125,210.00390625
1.395293897166589,1.3952938971665887,0.8480395502249815,2.6427043385361415,2.1704495523758984,2.131774803142939,2.1317748031429384,1.8677999355464374,3.6109378020247687,1.7913243851332032,1.6521840675020056,1.6521840675020059,1.8647756737533037,2.515266741945276,1.861387915996896,1.4021194862369997,1.4021194862369992,1.3074762405937637,2.3660626594443968,1.5464919654789584,2.1287904405677787,2.128790440567778,0.20897864809664732,3.175474499210174,3.697283188333957,1.2741701122015072,1.1220568123920704,0.9092909140296391,0.48456680001890956,0.6053866762937883,hjorth_mobility,hjorth_complexity,1.0258804588448382,1.0778808474972388,1.1472468241331937,3.9106601463676007,1.618612289585329,1.0780369393139841,1.12205419910624,1.9670069248458912,1868,eeg_data_level_4.csv,8,TP10,200.0078125,210.00390625
0.3918839725878903,0.3918839725878903,0.32058015815118185,0.5190475138572425,0.4137199898278541,0.451915073660178,0.451915073660178,0.34176938839765264,0.43143875454511393,0.5824189522213385,0.5943411974862357,0.5943411974862357,0.6542698713808198,0.48883819949696644,0.5492219943836227,0.5708013710857256,0.5708013710857254,0.5106915905443212,0.8140049092605601,0.6531225962292656,0.1564647350448604,0.1564647350448604,0.015606445965975433,0.18201969080233044,0.2700101632009747,1.2125711114350948,0.9438239042871281,1.1315515834160519,0.6861386540912147,0.193103084627662,hjorth_mobility,hjorth_complexity,0.6646005232441136,0.7068987247497553,1.2446193686160933,1.378758384937295,2.5888599972628983,1.1915145118733508,0.3076865297779207,1.0300379195654248,1868,eeg_data_level_4.csv,9,AF7,210.0078125,220.00390625
0.013444905393391417,0.013444905393391415,0.011616240681676366,0.017772449818201596,0.015655811302744127,0.029180861368082026,0.029180861368082026,0.026495037899208772,0.04581640082233995,0.032798397087289946,0.0327446371870107,0.0327446371870107,0.02972464410284608,0.054367329319653365,0.03652479415212949,0.07174202998451024,0.07174202998451022,0.041507585433321115,0.11450898986642685,0.08993442566586377,0.0710030951252974,0.07100309512529739,0.005438527865292606,0.1854424224611703,0.14802590173840338,1.0148004491206946,1.1688974911232763,1.278720089031145,1.5561957331179437,1.3687988893892937,hjorth_mobility,hjorth_complexity,0.8404105453813646,1.0432714050568517,1.187991481649742,0.4740194116809213,-0.08276994662652251,1.1915145118733508,0.021220387939902812,0.2705052078952629,1868,eeg_data_level_4.csv,9,AF8,210.0078125,220.00390625
0.37400520325334413,0.37400520325334397,0.19625081310641224,1.0475140590332723,0.6080838475695975,1.367977313610318,1.367977313610318,1.412863621891968,1.2756644582065402,1.367528716011289,0.641943558308372,0.641943558308372,0.5822768685224866,0.5599752815871997,0.8064524296347283,1.05725952720133,1.0572595272013297,0.557554431171052,2.4952607934536535,1.326785613624244,2.1660904436534767,2.1660904436534767,1.259971333028871,4.236346104726511,3.1396423853857853,1.0562658619068381,1.5818381185713777,0.9115381573650592,0.884273006656759,1.3215849928889611,hjorth_mobility,hjorth_complexity,1.2171463071040451,1.16702911957537,1.3151291870646773,1.4266161140012343,1.876118790201177,1.2482532981530343,0.5848145775084572,1.4200644846212616,1868,eeg_data_level_4.csv,9,TP9,210.0078125,220.00390625
0.3892400694584847,0.3892400694584846,0.19667996497515827,1.0019967297196228,0.6330170540481115,0.8497088537565309,0.8497088537565309,0.9093834083527575,0.7966527836855316,0.8116069154936897,0.45288686563580455,0.45288686563580455,0.390671139421648,0.5657984934211536,0.5297048940009041,0.634126479904136,0.6341264799041357,0.2742321054398926,1.3549456230182506,0.8134287276374333,1.452826709530266,1.4528267095302665,0.12327817188033358,3.9990393407088165,3.1000868923138682,1.1798373442160912,1.2780632892850075,0.7832472978309202,0.6531223530596556,1.1542590405776936,hjorth_mobility,hjorth_complexity,1.253853894143691,1.197767528906787,1.205008042821511,1.1554223159722457,1.3381141371287806,1.1347757255936675,0.4232470581784837,1.2080806974096043,1868,eeg_data_level_4.csv,9,TP10,210.0078125,220.00390625
0.25203445808414976,0.2520344580841497,0.14439915218862576,0.5959958092120965,0.41911397567207004,1.4044627384472816,1.4044627384472814,1.2364416566771563,1.3604198528294782,1.3382625039859677,1.1261414186266863,1.1261414186266865,1.3024133864587328,1.5061681355391985,1.2404612659442062,1.7741563240883356,1.7741563240883353,1.3264549716451624,0.908955596637588,1.5539345512591978,0.4489885851059683,0.44898858510596834,0.07335688293811399,0.23749215848667307,0.573399382722814,0.9584787164985143,1.94643288899208,1.7509214184906132,1.6169493518309452,0.4344737688867526,hjorth_mobility,hjorth_complexity,0.5544777621251762,0.5948299589979958,1.1349902561936835,2.511391306117189,2.5888599972628983,1.1489604221635883,0.4348805185627707,1.2245709359183459,1868,eeg_data_level_4.csv,10,AF7,220.0078125,230.00390625
0.16210577565663747,0.16210577565663745,0.07734256183223485,0.3634536938873492,0.2678270523611602,0.5768108113572392,0.5768108113572392,0.4236100929348322,0.9014119916604062,0.6987848567280123,0.2576612710045058,0.2576612710045058,0.2618025789337221,0.20952690270949942,0.270685341148067,0.6649294953689254,0.6649294953689253,0.3956814413231076,0.34954834879063557,0.8627833567132868,0.23937781386590795,0.2393778138659079,0.02524067860152928,0.2669847150317805,0.46373932001029955,1.131958498412308,1.750934827061776,0.9406409064364187,1.3092978500101982,0.4798353348800789,hjorth_mobility,hjorth_complexity,0.794043067015496,0.8757992105603035,1.1129870354452622,2.1194137156887347,0.8139044751608047,1.1205910290237466,0.17539520734492975,0.7776923595594663,1868,eeg_data_level_4.csv,10,AF8,220.0078125,230.00390625
0.6402396903633836,0.6402396903633835,0.4399982804835803,1.0212561723519087,0.7750308889116198,1.3399977014269326,1.3399977014269324,0.9139795930589385,2.1641942032444286,1.7167084394391499,1.0351103650589972,1.0351103650589972,1.2054402133370479,0.7718711690643242,1.0859829468430378,1.6662437037049527,1.6662437037049525,0.9989836603612943,3.0837587979316656,1.970410132555172,2.1410437496246675,2.1410437496246675,1.2610377643165143,4.4681509499025305,3.121645369149857,1.1320422472596996,1.2693014069592956,1.0034738082562311,0.9527332061833237,0.9660915083375693,hjorth_mobility,hjorth_complexity,0.969853089152747,1.1545260078334636,1.1075967992066416,2.3108446319444913,1.1035992883536334,0.9361899736147756,0.7270984145041396,1.5834179722287847,1868,eeg_data_level_4.csv,10,TP9,220.0078125,230.00390625
0.6222519401393902,0.6222519401393901,0.4781282865043657,1.591786806312448,0.8137994206834531,1.5560532070814714,1.5560532070814714,1.1132810654615133,2.1539778169928203,2.0310263759426244,0.9966070637841971,0.9966070637841971,1.1270073272026304,0.8935580848637238,1.0848491312345296,1.1933803511251961,1.1933803511251955,0.5942167677605105,1.9827568654413579,1.513926004096624,1.2113384431354455,1.211338443135445,0.10466803521769238,2.1268431435382875,2.4247894492822097,1.164237145394489,1.471853589401702,1.025266720476697,0.7579755121145306,0.6677375040273377,hjorth_mobility,hjorth_complexity,0.9717850674179918,1.0220299366912189,1.0881532496156374,2.2401975080882,1.2415491993978376,1.0212981530343008,0.6536697294165409,1.5013368973378096,1868,eeg_data_level_4.csv,10,TP10,220.0078125,230.00390625
0.19439258255230207,0.19439258255230202,0.14927142887846243,0.25386573536271256,0.2736709013541807,0.2582677639927563,0.25826776399275625,0.18063076577844087,0.6333536366722484,0.3085783115307657,0.483350254232757,0.48335025423275707,0.391421539160691,0.6851585354558118,0.5570052808143159,0.2823744364283588,0.2823744364283587,0.26582879753297983,0.31812923245909475,0.3405716546787882,0.0779519810418635,0.07795198104186349,0.00968392313063006,0.09514076539762681,0.13247636313105832,1.2264306941254002,1.050118136677443,1.6745599332141121,0.6732574200779898,0.18974188945809586,hjorth_mobility,hjorth_complexity,0.595049305695311,0.6412836409038234,1.1094764713308785,1.0483121604481913,1.089804297249213,1.1205910290237466,0.17917388326491063,0.7860249368058876,1868,eeg_data_level_4.csv,11,AF7,230.0078125,240.00390625
0.009502508715821858,0.009502508715821856,0.004524448101742904,0.026828258196574823,0.015750013527535262,0.026094067881262496,0.026094067881262492,0.022340696442301314,0.04264080326852802,0.025861329371627034,0.03120050976306184,0.03120050976306184,0.026097894743854076,0.030149352864291202,0.03776937100192128,0.05367464869027195,0.053674648690271935,0.02768205502032396,0.20616424490680146,0.06985167996327298,0.052941202343889764,0.052941202343889764,0.004631273402432401,0.11354622743508615,0.10596143893540654,1.0467942316131928,1.3248489105370764,1.5310939757890445,1.5654091993710753,1.351701014508734,hjorth_mobility,hjorth_complexity,0.9524652847655465,1.0460886208255666,1.0765766807093071,0.3122147086552222,0.0459833036814014,1.0780369393139841,0.015848542645729304,0.2337726164288073,1868,eeg_data_level_4.csv,11,AF8,230.0078125,240.00390625
0.48638511395216294,0.486385113952163,0.3617431644478128,0.5439493104282147,0.8164150492042163,0.6351034409914971,0.6351034409914971,0.5861177292147807,0.9021960070421917,0.5895638867764784,0.442463565030844,0.44246356503084394,0.4049987153781105,0.6218437757761919,0.4398364371426347,0.7514850190401268,0.7514850190401265,0.35701411601929667,1.6588866768907864,0.9914540879795747,1.9640412601770212,1.9640412601770212,1.4928619426247667,2.2180372889423006,2.6357602952036023,1.1493261390543252,0.9108397520400563,0.6738908694899137,0.6584955414297988,1.1613241763264717,hjorth_mobility,hjorth_complexity,1.0432682632320387,1.2151206476517138,1.1585303853260396,1.125796102742188,0.855289448474066,1.0496675461741425,0.5189674698680771,1.337731763522258,1868,eeg_data_level_4.csv,11,TP9,230.0078125,240.00390625
0.30264332434755975,0.3026433243475597,0.17520475299916366,0.5195107849212993,0.47268343474600527,0.679433873332072,0.679433873332072,0.6749025410554201,1.110324522460289,0.6577695317414172,0.44897894326813076,0.44897894326813076,0.4666393295225117,0.5308292695473725,0.44073751084081036,0.6711987122932344,0.6711987122932341,0.3290170812233358,1.8397372940424666,0.9114786881572042,1.329336156735451,1.3293361567354507,0.10419244284851924,3.1299884790759585,2.687579273744523,1.1043436503721482,1.2559119868788884,0.896582706995219,0.8016958042388066,1.2497782779030937,hjorth_mobility,hjorth_complexity,1.2306701549607566,1.164702217966906,1.0728947347247724,1.100727768470601,1.1771725742438757,0.9929287598944591,0.3744149359425357,1.1362543364535718,1868,eeg_data_level_4.csv,11,TP10,230.0078125,240.00390625
3.3764075534834386,3.3764075534834395,2.3945114508052985,3.686842100787567,4.668971250843516,7.0459727218916655,7.0459727218916655,6.347436595825525,10.101934248649869,8.18175882600877,7.566681806046401,7.566681806046402,9.108753886644443,7.607340218804802,6.984074536416779,8.178005172274508,8.178005172274506,9.048081114513744,5.696212456023283,7.7518791830564995,1.3686625880062895,1.3686625880062895,0.16767667305340453,2.333201206151921,2.1624697181842665,1.158523947681744,1.318990289838241,1.393043819771456,0.9245920393336471,0.17457723984333626,hjorth_mobility,hjorth_complexity,0.8520024149728316,0.4100144486527096,1.0262180531220286,4.667268053473687,9.123087450390036,1.1347757255936675,3.1007718896648266,3.2698955504059444,1868,eeg_data_level_4.csv,12,AF7,240.0078125,250.00390625
0.16880047625352343,0.1688004762535234,0.13582107351256162,0.10645871814116929,0.22128096550743556,0.39362730601781,0.39362730601781,0.28371516060608143,0.4631631969257473,0.4615712601471738,0.3931564646624128,0.3931564646624128,0.3436949538228174,0.6158681122116678,0.4114846652646746,0.44332962156163813,0.4433296215616381,0.32127383427632283,0.38274339548003,0.4382425903569163,0.21138457016400533,0.2113845701640053,0.027709868851282703,0.09265496958253112,0.3477010436711307,1.0615742013264615,1.3777497362566007,1.3882928797733367,0.9474910069782653,0.4387022895561248,hjorth_mobility,hjorth_complexity,0.9640571543570137,0.9396188698141684,1.0335598313014014,1.8117568859919828,0.758724510743123,1.0354828496042217,0.15785692222679476,0.7377866400333409,1868,eeg_data_level_4.csv,12,AF8,240.0078125,250.00390625
0.6195355199257808,0.6195355199257806,0.6224807458895796,0.7704203906996088,0.3533563770718986,0.7221258986702099,0.7221258986702099,0.6240216156413428,0.9371888714521367,0.8617747817370047,0.5330061851941466,0.5330061851941466,0.530767537711959,0.26118009856005575,0.6437821777400567,1.189113520278782,1.1891135202787817,0.589680831985056,2.2505517908568944,1.5821433534034863,2.1662360922032757,2.1662360922032757,1.467095104245471,3.475179047975819,2.882158827081257,1.0203302009305868,0.8326683541633175,0.6167694119625561,0.771995784854405,1.0223120579021538,hjorth_mobility,hjorth_complexity,1.5088750251559673,1.2379515158388645,1.0474915188104519,1.9439353757876243,1.682988914739291,1.00711345646438,0.5706114077149143,1.4027142085057782,1868,eeg_data_level_4.csv,12,TP9,240.0078125,250.00390625
0.5456375449927349,0.5456375449927348,0.46693856001226225,0.5708277381130066,0.5762816989878986,0.6337989229165846,0.6337989229165846,0.5998134892167366,0.6863556594860696,0.7368062413628483,0.4689147939799228,0.46891479397992286,0.5016940911097151,0.8400675000366159,0.4609122802429434,0.8333681692500223,0.8333681692500221,0.505208402669952,2.2787285376523956,0.966257944012383,1.1672228614952245,1.1672228614952243,0.10604532961705558,2.5035692877480913,2.3851334129222113,1.0981264585743367,0.8651842134904366,0.659215442224446,0.6648030719274564,0.7750755268753862,hjorth_mobility,hjorth_complexity,1.4992151338297448,1.1961416207026074,1.0061663743143594,1.814035825471218,1.9634870671958395,0.9787440633245382,0.47257049557311454,1.2765336658949094,1868,eeg_data_level_4.csv,12,TP10,240.0078125,250.00390625
0.35918297405369604,0.35918297405369604,0.22198134020578136,0.7641772037907878,0.542810350414144,0.6750931773739164,0.6750931773739164,0.5643448102611898,1.15955830443427,0.5958625669710057,0.6769451844845878,0.6769451844845878,0.6287388469618695,0.5680415538309239,0.7981692488237325,0.6980201110734405,0.6980201110734404,0.4609266180812505,0.8550091862831206,0.7175717733006458,0.08527905832733897,0.08527905832733895,0.013719017305597367,0.11529670833641621,0.12397403971752986,1.2530890661471816,1.2867879614712718,1.2953143785784065,0.8333470948911854,0.1141645544993651,hjorth_mobility,hjorth_complexity,0.6394848057959348,0.5592546386478726,1.0965951888324308,1.1964432265984792,1.4438757355960037,1.1347757255936675,0.3019936133046235,1.0204643809504654,1868,eeg_data_level_4.csv,13,AF7,250.0078125,260.00390625
0.00930603300518249,0.009306033005182488,0.0054151836636650635,0.02244792587059974,0.01441958178539619,0.02630515406686094,0.026305154066860934,0.0160414369050445,0.029210414022731043,0.0365469620068042,0.03857653027794123,0.03857653027794123,0.04001786025272047,0.05206739314716965,0.03789744817927681,0.06623254136994754,0.06623254136994752,0.04093158536272426,0.16877642549483993,0.08884970640065175,0.054860565314454574,0.05486056531445455,0.003636405883902531,0.11463111986775555,0.11825542034228996,0.9920006976105404,1.3048847048396968,1.7435319618457998,1.7806771075889265,1.3438603249281018,hjorth_mobility,hjorth_complexity,1.0452002414972832,1.0268048339342182,1.064579949798736,0.3350041034475742,0.07817161625838237,1.0780369393139841,0.016572774292351076,0.23905431046660494,1868,eeg_data_level_4.csv,13,AF8,250.0078125,260.00390625
0.3423358437419025,0.3423358437419024,0.21541149419146216,0.6984417296148275,0.48760345324662846,0.6034355716791775,0.6034355716791775,0.43852952942202217,0.6803455519544568,0.6424158084452051,0.4645190663836602,0.46451906638366025,0.4611817778134056,0.47282821682129367,0.5026038128353947,0.8937010393021981,0.893701039302198,0.37768996834203195,2.5808685382533363,1.2449273710528352,1.8703289068050133,1.870328906805013,1.4126429611338998,2.581810659235061,2.3815275339075606,1.1231141918126344,1.074913494983793,0.8521913881091957,0.9426221220191038,1.3633824733508544,hjorth_mobility,hjorth_complexity,1.1475950895552427,1.2212822959721303,1.0616498726638957,1.0779383736782489,1.1495825920350349,1.0283905013192611,0.39956608530008875,1.173797771176872,1868,eeg_data_level_4.csv,13,TP9,250.0078125,260.00390625
0.41756289231742316,0.4175628923174231,0.2619623985626509,0.6584361949325476,0.5528493318918584,0.7642568987388358,0.7642568987388358,0.532173094740739,1.0857449216333421,0.9720845026468569,0.5683161444589309,0.5683161444589309,0.6510431707831189,0.4275574021332368,0.6444980951378834,0.625365220263782,0.6253652202637819,0.36538541653864876,1.803911402027558,0.768925553951397,1.1381651369284516,1.1381651369284513,0.08145254706913993,3.0716599977688492,2.3872836442940124,1.1845511013570664,1.2103409652501897,0.9275412178841876,0.6421467479072228,0.93108082920908,hjorth_mobility,hjorth_complexity,1.2364660897564905,1.1223346445833018,1.0695334386908428,1.1052856474290713,1.1679759135075953,1.0354828496042217,0.39780848224101867,1.1712132871815952,1868,eeg_data_level_4.csv,13,TP10,250.0078125,260.00390625
0.01591987366039018,0.01591987366039018,0.010719081848396395,0.022659101267051476,0.02907529065146584,0.02824089637246796,0.02824089637246796,0.021702336284980583,0.02764980108729343,0.028308582882047982,0.028550390581699867,0.028550390581699867,0.0180543437534349,0.04895057783356325,0.03579148944888739,0.04642357385310776,0.04642357385310773,0.032663593215723784,0.09215276214931713,0.049824504699151964,0.03191876157620537,0.03191876157620535,0.0043098707017576905,0.051564235930959844,0.06315176513412579,1.1268816420129308,1.121749921061242,1.145903975262385,1.0651387815902578,0.6781287175850765,hjorth_mobility,hjorth_complexity,0.7611994365063395,0.9642057733799985,1.1989654497868316,0.37146713511533735,0.26670316135212807,1.2198839050131927,0.022606679870022385,0.27920125324415623,1868,eeg_data_level_4.csv,14,AF7,260.0078125,270.00390625
0.006265048725178409,0.006265048725178408,0.0028728108373456663,0.01974915471867714,0.009492667707738406,0.020834509178526986,0.020834509178526986,0.017137647818995908,0.029988672674875098,0.018891240428508677,0.026370614036570088,0.026370614036570088,0.01776774768395377,0.05010239520678076,0.03318529756241209,0.05864501676279084,0.058645016762790825,0.03971511231379395,0.11707865867119004,0.07350402142416167,0.0628710366023727,0.06287103660237267,0.0044121592738457765,0.1271325481203496,0.13435408005922475,0.9082537090801339,1.2740006058271762,1.5788941776289653,1.954226385763537,1.839992603911915,hjorth_mobility,hjorth_complexity,0.9833769370094587,1.064368344732673,1.1820539291161232,0.3851407719907486,0.11035992883536334,1.1915145118733508,0.01850522385872076,0.25260744299489823,1868,eeg_data_level_4.csv,14,AF8,260.0078125,270.00390625
0.3803749963084751,0.380374996308475,0.2861397471241042,0.42932807930362116,0.4015666990713579,1.541717433578106,1.541717433578106,0.8034455448837312,4.6992982834110215,1.9186681799191445,1.8244116023169343,1.8244116023169343,1.6205603038427339,1.8018578877222762,1.850356933940131,0.8216162003225682,0.8216162003225681,0.6180556452516801,1.5573570589519776,0.9664072632869231,2.2294376577590365,2.229437657759036,1.7015961775645334,3.3012851738270377,3.034987182772823,0.9348794848868203,1.7200881579311291,1.9314079720475443,0.6477080479992268,1.1909051061814115,hjorth_mobility,hjorth_complexity,1.074179915475951,1.2185483461952595,1.1700350844158547,1.296716563684828,2.708416586834542,1.3049920844327176,0.5870951268685619,1.4228306400559683,1868,eeg_data_level_4.csv,14,TP9,260.0078125,270.00390625
0.32476239324025125,0.32476239324025113,0.2176585606851407,0.564365755640461,0.5478867993314318,0.6442736392082511,0.6442736392082512,0.7307526479371108,1.1410413996209272,0.519981968642834,0.34759502444769197,0.34759502444769197,0.3124294256667595,0.40793553311873126,0.46594402948501196,0.6809933885591425,0.6809933885591423,0.2810742492297771,1.506543959249767,0.9298180850681057,1.0359337573496652,1.0359337573496652,0.07641451568173088,3.462891553705074,2.338653913586527,1.1507160257427427,1.2045074120783832,0.7364063171028602,0.8173456657424838,1.0184905024481785,hjorth_mobility,hjorth_complexity,1.2306701549607566,1.1338762219557257,1.1020075388607486,1.214674742432361,1.2047625564527165,1.1064063324538258,0.36213437638558554,1.117464789543026,1868,eeg_data_level_4.csv,14,TP10,260.0078125,270.00390625
0.1951652151520558,0.19516521515205573,0.11925585927862342,0.38343114561874664,0.3670189505187776,0.2271919161653377,0.2271919161653377,0.17252308539908937,0.4002779601079582,0.23767329211648086,0.3447009843203879,0.3447009843203879,0.3813754460435127,0.2376073118226045,0.4061098932161389,0.3213879912173438,0.32138799121734374,0.3510788301178303,0.16599378139276458,0.24212484796849612,0.09429021454758373,0.09429021454758373,0.012954816655762617,0.08818729169720857,0.14839208204247314,1.2918388470030142,0.9569107418053829,1.2647351263339996,0.7410992326491849,0.22686023954049198,hjorth_mobility,hjorth_complexity,0.5100422620245523,0.6661169243688874,1.1405629311973036,1.171374892326892,1.0760093061447926,1.1347757255936675,0.1981358162672524,0.8265715733870133,1868,eeg_data_level_4.csv,15,AF7,270.0078125,280.00390625
0.011083072690503522,0.011083072690503524,0.007651573658837966,0.015446395393901647,0.011612601827077969,0.015978699708076853,0.015978699708076853,0.011794053947568515,0.028467210289319277,0.017215384120119883,0.028328871348954072,0.028328871348954066,0.020422273372748195,0.04369928755321391,0.03291771344155877,0.07196215485472758,0.07196215485472755,0.03504973636694983,0.1681333720047326,0.08891787176613902,0.0700428867077035,0.07004288670770348,0.005358642111175366,0.20430335396569663,0.14233753104639085,0.9953972470946576,0.8493111718425285,1.30806180546439,1.8099631067160413,1.5599520219328549,hjorth_mobility,hjorth_complexity,1.0084926544576374,1.0753977377009079,1.1053190788678604,0.36918819563610217,-0.027589982208840836,1.1205910290237466,0.015596379554536535,0.23190540403262735,1868,eeg_data_level_4.csv,15,AF8,270.0078125,280.00390625
0.5961474052232676,0.5961474052232675,0.5855118946667272,0.47038243038076644,0.6278822117753908,0.5410694270545988,0.5410694270545988,0.38697150467302827,0.5800547226336173,0.6143402399715159,0.4651788742582737,0.4651788742582737,0.5050387632112208,0.5278358799525837,0.3991814840767221,0.7321299705204701,0.73212997052047,0.41816377585880793,1.428805928639242,0.9888605034353417,1.806728499314592,1.8067284993145918,1.8004575133925624,2.9537067865764035,1.9267365373690857,1.092230984222989,0.761361843882168,0.6406494584122159,0.5903867584918666,0.9385374384486787,hjorth_mobility,hjorth_complexity,0.9891728718051923,1.2202634016777547,1.1925248085376077,1.125796102742188,1.5358423429588066,1.2908073878627968,0.5877352241869114,1.4236060697332693,1868,eeg_data_level_4.csv,15,TP9,270.0078125,280.00390625
0.3884256720356696,0.3884256720356695,0.24965867533182676,0.8711023351403752,0.5699278150934665,0.7191923371113191,0.7191923371113191,0.7600967057572148,0.9506592492562511,0.8037469774237738,0.550897203315256,0.5508972033152562,0.7537411912902603,0.3349817096822616,0.5057349426724806,0.6079333273007385,0.6079333273007383,0.3205828998658208,1.636710115785849,0.8470855930104753,0.9579425367355081,0.9579425367355077,0.07214995331815524,2.0276634183588516,2.099277405508163,1.2010467263092517,1.20110589028012,0.9495717741800113,0.6677467668066532,0.8575366600236838,hjorth_mobility,hjorth_complexity,1.1785067417991548,1.1108828317963382,1.0461812767709104,0.9639913997164891,1.089804297249213,1.0638522427440633,0.391259128041473,1.1615320896059267,1868,eeg_data_level_4.csv,15,TP10,270.0078125,280.00390625
0.022662877254856634,0.02266287725485663,0.01275380763737099,0.05709401223057689,0.03730857688524022,0.03398792939407775,0.03398792939407774,0.04152829428730239,0.03285459344893706,0.032779131319562116,0.07796255932374208,0.07796255932374208,0.06518521533499273,0.06218017434341022,0.09934108752420029,0.08986713283017848,0.08986713283017847,0.08048424379564041,0.13034948256910198,0.08824043709710354,0.035091753227708314,0.03509175322770831,0.00626438159764648,0.05232418367560902,0.06535663892711317,1.1912860307599225,0.971458985314987,1.9115256565586738,1.3750474669850117,0.5432176150255713,hjorth_mobility,hjorth_complexity,0.726423827731938,0.966948126943881,1.130434815516121,0.5902453251219164,0.16553989325304502,1.1205910290237466,0.023558359862309128,0.2850174806611872,1868,eeg_data_level_4.csv,16,AF7,280.0078125,290.00390625
0.010752578049329387,0.010752578049329383,0.008263698728842406,0.016609599182160574,0.01031556667121675,0.01625407538147107,0.01625407538147107,0.01039596650684935,0.04007940825573083,0.020296671998770513,0.028616596022878454,0.028616596022878454,0.03012380117329618,0.04285585268234808,0.025532918748155158,0.05948810415795543,0.05948810415795541,0.032021762928958995,0.08493832231094503,0.07677812256679704,0.06006739230185831,0.06006739230185831,0.006400134486614092,0.12168524277993331,0.1186124846273354,1.0189165521453107,0.9290091268388647,1.3850109419398966,1.64952619241627,1.4607299768065751,hjorth_mobility,hjorth_complexity,0.7496075669148723,1.0647300970394966,1.0961584414859171,0.4056512273038654,-0.11035992883536334,1.1064063324538258,0.014890385737732494,0.22659584669472846,1868,eeg_data_level_4.csv,16,AF8,280.0078125,290.00390625
0.42680295682397745,0.42680295682397745,0.3528184652290393,0.5422486294734629,0.434002088978065,0.8434289689314258,0.8434289689314258,0.5631265192536883,1.4006558487912064,0.8898066946106761,0.6265442581900086,0.6265442581900086,0.562868536039411,0.9287505745501998,0.6944625170594698,0.5644292042558705,0.5644292042558703,0.43654972581357515,1.4607408104321171,0.6369553832741028,1.5113282182655692,1.511328218265569,1.557428182507328,1.6933383748097512,1.5534082682239128,1.085897259755279,1.2410519702672405,0.9639143085533122,0.5508576042469454,0.9303983657088376,hjorth_mobility,hjorth_complexity,0.8558663715033205,1.1768100737230067,1.2169329039155674,1.4448476298351158,0.7909128233201039,1.1489604221635883,0.47371736749753635,1.2780817242917881,1868,eeg_data_level_4.csv,16,TP9,280.0078125,290.00390625
0.3717360076348141,0.37173600763481407,0.27804737626862386,0.5937642277569636,0.5439716914711715,0.9160659755769766,0.9160659755769766,0.6821663407895043,1.1463745387062598,0.8568206111612279,0.6997220066655863,0.6997220066655863,0.5821467588290441,0.8677607573530685,0.7653350287441262,0.5444230975189859,0.5444230975189858,0.37122618598441437,1.18926862796496,0.7116060512743031,0.6039383351738211,0.6039383351738211,0.03567023157900753,2.063384386333916,1.388050635222071,1.161843347232434,1.450751968986264,1.1945232864305464,0.6116093053307642,0.5825785435775164,hjorth_mobility,hjorth_complexity,0.8771181324210103,1.0137482886796827,1.1341775744223221,0.9229704890902555,1.2415491993978376,1.1347757255936675,0.38430820852150244,1.1511682462787542,1868,eeg_data_level_4.csv,16,TP10,280.0078125,290.00390625
0.15044453403493305,0.150444534034933,0.10618768870407852,0.19483121184493674,0.24501622580791682,0.37860870396321267,0.37860870396321267,0.41391687758841106,0.11895479505140621,0.4904444281655256,0.3905551939670027,0.3905551939670027,0.3871932949176443,0.37419998095318513,0.4779294692352652,0.33268805524615624,0.33268805524615613,0.3062131137954362,0.34433630666292847,0.290676493956502,0.0891626992231452,0.08916269922314517,0.013754985170159502,0.1372144629150055,0.12813292097508303,1.1432235804234938,1.420665329806873,1.532679972171605,0.8447282741081871,0.2348864756327427,hjorth_mobility,hjorth_complexity,0.7863151539545182,0.7756527481920191,1.142796423956691,1.3491321717072375,2.0646503352949224,1.1347757255936675,0.1593661643274468,0.7413051737769273,1868,eeg_data_level_4.csv,17,AF7,290.0078125,300.00390625
0.014106852151056858,0.014106852151056854,0.012458905659153282,0.012844905306857812,0.0160104546060781,0.02074537070352097,0.02074537070352097,0.017432451573898233,0.05063670397001888,0.022263067159983906,0.031687700927902844,0.031687700927902844,0.0389518666530012,0.027674227340239638,0.027181026050869316,0.10274702017850186,0.10274702017850185,0.05781971961649346,0.35201054503444834,0.12886020454822064,0.10433403627435799,0.10433403627435794,0.009573663929540331,0.10725615046073435,0.1798540974826936,0.960909290146141,0.8361199874949081,1.0987651905852065,1.9148835619389477,1.6928140818738666,hjorth_mobility,hjorth_complexity,0.8114308714026968,1.0659938027849805,1.1085919197430023,0.5104824433486845,0.041384973313261256,1.1205910290237466,0.020659030105316733,0.2669032950757513,1868,eeg_data_level_4.csv,17,AF8,290.0078125,300.00390625
0.7154902160765096,0.7154902160765095,0.5768801102291417,1.0194019483642989,0.6582690174582478,0.6209782967389414,0.6209782967389414,0.5693727034996164,0.825096329518676,0.563983120746292,0.49278725032832693,0.49278725032832693,0.4982289177023464,0.64918316796037,0.4525492618991115,0.8414283501518586,0.8414283501518586,0.36605702103754384,1.7134063380006983,1.1754930914760535,2.1337430100009627,2.1337430100009627,1.990139815059419,2.3928319052391296,2.583371841689114,1.1551215829415291,0.7272417367133384,0.5744621909218912,0.5655752735549022,0.9260983071418492,hjorth_mobility,hjorth_complexity,1.1804387200643993,1.2188966584116132,1.1205112523896343,1.6112102118192855,1.710578896948132,1.0780369393139841,0.6781252301587475,1.5291634980972237,1868,eeg_data_level_4.csv,17,TP9,290.0078125,300.00390625
0.39438779844122024,0.3943877984412202,0.2828454815555161,0.8587500865832141,0.47298579054314266,0.661489061558304,0.661489061558304,0.5453013697961032,0.8543416671559855,0.6827598976734819,0.5153488024338498,0.5153488024338498,0.4432408894037709,0.466840777132933,0.633480594619814,0.8506046433474344,0.8506046433474342,0.43663255148681474,1.8796922835790162,1.1437789422970257,1.1029883289734277,1.1029883289734275,0.08079878656812861,2.8973988655340004,2.3571060768458807,1.1662304453175292,1.1148933951898352,0.900544723313093,0.8654271363912786,0.9419540159706039,hjorth_mobility,hjorth_complexity,1.0606560676192394,1.1088730599270178,1.0408629103488045,1.0346385235727802,1.420884083755303,1.00711345646438,0.4499447869990414,1.2455999537341418,1868,eeg_data_level_4.csv,17,TP10,290.0078125,300.00390625
0.001219227924253096,0.001219227924253096,0.000720494079690485,0.002599657665553879,0.0018318318346158518,0.004365251100805444,0.004365251100805444,0.003140676970021728,0.010984598414741623,0.005369137019035761,0.010861671051212558,0.010861671051212555,0.009064543871402228,0.016097456214380478,0.013551742525267769,0.030895416590261956,0.03089541659026195,0.024045439438855617,0.06042963868123225,0.03845346461452301,0.036732124769146765,0.036732124769146765,0.01226806626395651,0.05223848473721264,0.05717083224920763,0.6209090068021228,0.9293746204418171,1.85221037218133,2.810184036764431,2.794986322773164,hjorth_mobility,hjorth_complexity,1.1495270678204872,1.1439417013329822,1.1040198937231671,0.24612546375740146,-0.21612152730258655,1.1064063324538258,0.00435335026482346,0.12252106884668881,1868,eeg_data_level_5.csv,0,AF7,120.01171875,130.0078125
0.005956657674673947,0.005956657674673945,0.003392454940519534,0.014086435624009297,0.009844248126075823,0.023456124174483093,0.023456124174483086,0.020617735297181628,0.024616544282210537,0.02328622271414884,0.0289333874066682,0.0289333874066682,0.02342363161764402,0.03898392411507994,0.03328327007026189,0.0636117986326604,0.06361179863266038,0.03839734694860674,0.08853279850641352,0.08006233316091542,0.04038946344603565,0.04038946344603564,0.0036900783259292305,0.07468194423716804,0.08084771134135602,0.9089887454813802,1.439583771141108,1.7710399863096336,2.1889611334279935,1.3293510014294683,hjorth_mobility,hjorth_complexity,0.9737170456832361,0.9848734510220442,1.06629929694767,0.3122147086552222,0.036786642945121115,1.0638522427440633,0.010456091820630663,0.18988194225561858,1868,eeg_data_level_5.csv,0,AF8,120.01171875,130.0078125
0.048772902181407236,0.04877290218140722,0.03690429208945224,0.06409258146203943,0.07681180338266894,0.1533614289307075,0.1533614289307075,0.14762401154496904,0.2999421949274991,0.13555657129732662,0.16478165922340424,0.16478165922340424,0.12369205216982118,0.1996842263984401,0.19114000691191702,0.5623012742030253,0.5623012742030252,0.3649534871678996,0.9326124175315403,0.743550887009272,1.530609421731594,1.530609421731594,1.6279471027631645,1.5585055305096693,1.5913550341489062,0.6888084184509405,0.955575426828991,1.0034399156432867,1.7580034604306354,2.774696548706965,hjorth_mobility,hjorth_complexity,1.6943449386194407,1.310533057591085,1.1283284770474906,0.8226971520039067,0.4184480635007527,1.1205910290237466,0.11917206882640749,0.6410415953523305,1868,eeg_data_level_5.csv,0,TP9,120.01171875,130.0078125
0.04281931831693534,0.04281931831693533,0.02412963298548823,0.10328305084946343,0.07191024622306341,0.11000944679492053,0.11000944679492053,0.1107245282400309,0.16782671589932915,0.11193271518171201,0.15707645946085996,0.15707645946085996,0.15079472853414735,0.14947963156312377,0.1851336959448814,0.284355951120977,0.28435595112097695,0.1821793255673352,0.5809600143508471,0.37989216484729194,0.4570631166607507,0.45706311666075067,0.02909175696904873,1.1622922887929878,0.9690904488337043,0.9367846006764878,1.1206855366808022,1.4648851687114515,1.5589243192608908,2.0582451425926926,hjorth_mobility,hjorth_complexity,1.441255785872409,1.1928142376602155,1.058791665345571,0.7360974517929691,0.40465307239633225,1.0496675461741425,0.0660243161719864,0.4771456041254339,1868,eeg_data_level_5.csv,0,TP10,120.01171875,130.0078125
0.00242371651648539,0.0024237165164853894,0.002020132178344098,0.004064492293794896,0.00409893587914745,0.003640077747876446,0.003640077747876446,0.0026894576844554915,0.00762923570352807,0.004429078275883034,0.009724305926340859,0.009724305926340856,0.006509822848503292,0.018017230315782267,0.011777013586364647,0.029861956799949577,0.029861956799949563,0.014573696829528623,0.06369094011484082,0.0388158958469215,0.033928033263218846,0.03392803326321883,0.012522502107370333,0.078142277984131,0.0551717920488689,0.8510283047908102,0.7097139503222578,1.5011467528006268,2.427604284717438,2.2825605935053153,hjorth_mobility,hjorth_complexity,1.2036224592473337,1.1621386981594435,1.1179958088116113,0.2734727375082238,-0.2345148487751471,1.1205910290237466,0.005219746890055765,0.13416019884322603,1868,eeg_data_level_5.csv,1,AF7,130.01171875,140.0078125
0.02643033061256131,0.02643033061256131,0.0219864746890494,0.05170440973628769,0.03004410234606373,0.052146337056111755,0.052146337056111755,0.03996942073639558,0.07518920316827937,0.0717154383714463,0.06414066124272509,0.06414066124272508,0.06271104931333277,0.08576966768591597,0.07134859742137097,0.06857358309731228,0.06857358309731228,0.054153064022283766,0.1026604820667348,0.06582984717491829,0.046461825100531,0.04646182510053097,0.003635009445215248,0.11253461007516644,0.09909657342114331,1.1343647283435712,1.2439348471084855,1.4581715251350713,0.967465586962287,0.6151966250562036,hjorth_mobility,hjorth_complexity,0.8597303280338097,0.9180326254072816,1.0911994241463858,0.4261616826169821,0.15634323251676474,1.092221635883905,0.030464364789186703,0.3241119432646972,1868,eeg_data_level_5.csv,1,AF8,130.01171875,140.0078125
0.06354932575210555,0.06354932575210553,0.045303980227797566,0.12738716191325417,0.06382080582057037,0.22366459819563436,0.22366459819563433,0.1332040192089695,0.3911894293281842,0.2845066428610237,0.2643030421685122,0.2643030421685122,0.37716839758247794,0.23264132538020874,0.2503824255353269,0.37910187410790697,0.3791018741079069,0.24541582978432225,0.9022726191659298,0.4620774209998565,1.0793841645665219,1.0793841645665216,1.303638393319189,0.9042999826976215,0.8499414990874131,0.8351809768324833,1.3191854153657745,1.44125981218732,1.2835121776002545,2.0187041782586737,hjorth_mobility,hjorth_complexity,1.4431877641376538,1.2670232951242253,1.119134668981002,0.8363707888793179,0.5334063227042561,1.092221635883905,0.11384393937847469,0.6265473952971286,1868,eeg_data_level_5.csv,1,TP9,130.01171875,140.0078125
0.0422022186176179,0.042202218617617894,0.028931650809895303,0.08233357921797313,0.057072331619148646,0.12455378762607942,0.12455378762607944,0.0715803948656542,0.2270346265021492,0.18096538059249634,0.16917558768472157,0.16917558768472157,0.1838909352894232,0.22476016792753245,0.16457277590263936,0.2558350861849404,0.25583508618494033,0.14486949092685808,0.5909396017631755,0.3308093242052349,0.32298473969714014,0.3229847396971401,0.028734668190413242,0.7180764790584052,0.6604119687667567,0.9453889254937667,1.3222805033854856,1.643371205085295,1.506265600816583,1.6279356224282127,hjorth_mobility,hjorth_complexity,1.1379351982290202,1.1162819689621495,1.0734365225723466,0.5742927487672701,0.7081428766935814,1.0638522427440633,0.06400659664565526,0.46979818969039,1868,eeg_data_level_5.csv,1,TP10,130.01171875,140.0078125
0.00211970699889767,0.0021197069988976697,0.0017104749356308415,0.002651815720480163,0.002975840917960776,0.004599849907474969,0.004599849907474969,0.003666297666413635,0.010303257060446998,0.005066976072916259,0.013486867295524474,0.013486867295524473,0.009210492878288288,0.025924857064318466,0.016305911614666328,0.03331379309326768,0.03331379309326766,0.019647701773556844,0.0546417018036418,0.045533727138342674,0.034705066025134436,0.03470506602513442,0.011018024751675274,0.06560518182443102,0.05547538785455251,0.7754807194184336,0.828624198976081,1.900446182858233,2.572322821941444,2.292738211207806,hjorth_mobility,hjorth_complexity,0.8404105453813646,1.1266712396586718,1.0388063279069921,0.24156758479893106,-0.16094156288490488,1.0354828496042217,0.007487009456131505,0.16067679561851655,1868,eeg_data_level_5.csv,2,AF7,140.01171875,150.0078125
0.043136165400467094,0.04313616540046709,0.028276647658312056,0.04226167016547373,0.05815032256733359,0.09725459271344279,0.09725459271344278,0.07455768924145265,0.21284057849807236,0.0922955988105364,0.10307672926842636,0.10307672926842636,0.10878555387134325,0.20465320373967108,0.10593316294126327,0.09596548767973416,0.09596548767973413,0.09444914468357242,0.20818385897949665,0.09567508248140631,0.06067269788302133,0.06067269788302132,0.003983957254071286,0.16638486962929405,0.1274599131610169,1.147513914917625,1.3935734712961534,1.462031804914819,0.8593040227624502,0.5171208760860341,hjorth_mobility,hjorth_complexity,0.703240088549004,0.8865621944306807,0.9735264207217267,0.45123001688856934,0.3770630901874914,0.9929287598944591,0.04682027970034317,0.4018055887367618,1868,eeg_data_level_5.csv,2,AF8,140.01171875,150.0078125
0.1703085870345376,0.17030858703453755,0.07693742444604591,0.42953318488068254,0.2631363052934482,0.5687479199376664,0.5687479199376664,0.5093298536323377,1.238083361754893,0.639379917705865,0.41036706946333373,0.41036706946333373,0.3628355969397725,0.38712769186131424,0.5231557765596214,0.4826539425233103,0.4826539425233101,0.35221684366671807,0.5735645468245943,0.5987913370043516,1.8428975108186736,1.8428975108186734,2.548963226989758,1.3979750746716524,1.188211223051816,1.0013725676436944,1.4647001764936443,1.1298961023940095,0.8179286248134944,1.5463326727318847,hjorth_mobility,hjorth_complexity,1.3465888508754278,1.274723244031248,1.0686986431297847,1.1349118606591289,0.6667579033803203,1.0496675461741425,0.24790042510481589,0.9245653363921187,1868,eeg_data_level_5.csv,2,TP9,140.01171875,150.0078125
0.08661492966546673,0.08661492966546672,0.04558861102782899,0.2636421716963418,0.1285325406904509,0.314444612818896,0.314444612818896,0.22833260092491528,0.49792662320860787,0.39888825962181945,0.23814164443662456,0.23814164443662456,0.21281124565498788,0.17582230263797927,0.3374818176535066,0.25994803688439583,0.2599480368843958,0.16513041287897606,0.4554211893315608,0.33513656880541454,0.45090162907676157,0.4509016290767615,0.03394229515179732,1.4029459523454977,0.9646061475862104,1.0432946774792347,1.6299567644004886,1.3192402289778922,0.9139250283394461,1.2776390195503242,hjorth_mobility,hjorth_complexity,1.1379351982290202,1.1177938759757386,0.9663007399382627,0.8751127600263162,0.41384973313261253,0.9290976253298152,0.11789048154913793,0.6375853682521505,1868,eeg_data_level_5.csv,2,TP10,140.01171875,150.0078125
0.001626234911012637,0.0016262349110126365,0.0009725687236795412,0.0032289638642327314,0.002032963858789291,0.006998325428805678,0.006998325428805678,0.0055832851847985214,0.013894797043808891,0.007680070436396531,0.010430605638213412,0.01043060563821341,0.008937885477519817,0.013213049525903003,0.01258132598233147,0.035782439006986085,0.035782439006986064,0.03041107265419772,0.07360253524926243,0.04399308000700785,0.035618354755355824,0.03561835475535582,0.011710377489656792,0.07136259877876959,0.061105323664431735,0.6758974738219978,1.1711552132260756,1.5938731066136904,2.8091532046287853,2.425505202276498,hjorth_mobility,hjorth_complexity,1.139867176494265,1.1119929590303597,1.1467658492072856,0.2620780401120478,-0.2115231969344464,1.1489604221635883,0.004772823787259589,0.12828818812427722,1868,eeg_data_level_5.csv,3,AF7,150.01171875,160.0078125
0.02354762504136617,0.023547625041366167,0.013713737849295719,0.04558983862732292,0.03779131489388069,0.060049774862133865,0.060049774862133865,0.04101569265432875,0.10859685297340185,0.07185156328148358,0.06351135795505372,0.06351135795505371,0.0538418739333162,0.08473868620552538,0.07502530701811959,0.09454603925170932,0.09454603925170929,0.06782830471122042,0.19845216450464162,0.1246777821679144,0.0801996879976352,0.08019968799763517,0.005985413993241635,0.19920592399219414,0.1730335510077616,1.0926679447835645,1.384165903573214,1.4403293241574215,1.2841575038462871,0.985521592194071,hjorth_mobility,hjorth_complexity,0.969853089152747,0.985543823104611,1.1200081636740298,0.40109334834539495,0.16553989325304502,1.1205910290237466,0.03283805378433035,0.33650202037920685,1868,eeg_data_level_5.csv,3,AF8,150.01171875,160.0078125
0.3778182282477341,0.37781822824773403,0.301802024524508,0.3604868554068275,0.3116693710866877,0.5413056755238236,0.5413056755238236,0.3299458179292144,0.9956118203405765,0.6544817465695868,0.588482390572894,0.588482390572894,0.5217670711510788,0.5969851931198005,0.636160397506549,0.6207245241520695,0.6207245241520694,0.33282430174216926,0.9213077924926303,0.8033904817587921,1.6243560895218532,1.624356089521853,1.893908607920634,1.5675402453558358,1.4983708841720313,1.0680741888640977,1.0120784581383704,1.0344650295283457,0.6841243468183302,1.0676567659637313,hjorth_mobility,hjorth_complexity,0.8326826323203865,1.2109774805726472,1.0527324869686185,1.0483121604481913,1.1679759135075953,1.1489604221635883,0.45347506325823017,1.2504769079669122,1868,eeg_data_level_5.csv,3,TP9,150.01171875,160.0078125
0.06648903513456324,0.06648903513456322,0.03394775251588603,0.1725641352275305,0.1076491679806905,0.27715516779297006,0.27715516779297006,0.2839377432795923,0.6370128965652342,0.2716893733888113,0.26898084222622964,0.26898084222622964,0.24352319911758952,0.2812827136718501,0.33767524567573654,0.3823340126847186,0.3823340126847186,0.35874470069170045,0.848726760139838,0.41859697375927224,0.38455987936514957,0.3845598793651495,0.02727511493713513,1.2152201522446757,0.7854114858531721,0.9613489141231392,1.635486569091485,1.637211130833403,1.4066224956200613,1.2625677713068129,hjorth_mobility,hjorth_complexity,1.1630509156771989,1.0779341177646289,1.0728339218031058,1.0300806446143098,0.4690296975502942,1.0638522427440633,0.10738695454253383,0.6085198285484918,1868,eeg_data_level_5.csv,3,TP10,150.01171875,160.0078125
0.00369306888013283,0.003693068880132829,0.0030233490342870635,0.0034964978912886994,0.0052279128521796345,0.005303712804071463,0.005303712804071463,0.003882626446658097,0.009778003441349823,0.006973482697368315,0.010919409260699188,0.010919409260699186,0.008925978278374354,0.013980065253876264,0.012446738979940109,0.034141407994857806,0.034141407994857785,0.020990759900566733,0.07762384641858773,0.04179954862386469,0.03562422309261905,0.035624223092619034,0.010970884279607664,0.050174407619772994,0.05805128792039626,0.923813709888394,0.7704660126585372,1.3148355259239843,2.164336329094267,1.9172664313354684,hjorth_mobility,hjorth_complexity,0.9408734151740793,1.138656558481426,1.1409443940695752,0.264356979591283,-0.17933488435746545,1.1489604221635883,0.00664523778284598,0.1513750271397403,1868,eeg_data_level_5.csv,4,AF7,160.01171875,170.0078125
0.025909442231062854,0.025909442231062847,0.015928271706321124,0.07363005917733063,0.03620390150325462,0.11078832679346003,0.11078832679346003,0.12919261682674857,0.13270073645086128,0.10552352836810698,0.09806262172529767,0.09806262172529766,0.09983626653221185,0.06522844119958748,0.09577528189464972,0.1127718489580914,0.11277184895809136,0.07943029914748034,0.30227821917885284,0.14977479507234248,0.1098571014842622,0.10985710148426218,0.008777559895939745,0.2606508936501685,0.22048459593573744,0.9963039802407594,1.6886845929122385,1.6042451752693263,1.1890505030829808,1.015030075280625,hjorth_mobility,hjorth_complexity,0.9679211108875028,0.999533720398223,1.094035517675014,0.42844062209621736,0.3862597509237717,1.1205910290237466,0.04097407888918377,0.3758837672003554,1868,eeg_data_level_5.csv,4,AF8,160.01171875,170.0078125
0.14906434406581218,0.14906434406581215,0.09174176581846138,0.37635361165845943,0.21008046350282358,0.9627368580950884,0.9627368580950884,0.7797270203424677,1.968375553461938,0.9007120312828346,0.7852972739213161,0.7852972739213162,1.1203935030019527,0.8692902128270367,0.5964195967997626,0.8446169168537725,0.8446169168537723,0.6379673373148019,1.7350992676560064,1.0401172862420267,1.6364825490244475,1.6364825490244475,1.9203879267194244,1.484588637210216,1.4375737309135384,0.8354405807944136,1.9325738444387117,1.6670811373277552,1.1798464506621198,1.4166036833810485,hjorth_mobility,hjorth_complexity,1.3543167639364058,1.1592320211437999,1.0757142429111277,1.342295353269532,1.0714109757766526,1.0212981530343008,0.303399272170899,1.0228365495119243,1868,eeg_data_level_5.csv,4,TP9,160.01171875,170.0078125
0.10574357439827098,0.10574357439827096,0.057022446775321006,0.23319601828264183,0.1596837146720525,0.5552220953559494,0.5552220953559494,0.5835888825752185,1.0172884709017826,0.44997595335734536,0.37729944428024287,0.3772994442802429,0.4080593556097255,0.3818388693241161,0.3081727046218417,0.2591323311779003,0.25913233117790024,0.2416863419804324,0.2775662740467409,0.3295011301075791,0.3353448138105445,0.33534481381054443,0.023469264440273314,0.9923346785794093,0.6688153722094254,1.003634110359288,1.9747821412625797,1.5388284324535795,0.7319131357479732,0.8038204611135422,hjorth_mobility,hjorth_complexity,1.1572549808814652,1.0237219811195553,1.0613236942658664,1.2374641372247128,0.5747912960175174,1.00711345646438,0.16422420036476948,0.7525191376164211,1868,eeg_data_level_5.csv,4,TP10,160.01171875,170.0078125
0.004365924878637995,0.004365924878637994,0.0031664240679984868,0.0024753790381687583,0.006006142394486939,0.004935553863769388,0.004935553863769388,0.002468561246545903,0.012828540599910038,0.00639422040026493,0.012236252946648,0.012236252946647999,0.009841243721248566,0.021135309370305937,0.013555419973971698,0.032111647302838636,0.03211164730283863,0.023862991346519827,0.08715577932457401,0.037653483198891224,0.037010290560255725,0.037010290560255704,0.01130358825381875,0.03810288453556704,0.06235724371583512,0.9282617993809698,0.6821883514686166,1.3383073608697937,1.8901353255011029,1.8129297354992173,hjorth_mobility,hjorth_complexity,0.8867780237472331,1.1353790688366463,1.0636953982108595,0.2620780401120478,-0.12415491993978377,1.0638522427440633,0.007288467617559416,0.15853205360581676,1868,eeg_data_level_5.csv,5,AF7,170.01171875,180.0078125
0.023688309842569977,0.023688309842569977,0.013106677717284474,0.0514442590353608,0.034939629462780224,0.045163121220881376,0.045163121220881376,0.030357665515406227,0.06942930729033368,0.05436071293958991,0.05435031408409737,0.05435031408409737,0.05488946420497537,0.06905723271550454,0.05850987841151428,0.07975495696753925,0.07975495696753923,0.0877547356002974,0.13516800161098244,0.07848854514396157,0.06390395575280051,0.0639039557528005,0.0056453545491239295,0.1877048178887597,0.12273052941602448,1.16246756661808,1.1810774938788013,1.3396298869439724,1.1671397773123313,0.859679820941314,hjorth_mobility,hjorth_complexity,0.8848460454819884,0.9705295094389099,1.0382590116119939,0.42160380365851174,0.19772820583002598,1.0496675461741425,0.03031637587120769,0.3233237540351398,1868,eeg_data_level_5.csv,5,AF8,170.01171875,180.0078125
0.10782453280040181,0.10782453280040177,0.0719816020740132,0.13085445265292212,0.1527896637600627,0.3025957170097305,0.3025957170097305,0.16543288741394774,0.7213767681277446,0.3920784765967158,0.3278151627288482,0.3278151627288482,0.2526714845730073,0.42331230078373094,0.3416006456250682,0.7114831569086247,0.7114831569086244,0.3745796347277265,1.8928903497556684,0.9877578323213961,2.0057828517761505,2.00578285177615,2.2883330891843663,2.374551358370985,1.7973574475788494,0.8157098015264355,1.1244989170315705,1.160281030513836,1.4096827160690097,2.237562426633237,hjorth_mobility,hjorth_complexity,1.3349969812839608,1.2671615591576693,0.9840857553019992,0.8751127600263162,0.7403311892705624,0.9787440633245382,0.21527329446517957,0.8615769065662583,1868,eeg_data_level_5.csv,5,TP9,170.01171875,180.0078125
0.02980751152527539,0.029807511525275387,0.013740168962660462,0.07852048330749244,0.055006485181028235,0.0898467631302336,0.0898467631302336,0.05772820879837877,0.22299289909659875,0.10365103092790344,0.11024059571570678,0.1102405957157068,0.09924574324750933,0.1250402913222621,0.13092916813432312,0.3241607359268537,0.3241607359268536,0.14469407675930726,0.9187913389662937,0.4062548327053296,0.45634257947645934,0.4563425794764593,0.03909283088758335,1.375545242605459,0.930542494848826,0.8364642308317829,1.1218602810067466,1.2845801559251604,2.019256050268987,2.364765775986265,hjorth_mobility,hjorth_complexity,1.1727108070034213,1.1822228836755946,1.0222375709765856,0.654055630540502,0.19312987546188584,1.00711345646438,0.06677543806862551,0.4798520384766516,1868,eeg_data_level_5.csv,5,TP10,170.01171875,180.0078125
0.00618630898100206,0.00618630898100206,0.005587335351092602,0.0023838087821876595,0.010705722780771768,0.006009736782361928,0.006009736782361928,0.003990758645152123,0.010054496288719033,0.006895580404391289,0.012912606131252322,0.012912606131252322,0.0096113647216315,0.021947186842663394,0.016131822613647345,0.030519187849182804,0.03051918784918279,0.021059219642974233,0.05233778627475562,0.03624100610423407,0.032471649308700105,0.032471649308700105,0.012290219204303728,0.055317440159212306,0.05047757182446032,1.0143632638897397,0.6849032845524623,1.2112648287864576,1.5577446992306372,1.402958125102222,hjorth_mobility,hjorth_complexity,0.9930368283356814,1.1177748153827243,1.0926589342663817,0.25524122167434227,-0.09656493773094292,1.1064063324538258,0.008658310758652631,0.17278878697177197,1868,eeg_data_level_5.csv,6,AF7,180.01171875,190.0078125
0.020485849104493973,0.020485849104493973,0.012839167129603946,0.03522785706970887,0.030106274247176712,0.03678779021908967,0.03678779021908967,0.024810832296222707,0.03669831380976489,0.05290956113390386,0.058605947970630824,0.058605947970630824,0.050185359345215605,0.09144014700357053,0.06673672119344722,0.0760449121104766,0.07604491211047659,0.07046495804561631,0.21661547210791957,0.0903569824494049,0.048905982521435756,0.04890598252143574,0.004813806780430873,0.11708405458364757,0.09738663248835809,1.154915388767576,1.1273588280695566,1.6325602014862959,1.2965452818475958,0.7829630763723278,hjorth_mobility,hjorth_complexity,0.8017709800764743,0.9351923482833376,1.0834817115421658,0.4261616826169821,0.05058163404954153,1.092221635883905,0.02343199823999455,0.2842520688112477,1868,eeg_data_level_5.csv,6,AF8,180.01171875,190.0078125
0.13746005526497385,0.13746005526497382,0.07756242829780169,0.3034925301758644,0.2347572147661801,0.5094727572984007,0.5094727572984007,0.4735038716754829,0.7315841009736008,0.4631312351469594,0.7932927227225175,0.7932927227225175,0.6562693415303447,1.1624187890643245,0.8471749082679975,0.884539447381836,0.8845394473818359,0.7607388569963688,1.3559018578923898,1.061271773911212,1.933507365435783,1.9335073654357826,2.3440146802540047,2.498300786008531,1.5966042292739848,0.8689193336650922,1.3402928235567555,1.9462163570311215,1.3624090693890463,1.7435383958261528,hjorth_mobility,hjorth_complexity,1.3272690682229826,1.2158497607178094,1.132441641931115,0.9457598838826075,1.057615984672232,1.1064063324538258,0.25120714203416816,0.9307112478310697,1868,eeg_data_level_5.csv,6,TP9,180.01171875,190.0078125
0.04130270117479547,0.04130270117479547,0.02652811063704393,0.11196703740294803,0.05275081801499398,0.20846399868601714,0.20846399868601714,0.20418901559439626,0.439431734538361,0.18183682451427913,0.1629080716855627,0.1629080716855627,0.16514074951973454,0.1653226261713405,0.16671713346820186,0.373334796045774,0.3733347960457739,0.20601109062028936,0.5648400455233223,0.4801900820406754,0.4316701614679713,0.43167016146797127,0.02963835009803953,1.1030462957506537,0.9122105941316776,0.8413293064279941,1.6243233042188334,1.3716512937283647,1.7712665277631936,1.7755711338693023,hjorth_mobility,hjorth_complexity,1.2132823505735564,1.1229452631433063,1.0656469401516118,0.7634447255437915,0.28509648282468864,1.0496675461741425,0.08869430318107549,0.5530276356460222,1868,eeg_data_level_5.csv,6,TP10,180.01171875,190.0078125
0.0021003805341558756,0.0021003805341558747,0.001631573724554454,0.002597937200172419,0.0033091062349014304,0.005459840841750459,0.005459840841750459,0.0038957945885851305,0.013623948211716733,0.005879625885082703,0.013939282721337341,0.01393928272133734,0.011457086687915013,0.02046470843237886,0.015691264589600965,0.03563896731461461,0.0356389673146146,0.02280072168674972,0.09136681497026321,0.04193536646067037,0.03478896200038036,0.03478896200038036,0.009982631008488575,0.062172511611795996,0.06155424124233546,0.7626080613976592,0.9377359777376181,1.9077573838079742,2.6727784958050798,2.2797006039254804,hjorth_mobility,hjorth_complexity,1.0316763936405715,1.0979182354575925,1.202641867323942,0.26891485854975344,-0.2207198576707267,1.2056992084432716,0.005292291032518415,0.1350892624550631,1868,eeg_data_level_5.csv,7,AF7,190.01171875,200.0078125
0.016917919271670318,0.016917919271670315,0.009896775495131446,0.03057518464694187,0.029867465586438855,0.04602298216950142,0.04602298216950142,0.0322543941322102,0.041823134207527035,0.06124271519882441,0.03747923082750696,0.03747923082750696,0.029175850109176817,0.053950821879968816,0.04820394902017673,0.07553221506437703,0.075532215064377,0.043409638440922514,0.2028796744946294,0.08816470942016037,0.04807508572479216,0.04807508572479216,0.003918866763640905,0.08113408256287478,0.09931896185402145,1.106860681081465,1.4452069040713635,1.2463010906047816,1.4189580089519556,0.8499081699061292,hjorth_mobility,hjorth_complexity,0.8133628496679414,0.9534316385617038,1.1874331084598952,0.36007243771916136,0.0919666073628028,1.2056992084432716,0.023639034413866004,0.28550507839756856,1868,eeg_data_level_5.csv,7,AF8,190.01171875,200.0078125
0.13923094155750645,0.13923094155750643,0.07068163602528474,0.3601720093737195,0.2542379381253147,0.49429808446416257,0.49429808446416257,0.3183224365793245,0.7719136636332213,0.6490219522049183,0.4186082480860482,0.4186082480860482,0.32343570229876556,0.7159891227329208,0.4796985246947065,0.6932250548448563,0.6932250548448562,0.31216842344930734,1.4050044226228307,0.9282720646876195,1.8244329606446126,1.8244329606446126,1.818582739764315,1.9798695405750486,2.0102715032527887,0.9182373793669976,1.4016160748386182,1.2310432111758869,1.1900869237439708,1.9285083379246304,hjorth_mobility,hjorth_complexity,1.2789696115918696,1.2318805786990943,1.1815397835056698,1.3172270189979447,1.1725742438757356,1.1631451187335091,0.2779327414178058,0.9789687454764002,1868,eeg_data_level_5.csv,7,TP9,190.01171875,200.0078125
0.06684079800375307,0.06684079800375305,0.03631113851252448,0.12440343515694446,0.1161023606209482,0.2642737968928181,0.2642737968928181,0.2216760277227667,0.3174240649540132,0.314181646107928,0.22348262838254815,0.22348262838254815,0.17063867206614505,0.3587569121678964,0.2617886128109816,0.42072561585365736,0.4207256158536572,0.2233466526287608,0.5792951616816963,0.5989964231090589,0.7369506611268393,0.7369506611268392,0.056812772184854275,1.2517709602117963,1.5420936192995702,0.9018181917626251,1.4555616759652636,1.3121399565964413,1.4115390300303665,1.9965360427091048,hjorth_mobility,hjorth_complexity,1.4026162205675188,1.167321662455687,1.193873749709119,1.0733804947197785,0.7403311892705624,1.17732981530343,0.14151175244728548,0.6985463468304333,1868,eeg_data_level_5.csv,7,TP10,190.01171875,200.0078125
0.00174206485260207,0.0017420648526020697,0.001546906555813742,0.002116841464288891,0.001811173736810274,0.005319252303632422,0.005319252303632422,0.002832498874129034,0.015771845392671496,0.006405887886573058,0.011257835817236364,0.011257835817236361,0.008169499157371427,0.0177396593959229,0.013128244014762293,0.03334788960664569,0.03334788960664567,0.025356363035314484,0.05683775377886142,0.04086459844272484,0.03050265872915809,0.030502658729158052,0.004526228618856899,0.07857607162443508,0.05550088769734006,0.6897784603694675,1.0088761322175739,1.7646883624595586,2.7460632216273835,2.277336040503227,hjorth_mobility,hjorth_complexity,1.1900986113906225,1.101889183453501,1.1905787950442803,0.25524122167434227,-0.2575065006158478,1.1915145118733508,0.004510458135896098,0.12471230302851978,1868,eeg_data_level_5.csv,8,AF7,200.01171875,210.0078125
0.011151627332484282,0.011151627332484284,0.008619677468538575,0.019113072132342437,0.015781415983967192,0.03516424826752285,0.03516424826752285,0.020469134860903026,0.08907248396744338,0.04248945021730559,0.03929282885562329,0.03929282885562329,0.03743933417233472,0.05922746045574217,0.040045248302276765,0.08496693395722882,0.0849669339572288,0.0519952184048093,0.152431718663182,0.10108528451577727,0.049274957562079696,0.049274957562079696,0.003932952456478769,0.13147528453058424,0.10242305417802518,0.9809458292148528,1.4576697985341918,1.5683353334251948,1.8952650056191938,1.070788577587433,hjorth_mobility,hjorth_complexity,0.9969007848661704,0.9616756524345638,1.158154450901192,0.3486777403229854,0.0,1.1489604221635883,0.01789091958953745,0.2483792452571817,1868,eeg_data_level_5.csv,8,AF8,200.01171875,210.0078125
0.0763516383820952,0.07635163838209519,0.05702285463037467,0.19935195757787075,0.11441485815177015,0.29599620827319584,0.29599620827319584,0.21547819863395654,0.5106856317845037,0.32825167977404296,0.37226535361116236,0.37226535361116236,0.27258442196129856,0.716376217275718,0.42002219307098543,0.6469149496551174,0.6469149496551173,0.34624666491143946,1.5307113147532225,0.8449204301768323,1.874156596116731,1.8741565961167308,1.9055043040951445,2.297408776701063,1.8908666384704569,0.7562923643890718,1.2205142104800686,1.4612845939740116,1.4729011082803465,2.461035296302757,hjorth_mobility,hjorth_complexity,1.5359227208693902,1.2692256302143865,1.23159987493204,0.9389230654449018,0.6529629122758998,1.2482532981530343,0.1871280512001999,0.8032827087520173,1868,eeg_data_level_5.csv,8,TP9,200.01171875,210.0078125
0.04824550483429162,0.048245504834291617,0.03431772368000013,0.10381249649789981,0.06276772010287013,0.1596131367286794,0.15961313672867938,0.13463546265722431,0.2304024242821151,0.16539360147747192,0.18327659368992905,0.18327659368992905,0.1738781645863239,0.21695361235210922,0.20486766650208485,0.3633479649068657,0.3633479649068656,0.20229215105154627,0.7183161467951434,0.44531931116443957,0.42553308274771784,0.42553308274771773,0.034027863526684396,1.0515158578573152,0.845749192228627,0.9177157692274606,1.332398091931299,1.495038083678844,1.713671627642715,1.730905307912529,hjorth_mobility,hjorth_complexity,1.1978265244516002,1.1332310996969808,1.1990649618404676,0.733818512313734,0.22991651840700697,1.2056992084432716,0.09002213478898298,0.5571519116626238,1868,eeg_data_level_5.csv,8,TP10,200.01171875,210.0078125
0.04614607037016365,0.04614607037016363,0.045127917923622314,0.018179625687592633,0.05315225166016265,0.12696685391352636,0.12696685391352636,0.14256486653307804,0.04829095436492483,0.13391708419649934,0.09967110005711248,0.09967110005711248,0.12277835370303879,0.06670452404837332,0.11256116090240793,0.10028268204721075,0.10028268204721072,0.1012026836711757,0.0941233928618904,0.10634811802515695,0.03084898877261702,0.03084898877261699,0.0034334891820555005,0.045729220825782346,0.057085112521961794,1.0297858392567147,1.4813913953142155,1.2687174835893502,0.8044191880367618,0.25757220405545295,hjorth_mobility,hjorth_complexity,0.6530086536526465,0.8872419872897928,0.9612919665719136,0.6927976016875004,0.7817161625838237,0.9929287598944591,0.05474278920390653,0.43447263901643035,1868,eeg_data_level_5.csv,9,AF7,210.01171875,220.0078125
0.10620171711203981,0.10620171711203978,0.057125532839367305,0.1502431762572705,0.1992076143138147,0.13767366609883921,0.13767366609883921,0.10466143559896135,0.08563708378482753,0.17820950508138594,0.06459440999245836,0.06459440999245836,0.0628227505313175,0.08817202609839257,0.07058247903052411,0.0835790673887226,0.08357906738872256,0.055509075167212846,0.17813554401956352,0.10765654302922233,0.06429971980890627,0.06429971980890625,0.007528034287994345,0.13411225534691645,0.12043753330181807,1.3029632993026696,1.0240768279548977,0.5480346501999908,0.4178315673294213,0.2855540594393907,hjorth_mobility,hjorth_complexity,0.6220970014087341,0.8285143916335249,0.9313443668748791,0.6722871463743836,0.6161762693307786,0.9503746701846966,0.089149500742846,0.5544449457611705,1868,eeg_data_level_5.csv,9,AF8,210.01171875,220.0078125
0.5204238695936908,0.5204238695936908,0.38137076850845575,1.2932283215371827,0.731024238088481,1.162225695066735,1.1622256950667351,1.2493952729123332,0.7651676575665197,0.8065651684016137,0.6033874838817554,0.6033874838817556,0.9578210758322723,0.42099785498846215,0.45652188554784057,0.7906831934497266,0.7906831934497265,0.6002465478704331,2.1234864884754714,0.9147584156342763,1.9548788678979012,1.954878867897901,1.4572218717300842,3.3240160936832943,2.618347991639506,1.1194828319755596,1.2095333190540685,0.7161944486103006,0.584668979856698,0.99251778359076,hjorth_mobility,hjorth_complexity,1.1611189374119544,1.172027543026976,0.8841148405297128,1.1964432265984792,2.1382236211851646,0.8936358839050131,0.6934811489947215,1.5463802744447739,1868,eeg_data_level_5.csv,9,TP9,210.01171875,220.0078125
0.5175499068465793,0.5175499068465792,0.3089871839065874,1.170412675196157,0.6602311370603329,1.1933442167474857,1.1933442167474857,1.327183244666196,0.6284345085171702,0.710507320520958,0.4815394553310074,0.4815394553310074,0.695849433455758,0.3442837167154596,0.28462055500270195,0.48939260213325075,0.4893926021332506,0.2574976798590647,0.9692273295797406,0.6597563735889526,1.0217763348342987,1.0217763348342987,0.07459923923606065,1.5538077074973355,2.1008158306534384,1.1878396437142458,1.284926153129331,0.6435084300855956,0.4218672908920505,0.6887824828147837,hjorth_mobility,hjorth_complexity,1.0471322197625277,1.085072268409257,0.903458878067081,1.2648114109755353,2.1612152730258654,0.9220052770448548,0.6672016182068684,1.5167971942895369,1868,eeg_data_level_5.csv,9,TP10,210.01171875,220.0078125
0.3899676113270938,0.38996761132709373,0.21429756464245017,0.7008423862793915,0.6935078858758278,0.5968417977154763,0.5968417977154763,0.47443732413556433,0.6174472542497994,0.6127554024120705,0.26576239309791233,0.26576239309791233,0.2164299827198171,0.189383809872196,0.34628590989792457,0.3561602992789694,0.3561602992789693,0.2648159511836413,0.3702576791608432,0.399732751542403,0.08730389239068932,0.08730389239068928,0.014984991196387526,0.06884755302589592,0.12786649836478178,1.2970732214259604,1.1476349270768025,0.5912647532019223,0.4593229433833052,0.11431209498948915,hjorth_mobility,hjorth_complexity,0.5757295230428658,0.685972449536096,1.116176949609041,1.8687303729728628,1.7979471739427946,1.1489604221635883,0.34697245026819196,1.0938215305730705,1868,eeg_data_level_5.csv,10,AF7,220.01171875,230.0078125
0.7003710789552325,0.7003710789552324,0.8596502038453476,0.29773220641090714,0.5346100833978162,0.11475863586726964,0.11475863586726963,0.12680717686549656,0.09651978206381434,0.09595488841017152,0.08256216913063708,0.08256216913063708,0.07692140552989599,0.08781389385528066,0.09925090332656236,0.18855393257107383,0.18855393257107378,0.12932785096171898,0.170414144355333,0.24378450790770909,0.17124437278853963,0.1712443727885396,0.015240307520811007,0.2868811739252125,0.3440691559515569,1.1167197276553178,0.22818425812878013,0.1596035764785849,0.19349488905871043,0.15234108843193175,hjorth_mobility,hjorth_complexity,0.4250352183537936,0.895649341657507,0.9627183060073641,0.6221504778312092,2.9245381141371287,1.2340686015831135,0.656137339357796,1.5041680090881997,1868,eeg_data_level_5.csv,10,AF8,220.01171875,230.0078125
0.6876571753355698,0.6876571753355697,0.42800173410255515,1.4609653928000754,1.1514703192468476,0.8804875016628477,0.8804875016628477,0.9233228713088699,0.6864097246803111,0.8805580831206035,0.6417180845648788,0.6417180845648788,0.48530740015573004,1.0680157661595389,0.7490308138225018,1.2240264437085633,1.224026443708563,0.6513972003377957,2.299942902089942,1.5212277916153107,2.165012485312296,2.165012485312296,1.122007623802298,3.164466369791629,3.301571055673005,1.2447224670284636,0.9194496912461828,0.7244707323641968,0.7746757138205081,1.0313728099140809,hjorth_mobility,hjorth_complexity,0.9080297846649226,1.1252901386530865,0.6772237525728875,1.285321866288652,1.9083071027781577,0.638311345646438,0.7966208726366426,1.657390372856889,1868,eeg_data_level_5.csv,10,TP9,220.01171875,230.0078125
0.6337615361980568,0.6337615361980566,0.387942947598371,1.3852505873245675,0.8414406368466323,0.8075286772473097,0.8075286772473097,1.0752563236717005,0.662966344881252,0.6392706695988912,0.2824873474035727,0.2824873474035727,0.33852633260895104,0.15610273646384026,0.26773602658838813,0.8052992852282951,0.8052992852282949,0.406645833750905,1.235292183115954,0.9540811398197586,1.06972800860445,1.06972800860445,0.10990039288709733,3.0764414720124287,2.1337787011961473,1.2786576642018272,0.9322451646879566,0.4040307228157367,0.6123198933125554,0.6796253237612531,hjorth_mobility,hjorth_complexity,0.8693902193600324,1.0641068297728433,0.9460776792604425,1.2670903504547704,1.8025455043109346,0.9361899736147756,0.6023287030959388,1.4411717845005503,1868,eeg_data_level_5.csv,10,TP10,220.01171875,230.0078125
0.028997260651609392,0.028997260651609385,0.02917334165523027,0.010587539849196703,0.01520138394147691,0.011744681992939652,0.011744681992939652,0.007882195103055874,0.023283918964906128,0.014357963877540177,0.011136482029581559,0.011136482029581559,0.008638980580168676,0.01403441269389149,0.013736014168242116,0.03786492642165986,0.03786492642165984,0.020728413158234784,0.0817991365363953,0.04912735388326128,0.028147770932302814,0.028147770932302786,0.0034732625554789926,0.05772375941515132,0.0511658843097185,1.0546667309853086,0.4546789497575198,0.4012267149368862,0.695391430322714,0.46170190894654467,hjorth_mobility,hjorth_complexity,0.7863151539545182,0.9998656349525041,1.153223075798782,0.3167725876136926,0.22531818803886683,1.17732981530343,0.027697879688265814,0.3090453642193657,1868,eeg_data_level_5.csv,11,AF7,230.01171875,240.0078125
0.06971844776722244,0.06971844776722243,0.055864734712191944,0.10967586706263671,0.09848063220482016,0.14595424773272592,0.14595424773272592,0.11626975503946696,0.14125582316195442,0.15669340647196264,0.06746021711281648,0.06746021711281647,0.0652828227022684,0.10677469782992566,0.07154429760025831,0.08302003051546264,0.08302003051546261,0.05603419578761315,0.2110987138702895,0.0879794635720198,0.057193208305935196,0.05719320830593517,0.005209565784672476,0.0890505861935078,0.11400802531950521,1.2084729143507364,1.380025313031549,0.761229055566035,0.559588289457751,0.35010471133061993,hjorth_mobility,hjorth_complexity,0.5467498490641981,0.8391759135633249,1.2183205442190481,0.5013666854317437,0.2804981524565485,1.2340686015831135,0.06511950167453259,0.4738648612324146,1868,eeg_data_level_5.csv,11,AF8,230.01171875,240.0078125
0.5426969861323929,0.5426969861323928,0.5755845335955082,1.0186836991391632,0.6154894944314246,0.5792475580719736,0.5792475580719736,0.5105540483630399,0.4978330067627493,0.7086662442185593,0.6101479563281081,0.6101479563281081,0.49155839232787096,0.8017608881112792,0.6834161812774092,0.7637541675328808,0.7637541675328807,0.4627766884195044,1.4793619563213711,0.9824873379931751,1.9356416919565818,1.9356416919565813,1.6137131619589942,3.1480800811033385,2.5511575981764985,1.1583328536469497,0.8440624150564203,0.8529532520046068,0.6454440396883432,1.0903858005084208,hjorth_mobility,hjorth_complexity,1.1611189374119544,1.2292430957308775,1.4723803455993731,1.7114835489056341,1.6048172984809086,1.432654353562005,0.7174138032678231,1.5728374282777524,1868,eeg_data_level_5.csv,11,TP9,230.01171875,240.0078125
0.36868751522542426,0.3686875152254242,0.17427892683906418,1.1685004915734076,0.5559012423883869,0.6502121636168314,0.6502121636168314,0.7101843961057689,0.5094830815797098,0.5741019829417051,0.3230156695399123,0.3230156695399123,0.25740315234148803,0.5102589568016683,0.3588691896076228,0.625477874828199,0.6254778748281989,0.3924723176286689,1.1834430075867535,0.783628760960787,1.1448365080778948,1.1448365080778948,0.07418044932894585,2.405174227841617,2.394066439796191,1.227028354559306,1.1190238203183205,0.652124544127291,0.7040881324432194,1.032324053862087,hjorth_mobility,hjorth_complexity,1.3214731334272491,1.1762127512513956,1.2318265412764333,1.5291683905668183,1.4254824141234432,1.1205910290237466,0.43503266687012515,1.2247851327997439,1868,eeg_data_level_5.csv,11,TP10,230.01171875,240.0078125
0.01229081596998471,0.012290815969984709,0.007451251740360202,0.02595174677166546,0.020987952675154457,0.021561430482581884,0.021561430482581884,0.024515842971743636,0.03942913879158632,0.018041976624097206,0.02246204818323435,0.02246204818323435,0.025949467723177414,0.03313611744514221,0.019299937331672363,0.04602509854710375,0.04602509854710374,0.02618225522594099,0.07338691431877117,0.05316637069793109,0.030354508266051728,0.030354508266051725,0.0023872898686324345,0.058617120666853505,0.05941633018734571,1.1673302762667335,1.09935137068944,1.1383044000177647,1.318879193303221,0.8151779936667155,hjorth_mobility,hjorth_complexity,0.9041658281344335,0.9830325373509671,1.125774334337498,0.36918819563610217,-0.0229916518407007,1.1347757255936675,0.014667791735562333,0.22489579673634652,1868,eeg_data_level_5.csv,12,AF7,240.01171875,250.0078125
0.018611519731951038,0.018611519731951034,0.010397428631863442,0.05539785437989786,0.026463314224766516,0.0588566340809709,0.0588566340809709,0.05118513059529456,0.12899695103348172,0.061287911661819655,0.061667847365210984,0.06166784736521098,0.060676050250180094,0.08363631085281092,0.06883080979582658,0.08572732122607428,0.08572732122607427,0.04892184117541203,0.13383174384417243,0.10139699441608672,0.06490276237863589,0.06490276237863586,0.003975054469301316,0.1821672893753287,0.13470980193032425,1.0632616044078795,1.5110885186761576,1.5839388283754452,1.3360890775721475,0.9355311811862326,hjorth_mobility,hjorth_complexity,0.9911048500704368,0.983280523913341,1.0832274029606515,0.4375563800131581,0.16094156288490488,1.0780369393139841,0.02295757722341955,0.2813597685811848,1868,eeg_data_level_5.csv,12,AF8,240.01171875,250.0078125
0.2524563726263147,0.25245637262631465,0.14185612292078947,0.6249527075699067,0.3750074282034361,0.5745511549834237,0.5745511549834237,0.43841142877804257,0.8779694639211021,0.7716173419733108,0.33160358397099976,0.33160358397099976,0.29936686584657535,0.6173696459426004,0.361071617864578,0.7301394973183285,0.7301394973183284,0.352764636210294,2.541058339227785,0.9918897342394112,2.324668835371563,2.324668835371563,1.94614969286469,2.028932516838969,3.0040947996033514,1.0536075415083752,1.174748275630746,0.7496405096767116,0.9117486359982565,1.8168744772107766,hjorth_mobility,hjorth_complexity,1.4315958945461866,1.2834405258962793,1.2183205442190481,1.2101168634738904,0.9196660736280279,1.1915145118733508,0.28710913754924866,0.9949986201539788,1868,eeg_data_level_5.csv,12,TP9,240.01171875,250.0078125
0.1517215709423068,0.15172157094230676,0.07820791665874176,0.3743207629623146,0.25612555765320444,0.38349211933339344,0.3834921193333935,0.2906914407374167,0.3754025114192953,0.4983018207211621,0.2613080810077757,0.2613080810077757,0.19603724627857314,0.45014839696337267,0.3014024341239216,0.6788880410248433,0.6788880410248432,0.4334992940437296,1.479996755851572,0.8167326202891655,1.2012692071440485,1.2012692071440485,0.09216952113742509,1.9399992611041448,2.526881660039745,1.023590976971373,1.2098605186507791,0.8962972454674997,1.2422917058871086,1.7767445935880106,hjorth_mobility,hjorth_complexity,1.4470517206681426,1.2474204425841726,1.086411788677006,1.009570189301193,0.9656493773094292,1.092221635883905,0.18516845704786467,0.7990656744790317,1868,eeg_data_level_5.csv,12,TP10,240.01171875,250.0078125
0.26170670535242574,0.2617067053524257,0.12525928300690095,0.4033464666363353,0.45528947940889986,1.2077931592753963,1.2077931592753963,1.042317343984958,2.4792391519047086,1.173138583357118,2.8187856695677147,2.8187856695677147,1.748743025192771,5.961855013568483,3.377063627589064,1.3851946118275669,1.3851946118275666,2.6410419125018163,1.2843321042819238,0.9718758229404365,0.38890935877093175,0.38890935877093175,0.04412809232544115,0.08572458017483203,0.5018039178514108,0.9567353004022263,1.7623038699884077,3.524132361560981,1.1943762616129077,0.37425345533619836,hjorth_mobility,hjorth_complexity,0.6800563493660697,0.7400739829798991,1.122473851225235,1.973561589017682,3.6096893389900093,1.1631451187335091,0.30475779141820303,1.0251239497522016,1868,eeg_data_level_5.csv,13,AF7,250.01171875,260.0078125
0.9568911882630715,0.9568911882630714,0.5298030305069662,1.7275279364423657,1.6322005189060955,0.5500609103423499,0.5500609103423499,0.8664753911027072,0.729919160382575,0.3331153172608371,0.23758980937087928,0.23758980937087928,0.3020483564235309,0.16396502353611703,0.25524284821967713,1.0532021265535285,1.0532021265535283,0.5359293632022873,0.6573968689685281,1.4105710434964371,0.6926286201311713,0.6926286201311713,0.06875042170719875,0.24046192719098514,1.0080581986493768,1.3790044091104687,0.562355363093769,0.2733690962798603,0.6069783210796564,0.35605170384598733,hjorth_mobility,hjorth_complexity,0.6993761320185149,0.8092519035791781,1.0988729091712122,3.400177703018916,1.5634323251676474,1.0780369393139841,0.5855996511115924,1.4210173347050372,1868,eeg_data_level_5.csv,13,AF8,250.01171875,260.0078125
1.6412012592228908,1.6412012592228908,0.9320668034822989,2.8229368441717777,2.4087124747433437,1.0860357537297736,1.0860357537297733,1.4723479557951242,0.8851249681615247,0.6004963670744962,0.5417536865625936,0.5417536865625936,0.35818264768645885,0.5519768249470772,0.7045122164363538,1.7068023787648394,1.7068023787648392,0.9992308454176703,4.312495643643467,2.195538262307209,2.6510651618830634,2.651065161883063,1.4241558912354026,2.846919580225043,3.819598928014039,1.3323077908353955,0.5964645342107153,0.3414345338587958,0.5525630650176155,0.6594317904405306,hjorth_mobility,hjorth_complexity,1.1360032199637757,1.16924396488223,1.0531968765522535,3.3568778529134478,2.1566169426577253,1.0638522427440633,1.2282857221694847,2.0580156498171416,1868,eeg_data_level_5.csv,13,TP9,250.01171875,260.0078125
1.865628227585948,1.8656282275859475,1.007422250700601,2.9681100722005267,2.92865084212142,0.9353258766964951,0.9353258766964951,1.5144233974566328,0.8344310341024315,0.4198493202919674,0.2568371527633203,0.2568371527633203,0.3237365375447336,0.2480102666947584,0.24777700583749582,1.5179954483999674,1.517995448399967,1.0588931862851705,2.9000732253680908,1.7289988588756011,2.052682031667075,2.052682031667075,0.206002566476852,4.221012310728115,3.631484918966872,1.3777865693743176,0.49346510866410553,0.1665855792404533,0.4671122070722455,0.5226042065027444,hjorth_mobility,hjorth_complexity,1.09929563292413,1.1543597099352105,1.1133021569484431,4.0724648493933,2.372738469960312,1.0638522427440633,1.1627395701980667,2.00235094676578,1868,eeg_data_level_5.csv,13,TP10,250.01171875,260.0078125
0.0026759324053442033,0.0026759324053442024,0.0029095236306488368,0.003626725483664962,0.002740031285948698,0.010369573238732914,0.010369573238732914,0.006581842652615906,0.023962429989527217,0.013187710874662468,0.019359206442680712,0.019359206442680712,0.015816233370089517,0.028744085873724182,0.022239586548485436,0.03540691819490951,0.0354069181949095,0.020176974477340306,0.05843708445273852,0.04355453312131047,0.027491134799748854,0.027491134799748837,0.00396677283335652,0.07118590731353516,0.05461234836377838,0.7283961496020113,1.3010183455119668,2.086427636031219,2.24005632602364,1.6064301267135264,hjorth_mobility,hjorth_complexity,0.9370094586435903,1.0381630595355869,1.2075621855315037,0.2825884954251646,-0.2115231969344464,1.2198839050131927,0.006550358670832115,0.15029049387143725,1868,eeg_data_level_5.csv,14,AF7,260.01171875,270.0078125
0.022652453877384945,0.022652453877384942,0.011204034460617695,0.05360552240455204,0.03413770828398128,0.08604257291785523,0.08604257291785523,0.08060296773395356,0.17126637134608957,0.08141029902395984,0.07601588710645128,0.07601588710645128,0.05592880599066943,0.08336791212378696,0.09950621046671934,0.11672048345113138,0.11672048345113135,0.09840061676705028,0.12658301507636427,0.1116618268274061,0.04801589760481804,0.048015897604818024,0.0033943115259706088,0.09763836103663343,0.0973331876938878,1.0531527715492075,1.685368849663892,1.599832419690594,1.4160892005020722,0.6034874119562461,hjorth_mobility,hjorth_complexity,0.8191587844636748,0.8477375577392352,1.1483801558551598,0.41476698522080613,0.12415491993978377,1.1631451187335091,0.030278504100431453,0.32312173995432986,1868,eeg_data_level_5.csv,14,AF8,260.01171875,270.0078125
0.06363376226054251,0.0636337622605425,0.0409607868104746,0.11270709913288392,0.08358271954819149,0.27222662836928635,0.2722266283692864,0.1720668171775777,0.6526348306782808,0.31491033841361854,0.33896992122120057,0.33896992122120057,0.2506765082989563,0.44258137646120926,0.4258174730329176,0.6026758480339653,0.6026758480339652,0.3362692983639709,1.7503414210455732,0.6980873371757084,1.4971179765870777,1.4971179765870772,1.645779328335802,1.9528080701683057,1.507335269850525,0.7464649596643521,1.3179065940272194,1.547088386490931,1.5989733473687493,2.329758843811246,hjorth_mobility,hjorth_complexity,1.4992151338297448,1.2518581483547178,1.3875352629797704,0.8090235151284955,0.6437662515396195,1.4184696569920843,0.1593730513559488,0.7413211914012634,1868,eeg_data_level_5.csv,14,TP9,260.01171875,270.0078125
0.04016684665566327,0.04016684665566325,0.022154671136199403,0.08285444743900608,0.0638677853138169,0.13888215650306945,0.13888215650306943,0.17221000409536466,0.19828869079669217,0.1209499221930758,0.180593785496839,0.180593785496839,0.14299959679949206,0.24194671744028073,0.2253386568939525,0.45100529836284214,0.45100529836284203,0.20089453114266978,0.5017136450088205,0.6155029095679031,0.5949916794384337,0.5949916794384336,0.04492572069519889,2.132635520833641,1.1791270194855716,0.8124003282506737,1.1450784654054356,1.4651436553799833,2.010843144221385,2.2461169212651333,hjorth_mobility,hjorth_complexity,1.3369289595492053,1.207726840852778,1.1681222416070725,0.5332718381410365,0.3678664294512112,1.1915145118733508,0.08090033778788432,0.5281704973622985,1868,eeg_data_level_5.csv,14,TP10,260.01171875,270.0078125
0.06320421716985047,0.06320421716985046,0.03805152782938947,0.1305751108141182,0.10138822885141234,0.4031250834056626,0.4031250834056626,0.3641737473659724,0.23066209223978623,0.4486286076245085,0.35667663616193884,0.3566766361619389,0.4039929211035835,0.18328402989951734,0.420014697885914,0.35658818500017453,0.3565881850001745,0.19458302427649923,0.21716717647110262,0.49638993959193645,0.12430844998731945,0.12430844998731942,0.022442880510678796,0.16642949910716884,0.18929668126170054,0.9247816469073745,2.032056695020176,1.9760133214936926,1.3256617567661337,0.4672135073176068,hjorth_mobility,hjorth_complexity,0.794043067015496,0.7415437867308478,1.1405076467230613,1.2123958029531257,0.8047078144245244,1.1347757255936675,0.10449975000770183,0.6002837638122344,1868,eeg_data_level_5.csv,15,AF7,270.01171875,280.0078125
0.040447164083824316,0.040447164083824316,0.02528371641409246,0.0678387525020641,0.06303453994973013,0.10179067226775405,0.10179067226775407,0.06343161824148114,0.20269205859087622,0.1198667917180883,0.11776534941259452,0.11776534941259453,0.08048570578889816,0.08946590986841456,0.16560398718662558,0.10753589659219162,0.1075358965921916,0.06258120411324154,0.09390586599675889,0.12921871713454738,0.05747835451222448,0.05747835451222446,0.0041666418114531135,0.1488760421955801,0.11837840932035038,1.1350397153985963,1.446790386872764,1.618345014993572,0.9556994690033906,0.4909481049353132,hjorth_mobility,hjorth_complexity,0.7013081102837593,0.8188834881101675,1.0729666045412873,0.4990877459525085,0.38166142055563157,1.1064063324538258,0.04950018478163655,0.41314488591828996,1868,eeg_data_level_5.csv,15,AF8,270.01171875,280.0078125
0.1381460261292118,0.13814602612921179,0.06886440449953295,0.3500148124118507,0.2048208551159743,0.42725235208275175,0.42725235208275175,0.31079492083208565,0.8823322889404557,0.4928326662821292,0.5494271423907251,0.5494271423907251,0.4653868614055164,0.5984800557889984,0.6413217152446662,0.718142041771832,0.7181420417718318,0.4253153728505267,1.4014247181966253,0.9204991435793325,1.7622810508139166,1.7622810508139164,1.8701922188703306,1.657223418821753,1.6945750420998842,0.9347108391925687,1.2933422332146864,1.5591052426507426,1.2572766000576834,1.867135616595547,hjorth_mobility,hjorth_complexity,1.2809015898571143,1.2131361198956656,1.1048436323893767,0.9206915496110203,0.9380593951005884,1.0780369393139841,0.24118954028029996,0.9119650735763822,1868,eeg_data_level_5.csv,15,TP9,270.01171875,280.0078125
0.055801556656940254,0.05580155665694024,0.02786512305477301,0.17793446615862665,0.0801192272823102,0.2586580760979224,0.2586580760979224,0.19000519423925089,0.3876858061848207,0.2944294036614422,0.259640977732951,0.259640977732951,0.23599997281064247,0.3674861333607715,0.24506148098333053,0.5194613711998981,0.5194613711998981,0.2677417567015133,1.4343269595249035,0.6491812805871924,0.6914586269811913,0.6914586269811912,0.065099936365905,1.4942961009289304,1.3552880225342872,0.8362310251882956,1.5190611233691997,1.529426688003115,1.7650032801341722,1.969704496188492,hjorth_mobility,hjorth_complexity,1.1533910243509762,1.12632749173413,1.092470967053958,0.6973554806459707,0.4874230190228548,1.0780369393139841,0.11325090447800051,0.6249133617845328,1868,eeg_data_level_5.csv,15,TP10,270.01171875,280.0078125
0.03430423240788209,0.03430423240788208,0.056457300045817484,0.020029143128073364,0.024054762418120167,0.02811881160454486,0.02811881160454486,0.026537765979508483,0.03455700196151255,0.024573277589617446,0.031002706875684526,0.031002706875684526,0.021078396290264628,0.059544924533695594,0.035911485316149246,0.07379086059335252,0.07379086059335249,0.036838187369734196,0.14400363937055016,0.10353688854502374,0.06891689486379922,0.06891689486379922,0.008252855852763514,0.09870051383458023,0.13756719794407918,0.7952996279034859,0.5294454689880046,0.5536477146514026,0.7097254919056812,0.571369408544318,hjorth_mobility,hjorth_complexity,1.062588045884484,0.902054026706002,1.0268759383655115,0.7247027543967932,4.662706993294101,1.1489604221635883,0.34891371275802957,1.0968771520804708,1868,eeg_data_level_6.csv,0,AF7,120.0078125,130.00390625
0.05600931674226329,0.05600931674226328,0.028774518868953807,0.12051192871966211,0.10180042924107516,0.12287684808252797,0.12287684808252797,0.10381074567809417,0.22251321561084758,0.14612896304743958,0.04426406419516748,0.04426406419516748,0.03712981694794087,0.06851427966397972,0.04866698189352387,0.07356422218199032,0.07356422218199031,0.07630030328398435,0.11091423473639406,0.08411260287132988,0.04431116039709944,0.044311160397099404,0.0037041109142541464,0.05291815528034339,0.0928027987293787,1.2696435821454988,1.4546795174696365,0.6408799988370756,0.5989845920230762,0.3356330702522479,hjorth_mobility,hjorth_complexity,0.7921110887502517,0.811839410734295,0.9892659105384994,0.7155869964798524,0.8322977966333652,1.0638522427440633,0.09431761175012973,0.5702894911621763,1868,eeg_data_level_6.csv,0,AF8,120.0078125,130.00390625
32.89824539445663,32.89824539445662,33.55316319781878,19.346394116058526,10.662647796648889,10.10133145101421,10.10133145101421,7.5896507111943805,14.15979207563782,11.956956861246645,9.738576320037966,9.738576320037968,12.319426413034446,8.379222654567972,10.836243440401407,6.903293257353925,6.903293257353924,9.04592462098796,6.151720044749624,5.550212129812615,3.069866757430286,3.069866757430286,1.780155359885001,3.503800377020425,3.9937833608856987,1.0447852528160073,0.38807482409637106,0.34220836874087074,0.1472857617858979,0.06027768105715517,hjorth_mobility,hjorth_complexity,0.9176896759911453,1.0132814036259683,0.38216498509449953,4.667268053473687,9.19206240591214,0.7021424802110817,21.25860877190561,8.56182587062314,1868,eeg_data_level_6.csv,0,TP9,120.0078125,130.00390625
0.49356361546076316,0.49356361546076305,0.2873949070478305,1.0047602721697466,0.7909054275188887,1.0687544239013305,1.0687544239013305,1.1896751835527266,1.7244920936948156,0.8031231218141435,0.5240105053183014,0.5240105053183014,0.5364629898627409,0.5972652160507762,0.5862772972387128,0.5188031415487491,0.518803141548749,0.2962735534962649,1.246881753918882,0.706529909151414,0.8736116296642538,0.8736116296642535,0.05547463856882007,2.464249885094774,1.7369121263666258,1.224414865760319,1.340934931742413,0.7765400455961642,0.48200838785049244,0.6571155862537296,hjorth_mobility,hjorth_complexity,1.1070235459851077,1.0539940600180682,0.9036855444114743,1.3901530823334711,1.5220473518543862,0.9220052770448548,0.5932286740292129,1.4302436838511536,1868,eeg_data_level_6.csv,0,TP10,120.0078125,130.00390625
0.001221679651268464,0.0012216796512684641,0.0006355538529516743,0.0030034609656507103,0.0019229170321194893,0.006631229563255673,0.006631229563255673,0.005085832385971327,0.011105176866112633,0.0070625975686865895,0.013452057375326856,0.013452057375326855,0.01175331348805055,0.019545488505378197,0.015219377045489724,0.033490875905650384,0.033490875905650364,0.022314962035526728,0.09139882894542416,0.04311374664110783,0.03167583465529086,0.031675834655290835,0.005350656818825293,0.057910781945400294,0.06042209278264921,0.5998356742422858,1.1969293455365295,2.0816030530415395,2.8718198889974977,2.4215689626379295,hjorth_mobility,hjorth_complexity,1.2615818072046692,1.094429763484213,1.1371131800045866,0.252962282195107,-0.21612152730258655,1.1347757255936675,0.003976520564261026,0.11709829929384848,1868,eeg_data_level_6.csv,1,AF7,130.0078125,140.00390625
0.00735876353009643,0.007358763530096429,0.004555573592718744,0.01364116769089649,0.01286011448202783,0.02465979428681073,0.02465979428681073,0.015613286306752825,0.06023261907194138,0.029164161111882084,0.039038486601167835,0.039038486601167835,0.026489348693452992,0.07391245516720629,0.04728783733312563,0.06222166418152297,0.06222166418152296,0.0422304376021628,0.09867235438012513,0.07988620572562957,0.044533314549637486,0.044533314549637465,0.0037180018562610745,0.10807228639842609,0.08863864986408475,0.9422082358779968,1.4240680857807086,2.0381434263634493,1.9331831511663444,1.2954267083846063,hjorth_mobility,hjorth_complexity,0.9331455021131014,0.9600219708434693,1.096058929432281,0.3623513771983966,0.06897495552210209,1.092221635883905,0.01556392832236884,0.23166401676780018,1868,eeg_data_level_6.csv,1,AF8,130.0078125,140.00390625
0.05477699185739525,0.05477699185739523,0.03539078122323833,0.05246837368940125,0.07939782110932503,0.13601539235167837,0.13601539235167834,0.08748867152849114,0.20229131907220854,0.17451314432476678,0.3197800057076763,0.3197800057076763,0.2648569121632897,0.45016185941978915,0.3522195881691373,0.3949132750506268,0.3949132750506268,0.1939828922563086,1.1258667468249846,0.4969187283113701,1.3706347632301563,1.370634763230156,1.711203932476547,1.0322616054126497,1.0857193998703931,0.7636644428357174,0.9148270440123243,1.7434763390378252,1.3526558757450518,2.393422850103575,hjorth_mobility,hjorth_complexity,1.6924129603541962,1.3071923727291628,1.2140028267807275,1.0391964025312506,0.6161762693307786,1.1915145118733508,0.14689049433312162,0.7116981179579506,1868,eeg_data_level_6.csv,1,TP9,130.0078125,140.00390625
0.037386391464188186,0.03738639146418818,0.02301261652628475,0.0435045884090186,0.063759786219194,0.1257095889740304,0.12570958897403042,0.08177059335036607,0.12977273483592383,0.15871854277853575,0.17379736886827074,0.17379736886827074,0.13841466316834145,0.1916887718794253,0.2164917076381819,0.27213618547013635,0.2721361854701363,0.20980474094065804,0.5444965349498486,0.35795678404895415,0.3455421831949601,0.34554218319496005,0.02393551076980671,0.8091372652158442,0.7385989760161734,0.8675076201801221,1.3171081877562432,1.6929139757933576,1.5906102600187666,1.727448393956201,hjorth_mobility,hjorth_complexity,1.389092372710807,1.1306355482440567,1.1348575734555022,1.1554223159722457,0.29889147392910903,1.092221635883905,0.12318538579378999,0.6517462862433292,1868,eeg_data_level_6.csv,1,TP10,130.0078125,140.00390625
0.0020417652380194233,0.002041765238019423,0.0011370381979255708,0.004153280523820112,0.003291033507806877,0.010303964731285415,0.010303964731285415,0.008803848589957213,0.011556125714464788,0.010658245660275192,0.02428415051430017,0.02428415051430017,0.016943977397530705,0.024817433708078963,0.033694665632760794,0.041036614694900046,0.04103661469490004,0.0330685312515052,0.04948422849488595,0.04958603986138461,0.03152074512014042,0.03152074512014041,0.00342240051864938,0.05572660153790997,0.05778155595263951,0.681554589514964,1.2870319610713898,2.5695129501013922,2.5942512047173336,1.864582567841863,hjorth_mobility,hjorth_complexity,1.1746427852686658,1.0529981168979172,1.127217259115221,0.27575167698745906,-0.17013822362118516,1.1347757255936675,0.005322701145090032,0.1354768257214355,1868,eeg_data_level_6.csv,2,AF7,140.0078125,150.00390625
0.013988904355054238,0.013988904355054236,0.008296330852759295,0.0258687408229319,0.02268529800494276,0.060329556573333214,0.060329556573333214,0.05118033602052927,0.04862767156837552,0.07168818670883467,0.04901874718593114,0.04901874718593114,0.057518244337404045,0.05520406959476411,0.036555048463742995,0.07639199417526638,0.07639199417526635,0.05971123937102804,0.1596649285954181,0.09456951134989411,0.05473605288647744,0.05473605288647742,0.0048543985352245975,0.10147571508352306,0.10692672242932896,0.9952152646971902,1.7100666678671081,1.4979500694452552,1.4335215042413343,0.9497501274485911,hjorth_mobility,hjorth_complexity,1.0162205675186156,0.9888741247343726,1.10360526016635,0.3486777403229854,0.1747365539893253,1.092221635883905,0.019615237817705005,0.26007329508723426,1868,eeg_data_level_6.csv,2,AF8,140.0078125,150.00390625
0.19462240567987513,0.19462240567987507,0.09760427776852607,0.4812943533399251,0.32809527410605777,0.6089905441602326,0.6089905441602326,0.5424750080754939,0.7690376781317536,0.691923514636446,0.30575968838939915,0.30575968838939915,0.3277935357067416,0.19394339054263146,0.3751583026211634,0.4158094143648468,0.4158094143648467,0.2242500167943527,0.9195294703372383,0.5476891405109253,1.2434615601143175,1.2434615601143175,1.637520809567593,0.6720529678755988,0.8452760255243011,1.0932655242942244,1.5223935263244526,0.8872960524502075,0.7282025607744806,1.1819473387546948,hjorth_mobility,hjorth_complexity,1.530126786073657,1.2296782220992377,1.1417460189460882,1.1235171632629528,0.8001094840563843,1.1205910290237466,0.24969308476758356,0.9279022515961839,1868,eeg_data_level_6.csv,2,TP9,140.0078125,150.00390625
0.21458969700787636,0.21458969700787625,0.14055199923553302,0.532602421494492,0.30446676504161646,0.4746525444955554,0.4746525444955554,0.45018066294035186,0.7920609760989819,0.4935574043310751,0.25429531408993034,0.25429531408993034,0.2324925261695729,0.2640951375663623,0.3068504171443208,0.2550091828722195,0.25500918287221946,0.11529370885392741,0.3873722183254437,0.3356347947866459,0.3257769838374076,0.32577698383740755,0.0228400957912438,1.061046637386201,0.6826511487287522,1.2116807136739185,1.3883094344423512,0.8417276159081515,0.5314281168716462,0.5689811731493429,hjorth_mobility,hjorth_complexity,1.1244113503723085,1.0210179386432947,1.0911330827772951,1.169095952847657,0.9748460380457096,1.0638522427440633,0.22068759153734802,0.872344302043489,1868,eeg_data_level_6.csv,2,TP10,140.0078125,150.00390625
0.0021685285530902566,0.002168528553090256,0.0012119911404357255,0.004810086600762572,0.0030958880555239437,0.00896096206184796,0.00896096206184796,0.005410084549391598,0.019604701906110106,0.011047148672045454,0.012547412041893038,0.012547412041893033,0.012368656280590697,0.019865819733438605,0.012740557997634606,0.0394046729746537,0.03940467297465368,0.02473672433210978,0.12112806825294302,0.04795890147994073,0.03279391061913854,0.03279391061913853,0.0036917164081348318,0.05439903265767486,0.06323586740798094,0.7468614663727655,1.2685798819124463,1.620475809842815,2.6950880661601375,2.0398712913489727,hjorth_mobility,hjorth_complexity,1.1533910243509762,1.0829892379145374,1.1326517229332356,0.25524122167434227,-0.2115231969344464,1.1347757255936675,0.005105718265900903,0.13268670045259603,1868,eeg_data_level_6.csv,3,AF7,150.0078125,160.00390625
0.020236679341624562,0.02023667934162456,0.011459685530714803,0.03942851048739532,0.03094288532562626,0.07469013403022573,0.07469013403022573,0.07550485488294219,0.11879877186661425,0.0780597983034611,0.05087892793098085,0.05087892793098085,0.05366030462598233,0.07178219781010839,0.05317194418451606,0.08351142244167192,0.08351142244167191,0.04776434283910267,0.17992729859866755,0.1108256505888704,0.08928199320303097,0.08928199320303097,0.006544162340918009,0.15771266214242094,0.18053143860589252,1.0392206752425786,1.6237171858450554,1.2449832407460328,1.2048592160585765,1.118414869858297,hjorth_mobility,hjorth_complexity,1.0104246327228819,1.0362592608364374,1.1020130673081727,0.3737460745945726,0.036786642945121115,1.092221635883905,0.028794172751915405,0.31510208300911374,1868,eeg_data_level_6.csv,3,AF8,150.0078125,160.00390625
0.5740028634817546,0.5740028634817544,0.342733636945646,1.110247162416153,0.8981254554224932,1.3189986476407538,1.3189986476407538,1.4844065463862282,1.1111770465018165,1.2201044434506017,0.5067597790128853,0.5067597790128853,0.4550426710207682,0.731412588063984,0.5218364119233315,0.36743170743425196,0.36743170743425185,0.3250641911092222,0.40560254327876616,0.48899495645384244,1.148127146182816,1.148127146182816,1.8106745441132315,0.6044148311264932,0.554800010907344,1.2229930920423118,1.4191406693528383,0.6788274248101515,0.31229180629018727,0.5108940912227152,hjorth_mobility,hjorth_complexity,1.1244113503723085,1.092086094191728,1.1304458724109694,1.3217848979564153,0.9794443684138496,0.9787440633245382,0.610533528319197,1.4509542889890925,1868,eeg_data_level_6.csv,3,TP9,150.0078125,160.00390625
0.7914718933266705,0.7914718933266702,0.5111386230117847,1.4217969200883538,0.9714773722960777,1.3690902173578006,1.3690902173578006,1.5775407502252166,0.8854806374763708,1.388491758553262,0.5886490455282484,0.5886490455282483,0.6490301488717978,0.7515171026284787,0.45549987306293505,0.2965897245753244,0.29658972457532434,0.28279193478202486,0.5245717388654124,0.31904858631420757,0.2102956117655947,0.21029561176559466,0.01375194788563542,0.3652410396969721,0.437042362404229,1.285332176096743,1.251873843477498,0.6403561047026397,0.21717335054194548,0.13926234202963966,hjorth_mobility,hjorth_complexity,0.8152948279331859,0.6963946831798188,1.0961418561436445,1.435731871918175,1.0438209935678116,0.9858364116094986,0.7406963200918819,1.5981556138482997,1868,eeg_data_level_6.csv,3,TP10,150.0078125,160.00390625
0.0019171254233337222,0.001917125423333722,0.0021656987548546534,0.0030327612663726628,0.001784936347288194,0.005065652010840116,0.005065652010840115,0.0031879396146209885,0.01213091299204576,0.006211171105386399,0.013022893469069253,0.013022893469069255,0.012393825836720251,0.012432674023820646,0.016780694763462528,0.03628511204367493,0.036285112043674905,0.0342198187021191,0.05255474760320282,0.03870972376258062,0.03497983389121329,0.034979833891213265,0.0044930853179811405,0.07838146390557049,0.06261328754444594,0.6822541378394595,0.8925643726290579,1.806902845071169,2.6844996604584237,2.3459493948004786,hjorth_mobility,hjorth_complexity,1.2712416985308919,1.1302740271927176,1.1563742908305912,0.27803061646669425,-0.19772820583002598,1.1631451187335091,0.004981124835499552,0.1310577429018177,1868,eeg_data_level_6.csv,4,AF7,160.0078125,170.00390625
0.007253173549573217,0.007253173549573216,0.004429508341381355,0.016273832707438762,0.010366558658013574,0.022522041774570623,0.022522041774570623,0.015925460011485097,0.03931482399803987,0.029539220012557054,0.03278131256159193,0.03278131256159193,0.031351404400477484,0.044544621180803025,0.03615400896079873,0.09060961798957887,0.09060961798957887,0.04521520485041189,0.25090981152392566,0.11924985241223333,0.11035517923292018,0.11035517923292017,0.008637537929713904,0.3089879167680846,0.2284051568190421,0.8236116395460309,1.134041391875767,1.4946894067951026,2.245517575578155,2.3449060792390397,hjorth_mobility,hjorth_complexity,1.3697725900583624,1.1539215283436113,1.1425200015854797,0.3236094060513982,0.12415491993978377,1.1489604221635883,0.014084546915011912,0.22037910325986348,1868,eeg_data_level_6.csv,4,AF8,160.0078125,170.00390625
0.1814079649263432,0.18140796492634317,0.10149843137106901,0.278734647748644,0.31686793419951714,0.4132239155286939,0.4132239155286939,0.3402696787943698,0.3672078477645373,0.46140653964241013,0.40682691685069455,0.4068269168506946,0.40508417273579217,0.2844239779461073,0.4116105362199379,0.33536530587199964,0.33536530587199964,0.27950629847928815,0.3923643764451414,0.38356248348653876,1.0352056193637102,1.03520561936371,1.5953213259226835,0.6161224555100572,0.5280140582700967,1.110795147667076,1.2568060567236226,1.2511685401775212,0.6817747245342992,1.036671550892358,hjorth_mobility,hjorth_complexity,1.530126786073657,1.2598101237843038,1.1984181334918331,1.2625324714963,0.9012727521554673,1.1915145118733508,0.2058622151303617,0.8425337213304583,1868,eeg_data_level_6.csv,4,TP9,160.0078125,170.00390625
0.2432864014724484,0.24328640147244834,0.1462637058999599,0.2808349740583909,0.37938839161740595,0.44686931849081346,0.44686931849081346,0.3609226565567649,0.49548982221916005,0.5054058792768674,0.32982478656423797,0.32982478656423797,0.37274325183200646,0.3511799792232968,0.2322364944742074,0.2290426781433188,0.22904267814331872,0.17606257357648433,0.4819949651824003,0.27008671064534734,0.21176771707712078,0.21176771707712075,0.017922925487630772,0.44724372707083465,0.42965606079743857,1.2251516379841647,1.2536494518460528,0.9763529387806386,0.4578010252691199,0.3719726119140871,hjorth_mobility,hjorth_complexity,1.0645200241497286,0.9683390894169418,1.1137002051629874,1.2670903504547704,1.0300260024633912,1.1205910290237466,0.22041456582997931,0.8718045206076961,1868,eeg_data_level_6.csv,4,TP10,160.0078125,170.00390625
0.00153772889739815,0.0015377288973981494,0.00143153184176014,0.00291077704602649,0.0013327650904617953,0.007521289979834952,0.007521289979834952,0.005212242905828826,0.018784668562382815,0.008218993541557047,0.014996383907300095,0.014996383907300095,0.013333017927665907,0.02059099711442872,0.01732352637944961,0.03170344853666111,0.0317034485366611,0.01962259000211866,0.06586767722136928,0.03483165712492363,0.031841523759326675,0.03184152375932663,0.004237496238464158,0.05475671222582527,0.060782020931637315,0.6183695671829923,1.2413723334173583,2.1048726343584576,2.5255543727974046,2.2599761993403225,hjorth_mobility,hjorth_complexity,1.249989937613202,1.1223975867251579,1.1829827082833932,0.25979910063281264,-0.26210483098398796,1.17732981530343,0.004331302580424296,0.12221041904883743,1868,eeg_data_level_6.csv,5,AF7,170.0078125,180.00390625
0.014232155137832762,0.014232155137832759,0.007027321751226539,0.0335167557485208,0.024030565918538693,0.05967622629211767,0.05967622629211767,0.04914453375818648,0.0840374344259644,0.061248608199906414,0.02971375826232095,0.02971375826232095,0.030493403187982868,0.0356109063150105,0.021450887204509116,0.08603919582455612,0.0860391958245561,0.03452905778558539,0.18801545145144413,0.11889944841167224,0.09897582611837422,0.09897582611837419,0.009399553462696459,0.2853239861280551,0.17925721553707682,0.9703937043975759,1.6235581557793157,0.9536857110231933,1.5002793356581774,1.4687038885023775,hjorth_mobility,hjorth_complexity,1.186234654860133,1.1028679959214585,1.1441508935756266,0.37830395355304297,0.08736827699466265,1.1631451187335091,0.021712317941081548,0.2736226635176064,1868,eeg_data_level_6.csv,5,AF8,170.0078125,180.00390625
0.3133243373471597,0.31332433734715964,0.15925749285661353,0.988316981690349,0.42246655421343415,0.7766398983934036,0.7766398983934036,0.8085858610155554,1.1318980886817922,0.8560048909757579,0.4051169587470621,0.40511695874706216,0.4017448089473355,0.48286308690182533,0.3637133298623387,0.3006198037064884,0.30061980370648833,0.259797396386562,0.7700507840064174,0.3422987937913952,1.0457563768726392,1.0457563768726392,1.6098136295162413,0.7619149541892576,0.5457615782002152,1.1944869917192726,1.430863731134427,0.861464506321404,0.41610315286627064,0.73096904764894,hjorth_mobility,hjorth_complexity,1.5706983296437917,1.1960109970144446,1.2231966348472159,1.4516844482728215,1.094402627617353,1.1631451187335091,0.31996485648535955,1.0503888696928751,1868,eeg_data_level_6.csv,5,TP9,170.0078125,180.00390625
0.36667359743238004,0.36667359743238,0.2068784870969926,0.9337412023622077,0.5661192031649147,0.7183720775533181,0.7183720775533181,0.7426575788823434,0.7939088781969439,0.8456265303093305,0.27802088987450874,0.27802088987450874,0.2823157804902838,0.36742895094707717,0.24908374456263538,0.2010633634968094,0.20106336349680934,0.15421081306649914,0.3680081677987584,0.23180958301702398,0.19145282432678518,0.19145282432678518,0.012414343865306694,0.35931880523623094,0.41130028546709074,1.2809687585298901,1.330082669292293,0.6258603237127359,0.2903873522990628,0.24037591960217433,hjorth_mobility,hjorth_complexity,1.0548601328235059,0.8789925895172771,1.129948312142789,1.4539633877520568,1.1173942794580538,1.0780369393139841,0.3144465282461407,1.0412916197618787,1868,eeg_data_level_6.csv,5,TP10,170.0078125,180.00390625
0.005391828805520545,0.005391828805520542,0.0029091484073186513,0.01453197302846985,0.007784303112105711,0.010928178120049297,0.010928178120049297,0.007714402856012781,0.01969949888729366,0.012658817367819092,0.0306911388095764,0.0306911388095764,0.024117338720090413,0.05147961501979943,0.035435702627876035,0.042552462742118116,0.0425524627421181,0.04446211216589962,0.08678371614661587,0.0502458823989405,0.03605564939548819,0.036055649395488186,0.003886951384099415,0.0671272315862971,0.0741765246578238,0.9783708248940988,0.9989975403404127,2.2197585532174036,1.8656739010917924,1.4570039650833058,hjorth_mobility,hjorth_complexity,0.9911048500704368,1.0203276522742906,1.0988010393546972,0.28030955594592943,-0.05977829478582181,1.1064063324538258,0.008195589322977622,0.16810826470179624,1868,eeg_data_level_6.csv,6,AF7,180.0078125,190.00390625
0.07805178601053515,0.07805178601053514,0.06251765113496607,0.0799885419038325,0.12794968141419516,0.11045905956676155,0.11045905956676155,0.10483448885185147,0.18153397838986227,0.1332278325688611,0.0635792789286242,0.0635792789286242,0.0849675128527881,0.06927686876820681,0.05539951634921828,0.19878732294724577,0.19878732294724577,0.12264662957312078,0.2967715944386866,0.2399042981844318,0.23147922802931467,0.23147922802931467,0.024910072293206537,0.25284721897934404,0.3964764440035659,1.1557489855071466,1.0086459535098105,0.6200798496105778,1.022671629844793,0.99893552301896,hjorth_mobility,hjorth_complexity,0.9080297846649226,0.9916574239148866,1.0719272564255327,0.5264350197033308,0.6069796085944984,1.092221635883905,0.07655225460985318,0.5137809106721197,1868,eeg_data_level_6.csv,6,AF8,180.0078125,190.00390625
0.91732896264877,0.9173289626487698,0.6255133188508221,1.0638010868141181,1.4720390098888665,1.8628745080389746,1.8628745080389748,1.526183308327773,1.8425659454173118,2.092909732058297,0.7681056381385625,0.7681056381385626,0.8036117325295112,0.7853595320020321,0.8212837564274384,0.9904517734228053,0.9904517734228052,0.8507264792709508,1.3048739099957305,1.0578816553760582,1.597921473353529,1.5979214733535287,1.474583172067928,2.225202255631747,1.817680257686691,1.1721516754752095,1.2721181000994222,0.6311352328942265,0.4766889671728197,0.5527515297521817,hjorth_mobility,hjorth_complexity,0.9872408935399478,1.0526469409465518,1.1585524991157363,1.7980832491165717,1.5818256466402079,1.0496675461741425,1.1706558643260596,2.00915569949131,1868,eeg_data_level_6.csv,6,TP9,180.0078125,190.00390625
0.8575994508656654,0.8575994508656652,0.7284409951360978,1.3627344283054532,0.9447570099116639,1.5563444812023755,1.5563444812023755,1.4626572592402929,1.6464925862937516,1.350838663380706,0.6785126553913791,0.6785126553913791,1.0954888451611744,0.6452765437537513,0.4758351995028559,0.7441697827551316,0.7441697827551315,0.3957002490496849,1.3327440092646698,0.9009424526862442,0.8143016931891133,0.8143016931891132,0.05244477541649005,2.5444556321722227,1.7436730604193014,1.213188402105125,1.2516875992593914,0.6336473507862658,0.436879730011128,0.4115474749803541,hjorth_mobility,hjorth_complexity,0.8674582410947878,0.8838316983598181,1.058946461873449,1.8254305228673942,1.4760640481729848,0.9929287598944591,0.7965235787120148,1.6572891585004268,1868,eeg_data_level_6.csv,6,TP10,180.0078125,190.00390625
0.004509303661286853,0.004509303661286851,0.005381078385942786,0.004569462591800959,0.004878931857157914,0.007413095717793868,0.007413095717793868,0.00400706168322967,0.018557271188633748,0.009686495425923942,0.012998111111608578,0.012998111111608576,0.010794697202345572,0.022805962360479957,0.013469974170388142,0.03474021678081204,0.03474021678081202,0.03432074090820362,0.07363143876826196,0.038350291030701186,0.03271829966594094,0.03271829966594094,0.0043814329411258355,0.06231652875189157,0.06032390390062757,0.8751118124406884,0.8960951970326331,1.344355562057559,1.9101455237906309,1.6119075391525528,hjorth_mobility,hjorth_complexity,0.9601931978265248,1.1021733635881341,1.167116064175863,0.26891485854975344,-0.16553989325304502,1.17732981530343,0.007571140178065453,0.16157702768669277,1868,eeg_data_level_6.csv,7,AF7,190.0078125,200.00390625
0.015545873851824212,0.015545873851824207,0.007487279478003857,0.04327898494643936,0.026849778191798027,0.050317913828673025,0.050317913828673025,0.03546869484108919,0.09989769326403443,0.05754634648751115,0.03153641448568692,0.03153641448568692,0.02797472635435503,0.047549355174950986,0.03618193801346231,0.08258913976140501,0.08258913976140499,0.04500784447151489,0.20014042190103584,0.1068050268146654,0.06816875896250522,0.06816875896250522,0.0047376787616950295,0.17110723080287277,0.14001346443881937,1.0485317152133133,1.5187615452264454,1.0526925317603029,1.4871537643645723,1.111067712791757,hjorth_mobility,hjorth_complexity,0.9853089152747031,1.000909775493622,1.128195794309309,0.35095667980222056,0.13335158067606404,1.1489604221635883,0.022141732602346115,0.2763151974828109,1868,eeg_data_level_6.csv,7,AF8,190.0078125,200.00390625
0.3248285635385412,0.32482856353854106,0.16408058795664307,0.6580426432388544,0.6390595244793504,0.7351843789318588,0.7351843789318588,0.5967409312810388,1.1017275774105082,0.7798635200090165,0.3804645003203976,0.3804645003203976,0.39919846183436264,0.3216544569711763,0.43124654175790716,0.3999493389910517,0.39994933899105156,0.18044745782322835,0.7088878745592275,0.5308231513163187,1.269581173886829,1.2695811738868288,1.6431512886212054,0.9802513659236028,0.9190952326559783,1.171282939367317,1.3360176157026702,0.7823447871718501,0.5152456279909883,0.9039201437040757,hjorth_mobility,hjorth_complexity,1.365908633527873,1.2052485711789818,1.1851775019108108,1.4402897508766455,0.9610510469412892,1.1347757255936675,0.41742145515098616,1.1997378350850554,1868,eeg_data_level_6.csv,7,TP9,190.0078125,200.00390625
0.2979171539761258,0.2979171539761257,0.16122818148288579,0.6243155364206089,0.43482602791728064,0.692159270241209,0.692159270241209,0.7047300687968238,0.77375542725088,0.5425153000889369,0.27110475129718675,0.27110475129718675,0.2815163265262675,0.2035946460686648,0.30594752535516634,0.32503268239114175,0.3250326823911417,0.24085809798886298,0.8284455358991865,0.42667156122473693,0.3833334350892789,0.38333343508927886,0.030403858602736124,0.6362660962283965,0.8128585424705097,1.2240102653608078,1.3920828681903687,0.682451036668461,0.49855580460852716,0.49711273819470825,hjorth_mobility,hjorth_complexity,0.9949688066009259,0.9808016095843667,1.108293383582094,1.3126691400394743,1.0714109757766526,1.0638522427440633,0.33785160938799,1.0793491832107096,1868,eeg_data_level_6.csv,7,TP10,190.0078125,200.00390625
0.0029309811246161243,0.002930981124616124,0.0024463696319664122,0.005985809551603686,0.0031683973360305457,0.009400111898730749,0.009400111898730749,0.005747893584434753,0.024470354692156075,0.011378859949452064,0.013137178722618123,0.01313717872261812,0.009949219575841937,0.024547460754743844,0.015278351679419471,0.03262997705597275,0.03262997705597274,0.02183829873902463,0.04755549246914607,0.03798600704105455,0.03363634181857647,0.03363634181857644,0.0034295091204184836,0.041468196292541226,0.06361634203338343,0.8158616352477374,1.217832573780608,1.5584487089699344,2.088092459347276,1.9041692147191336,hjorth_mobility,hjorth_complexity,1.141799154759509,1.1070636337974242,1.1362673275486797,0.26663591907051826,-0.17933488435746545,1.1347757255936675,0.005719206883185856,0.1404322565952327,1868,eeg_data_level_6.csv,8,AF7,200.0078125,210.00390625
0.019751700246337083,0.01975170024633708,0.009914978063786998,0.055400865839947105,0.03125928421649928,0.07248003179033721,0.07248003179033721,0.05964059608032747,0.11023479083610095,0.09416166804666243,0.05130171225494384,0.05130171225494384,0.04097078199688734,0.07157568985149564,0.06165206858954438,0.09681956330643005,0.09681956330643002,0.06737612675925353,0.19170579946816615,0.1298231757917292,0.08338087534690759,0.08338087534690755,0.005396696823545404,0.23058061142347502,0.17146436140265953,1.0434646440166588,1.6217209333500548,1.2777203219771953,1.3788203703750217,1.0687767580861798,hjorth_mobility,hjorth_complexity,0.9930368283356814,1.0119618335063365,1.0875451203989723,0.3760250140738078,0.13794991104420418,1.092221635883905,0.027070947727927584,0.30552777780101265,1868,eeg_data_level_6.csv,8,AF8,200.0078125,210.00390625
0.5200077323489741,0.520007732348974,0.3449060183164765,1.075016686135168,0.7538282149534643,1.0204739255976183,1.0204739255976183,0.8101430746627062,1.471840937293593,1.1714184714767613,0.5850629404611487,0.5850629404611487,0.5830679168908666,0.7110748708198696,0.5946755649936517,0.4707972911655903,0.4707972911655902,0.3603588887812261,0.6451714686112113,0.5622698442662678,1.2150960148161951,1.215096014816195,1.4353331349962846,1.3072312282061096,1.1269219025962096,1.2090012590813803,1.2917411575169986,0.8152575589061517,0.4194109662944181,0.6698085183063892,hjorth_mobility,hjorth_complexity,1.0007647413966594,1.1380851937616256,1.2063790977827191,1.3696426270203543,0.8966744217873271,1.1205910290237466,0.5122038629486629,1.3289859693292045,1868,eeg_data_level_6.csv,8,TP9,200.0078125,210.00390625
0.49330523229426704,0.49330523229426687,0.3109999286000535,1.2959557448299908,0.7353199535780364,0.9147356014311122,0.9147356014311122,0.7239701569646197,1.2173908274401133,1.0256541403128654,0.44533488821966294,0.44533488821966294,0.3853782737789005,0.6207388079731991,0.5472713757381104,0.362163743371401,0.36216374337140095,0.27162249072759953,0.9351503425497203,0.4296965246155202,0.3794586015874655,0.3794586015874656,0.034324207181363545,1.087283711417999,0.7538563764778129,1.283563927842494,1.3051583410663317,0.7296598531689885,0.37438666959093697,0.33850801345162196,hjorth_mobility,hjorth_complexity,0.8867780237472331,0.9230303112488725,1.1324526988259636,1.3445742927487672,0.9288627343643081,1.0638522427440633,0.4357704182547737,1.2258232205495554,1868,eeg_data_level_6.csv,8,TP10,200.0078125,210.00390625
0.013656712586950455,0.013656712586950451,0.008766226018963947,0.005877058219998727,0.022714153906987132,0.023949462853994602,0.0239494628539946,0.014176748167215415,0.019954176549362525,0.03451793367686665,0.02490290481434594,0.02490290481434594,0.01804090637369975,0.04601825467080905,0.02821538032093261,0.04370819146835582,0.043708191468355806,0.03356419948358239,0.06334461561662072,0.05719382778321248,0.03272145373062124,0.032721453730621214,0.004406818977092089,0.08064132934955005,0.05994029016596863,1.1260202881105226,1.1448742654538744,1.1703364310659405,1.1658094155360605,0.8000859648134695,hjorth_mobility,hjorth_complexity,0.8693902193600324,0.9912589138583289,1.0911330827772951,0.4945298669940381,0.11035992883536334,1.1064063324538258,0.01756745269017907,0.24612366160109536,1868,eeg_data_level_6.csv,9,AF7,210.0078125,220.00390625
0.021714185305699116,0.02171418530569911,0.010243826510265102,0.06489349948192201,0.03447725211574751,0.04716099575287201,0.04716099575287201,0.042195261903438426,0.04559819697986244,0.04587567639278845,0.03564605146383017,0.03564605146383016,0.027631932163828823,0.06246259247018988,0.042980459637896685,0.06574754578015557,0.06574754578015556,0.04887957493967793,0.11876262031269968,0.07766515626867292,0.09718990339743887,0.09718990339743884,0.009878543017558668,0.2196912485247206,0.19315399679103376,1.1481177854528035,1.21667094387258,0.9988158799877606,1.0419124830701523,1.2629883547129008,hjorth_mobility,hjorth_complexity,0.8114308714026968,0.9833425379036387,1.0881311358259402,0.44895107740933415,0.11035992883536334,1.1064063324538258,0.02683766352924948,0.3042084848527553,1868,eeg_data_level_6.csv,9,AF8,210.0078125,220.00390625
1.2363623423980872,1.236362342398087,0.5562691874661972,3.382534501939661,2.13478910101658,2.170026574673545,2.1700265746735456,2.9670578104848606,1.3655935666242391,1.760465273384687,2.2036704026276928,2.2036704026276928,2.573160712712904,1.7419139459696458,2.265046643433629,1.7024269636536118,1.7024269636536113,1.1735845591105507,1.9368980541761958,1.9181587198669838,1.8083360822780432,1.808336082278043,1.5346521044556287,1.9869663712825552,2.331805731091693,1.2567793119118456,1.12268486461298,1.1768449628932907,0.607049838776813,0.4989173499261093,hjorth_mobility,hjorth_complexity,0.7785872408935401,1.0827967955820226,1.0112249037075267,2.0806717445417364,4.391405501573833,1.17732981530343,1.1134871783553517,1.9594833675426007,1868,eeg_data_level_6.csv,9,TP9,210.0078125,220.00390625
0.5709133570300365,0.5709133570300364,0.3498497089516898,0.9755548824022761,0.9222656932400795,0.9333423875967476,0.9333423875967476,1.302289302101033,0.5042546413266032,0.629563051420329,0.46636696496451835,0.46636696496451835,0.3774438534882266,0.5633596945920191,0.6170470658525273,0.4234812629412061,0.42348126294120597,0.2549711928070998,1.036877903536574,0.4782184403058518,0.6831153802653068,0.683115380265307,0.05384858743585372,2.0310001248353213,1.3953994464903048,1.2475408724129322,1.097921511349871,0.6689247831142361,0.3785067366769933,0.4960305421426769,hjorth_mobility,hjorth_complexity,1.0104246327228819,1.065724229170963,0.9885472123733499,1.6157680907777558,1.1587792527713152,1.00711345646438,0.45497682738305745,1.2525457859626352,1868,eeg_data_level_6.csv,9,TP10,210.0078125,220.00390625
0.0032119602657790197,0.003211960265779019,0.0033563448391240084,0.003719167194637492,0.0026894223940463627,0.007588939079974604,0.007588939079974604,0.0053908749849195465,0.01588480962076607,0.009054522736813826,0.016247615620039485,0.016247615620039485,0.014768778856569102,0.021354142544976536,0.019310158446662385,0.033238184058137,0.03323818405813699,0.027001717131229088,0.05752635157160598,0.04313108217287551,0.03403682182339256,0.034036821823392543,0.007180284085820954,0.031563608413654236,0.05866536461923971,0.7885303760410199,1.002539847420052,1.7693593212884733,2.0716520323248386,1.8344152808358296,hjorth_mobility,hjorth_complexity,1.0780438720064403,1.1221490488250567,1.114910935148893,0.252962282195107,-0.16094156288490488,1.1205910290237466,0.006157051797239497,0.14570866352893233,1868,eeg_data_level_6.csv,10,AF7,220.0078125,230.00390625
0.015141380505799273,0.01514138050579927,0.009479268761665535,0.027087569368962682,0.02161622061038623,0.06241708837250207,0.06241708837250207,0.05018652475409505,0.13822856414114304,0.06125160734856672,0.046034731306279775,0.04603473130627978,0.04345789216251825,0.05519743625770113,0.04611242547643639,0.08038341461804963,0.08038341461804961,0.046148357690232594,0.14631605140499587,0.09994776890150174,0.07227318625605578,0.07227318625605576,0.005141593062756218,0.16391593881951347,0.15347967738464582,0.9875310302059073,1.7037977932254615,1.3746809648679534,1.4052978498370072,1.1296561498407216,hjorth_mobility,hjorth_complexity,0.9969007848661704,1.0135228270066365,1.085195530243676,0.41704592470004137,0.23911317914328725,1.092221635883905,0.02392579912463041,0.2872315866638694,1868,eeg_data_level_6.csv,10,AF8,220.0078125,230.00390625
0.3703246803095233,0.37032468030952326,0.23906747767560232,0.7869286329518165,0.4497781228616648,0.8118338986996642,0.8118338986996642,0.6929989000810969,0.6243560564054483,0.8030722433660158,0.3782290881562182,0.3782290881562182,0.30892873011501654,0.373938302512464,0.4479843433100259,0.41449010929459695,0.4144901092945969,0.2256223871855139,1.0004595667774783,0.5774258893768525,1.3246093417133435,1.3246093417133435,1.6192727205591528,1.4842286492693604,1.0931103501816204,1.1646151300045142,1.2979185734701704,0.7198179400415017,0.48258335643306993,0.8885474367948373,hjorth_mobility,hjorth_complexity,1.2422620245522238,1.2104759392454782,1.1578669716351324,1.422058235042764,0.9380593951005884,1.17732981530343,0.42081336278571224,1.2046024227200212,1868,eeg_data_level_6.csv,10,TP9,220.0078125,230.00390625
0.37214932857997934,0.37214932857997923,0.2000011620046744,1.0006063822131654,0.5733369887370778,0.7515032685459654,0.7515032685459654,0.6541932268674076,0.3563867563779773,0.7826809172752801,0.356256464532189,0.35625646453218907,0.2889673459613757,0.35018560134005433,0.4003518980925766,0.2943685608107497,0.29436856081074964,0.18226128665561855,0.7748149446343643,0.37346007297915845,0.46666174833438934,0.4666617483343893,0.03627691552076784,1.6016976703279644,0.9162278823483447,1.271183568121243,1.3218905638642946,0.7432808065753647,0.39196214626871273,0.5038927780275335,hjorth_mobility,hjorth_complexity,1.1437311330247535,1.0090982780237363,1.0729334338567418,1.424337174521999,1.2829341727110988,1.0496675461741425,0.366060567970134,1.1235061285913623,1868,eeg_data_level_6.csv,10,TP10,220.0078125,230.00390625
0.011647302596889765,0.011647302596889763,0.007771326697008068,0.02749845972402417,0.01452245450455862,0.03771902124124766,0.03771902124124766,0.025272981932047946,0.04985601218616713,0.05403101285904519,0.04720845230802927,0.04720845230802927,0.036110502443189516,0.08386850780998839,0.05236135890406606,0.08888870949459314,0.08888870949459314,0.05087708671741201,0.09460883150430636,0.10039661339742957,0.04085036750820281,0.0408503675082028,0.005500069168008862,0.058248688260309,0.08154460971470334,1.0021368766275902,1.4686098253750393,1.7788739820043884,1.8945315217443959,0.8757794598896244,hjorth_mobility,hjorth_complexity,1.029744415375327,0.9870053514768413,1.1524767353965115,0.45123001688856934,-0.036786642945121115,1.1489604221635883,0.015468383225738989,0.23095184323652096,1868,eeg_data_level_6.csv,11,AF7,230.0078125,240.00390625
0.01473440688863695,0.014734406888636946,0.007240565610912501,0.04122669912292351,0.022989582803110756,0.05858132933232489,0.05858132933232489,0.04247642225185646,0.10219735714017898,0.06973968883711805,0.0494524598009727,0.0494524598009727,0.042656642583977326,0.0631330311391264,0.05785540515742865,0.09255787901916224,0.0925578790191622,0.04543333438120618,0.19454774835679822,0.1195505017884662,0.08848691022412217,0.08848691022412214,0.007943046750448695,0.18959824024776142,0.17540198637524906,0.9787903017438038,1.6248556011918807,1.4376660012327847,1.5521692804589382,1.3144728018839738,hjorth_mobility,hjorth_complexity,1.141799154759509,1.0392436399039875,1.1209866988681179,0.3760250140738078,0.08276994662652251,1.1205910290237466,0.020911720001923456,0.268530641171803,1868,eeg_data_level_6.csv,11,AF8,230.0078125,240.00390625
0.397477125121293,0.3974771251212929,0.23121192136519753,0.8246231467234503,0.6713874982959723,0.9654253356933701,0.9654253356933701,0.8374518951859927,1.295542275061832,1.1365934436219616,0.5014038516845661,0.5014038516845661,0.5869145649754691,0.3811499389170703,0.58733789588017,0.5434141923348239,0.5434141923348239,0.2636971273903937,1.22135804551593,0.6937124958779202,1.4049287760477307,1.4049287760477305,1.5081895535999075,1.6326052195928114,1.377121826663776,1.1545076383638704,1.387794678720675,0.8244138397065752,0.5556922499307095,0.8941272333666609,hjorth_mobility,hjorth_complexity,1.1669148722076879,1.1898641937512289,1.2396492943817137,1.365084748061884,0.9058710825236075,1.2056992084432716,0.44396217922477577,1.2372912977976445,1868,eeg_data_level_6.csv,11,TP9,230.0078125,240.00390625
0.48390766786249945,0.4839076678624992,0.3169551498649004,0.832784423449434,0.8543734527699894,0.8610680543936252,0.8610680543936252,0.7366096079519664,1.0235513779092056,0.9797720032135913,0.3813313121752816,0.3813313121752816,0.41444343962478364,0.47726833872377783,0.40394304842878437,0.42618438648159274,0.4261843864815927,0.24033828972063143,0.8689530110698703,0.5331630390945861,0.5404417000689764,0.5404417000689764,0.03907087430001018,1.6520487087138647,1.0975450584480204,1.2484367295031493,1.227628829832338,0.6377797532799839,0.43337125029134377,0.4614227408354638,hjorth_mobility,hjorth_complexity,0.9911048500704368,1.011338572280227,1.0944114520998616,1.3605268691034136,1.3657041193376214,1.092221635883905,0.44220708350423216,1.2348432118980943,1868,eeg_data_level_6.csv,11,TP10,230.0078125,240.00390625
0.015762296984408043,0.015762296984408043,0.009780967177973221,0.03957723514374495,0.021437931745708527,0.030120475876608953,0.03012047587660896,0.03216489140758737,0.03613618384150182,0.028193161179713776,0.025962265050883712,0.025962265050883712,0.021707317902260787,0.0398949990402022,0.029889223883093636,0.04042827416792394,0.04042827416792392,0.03209371860436027,0.07846182007517816,0.04632528608134304,0.035648276679265574,0.03564827667926554,0.0037175431305823754,0.06253267615815489,0.06977325884768243,1.187528804292717,1.1662766822538697,1.0728346815581786,0.9739554995312352,0.7641033208592928,hjorth_mobility,hjorth_complexity,0.9949688066009259,1.024901337119832,1.1653082618681412,0.4443931984508637,0.11495825920350349,1.1915145118733508,0.0182636979041926,0.25095354136315956,1868,eeg_data_level_6.csv,12,AF7,240.0078125,250.00390625
0.027781086843384706,0.027781086843384702,0.01399945534784685,0.08051431105763879,0.04155433018070254,0.08454845437633356,0.08454845437633356,0.06967385218957801,0.07072848841701447,0.09190081603480367,0.038394652000914374,0.038394652000914374,0.033949947289494325,0.05514310278256963,0.043676707778814966,0.07115519760395332,0.07115519760395328,0.03447835312614329,0.20843345020105097,0.09453109805969535,0.11605814831700864,0.1160581483170086,0.009125737256957549,0.2531787087417839,0.23985298870068616,1.1233195037954624,1.5265222967446623,0.8441984619666347,0.8882426374773392,1.16696950693475,hjorth_mobility,hjorth_complexity,1.0471322197625277,1.0753988082599366,1.129378882058094,0.5720138092880348,0.19772820583002598,1.1489604221635883,0.029108565688311192,0.31681765442650484,1868,eeg_data_level_6.csv,12,AF8,240.0078125,250.00390625
0.579895098631716,0.579895098631716,0.3129316263476998,1.5921480381527187,0.8994401842536717,1.2909340890168215,1.2909340890168215,1.328781319316924,2.0688058017937943,1.2288101563112326,0.4575164087795038,0.4575164087795037,0.7394140151990449,0.22446627022346285,0.353899847248403,0.6019867358681545,0.6019867358681543,0.29632969860775843,1.190598782090726,0.8220956386840057,1.5499462051817372,1.549946205181737,1.3866168979278686,1.4699318547918117,1.9097512562732402,1.2221812906937903,1.371496030683033,0.577017647120879,0.4693018659957458,0.801026178584568,hjorth_mobility,hjorth_complexity,0.9775810022137251,1.1726141660742768,1.1575352647896788,1.467637024627468,1.1127959490899137,1.1631451187335091,0.5947251713472694,1.4320465364426873,1868,eeg_data_level_6.csv,12,TP9,240.0078125,250.00390625
0.5729233394827012,0.5729233394827011,0.34558286259695514,1.3712620480997986,0.7890907011045409,1.2303380139333169,1.2303380139333169,1.560780307719029,1.4175416031439851,1.1221741841429502,0.39924314141056094,0.39924314141056094,0.6180184380873288,0.35489864769534996,0.24866507448390388,0.369718157415596,0.36971815741559594,0.20118088789381033,0.9839599433972881,0.4699804200774933,0.6136508024947814,0.6136508024947814,0.07538170387225389,1.6156699254563542,1.1659300286931944,1.2571820116615626,1.369295911214077,0.5565862329859296,0.33106851378808816,0.4405448773778079,hjorth_mobility,hjorth_complexity,0.969853089152747,1.0054191516486684,1.1486731635686438,1.353690050665708,1.2047625564527165,1.0638522427440633,0.48383615420292475,1.2916597600564534,1868,eeg_data_level_6.csv,12,TP10,240.0078125,250.00390625
0.003637987579500372,0.003637987579500371,0.002845253882861828,0.0037379405530068625,0.004125795104572743,0.008373388190392501,0.008373388190392501,0.006571168086971269,0.009968389666122712,0.009313196740723893,0.014501385371955854,0.014501385371955854,0.01096388900082117,0.027489967312498247,0.015819455910182637,0.03547001027548204,0.03547001027548203,0.025406514646206156,0.08498058276645358,0.03804760699077424,0.03572601855030572,0.03572601855030568,0.0056507474896289375,0.06417241554534894,0.06662040843946569,0.8608231340413594,1.0216865453067339,1.5787411865910388,2.0959053319144942,1.8572989773940738,hjorth_mobility,hjorth_complexity,1.1050915677198634,1.1099997665268457,1.1095704549370904,0.26663591907051826,-0.1747365539893253,1.1064063324538258,0.005868480752230857,0.1422531242546105,1868,eeg_data_level_6.csv,13,AF7,250.0078125,260.00390625
0.02486154829482913,0.024861548294829127,0.015997413071382433,0.05176163410917492,0.0404501602169369,0.10386280967079599,0.10386280967079597,0.07927466182203567,0.07608242195882868,0.09863357110001883,0.0376018975073502,0.0376018975073502,0.03286361271925145,0.05987675317645881,0.04303988046177993,0.08159592333212977,0.08159592333212974,0.039953414820887156,0.1304109595260607,0.10953973301168875,0.0851307717143843,0.08513077171438427,0.005954236758967778,0.2620718322151711,0.1829953097310709,1.056674290831091,1.7992615524622295,0.85340166563407,1.0253916920481299,0.9301278838002591,hjorth_mobility,hjorth_complexity,1.081907828536929,1.0238616691911169,1.0709487212314448,0.40793016678310057,0.16094156288490488,1.0780369393139841,0.030896670774909405,0.32640350507838195,1868,eeg_data_level_6.csv,13,AF8,250.0078125,260.00390625
0.6899561347948282,0.6899561347948281,0.3812372324416546,1.8583045263603737,1.0338944248022341,1.8060107191650805,1.8060107191650805,1.959976791706282,1.3412604325485429,1.935049111050209,0.6232078109277258,0.6232078109277258,0.914472024444938,0.6959878364899075,0.428166375274172,0.4955998817725515,0.4955998817725513,0.21827365330942838,0.760240125737562,0.6662985307346956,1.336055493810692,1.336055493810692,1.7203199925057582,1.5341962489711856,1.0308505862818165,1.2253425438456453,1.5019771518179643,0.6544641798409346,0.3429556363934168,0.5415651029706728,hjorth_mobility,hjorth_complexity,1.1785067417991548,1.1234171280429073,1.1367980585014057,1.6932520330717526,0.8368961270015054,1.0354828496042217,0.6464468951111093,1.4930192185426734,1868,eeg_data_level_6.csv,13,TP9,250.0078125,260.00390625
0.6967928590787539,0.6967928590787537,0.4177840469370688,1.9223935521960747,0.929229964501012,1.612735835967291,1.6127358359672905,1.8882887303055627,1.0207822093556838,1.4650129134803964,0.6489953579088326,0.6489953579088326,0.680881239951569,0.8196095200475579,0.6190388017501383,0.37437282089971663,0.37437282089971646,0.2575618188319114,0.611878214315023,0.46680353614110826,0.4839864206985609,0.4839864206985609,0.030252771915652066,1.1301017455981908,1.0435603056108318,1.2677665296423666,1.4236631612220365,0.7260407100188756,0.2794717764842817,0.30312595899242367,hjorth_mobility,hjorth_complexity,0.9331455021131014,0.9117609803758503,1.0723363615349255,1.536005209004524,1.0530176543040919,0.9787440633245382,0.6186078841820155,1.460517269631,1868,eeg_data_level_6.csv,13,TP10,250.0078125,260.00390625
0.002245592656047441,0.0022455926560474406,0.00127318383293723,0.006201971623501263,0.003412218846143817,0.010899896560688628,0.010899896560688628,0.007693958028330595,0.01779961274964044,0.013639023281887767,0.015532822915694794,0.015532822915694794,0.016003328718463838,0.02172111727560234,0.015060902438478478,0.039063820171432215,0.0390638201714322,0.022210609877627456,0.12883378113062882,0.0513980606970557,0.03543686801775563,0.03543686801775559,0.0064620915389045465,0.03518043390086959,0.059507945391676996,0.7318284627225723,1.3791906894018047,1.7944153393482942,2.5212113465824415,2.016531775611053,hjorth_mobility,hjorth_complexity,1.103159589454619,1.0930725260557852,1.0936208841181971,0.2825884954251646,-0.1885315450937457,1.092221635883905,0.005766540302535125,0.14101218335340418,1868,eeg_data_level_6.csv,14,AF7,260.0078125,270.00390625
0.011624274463609174,0.011624274463609172,0.006233900093568429,0.03236489310658216,0.018228466692097392,0.03969908750209602,0.03969908750209602,0.032417467279290395,0.08045555360604414,0.040950675114915305,0.041390989891543106,0.041390989891543106,0.03237836228514542,0.07307589868106927,0.04459519738595653,0.11331428334380383,0.11331428334380383,0.05006855977048928,0.2538982174247624,0.15042548519733387,0.1168956569999163,0.11689565699991628,0.010518772780326915,0.27831642255065625,0.22395700286045028,0.9113143969419629,1.3320269972560443,1.387016696962811,2.0469135738930837,1.8479052281796828,hjorth_mobility,hjorth_complexity,1.2268061984302676,1.104794850307595,1.051986146566348,0.39425652990768933,0.1747365539893253,1.0496675461741425,0.021212406247714755,0.2704543301173617,1868,eeg_data_level_6.csv,14,AF8,260.0078125,270.00390625
0.4329831734526496,0.4329831734526494,0.2919716935137491,0.7751596813726279,0.5963458495763482,1.0309541835309441,1.030954183530944,0.9020161228907809,1.5863775426307427,1.0213599970787086,0.6545692039409667,0.6545692039409667,0.6629405629447976,0.746441435062043,0.7572363046084539,0.7108334282455471,0.710833428245547,0.4876226036853685,1.5156868137487034,0.9412079664950495,1.3872768959030903,1.3872768959030903,1.4891028470150918,0.916749306850258,1.2838273121028791,1.12691938229413,1.3867903319230555,0.9699736508284168,0.6518140381296641,0.8267243322457213,hjorth_mobility,hjorth_complexity,1.309881263835782,1.1382472311997816,1.1563466485934701,1.342295353269532,1.0070343506226904,1.0638522427440633,0.45014255712364387,1.2458736710896794,1868,eeg_data_level_6.csv,14,TP9,260.0078125,270.00390625
0.47715698257594186,0.4771569825759418,0.3354489887725085,0.6490790824576835,0.6649686519199193,0.8959131705070991,0.8959131705070991,0.7171769631264375,1.4055846519009243,0.8083354058927732,0.5072247662566494,0.5072247662566494,0.4780627451381812,0.6243122552582859,0.5335253478848592,0.5312363906834164,0.5312363906834162,0.3188357770467516,1.258160021935337,0.6869329941389282,0.6199929068801329,0.6199929068801329,0.060251235257964476,1.3631581689949357,1.2727624132823023,1.202800825556588,1.2740263810328938,0.81353804690407,0.5259998990790763,0.517961135065629,hjorth_mobility,hjorth_complexity,1.0567921110887504,0.9973656555219061,1.0470658283587864,1.4858685404613494,1.1081976187217737,0.9929287598944591,0.4499392328986331,1.245592265892476,1868,eeg_data_level_6.csv,14,TP10,260.0078125,270.00390625
0.002733663129741973,0.0027336631297419723,0.0013133352365313252,0.005176642162412888,0.005227253720065884,0.008183295356524851,0.008183295356524851,0.006545860738288848,0.011479004531944177,0.010206376438903614,0.010540076631695152,0.01054007663169515,0.010927290119151159,0.011897916771547225,0.012024256167638834,0.03608256370324438,0.03608256370324436,0.020233884838276536,0.055289748591355097,0.046534634400271176,0.030511092914630323,0.030511092914630316,0.0064667227534812325,0.04730552797186345,0.056483730394694294,0.856581411352118,1.1325876692347427,1.3759236686155365,2.437306144998114,1.8566034127477657,hjorth_mobility,hjorth_complexity,1.0954316763936407,1.086708960084988,1.0936706401450151,0.24840440323663665,-0.17013822362118516,1.092221635883905,0.005225989504087593,0.1342404000579243,1868,eeg_data_level_6.csv,15,AF7,270.0078125,280.00390625
0.016382424474316624,0.01638242447431662,0.008898481179050921,0.02869736311220194,0.025690679225860175,0.08385102148488185,0.08385102148488185,0.08035478440561365,0.07666563395813371,0.08245005135638563,0.02901822483081831,0.02901822483081831,0.03041277558224901,0.05240154399970026,0.029430166039274827,0.08326921557824696,0.08326921557824694,0.05381623274603719,0.16264484755402558,0.10234705170734183,0.07765524404344838,0.07765524404344838,0.005579391527829538,0.12142679810414304,0.1579362982514549,0.9732367519508618,1.8592822845322312,0.8695241527960961,1.3209756160823254,1.0935556981538501,hjorth_mobility,hjorth_complexity,1.0799758502716845,1.042409378188605,1.057066789749212,0.33956198240604457,0.11955658957164363,1.0638522427440633,0.02389143949460172,0.28702526718415483,1868,eeg_data_level_6.csv,15,AF8,270.0078125,280.00390625
0.46765693524452717,0.46765693524452706,0.27189305662699953,0.8168103024046143,0.6535803751982794,1.110503607649514,1.110503607649514,1.0121631640725168,0.6052927870422141,1.29990362358362,0.5231941975219524,0.5231941975219523,0.6217229619077763,0.5619457675397909,0.4605412423761194,0.4929460749633889,0.4929460749633888,0.25882112286616094,0.8227377167743863,0.5956448506127403,1.2360593964696256,1.2360593964696254,1.6044341615046993,1.5581860684233744,0.9358344031138173,1.187793502575618,1.3844892347090283,0.7717505058019514,0.46407534222488167,0.6856578987068845,hjorth_mobility,hjorth_complexity,1.2306701549607566,1.144057903539788,1.007327348273447,1.3947109612919415,1.5818256466402079,1.0567598944591028,0.4544895767712953,1.251874908733091,1868,eeg_data_level_6.csv,15,TP9,270.0078125,280.00390625
0.4313063820102804,0.4313063820102804,0.30792939996253677,0.6647351469991132,0.5136105154746938,0.9398479885683182,0.9398479885683182,0.8192502389330736,0.4667386923992238,1.05194643396774,0.5604208952099563,0.5604208952099562,0.6940950644360059,0.5341894569239427,0.45242341098193095,0.37890780660816237,0.3789078066081623,0.19469892097048028,0.7537046926947252,0.48094106289153465,0.46541362795473307,0.465413627954733,0.031344678682386926,1.2098868468769222,0.9444575965042635,1.201877850608944,1.3711007649927227,0.9212377351314507,0.4243102500838871,0.4385655520770188,hjorth_mobility,hjorth_complexity,1.0780438720064403,0.9827220639095384,1.0063875122113286,1.4402897508766455,1.1725742438757356,0.9645593667546174,0.38580268839451315,1.1534043791922488,1868,eeg_data_level_6.csv,15,TP10,270.0078125,280.00390625
0.006377296304737653,0.006377296304737651,0.005903693290051244,0.004719968827844808,0.006275777391656932,0.00806135293778763,0.00806135293778763,0.006673566317096957,0.01627259262378249,0.006760389947837551,0.011768675659176773,0.011768675659176771,0.007646440088262233,0.021192813893970406,0.013997449508533029,0.037499902727539294,0.037499902727539274,0.026829341910971343,0.07579040772036304,0.04534844755498802,0.0323508921814502,0.03235089218145017,0.004831060300649647,0.06825727521952211,0.05852796064584324,0.9500929082948586,0.7934550391645587,1.0568414422258168,1.7317909161354856,1.3409481963669831,hjorth_mobility,hjorth_complexity,1.014288589253371,1.1003329125322174,1.14369756088684,0.25752016115357745,-0.13335158067606404,1.1631451187335091,0.007892252410047344,0.16496790319297222,1868,eeg_data_level_6.csv,16,AF7,280.0078125,290.00390625
0.01841801825268144,0.01841801825268144,0.011388921314732741,0.045663553173988916,0.03104053512244958,0.06317414517,0.06317414517,0.04815556195399071,0.08713044417043678,0.07423049072541883,0.031116769513779882,0.031116769513779882,0.026002449495290153,0.012111057861014839,0.04137495524439168,0.07716014663114558,0.07716014663114555,0.03543743572020597,0.19663287264057508,0.09735517355235747,0.10063709317202468,0.10063709317202464,0.008437953848437825,0.31896431813719284,0.2086991158074146,1.0421884027846033,1.5606623565816846,0.8933764492922768,1.2285442498278232,1.3427063793555767,hjorth_mobility,hjorth_complexity,1.0007647413966594,1.0657636679133753,1.120671577364937,0.36918819563610217,0.1057615984672232,1.1205910290237466,0.028159456234569065,0.31160979690973545,1868,eeg_data_level_6.csv,16,AF8,280.0078125,290.00390625
0.5724674664653226,0.5724674664653223,0.3926049984468455,0.9389327487965764,0.7786265769729905,1.0645149897544166,1.0645149897544168,0.763922913255865,1.5958421055718492,1.4547179855350225,0.6878055865564952,0.6878055865564953,0.7545592472449059,0.5346671273477893,0.7516562938170526,0.4149832235824464,0.41498322358244627,0.22882347479014206,0.7605755986321309,0.5032495014772604,1.288779015040167,1.2887790150401668,1.6282988126013969,0.8073510139685877,1.1117611687428732,1.2221156416546601,1.2547296282915723,0.869629517896821,0.35554673002508386,0.6406574235292631,hjorth_mobility,hjorth_complexity,1.1379351982290202,1.1132786412663704,1.1839833572671778,1.2465798951416536,1.1495825920350349,1.0780369393139841,0.5720766227890002,1.4045139975404046,1868,eeg_data_level_6.csv,16,TP9,280.0078125,290.00390625
0.6017541014339874,0.6017541014339873,0.4367399379206235,0.9845170046899221,0.846881424226449,0.9584253180070726,0.9584253180070728,0.6712397688364097,1.0754909679898075,1.313319176719895,0.6830880660983145,0.6830880660983146,0.6983690401340463,0.5028391262915078,0.7349295056175131,0.33436620070987955,0.3343662007098795,0.2685484299805717,0.6616179232922459,0.3666401794646834,0.42559053002148933,0.4255905300214892,0.031586324228032,1.1233200227720797,0.8588261424176064,1.2679841386898156,1.1835835403139887,0.8917908471357061,0.30251493936759516,0.32373025693352114,hjorth_mobility,hjorth_complexity,0.9350774803783459,0.8800730083572663,1.15141527349106,1.1850485292023032,1.0116326809908307,1.092221635883905,0.5660294482198828,1.3970710211407578,1868,eeg_data_level_6.csv,16,TP10,280.0078125,290.00390625
0.0016923279366999585,0.0016923279366999582,0.0008609287502800651,0.0025348414869510523,0.0032244833665438935,0.006346747004782586,0.006346747004782585,0.004541859447243001,0.004135727066042106,0.008214775902131016,0.012974562169061671,0.012974562169061668,0.009091642395913854,0.024777756391220755,0.015481651775035774,0.0343431853653585,0.034343185365358485,0.025077098039157933,0.06870211717441785,0.04296986982256624,0.034630592517329827,0.0346305925173298,0.004432311961625225,0.0557474759406183,0.0659826758685342,0.7018679323143175,1.0693449830544106,1.897115424128497,2.711453941020898,2.4320085710229637,hjorth_mobility,hjorth_complexity,1.2306701549607566,1.1153273709971063,1.1521339716562096,0.24840440323663665,-0.15634323251676474,1.1631451187335091,0.0047405783624547785,0.12785409313585971,1868,eeg_data_level_6.csv,17,AF7,290.0078125,300.00390625
0.008650912452129454,0.00865091245212945,0.00395903166806137,0.0242141531740354,0.01487909136291908,0.037284576012211884,0.03728457601221189,0.03253345492456612,0.04900889737955872,0.03965668208604698,0.034693487602954355,0.03469348760295436,0.029018062617094796,0.04136370130919809,0.046896726648874655,0.09047317439775868,0.09047317439775866,0.04918737467435701,0.2621385021367168,0.11217609537428135,0.09344597135155705,0.093445971351557,0.009063788485976308,0.1978339575359962,0.18180322380716638,0.8700261130914763,1.4668812190832687,1.422203099369744,2.0431443090076695,1.8422105963775273,hjorth_mobility,hjorth_complexity,1.1746427852686658,1.1098983655612953,1.1276982340411288,0.4785772906393917,0.6529629122758998,1.1347757255936675,0.019596018563223957,0.25994585233415735,1868,eeg_data_level_6.csv,17,AF8,290.0078125,300.00390625
0.3113718370407446,0.3113718370407446,0.19171178246449622,0.733363702664354,0.37743538870144006,0.7689252529219635,0.7689252529219635,0.8707082779493379,0.8080416531475598,0.7714500281880086,0.3896619967138312,0.3896619967138312,0.397543871637098,0.4297743379135714,0.4402794264544563,0.39212583855991784,0.3921258385599177,0.3248431906257634,0.60827576232974,0.4247831508743119,1.1788699111586742,1.1788699111586742,1.685633537047266,0.987105046279766,0.7438234971489326,1.161051127561906,1.3849068682505319,0.8293733326356552,0.5145521441329632,0.8394638382383951,hjorth_mobility,hjorth_complexity,1.452847655463876,1.2047969496018693,1.212432747712247,1.4197792955635287,0.9288627343643081,1.1631451187335091,0.34918856250888497,1.0973090884788212,1868,eeg_data_level_6.csv,17,TP9,290.0078125,300.00390625
0.3663706815454576,0.36637068154545754,0.2359100949867466,0.7959254400507123,0.4309459832603458,0.7466750335726544,0.7466750335726544,0.9481033106722518,0.7134775989573359,0.6994218654828172,0.35667847344369313,0.35667847344369313,0.3179742969449467,0.263230698758638,0.45189208148241033,0.3204232442420068,0.32042324424200674,0.2746805445464938,0.6925554437979431,0.3893723592082335,0.2928974148364344,0.29289741483643433,0.02096183478050373,0.5333780046138581,0.6183268106208045,1.243598690975932,1.3196428865627639,0.7532723680095366,0.4275261204071288,0.3434956385221297,hjorth_mobility,hjorth_complexity,1.1785067417991548,0.9360633700256478,1.1381193574357955,1.3992688402504119,1.1081976187217737,1.1205910290237466,0.3505570101328226,1.0994571280672025,1868,eeg_data_level_6.csv,17,TP10,290.0078125,300.00390625
0.002771037566564413,0.0027710375665644126,0.002491431798689056,0.0023868463774008265,0.002597488643161367,0.004857444574393668,0.004857444574393668,0.0032866295396856084,0.014074969383586978,0.005753584879330466,0.014551765963341434,0.014551765963341434,0.013512335928468237,0.02088339818607081,0.015432058314454154,0.03550306751272823,0.03550306751272821,0.03081353913274044,0.09123603536074724,0.04157681525613446,0.03143911877063306,0.03143911877063305,0.0059438537625358945,0.06358504021248808,0.05758511658505173,0.7870958901140255,0.7831685787415074,1.781240921067128,2.411405921785479,1.9091823646938946,hjorth_mobility,hjorth_complexity,1.1553230026162207,1.1302718259666935,1.1216390556641767,0.25979910063281264,-0.22991651840700697,1.1347757255936675,0.004767314957003862,0.1282141311376505,1868,eeg_data_level_7.csv,0,AF7,120.015625,130.01171875
0.01367194128441235,0.013671941284412348,0.006820234546548531,0.030948488287920906,0.023020815628389004,0.04118056677230349,0.04118056677230348,0.031233673815480974,0.048604221836020284,0.053238642643551624,0.02744134420673875,0.02744134420673875,0.022186051816674643,0.04713827672636084,0.029024660941041232,0.06709430504666773,0.06709430504666772,0.03871326037442378,0.18189105262974686,0.08627325990486495,0.04507485129125349,0.04507485129125347,0.003833605178355266,0.1201639368145246,0.09484102362537172,1.0869307863278141,1.463922571241906,1.100808797815092,1.4665278977816503,0.9192840671831765,hjorth_mobility,hjorth_complexity,0.9292815455826123,0.9786025484083913,1.0950140528691024,0.3486777403229854,0.027589982208840836,1.092221635883905,0.017921015110611924,0.24858806520689009,1868,eeg_data_level_7.csv,0,AF8,120.015625,130.01171875
0.4112000404197648,0.4112000404197647,0.24011184018449996,0.7248460956206266,0.5690792221131573,0.6712550973740227,0.6712550973740227,0.5839925484392834,0.5780409797398204,0.565430730856572,0.41028984174762917,0.41028984174762917,0.3661868732640334,0.4682068921686611,0.4413520589739999,0.43447527217577714,0.434475272175777,0.3554343032506255,1.023257822873686,0.48489181881611493,1.057205491950469,1.0572054919504685,1.3661729816039818,1.0448439978678206,0.8414832620618811,1.2399872632311326,1.127393199249725,0.763976205124978,0.49412395497199807,0.7114185241999759,hjorth_mobility,hjorth_complexity,1.2210102636345341,1.1721704568528981,1.0770023711609726,1.285321866288652,0.9656493773094292,1.1064063324538258,0.425731926620812,1.2116218070117712,1868,eeg_data_level_7.csv,0,TP9,120.015625,130.01171875
0.4315299864272824,0.4315299864272823,0.23815752345362143,0.8329537346333915,0.5683401640589282,0.713998363734654,0.713998363734654,0.6252377631529039,0.5560376148997134,0.6279099199373074,0.4082322408819602,0.40823224088196025,0.35015110730985616,0.6638454488829091,0.4364170884152706,0.3445966988660657,0.3445966988660656,0.2366024686032487,0.8290000892938768,0.43536214992119515,0.39552009309530667,0.3955200930953066,0.027921113281679448,1.1786660786974603,0.8483608469582752,1.280539094150055,1.1798296739288996,0.7657044716913489,0.4066793173391106,0.39829749983241575,hjorth_mobility,hjorth_complexity,1.2364660897564905,0.9844067609591407,1.0967610422551577,1.3559689901449432,1.1127959490899137,1.0638522427440633,0.425540494173319,1.2113493705406386,1868,eeg_data_level_7.csv,0,TP10,120.015625,130.01171875
0.03563712362664184,0.03563712362664184,0.018614782321710616,0.09083354620541008,0.0496404566903273,0.06754719766780172,0.06754719766780172,0.07666013741425813,0.11608873205551265,0.05114724893322573,0.07663458719620957,0.07663458719620957,0.06849976800534545,0.08952804798378355,0.07525554745455115,0.07922497439005416,0.07922497439005413,0.08029109136625602,0.08721013786311638,0.07642421634876291,0.03462451238823868,0.034624512388238646,0.005570016630425063,0.054188301701562386,0.057646521224638994,1.2246563286584797,1.205616316315827,1.3571043069082793,0.8693252326513501,0.3750525077226534,hjorth_mobility,hjorth_complexity,1.1533910243509762,0.9974078535672776,1.1787258037667385,0.8705548810678458,-0.19772820583002598,1.1347757255936675,0.036040878462783754,0.3525304660713985,1868,eeg_data_level_7.csv,1,AF7,130.015625,140.01171875
0.12668004344708064,0.12668004344708064,0.09423343766545539,0.24085545842698236,0.14923157390231745,0.18175929579766378,0.18175929579766378,0.12655173342044135,0.36303099749787693,0.20455400529413706,0.2971699468311883,0.2971699468311883,0.2930022525477891,0.3896783717698185,0.29766354955258734,0.19039186318425366,0.1903918631842536,0.1608839997498636,0.17739520456213595,0.2083976108152627,0.08634919338550313,0.08634919338550312,0.007364017086242945,0.23546890701840945,0.17525529492511516,1.2129928066621571,1.0750835891010484,1.540572324847766,0.668921676170457,0.29778315939732664,hjorth_mobility,hjorth_complexity,0.823022740994164,0.8355809791528181,1.1336468434695963,1.0961698895121306,0.14254824141234432,1.0780369393139841,0.10908979044135127,0.6133255047480033,1868,eeg_data_level_7.csv,1,AF8,130.015625,140.01171875
0.5237845264289397,0.5237845264289396,0.5144999738730386,0.4673621578148521,0.3729378857838914,0.7401426297591425,0.7401426297591425,0.7345219698606592,0.6326812624168586,0.8887467169046916,0.6034524531821757,0.6034524531821757,0.4798015195830384,0.6555526177485421,0.7756879150518575,0.6745760530392726,0.6745760530392726,0.5566733669347937,1.3334959168309755,0.621160959789391,1.243851388638499,1.2438513886384988,1.7673835482253295,0.7168360529031979,0.7281612309038372,1.0607977491360951,1.0161998665028822,0.8603048901725836,0.5780842514321382,0.6351376368495342,hjorth_mobility,hjorth_complexity,1.249989937613202,1.1776746748334188,0.6475525752470644,1.0072912498219577,3.2924045435883396,0.9787440633245382,0.8218372634119041,1.683417686390351,1868,eeg_data_level_7.csv,1,TP9,130.015625,140.01171875
0.1360987599560152,0.1360987599560152,0.0902927000407975,0.27970604049848447,0.16361569918780375,0.27274541583969497,0.272745415839695,0.2911060166218618,0.41287148347786967,0.230780741814356,0.3648947954249366,0.3648947954249366,0.4040141316344751,0.49278631846096377,0.31116197513792243,0.3063719678269755,0.30637196782697546,0.29371943010492246,0.9307093812524063,0.3400003113517551,0.30743045464475405,0.30743045464475405,0.021768617402811163,1.156317406649589,0.6425795417221573,1.1431585436091685,1.1920409397223384,1.5242462976284976,0.8527167776384623,0.7506017513432625,hjorth_mobility,hjorth_complexity,1.0413362849667942,1.058011691714404,1.0265276461777852,1.0369174630520153,0.32188312576980976,0.9929287598944591,0.1370970675831651,0.6875638804631935,1868,eeg_data_level_7.csv,1,TP10,130.015625,140.01171875
0.03321148937436284,0.03321148937436283,0.02612914822451788,0.03856981502475382,0.03340861381855774,0.04569673388805764,0.04569673388805764,0.033018617844296466,0.06690242086650798,0.054995072760937576,0.04321154037138318,0.04321154037138318,0.029452983830594682,0.0767216111348703,0.053275432190998076,0.0623844777649805,0.06238447776498048,0.04228722243663431,0.12371089739571202,0.06936922459396506,0.033499074215053694,0.03349907421505367,0.0033505905484323526,0.0741422181819278,0.0631422708292098,1.15540334826619,1.0454776770560044,0.9959778803838464,0.8418988099627498,0.426347401046958,hjorth_mobility,hjorth_complexity,0.722559871201449,0.9062191565349897,1.0881200789310919,0.4854141090770973,0.34487477761051044,1.1064063324538258,0.03966032480528445,0.3698086833703397,1868,eeg_data_level_7.csv,2,AF7,140.015625,150.01171875
0.1266613112628896,0.12666131126288957,0.09397059596686302,0.22487059626599074,0.19366763292552136,0.22744668486456424,0.2274466848645642,0.2207508228386445,0.2654532773185145,0.21233591112501496,0.08700334735881134,0.08700334735881134,0.07373813065601877,0.12582557056866522,0.10136175410172239,0.10343992106934462,0.10343992106934458,0.07937366176348828,0.26174860169671366,0.12526089663275297,0.07679606270624867,0.07679606270624866,0.006312022340575431,0.1310004199477802,0.15067386596172777,1.2566592102926208,1.2629331336512102,0.5939717736103445,0.4207890085362989,0.27999946600378517,hjorth_mobility,hjorth_complexity,0.5911853491648219,0.7860709980201718,0.9998860580404382,0.895623215339433,0.7817161625838237,1.092221635883905,0.16379774195902352,0.7515414293295622,1868,eeg_data_level_7.csv,2,AF8,140.015625,150.01171875
0.8373115428091237,0.8373115428091235,0.4741520544520554,1.2211736037009258,1.3569486411497802,1.1053203210179774,1.1053203210179774,0.8611473831371871,2.0074800651585742,1.2728874486094786,0.5868280175522832,0.5868280175522832,0.5197691825234542,0.7965142924200117,0.7135584294887386,1.0309310906781997,1.0309310906781994,0.9072577658889848,2.021612713595534,1.1576676300059612,1.7806779103886907,1.7806779103886905,1.8376298962773907,1.8597568068558714,1.6695923537437534,1.2556138252277989,1.0028720125552386,0.5843657007521829,0.5742565474585518,0.6674266523187109,hjorth_mobility,hjorth_complexity,0.9833769370094587,1.119768060139052,1.565037124429408,1.9188670415160372,1.97728205830026,1.4042849604221634,0.9625151141749453,1.8218086094189125,1868,eeg_data_level_7.csv,2,TP9,140.015625,150.01171875
0.901472240155662,0.9014722401556617,0.4952085588830797,1.4002290340412042,1.5256253865816043,0.8935646916874842,0.8935646916874842,0.7352443623999521,1.367195737339072,0.9401571453816249,0.5307663423159363,0.5307663423159363,0.5446126251455238,0.7511849872030024,0.6374335746508942,0.5948579049468068,0.5948579049468066,0.34663269822559095,0.6195753464598813,0.700699050435641,0.6188550709584466,0.6188550709584466,0.0637161443000021,1.5428194977989993,1.2068039921257514,1.3416852207959467,0.8702390863598509,0.551123544551172,0.37061606499264843,0.33039046580013326,hjorth_mobility,hjorth_complexity,0.8751861541557658,0.9299919575332795,1.0253611437712735,1.2898797452471225,2.478500068427535,1.0638522427440633,0.7830875675142234,1.643251872015942,1868,eeg_data_level_7.csv,2,TP10,140.015625,150.01171875
