delta_abs,delta_mean,delta_max,delta_min,delta_median,theta_abs,theta_mean,theta_max,theta_min,theta_median,alpha_abs,alpha_mean,alpha_max,alpha_min,alpha_median,beta_abs,beta_mean,beta_max,beta_min,beta_median,gamma_abs,gamma_mean,gamma_max,gamma_min,gamma_median,delta_entropy,theta_entropy,alpha_entropy,beta_entropy,gamma_entropy,hjorth_mobility,hjorth_complexity,lempel_ziv,higuchi,mean,min,max,median,var,std,Participant,File,Window,Channel,Start_Time,End_Time
0.01928826196853993,0.01928826196853993,0.011506569542010932,0.04091562215298799,0.02325355007758295,0.08862853867250951,0.0886285386725095,0.06654731259664502,0.130228399879047,0.09871367473571506,0.10354887660641887,0.10354887660641887,0.08294191400670194,0.12243550505271741,0.1179202391971968,0.5240172754370305,0.5240172754370304,0.349188188565325,0.6380793497021423,0.6018362151301214,0.8232966985694433,0.8232966985694437,0.13533583970948507,0.9320475498283343,1.1021930741336075,0.6079935483112491,1.2170641229296941,1.5142858745528502,3.0431099980495535,3.4474078707357987,hjorth_mobility,hjorth_complexity,1.586650253043359,1.1805062917126186,0.9792711818307628,0.366758608417119,0.22922193816024314,0.9896310585965759,0.04726815584828162,0.3005460386872504,1716,eeg_data_level_1.csv,0,AF7,120.0078125,130.00390625
0.18420030630813897,0.18420030630813897,0.16660892706001657,0.24591164189791637,0.18878129320394677,0.2824408423969264,0.2824408423969264,0.4373475671359392,0.17850210455536733,0.20799180675914775,0.12429910900856121,0.12429910900856121,0.09507409181398935,0.1469480318014395,0.15594123447392236,0.2841168175629311,0.28411681756293106,0.14258788043942425,0.6853255917525681,0.37331734881951617,0.31502452591959484,0.3150245259195949,0.0628742412043995,0.6095351358638449,0.4379442030019527,1.0774344541123695,1.0147703921043993,0.6208249694891368,0.6415358345963348,0.5244157891673573,hjorth_mobility,hjorth_complexity,1.2693202024346872,1.0108178871590017,0.9610909791508099,0.7126968591511701,0.759442380975351,0.9896310585965759,0.17564988732302908,0.5793628135736594,1716,eeg_data_level_1.csv,0,AF8,120.0078125,130.00390625
0.39101859204109113,0.3910185920410912,0.26240921797480965,0.8754853192582309,0.46266250348174764,1.0345651452652438,1.0345651452652438,0.8393564599694511,1.0823447631106573,0.9395511297144568,1.0985666342758493,1.0985666342758493,1.1238020808542455,0.6113799976568005,1.2308789310797879,0.709846047063006,0.709846047063006,0.6093907808227448,0.8080494368567792,0.771367720079642,1.331593053459343,1.3315930534593432,1.7450061608143166,1.3722450178542096,1.261558958791813,1.029106776166154,1.4559084515969722,1.7016869155573633,0.6298018294212179,0.7589667897412496,hjorth_mobility,hjorth_complexity,1.190534810559431,1.084675279922885,0.947669991832101,1.1419165406174927,1.185471033717621,0.8724379069206656,0.41247546018625114,0.8878216609100507,1716,eeg_data_level_1.csv,0,TP9,120.0078125,130.00390625
0.35575672124343555,0.3557567212434356,0.2473089847197039,0.799289355599432,0.43023446450207503,0.8889305646866378,0.8889305646866377,0.7671895954247567,0.8303233503314966,0.8852078990994805,0.7903772597037714,0.7903772597037714,0.7702026171511521,0.6335093055019309,0.7652297102006251,0.4916320445619914,0.4916320445619913,0.3985490440253006,0.8991840791547383,0.551441447925791,0.5721189404409016,0.5721189404409016,0.071333174229151,0.5662664800127619,0.8906048681965465,1.0652184274713554,1.4507565759325514,1.484848637914362,0.5261035236210472,0.4518906936483946,hjorth_mobility,hjorth_complexity,1.0942415538230064,0.9290637701015634,0.9486869610092932,1.0586351098852211,0.5533741739424051,0.8919700988666507,0.3469633787257219,0.8142701190355993,1716,eeg_data_level_1.csv,0,TP10,120.0078125,130.00390625
0.0041517438025067905,0.004151743802506791,0.0029117969659322794,0.009004428860793232,0.005072387594723049,0.01823621871575024,0.018236218715750235,0.014071212151614283,0.027704878143475675,0.02198847172550074,0.04256208641097747,0.04256208641097747,0.033057835049785836,0.05980211144710811,0.04445653715733209,0.4542273230871156,0.45422732308711555,0.29611114811812356,0.6496609393318546,0.6138211780901234,0.5055287924324849,0.505528792432485,0.0936160116177047,0.632587623457957,0.700863059381585,0.33907728790062175,0.6418540762213606,1.3402323788727528,4.887146627810855,4.248598835787792,hjorth_mobility,hjorth_complexity,1.6873204759950757,1.2027286532214907,0.9976317337244054,0.27546934780674437,0.17365298345472965,1.0026525198938994,0.025553888958199336,0.22098112511059878,1716,eeg_data_level_1.csv,1,AF7,130.0078125,140.00390625
0.023291639942670014,0.023291639942670014,0.024622170751923526,0.022196509349994096,0.02287339587015209,0.0425583608734008,0.0425583608734008,0.032504486401335554,0.0858763100929853,0.04881575908290974,0.07119237924392054,0.07119237924392054,0.07015976735064987,0.07140549698604673,0.08323939634588237,0.2524222841149572,0.25242228411495715,0.2112724173635443,0.20158075582321827,0.3314643415934753,0.2866351976196022,0.2866351976196022,0.04416053626958933,0.427570941892009,0.39039336317766216,0.8390698765284014,0.9597009087306023,1.5383768093773602,2.3357597247015573,2.0231318112806314,hjorth_mobility,hjorth_complexity,1.4662836821228284,1.1678801756471733,0.9577745574990796,0.42761811549070206,0.14355313298924316,0.9700988666505909,0.038098917428747575,0.26982550374260483,1716,eeg_data_level_1.csv,1,AF8,130.0078125,140.00390625
0.11171375506873112,0.11171375506873113,0.08741927502165381,0.14709615487880448,0.13413806542782844,0.36805754109164207,0.36805754109164207,0.33282781022599406,0.25832423972627105,0.33732988339370423,0.41740757020355046,0.41740757020355046,0.4910825848211065,0.37310161493953203,0.35007968138075235,0.4713733824996117,0.47137338249961164,0.36648546736438226,1.054396660305362,0.5773318913179465,1.0443171549308403,1.0443171549308405,1.82145507836975,1.2516114649198822,0.797743826387508,0.8957900569006453,1.464432257191401,1.8262634734513123,1.0989105752259951,1.4182786280923045,hjorth_mobility,hjorth_complexity,1.5647654219668992,1.1921770330606212,0.9654894960846756,1.1803541240323872,0.29636775842940527,0.9245237521099591,0.18247173379905185,0.5905062221135585,1716,eeg_data_level_1.csv,1,TP9,130.0078125,140.00390625
0.1128412910015117,0.11284129100151172,0.07961203942894839,0.14104963011229565,0.14047813390924457,0.36854474736104886,0.36854474736104886,0.37519982339588026,0.3499076726617187,0.2898278678662961,0.3724168761071125,0.3724168761071125,0.4677545638250169,0.3070293134335962,0.32272458208836124,0.28976213266022244,0.2897621326602224,0.205350270795803,0.5034093431507852,0.34153819615513586,0.4219720965828397,0.42197209658283974,0.10588245859907815,0.4695475226832078,0.5281096436539123,0.9651989982769337,1.5598950546134505,1.7954306707945047,0.793293884417573,0.8248216073583168,hjorth_mobility,hjorth_complexity,1.262754753111749,1.0393717269146805,1.0063035250826304,1.0938695613488745,0.34962134002218903,1.0026525198938994,0.17031519810067436,0.5704970207619644,1716,eeg_data_level_1.csv,1,TP10,130.0078125,140.00390625
0.009659337111382501,0.009659337111382503,0.006630061175279955,0.02579008741693519,0.011186426882649881,0.033222428531791845,0.033222428531791845,0.02234224803810691,0.050949273732375656,0.04036719862358174,0.07034707023802504,0.07034707023802504,0.05006042091210582,0.06772574054674316,0.09561458593954336,0.4675234432142382,0.46752344321423817,0.33629805811646485,0.6986500023962771,0.5641828328267339,0.5472153473570377,0.5472153473570378,0.0929863199131743,0.6219940740628366,0.7651286016317265,0.5232136736284845,0.8263948631628137,1.6273920449088832,4.083135552729388,3.650977618192576,hjorth_mobility,hjorth_complexity,1.5100533442757487,1.18589898609804,0.962087909526481,0.3315241569534656,0.10187641696010806,0.9766095972992526,0.0337105271988755,0.2538104219128576,1716,eeg_data_level_1.csv,2,AF7,140.0078125,150.00390625
0.05245908397590799,0.052459083975908,0.0531030356524841,0.04783653783683325,0.04550079407098144,0.052659476233065584,0.052659476233065584,0.047544087157887,0.07435705732296546,0.0431710829261147,0.07626257061183266,0.07626257061183266,0.06376130408180831,0.046381687762767146,0.09469469541474973,0.27329506387886954,0.2732950638788695,0.17499955958312394,0.4652033244397773,0.3028942975226988,0.3191225946246589,0.319122594624659,0.048143168889396924,0.4594998679161719,0.4227753276600511,0.9863255372657657,0.7247303170963775,1.0473111670743829,1.6012043008175663,1.40108666872632,hjorth_mobility,hjorth_complexity,1.3087128983723155,1.1318733112398263,0.9620027446200168,0.43562594536880506,0.22227581882205394,0.9635881360019292,0.05908565061541001,0.33602198252794907,1716,eeg_data_level_1.csv,2,AF8,140.0078125,150.00390625
0.4148237895866815,0.4148237895866815,0.3042519787058314,0.5460432260011511,0.4897928316180708,0.7016277265677995,0.7016277265677996,0.417955345209417,1.004747067499949,0.9158288350114258,0.8535986382938869,0.8535986382938868,1.0121346326300331,0.9036020717981096,0.8554111603365904,0.6809408613501952,0.680940861350195,0.7502436187567468,0.5270504678405903,0.6693926150649984,0.8984208329587982,0.8984208329587983,1.6742240113411235,0.9794689459971374,0.6721746385194391,1.0808626570330342,1.1854711172140973,1.4789934301773824,0.6377195764616603,0.5389221888020537,hjorth_mobility,hjorth_complexity,1.043906442347148,1.0105939688455867,1.0978708286329704,1.1675415962274225,0.7409193960735131,1.0156739811912225,0.4174599566489356,0.893169924239057,1716,eeg_data_level_1.csv,2,TP9,140.0078125,150.00390625
0.34490913085895086,0.3449091308589508,0.2373571634177471,0.6788551640044984,0.40744545349769407,0.631259788650389,0.6312597886503889,0.5578146884068764,0.5191993755300299,0.6719862306937161,0.4537198466623144,0.45371984666231435,0.4457577516964729,0.4032811388499753,0.5291457481042999,0.3400171792792992,0.34001717927929914,0.3029993796740531,0.5604458867287935,0.37503360732809315,0.36024821105722377,0.3602482110572238,0.08835946197595397,0.5074385841004503,0.4849095041823219,1.1199637994829696,1.2416271046628717,1.0576091126130578,0.42621798436988134,0.3363260911785349,hjorth_mobility,hjorth_complexity,1.054848857885378,0.900602235859484,1.0179961657701506,1.1178930509831835,0.31489074333124306,0.9245237521099591,0.3392889553483282,0.8052144131779622,1716,eeg_data_level_1.csv,2,TP10,140.0078125,150.00390625
0.008819662808225558,0.00881966280822556,0.0066247414918378265,0.01236308176766788,0.010725593051377425,0.03776587899119132,0.03776587899119131,0.03795875123662248,0.03929297712729331,0.030541065808410657,0.0653851249270261,0.0653851249270261,0.05713267802368087,0.07417465075490359,0.05916796024920525,0.5154688763332576,0.5154688763332574,0.3928898869876042,0.447699907206077,0.5843311799275227,0.6728360776678296,0.6728360776678298,0.11432622960184942,1.0336952140822135,0.9171123053168785,0.45510934268303616,0.8310395115509984,1.4151237664009721,4.106154727283857,4.052158345066525,hjorth_mobility,hjorth_complexity,1.6216659827656954,1.2172265674838303,1.0065640295024039,0.3443366847584305,0.12734552120013506,1.0156739811912225,0.03421281401761586,0.25569431785402524,1716,eeg_data_level_1.csv,3,AF7,150.0078125,160.00390625
0.04750825707969626,0.04750825707969626,0.050122431608775095,0.06813514654263643,0.04459717578075974,0.05058133199455495,0.05058133199455495,0.05309478776240594,0.08347204159404832,0.04470197846893993,0.09221879999017323,0.09221879999017321,0.06195390468028906,0.0848216278052134,0.13192709440687306,0.2672209016869428,0.26722090168694274,0.14434863485426486,0.608493868556375,0.3123043995200366,0.3648385657420554,0.3648385657420554,0.056272899379042694,0.43829108431670877,0.4782270886020224,0.9512163954806586,0.713276990154065,1.2464290486952851,1.5994183835842057,1.5861300306974282,hjorth_mobility,hjorth_complexity,1.205854192312953,1.1743315644884205,0.9889399035646594,0.36996174036836016,0.2014374608074864,0.9766095972992526,0.05726738885762127,0.3308113256284167,1716,eeg_data_level_1.csv,3,AF8,150.0078125,160.00390625
0.47125988686788317,0.4712598868678832,0.37135126374847344,0.7149820614645735,0.5235777358618694,0.8919070295986398,0.8919070295986398,0.6533103904859668,1.751015937131085,0.9133139927514408,1.1145624855408927,1.1145624855408927,0.9798413220665173,0.8795234531123443,1.4001223169838979,0.436248928738749,0.436248928738749,0.25427644751347417,0.9143189024881476,0.5291441553347783,0.9780853989309024,0.9780853989309026,1.9141258607983178,0.8807903840223946,0.7113721663193452,1.0740838312134244,1.2740728020744279,1.666954257779356,0.3944577981991642,0.5122924936165996,hjorth_mobility,hjorth_complexity,0.8885241417042811,1.0252287538951677,1.0890487462633376,1.5823471839131595,0.435290145193189,0.9766095972992526,0.6039614389495341,1.0743141213547365,1716,eeg_data_level_1.csv,3,TP9,150.0078125,160.00390625
0.42457428518254464,0.42457428518254475,0.2630494176857846,0.7671186761873257,0.5578002611782427,1.014091803659859,1.014091803659859,0.9914534345274285,1.4013028606974574,1.0305039112070686,0.712634568407186,0.712634568407186,0.6703104240434589,0.5118448607098343,0.6287724247197529,0.31877763233603823,0.3187776323360382,0.19925932754353867,0.5016440099119698,0.3834211937492832,0.36706480905418876,0.367064809054189,0.10036413218011114,0.7915468752996561,0.4696242030962936,1.0929356127119483,1.453993281692,1.2313361264764136,0.3254255573881492,0.27312422035198786,hjorth_mobility,hjorth_complexity,1.0263985774859798,0.8728478963530827,1.0231611668621956,1.2540261589109352,0.33804447445854036,0.9115022908126357,0.48218802108299846,0.9599196618154872,1716,eeg_data_level_1.csv,3,TP10,150.0078125,160.00390625
0.031625121834788675,0.03162512183478868,0.028389604254287285,0.0350869167809165,0.03850911925290438,0.05507915663996092,0.05507915663996092,0.05703685013871036,0.05715621840978167,0.04843146975888623,0.10050114541365492,0.10050114541365492,0.06529598167565288,0.12732921162242983,0.12802053755716802,0.5206016679035445,0.5206016679035443,0.3115379008891739,0.6717229096937338,0.6599682337337482,0.8377974115890449,0.8377974115890449,0.1570460292940805,1.1612685951421318,1.1195320764637307,0.7635970974132267,0.7570479776959946,1.3590350506122455,2.7904666141735617,3.2074037068448886,hjorth_mobility,hjorth_complexity,1.5297496922445628,1.204642657238352,1.0221692461869047,0.4676572648812172,0.2778447735275674,1.028695442488546,0.053207441392821915,0.3188694160577936,1716,eeg_data_level_1.csv,4,AF7,160.0078125,170.00390625
0.28762228285512775,0.28762228285512775,0.2986619899653514,0.1941627005700796,0.28084708689652144,0.3344710673659187,0.3344710673659187,0.5362099714255145,0.15679795826242018,0.17509459239887634,0.2911812896759944,0.2911812896759944,0.2080039890806626,0.3331397630260507,0.3093793574728939,0.44791905782455504,0.4479190578245549,0.28963566819760733,0.36171985300533166,0.4970917055998886,0.6206027674182159,0.620602767418216,0.15929852639915046,0.7590239873946215,0.7971747656258793,1.0205225464923011,0.831827611885311,0.8910982654484527,0.6523636469598892,0.6481242336276877,hjorth_mobility,hjorth_complexity,1.1949117767747228,1.065457528729486,1.0434203951999554,0.8344158732983362,0.9562490955573779,1.0156739811912225,0.2581989473828778,0.7024313925351389,1716,eeg_data_level_1.csv,4,AF8,160.0078125,170.00390625
3.652709650829553,3.652709650829554,3.9479649025568437,1.8939987230995885,3.5655097777601505,1.6864732179772588,1.6864732179772588,1.7436391522335217,1.1749521330054093,1.7547119050092186,0.801078131269302,0.8010781312693019,1.0370973812158382,0.4786860145067857,0.8145734458651418,0.663491676691903,0.6634916766919029,0.4970909189777427,0.8186597108480576,0.8552457232043328,1.2769381436917042,1.2769381436917044,1.7161937768623896,1.5879692745190788,1.1479728112325795,1.0259903998248987,0.4775825189294548,0.2605836237630732,0.11020903311717842,0.13587687219355532,hjorth_mobility,hjorth_complexity,1.01545616194775,0.9275806805736088,0.9593826713211422,1.475042263546579,3.975495634556944,1.1849529780564263,2.7400000763725916,2.288242071463555,1716,eeg_data_level_1.csv,4,TP9,160.0078125,170.00390625
0.5972189098004513,0.5972189098004514,0.5326825883238138,0.7208209011107695,0.7653926217267663,1.0268436110406804,1.0268436110406804,0.9919064976494834,0.6628255864667537,1.0776346345973284,0.5471369255811319,0.5471369255811319,0.5824883024122028,0.4294054034682378,0.5935901355919619,0.5024824508528971,0.5024824508528971,0.5010058953561359,0.8208925513611477,0.5986677467145651,0.6593715116197643,0.6593715116197643,0.09652338112797247,0.5430083323307519,0.8526377313903438,1.1119031636746726,1.2093281019176385,0.8092159513918464,0.3850809468898464,0.3654517363385324,hjorth_mobility,hjorth_complexity,1.006702229517166,0.8944399502333661,0.9767162346368318,1.4366046801316843,0.9423568568809995,0.8463949843260189,0.6223964699821434,1.0905868058496593,1716,eeg_data_level_1.csv,4,TP10,160.0078125,170.00390625
0.0026167139173176677,0.002616713917317668,0.0019319292991677342,0.004626413461949462,0.003129258927143887,0.011098256325228555,0.011098256325228555,0.007687259075061163,0.02272873227322782,0.01312448677818172,0.038512980165491435,0.03851298016549144,0.043698082971904764,0.04594889990236815,0.037618105575872446,0.36826798104434294,0.3682679810443429,0.2543779048814731,0.4839074467933244,0.46324321672048396,0.41771849282005624,0.4177184928200563,0.07231631178980213,0.6676671022687616,0.5249971949989629,0.28800027044045323,0.5312525155979172,1.494720547737631,5.048150638779622,4.453605548040872,hjorth_mobility,hjorth_complexity,1.713582273286828,1.187795525247234,0.9745320052710397,0.2914850075629504,0.16902223722927018,0.9896310585965759,0.020279585622837826,0.1968594272163828,1716,eeg_data_level_1.csv,5,AF7,170.0078125,180.00390625
0.02264810302451564,0.02264810302451564,0.019000176966480074,0.016933166251598252,0.021746850908889455,0.020971756582284798,0.020971756582284798,0.022779275899459127,0.023580151938768012,0.024144363438580313,0.039022201839436985,0.039022201839436985,0.02722545318630024,0.05079809907322716,0.04916068934358327,0.19226270576448498,0.1922627057644849,0.11367711966134737,0.3103437458784771,0.2338330870243325,0.29192248542195215,0.2919224854219522,0.04727565797789675,0.3941751681304173,0.3641724652362575,0.91111931818188,0.6050159133320857,1.0684053544668173,2.1171089205759626,2.3008297765716827,hjorth_mobility,hjorth_complexity,1.4378334017234304,1.2110720972416804,0.9915449477623929,0.33793042085594804,0.136607013651054,1.0026525198938994,0.032648591241492664,0.2497807136384819,1716,eeg_data_level_1.csv,5,AF8,170.0078125,180.00390625
0.2186834046782134,0.21868340467821343,0.16711584049593375,0.4391650116197125,0.237293381131133,0.46208505294745944,0.46208505294745944,0.41713484107158144,0.5148787660744402,0.3685812801379399,0.2586385598480905,0.2586385598480905,0.2216587863253861,0.2613967694558476,0.26521574535739795,0.34908512130258457,0.34908512130258457,0.1936838437747305,0.8266374675601964,0.4242308427164176,0.9633803810189873,0.9633803810189874,1.948631843857825,0.6249573182909011,0.660687664012593,1.0582814348163623,1.2813276161073193,0.9009572686626096,0.6030905028282313,0.9073925512892351,hjorth_mobility,hjorth_complexity,1.5056763780604567,1.1945487605448457,1.0242081942416696,1.1547290684224576,0.3473059669094593,0.9766095972992526,0.27012953523239935,0.7184767427156801,1716,eeg_data_level_1.csv,5,TP9,170.0078125,180.00390625
0.223945109283697,0.22394510928369704,0.18477561867427683,0.4140206058143661,0.24429005577884802,0.4419511856605193,0.4419511856605193,0.41879572438115326,0.4093037646054332,0.3716637970832,0.24217640373844304,0.24217640373844304,0.26403455384056435,0.17806132145266212,0.2029927821563138,0.2519979724412519,0.2519979724412518,0.16857413910252741,0.33098925627798187,0.32018766826065953,0.3860214864101186,0.3860214864101187,0.104699822517373,0.7117552660472561,0.4631657454815498,1.0987742873983857,1.279853586754117,0.8768752146686053,0.4724232252232131,0.5109174165354163,hjorth_mobility,hjorth_complexity,1.2846395841882094,1.0257005524320573,0.9759948377820747,1.095471127324495,0.46538999565867545,0.9375452134072825,0.2692525393779599,0.7173095001668959,1716,eeg_data_level_1.csv,5,TP10,170.0078125,180.00390625
0.005403795154364824,0.005403795154364824,0.003471695137670963,0.011992978987497377,0.006514968918938068,0.018582197050099048,0.018582197050099048,0.014828779945678699,0.03971324363372034,0.018035745896027532,0.05872042911533892,0.05872042911533892,0.03779417313533327,0.0843792792395371,0.07095685206024353,0.3235040487038279,0.3235040487038278,0.20548727679477832,0.4442933549152458,0.4149566519326283,0.4446111385344649,0.4446111385344649,0.07929140882513797,0.4887386390045685,0.6132306027409956,0.45012970449097495,0.7104604676617027,1.9121544166653075,4.110297806564097,4.173321441311355,hjorth_mobility,hjorth_complexity,1.6172890165504032,1.2027929536806623,0.9954224558567117,0.25144585817243525,0.057884327818243216,1.0026525198938994,0.02187387346013065,0.20445113529474154,1716,eeg_data_level_1.csv,6,AF7,180.0078125,190.00390625
0.027222505286070075,0.027222505286070075,0.026858106260845744,0.03400091338305275,0.026363054868389718,0.02413154298235521,0.02413154298235521,0.017597146744430137,0.024502300320950667,0.030579755703560783,0.03477703551279011,0.03477703551279011,0.02553678892917623,0.0498846624869092,0.04202599808873714,0.23235670789967497,0.2323567078996749,0.17048477890225344,0.36910902797399664,0.27521590003201657,0.30287207204226124,0.3028720720422613,0.05861763462610241,0.39460502256502844,0.39149609524111767,0.9369173435449288,0.6089127036394559,0.8629173228838439,2.181104644573379,2.1128206178745277,hjorth_mobility,hjorth_complexity,1.3940637395705098,1.2081902580617485,0.9847117164437222,0.3443366847584305,0.09493029762191887,0.9896310585965759,0.03517868242303733,0.25927847491676953,1716,eeg_data_level_1.csv,6,AF8,180.0078125,190.00390625
0.2763661515070639,0.2763661515070639,0.20698625537706927,0.5661052069471394,0.3165476008514149,0.5872547514912227,0.5872547514912227,0.5124888551913621,0.509189439154918,0.6150121749026772,0.3367648826204922,0.3367648826204922,0.33050460984891583,0.36079291970280464,0.3269028710078246,0.37786102031518526,0.3778610203151852,0.19815828636499608,0.7702072049561568,0.4451093995848278,0.9750608001791946,0.9750608001791947,2.057165222797055,0.7754031892427836,0.5824085969352405,1.0753796915894038,1.320377653540751,0.9421358120560094,0.5389009959740916,0.7582438051761149,hjorth_mobility,hjorth_complexity,1.41594857064697,1.1303748455776201,1.0458701386859013,1.1371118426906308,0.3982441753895133,0.9896310585965759,0.31921048711418026,0.7810255731722705,1716,eeg_data_level_1.csv,6,TP9,180.0078125,190.00390625
0.2975847547876301,0.29758475478763013,0.2412484939036049,0.6409906339416798,0.3101546512490916,0.5756370787003037,0.5756370787003038,0.5236424143040508,0.5644536012732914,0.5305449019834289,0.2796001982546372,0.2796001982546372,0.2756000703668952,0.25151299601009425,0.26077863056599,0.2808923658602062,0.2808923658602061,0.16419731850833513,0.5852501307473942,0.32993021224269475,0.34464216224140043,0.3446421622414005,0.08705760797089508,0.7568525429707568,0.4383959360794271,1.1196092782989402,1.292107637186842,0.8043671377174351,0.417034989604082,0.3718685182916343,hjorth_mobility,hjorth_complexity,1.2802626179729175,0.9453516510297759,0.9821317207478898,1.0890648634220126,0.41676716029135114,0.9245237521099591,0.3146141036756023,0.775382102860843,1716,eeg_data_level_1.csv,6,TP10,180.0078125,190.00390625
0.005644995119784116,0.0056449951197841165,0.00437124181091366,0.011500566387333992,0.0061376395973454425,0.023996435143554325,0.023996435143554325,0.021885027155138456,0.032945390389385695,0.025915925455993347,0.061100371086334516,0.06110037108633452,0.0452001572605244,0.05745923807677455,0.07340149322328933,0.3721552654870379,0.3721552654870378,0.2812723021157251,0.6869747184795155,0.4439239959760757,0.41174727420088014,0.4117472742008801,0.0721278186983279,0.6407511919565214,0.5611195576747429,0.44214901419784314,0.8200723008847118,1.8787327081088507,4.3867376425444125,3.7505952025450973,hjorth_mobility,hjorth_complexity,1.556011489536315,1.1606791752765173,0.9823421281638606,0.26746151792864137,0.08335343205827023,0.9896310585965759,0.02382143152349554,0.21335882304532133,1716,eeg_data_level_1.csv,7,AF7,190.0078125,200.00390625
0.01866786670545494,0.018667866705454943,0.018359707529770706,0.027485488441063775,0.019378540565950092,0.032016230282999054,0.032016230282999054,0.033712991954313896,0.04060719480432816,0.024603755903906715,0.06948008347242239,0.06948008347242239,0.06190363636501748,0.047022848724352154,0.0713068786749163,0.26818169311502316,0.2681816931150231,0.22517593214634796,0.4700140153137084,0.32312655090370346,0.2754811151009855,0.27548111510098555,0.04755203507285766,0.34574061536785244,0.3718787965102554,0.8183776814185586,0.8315068712150544,1.6900332499290358,2.774361304842124,2.2054496646448882,hjorth_mobility,hjorth_complexity,1.4137600875393241,1.136703894994188,0.9709099918961138,0.374766438295222,0.10419179007283778,0.9766095972992526,0.02993328701676542,0.23916844713330493,1716,eeg_data_level_1.csv,7,AF8,190.0078125,200.00390625
0.14399258022897163,0.14399258022897163,0.114160081418687,0.21809763852172495,0.14783590573004113,0.3565229672569888,0.35652296725698873,0.327096794177396,0.5218131001964385,0.3440216916029974,0.30555287709050416,0.3055528770905041,0.2872564118822141,0.2176814529611683,0.3642583364675616,0.4306405043243318,0.4306405043243318,0.23391287230982494,0.8434865849300319,0.5283268265363879,0.9194307362671857,0.9194307362671861,1.9145992509123728,0.6848883558820044,0.5754071042499422,0.99165512249612,1.359233382372059,1.324709430012211,0.9500588180237534,1.1261682256175483,hjorth_mobility,hjorth_complexity,1.6326083983039255,1.2002749145816507,1.0242532815450918,1.0009787347628794,0.34962134002218903,1.0026525198938994,0.1786242175224338,0.5842474808138122,1716,eeg_data_level_1.csv,7,TP9,190.0078125,200.00390625
0.1698275199771604,0.1698275199771604,0.11627738029166515,0.3212360859813672,0.19814492408543302,0.30003923498898843,0.3000392349889885,0.3307265849965121,0.4092961044898481,0.24279405365649745,0.19242303383348305,0.19242303383348305,0.19354617077875047,0.12327507356565948,0.22546133096499096,0.26197487453190715,0.2619748745319071,0.15637082258650495,0.4124515979844973,0.34187457537322635,0.36824386279690746,0.36824386279690763,0.0702766587922591,0.42114863341293646,0.49045143616346554,1.1107441003384109,1.195850814906331,0.926942433967486,0.6298356433494624,0.632662663571633,hjorth_mobility,hjorth_complexity,1.3327862125564214,1.0559590925133318,0.9328613175080609,1.0666429397633241,0.3218368626694323,0.9375452134072825,0.17166931695095067,0.5727604456918937,1716,eeg_data_level_1.csv,7,TP10,190.0078125,200.00390625
0.05770967452667632,0.05770967452667633,0.05219629560855729,0.05007337284509189,0.0527188033173176,0.06506830315520291,0.06506830315520291,0.05053719126704026,0.08526130011924003,0.06995494032046973,0.07450340268606943,0.07450340268606943,0.07479257934556498,0.08605710798114559,0.06660545314570296,0.5321210500948174,0.5321210500948172,0.2796647825589414,0.6952061001585312,0.6871829865382644,0.7577218218035711,0.7577218218035711,0.16008435345802663,0.9266641474756456,0.9806228804219368,0.8983370807606111,0.6982122115367229,0.8073916962010369,2.210455072752304,2.260355506851449,hjorth_mobility,hjorth_complexity,1.3130898645876075,1.163651785476917,0.9417986229864396,0.4484384731737699,0.2593217886257296,0.9115022908126357,0.07358546213125844,0.37499259314319483,1716,eeg_data_level_1.csv,8,AF7,200.0078125,210.00390625
0.32778644142317576,0.3277864414231758,0.288727499333314,0.22826732074977668,0.4530025905106383,0.15267438138720404,0.15267438138720404,0.11855756837909934,0.230184287060508,0.15764504247106892,0.13923701076722006,0.13923701076722006,0.08904586510055597,0.24776562412231956,0.15967516489719782,0.3600675237175822,0.3600675237175821,0.21035362081485948,0.6274333948803698,0.44367139537380723,0.7446839478785454,0.7446839478785455,0.1569338272990249,0.6303438817557381,0.894035382631432,1.077585961010472,0.4679095985322254,0.44281478830571247,0.5014208335386903,0.6970061033647682,hjorth_mobility,hjorth_complexity,1.0789221720694842,1.1005078783149556,0.8691579674727112,0.7623454043954089,1.0720177511938642,0.9245237521099591,0.2513629853018737,0.6930703847013953,1716,eeg_data_level_1.csv,8,AF8,200.0078125,210.00390625
0.7270289226554777,0.7270289226554778,0.47691204583737934,1.0716182670351826,0.9338868961513519,1.391079873247567,1.3910798732475673,1.2711278707748022,0.7308425303900898,1.663830630942178,0.5825437862134459,0.5825437862134459,0.6267412020877547,0.34404137292677317,0.5668105716243512,0.5611604487505256,0.5611604487505255,0.3716820280266564,0.9392815176351792,0.7083268598255047,1.3809599651865354,1.3809599651865359,2.09784241772649,0.8981670603361667,1.1500292950681954,1.1097605210990586,1.2631350989308125,0.6912951240162313,0.34667699026314075,0.5130071414797291,hjorth_mobility,hjorth_complexity,1.1139379017918203,1.0459171131442337,0.9739809382292114,1.2652371207402795,0.7247117842844051,0.8594164456233422,0.5831569534227976,1.0556486775772262,1716,eeg_data_level_1.csv,8,TP9,200.0078125,210.00390625
0.751549307555853,0.751549307555853,0.4586684114384299,1.5567784717825037,1.0450964524832997,1.2044850775909162,1.2044850775909162,1.2636750625868987,0.6122270472086576,1.2211823740786607,0.44779240106484275,0.44779240106484275,0.5638921483440793,0.33957685682869604,0.3422980349621956,0.40802731980811413,0.4080273198081141,0.33137117571287705,0.9254529051413019,0.47425055399902283,0.6585282819612462,0.6585282819612462,0.17945866683573955,1.0155704013188296,0.8187933435856602,1.1557171142529508,1.1363889549558197,0.5596910561754244,0.26677365633024186,0.29906714393525813,hjorth_mobility,hjorth_complexity,0.7900424018602105,0.8736138866030023,0.9731643570672295,1.2251979713497643,0.8312189474699725,0.8463949843260189,0.5706726414170393,1.0442878017394324,1716,eeg_data_level_1.csv,8,TP10,200.0078125,210.00390625
0.007556652765426858,0.00755665276542686,0.004691060608313838,0.014113931226085077,0.010437777895219004,0.03966880127822026,0.03966880127822026,0.030609850185596626,0.04734225545050579,0.04275798897446152,0.06725440411078527,0.06725440411078529,0.0399397790516425,0.09280294133432604,0.08848763519518456,0.48390109013118227,0.4839010901311822,0.2594162523732566,0.9679030543535404,0.6580197839843461,0.42744166673452205,0.4274416667345221,0.07293142745902903,0.6953596602279233,0.5991212296284005,0.47727805471406437,1.018739215705146,1.7512390742076565,4.697213164929348,3.3076166092112285,hjorth_mobility,hjorth_complexity,1.4225140199699082,1.1074801571443142,0.9859791706399272,0.29468813951419165,0.09493029762191887,1.0026525198938994,0.02826967836776827,0.23242728675722124,1716,eeg_data_level_1.csv,9,AF7,210.0078125,220.00390625
0.029041722576305107,0.02904172257630511,0.02703447374773703,0.044683483299027854,0.02891829104832552,0.06125216721260116,0.06125216721260116,0.05610663412760799,0.10713676370507254,0.047362996204688326,0.06857523975121914,0.06857523975121914,0.06028663209233408,0.08182797471283959,0.07284004372408062,0.33585637843612576,0.33585637843612565,0.19386738764994182,0.579611687636251,0.38020806658473716,0.26596240849455755,0.26596240849455755,0.06636219917151587,0.17402082079919237,0.3404651037652071,0.8626356473443684,1.0451676692328966,1.2536725291735766,2.502104438988396,1.5686735177751352,hjorth_mobility,hjorth_complexity,1.2321159896047051,1.0818484809173345,0.9391935787887059,0.38918053207580744,0.07409193960735132,0.9375452134072825,0.04045065912803169,0.27802860466282003,1716,eeg_data_level_1.csv,9,AF8,210.0078125,220.00390625
0.3025292373151635,0.30252923731516357,0.1901605868808046,0.6727307187018999,0.4228993383839252,0.5759577398767702,0.5759577398767703,0.5671707514524881,0.5088195385491424,0.5877918988757141,0.2693082626208971,0.2693082626208971,0.32224610372938745,0.23482194008421275,0.1774683213642125,0.49951766654196217,0.49951766654196206,0.38403685987198366,0.8686788316915471,0.6159124729505548,0.9776210829384253,0.9776210829384254,1.9173315701311249,0.7336972799806862,0.6481541118764618,1.090939943161524,1.2163036566091776,0.717336324021907,0.6412740047344069,0.7252397316839247,hjorth_mobility,hjorth_complexity,1.409383121324032,1.0961076874024682,1.0343227793094085,1.0986742592757364,0.273214027302108,0.9245237521099591,0.3350307714676192,0.8001456112015487,1716,eeg_data_level_1.csv,9,TP9,210.0078125,220.00390625
0.3144123344852398,0.3144123344852398,0.1914457099134152,0.6948925672219427,0.4393986703390775,0.5201231685817883,0.5201231685817883,0.5717330334245135,0.3988020968524201,0.4353322815140672,0.21317916528927494,0.21317916528927494,0.24484505668401393,0.11506386969575473,0.2043817513195647,0.3410505011674947,0.3410505011674946,0.24129160407879233,0.653832698139536,0.4046303911236162,0.374572006045696,0.374572006045696,0.07536694332064688,0.6820449921136602,0.48086813432718206,1.1383811904454297,1.1425495695856454,0.6103126883300899,0.4742990495266342,0.38502011911630124,hjorth_mobility,hjorth_complexity,1.0898645876077144,0.9223247523761086,1.0390870043710332,1.0666429397633241,0.28247551975302687,0.9245237521099591,0.31891116436212996,0.7806593045775014,1716,eeg_data_level_1.csv,9,TP10,210.0078125,220.00390625
0.03689844865332743,0.03689844865332743,0.04143634593943672,0.04297927896703645,0.01997320802082607,0.04863004831645713,0.04863004831645713,0.03620075246550037,0.06748040091424816,0.061352982796589975,0.06867092752666637,0.06867092752666638,0.05823020446695101,0.04255935481397677,0.08093188244249175,0.4979623665202206,0.49796236652022047,0.3560712392531535,0.7426432816596192,0.6220813609646889,0.6440461914657324,0.6440461914657324,0.09427268619183589,0.7449516452063556,0.929540705285827,0.7866539469991312,0.6980638897694397,0.970140302118376,2.666580103165761,2.552160098785782,hjorth_mobility,hjorth_complexity,1.4312679524004925,1.177397907733714,1.0025161915951561,0.5493371296378682,0.3310983551203512,1.0026525198938994,0.05575089790565715,0.32640185027585705,1716,eeg_data_level_1.csv,10,AF7,220.0078125,230.00390625
0.10370243577191762,0.10370243577191764,0.07524647039925868,0.16252632921720525,0.1369333251432273,0.12449792044390035,0.12449792044390035,0.13271900369903472,0.09913751048689894,0.12500194409941098,0.06944267162334193,0.06944267162334193,0.07205041628114038,0.11677430692608054,0.0714058450085453,0.3093472185492414,0.3093472185492413,0.18500504668178605,0.5168554110122987,0.36964954675165107,0.3234733099628034,0.32347330996280343,0.060116840248093155,0.39010366640025135,0.41024506550200673,1.1018741860338235,0.8851442742860782,0.6022093873280802,1.0977868471958752,0.8617939456866939,hjorth_mobility,hjorth_complexity,1.229927506497059,1.0814787450953025,0.9518881595522775,0.60699350476021,0.43992089141864843,0.9635881360019292,0.09420946234057197,0.4243008887136416,1716,eeg_data_level_1.csv,10,AF8,220.0078125,230.00390625
0.44524085419710047,0.4452408541971005,0.39210642522816247,0.6155973673819375,0.43582336046367176,0.694804651913548,0.6948046519135479,0.5425366680928835,0.6904275797092023,0.7310473216928659,0.3225114378795519,0.3225114378795519,0.3088266467127556,0.24309565506859895,0.34621649661670867,0.4139279176290515,0.4139279176290514,0.29740951568417834,0.6575886440559163,0.4654297313080983,1.173511423946043,1.173511423946043,2.066289946209741,0.875625776794903,0.8137950931818438,1.0892659801817088,1.1295555028999014,0.6508836446940921,0.4107184367504913,0.6676055855185787,hjorth_mobility,hjorth_complexity,1.3721789084940499,1.1113703704142548,1.077060533253382,1.2524245929353146,1.1646326757030534,1.0221847118398844,0.46495033897464194,0.9426054861749351,1716,eeg_data_level_1.csv,10,TP9,220.0078125,230.00390625
0.3452770885093216,0.3452770885093217,0.23540601608628633,0.4414680302735593,0.41359688991513455,0.7083873872689829,0.7083873872689829,0.6494219735492188,0.4679858148955374,0.7165066850719455,0.26068121747776973,0.26068121747776973,0.21486910100583312,0.22600581388955357,0.3196387868929979,0.2881033893305671,0.28810338933056706,0.17576549960018908,0.3477867056332106,0.36688273144248407,0.4644420126922688,0.4644420126922689,0.10325052909921656,0.6102426486762719,0.5534891349973239,1.101265295913615,1.3296674103418884,0.6667614358621109,0.36757316464706685,0.4135933139084589,hjorth_mobility,hjorth_complexity,1.072356722746546,0.9388631684104647,1.0570267414327341,1.0394163181777738,0.6019970093097294,0.9766095972992526,0.3641639345508325,0.8342095265562529,1716,eeg_data_level_1.csv,10,TP10,220.0078125,230.00390625
0.02289304402675653,0.022893044026756532,0.022752679418901346,0.013236203404906836,0.021061794927413894,0.04076037352719374,0.04076037352719374,0.03666249122006566,0.02822245919955066,0.05080674186839329,0.06986631092772802,0.06986631092772802,0.04366129079496796,0.1181750587034581,0.0868854386108233,0.5334744620619438,0.5334744620619437,0.3520572004824976,0.7789251566696715,0.647740947063985,0.661220551715627,0.661220551715627,0.13380575079129461,0.9084855652059011,0.808034106402132,0.6926849987337105,0.7124480414623714,1.2193275090625288,3.408644566437553,3.1595349211757164,hjorth_mobility,hjorth_complexity,1.566953905074545,1.215384546993983,0.9809043441547268,0.4212118515882196,0.18986059524383775,0.9896310585965759,0.042609383202516525,0.2853509367351375,1716,eeg_data_level_1.csv,11,AF7,230.0078125,240.00390625
0.3076957231832465,0.30769572318324645,0.3673109861755181,0.10713245128883098,0.26392597803700674,0.08304402525243701,0.08304402525243701,0.1110801734664804,0.09256720836939958,0.053162653548410155,0.09159970968107464,0.09159970968107464,0.07022976454018183,0.0831709973278712,0.10715481834311538,0.2938561558090019,0.2938561558090018,0.18353618667715077,0.7385552050213715,0.3913630804511571,0.40502804150256183,0.40502804150256194,0.06159429696242692,0.7189659288603247,0.5195467413218926,1.027954380048026,0.32051000419392384,0.359535931218896,0.49538991614358807,0.4878913463299627,hjorth_mobility,hjorth_complexity,1.199288742990015,1.0936279425171762,0.9621179677287626,0.7927751579322004,1.10906372099754,0.9766095972992526,0.21737085690764235,0.6445065531677804,1716,eeg_data_level_1.csv,11,AF8,230.0078125,240.00390625
0.3136139386890197,0.31361393868901966,0.2500326140595519,0.3589868202789087,0.3930224323356382,0.7075373394440724,0.7075373394440725,0.6509244191942096,0.3922149695011611,0.6092613731535,0.3500757294420513,0.3500757294420513,0.3600211328482497,0.25298690912448857,0.36910832401343824,0.39997665889823614,0.3999766588982361,0.2981938138639216,0.7271934866099888,0.46786979933813316,1.123187119706982,1.1231871197069823,2.021559799113401,0.7072751696180938,0.9378645813334885,1.0377964787455105,1.3333514866282552,0.8672640743862452,0.5028919682579895,0.8036959559251136,hjorth_mobility,hjorth_complexity,1.4662836821228284,1.1236397389277664,1.0194139109777633,1.1451196725687338,0.6992426800443781,0.9635881360019292,0.3535399585738866,0.8219510075067732,1716,eeg_data_level_1.csv,11,TP9,230.0078125,240.00390625
0.3748067478169411,0.3748067478169412,0.33967355075459726,0.4030238691693116,0.38276769267287214,0.8243889401321431,0.8243889401321431,0.7125106682779963,0.460088355517725,0.6058365590423125,0.25532027298461035,0.25532027298461035,0.24810110293044565,0.2225641209749854,0.29275344474999526,0.29640521950573956,0.2964052195057395,0.21747167165197806,0.4705886279263074,0.3720725336596909,0.4664348432114137,0.4664348432114138,0.08394037133803878,0.6295846350695312,0.6165998161262818,1.065177863324332,1.3504736097102954,0.6089906503433336,0.3509405895025692,0.38829954880341155,hjorth_mobility,hjorth_complexity,1.1883463274517847,0.945386469549025,0.9703789636558066,1.0858617314707715,0.759442380975351,0.9245237521099591,0.37656985027172446,0.8482999699599039,1716,eeg_data_level_1.csv,11,TP10,230.0078125,240.00390625
0.005679724581533053,0.005679724581533053,0.0037513724455963456,0.01368230529331068,0.006308695430730542,0.026760236264548452,0.026760236264548452,0.0207166213064071,0.031442271314936675,0.03441603436889566,0.0389428760731287,0.0389428760731287,0.03195514973464651,0.04892406707222211,0.03718181384698362,0.42475171416086865,0.4247517141608685,0.305145777495782,0.6042772372803892,0.4592491783283744,0.4676742529653537,0.4676742529653538,0.07564819632907928,0.6279059797341424,0.5768622750474772,0.42387881538928546,0.8442249363833112,1.2171370547011595,4.59623912383517,3.9169772316231324,hjorth_mobility,hjorth_complexity,1.6347968814115716,1.1912880952416462,0.9796769675615637,0.26425838597740015,0.17596835656745938,1.0026525198938994,0.02320786739287803,0.21059317677898182,1716,eeg_data_level_1.csv,12,AF7,240.0078125,250.00390625
0.01634433814706622,0.01634433814706622,0.016584960717066884,0.011172013345025043,0.018084386007507756,0.025186950551707863,0.025186950551707863,0.02100557793342792,0.034925687397097754,0.021396400661031396,0.03244827574824269,0.03244827574824269,0.028571285616714296,0.037356763778139464,0.03538706073993556,0.21703855636927366,0.2170385563692736,0.13722224817345344,0.24710129030163996,0.2822118652993407,0.2571864791949611,0.2571864791949612,0.04246381292915921,0.37048953090002656,0.3648682771865135,0.8084001117001861,0.7781755192129219,1.0231996984288634,2.6027715204581563,2.335753737598698,hjorth_mobility,hjorth_complexity,1.4531527834769522,1.1966517059863675,0.9427654951598292,0.3347272889047068,0.10419179007283778,0.9505666747046058,0.02582707842812403,0.22215920850030008,1716,eeg_data_level_1.csv,12,AF8,240.0078125,250.00390625
0.12814122343736298,0.12814122343736298,0.0911328148612488,0.28251258598301543,0.137801415374185,0.26287130046686313,0.26287130046686313,0.2877502498318742,0.3033688964169583,0.271245774407239,0.26696244953978776,0.26696244953978776,0.2096417833806853,0.21615816800360982,0.3267937254015914,0.3234536716192566,0.32345367161925653,0.19053272424043724,0.6242363631901156,0.3976370062953105,1.0341888027828665,1.0341888027828667,2.2008395723036345,0.6342683356380376,0.6835797073747999,1.0077169735034937,1.1769184490017643,1.3363652897142124,0.8264828652365593,1.356493565136161,hjorth_mobility,hjorth_complexity,1.7004513746409518,1.2501455833447102,1.0254155320333114,0.8936738143962987,0.3102599971057836,1.0156739811912225,0.13446117811696237,0.5069033190314689,1716,eeg_data_level_1.csv,12,TP9,240.0078125,250.00390625
0.12004571078769684,0.12004571078769687,0.07924075629347678,0.24358715426950675,0.1549919235905781,0.25540003261601596,0.25540003261601596,0.2571003546755383,0.3025952455538782,0.22431194629000414,0.14827753434805754,0.14827753434805757,0.15794519241677948,0.10157431893520333,0.17691389342262903,0.23284598726008393,0.2328459872600839,0.13976198860543915,0.4575829619068426,0.30307084404460866,0.3506779212420941,0.35067792124209424,0.0771383442638981,0.48699604830040366,0.4749244363497276,1.0677503857690411,1.3019349449617619,0.93400517876891,0.7204645622420105,0.7687353722034173,hjorth_mobility,hjorth_complexity,1.380932840924634,1.107421566388855,0.9723628050063884,0.9032832102500222,0.28247551975302687,0.9766095972992526,0.11392311712361304,0.4665869722401753,1716,eeg_data_level_1.csv,12,TP10,240.0078125,250.00390625
0.03588414401967428,0.03588414401967429,0.04402721108102932,0.015593437212378485,0.026590991468177463,0.05074004222928713,0.05074004222928713,0.03885051188176649,0.10319245611097283,0.052081150404546146,0.06312418360949906,0.06312418360949906,0.05059390478737154,0.08563343103392929,0.06592302409830413,0.46545717691726285,0.46545717691726274,0.31137881673178,0.46384504136475024,0.6112655486960451,0.7834618130878577,0.7834618130878576,0.1538918184665377,0.6439073039102423,0.9018172171987493,0.7096920964386659,0.7115738568979362,0.8874107936181357,2.428712824116263,2.8721942163254033,hjorth_mobility,hjorth_complexity,1.4794145807687047,1.2005121953646822,0.9705943807721576,0.41480558768573716,0.4931744730114322,1.0026525198938994,0.06497274505687634,0.3523646128000165,1716,eeg_data_level_1.csv,13,AF7,250.0078125,260.00390625
0.06253273109545171,0.06253273109545172,0.04171793660617949,0.11007449379875782,0.09112312762147641,0.05856121588703218,0.05856121588703218,0.07073902096170193,0.055540958776420506,0.0419976602653465,0.09992145130359263,0.09992145130359262,0.06892501914362607,0.09295663701699049,0.1358103424410465,0.25608491368160313,0.2560849136816031,0.16227946852161285,0.43020692458754123,0.3251445469180945,0.3011533497661558,0.3011533497661558,0.045048091559162416,0.5357229738245302,0.40468352903475463,1.0697730467117605,0.6964214750111671,1.1928363342533281,1.3787590192204462,1.2026020570995402,hjorth_mobility,hjorth_complexity,1.2408699220352892,1.1255727123930037,0.9722626109987834,0.5685559213453154,0.51169745791327,0.9766095972992526,0.08186715380989787,0.3955319084669615,1716,eeg_data_level_1.csv,13,AF8,250.0078125,260.00390625
0.24261383922510488,0.2426138392251049,0.16786374241537685,0.5485121588046721,0.26469482821196283,0.4108389187480986,0.4108389187480986,0.46134153777154907,0.44029000237763727,0.2835645022670527,0.34392789061159024,0.34392789061159024,0.32488746786719597,0.1809348253743156,0.3750134125277476,0.36331421637843053,0.3633142163784304,0.235970817066517,0.7282522730501371,0.4384726959141522,1.0639574589195147,1.0639574589195147,2.0098897305688372,0.8557227405919043,0.8395319737022178,1.0862369695121612,1.1038723630230673,1.0657309700901232,0.5882220983511526,0.9575707864881414,hjorth_mobility,hjorth_complexity,1.4443988510463683,1.1249747158261385,1.0431699101809426,1.1787525580567666,0.7802807389899186,0.9245237521099591,0.3953440888874954,0.8691891644151472,1716,eeg_data_level_1.csv,13,TP9,250.0078125,260.00390625
0.21659734688607657,0.2165973468860766,0.13795127717515934,0.41507450792930306,0.3003130663881922,0.3858973100348647,0.3858973100348647,0.4321878528627196,0.43569886711665623,0.2770770359013615,0.28060711058891896,0.28060711058891896,0.329915271205616,0.2451393975544122,0.26130944152972096,0.29098049848497753,0.2909804984849774,0.144888128221386,0.3975397527696331,0.3768486543298941,0.4232270787704996,0.4232270787704996,0.07323342385901356,0.6709796558087797,0.5672380709298415,1.111018512620572,1.1911966910565701,1.029021174455379,0.5590975693482526,0.5785344782269141,hjorth_mobility,hjorth_complexity,1.1533305977294486,0.9424227423915484,1.0311466292683256,0.997775602811638,0.3820365636004052,0.9245237521099591,0.33452317104661033,0.7995392367428145,1716,eeg_data_level_1.csv,13,TP10,250.0078125,260.00390625
0.018219244661547444,0.018219244661547444,0.01753671428938384,0.028844763713268166,0.018042326722136477,0.05742537999283612,0.05742537999283612,0.03751283575813515,0.08882024267869677,0.06416258795023606,0.10065793750979062,0.10065793750979062,0.09283508362430777,0.12937582600424702,0.11697725143690556,0.567578651667522,0.567578651667522,0.4062010887312873,0.7569674966599649,0.728940634344407,0.635670441474007,0.6356704414740071,0.11006589998906145,0.8469408018966827,0.798118715648322,0.6160844958523877,0.9840691680888219,1.659835766550793,3.6623938992915677,3.1377494361318656,hjorth_mobility,hjorth_complexity,1.5144303104910408,1.158113312976259,0.9670425032025552,0.3347272889047068,0.33804447445854036,0.9896310585965759,0.04307840427613391,0.28691713305552824,1716,eeg_data_level_1.csv,14,AF7,260.0078125,270.00390625
0.17494716786763265,0.17494716786763267,0.14221791261835248,0.2548005480979303,0.201973259084942,0.2598850034535405,0.2598850034535405,0.40198611627214414,0.12513760501810178,0.13316791310072645,0.13657944048576356,0.13657944048576356,0.0906679899996806,0.10251186687054833,0.20417415302977857,0.44467478997083576,0.44467478997083576,0.2738338320970026,0.7015628170299503,0.5123555314256608,0.5920651862874852,0.5920651862874853,0.08821034519248862,0.5046102138084755,0.8211021763183011,1.0525414283316759,0.9349742556631301,0.6616372505487491,0.9279029014776781,0.8984831296554704,hjorth_mobility,hjorth_complexity,1.2715086855423332,1.0947044277418199,0.9443235119780892,0.7799626301272355,0.8728956634991076,0.9766095972992526,0.19734439066839488,0.6140999641515086,1716,eeg_data_level_1.csv,14,AF8,260.0078125,270.00390625
0.18206223885987322,0.18206223885987327,0.11307210912092627,0.4234008694637298,0.22199563037386258,0.5281353760207352,0.5281353760207352,0.511565977200042,0.7375936509829876,0.562989966414197,0.4524297112253047,0.4524297112253046,0.3767098544172944,0.3668000445439067,0.5767378855231011,0.4341605402734918,0.43416054027349177,0.21681784901933546,0.38838461010152664,0.6012598890417851,1.2674999579203274,1.2674999579203272,2.1438121784630324,0.4908529873292861,0.9970170332626164,0.989254382759433,1.4660796607637907,1.4740079454464936,0.7541194460105201,1.2376368632083274,hjorth_mobility,hjorth_complexity,1.4225140199699082,1.1937089980262454,0.9977319277320105,1.1483228045199751,0.6274661135497565,1.0026525198938994,0.23608667722368473,0.6716800027484967,1716,eeg_data_level_1.csv,14,TP9,260.0078125,270.00390625
0.23344573731510787,0.2334457373151079,0.14660011826001068,0.5560581138367181,0.30033809055156685,0.491327357912868,0.491327357912868,0.5293386612383283,0.6149387569253416,0.48247205560163736,0.3468905707558167,0.3468905707558167,0.31576761105461487,0.21880401617522072,0.4432287821661918,0.36134475730934684,0.3613447573093468,0.2475095186615767,0.6012841256920264,0.46962114513354486,0.6222686585001405,0.6222686585001405,0.09546666359741668,0.5923326168677165,0.8822809768558203,1.0920599776831637,1.3115768555043272,1.105714445195833,0.6030989573474866,0.7246266085964506,hjorth_mobility,hjorth_complexity,1.2868280672958554,1.062750625222341,0.9868107809030501,1.1755494261055255,0.5510588008296754,0.9896310585965759,0.24685853200048863,0.6868323617632515,1716,eeg_data_level_1.csv,14,TP10,260.0078125,270.00390625
0.017193645742966567,0.017193645742966567,0.01376118666111789,0.014755667895871127,0.023912134837724534,0.050374744909572874,0.050374744909572874,0.04173531838929432,0.05528201062929843,0.051049707664209,0.07166906569988982,0.07166906569988982,0.04992199105495131,0.10077693981846671,0.0927100210105818,0.4409008009138146,0.4409008009138145,0.27808202978144997,0.7042662353416959,0.5764860386625595,0.6142502477760539,0.6142502477760539,0.1758235217961664,0.7173688320540237,0.8025741402454024,0.6427275447890871,0.9652306681770064,1.3962402185265261,3.3236086089613437,3.364293740024201,hjorth_mobility,hjorth_complexity,1.4903569963069345,1.175040937380932,0.9612613089637385,0.4708603968324584,0.2106989532584053,0.9896310585965759,0.03857522589374647,0.27150692916578856,1716,eeg_data_level_1.csv,15,AF7,270.0078125,280.00390625
0.17530084481392558,0.17530084481392558,0.17577819736537995,0.1377079371529576,0.21443228473280845,0.09183316559178348,0.09183316559178348,0.06808353610411638,0.06347956327023874,0.12410437375237943,0.09654217012322172,0.09654217012322172,0.07631453399203039,0.0582674972788658,0.1284124242230568,0.35875534946335846,0.35875534946335835,0.19057824907766802,0.611369300335914,0.4513763352117206,0.5615674073417741,0.5615674073417742,0.08877370011144525,0.7338392508129985,0.7044407045525569,1.0698546435221803,0.5088560523686442,0.5397286092749728,0.8490085440281037,0.9387191101309507,hjorth_mobility,hjorth_complexity,1.1533305977294486,1.1290498283349268,0.9306670687415083,0.7383219147610998,0.5857893975206213,0.9245237521099591,0.15849516878594544,0.550344579230267,1716,eeg_data_level_1.csv,15,AF8,270.0078125,280.00390625
0.6821161663310872,0.6821161663310874,0.7096716506566219,0.8623808610307971,0.7721872927010164,1.0427530651671015,1.0427530651671015,0.8302282799100181,1.0362262785037324,1.0769957726650277,0.5771377190477793,0.5771377190477793,0.7473061206714132,0.6562171805013107,0.4605881536028128,0.48224299073159316,0.48224299073159316,0.2653433637666895,0.5465358644058163,0.5759340214378854,1.2102887095619879,1.210288709561988,1.9213790169132745,0.7988360721253185,1.0124283008157102,1.0980396016317608,1.1153830404656744,0.7523403411096022,0.3345017417619056,0.501397780236831,hjorth_mobility,hjorth_complexity,1.0242100943783339,1.0378947769671953,1.0417621843740905,1.0762523356170477,1.3521778978341614,1.0417169037858693,0.7156043823647945,1.1694002290012453,1716,eeg_data_level_1.csv,15,TP9,270.0078125,280.00390625
0.5365323350954889,0.5365323350954889,0.385868228615561,0.8841464512156467,0.6011832695291471,0.9819595331941233,0.9819595331941233,0.8967901420006184,0.7892920039199742,1.0030868430537438,0.40679482816888274,0.4067948281688827,0.5227333890215867,0.39014780363632673,0.3135275474789686,0.36245949577780523,0.3624594957778052,0.18070076623939427,0.628422858491812,0.48580878157734597,0.6184594038574035,0.6184594038574036,0.09791471870147256,0.8802637028553538,0.8693065359035633,1.128102051455282,1.2438609316368792,0.6731611580499645,0.3172080720359822,0.37598269027571224,hjorth_mobility,hjorth_complexity,0.9607440842565996,0.9168992933232852,0.9691666161637843,1.0538304119583592,0.870580290386378,0.9245237521099591,0.5076318942431141,0.9849203917845901,1716,eeg_data_level_1.csv,15,TP10,270.0078125,280.00390625
0.013081404671117009,0.013081404671117007,0.012439047751029015,0.02231743740202516,0.012628790654178318,0.045084585575706465,0.045084585575706465,0.031051035289212877,0.09286875281969746,0.05125530022111519,0.11743873101918942,0.11743873101918943,0.0906222821298453,0.14557636789814762,0.1389441348892385,0.5003551720294557,0.5003551720294556,0.3425643540712882,0.7983412031501818,0.632809420390321,0.5173940907122435,0.5173940907122435,0.08742565395886023,0.7147208415882673,0.6718526391395248,0.5835490749893301,0.9691861095784278,2.232994114267638,3.9476757541342944,3.165939123005755,hjorth_mobility,hjorth_complexity,1.3371631787717135,1.1260383203963924,1.0193036975693976,0.3235163270753626,0.08798417828372969,1.028695442488546,0.03586963455080115,0.2618123656118571,1716,eeg_data_level_1.csv,16,AF7,280.0078125,290.00390625
0.054892509786065725,0.054892509786065725,0.0555992444486877,0.06263405580593444,0.050518632471000365,0.08228430354382402,0.08228430354382403,0.08116850032739285,0.10498634979129255,0.07509625441789018,0.10636359740404693,0.10636359740404691,0.07240822871639249,0.16153650252965324,0.12873636120083173,0.392410977673762,0.3924109776737619,0.2082068867133065,0.8207391678959048,0.5173392782278937,0.4229030970989521,0.422903097098952,0.08335349627902924,0.531445663146009,0.5714751944667477,0.9303224057427368,0.905801205880453,1.2402764422572112,1.9364788225365315,1.5720364089844525,hjorth_mobility,hjorth_complexity,1.072356722746546,1.1170277298195133,0.9678791231660583,0.34113355280718927,0.22459119193478366,0.9896310585965759,0.062099485747903575,0.34448528920748267,1716,eeg_data_level_1.csv,16,AF8,280.0078125,290.00390625
0.44319822822080196,0.443198228220802,0.34642861222798566,0.7547621918082122,0.5573770529385813,1.008185799635008,1.008185799635008,0.9422888102557826,0.5234211924975191,0.9760697772529563,0.5526643815972538,0.5526643815972538,0.6247816518856519,0.3195897647562445,0.5067185830342563,0.6390131265758975,0.6390131265758974,0.5137833873789975,0.8173186719881407,0.7788044787466125,1.1988439519582612,1.1988439519582614,2.088482865279323,1.2920228793741175,0.9278742794973701,1.0621238415516356,1.3478471658389377,0.9398706031584283,0.5589297921013379,0.6371459971399785,hjorth_mobility,hjorth_complexity,1.2868280672958554,1.0891644101996136,0.9614366484770474,1.1098852211050805,0.34962134002218903,0.8463949843260189,0.4067187915740402,0.8816044994909589,1716,eeg_data_level_1.csv,16,TP9,280.0078125,290.00390625
0.45417340881518425,0.4541734088151843,0.3042131616479507,0.8309156520714416,0.6146373157264724,1.008471996622946,1.008471996622946,0.9005599087039001,0.5796584331386548,0.9845025124428791,0.47045788798398275,0.4704578879839828,0.5773148265643588,0.24796355079728283,0.40723795122500994,0.5055935286317008,0.5055935286317007,0.35394770125362945,1.0848477215082142,0.583936565730957,0.4570454240062562,0.45704542400625636,0.09100925315508251,0.832994216723593,0.61982256376101,1.0986663589684604,1.3769841854966292,0.8305346103287399,0.465252215205174,0.3177354077977796,hjorth_mobility,hjorth_complexity,1.0132676788401038,0.9020204114786801,0.9745470343721805,1.095471127324495,0.38666730982586467,0.885459368217989,0.3961032291648706,0.8700232733229437,1716,eeg_data_level_1.csv,16,TP10,280.0078125,290.00390625
0.025580125983112583,0.025580125983112583,0.026189427510390387,0.02081435294317275,0.025420492230152924,0.052499362007511145,0.052499362007511145,0.05055674959316053,0.038558071272930323,0.05566281638172561,0.11462763497787719,0.1146276349778772,0.07891277487329174,0.16939768910784098,0.13926544734201676,0.4977932896551241,0.497793289655124,0.3456941534588451,1.049088379470836,0.6059840290396462,0.8037709484239539,0.803770948423954,0.197100178131743,0.3625129817871897,1.004666543562085,0.6842751742368576,0.7806932672228835,1.61528062433295,2.863720789323242,3.265853885049278,hjorth_mobility,hjorth_complexity,1.507864861168103,1.2281822300776517,0.9821717983509318,0.38597740012456627,0.22227581882205394,1.0026525198938994,0.04881483678206522,0.3054236054281316,1716,eeg_data_level_1.csv,17,AF7,290.0078125,300.00390625
0.11486566782673144,0.11486566782673145,0.10468835959606075,0.11247933544204473,0.12637380612384763,0.16358853924554223,0.16358853924554226,0.19304945670283363,0.21363703124641412,0.14359831804949844,0.10278694565102149,0.10278694565102149,0.09299255022062987,0.1325520107147087,0.10397929892162563,0.3468448723285081,0.346844872328508,0.2131435386423016,0.665214420820692,0.4052429398314201,0.4510864417315211,0.45108644173152107,0.09448624571620064,0.4984002236688418,0.5836345192479144,1.024287855933986,0.9872361729510365,0.7412036839936974,1.074383959337299,1.0161270363033648,hjorth_mobility,hjorth_complexity,1.1883463274517847,1.0888294537000966,0.9202018046471511,0.5365246018329033,0.5626356663933241,0.9375452134072825,0.11493796787718326,0.46866059117890074,1716,eeg_data_level_1.csv,17,AF8,290.0078125,300.00390625
0.2888453178737916,0.28884531787379164,0.19674961464017154,0.5954099986793745,0.31936679712163385,0.5071049854939673,0.5071049854939673,0.3928874595661271,0.6708640907594924,0.5473526619875942,0.37423123141734616,0.3742312314173462,0.3802978660633124,0.38391450343172495,0.3199522437517452,0.5488750123930755,0.5488750123930753,0.31631193099497346,0.9454147719725529,0.6839089031516806,1.2109851822774957,1.210985182277496,2.163235716523064,1.325093674257208,0.9233181272277596,1.0827840919535265,1.1714463133843196,0.9912187799693695,0.7200773999894478,0.9275728563932262,hjorth_mobility,hjorth_complexity,1.3393516618793597,1.1437402049341068,0.9387577348556235,1.0458225820802562,0.41908253340408086,0.8724379069206656,0.32316658606383947,0.7858504459837596,1716,eeg_data_level_1.csv,17,TP9,290.0078125,300.00390625
0.2850994238486006,0.2850994238486006,0.20986923358532072,0.5495340850010163,0.3560093941305762,0.5130440640411003,0.5130440640411003,0.3665725759222055,0.7034526778522423,0.5801340528792793,0.363189279141386,0.363189279141386,0.41967901210817915,0.2473349793393506,0.35213194696559946,0.36285606714556423,0.3628560671455641,0.2182635334474836,0.568501072324788,0.4753028369751129,0.5597449438602071,0.5597449438602072,0.08135315394471825,0.9043328414534434,0.7733640239486984,1.1111278676302103,1.2424416668825715,1.0126493584724523,0.5332396684907261,0.5826426806319144,hjorth_mobility,hjorth_complexity,1.1139379017918203,0.984148456222082,0.9394841414107609,1.0570335439096006,0.4954898461241619,0.885459368217989,0.3070263011176569,0.7659747773030927,1716,eeg_data_level_1.csv,17,TP10,290.0078125,300.00390625
0.014851801249273629,0.01485180124927363,0.013939798094310913,0.01900111252559225,0.017494928978541397,0.04752706301065077,0.04752706301065077,0.04258454002741555,0.08518230609043205,0.05127545812173042,0.1252423265866069,0.12524232658660686,0.06512963809568556,0.2774578882954326,0.1504192554818757,0.4665316573303407,0.4665316573303404,0.242733775472845,0.7841938187851643,0.606837191942831,0.5731469109311401,0.5731469109311402,0.08824728242231641,0.6514291106001873,0.8340755698493679,0.6068993340526754,0.9537614102452966,2.2735828174489954,3.5860812674306746,3.2761756523742527,hjorth_mobility,hjorth_complexity,1.2846395841882094,1.1137182697545074,0.9441181142624987,0.31390693122163893,0.2523756692875404,0.9766095972992526,0.04170898749044003,0.2823199070712127,1716,eeg_data_level_2.csv,0,AF7,120.0078125,130.00390625
0.05001860648257095,0.050018606482570956,0.033079086397401196,0.11583161172643386,0.05817507541116075,0.1334620129377148,0.1334620129377148,0.11361108337176806,0.08928258461764357,0.15193252708885446,0.1411020407564567,0.1411020407564567,0.0954985322132188,0.2076806781509388,0.1794106035304534,0.2715952972227423,0.2715952972227422,0.1987356130212772,0.308155471387115,0.2960849156714436,0.19471548521990023,0.1947154852199002,0.030168656142759535,0.3101815948460809,0.2757308372971174,0.9970512068124219,1.4010099536103298,1.690312227330647,1.5172724567010571,0.8814489533173699,hjorth_mobility,hjorth_complexity,0.9060320065654491,0.896185394267924,0.9437473964343597,0.5253136400035591,0.5834740244078916,0.9896310585965759,0.06947244306159046,0.3643619054182057,1716,eeg_data_level_2.csv,0,AF8,120.0078125,130.00390625
0.28942022093283293,0.28942022093283293,0.3831755070373957,0.340945048805368,0.18655906757914645,0.5211804914999238,0.5211804914999238,0.41890272188805805,0.3786391398895538,0.532431160607421,0.6562011715644721,0.656201171564472,0.5113971902696065,0.7151516358868844,0.8493126325034693,1.1120325029941371,1.1120325029941365,0.7924058728470385,1.730150599814516,1.2250525565299775,1.3973561906006235,1.3973561906006238,2.0614639722546184,1.2953639720172392,1.274574470157381,0.9319179783925292,1.1142157699537023,1.4897181793473382,1.2202467449724586,1.0171676500355364,hjorth_mobility,hjorth_complexity,1.2693202024346872,1.0640665871214705,0.9021618735778452,0.8776581546400926,1.4309005836669721,0.9115022908126357,0.5471963918275382,1.0225823473118523,1716,eeg_data_level_2.csv,0,TP9,120.0078125,130.00390625
0.2525778069505692,0.2525778069505692,0.3544440263599582,0.27981608002478603,0.13942712190844053,0.37075248368781305,0.37075248368781305,0.3373063718583058,0.3936158233862635,0.3401499974323256,0.30298325138584004,0.30298325138584004,0.18484033343720496,0.45655439784187835,0.39371963430451246,0.4295111926518362,0.4295111926518361,0.26742543184091444,0.43373108315097497,0.5025002709542317,0.48862521654535906,0.488625216545359,0.0890361007632255,0.8119725802862247,0.6316142871740353,0.9907927546911308,1.0688623480142225,1.0182661923524952,0.6973256662784403,0.5877043387529091,hjorth_mobility,hjorth_complexity,0.7900424018602105,0.878188177512603,0.9453755490579432,0.8119939496396477,0.4051902947277025,0.8984808295153123,0.3225071542572093,0.7850482600056385,1716,eeg_data_level_2.csv,0,TP10,120.0078125,130.00390625
0.008884155584156794,0.008884155584156795,0.005760740559667161,0.02028565022890293,0.011645175533786219,0.023094974972537645,0.02309497497253765,0.014897676613847485,0.048217318474234605,0.027416285205131907,0.07826710261852445,0.07826710261852446,0.04959295515559233,0.12557727325674414,0.09625047084116375,0.1780588854681969,0.17805888546819687,0.10947107039724008,0.2021157217295407,0.2314114502871954,0.12569107019767622,0.1256910701976762,0.024281839922324213,0.15130081710075957,0.14254976445970316,0.7850725032528716,1.0697147118600907,3.0700916297936587,3.268556879608304,1.8825051436301756,hjorth_mobility,hjorth_complexity,1.1205033511147584,0.9751011404792528,0.9740310352330142,0.2306255004893674,0.10882253629829725,1.0026525198938994,0.016125526121695655,0.17554304415369665,1716,eeg_data_level_2.csv,1,AF7,130.0078125,140.00390625
0.016819896625259827,0.01681989662525983,0.017879937159430884,0.019194295491401954,0.011414551447992194,0.047035032216082046,0.047035032216082046,0.03761202465875099,0.04038526660607365,0.05426360443472345,0.09780162797144308,0.09780162797144308,0.07886642054764727,0.06350789218997761,0.12878574070922355,0.1295730222405836,0.12957302224058356,0.09640083813089119,0.13881927276849387,0.1617284157670379,0.0815096875775416,0.0815096875775416,0.01859894124157799,0.10677187060176632,0.10304186243152033,0.8458001571568932,1.3301525701141081,2.667397052802786,1.8380857407033453,0.9523092355879683,hjorth_mobility,hjorth_complexity,0.7944193680755025,0.8818661458378234,0.92699996806316,0.36035234451463655,0.15976074477835128,0.9245237521099591,0.027633135408965705,0.22979562781814583,1716,eeg_data_level_2.csv,1,AF8,130.0078125,140.00390625
0.17137321052094667,0.17137321052094667,0.13989821205790287,0.25454173048987006,0.1817925206205024,0.3034234694948146,0.3034234694948146,0.27853324065528173,0.5747496594851718,0.3013472911254785,0.5640333276230733,0.5640333276230733,0.5228514650755046,0.783101087626745,0.46752925331973993,0.5651713450696765,0.5651713450696764,0.4663647249477123,0.9032678901867199,0.5912935896543213,1.2667753554512795,1.2667753554512797,2.6820896047262655,1.026266568029205,0.8187667463537448,0.9662187224329719,1.0524729756261972,1.8672936890437615,0.9947840522158696,1.241127025038055,hjorth_mobility,hjorth_complexity,1.0176446450553962,1.1618682437747747,0.8480370706695471,0.7831657620784768,2.1463508755004583,1.3802748975162769,1.0158967189594188,1.3933218817013215,1716,eeg_data_level_2.csv,1,TP9,130.0078125,140.00390625
0.09788607516944986,0.09788607516944986,0.07240123544303471,0.19940542718999762,0.10668665297033432,0.22293470855564815,0.22293470855564815,0.20575183377616815,0.3723217062181444,0.24965036915871525,0.4408055515095275,0.4408055515095275,0.45361578103790656,0.3978274208347619,0.4181860674707304,0.33774086731087577,0.3377408673108758,0.2659742692328174,0.43469411415577325,0.3740065260930361,0.34495391296803607,0.3449539129680361,0.10443159722207579,0.6172727739525193,0.46558963915323426,0.9878393550131955,1.2713185516699959,2.3771997524988757,1.0416962845941276,0.8071310751982241,hjorth_mobility,hjorth_complexity,0.9563671180413075,1.0062871648140663,0.9493382220587268,0.8007829878103034,0.7131349187207564,1.0807812876778395,0.18170862718794734,0.589270164043728,1716,eeg_data_level_2.csv,1,TP10,130.0078125,140.00390625
0.009442340691446385,0.009442340691446387,0.007003023745205446,0.010803747412696789,0.011094180372451806,0.02860704720670012,0.02860704720670012,0.015063631957608382,0.0555195806045008,0.039308002257565776,0.06817607316204354,0.06817607316204354,0.05721530586225074,0.08764672737900374,0.06419235432691926,0.09809654983841044,0.09809654983841042,0.08288043420463832,0.1379797970699175,0.12149760823368648,0.06261186909147798,0.06261186909147798,0.016924940853510092,0.07851193402640036,0.07517385762402487,0.852653082021223,1.3520293069520235,2.924021827174105,2.141807472714531,1.1331498668013296,hjorth_mobility,hjorth_complexity,0.862262344412529,0.9014800291003762,0.98115983887412,0.2370317643918498,0.013892238676378371,0.9896310585965759,0.013759997938488918,0.16215706054254067,1716,eeg_data_level_2.csv,2,AF7,140.0078125,150.00390625
0.039032650582239765,0.039032650582239765,0.050975932590241316,0.04331760513670257,0.04424825993950334,0.05964673081982972,0.05964673081982972,0.059591777104125325,0.09537635203546423,0.06506083239624676,0.08123558699478807,0.08123558699478807,0.06763012601741622,0.1145001843186046,0.10056128297520893,0.11016208129072497,0.11016208129072495,0.13679676531139132,0.09360644014822393,0.10995762194788038,0.06447029782243602,0.06447029782243602,0.013237200008265004,0.09605586378570727,0.08453332019782278,0.9663439770728636,1.0193761257871108,1.4294375255443632,0.942229234079416,0.45595285278390457,hjorth_mobility,hjorth_complexity,0.7572151552455204,0.8396719414776905,0.9557155706427941,0.37156330634398077,0.11576865563648643,0.9505666747046058,0.03983613080815651,0.27590861025121766,1716,eeg_data_level_2.csv,2,AF8,140.0078125,150.00390625
0.2703030993453566,0.2703030993453567,0.15820665101896156,0.683500440123612,0.31807066081460406,0.7465220937181412,0.746522093718141,0.6540785623850478,1.4338235220295465,0.7864542917457844,0.8410585713446759,0.841058571344676,0.7770270206016887,0.5751767815874547,0.9372403979295275,0.5503776624655774,0.5503776624655773,0.44436937160640416,0.6441436059733425,0.5229945574983804,1.0003844548295477,1.0003844548295477,2.2863182472757924,0.4541147237811401,0.6190699615565033,1.0249222124934234,1.5114659228952942,1.8486244336637796,0.6800609027618252,0.7064981119784254,hjorth_mobility,hjorth_complexity,1.374367391601696,1.091435963161493,1.0870398564108543,1.0362131862265327,0.46538999565867545,1.0026525198938994,0.28504788334106085,0.7380496676539663,1716,eeg_data_level_2.csv,2,TP9,140.0078125,150.00390625
0.22112301866524398,0.221123018665244,0.14057871065891822,0.509052770931606,0.2771483349113945,0.7643812094208822,0.7643812094208822,0.6578280920602959,1.188057437495477,0.7815092500366813,0.644737068840459,0.644737068840459,0.5131148437952721,0.5801461757875052,0.831498095731274,0.3091511249696917,0.3091511249696917,0.298228866756462,0.437318362170355,0.3443925962761214,0.24090302783330433,0.24090302783330436,0.07892493801052781,0.41107951073813964,0.29443514081863353,1.0174420071169072,1.7483812771462774,1.7600914478118832,0.4902697186492497,0.29547135192626944,hjorth_mobility,hjorth_complexity,0.8819586923813432,0.8243887835347679,0.9904828912817785,1.0153928285434648,0.24542954994935123,0.9245237521099591,0.2309590037494654,0.6643456987568207,1716,eeg_data_level_2.csv,2,TP10,140.0078125,150.00390625
0.03236882759424988,0.03236882759424988,0.032626086070447986,0.02787307169253837,0.03978294087150825,0.029348169596597425,0.029348169596597425,0.020642650877866618,0.04686187142670522,0.03483444311505421,0.06446273527067056,0.06446273527067056,0.04141991720076336,0.09399162691229752,0.08285819260960635,0.14658557793745713,0.1465855779374571,0.11415138965100832,0.189057757398174,0.1644546894630845,0.17826399958077885,0.17826399958077888,0.05216217659987333,0.10676492635619453,0.17653338143390096,0.9913068131890508,0.709450102030075,1.42130371620521,1.463829988142996,1.2881368828047361,hjorth_mobility,hjorth_complexity,0.8666393106278211,1.023307443119458,1.0136828137427492,0.41160245573449594,0.40982104095316196,1.0156739811912225,0.044689898225829465,0.2922344165324024,1716,eeg_data_level_2.csv,3,AF7,150.0078125,160.00390625
0.07824295003871572,0.07824295003871574,0.05749379786225735,0.12245179495546947,0.10119698792512041,0.10168283087872543,0.10168283087872543,0.0804627001534942,0.10947608981300178,0.12251867518509328,0.11150751569723966,0.11150751569723966,0.07316081681299114,0.2039026327279476,0.13341053410293674,0.14422908926509845,0.14422908926509842,0.1318580314734736,0.12892286388862123,0.14296053097848843,0.12760604132392955,0.12760604132392955,0.03854594990555601,0.10276826106348855,0.13478686046817595,1.1211737207865313,0.9917552847971431,1.179093532142413,0.7394484404865437,0.5008453999034767,hjorth_mobility,hjorth_complexity,0.7287648748461222,0.7989064276982834,0.9721273490885163,0.6214075985407954,0.6946119338189186,0.9896310585965759,0.0946199330118777,0.4252242236489748,1716,eeg_data_level_2.csv,3,AF8,150.0078125,160.00390625
0.20667877846148988,0.20667877846148996,0.16126814706240417,0.35401702219866577,0.28424328340873,0.529447905189047,0.529447905189047,0.40692618117192125,0.6337383850304231,0.6412097036876526,0.5700538907531116,0.5700538907531116,0.3542305240579349,0.959268237115529,0.6825555361284803,0.5541680852309353,0.5541680852309351,0.3714994149158366,1.0670792097226387,0.5885844488959265,1.1686407001459944,1.1686407001459946,2.6149824465914717,1.1992950735990773,0.6989867224962603,0.9859791450101977,1.4054793494198443,1.683522076359723,0.85592065457697,0.9884855789707738,hjorth_mobility,hjorth_complexity,1.3524825605252357,1.169302041747644,1.0704627578525836,1.0169943945190854,0.784911485215378,1.0547383650831927,0.24031661969190843,0.6776705023300122,1716,eeg_data_level_2.csv,3,TP9,150.0078125,160.00390625
0.12024159233331476,0.12024159233331477,0.08078349742563755,0.30702025091495344,0.13316884742478768,0.4070297132248128,0.4070297132248128,0.2895447676073917,0.6156278495818405,0.5195024461913631,0.47347509423068174,0.4734750942306818,0.3879274599180589,0.414521284280522,0.5034094922889499,0.3325283082231901,0.33252830822319,0.2262104615122146,0.7480160325630704,0.39211499776074393,0.2921118715491308,0.2921118715491308,0.04167451027440404,0.5168019304255069,0.3732728164211608,0.9851331380986842,1.671849066284757,2.121415307060328,0.8502895966817664,0.5717553556422336,hjorth_mobility,hjorth_complexity,0.9782519491177676,0.9092655916803729,0.9748826842976577,0.9401192276892962,0.3172061164439728,0.9635881360019292,0.15390043297709885,0.5423087348948451,1716,eeg_data_level_2.csv,3,TP10,150.0078125,160.00390625
0.021525236845515498,0.021525236845515498,0.01552621671694301,0.028487561961734516,0.026485682177989252,0.05828769181347801,0.05828769181347801,0.044641467590219634,0.12083875243095343,0.06535060053413212,0.12265662696392268,0.12265662696392267,0.07947108102568523,0.22905666355762683,0.14457117276927645,0.2175624857546843,0.21756248575468423,0.14035646071271024,0.46026667473390365,0.2686946182605592,0.19694800157338796,0.196948001573388,0.03240611941410296,0.240176239388723,0.2326738844363781,0.8771446062576186,1.2749052208754548,2.563880009338619,2.215447127558532,1.5522323724132223,hjorth_mobility,hjorth_complexity,0.8556968950895911,0.9379397277369947,0.9524342168937255,0.4308212474419432,0.3797211904876755,0.9896310585965759,0.047407076935117066,0.30098736698932543,1716,eeg_data_level_2.csv,4,AF7,160.0078125,170.00390625
0.1806978154626624,0.18069781546266242,0.17437859936627817,0.2153514859240349,0.20328513131971943,0.14387931930205805,0.14387931930205808,0.15083988087345837,0.05831643815648781,0.11405695975365752,0.19791562102324453,0.19791562102324456,0.18188072286643509,0.2332912781790913,0.22460099965241168,0.21411775880235984,0.2141177588023598,0.2333029401102991,0.35938138594619207,0.2347359921923476,0.2066022222756433,0.20660222227564332,0.03389242865987184,0.3069422166686852,0.3047946682409331,1.1149003528080674,0.6965447476326464,0.9975199688360249,0.5451153479503523,0.39757357982871283,hjorth_mobility,hjorth_complexity,0.7484612228149363,0.8588372114206644,0.8754751996522154,0.757540706468547,0.921518498866432,0.9635881360019292,0.22354481484491504,0.6535953882767952,1716,eeg_data_level_2.csv,4,AF8,160.0078125,170.00390625
0.4427634428141862,0.4427634428141862,0.32838940693781377,0.8015909760821142,0.5621812819274807,1.1302548701852284,1.1302548701852284,0.8419517250921064,1.5155383240618332,1.1288084483921674,0.6480325600642094,0.6480325600642094,0.6780128633804006,0.4828674694144606,0.710140559418283,0.6805416060073334,0.6805416060073333,0.5518422845910109,1.031429856268264,0.7704766681052818,1.193535140232874,1.1935351402328744,2.101175892303819,0.46395182914011757,0.9113201152094074,1.0541282747931462,1.4818225198694928,1.0622095505309022,0.5715049617491551,0.6125217118998622,hjorth_mobility,hjorth_complexity,0.9651210504718915,1.0563407068378896,1.0805973817218437,1.454221905863511,0.7918576045535671,1.0026525198938994,0.5355857282151888,1.0116753695373972,1716,eeg_data_level_2.csv,4,TP9,160.0078125,170.00390625
0.3871403942351298,0.38714039423512986,0.2732216707122464,0.7422739437465479,0.45044011186461774,0.7543073729030823,0.7543073729030824,0.6713670025233344,0.8343844247783012,0.7936063684761646,0.3461103168138742,0.3461103168138742,0.3520341275296091,0.2506709681258573,0.39704753865352127,0.336411848837147,0.3364118488371469,0.2546734883120859,0.5526463555306819,0.42013137739471496,0.3769922244238208,0.37699222442382085,0.0727374285922767,0.47694507181330037,0.48887762541711305,1.1247533244689438,1.3095987393051982,0.7782510510709817,0.38698932389453555,0.31945015517094755,hjorth_mobility,hjorth_complexity,0.7637806045684583,0.8390099411160519,0.9300909531977787,1.0602366758608417,1.1391635714630264,0.9635881360019292,0.46723462057739346,0.9449181398613776,1716,eeg_data_level_2.csv,4,TP10,160.0078125,170.00390625
0.0061355383173824956,0.006135538317382496,0.004586840359745582,0.011709832079879893,0.007109193744122715,0.026261218151392856,0.026261218151392856,0.021211346226031057,0.03264271827010816,0.0347079372401813,0.06027994253951765,0.06027994253951765,0.036845437346496666,0.11680900314298842,0.06898615090153304,0.13774101891286605,0.13774101891286603,0.08866989174986879,0.18466293554968083,0.16460600439983816,0.10463308156283024,0.10463308156283024,0.014851764127337946,0.13106915147249515,0.14919822499184657,0.698898147537068,1.343449226320729,2.9524392750987576,3.1312841886796856,1.9422968784533747,hjorth_mobility,hjorth_complexity,1.0701682396389,0.977963639522872,1.0011735918932472,0.2338286324406086,0.09029955139645941,1.0156739811912225,0.014212829777893853,0.16480369936540537,1716,eeg_data_level_2.csv,5,AF7,170.0078125,180.00390625
0.043661695808191375,0.04366169580819139,0.04723670840340081,0.03825856481242272,0.03614457273262638,0.067339280850512,0.067339280850512,0.06267794003658998,0.08549690068892024,0.06100900782426944,0.10247990905854787,0.10247990905854787,0.07358500983087145,0.13685753744619647,0.12873347557624323,0.1188861292153604,0.11888612921536038,0.1782091390281506,0.140904914151922,0.11301171038384893,0.06389038676811234,0.06389038676811232,0.015580818452591986,0.09703416179539727,0.0847146605340891,0.9844858507794784,1.0852922504328346,1.6985329762329047,0.9811547528642376,0.4440046378755212,hjorth_mobility,hjorth_complexity,0.8163041991519627,0.8195136617792232,0.9849070947585522,0.42761811549070206,0.16670686411654045,0.9896310585965759,0.047151183766823125,0.3001739354031639,1716,eeg_data_level_2.csv,5,AF8,170.0078125,180.00390625
0.2156193837463297,0.21561938374632975,0.16759315117922466,0.3363277235398607,0.2476698520903158,0.4488851417835973,0.4488851417835973,0.37342222556830074,0.5087139622647419,0.46782491873583704,0.39272014208824246,0.39272014208824235,0.4482856874316359,0.23902011106541546,0.39903663044516147,0.40253498518514114,0.402534985185141,0.26759409877418106,0.4800572922027993,0.4561312843080686,1.0711215266582963,1.0711215266582965,2.6600620719807067,0.7317831430564641,0.5791832325476968,1.0456825225167292,1.2693030964124041,1.2492583838273479,0.6761484638949498,0.9213991681195355,hjorth_mobility,hjorth_complexity,1.3853098071399257,1.1641825640318664,1.035790621520824,1.0442210161046357,0.3681443249240268,0.9635881360019292,0.2803255667928516,0.7319105937892615,1716,eeg_data_level_2.csv,5,TP9,170.0078125,180.00390625
0.1948341588916939,0.1948341588916939,0.14342543257302703,0.3722368327551515,0.23234332076826672,0.4266422169258937,0.4266422169258937,0.3421606010979545,0.5469122022711302,0.37259673818237365,0.24598019587864947,0.24598019587864947,0.30595619058505086,0.19219365795433968,0.2792224137799844,0.23819159019026226,0.23819159019026223,0.2089542126331933,0.4473006809927807,0.25853418679518947,0.22719585900042055,0.22719585900042055,0.11484225185328513,0.539207077381314,0.2710516172599543,1.100129469927404,1.3908489698208362,0.987948594543829,0.5017286857830618,0.3581691334104861,hjorth_mobility,hjorth_complexity,0.8885241417042811,0.8664284092459676,1.0279905180287636,1.0762523356170477,0.2431141768366215,0.9766095972992526,0.24676210836174622,0.6866982093332039,1716,eeg_data_level_2.csv,5,TP10,170.0078125,180.00390625
0.004655300814186976,0.004655300814186977,0.004208895303465392,0.008778146203954453,0.00440954065866524,0.023519248268363525,0.023519248268363525,0.02217877511251158,0.03502826254092168,0.02261359302840543,0.05932429587364297,0.05932429587364297,0.03323763594115655,0.10236627814694028,0.07486737166472411,0.13036029207484742,0.1303602920748474,0.07541829325027603,0.27224708146782056,0.14886627588178686,0.10617720088686676,0.10617720088686676,0.020043292421830436,0.1328700044207385,0.14244124771970737,0.6306152769484522,1.369930562319563,3.2405533891044063,3.371619048101139,2.1990510061376884,hjorth_mobility,hjorth_complexity,1.1380112159759264,1.0085078807093257,0.9510715783902955,0.2354301984162292,0.013892238676378371,0.9635881360019292,0.011550385566822616,0.14856787776712393,1716,eeg_data_level_2.csv,6,AF7,180.0078125,190.00390625
0.025130546297188014,0.025130546297188017,0.0283726587458074,0.023202049258294288,0.023555559741843948,0.04305737777701417,0.04305737777701416,0.04077477998667462,0.04950040959203969,0.04161300250810061,0.06180486313753083,0.061804863137530815,0.037829502873787,0.06992555546558891,0.07978984460594385,0.11388760088978282,0.1138876008897828,0.06614349965843218,0.14359642339756473,0.14344236282870002,0.0880482679478239,0.08804826794782393,0.0180170177002974,0.15514285732620928,0.1183358552279453,0.9398795940897565,1.0496092653584888,1.568605571678165,1.372381482103162,0.8358550790699347,hjorth_mobility,hjorth_complexity,0.9848173984407057,0.9850697875557974,0.9126421667733431,0.4164071536613578,0.11576865563648643,0.9245237521099591,0.028239875921135225,0.23230473976002491,1716,eeg_data_level_2.csv,6,AF8,180.0078125,190.00390625
0.08530455268438397,0.08530455268438397,0.06292511990200944,0.17453790255762172,0.0995920725885081,0.28681866325412453,0.28681866325412453,0.19389262106503385,0.31489184226082284,0.40974849959818527,0.1907491682902353,0.1907491682902353,0.18026131063743045,0.24316119350817406,0.20907356519657963,0.3314459471685156,0.3314459471685156,0.20516941302331548,0.4084877815820177,0.38355074114592363,1.0064102545229898,1.0064102545229898,2.627231063325419,0.7563999667745429,0.42135187428063997,0.9144814399216812,1.5075572427614108,1.2387084784704263,1.0261235790191534,1.4519187697054583,hjorth_mobility,hjorth_complexity,1.6720010942415537,1.2783924184428797,0.990142231655921,0.9913693389091557,0.3473059669094593,0.9896310585965759,0.11754034437000581,0.4739365013080721,1716,eeg_data_level_2.csv,6,TP9,180.0078125,190.00390625
0.09430079921933411,0.09430079921933411,0.06525965897505435,0.19528283034062177,0.11884472387914599,0.21409718857917087,0.21409718857917087,0.18722435903088533,0.2877364002446073,0.23977680741881327,0.15231660548939724,0.15231660548939724,0.14093916621934463,0.14874842644573513,0.14572603192503647,0.17605399730628926,0.17605399730628918,0.13647219173824154,0.2943914314799406,0.1925771991066548,0.2143716781971208,0.2143716781971208,0.08058226980358188,0.39363375108314347,0.2667173335328545,1.0708161087714405,1.3690685007525945,1.1634538690404859,0.6919032881587505,0.6146704827815344,hjorth_mobility,hjorth_complexity,1.218985090958829,1.0357613046528251,0.9906281725928059,1.0554319779339798,0.27089865418937825,1.0026525198938994,0.10201517034254647,0.44152882172219576,1716,eeg_data_level_2.csv,6,TP10,180.0078125,190.00390625
0.007835140355041209,0.00783514035504121,0.0056316044110054225,0.016013197082455334,0.009164035094589757,0.028719018368420536,0.028719018368420536,0.019850843099581267,0.03306599021475879,0.03514418455840105,0.04153968871214796,0.04153968871214795,0.02673239039046024,0.059183681689762666,0.057037669960169554,0.11463141955317278,0.11463141955317277,0.06358600423203646,0.22391943021619112,0.150633744070611,0.10038826587275822,0.10038826587275819,0.02508172747512981,0.13834574965231553,0.12561182054819875,0.8059230030707025,1.4118178538877326,2.125604521259451,2.6453360063664566,1.805208762808392,hjorth_mobility,hjorth_complexity,1.1358227328682806,1.0295904390607449,0.9673831628284127,0.22261767061126436,0.18986059524383775,0.9896310585965759,0.013922901428252995,0.1631141183310042,1716,eeg_data_level_2.csv,7,AF7,190.0078125,200.00390625
0.022796316762368058,0.02279631676236806,0.020387771709431957,0.026252347024300193,0.023680124210137023,0.040342825655392905,0.040342825655392905,0.0331298192614927,0.02665616035555585,0.04224816521042229,0.04303296649851968,0.04303296649851968,0.02936532380273102,0.048217800734964615,0.05638083043195151,0.10249487775323318,0.10249487775323315,0.07053843947546806,0.15792574336817417,0.1266667807121647,0.09095390260011584,0.09095390260011585,0.019355125662737466,0.14389341137483208,0.11734334794860936,0.9771107679176148,1.0853609251044494,1.2710537013451386,1.3790492002446666,0.9435955612304487,hjorth_mobility,hjorth_complexity,0.9891943646559976,1.0052717010735455,0.9377056977757695,0.36836017439273955,0.20375283392021612,0.9505666747046058,0.024527045800820286,0.2164957124248293,1716,eeg_data_level_2.csv,7,AF8,190.0078125,200.00390625
0.13073489731492693,0.13073489731492693,0.07889886054033671,0.22188531838541398,0.16792229571444206,0.3675926407036146,0.3675926407036146,0.34788282784909075,0.42192716584259043,0.38903501683828556,0.33120243246970926,0.3312024324697092,0.2923128122330616,0.21092055294044126,0.3289274802887269,0.3319417975213405,0.3319417975213404,0.1902466168855236,0.4619429002334602,0.426653592108037,1.0005413289956324,1.0005413289956326,2.8070195241301286,0.3202452559558729,0.35838167681292554,0.979232282352523,1.423046783939455,1.4781819564025382,0.7866750305653787,1.0715443375007698,hjorth_mobility,hjorth_complexity,1.5100533442757487,1.2245926936214282,1.0021304446658763,0.9465254915917787,0.6853504413679996,1.0026525198938994,0.16126624291228953,0.5551347486629488,1716,eeg_data_level_2.csv,7,TP9,190.0078125,200.00390625
0.14260633316798607,0.1426063331679861,0.1010397522458093,0.260779397070109,0.17423574846631537,0.24438213164893247,0.24438213164893247,0.26010732731686703,0.3038030877004047,0.2598923906222305,0.13699382413762054,0.13699382413762054,0.10224784641577606,0.2240092863054537,0.14508171848763615,0.16231015318835382,0.1623101531883538,0.14063839569948103,0.18692080089427196,0.19351344215201155,0.19243415209613962,0.19243415209613965,0.0632689089782576,0.16952883962174106,0.22982754218641394,1.1206255746481548,1.1925435316178197,0.8365984319044043,0.4886289250087322,0.4235955668407512,hjorth_mobility,hjorth_complexity,1.1226918342224046,0.977028744788575,0.9737655211128604,0.9641427173236053,0.28942163909121604,0.9635881360019292,0.12614804804264185,0.4909835551030603,1716,eeg_data_level_2.csv,7,TP10,190.0078125,200.00390625
0.009165670139034401,0.009165670139034401,0.007316644586101963,0.012936884252620202,0.010299920303958283,0.01973523302325306,0.01973523302325306,0.014762685025932224,0.033024194161292895,0.024921597579990906,0.04736359641326689,0.04736359641326688,0.031763209836419525,0.07976267281848937,0.054095400834200606,0.13753766949475932,0.13753766949475926,0.09976871422986311,0.3114808113712676,0.16171860136591817,0.13718153128936042,0.13718153128936042,0.025330187669341635,0.16063386079260242,0.18388599688024518,0.8159156368728366,0.991437554109115,2.1808263844375517,2.8148024819464945,2.156814794283011,hjorth_mobility,hjorth_complexity,1.1095609355765284,1.0598938145478232,0.9852677931859307,0.2578521220749177,0.18754522213110802,1.0026525198938994,0.014601185798773146,0.1670401004413899,1716,eeg_data_level_2.csv,8,AF7,200.0078125,210.00390625
0.030899131424654416,0.030899131424654423,0.02684109068918266,0.03439369145671062,0.03561107636554644,0.04099886844462709,0.04099886844462709,0.03421658345921563,0.06662760437708884,0.03892258587151995,0.07295765963106365,0.07295765963106364,0.06733530980465867,0.09684062194785381,0.07508433052078735,0.09131014339707035,0.09131014339707033,0.08314304571258953,0.15984460736759998,0.11625991020304123,0.08812160806055382,0.08812160806055383,0.020773121563544893,0.09251272832160164,0.11525053995158831,1.050759661575902,0.961553393721939,1.6658580768846016,1.061342618687736,0.7783629154085604,hjorth_mobility,hjorth_complexity,1.0263985774859798,0.9922821499111091,0.9538419427005778,0.41000088975887533,0.1458685061019729,0.9766095972992526,0.03189256656278186,0.24687176049003168,1716,eeg_data_level_2.csv,8,AF8,200.0078125,210.00390625
0.1406538351936871,0.1406538351936871,0.11526387860964175,0.2549170682391304,0.16481806309048394,0.4511040743728182,0.4511040743728182,0.4811668950735824,0.6164790423923604,0.46297957475993706,0.38870187739247264,0.38870187739247264,0.36071534391925186,0.4518991777983958,0.33825773816182836,0.39695129171522575,0.39695129171522564,0.28807294345747747,0.5178976165466463,0.4219804178994954,0.9454901152224258,0.945490115222426,2.4934679587421087,0.41164570584471005,0.42338831805283894,0.9595861988881,1.544285704419918,1.5638742875201974,0.8409079667275198,0.9899474780114913,hjorth_mobility,hjorth_complexity,1.4553412665845984,1.1899580642602396,1.0091991319024192,0.9080879081768841,0.3797211904876755,0.9635881360019292,0.16566476472368563,0.562654443239347,1716,eeg_data_level_2.csv,8,TP9,200.0078125,210.00390625
0.13675695720161207,0.13675695720161213,0.09121066003723989,0.22924821522617328,0.17086141988642772,0.4231441028471517,0.4231441028471517,0.4639601509175991,0.6265656459887222,0.4148449243721923,0.3169333512540546,0.3169333512540546,0.3289172722398499,0.3628782434154884,0.3010147073762943,0.24101888846181313,0.24101888846181307,0.20629056694487835,0.3886141178599228,0.25631288401661817,0.20011964821188064,0.20011964821188066,0.07012024878182589,0.47181495218603087,0.2665158576625534,1.030457473533701,1.621830436975623,1.4930044187551046,0.6182890823082419,0.3980409557942338,hjorth_mobility,hjorth_complexity,1.0395294761318559,0.9081097409952688,0.968244831293817,0.8968769463475398,0.2917370122039458,0.9375452134072825,0.13968776341897612,0.5166612147176715,1716,eeg_data_level_2.csv,8,TP10,200.0078125,210.00390625
0.027505290544627806,0.02750529054462781,0.030731838491851488,0.04380419645771309,0.024986949818505064,0.061886428225513934,0.061886428225513934,0.04528792116206476,0.06893473419221426,0.07085222136082019,0.12545773964783977,0.12545773964783977,0.09117046428741399,0.13336527984667018,0.151349010251031,0.39351533717878334,0.3935153371787833,0.29547098483241846,0.8867472036775618,0.49280655514207994,0.4507226008312709,0.450722600831271,0.07623480788663572,0.5839320262809092,0.5763341481568838,0.7841913216490012,0.997735610576474,1.9189488158679098,2.651250335483893,2.270748551089654,hjorth_mobility,hjorth_complexity,1.0220216112706877,1.0817902673777677,0.9564069092952694,0.36355547646587777,0.2431141768366215,0.9505666747046058,0.04393217468519282,0.2897463873068688,1716,eeg_data_level_2.csv,9,AF7,210.0078125,220.00390625
0.2985499727529683,0.29854997275296835,0.35569037115995406,0.07302954821437996,0.2698385290431409,0.16318658253250531,0.16318658253250531,0.17842300778772532,0.16909414572708278,0.12133467482912065,0.11999576971627318,0.11999576971627318,0.08452413713035978,0.20660599910560934,0.13466961198795138,0.34100974400335343,0.34100974400335327,0.1874545741754921,0.7676825867983516,0.4337471644986763,0.44399668187662783,0.4439966818766279,0.0999894220161834,0.7042168270160336,0.5505373043142665,1.022389270453381,0.5212691100438064,0.4320089026621391,0.5328320471824056,0.49658087778797977,hjorth_mobility,hjorth_complexity,0.8009848173984404,0.9837810288331545,0.8401167343683605,0.6710561437850343,0.9145723795282428,0.9505666747046058,0.28406711343115104,0.7367788625207116,1716,eeg_data_level_2.csv,9,AF8,210.0078125,220.00390625
0.4485826769830359,0.44858267698303594,0.36229929773410896,0.4831853257370651,0.5287860696049997,1.0606801071349978,1.0606801071349978,0.9226028394383909,0.9349293987583964,0.8899110950991903,0.7255317619714645,0.7255317619714645,0.8048355163808606,0.6758737439535402,0.6547543603493455,0.7168528503745024,0.7168528503745023,0.5489435432045101,1.3273130679479075,0.7569960741741717,1.1961091651651625,1.1961091651651627,2.438130697519307,0.8486165718044731,0.7441632039528464,1.0510586567835505,1.391664639707152,1.156813226945274,0.6045818573599372,0.5968246760809529,hjorth_mobility,hjorth_complexity,1.0482834085624402,1.0121449838948768,0.9811949067767816,1.124299314885666,0.6274661135497565,0.8724379069206656,0.47804943307798126,0.955791320810596,1716,eeg_data_level_2.csv,9,TP9,210.0078125,220.00390625
0.42694954894801185,0.4269495489480119,0.32223630849421936,0.7747590553829712,0.4621509701968018,0.874399040134464,0.874399040134464,0.6803914513893046,0.9525720793296014,0.8532378643249768,0.517172525463727,0.517172525463727,0.5689542070282121,0.3022364165879447,0.6196807429416018,0.422458089923539,0.42245808992353895,0.34235081820334645,0.7036515897590119,0.4296666432917572,0.41960060669168786,0.4196006066916878,0.07263967517920217,0.4032716696148054,0.5749802018336311,1.1114948044498754,1.3333508299127252,0.9665698179186867,0.42393692908844066,0.3155414043132858,hjorth_mobility,hjorth_complexity,0.8053617836137325,0.8446075089305969,0.9605599509105027,1.1547290684224576,0.46770536877140517,0.8984808295153123,0.43921568394488003,0.9161479175215698,1716,eeg_data_level_2.csv,9,TP10,210.0078125,220.00390625
0.04053764137299542,0.040537641372995425,0.03284924416395954,0.07217876769458927,0.04523433617378216,0.09459190414869804,0.09459190414869804,0.08357661603843484,0.06995942998300024,0.11485717079273414,0.1061970166748188,0.1061970166748188,0.07883200571413133,0.10734675618126564,0.12395224357877989,0.37983425182476893,0.3798342518247689,0.23494526904725138,0.6587910046663716,0.4740887191330235,0.5240038317451682,0.5240038317451682,0.11378922608751815,0.5654092369462342,0.6509671672677525,0.8705850202841894,1.1102302592503492,1.3596747733841537,2.0726743437232527,2.0716408076409736,hjorth_mobility,hjorth_complexity,1.210231158528245,1.1321150921165237,0.9695072757896418,0.4532431711006317,0.2616371617384593,0.9896310585965759,0.05487533696504892,0.32382865707640046,1716,eeg_data_level_2.csv,10,AF7,220.0078125,230.00390625
0.2537342283712495,0.2537342283712495,0.31450577474578395,0.12260368885265953,0.18304391099946926,0.20472775964549236,0.20472775964549236,0.1957857057956506,0.12267550413171964,0.2228786038391898,0.1349754931378232,0.1349754931378232,0.10388684124317733,0.18526740266422104,0.17088678542285587,0.27159141530325087,0.27159141530325076,0.16904911045815543,0.5465928752125744,0.33897258962102933,0.38202959745775433,0.38202959745775433,0.07986500543980998,0.3989652769263701,0.4975808531478439,0.9980776458254081,0.6913449835122892,0.5291893839277511,0.4860709989510397,0.48741712629121464,hjorth_mobility,hjorth_complexity,0.8556968950895911,1.022032520087123,0.894892798326092,0.7831657620784768,0.7223964111716753,0.9375452134072825,0.2299710040268195,0.6629232020761557,1716,eeg_data_level_2.csv,10,AF8,220.0078125,230.00390625
0.26420903495560544,0.2642090349556055,0.1856681020682866,0.6021494339171205,0.32022208039361666,0.7580776762768726,0.7580776762768726,0.7001014811689686,0.8354552378107296,0.5783071043265383,0.6406538358025111,0.6406538358025111,0.6195436280103198,0.4840641667362355,0.7180333152154058,0.5556700905311331,0.555670090531133,0.5553093980394661,0.9224420918137268,0.6173111679463915,1.3141383567227547,1.314138356722755,2.547727690654213,0.9506792260796796,0.9422796894685808,1.005653587966151,1.4752194767971756,1.4711465304021252,0.6913832625092162,0.9293449325523837,hjorth_mobility,hjorth_complexity,1.1642730132676788,1.1128978453076652,0.9945357388894064,1.1275024468369073,0.5279050697023782,0.9375452134072825,0.3152975813818053,0.7762238783305176,1716,eeg_data_level_2.csv,10,TP9,220.0078125,230.00390625
0.3610722403983933,0.36107224039839336,0.27332378969318205,0.574996168318129,0.3686026137994206,0.760755915220163,0.760755915220163,0.672048130543397,0.5355322368310192,0.7032804520884997,0.37678948639526116,0.37678948639526116,0.33448437100438827,0.38015036884321235,0.43580854894196897,0.3536772210350023,0.35367722103500226,0.3380903106951133,0.6392689115344419,0.38895111934404547,0.4803006022251396,0.48030060222513965,0.06912639962022561,0.5097417578122936,0.6463580282586769,1.088593185745758,1.32647189925688,0.8570028275738615,0.4139781610665431,0.4061283886909547,hjorth_mobility,hjorth_complexity,0.8381890302284228,0.9158739187939614,0.9574238784724616,1.0826585995195301,0.29636775842940527,0.885459368217989,0.3576426782747191,0.8267064919135415,1716,eeg_data_level_2.csv,10,TP10,220.0078125,230.00390625
0.006422979899958593,0.006422979899958593,0.005278218839796929,0.006184119549031561,0.008087065965794785,0.029920256914450143,0.029920256914450143,0.024612723918258982,0.043912888188960844,0.032080288450071597,0.08302554603804817,0.08302554603804817,0.05298925221673242,0.13662858855317553,0.09801438336773179,0.2810865097153016,0.2810865097153015,0.15321911889527481,0.3882239890735964,0.3727720094150075,0.28830880260487246,0.2883088026048725,0.053456081277732125,0.299425419449367,0.3841740304592231,0.5220683957682853,1.0693111368547579,2.6876170268660893,3.9613423580023714,3.120769127655586,hjorth_mobility,hjorth_complexity,1.3874982902475719,1.1045255295658025,0.9761701772953838,0.28668030963608865,0.0810380589455405,0.9896310585965759,0.019904263391434335,0.1950292424339189,1716,eeg_data_level_2.csv,11,AF7,230.0078125,240.00390625
0.10133754696144559,0.1013375469614456,0.0718719569484833,0.14947367611892104,0.1301547311795303,0.18341777977715817,0.18341777977715817,0.12872953388354547,0.23981821482626675,0.2362959761404894,0.16170224278149797,0.16170224278149797,0.14085088888237948,0.2573831472059964,0.17033485413945362,0.30774226081144296,0.3077422608114429,0.17634821167573667,0.46775893480847386,0.40874257684944715,0.3098951093371063,0.30989510933710634,0.05353595806745862,0.45673404842822146,0.4155512200421171,1.0447499032769392,1.1571673625627934,1.1458853414311878,1.0248175029343929,0.7775421555872031,hjorth_mobility,hjorth_complexity,1.1971002598823688,1.0180327031883687,0.9842658531098794,0.6550404840288282,0.37277507114948627,0.9635881360019292,0.10402143946715782,0.44584931984237164,1716,eeg_data_level_2.csv,11,AF8,230.0078125,240.00390625
0.12301083375250196,0.12301083375250198,0.10787038480770499,0.20975466218446992,0.10882966467313228,0.23793832799108816,0.23793832799108816,0.21101373395986328,0.19284588452359736,0.2059961990845828,0.26421593890545914,0.26421593890545914,0.21924128970131887,0.3350247770030425,0.2744513045470948,0.37362814113850784,0.3736281411385078,0.22101739894307518,0.6159409423437333,0.5077916995550141,1.0831042986167185,1.0831042986167188,2.393488245665298,0.6513121734828158,0.6913221410966085,0.9844214443404238,1.1166219283362395,1.378383528983864,0.9703169338432366,1.4465523921350374,hjorth_mobility,hjorth_complexity,1.4947339625222267,1.217900845953319,1.0188578342355548,0.8440252691520598,0.2361680574984323,0.9766095972992526,0.15030669232852942,0.5359395875155467,1716,eeg_data_level_2.csv,11,TP9,230.0078125,240.00390625
0.12934598179931708,0.1293459817993171,0.09132157863899963,0.25358402326518065,0.15309013819817183,0.2153224817075009,0.21532248170750085,0.22761512992036506,0.22810954732413705,0.2054992675134703,0.1511103639644495,0.1511103639644495,0.1418996124182904,0.19067718240277234,0.18128212924649412,0.276018950470266,0.2760189504702659,0.15618073364140897,0.38298476097566725,0.33879567062694854,0.3000010671023828,0.30000106710238283,0.06319979074265072,0.21724108230489364,0.40194032683077296,1.0986538595327906,1.1206557135531072,0.9486628120084329,0.8169018038451356,0.6603442472258136,hjorth_mobility,hjorth_complexity,1.131445766652989,1.0183235057098057,1.0278702852196373,0.7879704600053385,0.136607013651054,0.9766095972992526,0.13165072035240097,0.5015777912724212,1716,eeg_data_level_2.csv,11,TP10,230.0078125,240.00390625
0.02290464964554099,0.022904649645541,0.013701065400654805,0.05370618255515999,0.027509001535087476,0.06773942646822663,0.06773942646822664,0.05856659772208488,0.0866568604715151,0.05622640234320835,0.11663812164726275,0.11663812164726278,0.08011211475501157,0.16804119663068234,0.13317925711747455,0.34723955623792907,0.347239556237929,0.19015974063979718,0.8014118155320678,0.4464215167868822,0.4183996618781764,0.4183996618781764,0.07727917194221938,0.5631342193339528,0.589450442600057,0.7849026149572852,1.1359152128695846,1.975831388728422,2.619275627627364,2.3468283867729762,hjorth_mobility,hjorth_complexity,1.229927506497059,1.1019018705701724,0.9483613304845765,0.3267194590266038,0.3473059669094593,0.9766095972992526,0.03880931179406962,0.27232947543554537,1716,eeg_data_level_2.csv,12,AF7,240.0078125,250.00390625
0.1246478772105805,0.12464787721058053,0.11102282132906241,0.11952798481849501,0.12345966808413804,0.08798277909927031,0.0879827790992703,0.08749400970579453,0.1276511451168283,0.08346954936037392,0.12630345883169067,0.12630345883169067,0.07888871828378871,0.1088293181022712,0.17917377199160667,0.2366121477755457,0.23661214777554565,0.1406132979912218,0.4703039063632432,0.30114820264793046,0.2647636859423207,0.26476368594232075,0.05878740506479229,0.38883364137091525,0.35453226671947335,1.0976069615291917,0.6308395667161422,0.898565230709852,0.790370215239067,0.6508125602246212,hjorth_mobility,hjorth_complexity,1.067979756531254,1.0261705628542097,0.905548431034899,0.47726666073494084,0.648304471564324,0.9375452134072825,0.10643727503037352,0.45099689561190764,1716,eeg_data_level_2.csv,12,AF8,240.0078125,250.00390625
0.20542762688507493,0.205427626885075,0.15040955522785232,0.31113975133839916,0.23060818092878815,0.43185298250963405,0.43185298250963405,0.4199087157217629,0.5035498797368121,0.5071852321764861,0.4484150368813713,0.44841503688137135,0.381273999812008,0.627193327831402,0.49425643990715706,0.5107466974113137,0.5107466974113136,0.38265072681098433,0.753148880872167,0.6276143585244613,1.158390430657261,1.158390430657261,2.6993916856815843,0.7586807488078574,0.7100373459294296,1.0302478359693952,1.255900035740281,1.4512617038080757,0.8456406855032922,1.024021673331047,hjorth_mobility,hjorth_complexity,1.3699904253864037,1.166403746538111,0.9472892546032016,0.9865646409822938,0.7733346196517293,0.9505666747046058,0.22472583429713255,0.6553196332024318,1716,eeg_data_level_2.csv,12,TP9,240.0078125,250.00390625
0.23424794190539172,0.23424794190539175,0.16535973413499871,0.5193821962585392,0.28161617826815094,0.4505901882188432,0.4505901882188432,0.500535669443938,0.33312859185330485,0.46480098709089496,0.3162388526955295,0.3162388526955295,0.2592211540852524,0.3736060521167867,0.2934248729930213,0.37507809156365246,0.37507809156365235,0.281296918705407,0.5284199781728908,0.3838020962882054,0.33909737474057305,0.3390973747405731,0.06286698399085856,0.4939754612167143,0.46553173472624476,1.1044925845110771,1.2474384794304414,1.0584247512833171,0.6307277167391042,0.438305102278514,hjorth_mobility,hjorth_complexity,1.0942415538230064,0.9127728545274962,0.9428105824632516,0.9945724708603969,0.42834402585499975,0.9375452134072825,0.2196600606303583,0.6478914195763987,1716,eeg_data_level_2.csv,12,TP10,240.0078125,250.00390625
0.019563179099940486,0.019563179099940483,0.019460927334495056,0.027910930050187972,0.023879571448513902,0.04141659503841653,0.04141659503841653,0.03667560809655735,0.04531692580705123,0.04772857664591986,0.08078926505930206,0.08078926505930208,0.050605987733028365,0.135979740927135,0.09997706641732686,0.34537017117256635,0.3453701711725663,0.21947848941096082,0.5116247931774222,0.437428993365391,0.38364804509441736,0.38364804509441736,0.0528725672378192,0.23312499296326405,0.49962546021166004,0.7741143442148488,0.9271689032676271,1.729450844116872,3.044565819526876,2.5615314444793964,hjorth_mobility,hjorth_complexity,1.2474353713582274,1.117917684161926,0.9530203518382155,0.2914850075629504,0.162076117891081,0.9635881360019292,0.033828737641631454,0.25425504245788116,1716,eeg_data_level_2.csv,13,AF7,250.0078125,260.00390625
0.23461253835869417,0.2346125383586942,0.340831818743353,0.1992999244207058,0.10026421144331452,0.17877517629039189,0.1787751762903919,0.1609145287472233,0.14415702453464696,0.15891178999940783,0.12981953712630356,0.12981953712630356,0.09518010107359454,0.16116558564811403,0.17200688905329167,0.29323775375013234,0.2932377537501323,0.22710952425763253,0.4576017692737292,0.3476170851876744,0.41460756794902515,0.4146075679490252,0.07420012015587683,0.4978116982642463,0.5094556861854969,0.9464528657011099,0.6986517214196907,0.5731937104628719,0.5817810249285794,0.5869468386570649,hjorth_mobility,hjorth_complexity,0.9848173984407057,1.0155162536730629,0.9777332038140241,0.8584393629326452,0.733973276735324,0.9505666747046058,0.24101835240480918,0.6786591915761782,1716,eeg_data_level_2.csv,13,AF8,250.0078125,260.00390625
0.18255430685302784,0.18255430685302787,0.12300075774592857,0.35230958001386103,0.23066366690470275,0.4446546325401449,0.4446546325401449,0.3785813259324808,0.7867683125186334,0.43960387320100713,0.4117622128967806,0.4117622128967806,0.42060046912823534,0.29125757886306974,0.46884081581791887,0.44414302034642006,0.44414302034642006,0.37169951057534434,0.8039157252325461,0.5029178597007803,1.294953721124104,1.2949537211241038,2.715376566666974,1.0427832985655336,0.8487406596795716,0.9920575738931148,1.3423174889884772,1.3686025833833921,0.779925492835847,1.2075208674086173,hjorth_mobility,hjorth_complexity,1.3262207632334837,1.1498905850049554,0.8546298363699655,0.9753536791529496,0.7733346196517293,0.9115022908126357,0.34970049280520127,0.8174756042138989,1716,eeg_data_level_2.csv,13,TP9,250.0078125,260.00390625
0.21034249985599549,0.2103424998559955,0.22863563626063332,0.2345152743912203,0.22512363534336044,0.3770118677490192,0.3770118677490192,0.27977847883376195,0.5402647533520996,0.3703525295175869,0.33211343314227537,0.33211343314227537,0.3392288813235663,0.29400385749204977,0.34481211171243475,0.3830633711218836,0.3830633711218835,0.29704214391828465,0.7031913731367716,0.4320816670432198,0.4724309722855927,0.47243097228559283,0.0896518643471294,0.35100564179710053,0.6155004323894108,1.0407821934342136,1.2095972819600627,1.1919813812844808,0.7064087880602399,0.6384494272593323,hjorth_mobility,hjorth_complexity,1.030775543701272,0.9239624978659359,0.9935438182141157,1.1371118426906308,0.460759249433216,0.9115022908126357,0.3457150899935992,0.8128040275773682,1716,eeg_data_level_2.csv,13,TP10,250.0078125,260.00390625
0.01028523171620328,0.010285231716203281,0.006807681232429882,0.02391724914405391,0.012287614856119974,0.036799973973784345,0.036799973973784345,0.038789875765234856,0.05121342719777449,0.026017023946736027,0.05946447135531022,0.05946447135531022,0.04070874662828071,0.08004804940570599,0.08131302538886229,0.40967998506506553,0.4096799850650654,0.2051312099837662,0.5433502483443629,0.5512568059979973,0.4683042515539698,0.4683042515539699,0.08319500183408816,0.47387785506427477,0.631831204528566,0.5768428967176826,0.92039336033633,1.5181088196864514,3.9311593513265986,3.416871042180973,hjorth_mobility,hjorth_complexity,1.3327862125564214,1.1457684909676342,0.9727685907371892,0.3010944034166741,0.162076117891081,0.9635881360019292,0.029951847933113795,0.23924258696286937,1716,eeg_data_level_2.csv,14,AF7,260.0078125,270.00390625
0.1106798724627907,0.11067987246279071,0.10029661524859378,0.12118289381805933,0.10534111978373249,0.08997485127778643,0.08997485127778644,0.11147974763306683,0.06500718450381218,0.08120255193442655,0.0940862651509946,0.0940862651509946,0.08690042480347279,0.0717827609191241,0.0828567838518767,0.2371925646898414,0.23719256468984135,0.15393549438305215,0.48430389762492126,0.297051087763495,0.2558363160990523,0.25583631609905233,0.037234246987042335,0.48949493470096894,0.3544329701306234,1.0965014902031096,0.6707010837370915,0.75575965714466,0.8682341855122536,0.6993805489890513,hjorth_mobility,hjorth_complexity,1.2802626179729175,1.0537184870051768,0.9384771916343291,0.6230091645164161,0.648304471564324,0.9375452134072825,0.09824648009389708,0.43329649766766154,1716,eeg_data_level_2.csv,14,AF8,260.0078125,270.00390625
0.19020726600927373,0.19020726600927373,0.12479487415934397,0.3230129081160345,0.26650845406449625,0.3434971210035625,0.3434971210035625,0.319138251526569,0.31230627933569116,0.42345725487790825,0.20394225309925404,0.20394225309925404,0.18405460699979864,0.12162307418226823,0.2632937876692225,0.4241759219234517,0.4241759219234516,0.2714486318760863,0.9524072470663302,0.5244659432724408,1.2021747932215088,1.2021747932215088,2.6154520334447944,0.5862752109053067,0.7464627271673012,1.049826981924285,1.141877005434291,0.8191139792827616,0.7967621655242052,1.1752299546554221,hjorth_mobility,hjorth_complexity,1.6523047462727394,1.2529367747584483,1.1615290913648977,1.087463297446392,0.2917370122039458,1.1068242102724861,0.1761047072083003,0.5801124165920309,1716,eeg_data_level_2.csv,14,TP9,260.0078125,270.00390625
0.2041695270960261,0.20416952709602612,0.12663449806213725,0.4052717411090734,0.2679864280293005,0.3667048238817527,0.3667048238817527,0.38704187521030714,0.2535508911147223,0.4256532463047384,0.18370055639893987,0.18370055639893984,0.13864545537925163,0.06994141809155932,0.266046790051913,0.2830329475132506,0.28303294751325053,0.22527153269556474,0.5864759096021585,0.3382381926099901,0.34909756243883683,0.34909756243883683,0.060895259861073754,0.5225763550152831,0.45849911056613135,1.119791929147075,1.1980051527693854,0.7700322384569236,0.5728828109694262,0.5179244315458293,hjorth_mobility,hjorth_complexity,1.218985090958829,1.035219645579063,0.9785848528786677,1.0314084882996708,0.35193671313491875,0.9505666747046058,0.16316184824742305,0.5583878847476365,1716,eeg_data_level_2.csv,14,TP10,260.0078125,270.00390625
0.020545735754156448,0.020545735754156448,0.015514343544270148,0.03372003914432381,0.02390319368300537,0.11252979320478197,0.11252979320478197,0.0636107038502023,0.2648283144547065,0.13678046207051164,0.3657598667531567,0.36575986675315675,0.25608514079742806,0.6468301678223431,0.41624675071339773,0.5895468708443287,0.5895468708443287,0.47564649700129913,0.7463843803770367,0.7554692433882899,0.3144911279084129,0.31449112790841294,0.06396118024065194,0.2911869279611852,0.42187703890975814,0.6369049234400446,1.4946887450526243,4.1729856599853274,3.406241922091438,1.5688616932817028,hjorth_mobility,hjorth_complexity,1.2277390233894132,1.0134345775384697,0.9590219728937637,0.9769552451285701,0.10187641696010806,0.9635881360019292,0.046468855078883105,0.29799409957027473,1716,eeg_data_level_2.csv,15,AF7,270.0078125,280.00390625
0.03415599941890567,0.03415599941890567,0.033658720508747964,0.03523365018323613,0.03178058828333799,0.057254320172421255,0.057254320172421255,0.048185908472089145,0.10737527216898524,0.05151017958460681,0.11302236645253681,0.11302236645253681,0.09983159719874399,0.15344530473502624,0.11247986151162612,0.3029077124788206,0.3029077124788206,0.164934361884193,0.5549151141919482,0.4057352230859645,0.2342286458675518,0.23422864586755182,0.0371353669033906,0.3188734977072165,0.30831023902498333,0.9130760788529029,0.9702192692615437,1.827776013187093,2.2296293940119547,1.36952210804257,hjorth_mobility,hjorth_complexity,1.0460949254547938,1.0337373784380155,0.9172060038197574,0.39078209805142805,0.24774492306208096,0.9115022908126357,0.04349710594629715,0.2883081105845757,1716,eeg_data_level_2.csv,15,AF8,270.0078125,280.00390625
0.16152885432703537,0.16152885432703537,0.12517331166354898,0.2750026577882454,0.15643299720001236,0.36156035881867316,0.36156035881867316,0.2546446542056324,0.6054389946932948,0.42516006559720493,0.38284979235867667,0.38284979235867667,0.26021804720320224,0.5693822598072915,0.4142076292744874,0.5838355234100338,0.5838355234100336,0.3804471206815695,1.3813120011586517,0.6985332601507263,1.2100795736803804,1.2100795736803807,2.458809577755528,0.8428330033679844,0.7977294728347024,0.9754784623094903,1.257351593885942,1.4528174819403266,1.0829917761414805,1.2543353861674247,hjorth_mobility,hjorth_complexity,1.4290794692928461,1.1816101046978427,1.0510601882798476,0.9849630750066732,0.36119820558583765,1.0026525198938994,0.2121495489394024,0.6367188908320794,1716,eeg_data_level_2.csv,15,TP9,270.0078125,280.00390625
0.17471030945141935,0.17471030945141938,0.13549151306963578,0.39038996565893525,0.1665803371034807,0.3730731708886414,0.3730731708886414,0.24663546225594313,0.6125814578564183,0.4300997409838857,0.2692508992928632,0.2692508992928632,0.25226734038165954,0.2440833654013286,0.3101700443722943,0.3540766969063204,0.3540766969063203,0.35336443951040275,0.3393915430499661,0.4061730309885683,0.42746921111586983,0.42746921111586994,0.0758966532489814,0.5915481979427776,0.5787655044563937,1.053968910625479,1.3407629824605303,1.1262399198886546,0.7379747514479331,0.6547157190552831,hjorth_mobility,hjorth_complexity,1.1248803173300506,0.9971774361679946,0.9907985024057346,1.0394163181777738,0.42834402585499975,0.9375452134072825,0.19750656902926775,0.6143522471579826,1716,eeg_data_level_2.csv,15,TP10,270.0078125,280.00390625
0.011101999154115999,0.011101999154116,0.008032632866240647,0.018967041820197775,0.013958280862098282,0.050309764544583205,0.050309764544583205,0.05194757696494374,0.034179761042267866,0.04564347849832791,0.05895737082425973,0.05895737082425973,0.057848106016407635,0.056821469064938936,0.05918661193137355,0.33008383121907303,0.3300838312190731,0.16200199163370138,0.49339800495034897,0.40192335626194936,0.4118252361300031,0.4118252361300031,0.07040905699646562,0.48370110493202023,0.5671367423197405,0.6139842110519225,1.1595349904776482,1.5219593542654473,3.4034337106120347,3.1569872113513022,hjorth_mobility,hjorth_complexity,1.4750376145534125,1.1627629028335453,0.9658602139128146,0.38277426817332505,0.18522984901837827,0.9896310585965759,0.027931849828246164,0.2310343355124466,1716,eeg_data_level_2.csv,16,AF7,280.0078125,290.00390625
0.026734424938763095,0.026734424938763098,0.02370744805209277,0.046749424618719275,0.02736372368778329,0.06542831479071576,0.06542831479071574,0.06674576092263317,0.10591797512783338,0.06039352678037689,0.10185213001319532,0.10185213001319532,0.0631327550524806,0.13525823772707407,0.12493050345938347,0.2596284120245566,0.2596284120245565,0.14510490621441266,0.49592753860222044,0.3280609859919693,0.2567764214607125,0.2567764214607125,0.03765821538885877,0.3481642011471891,0.3503075114959824,0.8745825322520456,1.1527564834864956,1.8584064878403768,2.1511353825092416,1.6321902863148106,hjorth_mobility,hjorth_complexity,1.2649432362193953,1.1050833351817049,0.9494835033697541,0.3875789661001869,0.162076117891081,0.9766095972992526,0.03565856238146586,0.26104092146445346,1716,eeg_data_level_2.csv,16,AF8,280.0078125,290.00390625
0.20041444344118783,0.20041444344118783,0.12512371550540882,0.39754315332589957,0.2586965585639626,0.35470180813148594,0.35470180813148594,0.290320596656162,0.5238839013416713,0.3215936625573599,0.4958368451625099,0.4958368451625099,0.5507038429475805,0.38098116351093125,0.3664524895409548,0.42553091292160594,0.4255309129216057,0.2897819207060903,0.796643571526216,0.4885106168778546,1.181558367661674,1.1815583676616743,2.521704274485608,0.665970965099692,0.817573471012385,1.0506317406403545,1.1245435492140308,1.5750342442229714,0.7508651236689913,1.1187921454219245,hjorth_mobility,hjorth_complexity,1.4422103679387224,1.2054807944116126,0.9203771441604601,0.9833615090310526,0.5186435772514592,0.8984808295153123,0.21564555689864334,0.6419436925479041,1716,eeg_data_level_2.csv,16,TP9,280.0078125,290.00390625
0.1848500625388399,0.1848500625388399,0.11583825720964178,0.3447625320409029,0.24130052047434092,0.3382337386749379,0.3382337386749379,0.24864484018071603,0.3768727193901738,0.4278378808317726,0.34433154124456117,0.34433154124456117,0.3309541791042529,0.3518273297705391,0.3759379304666741,0.27980377742108425,0.2798037774210842,0.16142932897753018,0.6148823103691237,0.33326834142258965,0.41482142342946204,0.41482142342946215,0.0653685880723935,0.4146282236629657,0.5300066349019327,1.0989035934424713,1.218814856838289,1.3655236903807728,0.6007054052353191,0.632590877678903,hjorth_mobility,hjorth_complexity,1.1686499794829706,1.0368220161050783,0.925401873641858,1.0137912625678442,0.47696686122232407,0.9245237521099591,0.1855078314730254,0.5953985917786095,1716,eeg_data_level_2.csv,16,TP10,280.0078125,290.00390625
0.003646451102934103,0.0036464511029341033,0.0028707915406420703,0.007095555366391923,0.004151046960937201,0.01934053550247943,0.01934053550247943,0.016734555864334005,0.0324098526521189,0.016580900164288394,0.029088334688287778,0.02908833468828778,0.028010053040002154,0.04425434574598616,0.030598416135615612,0.21057928899703507,0.21057928899703507,0.12222521359695654,0.2047966822981608,0.2425367988896712,0.24986619760179613,0.24986619760179613,0.04249976353069867,0.2899690959300544,0.3162826772454077,0.46334950802168867,1.015737544636632,1.5416293934018102,4.162988014355904,3.753649030114038,hjorth_mobility,hjorth_complexity,1.5954041854739434,1.1868532673191652,0.9722425721972622,0.2594536880505383,0.03473059669094593,0.9766095972992526,0.014271687059229595,0.16514458420104686,1716,eeg_data_level_2.csv,17,AF7,290.0078125,300.00390625
0.022612477313717745,0.022612477313717745,0.022670147769623013,0.02772448516873959,0.021232965032235162,0.027116626157143553,0.027116626157143553,0.02096701766723366,0.04251053370716002,0.02930629165242761,0.045235219145568537,0.045235219145568537,0.03641018008486558,0.07981414268755987,0.045615767599779276,0.21889044482021786,0.21889044482021777,0.1392809659180266,0.3566550297953867,0.24422942730239552,0.22395377226126068,0.2239537722612607,0.04081183517407556,0.3195467396711173,0.2831294431605612,0.9143508326478185,0.7549136754270928,1.2150525193159858,2.346491257829386,1.854192181455036,hjorth_mobility,hjorth_complexity,1.411571604431678,1.1371869804638424,0.935045546873853,0.34914138268529227,0.15976074477835128,0.9635881360019292,0.030739954826844676,0.24236968101064285,1716,eeg_data_level_2.csv,17,AF8,290.0078125,300.00390625
0.1768480150710252,0.17684801507102527,0.12127274773459581,0.3323767866198186,0.2204831477948882,0.3914072126196825,0.3914072126196825,0.38846075255550383,0.4123953360040752,0.4046077855712716,0.2171799093304335,0.2171799093304335,0.18949291046569972,0.16642174586902456,0.2697545253795772,0.3295114054851285,0.3295114054851285,0.18110880131498455,0.6632978640422483,0.43497648981051523,1.1269127216344996,1.1269127216344998,2.5859361607162876,0.6081988290524204,0.6342124642461046,1.0374458921283403,1.2912245219914897,0.9016028734605913,0.6668855586866441,1.1295019976563478,hjorth_mobility,hjorth_complexity,1.6544932293803856,1.2542138487002372,1.0008730098704315,0.936916095738055,0.3310983551203512,0.9505666747046058,0.1906464036299272,0.6035885426004988,1716,eeg_data_level_2.csv,17,TP9,290.0078125,300.00390625
0.19634080157064784,0.19634080157064787,0.1451673628059193,0.33353345637731735,0.23918229554316797,0.42361795032918187,0.42361795032918187,0.40617361289404197,0.34521997564383694,0.4516008176183533,0.23572672343304069,0.2357267234330407,0.29912927466823147,0.18218148630614708,0.23111685900340037,0.24053626327527855,0.2405362632752785,0.14819179547381864,0.3516131164030156,0.2916998843953128,0.3369620887097946,0.3369620887097947,0.08491684767883943,0.7316285568259395,0.4554090645605846,1.0912375792276008,1.3525154881235764,0.9394963234096946,0.5014306158245545,0.5041925739259263,hjorth_mobility,hjorth_complexity,1.3218437970181918,1.0385569832913377,0.9599337383629705,0.9945724708603969,0.35193671313491875,0.9375452134072825,0.18992266283877635,0.6024417676823418,1716,eeg_data_level_2.csv,17,TP10,290.0078125,300.00390625
0.03553251957707356,0.03553251957707356,0.027126792681284453,0.05930310618910049,0.03957773753969385,0.07064471371533892,0.07064471371533891,0.05380273099593143,0.11676588851942057,0.08718179805803597,0.07696652650405718,0.07696652650405718,0.07884318032183832,0.1133979703720676,0.06724828542418143,0.4630534004512013,0.4630534004512013,0.27195372673006957,1.0662190409920003,0.5470880767511742,0.5455674812077277,0.5455674812077278,0.11765229558568081,0.6307153949110657,0.7497197471522146,0.862108637169037,0.985091414691251,1.121628764018644,2.648272385652454,2.3245884830295784,hjorth_mobility,hjorth_complexity,1.3459171112022976,1.1131617176855606,0.995753096081809,0.3763680042708426,0.38666730982586467,1.028695442488546,0.05298462932809362,0.31820106509454416,1716,eeg_data_level_3.csv,0,AF7,120.0078125,130.00390625
0.11205187866458546,0.11205187866458548,0.1106281408427592,0.1083837827638678,0.14154619706571211,0.1500775117671679,0.1500775117671679,0.19236294775338206,0.09597819995779766,0.12927999628455028,0.11896833205774875,0.11896833205774875,0.08447543070022547,0.1607287945637598,0.13725820519463974,0.3508047182958842,0.3508047182958841,0.26730801814847344,0.6083928557250314,0.42716397360689584,0.31369842273757215,0.3136984227375722,0.04651398152185796,0.3867928395773569,0.4258224391292917,1.0591407576627172,0.9352069145448324,0.8888021143797713,1.1403136633884194,0.7858069980745767,hjorth_mobility,hjorth_complexity,1.0986185200382983,1.0046308827500248,0.9864049951722493,0.5957825429308657,0.4237132796295403,0.9896310585965759,0.1011937352246229,0.4397476144259561,1716,eeg_data_level_3.csv,0,AF8,120.0078125,130.00390625
0.3291607926681166,0.3291607926681167,0.2791505738573557,0.4086174623810906,0.36325252102349864,0.9903050656363267,0.9903050656363265,0.8579721204286047,1.1426662033119686,0.9184407598154338,0.6330852530964405,0.6330852530964405,0.5305204513506123,0.6799233675830222,0.6809547915336177,0.956902345845235,0.9569023458452349,0.5030107609903917,1.4167040621434122,1.1868205343969613,1.4689019094793478,1.4689019094793478,1.662761963167243,1.609414150376587,1.506333865137228,0.9707020572582038,1.5391284496829924,1.2317086019074128,0.9138318356006936,0.9354588219494168,hjorth_mobility,hjorth_complexity,1.238681438927643,1.0980737287181424,1.261753157172322,1.1403149746418721,1.0882253629829723,1.1719315167591031,0.3672817732286077,0.8377730142206478,1716,eeg_data_level_3.csv,0,TP9,120.0078125,130.00390625
0.3724297535568123,0.3724297535568123,0.2916509041033071,0.7578310993655688,0.402318333013908,0.8656639309382723,0.8656639309382723,0.7258454179701789,1.1987814003555075,0.8359890561570624,0.5055984113481338,0.5055984113481338,0.4270774053957441,0.5346627494345201,0.5510419074837393,0.6122462369197602,0.6122462369197601,0.42185501477163323,1.0541390329124645,0.7102736146146651,0.6181295673289771,0.6181295673289773,0.10066556000783965,0.7468692782498242,0.8346225685741928,1.070551952432059,1.4189705950030556,1.0327252032623426,0.6272267490250135,0.4749962207824775,hjorth_mobility,hjorth_complexity,1.0504718916700861,0.9487710439770529,1.066905870582601,0.9176973040306077,0.5186435772514592,0.9505666747046058,0.3652383866308026,0.8354392721614451,1716,eeg_data_level_3.csv,0,TP10,120.0078125,130.00390625
0.008217120121593645,0.008217120121593646,0.00798430011532774,0.009203377121253051,0.006902860819241448,0.02975407114223623,0.02975407114223623,0.024525207752803646,0.03427171038155759,0.035609590919782066,0.07202055081732796,0.07202055081732796,0.05780795627493553,0.09552140761626186,0.08721798529559795,0.23506490880346925,0.23506490880346917,0.13608781459161634,0.39035512883086637,0.3156926270173056,0.31864890836713083,0.3186489083671309,0.058133224219386034,0.37984275540976487,0.43016260550198576,0.5885030334251835,1.021075539076482,2.278613932395137,3.26533659961302,3.2368010760371635,hjorth_mobility,hjorth_complexity,1.3678019422787577,1.158686709699609,1.0129714362887527,0.24984429219681467,0.17596835656745938,1.028695442488546,0.021991212628885287,0.20499877582675471,1716,eeg_data_level_3.csv,1,AF7,130.0078125,140.00390625
0.012303280265433631,0.012303280265433631,0.011284684486918429,0.011682774543438931,0.014772810058521105,0.03246176813729713,0.03246176813729713,0.022575846038252856,0.06816927689813188,0.034202622574002375,0.06820867768215215,0.06820867768215215,0.04455639168885575,0.08423363148891745,0.09191774441078501,0.1969111049329304,0.19691110493293035,0.1312094889412398,0.241502410520673,0.24300886960552687,0.21276812287171734,0.21276812287171737,0.03447505460417761,0.3537369723877141,0.3044151124306848,0.7715928542072547,1.0982552373619883,2.162542219265681,2.7944102480504296,2.30959094905364,hjorth_mobility,hjorth_complexity,1.3437286280946517,1.1267273038939123,1.0016044261259494,0.38918053207580744,0.053253581592783754,1.0156739811912225,0.020976535371754604,0.20021359238739492,1716,eeg_data_level_3.csv,1,AF8,130.0078125,140.00390625
0.12036979914714217,0.1203697991471422,0.08315623008715131,0.14111122618151667,0.15354333957790844,0.26246895883995364,0.2624689588399537,0.23484726231288766,0.45139560752762065,0.2530051525810372,0.5501562587781514,0.5501562587781514,0.35052510002524523,0.6778601288746228,0.7333262974053715,0.7210750922024776,0.7210750922024775,0.6684688119239388,1.4958035476092235,0.8229991862250389,1.171881395103508,1.1718813951035085,2.1001329011791987,0.8090174338143463,0.8750036812455766,0.9303238863998506,1.1557797787556428,2.3135839538302583,1.543055076042142,1.5124419184779014,hjorth_mobility,hjorth_complexity,1.5822732868280671,1.1917698249787907,1.1802954289893408,0.9929709048847762,0.7154502918334861,1.1849529780564263,0.1666633916830025,0.5643477353629596,1716,eeg_data_level_3.csv,1,TP9,130.0078125,140.00390625
0.09016780744922395,0.09016780744922397,0.06402464234020273,0.14254755377125378,0.10591417167103451,0.2803440989272968,0.2803440989272968,0.22998786179968952,0.1962226390277823,0.27390741436835886,0.26693886927078403,0.26693886927078403,0.18340203223684942,0.33121549020889945,0.3297891633518311,0.3202051111323202,0.32020511113232014,0.2787847237729915,0.42626070178037,0.3822579203012668,0.3110032418184284,0.3110032418184285,0.08242262065855646,0.31058665765575444,0.42365007246216896,0.9776963657372936,1.54274010925072,1.7390149444157887,1.0573386037626638,0.7835882877103281,hjorth_mobility,hjorth_complexity,1.1927232936670769,1.0533001219035878,1.0761738162860768,0.9096894741525047,0.3426752206839998,1.0547383650831927,0.1079255082458163,0.4541389275639772,1716,eeg_data_level_3.csv,1,TP10,130.0078125,140.00390625
0.1011845025601938,0.10118450256019383,0.1065129611519723,0.048961429293022864,0.10384733448447732,0.025266419906396664,0.025266419906396664,0.031222883566278226,0.03414027799399523,0.022640006965737813,0.08112780224688718,0.08112780224688718,0.052151208892107996,0.08265774662443241,0.10530235380156515,0.20883105964949653,0.20883105964949647,0.12132974062322963,0.4607458480429651,0.2627899209444531,0.3642648651441184,0.36426486514411843,0.07421174150873167,0.5278717096812484,0.4980403500172153,1.0363630853116854,0.27511979270837966,0.7512522671498033,0.8582146372972068,1.0410934700005696,hjorth_mobility,hjorth_complexity,1.4662836821228284,1.195051722533802,0.9776580583083202,0.2914850075629504,0.9794028266846752,1.0938027489751627,0.10351513435948027,0.44476295177553704,1716,eeg_data_level_3.csv,2,AF7,140.0078125,150.00390625
1.5925970101885012,1.5925970101885014,1.210110643017995,1.8683254753321725,2.0457143902663266,1.5097729681587062,1.509772968158706,1.339137020979537,2.9163419403196515,1.4406467127280023,3.0145656703246626,3.0145656703246626,2.2304666388424113,4.898615066610002,3.32017042665286,2.7392879237290946,2.739287923729094,3.4583150883975913,5.043698688556355,2.4097150647652574,0.7248097855799436,0.7248097855799436,0.1574520187728696,0.8921093540888718,0.8089272226844884,1.1387227889235072,0.8299993322303398,1.5658822052457477,0.7322747510730061,0.17350541173615594,hjorth_mobility,hjorth_complexity,0.8535084119819449,0.8687710203726365,0.2948659546815546,0.5189073761010766,4.637692344797646,0.8073306004340488,1.5856253622375758,1.7407121901368905,1716,eeg_data_level_3.csv,2,AF8,140.0078125,150.00390625
0.15979351765523886,0.15979351765523886,0.10463859135787233,0.17136708292707148,0.20081209348107307,0.7414051005482385,0.7414051005482384,0.5165299394851175,1.3598502084816024,0.7884134714178352,0.9837905430616121,0.9837905430616121,0.904482673593709,1.0019111532090041,1.128443244454444,1.126288214390096,1.1262882143900959,0.8590824676271412,1.679204727068811,1.3445270418320932,1.0670388229180638,1.067038822918064,1.799740667376346,0.9657527798208927,0.7817678036414886,0.84724112041766,1.7850227109928238,2.544749234566943,1.546876333594522,0.9765599793662562,hjorth_mobility,hjorth_complexity,1.3502940774175898,1.1122538633417283,1.1434039953891273,1.3949639647655485,0.9446722299937292,1.0938027489751627,0.2276197964523513,0.6595256553049293,1716,eeg_data_level_3.csv,2,TP9,140.0078125,150.00390625
0.05291217283381764,0.05291217283381764,0.036450969386124486,0.116205861273399,0.06439067705694222,0.18959770830995917,0.18959770830995917,0.14397421875216096,0.2903080200642378,0.20535172151790285,0.27997162361047573,0.27997162361047573,0.19533337842897744,0.4916441274255739,0.28699922230202163,0.32080005170150677,0.3208000517015067,0.38225079493295344,0.5507909157624069,0.36851912522824254,0.2909370376978742,0.29093703769787427,0.07810889397223812,0.4018833823989585,0.3904187614644874,0.910288087580454,1.5899421169970052,2.473886087677169,1.4684013739197224,1.0392147907434612,hjorth_mobility,hjorth_complexity,1.0986185200382983,1.0467940200490033,1.0482196881642418,0.704689029273067,0.15049925232743236,1.0417169037858693,0.07261959945103202,0.37252343883384054,1716,eeg_data_level_3.csv,2,TP10,140.0078125,150.00390625
0.023563125710478007,0.023563125710478007,0.016800840831950856,0.0416229466010528,0.028759709501087475,0.05407109745180428,0.05407109745180428,0.04309321944904269,0.06355306833651855,0.0608402981771413,0.0825855516021034,0.0825855516021034,0.05507235111848293,0.13736035146434486,0.09896662794320629,0.1616453439590387,0.16164534395903868,0.0811979329575175,0.2484553006547508,0.22850691502560438,0.3189867778386907,0.3189867778386908,0.056899868598973315,0.43018353278680166,0.4198891691767345,0.8775125917405887,1.092983576936075,1.724040035498158,1.6000436658793475,2.1547365064454773,hjorth_mobility,hjorth_complexity,1.4881685131992886,1.2414850202617909,1.033235674326893,0.25144585817243525,0.31952148955670256,1.0807812876778395,0.03264005291373607,0.24974804991586597,1716,eeg_data_level_3.csv,3,AF7,150.0078125,160.00390625
0.03171304247163919,0.03171304247163919,0.028457851087201065,0.0566225275473759,0.02981234707368948,0.039480436686085606,0.03948043668608561,0.0361285211843082,0.05400208051772898,0.04491747027657813,0.10224009787523548,0.10224009787523548,0.07306731695771801,0.12155350487518701,0.12625744746118042,0.16215537466317445,0.16215537466317437,0.08017396558907272,0.29677806457450867,0.21375910836948664,0.16974915898776421,0.16974915898776421,0.02945770502873065,0.35380649167387174,0.23160023419649262,1.0090072331344295,0.8488285711126989,1.976026948476613,1.552991182071308,1.2294380188933245,hjorth_mobility,hjorth_complexity,0.9673095335795375,1.0773707571462967,0.9184784677163427,0.3107037992703977,0.2871062659784863,0.9375452134072825,0.038394884713063064,0.27087153118216906,1716,eeg_data_level_3.csv,3,AF8,150.0078125,160.00390625
0.20022453003130516,0.20022453003130525,0.12903869472072618,0.43542882979184516,0.23188892671660521,0.6865609769522983,0.6865609769522985,0.5147031311693776,0.9845361781699684,0.8883785725459242,0.6932011749832339,0.6932011749832339,0.48803738168367666,0.7160055911258258,0.8945941875556945,0.9731366784306705,0.9731366784306703,1.1268675415909326,1.3613901315667514,0.8829912644693046,1.0469791503488395,1.0469791503488397,1.8653063999271486,0.6889534903669581,0.8302940570743271,0.9503426279484108,1.6136035453459454,1.85785433568227,1.277550477293277,0.9193353189080794,hjorth_mobility,hjorth_complexity,1.1795923950212006,1.018829531934603,1.1124690955410397,1.0906664293976334,1.2618783464377021,1.0938027489751627,0.29780734867647257,0.7543873266908975,1716,eeg_data_level_3.csv,3,TP9,150.0078125,160.00390625
0.1078136101087,0.1078136101087,0.08553066955013071,0.20085677389669296,0.11402501540254717,0.2844163464095181,0.2844163464095181,0.2207965914326093,0.42340788304270655,0.3194399798014755,0.3140349110868658,0.3140349110868658,0.2159169710699671,0.2804745793762106,0.46692251748663594,0.33838808994736264,0.3383880899473625,0.32959555249296246,0.5064634424479431,0.3504988072971007,0.2566045119185348,0.25660451191853484,0.04581339784770402,0.37720393030158933,0.35172888569000954,1.0134523386151792,1.4801058574513293,1.797189969361679,0.9983656645551453,0.6074492658221465,hjorth_mobility,hjorth_complexity,1.061414307208316,0.9473837935355754,0.9502049002245111,0.8055876857371652,0.23848343061116203,0.9245237521099591,0.10760658946857822,0.4534674431876841,1716,eeg_data_level_3.csv,3,TP10,150.0078125,160.00390625
0.008887828747724752,0.008887828747724756,0.005210017826122408,0.022102966963058242,0.010755176124483245,0.03664897378138592,0.03664897378138592,0.023793981509569694,0.04581261195253868,0.046907413837257356,0.041122066095537604,0.041122066095537604,0.03771236567502289,0.036307486576911026,0.04674111454912244,0.1808340416865495,0.18083404168654946,0.09019262830474932,0.2780133447471295,0.24526356037487465,0.24869905159408248,0.2486990515940825,0.0441592596829079,0.3947692424320829,0.34293340606538486,0.6747231356520116,1.266174921356303,1.512461017440812,2.760176795181195,2.776871255084034,hjorth_mobility,hjorth_complexity,1.5231842429216247,1.196036322983247,1.0484150664790721,0.33793042085594804,0.2639525348511891,1.0677598263805161,0.026650252730698966,0.22567182691981927,1716,eeg_data_level_3.csv,4,AF7,160.0078125,170.00390625
0.040948775649194295,0.0409487756491943,0.0328633566674327,0.04226261290830694,0.04885390533363608,0.091467890708546,0.091467890708546,0.07433515180871998,0.05483879323116115,0.1154781685379281,0.10001297021482218,0.10001297021482217,0.0768397050464217,0.08060897727332636,0.12342280786308812,0.15481981584056223,0.15481981584056217,0.11200645307486885,0.20297170895834046,0.18602510091941918,0.17074812950601387,0.17074812950601392,0.02446625942093468,0.3068655767426759,0.23588739606468415,0.9804447048053059,1.2671048858744205,1.5418925657522824,1.1724105977856665,0.9770580382039069,hjorth_mobility,hjorth_complexity,1.1270688004376965,1.0295017839933545,1.0138030465518755,0.6374232582970015,0.28016014664029715,1.0026525198938994,0.06484023793444782,0.35200511859383576,1716,eeg_data_level_3.csv,4,AF8,160.0078125,170.00390625
0.19364169857766053,0.1936416985776606,0.14025019234831607,0.2708968188321658,0.2705057950850345,0.7578466307179751,0.7578466307179751,0.5725428888022662,1.2627087441496478,0.7542371492956057,1.29372167578584,1.29372167578584,0.9591562304128002,1.4151123029687427,1.6759964628069333,1.5126086008241748,1.5126086008241744,1.1503105462827,1.2080766235945168,1.590109872855301,1.15640125410667,1.15640125410667,2.3951477735612086,0.8006187396612527,0.7362890567260182,0.8657175871019249,1.622092195637088,2.8321882071517224,1.730545567816944,0.8900742213621027,hjorth_mobility,hjorth_complexity,1.2474353713582274,0.9864398731537267,1.1091727126908306,1.0394163181777738,1.3892238676378372,1.0677598263805161,0.3489096005424853,0.8165506682858481,1716,eeg_data_level_3.csv,4,TP9,160.0078125,170.00390625
0.05694587662173234,0.05694587662173234,0.04233365868541506,0.12583088889995955,0.06080717591162761,0.20713588605178734,0.20713588605178734,0.17061928901020912,0.17564346687291196,0.2030990745778135,0.2259849298047568,0.2259849298047568,0.21825008481074015,0.157144808909625,0.2596642351433432,0.2523866409673767,0.2523866409673767,0.20533622322948364,0.32647060323202726,0.30470238301965663,0.26294693312977385,0.26294693312977385,0.08973292393219208,0.4844780394609855,0.35402851402344493,0.93337321638119,1.6292944378883398,2.015178252442573,1.183316046425475,0.9346571797772587,hjorth_mobility,hjorth_complexity,1.03734099302421,0.8935709507834183,0.9714410201364211,0.7687516682978913,0.3635135786985674,0.8984808295153123,0.12750329025223855,0.49361389317559834,1716,eeg_data_level_3.csv,4,TP10,160.0078125,170.00390625
0.04932377052995054,0.049323770529950545,0.039587246454143715,0.03011425775919828,0.06586919221498194,0.07245802979710136,0.07245802979710136,0.056344934795376694,0.1353912712112671,0.08198582787495813,0.12425435932771128,0.1242543593277113,0.09323244414351484,0.20508905246753273,0.1322452237438395,0.363192642236963,0.3631926422369629,0.2325226067958747,0.37471911529683677,0.43568432142146013,0.4799679810050476,0.4799679810050477,0.09347057205972573,0.9302438266585811,0.5682419097093337,0.9307228292126905,0.890725439165589,1.4761596152295753,1.8939458670239848,1.8268758601166013,hjorth_mobility,hjorth_complexity,1.3831213240322797,1.1837405752135142,0.9775728934018558,0.374766438295222,0.30562925088032417,1.0026525198938994,0.061128877764658245,0.34178255357415205,1716,eeg_data_level_3.csv,5,AF7,170.0078125,180.00390625
2.5970718108258293,2.597071810825829,1.7222616748394257,4.3671576588675896,3.1599175064706735,9.722490347098498,9.722490347098498,9.882145385854423,10.833705013797346,10.584318795159648,3.5358331747202305,3.53583317472023,5.57534058948067,1.745804800610493,2.1371716873005053,4.406960217527385,4.406960217527385,4.514239194615152,1.3064590114898817,1.2206247163336899,2.621772156084656,2.621772156084656,0.266474314169032,4.1187348641017145,3.9384670669454764,0.9902101006641018,1.7610140784249668,0.862775482020293,0.5305702019618228,0.27151191181591994,hjorth_mobility,hjorth_complexity,0.9826289153330596,0.7790323048196255,0.2669418847620013,3.2800071180710026,4.630746225459457,0.7161803713527852,3.2146456878698335,2.4785246081669783,1716,eeg_data_level_3.csv,5,AF8,170.0078125,180.00390625
0.4588150984388549,0.45881509843885493,0.3852928496806757,1.0416694350639304,0.5120488978675022,1.464281195195717,1.464281195195717,1.3707563732355594,1.525425304166786,1.3822834991816078,0.6539262204545222,0.6539262204545222,0.7119704880012492,0.7230334424546943,0.7019320759639774,0.7792139442397126,0.7792139442397124,0.636846490330023,0.9366036315588431,0.7252398042749781,1.2818159128015785,1.2818159128015785,2.1443357959219296,1.0090100931450758,0.8738820907669981,0.9916708897264311,1.5633614214818128,0.9486538452545045,0.5628004158731349,0.5848124392161104,hjorth_mobility,hjorth_complexity,1.1401996990835725,1.0745668326178721,1.0127510094720213,1.0762523356170477,1.1507404370266752,1.0677598263805161,0.5342279940675817,1.0103922343135503,1716,eeg_data_level_3.csv,5,TP9,170.0078125,180.00390625
0.6117402685334745,0.6117402685334746,0.6307110933459105,0.6585226195956363,0.5430266162695855,0.7981999461305078,0.7981999461305078,0.7382781673612732,0.494055452830484,0.8942156270995583,0.2669411720803926,0.2669411720803926,0.3011242956740706,0.24471644607405088,0.27676015325198194,0.36592552062907596,0.3659255206290759,0.3015947806908405,0.633174345326985,0.40220573232393125,0.4509097746295626,0.4509097746295626,0.08524537297820997,0.6188678796619169,0.550247001589282,1.074362409000006,1.0200675791952836,0.45170382468753323,0.29750240162547875,0.26667041726881197,hjorth_mobility,hjorth_complexity,0.9913828477636436,0.9316412136053922,0.9143154067003489,1.3821514369605836,1.0048719309247023,0.9375452134072825,0.44745154337516385,0.9246975010963889,1716,eeg_data_level_3.csv,5,TP10,170.0078125,180.00390625
0.9922382609151646,0.9922382609151649,1.1422844005769466,0.588335180333032,0.7112796408693524,0.4157286446370626,0.4157286446370626,0.41812072447961457,0.3851798461782999,0.4066551651367353,0.24969452872857,0.24969452872857,0.25683381479493894,0.09591987121053648,0.23722652916963902,0.2714135715286281,0.27141357152862805,0.17095384210664835,0.44659644959515493,0.34257464082904127,0.6128663360348383,0.6128663360348384,0.13591402713504633,0.9528660062076535,0.7910787946257288,1.0631221946220613,0.4625321178035524,0.30349175547618057,0.1642134204796116,0.2486280876945817,hjorth_mobility,hjorth_complexity,1.556011489536315,1.1891001075408283,0.8422258182284489,0.3459382507340511,3.5170517582364575,1.1979744393537497,0.9656611145801236,1.3584355878061232,1716,eeg_data_level_3.csv,6,AF7,180.0078125,190.00390625
5.473599949256445,5.473599949256446,4.865659519736674,4.096621028479503,6.375060396891254,2.7878473471614273,2.7878473471614273,3.231292330044705,4.178668357430742,2.3258926048407025,4.374155243830895,4.374155243830895,2.9891003916198957,6.8811933467850235,5.259549876002681,5.490290166576474,5.490290166576472,5.322018459433281,5.816556819578221,4.650548953241722,4.529561620371018,4.52956162037102,0.4680756051331426,13.51116925971729,6.638327842788126,1.0986044889210438,0.5008266955672299,0.770014893130484,0.4608460917647565,0.30079610190088724,hjorth_mobility,hjorth_complexity,0.6762412802626179,0.7893726580076834,0.4822487877046923,3.2800071180710026,4.621484733008538,0.8333735230286955,5.401329828236372,3.2127507065299783,1716,eeg_data_level_3.csv,6,AF8,180.0078125,190.00390625
0.05539839237974047,0.05539839237974048,0.05863845825452037,0.06951424441598897,0.04325102405725188,0.15201404664993928,0.15201404664993928,0.11709100988449506,0.19939259225574288,0.17145209686569748,0.30629090476773896,0.30629090476773896,0.20802896054291592,0.2142175652838249,0.4152326810303273,0.4872634242181245,0.48726342421812435,0.3364338309001256,0.5981658504951264,0.567149921349649,1.1380704426326247,1.138070442632625,2.1788095025320207,0.7862746852834274,0.8051803655424101,0.7710063829357118,1.1602317312153891,2.215608586728408,1.741739909469992,2.2438101536213955,hjorth_mobility,hjorth_complexity,1.547257557105731,1.2390467717234173,0.9623834818489162,0.49808701841800873,0.622835367324297,0.9766095972992526,0.09613835149080802,0.42862254854390014,1716,eeg_data_level_3.csv,6,TP9,180.0078125,190.00390625
0.022632634325595962,0.022632634325595962,0.02354296694020097,0.019322576782304632,0.018935011895093046,0.038695478727108636,0.038695478727108636,0.02496841196730405,0.07434192761142619,0.04589573933634082,0.1619816487762841,0.16198164877628413,0.11224935018233635,0.19669021239234563,0.21192680907387423,0.2507520599310418,0.25075205993104177,0.2476119707953608,0.3597347105000148,0.26772959962845566,0.2922614384513388,0.2922614384513388,0.053955931271487664,0.44896941905233634,0.3705670705770279,0.8032602193314213,0.878817264828854,2.9309603760133687,2.2592776197491538,2.0086166914865893,hjorth_mobility,hjorth_complexity,1.236492955819997,1.1197539893157171,0.9660806407295459,0.3555476465877747,0.12039940186194588,0.9896310585965759,0.03322993183742503,0.2519946984276363,1716,eeg_data_level_3.csv,6,TP10,180.0078125,190.00390625
0.004506130533143126,0.004506130533143126,0.00301408048161967,0.009895898807478555,0.005863173005515777,0.01826778345556676,0.01826778345556676,0.011962830133858801,0.04436677144066174,0.02135611754341114,0.044425714063537985,0.04442571406353798,0.030928377802237037,0.07237792395927349,0.053663210583300855,0.20629358249807264,0.20629358249807256,0.14518311626210692,0.33603953855193036,0.24954297780116422,0.5462590293022332,0.5462590293022334,0.08695651819300822,0.8852304718955106,0.7414308198652397,0.3878309805894781,0.6993798531665059,1.5094688343546436,2.810576676535708,4.903166309125359,hjorth_mobility,hjorth_complexity,1.8645876077144028,1.3459625091507452,1.1089673149752401,0.2834771776848474,0.04630746225459457,1.132867132867133,0.023553909536090618,0.21215739789425944,1716,eeg_data_level_3.csv,7,AF7,190.0078125,200.00390625
0.03753364922187258,0.037533649221872585,0.02736637840239159,0.08373097905090185,0.04305981263993405,0.09467934822304852,0.09467934822304852,0.06734630523230087,0.10899088190741804,0.0956872540113185,0.1081323726035667,0.1081323726035667,0.07883689589022992,0.15951358487403253,0.1267832222222129,0.2068079475565548,0.2068079475565547,0.13129533381234842,0.25401288350102497,0.26358305022426676,0.2517871304222503,0.2517871304222503,0.03633095426481264,0.3387917075072255,0.3496318934795615,0.9569965536065849,1.29818864816073,1.6267381250406001,1.475536487809763,1.3363735766033167,hjorth_mobility,hjorth_complexity,1.210231158528245,1.138006966150653,0.6974705257409191,0.38117270219770444,0.4700207418841349,0.7031589100554618,0.04898648734159013,0.3059601239312599,1716,eeg_data_level_3.csv,7,AF8,190.0078125,200.00390625
0.1731566284296018,0.17315662842960183,0.13974107058665916,0.3078130349894954,0.19881180066428747,0.5580378802479963,0.5580378802479962,0.4799643644536071,0.6219368368333481,0.6343628608577501,0.8008006672619301,0.8008006672619299,0.6957812460023478,1.2037304485104587,0.7681659597251422,0.9081002999331123,0.9081002999331123,0.9064602237235797,1.148522386558235,0.9336405970859425,1.2487559484867266,1.2487559484867266,2.4188346848517432,1.0497495993360577,0.8986019942243609,0.9137693964611209,1.4823082983181013,2.2436345516091256,1.3113588094558537,1.1231625855948972,hjorth_mobility,hjorth_complexity,1.2933935166187933,1.1630244939264882,1.0119694962127013,1.0858617314707715,0.7409193960735131,1.0156739811912225,0.21505902227079307,0.64107008637486,1716,eeg_data_level_3.csv,7,TP9,190.0078125,200.00390625
0.09055179670287954,0.09055179670287954,0.05112606772891621,0.2264964183645176,0.1113301572169112,0.34124559144301503,0.34124559144301503,0.2410967475423056,0.5498712268917427,0.39754031246447885,0.45199095810422996,0.45199095810423007,0.3218659893445725,0.4566616637020339,0.48742681518031616,0.347796912496505,0.3477969124965049,0.34015690586055414,0.5336323725187057,0.28803702560508554,0.33370498978994306,0.33370498978994306,0.08684043539647121,0.30793925030048336,0.4551819993975309,0.9450460286579917,1.7094378585186856,2.4383382672333016,1.030087638374344,0.7704320722820502,hjorth_mobility,hjorth_complexity,1.3327862125564214,1.035966764161087,0.9848519880543694,0.9321113978111932,0.25469104240027013,0.9635881360019292,0.10936423232018595,0.4571559042979539,1716,eeg_data_level_3.csv,7,TP10,190.0078125,200.00390625
0.004365767299794227,0.004365767299794227,0.0031565414785758947,0.004753303432728992,0.005706008849927599,0.012322376933115626,0.012322376933115626,0.0073951140295627545,0.02382959673966008,0.015813697462623153,0.035203127682297754,0.035203127682297754,0.02895449701118413,0.03994482503008542,0.03743120544162455,0.18059639255783022,0.18059639255783017,0.1548093161573155,0.15841305481467097,0.21241834884139205,0.5451172663624659,0.545117266362466,0.10414329347801601,0.8874094196436166,0.5885628897548878,0.39345122827420953,0.539666688733564,1.304719415462362,2.66238293223902,5.098282952248687,hjorth_mobility,hjorth_complexity,1.8733415401449867,1.3807687184801394,1.081774661311204,0.277070913782365,-0.01852298490183783,1.0938027489751627,0.020497058121082767,0.19791214468636345,1716,eeg_data_level_3.csv,8,AF7,200.0078125,210.00390625
0.0405298851013636,0.040529885101363614,0.040543784763721495,0.045427622808818756,0.044475161646550875,0.06372876252984203,0.06372876252984203,0.03880279172988757,0.1363776795081618,0.07965328255966127,0.09365392082257379,0.09365392082257379,0.08660068463626189,0.11351561981163451,0.10040685746206457,0.15045844870441916,0.1504584487044191,0.08267831462000069,0.27655230648777707,0.182933816494123,0.28573756531247374,0.2857375653124738,0.051416982383747284,0.5044508651388836,0.3654583518042041,0.942836069752331,1.0002913769813953,1.4393579844520177,1.1419191007815979,1.4902223211264982,hjorth_mobility,hjorth_complexity,1.3459171112022976,1.193912948993962,0.8958296122972002,0.4532431711006317,0.27089865418937825,0.8984808295153123,0.04952421937849173,0.307634825752936,1716,eeg_data_level_3.csv,8,AF8,200.0078125,210.00390625
0.059933166039933136,0.05993316603993314,0.05158009834588965,0.1359294121891116,0.055532727370935946,0.2125714037825904,0.2125714037825904,0.12993179775949187,0.40404469132691745,0.26126647687468146,0.47959744254440284,0.47959744254440284,0.4263810495195741,0.3714255000495919,0.5093889628017083,0.5737662303950987,0.5737662303950986,0.5074486799469643,0.8727047311763894,0.5920887190660377,1.1830533870596962,1.183053387059696,2.383932406989745,0.736828160777356,0.8024844400888524,0.7722528202252242,1.346187081131986,2.7679626241780535,1.7545937416115287,2.0196744957618784,hjorth_mobility,hjorth_complexity,1.742032553686226,1.2579761150374067,0.9673030076223287,0.8824628525669543,0.2662679079639188,0.9375452134072825,0.10723897738788477,0.45269219918274123,1716,eeg_data_level_3.csv,8,TP9,200.0078125,210.00390625
0.0711699929250198,0.0711699929250198,0.05551804769712614,0.14177403901792315,0.07451083875699048,0.21300820838943094,0.21300820838943094,0.17808956632228465,0.3269657798866338,0.24121225527728213,0.3295486555895674,0.3295486555895674,0.26269163020452246,0.29465473602187353,0.41239544588377247,0.2939964151693701,0.29399641516937003,0.23245373012897672,0.28435662792739935,0.3155998735308061,0.30364953030463154,0.3036495303046316,0.06811608976591009,0.39153381877958804,0.39648983681547356,0.9469167978450536,1.4877069041852458,2.3625902095097087,1.148414005262709,0.9028814726881399,hjorth_mobility,hjorth_complexity,1.2605662700041032,1.0545579418790187,0.8967213389648859,0.7463297446392028,0.29405238531667555,0.9245237521099591,0.09517989496360986,0.4264806087129637,1716,eeg_data_level_3.csv,8,TP10,200.0078125,210.00390625
0.00457772543881939,0.004577725438819391,0.003282641253065332,0.007719696468611871,0.005921640937089665,0.019037688185837193,0.019037688185837193,0.014880296719964917,0.02988547483323945,0.02282084153625159,0.034306801949193236,0.03430680194919323,0.02992414581529456,0.03864572018684589,0.03811750282926124,0.19569543473063486,0.19569543473063483,0.15879658374015357,0.20905390170692886,0.21957591382592564,0.49637390103764717,0.4963739010376473,0.11041986830609163,0.7541435227947302,0.6185500812180268,0.41040772742472637,0.7546846225191127,1.2817906698961343,2.8411299163282133,4.742289702154208,hjorth_mobility,hjorth_complexity,1.890849405006155,1.3587855971298566,1.0669960451894456,0.26425838597740015,0.0162076117891081,1.0938027489751627,0.02043346325422678,0.19760488170793256,1716,eeg_data_level_3.csv,9,AF7,210.0078125,220.00390625
0.03268213038778879,0.03268213038778879,0.033003850113358324,0.045120308593331805,0.021872543439338116,0.05886396954611215,0.058863969546112165,0.03661300535563171,0.11769423179506515,0.06615527269704119,0.06868227737361425,0.06868227737361426,0.06544405061142423,0.100123464390268,0.07459509041214332,0.15061240079980392,0.1506124007998039,0.0891477742936374,0.2516741141073346,0.18947310562523925,0.2732069243372584,0.27320692433725846,0.036135175775773104,0.45104937868011347,0.38153762265829105,0.9076776185051528,1.0572801671150707,1.2807032150178108,1.2997724938647375,1.6468723724932997,hjorth_mobility,hjorth_complexity,1.3524825605252357,1.2163141327139415,0.9183782737087375,0.3939852300026693,0.17365298345472965,0.9375452134072825,0.036047768109124294,0.2624616586707638,1716,eeg_data_level_3.csv,9,AF8,210.0078125,220.00390625
0.14277506019649408,0.1427750601964941,0.13681576605960968,0.14614640667882337,0.11838817939386793,0.41967710659407653,0.41967710659407653,0.2435907309814755,0.5444632608238746,0.5412191820258024,0.4228637033855019,0.42286370338550194,0.3862453342106387,0.47831063392910744,0.4227951049936997,0.5274472691226635,0.5274472691226634,0.3629307965651211,0.9838164076222591,0.6069857312329107,1.1742117935046077,1.174211793504608,2.2501225789745005,0.7894231876289814,0.8357173965070674,0.9059182308410206,1.480149259890653,1.6332511401810899,1.0460180908133607,1.3158376537640537,hjorth_mobility,hjorth_complexity,1.7092053070715358,1.2144257723244833,1.0305254264211736,1.0201975264703265,0.5834740244078916,1.0026525198938994,0.17087206905226493,0.5714289222003047,1716,eeg_data_level_3.csv,9,TP9,210.0078125,220.00390625
0.1110559432638574,0.11105594326385744,0.07830389021768075,0.22008784154990504,0.11944584718868063,0.380168075937157,0.380168075937157,0.34661946919108827,0.36268274623843183,0.4177807563901863,0.3269468844294251,0.3269468844294251,0.27711227788736453,0.3033448242291541,0.3547669475758927,0.24578292544989566,0.2457829254498956,0.19481043266475614,0.3757756048706972,0.27851937606924426,0.2952012959157457,0.2952012959157457,0.08202827656210208,0.5498196343337378,0.3819262162257176,0.992426211660955,1.6757799834364615,1.7189440082675151,0.71429836165077,0.6311730116943494,hjorth_mobility,hjorth_complexity,1.2605662700041032,1.0316546892820337,1.0120145835161236,1.0330100542752914,0.2871062659784863,0.9896310585965759,0.12519593415323907,0.489127174102831,1716,eeg_data_level_3.csv,9,TP10,210.0078125,220.00390625
0.004650155963436914,0.004650155963436915,0.003300271432907512,0.009213958987281664,0.005406739484973923,0.01803086901476002,0.01803086901476002,0.013806004280422378,0.01389557140874245,0.0210589495788634,0.05633554704023813,0.05633554704023813,0.032962566797496116,0.08791771026961755,0.07071296893068008,0.1981183540666702,0.19811835406667014,0.1599926178809266,0.25169861953857375,0.23946066627065132,0.6859510268569649,0.6859510268569649,0.13453683650375464,1.0280612926837909,0.820447548005117,0.3573181862207415,0.6117284135949719,1.643483534353495,2.438224295468137,5.210503548170245,hjorth_mobility,hjorth_complexity,1.8470797428532346,1.376069766212827,1.0322537730523627,0.2994928374410535,0.08798417828372969,1.0547383650831927,0.024846532266763338,0.2179011744597188,1716,eeg_data_level_3.csv,10,AF7,220.0078125,230.00390625
0.027373350360755624,0.027373350360755628,0.029139246226682878,0.024682222512116856,0.0360325333642088,0.06684629426487866,0.06684629426487866,0.04217868824048375,0.13436995885881706,0.0843459685389193,0.10081991439858504,0.10081991439858504,0.0877979676923091,0.10079986940280208,0.12452305334536039,0.1770200485343765,0.17702004853437647,0.10426460486294285,0.37041633580109024,0.22971150678514354,0.28644967027889684,0.2864496702788969,0.04487166355577406,0.4442839761825892,0.35878138912695023,0.8627906292353018,1.2272002780813764,1.8328149213584362,1.58165422991031,1.8031315258591651,hjorth_mobility,hjorth_complexity,1.4422103679387224,1.1789659552301077,0.9401003345575324,0.36355547646587777,0.28942163909121604,0.9375452134072825,0.04346307108093387,0.2881952933321509,1716,eeg_data_level_3.csv,10,AF8,220.0078125,230.00390625
0.0349853497706017,0.034985349770601706,0.03390451822349088,0.061888917487043706,0.032678139696152485,0.13057550105815066,0.13057550105815066,0.09311612640590954,0.10510308198269577,0.17203261571826428,0.40153992104651637,0.40153992104651637,0.325485418558044,0.13631744366754583,0.5108739966515131,0.41695485911147195,0.4169548591114718,0.24158147353260365,0.6703459416569507,0.4772716496177783,1.2601598388440558,1.260159838844056,2.5196155097652464,0.8684763458281193,0.8690747173567619,0.651188817926308,1.1430771661817543,3.0533308916604174,1.7603910349090217,2.726738062866572,hjorth_mobility,hjorth_complexity,1.6085350841198192,1.2689084299451787,1.0535650384699762,0.6918765014681022,0.25700641551299985,1.0417169037858693,0.09185258439153035,0.4189598147970107,1716,eeg_data_level_3.csv,10,TP9,220.0078125,230.00390625
0.01619377780657602,0.016193777806576024,0.011929406069389838,0.037740291460216825,0.0197022541701788,0.06092882066026437,0.060928820660264386,0.05529561475296312,0.10585412634712307,0.05176608137776084,0.15441419463675715,0.15441419463675715,0.12127563246593248,0.1427357782693995,0.17743774510716415,0.2776403144255596,0.2776403144255595,0.18949327119180667,0.2341303488429013,0.33051067484499663,0.3640273800568352,0.36402738005683527,0.09004250640006863,0.5191174427383726,0.4843938965502121,0.7057497505145053,1.2204877772458813,2.850177504847904,2.514679495395815,2.4455071446346928,hjorth_mobility,hjorth_complexity,1.3196553139105454,1.1105878213241858,1.006819524221797,0.6101966367114512,0.2662679079639188,0.9896310585965759,0.049972958158661825,0.3090254218548586,1716,eeg_data_level_3.csv,10,TP10,220.0078125,230.00390625
0.004721438955596441,0.004721438955596442,0.004392468277007764,0.006344505923544249,0.004197039491951886,0.017510725257127463,0.01751072525712746,0.010149269091104519,0.0377446730456756,0.021659913684512352,0.04403084396999654,0.04403084396999654,0.031244101658903255,0.07856417150723305,0.04793408217934686,0.24888797661537201,0.24888797661537201,0.16708246370618168,0.2967018576208799,0.291543851910575,0.6869719995010517,0.6869719995010518,0.14756210791096994,0.8412218150851508,0.7991564401556366,0.3506556897353148,0.602927345356189,1.3239528564352756,2.9175459233070273,5.1641071123063425,hjorth_mobility,hjorth_complexity,1.8448912597455889,1.3663655088826732,1.0339520614812696,0.3203131951241214,0.053253581592783754,1.0547383650831927,0.02536161827051789,0.2201482104672899,1716,eeg_data_level_3.csv,11,AF7,230.0078125,240.00390625
0.03514375634280588,0.03514375634280588,0.03709543517658153,0.06024296103889589,0.027456396956340993,0.06618291040053981,0.0661829104005398,0.06882658556676044,0.047781102736102914,0.058054255925154195,0.11295525122221374,0.11295525122221374,0.07155703317623296,0.21092851646071364,0.12398832955733997,0.1926983318894987,0.19269833188949864,0.13259976465266188,0.39618716384599423,0.23150351990820617,0.3162521473804068,0.31625214738040686,0.0652705706048077,0.44301026302732827,0.40886256117639175,0.9294840736442164,1.0276699309672643,1.8080438064403723,1.4891154373205118,1.7252494527377389,hjorth_mobility,hjorth_complexity,1.2868280672958554,1.1967219189861562,0.9535313412770018,0.41480558768573716,0.11576865563648643,0.9505666747046058,0.042509204778412205,0.2850152967088486,1716,eeg_data_level_3.csv,11,AF8,230.0078125,240.00390625
0.09254772366644289,0.09254772366644289,0.056115596805606176,0.16871041010497306,0.11552859919738444,0.36622130051540724,0.36622130051540724,0.2667329528615511,0.5606635947757993,0.47409244716021076,0.7483453831741964,0.7483453831741964,0.656935055864505,0.8522281705413627,0.7964312382192168,0.8139545225150207,0.8139545225150203,0.738259322451538,0.9680181610773507,0.8698718021988538,1.2444221378824538,1.2444221378824543,2.2650031878450405,1.1557369623832876,0.9416867970578565,0.8107774666913661,1.4904615797808636,2.9493635315640008,1.7186798972111454,1.6176256960147406,hjorth_mobility,hjorth_complexity,1.348105594309944,1.1587099776079204,1.0457949931801973,0.8424237031764392,0.7918576045535671,1.028695442488546,0.16510636896359684,0.5617053909376264,1716,eeg_data_level_3.csv,11,TP9,230.0078125,240.00390625
0.042654231587875055,0.042654231587875055,0.03325966056924739,0.08122593976095747,0.04654532614100772,0.19943347969632333,0.19943347969632338,0.15465406493156522,0.2665053291331332,0.20644578475149475,0.2840113666408223,0.28401136664082227,0.24718430769865393,0.3749824719162714,0.312657457216055,0.36630313419618116,0.3663031341961811,0.284571265962893,0.6610460075160977,0.3783599999625138,0.36253215185351895,0.36253215185351895,0.09553511015414239,0.5140019338038245,0.47506378017936307,0.8149838958580851,1.7032590514400932,2.5980951773707845,1.7269593155027454,1.3210675639277722,hjorth_mobility,hjorth_complexity,1.238681438927643,1.0861508196004361,1.0098353638507118,0.8184002135421301,0.22227581882205394,1.0156739811912225,0.06289935786391934,0.3466967613018924,1716,eeg_data_level_3.csv,11,TP10,230.0078125,240.00390625
0.016929797483938126,0.016929797483938126,0.010801479209056044,0.03249250504115706,0.021618576581382422,0.036133854284862876,0.036133854284862876,0.035588982495018455,0.0546097551595426,0.03762502961755374,0.062253416953921455,0.062253416953921455,0.04323876615780033,0.10794868696215977,0.07488395452658148,0.24400363480417184,0.24400363480417178,0.18086486812003605,0.3927787587376977,0.2907054125201763,0.8778970098402786,0.8778970098402787,0.17502564275070373,1.186854256236833,1.0292177938795657,0.6412994644982114,0.7146569800494341,1.1969892272328293,1.9496959815536477,4.288372664214556,hjorth_mobility,hjorth_complexity,1.7792367665162083,1.376294985872274,0.9722325527965017,0.3235163270753626,0.21996044570932421,0.9896310585965759,0.03805809189292507,0.26968089696466596,1716,eeg_data_level_3.csv,12,AF7,240.0078125,250.00390625
0.04116691727977964,0.04116691727977965,0.04185037031667334,0.04071693363488706,0.031604142283669846,0.05749356704761392,0.05749356704761391,0.03874058067416887,0.10753523903842145,0.0696835092077445,0.11001676584008867,0.11001676584008867,0.08518546724442369,0.14194229690953392,0.11912547232028244,0.19539789128842652,0.19539789128842647,0.11554267728594242,0.31594966338777675,0.21977480312934275,0.4610558670693322,0.4610558670693323,0.08056730160005517,0.4338673068509608,0.5506347026254674,0.8939928209195764,0.8468469451071109,1.5150568288141324,1.2860768793668291,2.0215691897667183,hjorth_mobility,hjorth_complexity,1.2649432362193953,1.2622665650039777,0.8658164973190797,0.43722751134442567,0.15049925232743236,0.885459368217989,0.05187827250343882,0.31486140699796655,1716,eeg_data_level_3.csv,12,AF8,240.0078125,250.00390625
0.11908668937370007,0.1190866893737001,0.09497116603228116,0.09480885871730223,0.1336150805541424,0.4312584256888118,0.4312584256888118,0.3380454196968217,0.38798460223594206,0.4925053824882385,0.6542972252209587,0.6542972252209587,0.5153654490369554,0.8504978880230697,0.8205316673346646,0.6988447141116215,0.6988447141116214,0.700615852387878,0.7098901147679241,0.7237003008309786,1.3693664314413283,1.3693664314413285,2.6373639194586396,1.0594261675904868,0.9788488926818313,0.8465091371584511,1.4936035863480766,2.3998688665661585,1.3368750742700992,1.533539798016101,hjorth_mobility,hjorth_complexity,1.6085350841198192,1.2132212671370164,1.0448982568121314,0.8296111753714743,0.8844725290627563,1.0156739811912225,0.1642019358054057,0.5601648004044496,1716,eeg_data_level_3.csv,12,TP9,240.0078125,250.00390625
0.10218895622835432,0.10218895622835433,0.07146639952836038,0.14887262581284363,0.11060988489506941,0.2937244232115844,0.2937244232115844,0.25065918290208505,0.43546051738123676,0.3151745529100385,0.26747273179712383,0.26747273179712383,0.208476489686491,0.42919993481786306,0.3035897287653801,0.2679093896510931,0.26790938965109307,0.2644856810122805,0.31856285077089286,0.33052372847487815,0.3908531637070329,0.39085316370703294,0.08901311755928681,0.7794303663631751,0.5104083965151611,0.9964384767976509,1.5240419784737653,1.6114282422038015,0.8388144724587406,0.8793447305376532,hjorth_mobility,hjorth_complexity,1.3152783476952536,1.0900391677846049,0.9621931132344664,0.7959782898834417,0.24774492306208096,0.9375452134072825,0.10488172145814499,0.4476891635315091,1716,eeg_data_level_3.csv,12,TP10,240.0078125,250.00390625
0.007142093381397437,0.007142093381397436,0.0048769745660611685,0.01339316541503351,0.008699042217029846,0.01772187441649983,0.01772187441649983,0.023394372792805956,0.025121942123951007,0.015143415259660214,0.04700257609889231,0.0470025760988923,0.03034247527699999,0.09202899482045263,0.053405449806898514,0.285384617682971,0.2853846176829709,0.18271308450487575,0.3714044377050178,0.3063282004513235,0.6925621746691334,0.6925621746691335,0.14845767429349513,1.2676169578422485,0.836920532401173,0.44706898015538027,0.5305035836644272,1.2737486649636318,2.946681991304739,4.723205834740876,hjorth_mobility,hjorth_complexity,1.9958965941731635,1.3645392364263673,1.0473029129946547,0.3443366847584305,0.05093820848005403,1.0677598263805161,0.028654275072401633,0.23400298187879315,1716,eeg_data_level_3.csv,13,AF7,250.0078125,260.00390625
0.028127577094604353,0.02812757709460436,0.02686754191748727,0.04493661449208908,0.026693191362285998,0.05370908449087148,0.05370908449087148,0.04849000652372841,0.08375130761286423,0.053684495973013155,0.07827676282979978,0.07827676282979977,0.05056190696156204,0.09091461059517693,0.10405539323997882,0.18882260227981748,0.18882260227981743,0.12874782207281343,0.25813598698153933,0.21663715735545172,0.39041568898830753,0.3904156889883076,0.10657228947251754,0.5611039686312352,0.48413746293411575,0.8711161425481635,0.9841180759093722,1.4652867069883397,1.599864229419236,2.251829843196476,hjorth_mobility,hjorth_complexity,1.520995759813979,1.2632947833476877,0.9083037662440406,0.3779695702464632,0.15281462544016208,0.9115022908126357,0.039000047358261576,0.272997862084516,1716,eeg_data_level_3.csv,13,AF8,250.0078125,260.00390625
0.05374080844340887,0.05374080844340888,0.04457882389241477,0.06733299394813097,0.06381454987858336,0.15193403335840347,0.1519340333584035,0.12253488855209782,0.28013529468384163,0.15348967480622994,0.3848263652845228,0.38482636528452285,0.35612960051335923,0.3472977975746659,0.4039923766904066,0.5337480792528253,0.5337480792528252,0.525426123597254,0.9404728523527253,0.5439510526793553,1.2735829267983019,1.273582926798302,2.4377192483733165,1.1002505140496222,0.84666130700545,0.7697754584198558,1.1255484501809545,2.5495941304799508,1.8054305636792642,2.377572762076917,hjorth_mobility,hjorth_complexity,1.6938859253180139,1.267490185537072,1.052738437907234,0.6902749354924815,0.4584438763204863,1.0417169037858693,0.09661823624790329,0.4296909743224897,1716,eeg_data_level_3.csv,13,TP9,250.0078125,260.00390625
0.03265154743611527,0.03265154743611527,0.025976656526753173,0.039965562264203176,0.03754823191164617,0.1153881304578693,0.1153881304578693,0.08180375408323022,0.25449783196693465,0.1304898450094183,0.2554205900822844,0.2554205900822844,0.21327058484789957,0.2510408154287948,0.2631494903417426,0.31374557164209993,0.3137455716420999,0.3502085524764964,0.2537187317568904,0.32315214101462775,0.3419127282528483,0.34191272825284835,0.0800157854890041,0.35888621463830267,0.44054920275687387,0.816318100363117,1.4319057813625202,2.958131960375439,1.8871116309515954,1.5802637053905089,hjorth_mobility,hjorth_complexity,1.418137053754616,1.1341178335039035,0.9721073102869955,0.7014858973218258,0.18986059524383775,0.9766095972992526,0.05098001285146223,0.3121236299798162,1716,eeg_data_level_3.csv,13,TP10,250.0078125,260.00390625
0.0802024990839149,0.08020249908391491,0.09880758876312562,0.05855353460176747,0.05892926605296654,0.16851059710871977,0.16851059710871977,0.15190830981782827,0.14547773384070967,0.18428596486567975,0.13999574130160214,0.13999574130160214,0.11885287500624803,0.1866316687444095,0.1511354944396027,0.5983281220658271,0.598328122065827,0.3411799620970331,0.4983840739409224,0.7347072625256829,0.9563156955257694,0.9563156955257696,0.24119969145848813,1.100278218951132,1.0934873528666122,0.8154345698718876,1.0452571500709869,1.0108259225555964,1.7877239483090424,2.0052319576721307,hjorth_mobility,hjorth_complexity,1.365613459171112,1.2323553054415775,1.0410207487178125,0.651837352077587,0.32878298200762146,1.0417169037858693,0.10443071166608357,0.44672555554448284,1716,eeg_data_level_3.csv,14,AF7,260.0078125,270.00390625
0.20508342695059945,0.20508342695059947,0.2158330932824413,0.25927411345424534,0.16163332043020182,0.4897785273226731,0.4897785273226731,0.5253796028460844,0.16286966939422512,0.390654390849263,0.1746264720923007,0.1746264720923007,0.1079736801014104,0.2987218017428811,0.2057220226458472,0.4937855398050974,0.4937855398050972,0.300823276041561,0.3249694993085354,0.6556031425164687,0.5934610880744057,0.5934610880744058,0.10206287628600756,1.0105808443013837,0.777864725906597,0.9686356137999758,1.341236238231475,0.6903517459690369,0.8403251380859206,0.7503518376600388,hjorth_mobility,hjorth_complexity,0.9913828477636436,1.0979393107432887,0.9934235854049895,0.8055876857371652,0.8775264097245671,1.132867132867133,0.23981331797657007,0.6769604983913696,1716,eeg_data_level_3.csv,14,AF8,260.0078125,270.00390625
2.783606897917556,2.783606897917556,4.429134770545738,0.5781987520059434,0.544544919701795,0.6901430656059395,0.6901430656059395,0.7112417194718221,0.28503927642055726,0.5017701716573264,0.578846864513112,0.578846864513112,0.6377521202251064,0.7200397727560838,0.5938279142356542,0.8216229485955954,0.8216229485955951,0.5660989325696523,1.3322725721776028,0.9095438243399828,1.708714901810678,1.7087149018106782,2.5316998075743897,2.142126515552572,1.418070760033037,0.8149673127859345,0.2716061641816544,0.24207466753672324,0.1620277417972701,0.21104865019353342,hjorth_mobility,hjorth_complexity,1.0986185200382983,1.1559221934268307,1.0455094402585228,0.9016816442744017,3.982441753895133,1.3021461297323367,2.60080651296915,2.2293625472572685,1716,eeg_data_level_3.csv,14,TP9,260.0078125,270.00390625
0.7062916204770643,0.7062916204770644,0.9680250144361431,0.2677978911204993,0.32689356863030794,0.49784491041851975,0.49784491041851975,0.5687041833229547,0.321539054015096,0.3524291055106577,0.34090211843573054,0.3409021184357306,0.3627944281943545,0.4249364348467684,0.36560922948016245,0.5065336272440013,0.5065336272440013,0.43094025262947305,0.8545362998520729,0.6435830550861371,0.7398782280507701,0.7398782280507702,0.1544867155180152,0.9866550743562805,0.9135128668711516,0.9741423184685719,0.6541783466546935,0.5165439243778109,0.365193253999476,0.3791370249993494,hjorth_mobility,hjorth_complexity,1.0898645876077144,1.0446924785541813,1.0216883149504001,1.5583236942788505,1.0951714823211616,0.9961417892452376,0.5255436557349248,1.002146185288297,1716,eeg_data_level_3.csv,14,TP10,260.0078125,270.00390625
0.007433277906038777,0.007433277906038779,0.005577320131091015,0.011265567201658866,0.009806115515973912,0.019010159487209955,0.019010159487209955,0.013252123110371937,0.03369619638030081,0.02257593709294186,0.05860185304870651,0.058601853048706506,0.040682515902726216,0.09910853582068462,0.0687261636692455,0.3562468257014262,0.35624682570142613,0.24790985526745452,0.5304030443317662,0.4156952056838868,0.7572014120761346,0.7572014120761346,0.13056372027209345,1.0651269854308838,0.9991046689780141,0.42690151177459484,0.539986706728351,1.4135890965130873,3.2869750328176224,4.753782635694089,hjorth_mobility,hjorth_complexity,1.8339488442073582,1.3431195881910654,1.0563203736791176,0.29789127146543287,0.041676716029135114,1.0677598263805161,0.03234629772910832,0.2486216638849397,1716,eeg_data_level_3.csv,15,AF7,270.0078125,280.00390625
0.03534859534106306,0.03534859534106306,0.035304032684962336,0.053055519095903135,0.03850905751814584,0.05875182742876554,0.05875182742876554,0.043287703197508465,0.13076383689640345,0.05690685576679122,0.11768157925767808,0.11768157925767808,0.09364510361429029,0.14546153300532302,0.1266968765423526,0.2559787563732655,0.25597875637326545,0.14891612304498505,0.34963298658488134,0.31889281530128316,0.3871217093857638,0.3871217093857639,0.05690163839673616,0.45772094776263766,0.4880016857501441,0.9090293390938797,0.9479027410477714,1.7779115221338235,1.8062049105110374,1.9655735124023552,hjorth_mobility,hjorth_complexity,1.2430584051429352,1.1984699394641014,0.943617144224473,0.3107037992703977,0.1458685061019729,0.9505666747046058,0.04661839891435079,0.2984732095604346,1716,eeg_data_level_3.csv,15,AF8,270.0078125,280.00390625
0.021992337120068504,0.021992337120068508,0.014791577322797445,0.030366726637685547,0.02908717820289419,0.11999248887337008,0.11999248887337008,0.07156441390536843,0.2013662159924689,0.14612107614904948,0.3394110185276283,0.3394110185276283,0.232758364160823,0.5237367307315862,0.40259755094830607,0.5429125252573016,0.5429125252573015,0.4029021999003271,1.242845681227165,0.6081742395042216,1.327146771854595,1.3271467718545953,2.326427954933185,1.234590762642662,1.036060771440141,0.521175765133496,1.2024757680612566,2.9994603095461096,2.4014678569455516,3.2467036090776764,hjorth_mobility,hjorth_complexity,1.7617289016550401,1.2784802237510036,1.0124053401457835,0.7271109529317555,0.5186435772514592,1.0026525198938994,0.07706639756388399,0.3837595604797452,1716,eeg_data_level_3.csv,15,TP9,270.0078125,280.00390625
0.015032482984828786,0.015032482984828786,0.008995902324242237,0.030079710545492234,0.020012196750527598,0.04455340261981328,0.04455340261981328,0.03481391212976097,0.09275839363258596,0.050633154693305496,0.16534772486387286,0.16534772486387286,0.13083928085741633,0.2674866120437114,0.19231800051006329,0.3063374432342189,0.30633744323421885,0.3384599921409868,0.5229377272382502,0.34615964294655566,0.3882136736839558,0.3882136736839559,0.07243559478758596,0.5611719727611273,0.5244770185928272,0.6829656309826424,1.0072219362336807,3.0800671649729683,2.7628238607278552,2.6412489804231436,hjorth_mobility,hjorth_complexity,1.3962522226781562,1.1678047303811359,1.0168589637838321,0.33632885488032743,0.0486228353673243,1.0156739811912225,0.03436321497208903,0.2562557229726196,1716,eeg_data_level_3.csv,15,TP10,270.0078125,280.00390625
0.011327809469352693,0.011327809469352693,0.010206590532932455,0.012149814503151,0.014119160370242188,0.01708695793764082,0.01708695793764082,0.010864476482833845,0.03885380966842175,0.021230551838776868,0.045592848931180194,0.04559284893118018,0.04212854550232126,0.05009879282523214,0.05200927270949854,0.3748920071698421,0.374892007169842,0.3099501514914851,0.6488820303707038,0.46470595962147304,0.7867023913151817,0.7867023913151817,0.14210394998952156,1.4973100995216482,1.0025154133302985,0.5275770051483241,0.45767630655720953,1.0355711884641143,3.1027151536186257,4.486510611591707,hjorth_mobility,hjorth_complexity,1.7092053070715358,1.3315944428061155,0.9934285951053698,0.2994928374410535,0.12271477497467562,1.0156739811912225,0.03530149037416039,0.2597306481512268,1716,eeg_data_level_3.csv,16,AF7,280.0078125,290.00390625
0.042983111699484114,0.042983111699484114,0.029994107999140665,0.06392965544592939,0.05931399749761157,0.07381185144527212,0.07381185144527214,0.05381399497138495,0.14730529009976595,0.09081560424110435,0.14795238648116918,0.14795238648116918,0.1627179268666658,0.09725868210038016,0.16381370992420824,0.2451517296250177,0.2451517296250176,0.13184445769043587,0.36481135809716386,0.2902744193168891,0.4840131525679693,0.4840131525679694,0.08294237598573814,0.8668592532209517,0.6616260543680922,0.9249045493131206,0.9727702973042011,1.7813825815620727,1.4755643928777347,1.9980882132618307,hjorth_mobility,hjorth_complexity,1.2802626179729175,1.1885827379218779,0.9656447967964635,0.45484473707625234,0.12503014808740534,0.9635881360019292,0.06072973746859583,0.3406648935459192,1716,eeg_data_level_3.csv,16,AF8,280.0078125,290.00390625
0.1403063369841492,0.14030633698414924,0.11417371435000552,0.21515206368002468,0.18044404662865324,0.4166242046627214,0.4166242046627214,0.2992269413536832,0.7205994175552136,0.497316938059493,0.6889016168691651,0.6889016168691651,0.5911420807759117,0.8545958563967448,0.7481650157125825,0.8199935018530758,0.8199935018530756,0.8398898293974085,1.19819506540503,0.8255300407719613,1.3773218798864502,1.3773218798864504,2.284027201749995,1.5442684445250647,1.0837390062471133,0.8955856257042573,1.4024767384441545,2.3116570794502147,1.421462205867016,1.479192635528193,hjorth_mobility,hjorth_complexity,1.2933935166187933,1.1504177856665498,1.0922950321097442,1.3084794020820358,0.4376055183059187,1.0156739811912225,0.2177201691333841,0.6450242022388475,1716,eeg_data_level_3.csv,16,TP9,280.0078125,290.00390625
0.0378531091971516,0.03785310919715161,0.02628149056500004,0.060939404411833466,0.05303690693934334,0.1344985333250206,0.1344985333250206,0.11019304338909365,0.2298511389059313,0.13826856802327023,0.26070242920154935,0.26070242920154935,0.2007017694087552,0.39638466145283985,0.3173162051891632,0.3467950709188315,0.3467950709188315,0.21296706662554388,0.3604673709360398,0.4408186888017572,0.4153003106594114,0.4153003106594116,0.06905591195373248,0.44432371316862534,0.5420042578228209,0.8236586576356132,1.4215743002786745,2.7118639845473176,1.845041310357097,1.6568211980108811,hjorth_mobility,hjorth_complexity,1.2408699220352892,1.1032770723999803,0.9520835378671075,0.7399234807367203,0.21996044570932421,0.9505666747046058,0.06793921693066768,0.36031882053564446,1716,eeg_data_level_3.csv,16,TP10,280.0078125,290.00390625
0.0063214275483307325,0.006321427548330733,0.004779141103717979,0.014184100166294483,0.0072338846031835,0.02601825624513191,0.02601825624513191,0.023232997120402665,0.0406754040169885,0.029460019936753727,0.041639260498914185,0.041639260498914185,0.041786561842780845,0.0630428991036491,0.04264941946526623,0.3352719444704479,0.33527194447044784,0.2435146268600908,0.5280871249628386,0.3815907753545874,0.5032541703162186,0.5032541703162187,0.06922495398698544,0.8437509189082526,0.694776263528557,0.4453209770299034,0.8055254741997188,1.256210289164507,3.6842700237183443,4.075376358178337,hjorth_mobility,hjorth_complexity,1.7639173847626861,1.2824162521223994,1.0317477933139565,0.26425838597740015,0.16670686411654045,1.0547383650831927,0.025537454274324165,0.22091005297246924,1716,eeg_data_level_3.csv,17,AF7,290.0078125,300.00390625
0.012683276866492657,0.01268327686649266,0.01187652825889061,0.019289145342865344,0.013865819858602992,0.038086832400126204,0.038086832400126204,0.04839836309499097,0.043161152921934426,0.03444452484467777,0.047009710393963594,0.04700971039396361,0.034540889684449905,0.042851656082117134,0.0542058136217943,0.19291156287392872,0.19291156287392866,0.1234364964106971,0.36044694887759876,0.24387956696193647,0.2946503522898068,0.2946503522898068,0.059917148906420276,0.533269212368357,0.3763729409870703,0.7333624667454588,1.0687182740676096,1.4385485151801125,2.4790779489275,2.710958866328481,hjorth_mobility,hjorth_complexity,1.520995759813979,1.2313415439632656,0.9512368985028441,0.28507874366046804,0.10419179007283778,0.9635881360019292,0.02566230625932947,0.2214494064589383,1716,eeg_data_level_3.csv,17,AF8,290.0078125,300.00390625
0.05921008240922911,0.05921008240922911,0.05145126762856576,0.046845339340243146,0.07408575917125866,0.21783683040710505,0.21783683040710505,0.14506436704577325,0.40719303198444134,0.2439268341652756,0.35280608771464067,0.35280608771464067,0.2315245454131807,0.34117179067181064,0.45369864833131596,0.4710975508632796,0.47109755086327953,0.29993557798737674,1.0304073920369188,0.5778610261466238,1.0897731941747155,1.0897731941747157,2.2827866798171215,0.9094722482296524,0.7124088138083269,0.764297449585263,1.409486500180161,2.305392963799616,1.5747086630631781,1.9537547292779014,hjorth_mobility,hjorth_complexity,1.5450690739980848,1.2140438626232746,1.0229457497458447,0.8712518907376101,0.29405238531667555,1.0156739811912225,0.11603619186142303,0.4708942772416977,1716,eeg_data_level_3.csv,17,TP9,290.0078125,300.00390625
0.03863098216288799,0.038630982162887996,0.02566756048027793,0.087931597293206,0.04494706105582441,0.10323228341768037,0.10323228341768037,0.09800218368844937,0.16921037677344605,0.10919127326098937,0.16932771295738047,0.16932771295738047,0.11484602973628462,0.29914506463532603,0.20994927388077644,0.28896273521684274,0.2889627352168426,0.25703183417466535,0.6000106463782016,0.3307920809208386,0.31287852612169165,0.3128785261216917,0.046354482563586694,0.473166115666745,0.42474902586088237,0.9161891628977707,1.28864159633078,2.1499874507468637,1.7765208118465392,1.4622499690431012,hjorth_mobility,hjorth_complexity,1.363424976063466,1.0902712451817873,0.9386575408480183,0.7239078209805143,0.2106989532584053,0.9245237521099591,0.0610007749560587,0.34142424282980505,1716,eeg_data_level_3.csv,17,TP10,290.0078125,300.00390625
0.1901846458348942,0.19018464583489422,0.30235805145600736,0.06924500810549719,0.07739832394465165,0.18806052017379177,0.18806052017379177,0.19651653473183214,0.08627210972884759,0.2394680806748684,0.2579048436120775,0.2579048436120775,0.21611100387919446,0.24452690473315028,0.29426765051940135,0.4670094452423732,0.4670094452423731,0.4623592320139632,0.7192691517906571,0.5228270494511749,0.280892604882177,0.280892604882177,0.05303334728152119,0.2666882234094816,0.38291584005215545,0.8361217214832094,0.7869281305877243,1.1045571910709044,0.9382793913497999,0.4581830040449055,hjorth_mobility,hjorth_complexity,0.8053617836137325,0.9565346619061833,1.1953295398304926,0.7351187828098585,1.1623173025903237,1.1979744393537497,0.2029419537856272,0.6227483669667084,1716,eeg_data_level_4.csv,0,AF7,120.0078125,130.00390625
0.08527853101710044,0.08527853101710045,0.10170056573695295,0.07899303202740883,0.05040551283646139,0.07242186921987288,0.07242186921987287,0.046525850849046604,0.19011217005033432,0.08309378515829274,0.16726665936887178,0.1672666593688718,0.15558132287201334,0.24686910940155285,0.16811950268178133,0.2091175565542526,0.20911755655425257,0.184017285622201,0.19585459755849946,0.26295095591120965,0.15904320121828533,0.15904320121828536,0.023202212376300334,0.23859158996898383,0.21978269607925552,1.0121431455745669,0.747880290517909,1.5349281030944297,0.9686259732767997,0.5803100960623999,hjorth_mobility,hjorth_complexity,0.38736151005334424,0.8782806564580935,1.92998206179368,1.7264881217190142,0.5047513385750808,1.6537255847600676,0.40834819185587884,0.88336868006012,1716,eeg_data_level_4.csv,0,AF8,120.0078125,130.00390625
0.2255674919654651,0.22556749196546513,0.16734369852179784,0.26844272671844094,0.2389831919696158,0.8697496711131636,0.8697496711131636,0.7078182220206112,1.7109949755463012,0.8525455526134594,1.1356654125945993,1.1356654125945993,1.0445362599017467,0.8219741754349669,1.3970742943361585,1.6394092070810777,1.6394092070810773,1.1011703295484898,2.8097216285827407,1.812556907599287,1.677220167055505,1.6772201670555051,1.8204207042613145,1.9229307775673474,1.5742420829408017,0.8625912569994602,1.6198181786946872,2.2210520857109897,1.6423206871526186,1.2019776643087772,hjorth_mobility,hjorth_complexity,1.0854876213924223,1.068695214114419,1.2467891821364936,1.274846516594003,1.2317784959722156,1.2240173619483965,0.4121876881250187,0.8875119032740149,1716,eeg_data_level_4.csv,0,TP9,120.0078125,130.00390625
0.06570892231456645,0.06570892231456646,0.06237736888027489,0.08610605788188497,0.06549862044580246,0.15747741050509925,0.15747741050509922,0.12215534005686819,0.30227814469545106,0.18779522839306284,0.33704882817776816,0.33704882817776816,0.25268420947429193,0.45723228246192965,0.4084518992520559,0.4145309393523982,0.41453093935239815,0.40192342140907433,0.6396609702537775,0.4861276388138116,0.5135385313021754,0.5135385313021755,0.07474263397098115,0.9449633376449693,0.7380794960691239,0.8627748884007104,1.202689005836324,2.427222711930431,1.5393919262825322,1.428900365629586,hjorth_mobility,hjorth_complexity,1.043906442347148,1.0632806742220817,1.0565508198966094,0.9433223596405375,0.3565674593603782,1.0417169037858693,0.1841147950229073,0.5931588618261502,1716,eeg_data_level_4.csv,0,TP10,120.0078125,130.00390625
0.04433600567641764,0.04433600567641765,0.036974243400224586,0.06067576517066421,0.049568410018902366,0.08118777669164193,0.08118777669164193,0.06877636470930194,0.12649631419767934,0.08716122567039461,0.08356408142077261,0.08356408142077261,0.06533400292431055,0.1400201377287195,0.08918656392343614,0.276665126203558,0.27666512620355793,0.18176725740313068,0.42503770305921296,0.34510390716809164,0.2845424033959748,0.28454240339597486,0.0673007924948589,0.18871388001096098,0.3866644333244705,0.9825753329100949,1.0853111677951641,1.2209429872969444,1.7370753325729884,1.350685754184606,hjorth_mobility,hjorth_complexity,0.2976337026398577,0.9713414258672907,0.49365086577015754,0.29468813951419165,0.24774492306208096,0.33855799373040757,0.0887807895426121,0.41189467771213023,1716,eeg_data_level_4.csv,1,AF7,130.0078125,140.00390625
0.05320182727409145,0.05320182727409146,0.06252174467561743,0.04683009199821588,0.051512326244953145,0.08687587658644752,0.08687587658644753,0.07033732756348753,0.12382585751472654,0.0986623002179247,0.13334733825225223,0.13334733825225223,0.08611119841322447,0.1741943358152619,0.18391595520005166,0.14964713078748898,0.14964713078748895,0.1639317375778711,0.20883307957215144,0.1799778025696377,0.12267898295259473,0.12267898295259476,0.02192149111060128,0.085220361498369,0.16216980096468805,0.9888527020159646,1.1132489273704709,1.7265609196636074,0.9931611052717558,0.6362799830450575,hjorth_mobility,hjorth_complexity,0.35015729722336203,0.8499879592351964,0.8013216146236494,0.5060948482961117,0.13429164053832426,0.9115022908126357,0.11201112637662913,0.462655001065365,1716,eeg_data_level_4.csv,1,AF8,130.0078125,140.00390625
0.8381925284896172,0.8381925284896173,0.6457303662649836,1.4687712397624189,0.9867641238420511,1.9054176838079073,1.905417683807907,1.3607010403706024,2.2839402501922237,2.193198558925732,2.395035813978276,2.395035813978276,2.9058499404985194,1.9790950150749655,2.4408127129708053,1.5794564460587786,1.579456446058778,1.6767569886435039,1.413500316127249,1.6937012248667194,1.6335514847501866,1.6335514847501873,0.8713847768781559,1.414387925450155,1.8396776689804273,1.0483780002796121,1.367969835527011,1.8177750182684944,0.6763070997686851,0.5212634244207914,hjorth_mobility,hjorth_complexity,0.4770893174668307,0.8723221382291838,0.8392650853037169,1.2203932734229024,2.0166899811875934,0.1497468049192187,0.9658417399157875,1.3585626284456798,1716,eeg_data_level_4.csv,1,TP9,130.0078125,140.00390625
0.6063646092516747,0.6063646092516747,0.5149029618110536,1.0687253068385847,0.7172755457274085,1.5242727761121666,1.5242727761121666,1.1904821661166596,1.5122508590402055,1.59181612315569,1.430939044030273,1.430939044030273,2.625267708251582,0.693048625786751,1.1544968812085885,0.6416660826845288,0.6416660826845287,0.7375185308178761,0.5726208254508471,0.743263982079857,0.7564538250755136,0.7564538250755136,0.11010641439157397,0.8895226305886992,1.0498683834246227,1.0495305671024697,1.454585514467661,1.478885074183126,0.416422444639752,0.3649316261798679,hjorth_mobility,hjorth_complexity,0.3829845438380522,0.7955158782859523,0.8940211104599274,1.1114867870807013,0.7247117842844051,0.26042922594646734,0.7084451753531505,1.163535939230946,1716,eeg_data_level_4.csv,1,TP10,130.0078125,140.00390625
0.0,0.0,0.0,0.0,0.0,0.0,0.0,0.0,0.0,0.0,0.0,0.0,0.0,0.0,0.0,0.0,0.0,0.0,0.0,0.0,0.0,0.0,0.0,0.0,0.0,-0.0,-0.0,-0.0,-0.0,-0.0,hjorth_mobility,hjorth_complexity,0.002188483107645975,,-0.0,-0.0,0.0,-0.0,0.0,0.0,1716,eeg_data_level_4.csv,2,AF7,140.0078125,150.00390625
0.0,0.0,0.0,0.0,0.0,0.0,0.0,0.0,0.0,0.0,0.0,0.0,0.0,0.0,0.0,0.0,0.0,0.0,0.0,0.0,0.0,0.0,0.0,0.0,0.0,-0.0,-0.0,-0.0,-0.0,-0.0,hjorth_mobility,hjorth_complexity,0.002188483107645975,,-0.0,-0.0,0.0,-0.0,0.0,0.0,1716,eeg_data_level_4.csv,2,AF8,140.0078125,150.00390625
0.0,0.0,0.0,0.0,0.0,0.0,0.0,0.0,0.0,0.0,0.0,0.0,0.0,0.0,0.0,0.0,0.0,0.0,0.0,0.0,0.0,0.0,0.0,0.0,0.0,-0.0,-0.0,-0.0,-0.0,-0.0,hjorth_mobility,hjorth_complexity,0.002188483107645975,,-0.0,-0.0,0.0,-0.0,0.0,0.0,1716,eeg_data_level_4.csv,2,TP9,140.0078125,150.00390625
0.0,0.0,0.0,0.0,0.0,0.0,0.0,0.0,0.0,0.0,0.0,0.0,0.0,0.0,0.0,0.0,0.0,0.0,0.0,0.0,0.0,0.0,0.0,0.0,0.0,-0.0,-0.0,-0.0,-0.0,-0.0,hjorth_mobility,hjorth_complexity,0.002188483107645975,,-0.0,-0.0,0.0,-0.0,0.0,0.0,1716,eeg_data_level_4.csv,2,TP10,140.0078125,150.00390625
0.17451327733729957,0.17451327733729957,0.3074000588272772,0.0565915290972158,0.07763951292690872,0.09431750526517674,0.09431750526517674,0.06643529747186584,0.1449160878607108,0.11527364352341908,0.1184600110828675,0.11846001108286748,0.080947134159005,0.19525528891480856,0.14909345965795556,0.3067938010182135,0.30679380101821346,0.2104697235283708,0.6518229532182742,0.37505068114213075,0.4287456381731564,0.4287456381731564,0.06985134104660624,0.3673066778872314,0.5385337687519547,0.8546927474659098,0.5348175866479162,0.6652654445091416,0.7602963621146299,0.7583443195064088,hjorth_mobility,hjorth_complexity,0.4792778005744767,1.0813814785068836,0.6269389540872788,0.4852744906130439,0.7386040229607834,0.9115022908126357,0.28091149827220596,0.7326751077121383,1716,eeg_data_level_4.csv,3,AF7,150.0078125,160.00390625
0.049617189851675327,0.04961718985167533,0.053486354946990486,0.03811259373684057,0.04194950202474382,0.06538550182839477,0.06538550182839477,0.06041705214267262,0.06511132697392877,0.07205229131274106,0.08436428924364679,0.08436428924364679,0.07020852694014101,0.10814446347220963,0.10695501843402322,0.17611024268037742,0.17611024268037737,0.15540884472946068,0.1859491165136763,0.20275697095412723,0.26179596741122985,0.2617959674112299,0.039379884751264624,0.28014995676070353,0.33520159841018654,0.9804569153508077,0.9195032725525583,1.2289443092469534,1.188158647159404,1.2696373419463964,hjorth_mobility,hjorth_complexity,0.868827793735467,1.073364073619717,0.9141901641908425,0.4164071536613578,0.23848343061116203,0.9896310585965759,0.06723336929674893,0.35844218553097673,1716,eeg_data_level_4.csv,3,AF8,150.0078125,160.00390625
0.6334880776505584,0.6334880776505585,0.6550819766550005,0.8365672305491895,0.6731460306989648,2.6409831366656062,2.6409831366656062,1.977383867065128,4.542160740070709,2.682564679798011,2.9795129216805063,2.9795129216805063,2.7901492751758936,3.1605416365342713,2.455884013937462,5.139082860018679,5.139082860018678,5.619539796030885,3.9811168011324574,4.745653645959415,2.129733607063371,2.1297336070633714,1.7540169990075962,1.5110566783700006,2.2480422331368795,0.8681722444940385,1.7423429892924656,2.1658858480350203,1.8121594351394208,0.6454484099734399,hjorth_mobility,hjorth_complexity,0.7703460538913964,0.9132793552295504,1.0266579377276153,1.7441053474508408,2.72982489990835,0.9635881360019292,0.829392665205402,1.2589450481598332,1716,eeg_data_level_4.csv,3,TP9,150.0078125,160.00390625
0.34027976538736665,0.3402797653873667,0.21352197149541435,0.8378685086433404,0.4061728043633659,0.6134798791044517,0.6134798791044516,0.7374411552223771,0.7996170013118404,0.5139864858869106,1.1717143171763922,1.1717143171763922,0.7591179237894521,1.8684893561893945,1.5264227346577772,0.9852770793863738,0.9852770793863735,0.8879839530469265,1.3072914070613153,0.9039463168155831,0.7569260959530939,0.756926095953094,0.15287880391770542,1.2002165667589597,0.9546103964484398,1.0732153032022944,1.1279843334977937,2.181193956940243,0.9813886381343623,0.5980124776867495,hjorth_mobility,hjorth_complexity,0.4770893174668307,0.9547170203420199,0.7817587346387452,1.0442210161046357,0.8775264097245671,0.7161803713527852,0.35915986350700235,0.8284581557446461,1716,eeg_data_level_4.csv,3,TP10,150.0078125,160.00390625
0.021064866264920927,0.021064866264920927,0.017121756645563445,0.03823420490017128,0.022786141700547092,0.06066713704744002,0.06066713704744002,0.050652367550251674,0.07784354822318083,0.07293564424085731,0.06453150374342428,0.06453150374342428,0.058686982847863306,0.08026789116669056,0.06919909757753484,0.25105844069564454,0.2510584406956445,0.16927453323003006,0.3650169044851661,0.32036023007741393,0.2800567954035929,0.2800567954035929,0.04544610334597004,0.25048225759547443,0.3627171480217459,0.8382715524789132,1.2537678175591838,1.457301160889544,2.391698886403836,2.015736471477432,hjorth_mobility,hjorth_complexity,1.1095609355765284,1.1199032222915448,0.8761615286043106,0.3091022332947771,0.23385268438570259,0.8984808295153123,0.03828133407029602,0.2704706911825959,1716,eeg_data_level_4.csv,4,AF7,160.0078125,170.00390625
0.02197446929715033,0.021974469297150332,0.016507674243146423,0.04015739744540921,0.023217650806025482,0.047222833770376144,0.047222833770376144,0.03870253201094137,0.07920041401486487,0.05544910266843954,0.07361056620028539,0.07361056620028539,0.06532838569777394,0.07495199271644994,0.07679072627847179,0.1366715580528309,0.13667155805283088,0.08982272901251377,0.23767974722491023,0.1731622770324702,0.1436291448464729,0.1436291448464729,0.026950406782895574,0.23465976622368107,0.18540568561976253,0.9431632365820888,1.1633040394590264,1.8090720560702773,1.6260620928095681,1.290259042228646,hjorth_mobility,hjorth_complexity,1.1883463274517847,1.0723096197579218,0.9807791016452203,0.4228134175638402,0.04630746225459457,0.9831203279479143,0.02723899297789459,0.22815090858931786,1716,eeg_data_level_4.csv,4,AF8,160.0078125,170.00390625
0.6025865680926581,0.6025865680926582,0.4841225143339829,0.9016521080353496,0.6554251958741367,2.1596071983632754,2.1596071983632754,1.7429431978833907,3.3388791918980694,2.611678045381229,2.4991571083878354,2.4991571083878354,2.1746292473345856,3.4302288639015073,3.0463522985026232,2.7597169839639597,2.7597169839639593,2.176801321023373,3.1748843708318457,2.8425230073615566,1.4401896846473794,1.4401896846473796,2.0323937273840684,0.9060144046752127,1.2382542320966299,0.9397462086989379,1.6863132292585832,2.177840317461253,1.2520589710654504,0.501308992056359,hjorth_mobility,hjorth_complexity,0.9235398714266173,0.8557443417244395,1.316383939819026,1.8642227956223865,1.7527374463364045,1.1849529780564263,0.7274028767198245,1.1790010338353594,1716,eeg_data_level_4.csv,4,TP9,160.0078125,170.00390625
0.19402585645067671,0.19402585645067671,0.13921199712756477,0.4113800834847896,0.24352512656575842,0.5022365571494042,0.5022365571494042,0.3863082358916087,0.7526495047308689,0.5969593623353728,0.5153277597477675,0.5153277597477675,0.5440154963248283,0.408037074366014,0.5373988331119472,0.4053901269783229,0.40539012697832283,0.41095574573929883,0.7674137534412128,0.43763610666939334,0.3297888349597236,0.3297888349597236,0.06510272784027613,0.5367027182023208,0.45393895715220134,1.0336059211228699,1.481781947552295,1.6583034156092047,0.7264352010462587,0.46025913059452545,hjorth_mobility,hjorth_complexity,0.6302831350020516,0.9369578989225509,0.908509163959631,1.185158821959249,0.33804447445854036,0.7943091391367254,0.2860927329866848,0.7394010994712182,1716,eeg_data_level_4.csv,4,TP10,160.0078125,170.00390625
0.02400507383560638,0.02400507383560638,0.015158982530273146,0.04814375586691982,0.028977102058819818,0.06347313406517656,0.06347313406517656,0.03599244982749039,0.07849421351245249,0.08569636334052817,0.06760979916400356,0.06760979916400356,0.051254007538000176,0.06398598605927354,0.08395171783328785,0.1763464442415971,0.17634644424159707,0.0934806585733493,0.42154631785264857,0.22596525717557076,0.32645463914193557,0.3264546391419356,0.05480215822652731,0.6021996030111383,0.42337929599339813,0.8749833173793214,1.2285989230074428,1.404255126850243,1.6573326720595694,2.1197602157116036,hjorth_mobility,hjorth_complexity,1.4859800300916424,1.2025060426569294,0.8888210414652205,0.34113355280718927,0.25700641551299985,0.8984808295153123,0.03670580199878707,0.2648463777606964,1716,eeg_data_level_4.csv,5,AF7,170.0078125,180.00390625
0.009530496744674023,0.009530496744674023,0.008077168793105228,0.01612004045177374,0.01039163737245135,0.025880500208592762,0.025880500208592762,0.01605262516914471,0.043129236161607055,0.03286794496885763,0.061821073778195505,0.0618210737781955,0.0530150101361482,0.04714706266818107,0.061560968008035025,0.12107781865499255,0.12107781865499254,0.06748752270474632,0.29746277781597896,0.16680568995745493,0.14525268559682983,0.14525268559682983,0.022082935135715773,0.25369757105921165,0.1988561108278704,0.7880191820815027,1.1419861613240079,2.4580975858197363,2.363967415992394,2.112238358450067,hjorth_mobility,hjorth_complexity,1.2474353713582274,1.1265342072370945,0.9319996490426566,0.3091022332947771,0.011576865563648642,0.9375452134072825,0.018525386285930923,0.18815263943456545,1716,eeg_data_level_4.csv,5,AF8,170.0078125,180.00390625
0.2853805296801034,0.28538052968010347,0.19044296332198984,0.2689955880401879,0.3719255402638001,1.4363548414600054,1.4363548414600056,1.1312034096035142,2.605642273492341,1.6246520832086593,2.2136772497578203,2.2136772497578203,1.586186389854814,2.355822131550911,3.0699109796149804,1.8120750174755458,1.812075017475545,2.8349057010886596,2.111372398525181,1.5790061293165163,1.1863584926241606,1.1863584926241606,1.8488236014515425,1.079041375121409,0.934700869713992,0.8401743615406817,1.8768504926309728,3.042098192410855,1.3723384940491716,0.6698335659656988,hjorth_mobility,hjorth_complexity,1.2605662700041032,0.9575648783566644,1.0059478363556322,1.181955690008008,1.7851526699146207,0.9375452134072825,0.46108143159657056,0.9386755271895372,1716,eeg_data_level_4.csv,5,TP9,170.0078125,180.00390625
0.17817524056445844,0.17817524056445844,0.11611011696654362,0.438797567648733,0.192710993129694,0.654256799872973,0.6542567998729729,0.5639246297053285,0.9604593147691716,0.6495070974748781,0.6680839479437529,0.6680839479437529,0.6025673074709131,0.4054158016899652,0.6893321914458528,0.28077272185348795,0.28077272185348784,0.4125539209130554,0.3529564164763156,0.2815723578042278,0.2788509451810112,0.2788509451810112,0.046456181589301815,0.5062622724997664,0.3679107269227224,0.9855030123587215,1.7347138903319153,2.017612858371225,0.516027987510343,0.39191926033716723,hjorth_mobility,hjorth_complexity,0.879770209273697,0.903168476196668,0.8428770792778822,0.9865646409822938,0.31489074333124306,0.8333735230286955,0.21948769341994384,0.6476371695484061,1716,eeg_data_level_4.csv,5,TP10,170.0078125,180.00390625
0.0654128789154566,0.06541287891545661,0.061714470803150026,0.09779452420094749,0.06747740486404409,0.1092878483294958,0.10928784832949581,0.11254781023540107,0.13976335583785385,0.11082801502550445,0.1652637355479662,0.1652637355479662,0.1039231505540277,0.17722320705564468,0.21040965137587817,0.23146255123283732,0.2314625512328373,0.12495383775444732,0.37524830849532687,0.31089256317131814,0.49741292880091587,0.49741292880091587,0.1073722101177981,0.8289884316490969,0.6022375040615833,0.9564553067133971,0.988826499520911,1.5376881936709101,1.0721275981553005,1.5412456549904834,hjorth_mobility,hjorth_complexity,1.061414307208316,1.1689084144265938,0.8217110951712959,0.4003914939051517,0.5834740244078916,0.9115022908126357,0.09642935635385613,0.4292707654013868,1716,eeg_data_level_4.csv,6,AF7,180.0078125,190.00390625
0.024605729928369385,0.024605729928369388,0.021483980243272728,0.04183325747433094,0.0187245535939282,0.06100766031590044,0.06100766031590044,0.043975279305276935,0.15030281921978672,0.06543990918898532,0.0844244438345196,0.08442444383451961,0.05707779002024511,0.08234691317333277,0.09597723827040644,0.14176212973255967,0.1417621297325596,0.13171007617000496,0.17381773978617096,0.16819464660214176,0.2207006699004636,0.22070066990046364,0.0334930474097272,0.3058403280383201,0.3017620388760522,0.8956430620282524,1.2664405856713405,1.7954143921625907,1.4543238483266507,1.6308773220855834,hjorth_mobility,hjorth_complexity,1.157707563944741,1.1195459182201453,0.9046066073634107,0.40199305988077233,0.12271477497467562,0.9115022908126357,0.03350597451641506,0.25303919991272783,1716,eeg_data_level_4.csv,6,AF8,180.0078125,190.00390625
0.23225939037940088,0.2322593903794009,0.1907237399429191,0.12443601216355835,0.3111775146941176,1.5189841595861018,1.5189841595861018,1.108223532368995,2.1512007990890347,1.6634160574161478,1.562164234250239,1.5621642342502389,1.0755628093509861,1.7611685514521187,1.9670123305706995,1.5022117094318332,1.502211709431833,1.3946894852609162,1.0910226508292447,1.6762229648514544,1.2217703742450976,1.2217703742450978,2.3739793328231817,0.7840464834707962,0.869421166472313,0.778635947659919,2.11516476388219,2.5519298189696262,1.313373605859156,0.7257614453325028,hjorth_mobility,hjorth_complexity,1.3109013814799615,0.9874059042186117,1.0555839477232198,2.1541062372097164,1.6647532680526749,0.9896310585965759,0.5234806815792222,1.0001773340811926,1716,eeg_data_level_4.csv,6,TP9,180.0078125,190.00390625
0.19016856479993477,0.19016856479993477,0.12352762759948846,0.5073687390343392,0.21899963246793985,0.5983409280432783,0.5983409280432782,0.4435265575028024,0.8075740618116652,0.68758222654452,0.5271919879887735,0.5271919879887735,0.4469998308071564,0.5770911467729506,0.5929132775845264,0.26703932458847557,0.26703932458847557,0.263880168828608,0.2561218043342602,0.2639056330115383,0.2767558562165782,0.2767558562165783,0.06850611271979254,0.34236402881206934,0.3509313275328706,1.02128867542011,1.6307452882802083,1.694493403075229,0.490588138915895,0.38353438770609855,hjorth_mobility,hjorth_complexity,0.8272466146901928,0.8355086502741759,0.9029684353390666,0.9305098318355726,0.5904201437460808,0.8984808295153123,0.2871623956758852,0.7407820710575997,1716,eeg_data_level_4.csv,6,TP10,180.0078125,190.00390625
0.10899339069708919,0.10899339069708919,0.15178120361300007,0.06368141364545471,0.054781773359556786,0.11654733418283118,0.11654733418283118,0.07842495022407181,0.20024259660863142,0.14454867967954685,0.1567733177598896,0.1567733177598896,0.09850758609146816,0.18166312475733498,0.19721753869963657,0.4092810945579652,0.4092810945579651,0.2340238219892044,0.6244681522369213,0.5174095071716989,0.603741346146993,0.603741346146993,0.09738413062305527,0.8673776097664049,0.8074949649172588,0.8641365371268402,0.7754611141594187,1.0406975720315457,1.2068550138625356,1.2728757464496847,hjorth_mobility,hjorth_complexity,0.8578853781972369,1.1398431599246899,0.95856108045878,0.47886822671056145,0.826588201244513,1.1198456715698095,0.1866695542222502,0.5972599917948208,1716,eeg_data_level_4.csv,7,AF7,190.0078125,200.00390625
1.0204888102139804,1.0204888102139802,1.1459675952517596,1.2692262438698718,0.7295449448294699,1.233972403633727,1.233972403633727,1.172511718357001,0.8532149723823098,1.4552441545478272,1.2331919291337323,1.2331919291337323,0.8463110346279787,1.692159032547377,1.37057144762514,1.1291357311611712,1.1291357311611707,0.8571244989500338,1.2834113741581843,1.1360695623499641,0.43334484432891457,0.4333448443289148,0.08870917183980156,0.4807744511512538,0.5771992076802367,1.077236526325544,0.950088736784031,1.0568258549771052,0.4914951891974196,0.16038578497262607,hjorth_mobility,hjorth_complexity,0.7440842565996443,0.8708184327281846,0.872935281559425,2.288637779161847,1.87545222131108,0.9766095972992526,0.8226788211600604,1.2538391822100419,1716,eeg_data_level_4.csv,7,AF8,190.0078125,200.00390625
0.39448104340771184,0.3944810434077119,0.34808848443726087,0.6726692685861904,0.37917075464187805,0.9731697996293034,0.9731697996293034,0.8092086023972069,0.8166430095291403,1.2285506604401724,1.5216253602322134,1.5216253602322132,1.2036225548617663,1.2796169545231977,1.5217582181091007,1.7489928142107927,1.7489928142107918,1.6143598004077078,1.4533156155427494,2.024311174442128,1.568511603529996,1.568511603529996,2.59286368684263,1.3203588816269753,1.2269686863627922,0.9732718903438615,1.3317184625727128,2.1656710681814033,1.2954362422013646,0.8019023985771297,hjorth_mobility,hjorth_complexity,1.0504718916700861,1.0577823353397746,1.0221993043891864,1.5310970726933002,2.183396845304134,1.1784422474077647,0.5375661574029588,1.013544073849386,1716,eeg_data_level_4.csv,7,TP9,190.0078125,200.00390625
0.29284666186810976,0.29284666186810976,0.3879540537721957,0.3122889891979638,0.20698872239908295,0.5192384587613791,0.5192384587613791,0.37807478098482544,0.8280966806190747,0.5423438455316135,0.6195730550497973,0.6195730550497973,0.5047424719461727,0.4543291921175098,0.7655832943987411,0.5302119215548855,0.5302119215548854,0.39045518523301576,0.5457545660668605,0.6357235316121442,0.45007240935073695,0.45007240935073695,0.0834058720779829,0.6102445678285583,0.5730454442621477,0.9423557545882244,1.1698775694394636,1.4782943812969778,0.6757686368281514,0.4420758942815646,hjorth_mobility,hjorth_complexity,0.551497743126795,0.8824897226504331,1.0810282159545457,0.9401192276892962,0.9423568568809995,1.2761032071376899,0.4504415675285299,0.9277819292587436,1716,eeg_data_level_4.csv,7,TP10,190.0078125,200.00390625
1.0188344375373828,1.0188344375373826,0.7554196038560572,1.3318791401269405,1.2038706692609167,1.2431471607677167,1.2431471607677167,1.1654436539812025,1.238662994315781,1.274000785095213,0.76792357173203,0.76792357173203,0.890071724825712,0.4429032666703487,0.726360182181165,0.3528503624965176,0.3528503624965175,0.3103635418986817,0.4291808333126553,0.4099886807851432,0.804801416954775,0.8048014169547749,0.16004069939308285,0.9689474624430695,0.9180089588729775,1.1467712513865254,0.9774279981253584,0.7070409089746881,0.18293328400060424,0.28136931321629977,hjorth_mobility,hjorth_complexity,1.556011489536315,1.1966550744347144,1.3423141489872368,2.8091467212385446,0.28942163909121604,1.1719315167591031,0.7480695926469453,1.195632412321977,1716,eeg_data_level_4.csv,8,AF7,200.0078125,210.00390625
1.3862319940864742,1.3862319940864742,1.3237577560985252,1.519104923904112,1.2042471269808277,1.2605398836072246,1.2605398836072248,1.128019486211753,1.6953641562330994,1.5097050332246078,2.8099062377356887,2.8099062377356887,1.7844486821267742,3.7348285902233296,3.6737630110904145,2.458628654783982,2.4586286547839813,2.456203439239792,2.7066221501530787,1.8258164716159988,0.6579319717351657,0.6579319717351657,0.16658896345008264,0.798608510049129,0.6886564398222693,1.099604294489927,0.7844617782276312,1.6191155097225356,0.7285798027325021,0.17513029195409455,hjorth_mobility,hjorth_complexity,0.8819586923813432,0.8212275600769828,0.34768823549098576,2.150903105258475,2.5770102744681878,0.6380516035688449,1.2691366019565562,1.5573307661319953,1716,eeg_data_level_4.csv,8,AF8,200.0078125,210.00390625
0.5377855448524771,0.5377855448524771,0.43829319268969946,0.6859759624797056,0.7251258359433128,1.765962479123546,1.765962479123546,1.8929924722568718,2.6584218686220873,1.322792074685806,2.030746740797063,2.030746740797063,1.899926054152826,2.6778488945125445,2.0075101572656187,2.154608426467761,2.1546084264677607,2.3339312704928314,1.405940763669397,2.0340590793188698,1.5562267866432196,1.5562267866432198,2.618515818136269,1.5397995015238928,1.049629169621727,0.9557115533234251,1.5716138829027784,2.072981248148894,1.1285643028050043,0.5854788677442422,hjorth_mobility,hjorth_complexity,1.1795923950212006,0.9393393842093604,1.0920946440945338,1.1883619539104904,1.4633158072451884,1.0807812876778395,0.6338617163018142,1.1005858880805832,1716,eeg_data_level_4.csv,8,TP9,200.0078125,210.00390625
0.39787575172884343,0.3978757517288436,0.25432567555232,0.5090714124874633,0.5321601108356745,1.0361407786698198,1.0361407786698198,1.115525708430532,0.714901153966835,0.8902054653542761,0.9803188340436868,0.9803188340436868,0.9067782137447845,1.23325344793575,0.9383308241697987,0.5666014261995956,0.5666014261995955,0.7184406415445097,0.36899333936387413,0.32746775019137786,0.4032681271585792,0.4032681271585791,0.10123610334876061,0.4817497350651571,0.5067259190742,1.046653120703345,1.420974421371343,1.6184278243251193,0.5091822761683316,0.29548794011260193,hjorth_mobility,hjorth_complexity,0.9213513883189712,0.8662669172016189,1.0639000503544467,1.0522288459827387,0.6274661135497565,0.9896310585965759,0.4455957377162293,0.9227779168205479,1716,eeg_data_level_4.csv,8,TP10,200.0078125,210.00390625
0.0072303734618407505,0.007230373461840751,0.004989704653730826,0.012425733588207625,0.008533094533978759,0.01657644080471828,0.01657644080471828,0.011697353831950048,0.022561954976128666,0.0188438480440455,0.05748194305690561,0.057481943056905606,0.04057543028130128,0.07354597199700456,0.06889721219052396,0.2415721659275885,0.24157216592758846,0.17406717692516713,0.5223362970173158,0.2741044475976132,0.565474659208056,0.565474659208056,0.12858700293431435,0.8035110315382766,0.6411699339457442,0.49905480841432387,0.5758717123444113,1.6745032595939553,2.9048664961907797,4.491215842143448,hjorth_mobility,hjorth_complexity,1.6851319928874295,1.3249995782394586,1.0454393044531989,0.3475398167096717,0.0324152235782162,1.0547383650831927,0.02727596845661069,0.22830570741322617,1716,eeg_data_level_4.csv,9,AF7,210.0078125,220.00390625
0.04934025499273454,0.04934025499273455,0.06960943998621208,0.030891553924779557,0.034492287756594506,0.05962123020172335,0.05962123020172335,0.04716840836834251,0.08209205972837275,0.06515833289659118,0.08699401270607199,0.08699401270607199,0.08629387908002999,0.09947002306235007,0.09401308193656618,0.17382013252663805,0.17382013252663794,0.10521425166373925,0.27407167451603087,0.21448804450311001,0.330425593161554,0.330425593161554,0.06894898314972138,0.41724052451258054,0.4214536995720534,0.8691245845646307,0.8338569161428667,1.210140497598205,1.1408376883672409,1.4874403239132645,hjorth_mobility,hjorth_complexity,1.409383121324032,1.175895697280345,0.8604310694103032,0.7062905952486876,0.16439149100381073,0.8073306004340488,0.09485507856600657,0.4257522706317416,1716,eeg_data_level_4.csv,9,AF8,210.0078125,220.00390625
0.2147303592605683,0.2147303592605683,0.14265897158207713,0.41885283228368325,0.2448538379020235,0.9678681215758154,0.9678681215758153,0.8006294065112045,1.7260334739705867,0.9732728727182929,1.3217805867646504,1.3217805867646504,1.3450722656887202,1.250322584283504,1.395378441522854,1.3853583807048557,1.3853583807048553,1.4595356701802848,1.164429992391583,1.3234745696127928,1.356087721906761,1.356087721906761,2.0929720908183005,0.9122061364502384,1.0188908793360714,0.8639091529932508,1.7506861558109135,2.576607140288486,1.433432769890649,0.968148967528798,hjorth_mobility,hjorth_complexity,1.2780741348652715,1.0522001932874,1.0880217576853848,1.3421122875700686,1.2503014808740534,1.0156739811912225,0.3358647890004261,0.8011409237657348,1716,eeg_data_level_4.csv,9,TP9,210.0078125,220.00390625
0.14084740713708466,0.14084740713708466,0.14027315791978492,0.22102991806946976,0.13442895733513138,0.3192219513446635,0.3192219513446635,0.2513523159850126,0.34955689282073665,0.3760885040377415,0.47621533900586055,0.4762153390058605,0.5710680248557567,0.3169949261654841,0.4621910415948751,0.31462436667130733,0.3146243666713073,0.3605755173149467,0.39296319372909444,0.32370680806422125,0.3460235285778923,0.34602352857789237,0.06050860393272181,0.481655253467873,0.47648478381326503,0.9973287558356834,1.3406756305867766,2.015303051982628,0.762775319702906,0.6356028936215011,hjorth_mobility,hjorth_complexity,1.1752154288059087,0.9898785998328645,0.983479330150179,1.0250022243971884,0.3542520862476485,0.9766095972992526,0.17622056025780752,0.5803032029253783,1716,eeg_data_level_4.csv,9,TP10,210.0078125,220.00390625
0.010120124342904012,0.01012012434290401,0.012660314902031965,0.007704701253840753,0.006384061007093611,0.02467465202990982,0.02467465202990982,0.01863064290717499,0.04825774535222906,0.027154285913248085,0.04384517229710039,0.043845172297100374,0.030321128547885035,0.06504547405984913,0.0533905694900778,0.31747893269060434,0.3174789326906043,0.19693646563873113,0.5343325690000024,0.35129318197368115,0.6726854131150566,0.6726854131150567,0.13700005053098163,1.2124361373742312,0.8443005885043763,0.4922781284439516,0.6657092536790526,1.116267783925343,3.0030274436817805,4.33503501412162,hjorth_mobility,hjorth_complexity,1.7026398577485977,1.3231217549507772,1.0548124538646602,0.29789127146543287,0.0972456707346486,1.0938027489751627,0.03365967198357417,0.2536189022830996,1716,eeg_data_level_4.csv,10,AF7,220.0078125,230.00390625
0.07942720618726354,0.07942720618726355,0.06946604843085478,0.05952765327642307,0.09097645621261116,0.09865416188575676,0.09865416188575676,0.07898801355863164,0.08196185330460305,0.12449428145217314,0.11094422808769762,0.11094422808769762,0.102657568466692,0.1311227325026742,0.11319575451885874,0.23476226991249183,0.23476226991249177,0.1454846309268187,0.2993726405636137,0.2717454181386784,0.3886867062649473,0.3886867062649473,0.060546294478166666,0.6165317703666794,0.5144902336505869,0.9942366037478202,0.8938795726969632,1.0544194993428357,1.0348565789288215,1.2115647046767362,hjorth_mobility,hjorth_complexity,1.218985090958829,1.224413851761502,0.8008406833871446,0.6262122964676573,0.2662679079639188,0.8333735230286955,0.08218945461356321,0.39630972364645395,1716,eeg_data_level_4.csv,10,AF8,220.0078125,230.00390625
0.2919479505823379,0.2919479505823379,0.2761198222412359,0.39373926023020506,0.29516966597997035,0.7029084844716896,0.7029084844716897,0.6071287298156438,0.5937492113859529,0.7405240644630763,0.8116797310084399,0.8116797310084399,0.7211916977421976,0.863992956118142,0.994670641314634,1.4550687399284172,1.4550687399284168,1.1751143717900423,1.725072017356951,1.4718751583191303,1.50943989034594,1.50943989034594,2.251427883859873,1.1824556350783828,1.4058923427718497,0.9547232858575538,1.3108697632852158,1.6592696864449603,1.4184975322661388,1.0126444640411516,hjorth_mobility,hjorth_complexity,1.2277390233894132,1.1084449387326205,1.0369077847056212,1.393362398789928,1.3197626742559452,0.9635881360019292,0.4218614564079547,0.8978661579828989,1716,eeg_data_level_4.csv,10,TP9,220.0078125,230.00390625
0.13198899920085744,0.1319889992008574,0.1383044737756856,0.06952368854323579,0.1463168570867974,0.3953157039140594,0.3953157039140594,0.33845356993307535,0.14321148984996163,0.5351096697553522,0.4510917633322344,0.45109176333223433,0.5495427100109593,0.2676001762790599,0.5142419127063445,0.3663040996457472,0.36630409964574717,0.5461994483740734,0.46275127316316705,0.41790316389819376,0.37143496747995997,0.37143496747996,0.07314393787054893,0.4533299190468737,0.48918068438790435,0.9212175570548317,1.5274883065796228,1.8998956022813207,0.8594994286408952,0.6695183539981361,hjorth_mobility,hjorth_complexity,1.1423881821912185,0.9989438803955432,0.9953222618491068,1.0586351098852211,0.5325358159278376,0.9896310585965759,0.22804434779905736,0.6601404350111081,1716,eeg_data_level_4.csv,10,TP10,220.0078125,230.00390625
0.030189353882023845,0.030189353882023845,0.02549997599396448,0.04278697075386197,0.03704407887140375,0.06315089169693557,0.06315089169693557,0.07695500144875704,0.05614772737220226,0.059248503092954465,0.10638098017708025,0.10638098017708025,0.07322107108913715,0.11468388488349121,0.13395448623155126,0.3551869251509976,0.3551869251509975,0.21067674136472755,0.5799399124653819,0.43510394144544895,0.5756526252285795,0.5756526252285796,0.09794222319560547,0.8876297490758979,0.7426970076377389,0.8093419265687991,0.924496359945831,1.5865812030235593,2.2905908539665814,2.635613685093096,hjorth_mobility,hjorth_complexity,1.5034878949528105,1.1990298112493603,0.9061195368782483,0.33953198683156866,0.24542954994935123,0.9896310585965759,0.057889219248727954,0.3326025119969021,1716,eeg_data_level_4.csv,11,AF7,230.0078125,240.00390625
2.773433620032266,2.7734336200322667,2.627780916950818,2.4230982660580263,3.0664811040794713,1.2223342710000744,1.2223342710000744,1.737083149595615,0.5860738379979767,0.7834402889031064,1.1464555437400588,1.1464555437400588,0.6542463749725043,2.306020935718674,1.447652002033174,1.2570073813092115,1.2570073813092113,1.6313891326301897,0.8992106728706251,1.2146675592027494,0.40147858201451964,0.4014785820145198,0.09058421174453221,0.44749213453930753,0.5029427841121786,1.1376905147646723,0.4474567785528813,0.4685583646488778,0.24239631619978613,0.06652429592421237,hjorth_mobility,hjorth_complexity,1.1511421146218026,0.9496852990805058,1.5229138476955064,3.2800071180710026,0.33572910134581063,1.0417169037858693,1.98602187573639,1.9481334022374515,1716,eeg_data_level_4.csv,11,AF8,230.0078125,240.00390625
0.2862731934140778,0.28627319341407775,0.29247931965793933,0.3489972415376625,0.2948328524503751,1.233170813074437,1.233170813074437,1.2170750382757858,1.758420502936361,1.2398748534834225,1.3344034362579367,1.3344034362579367,1.3724185292556386,1.3203019422153386,1.4961953469643665,1.5380430776241363,1.538043077624136,1.4310376585732023,1.7795578869712683,1.5163110727815579,1.3279108789520153,1.3279108789520155,2.18526602405794,0.9880034325037648,0.9966054344166227,0.8668403417132582,1.7650030539434698,2.1747747543912515,1.2986126834646974,0.7839318328094249,hjorth_mobility,hjorth_complexity,1.1620845301600327,1.0082448200743337,0.9506457538579737,1.1675415962274225,1.3081858086922966,0.9245237521099591,0.42618811473551743,0.9024587204825247,1716,eeg_data_level_4.csv,11,TP9,230.0078125,240.00390625
0.16361756052721296,0.163617560527213,0.11578764646924544,0.36730909834955405,0.18521122705189683,0.42311171014597715,0.42311171014597715,0.34201716744207544,0.3882119759267401,0.3984935852500696,0.2813355581983915,0.2813355581983915,0.269934987528622,0.42138606658721806,0.2726740919001655,0.30304968976528157,0.3030496897652815,0.19207370851450786,0.41018315588463855,0.3424705955320459,0.33750192371974486,0.3375019237197449,0.0698966833032714,0.33405771711539894,0.4719698093927549,1.0568616981385879,1.4598446380362478,1.2147078280022539,0.6706868031180568,0.5562240924950246,hjorth_mobility,hjorth_complexity,1.1358227328682806,1.0221896708170337,0.9533059047598902,0.8936738143962987,0.6344122328879456,0.9375452134072825,0.18193830303317948,0.5896424589232322,1716,eeg_data_level_4.csv,11,TP10,230.0078125,240.00390625
0.03834006221695176,0.03834006221695176,0.03289569976519586,0.046296435579352355,0.046431451650512975,0.0868429799850769,0.08684297998507691,0.06308492804888345,0.11711981737265373,0.10358358664232616,0.15304052273886062,0.15304052273886062,0.1253860431265782,0.253267599090047,0.16061210076349747,0.3832941518516508,0.38329415185165067,0.2293783829690119,0.3958327256848779,0.47645952589188734,0.5970857572597528,0.5970857572597529,0.11282610672273109,0.820137608343449,0.7838500836128333,0.821688671439994,1.0573594755417988,1.7974409828853377,2.047247110455579,2.278803296834449,hjorth_mobility,hjorth_complexity,1.1730269456982627,1.199290742770642,1.0670361227924876,0.4868760565886645,0.32646760889489174,1.0677598263805161,0.07530000428451983,0.3793361038328306,1716,eeg_data_level_4.csv,12,AF7,240.0078125,250.00390625
0.03766445458382064,0.037664454583820645,0.028888681748846436,0.07712885451342699,0.044294854113381146,0.08445973976995168,0.08445973976995169,0.07766146346529798,0.13672703126888558,0.08397539205507866,0.16786786409779555,0.16786786409779555,0.13148631569981956,0.2446856854510055,0.15781797446863222,0.2521157668815902,0.25211576688159015,0.18450524077987093,0.6695744769322626,0.282315434632378,0.3179919384521961,0.31799193845219614,0.05869212025382807,0.5287854838670909,0.42405999282641105,0.9293054678351444,1.161298974806861,2.218464555148074,1.6766792721931076,1.555790873208219,hjorth_mobility,hjorth_complexity,1.2167966078511832,1.127472633624477,1.0395629259071575,0.4820713586618027,0.15976074477835128,1.0547383650831927,0.053129950122582745,0.31863713088527346,1716,eeg_data_level_4.csv,12,AF8,240.0078125,250.00390625
0.18652439863291373,0.18652439863291376,0.12067097778413308,0.335050223768129,0.24880037527224164,0.657276031137713,0.657276031137713,0.505221241923182,1.2887486516109636,0.6812228273444924,0.8782474498382846,0.8782474498382846,0.7808117096961945,1.2068377166123418,0.9934283112553136,0.95485322957159,0.9548532295715898,0.8643811451698714,1.4379450244487455,0.9494855568067949,1.358573867275746,1.3585738672757461,2.236469348158949,0.7481343439226443,1.0945891046269685,0.8980388069746283,1.5673719224703655,2.2355798899997965,1.262831258700155,1.1528933401144934,hjorth_mobility,hjorth_complexity,1.2343044727123513,1.1251720407217356,1.100996881670251,0.9705489812260878,1.1044329747720805,1.028695442488546,0.2575452746618883,0.7015416692761615,1716,eeg_data_level_4.csv,12,TP9,240.0078125,250.00390625
0.12966802396897276,0.12966802396897278,0.11559263107451177,0.16657883184808492,0.15151782600007696,0.3759978682544549,0.3759978682544549,0.36866607076382557,0.5205651799215376,0.4096367623782632,0.6552040735091693,0.6552040735091693,0.457264306234485,1.076542347523715,0.6414854180388788,0.4671998565349039,0.467199856534904,0.5921409719568689,0.5159229897184566,0.3383996690902681,0.37606577509642547,0.3760657750964256,0.06748429892421108,0.5046921130457661,0.5118581647473034,0.9422533405337242,1.465176203826333,2.5969823325831913,1.0122066493625645,0.6616804920481831,hjorth_mobility,hjorth_complexity,0.9257283545342632,1.0190324264315265,1.0328799855998945,0.8456268351276804,0.20606820703294584,0.9766095972992526,0.17170260912087476,0.572815981282112,1716,eeg_data_level_4.csv,12,TP10,240.0078125,250.00390625
0.010041196927117562,0.010041196927117566,0.006097649034594823,0.017336835823758837,0.014037021445212955,0.035362507082617484,0.035362507082617484,0.023765070550996473,0.04646296870606543,0.04264829253436295,0.07614699288585346,0.07614699288585344,0.05836357949494138,0.1195407475334824,0.08735959878491466,0.3704757860693385,0.3704757860693384,0.2336528992155037,0.6533398903777365,0.4806936241501968,0.960629396209115,0.9606293962091151,0.15684053213707055,0.8591797056649363,1.2644635720379183,0.4509896218700784,0.7323288107798381,1.440301944968734,2.817746322939558,4.744522360921734,hjorth_mobility,hjorth_complexity,1.7923676651620841,1.350734317926437,0.9987889745122448,0.31550849719725954,0.5487434277169456,1.028695442488546,0.04694107520833476,0.2995043919818337,1716,eeg_data_level_4.csv,13,AF7,250.0078125,260.00390625
0.020030258479128687,0.020030258479128687,0.018439274958505454,0.02486240260407711,0.024128576876350182,0.04688242733232584,0.04688242733232584,0.03569816835734735,0.09546836849992367,0.050857541149641305,0.09438599023709349,0.09438599023709349,0.06710129612092208,0.10987190637220072,0.10822989205198577,0.17906892930950657,0.17906892930950652,0.11459697932164283,0.30663054983127563,0.21705476963959422,0.4538248110204211,0.45382481102042116,0.0832085322178805,0.9230717242964951,0.6180795683570559,0.7651075105926198,0.9990395787144126,1.9002475837420862,1.7249033447004167,2.8850433121081416,hjorth_mobility,hjorth_complexity,1.6129120503351113,1.270469985994166,0.9954925916620355,0.4516416051250111,0.20375283392021612,0.9766095972992526,0.04175176993435137,0.28246466292127037,1716,eeg_data_level_4.csv,13,AF8,250.0078125,260.00390625
0.2253078308181731,0.22530783081817318,0.1935919259303688,0.33408151149487786,0.23695971995814868,0.690002026260545,0.690002026260545,0.43765140884373255,1.110410833499323,0.8384024665494986,1.234185288299939,1.234185288299939,1.1448323651299164,1.3775444445081797,1.3074159905910998,1.37056082620426,1.3705608262042597,1.618236890406536,1.8202704822458506,1.221872202881846,1.4926562819077547,1.492656281907755,2.2907281225949987,1.5586361924014593,1.2500329110100106,0.9091421984456155,1.461190503810347,2.5722060777796383,1.4921841721207691,1.1176175301193711,hjorth_mobility,hjorth_complexity,1.157707563944741,1.0706477417364155,1.1320920919305069,0.8424237031764392,1.6670686411654045,1.2044851700024115,0.32215584151228116,0.7846205600241342,1716,eeg_data_level_4.csv,13,TP9,250.0078125,260.00390625
0.10515722541917742,0.10515722541917744,0.07210974956467622,0.29051927877744926,0.11182123349625475,0.39917854154562954,0.39917854154562954,0.2894734595005344,0.6407511079378744,0.5136704813434941,0.5557002221676292,0.5557002221676292,0.36424611253183153,0.6497280369868224,0.7003073067679928,0.3269029405097354,0.3269029405097353,0.39991190757287237,0.5014931086482471,0.4019805571543527,0.49419913106383206,0.49419913106383206,0.09829361143019841,0.6456671262397365,0.6629274994246042,0.935097252508785,1.7005199329618215,2.5471466180667224,0.8650826474669125,0.9412183414520533,hjorth_mobility,hjorth_complexity,1.218985090958829,1.0551150709181176,1.1199034909053414,0.900080078298781,0.273214027302108,1.0938027489751627,0.15595354165234526,0.5459140851877642,1716,eeg_data_level_4.csv,13,TP10,250.0078125,260.00390625
0.029386999383926957,0.02938699938392696,0.03150846892772264,0.02509234721767979,0.024663724856903383,0.06088637991170398,0.06088637991170398,0.037905835976023886,0.16168573616315085,0.07255265004100038,0.13762303571741497,0.137623035717415,0.09469552642012158,0.21098722522407776,0.15440073681563643,0.36073572447740515,0.36073572447740504,0.21216553167598076,0.6424317597415755,0.4601586557861213,0.6585835914982309,0.6585835914982311,0.1172738777602089,0.7212227170410898,0.8690478904021232,0.7337574299959934,0.9162949916390934,1.8751007354535718,2.224501908348697,2.80327746637431,hjorth_mobility,hjorth_complexity,1.3874982902475719,1.2250717301688754,1.0874055645386131,0.3651570424414984,0.2593217886257296,1.132867132867133,0.06030147373189182,0.33946159061937636,1716,eeg_data_level_4.csv,14,AF7,260.0078125,270.00390625
2.8083065863854055,2.8083065863854064,2.1716664632251166,3.634508564490367,3.418849718781675,3.428837698143296,3.428837698143296,3.1940462130351728,3.9189530394095033,3.3339107559600762,2.7785821865488582,2.7785821865488582,2.395281384752163,3.5980076835637536,2.868253257421068,2.739780325205742,2.7397803252057416,2.364824559726019,3.1471546601545235,2.1315011008357234,0.8069615431475597,0.80696154314756,0.26567688573676923,0.7006979616416978,0.9332635042332371,1.132734928414866,0.9678435284736453,0.8921416861489158,0.4403292839625436,0.11239469132664798,hjorth_mobility,hjorth_complexity,0.9651210504718915,0.8017667675318658,0.9713207873272949,3.2800071180710026,4.593700255655781,0.9115022908126357,2.49652189876927,2.184209887506918,1716,eeg_data_level_4.csv,14,AF8,260.0078125,270.00390625
0.39096945096917024,0.3909694509691702,0.22973972401952383,1.0835493367205635,0.4440408982654702,1.242391515165669,1.2423915151656688,1.4976177369456678,1.3723473558680437,1.1094701669359779,2.353070095506332,2.353070095506332,1.8021521394869051,1.992550708354809,2.596424872719039,1.571676292166654,1.5716762921666538,1.738518555752124,1.7784969909570643,1.4930217651607953,1.4897828648211822,1.4897828648211822,1.920506699297447,1.3536208629893371,1.2818711519362511,0.9565240026421494,1.4462565950265904,2.855045137119931,1.0881186204264288,0.7378973476072068,hjorth_mobility,hjorth_complexity,1.008890712624812,1.0014061703211237,1.1299379207669962,1.1275024468369073,1.3869084945251073,1.0807812876778395,0.48558251266843533,0.9632925417977917,1716,eeg_data_level_4.csv,14,TP9,260.0078125,270.00390625
0.22279374952920875,0.22279374952920875,0.16564976979455548,0.3733805775078378,0.2974807130632529,0.6306184892110939,0.6306184892110939,0.5770236294580181,1.4019299622423385,0.6456557111815856,0.8892144452686002,0.8892144452686002,0.8137682954211558,0.6779542889109688,0.960619016654242,0.5598366402845443,0.5598366402845442,0.603665206469409,0.8128088645911801,0.5206640714659839,0.5028045019389719,0.5028045019389719,0.05979866332648961,0.8716520552713407,0.7033864166675268,0.9818851027715364,1.5000796106153975,2.2073263471071187,0.7852252666576013,0.5528102069409312,hjorth_mobility,hjorth_complexity,0.7747230201066885,0.9441595526082793,0.8669086120019758,0.900080078298781,0.42602865274227003,0.8463949843260189,0.27455646421915464,0.7243400778247626,1716,eeg_data_level_4.csv,14,TP10,260.0078125,270.00390625
0.04645294253341299,0.046452942533413,0.04689969859899259,0.04448985433655085,0.06579257661908242,0.08945902526654596,0.08945902526654598,0.07070457812789233,0.07823211509997341,0.10971123762262429,0.16314122616211155,0.16314122616211155,0.11809568610157324,0.23297851602885444,0.19361783902868399,0.37134399096104176,0.37134399096104165,0.2608578132048372,0.5362669033723932,0.43035904511932777,0.43418395842188434,0.43418395842188434,0.08969125407285726,0.8138851764639039,0.5723366581060501,0.8803579355852209,1.0207007766930603,1.8557190208959962,1.9355518720949403,1.7042587538604197,hjorth_mobility,hjorth_complexity,1.2780741348652715,1.1382308431654424,0.9112995670714342,0.3107037992703977,0.5232743234769186,0.9766095972992526,0.06537443866675395,0.353452180481426,1716,eeg_data_level_4.csv,15,AF7,270.0078125,280.00390625
0.03341169195916514,0.03341169195916515,0.028125330580974276,0.049572739515214376,0.0347344737728751,0.07518830537187915,0.07518830537187915,0.061752022604949594,0.0613759839386145,0.08683345862255948,0.12124896889791029,0.12124896889791029,0.07837756458497125,0.1716732790316835,0.14984944429309993,0.20976787453791892,0.20976787453791887,0.203206969563822,0.3827209418238091,0.2615064547634454,0.2520945057351189,0.2520945057351189,0.03836061587333323,0.4052262920536937,0.34125777842269717,0.9171552594827456,1.1667186534423093,1.9217435372602427,1.5983372431305347,1.4393321500995013,hjorth_mobility,hjorth_complexity,1.3174668308028996,1.1007765408597416,0.9915249089608719,0.3939852300026693,0.1551299985528918,1.0026525198938994,0.045309400615521356,0.2942529580021753,1716,eeg_data_level_4.csv,15,AF8,270.0078125,280.00390625
0.54113511797838,0.5411351179783801,0.6682052800316096,0.7826513705318306,0.39351687152604736,1.083312807786367,1.083312807786367,0.9275262903264329,2.1273174562746076,1.1518775960233907,1.1918885933421874,1.1918885933421874,1.1022248571346651,1.2724576060007131,1.269553996520785,1.2086085040658372,1.2086085040658368,1.5963904688263073,1.5055921332544215,1.2175788291134257,1.2280144610391361,1.228014461039136,1.794567813293209,1.2394146602217506,1.0046665020216243,0.9519655157390212,1.2397622027988944,1.4577395276281806,0.7606829380968981,0.542404967362845,hjorth_mobility,hjorth_complexity,0.5449322938038571,1.0106446396822815,0.8479819639653643,1.2027760476910758,1.2132555110703778,0.8529057149746805,0.8841036902934143,1.299805231075914,1716,eeg_data_level_4.csv,15,TP9,270.0078125,280.00390625
0.2299824308190772,0.22998243081907724,0.2356896581489179,0.4884968599139729,0.23082339454143816,0.7226844073697649,0.7226844073697648,0.5535653277125154,1.0780897946971661,0.71772857007046,0.6190723359450129,0.6190723359450129,0.5555264596144425,0.778313055117798,0.6875650087760817,0.35150512229652586,0.3515051222965258,0.3770994879975633,0.3215453647787556,0.4034440744792833,0.4157670400806373,0.41576704008063736,0.06538037251511176,0.7622897492089142,0.5947948035133129,0.9841168201551919,1.615337434257242,1.64106952666018,0.5274641817825176,0.4634494896688467,hjorth_mobility,hjorth_complexity,0.7856654356449184,0.9564843317652215,0.9719720483767283,0.8328143073227156,0.4723361149968646,1.0026525198938994,0.27924768043668524,0.7305020952998426,1716,eeg_data_level_4.csv,15,TP10,270.0078125,280.00390625
0.011495891752601115,0.011495891752601116,0.008929720242320681,0.01140728460459825,0.01402597593189045,0.0208654475526011,0.020865447552601096,0.017285363412597603,0.026042088938940805,0.02023988949402035,0.05984558575187115,0.05984558575187115,0.04686198096450961,0.0807660295079053,0.06284717428357334,0.28191711946407916,0.2819171194640791,0.2522315733511282,0.4663203663939024,0.31738612683429457,0.6109172878255131,0.6109172878255131,0.12927343099216154,0.7055645771768183,0.675358170745707,0.5897295066960676,0.5838071972511291,1.4592759486917133,2.7738553519995635,4.058488808184221,hjorth_mobility,hjorth_complexity,1.6260429489809873,1.324169992523819,0.9976317337244054,0.31711006317288015,0.09261492450918914,1.0026525198938994,0.03475896575451867,0.2577271086595264,1716,eeg_data_level_4.csv,16,AF7,280.0078125,290.00390625
0.036652788129123315,0.03665278812912332,0.029065876915920365,0.03866939663646461,0.0510546450750605,0.06310310498574505,0.06310310498574505,0.045710305279960166,0.1360619152598118,0.07549579510198691,0.09062552714480038,0.09062552714480036,0.0639884458290319,0.11486352429222509,0.11729647835034737,0.2466860273814566,0.2466860273814565,0.15535637963998852,0.4845017599500054,0.2727545902367277,0.3110698846092871,0.31106988460928714,0.05775058202310994,0.5592626648682381,0.41969472572277944,0.9336148081470509,1.0059071473245116,1.4416890110816474,1.7510815820160113,1.6306381654143893,hjorth_mobility,hjorth_complexity,1.420325536862262,1.1766603837284317,1.0147148120210823,0.4452353412225287,0.16670686411654045,1.0026525198938994,0.04790737256422178,0.3025713864516009,1716,eeg_data_level_4.csv,16,AF8,280.0078125,290.00390625
0.2226040321572811,0.22260403215728114,0.17087471282775643,0.3985435791747692,0.23701237764911842,0.930382605945906,0.930382605945906,0.4785893938147618,2.6747018635990565,1.0835034678047124,1.4218766025155576,1.4218766025155576,1.0795000263613725,2.462042343652182,1.5213546505919169,1.3513307148757943,1.351330714875794,1.3162490319944091,2.1132513160281685,1.2489664121553472,1.2324884131629221,1.2324884131629223,2.2166720945405043,0.7570535642232579,0.9666917645430247,0.8667499214191482,1.7503499964454179,2.754835293839994,1.3947086265354962,0.8680900100281408,hjorth_mobility,hjorth_complexity,1.2671317193270413,1.0860641539223763,1.1877899407582055,1.1291040128125278,1.0095026771501616,1.1198456715698095,0.30595308446408526,0.7646348651821263,1716,eeg_data_level_4.csv,16,TP9,280.0078125,290.00390625
0.08878169811634676,0.08878169811634677,0.0648165632471928,0.12805270843554484,0.11473875187284478,0.3175863293348228,0.3175863293348227,0.16564244220390617,0.8784648907057341,0.3746651682499919,0.35655424977080913,0.35655424977080913,0.2950215593262927,0.531482922643021,0.4079830324208653,0.43296031313859046,0.43296031313859035,0.4013385208236572,0.38897352874742935,0.45387739202097704,0.3470514966126281,0.3470514966126282,0.05801561971322428,0.7147870727274349,0.48020726052365714,0.9164029290824395,1.6649073045982732,2.0351035292206934,1.2512977441904043,0.8029093033055584,hjorth_mobility,hjorth_complexity,1.2671317193270413,1.0249816006378603,1.030049504885049,0.8039861197615447,0.29636775842940527,1.0026525198938994,0.11874087130772484,0.4763506854531277,1716,eeg_data_level_4.csv,16,TP10,280.0078125,290.00390625
0.21852876856301795,0.218528768563018,0.20389090377128022,0.3774655454321814,0.1906901999849092,0.2375676555671632,0.2375676555671632,0.2102675585726329,0.39442135584752824,0.22748784826235602,0.23685128531326535,0.23685128531326535,0.1475016373127287,0.343348660271759,0.3050582089497226,0.5871632652327133,0.5871632652327132,0.5616211612722755,0.6581154984644959,0.6651729826851245,0.43381924112311737,0.4338192411231175,0.12779050106863876,0.6792863450989178,0.5044726222050769,1.0967731873536068,0.878307711943759,0.9417610171550223,1.0321735389737532,0.6024099902792498,hjorth_mobility,hjorth_complexity,1.072356722746546,1.0257770810467828,0.8781654087564137,1.2171901414716613,0.6969273069316483,0.9896310585965759,0.2339365162789942,0.6686143416590914,1716,eeg_data_level_4.csv,17,AF7,290.0078125,300.00390625
0.09390662566537249,0.0939066256653725,0.07206839100377684,0.14817951287736947,0.10068202853980332,0.08384679307721844,0.08384679307721844,0.060596070625834365,0.17528459328779597,0.0971379510013461,0.16290839982462868,0.16290839982462868,0.11060029217541485,0.20227155167169977,0.23257942992595868,0.27670737017839575,0.2767073701783957,0.23821289551073305,0.4346675071449115,0.3049022549782037,0.28620639557268673,0.2862063955726868,0.04536344548613667,0.4719512700761226,0.3909728855016597,1.108897280398689,0.7505670923340177,1.3436479108305504,1.088807896979759,0.858977431592784,hjorth_mobility,hjorth_complexity,1.1423881821912185,1.0268304971825273,0.98194135213344,0.47566509475932023,0.2500602961748107,0.9766095972992526,0.08295588192349107,0.39815325557853803,1716,eeg_data_level_4.csv,17,AF8,290.0078125,300.00390625
1.0681355105252215,1.0681355105252217,1.4922438851194741,1.0925112922879703,0.9507970843431441,1.4308770854963098,1.4308770854963098,1.2427292332548439,1.5312494404890848,1.6122085185245365,0.8916749109620805,0.8916749109620805,0.6881456894949952,0.9798450039303068,1.0629934984701346,1.1262174633032809,1.1262174633032809,1.1456146037707704,1.6977596197483114,1.2645010777732952,2.457957414903794,2.4579574149037944,1.4951883791007485,2.9412192522416873,2.8390294363057045,0.9951597329309507,0.9839557470298914,0.7221050152201162,0.44542532410189156,0.647622796623707,hjorth_mobility,hjorth_complexity,0.8403775133360688,1.12786528905212,-0.03164126760170405,1.401370228668031,2.2297043075587286,0.8984808295153123,2.2474164388718045,2.072375528897388,1716,eeg_data_level_4.csv,17,TP9,290.0078125,300.00390625
0.8620965769969384,0.8620965769969386,0.9240300391857772,0.5756427194405443,0.9430786804946997,0.9706626061830157,0.9706626061830157,0.9562527373105458,1.6719423009526928,0.908524332618008,0.6851697843806638,0.6851697843806638,0.4678831742694848,0.48493130312216415,0.9375504199342134,0.7078985612906555,0.7078985612906553,0.6544627046158922,1.187349143020259,0.7712493861370234,1.0121451304043456,1.0121451304043458,0.14960564051988962,1.4484709586303248,1.3641074399086819,1.0728168636698452,0.9239516273346324,0.7489510095170616,0.3873267242517896,0.3978935802586713,hjorth_mobility,hjorth_complexity,0.7550266721378743,1.0253481342055386,0.45318250609844046,1.388557700863066,1.3498625247214318,0.8594164456233422,0.9405406247086358,1.3406501408794465,1716,eeg_data_level_4.csv,17,TP10,290.0078125,300.00390625
0.034741521936646376,0.03474152193664638,0.04577786159019314,0.04064224013528921,0.028206333034955032,0.03263237540251438,0.03263237540251438,0.02185422460422388,0.0722823939906358,0.03730760457475912,0.07412297941477371,0.07412297941477371,0.05507106841520936,0.09507261164871546,0.08824055080611963,0.27114369493919477,0.27114369493919466,0.17683889667435,0.4409920493286583,0.34230268941432906,0.34712828134582097,0.34712828134582097,0.08373267923967316,0.43917292850756784,0.46626421006339536,0.8693022580616189,0.6180912616415197,1.252794779084247,1.9370185446403734,1.8171995806467753,hjorth_mobility,hjorth_complexity,1.212419641635891,1.176903217010475,0.9959785325989204,0.419610285612599,0.22459119193478366,1.028695442488546,0.04894843474963342,0.3058412662804759,1716,eeg_data_level_5.csv,0,AF7,120.01171875,130.0078125
0.11052486512357973,0.11052486512357974,0.12920273781236444,0.10544539108516042,0.11310924765130471,0.10783981933767085,0.10783981933767083,0.13416562893315614,0.09789656191863325,0.1059135373673902,0.14834262742805743,0.14834262742805743,0.12639729182800416,0.20654215636367698,0.157904714713846,0.1975899179105779,0.19758991791057784,0.12958720832209752,0.4143084135378108,0.22114054772293068,0.19493823930317628,0.1949382393031763,0.04061594859006863,0.22940769657141866,0.2363326543897055,1.057548174777351,0.7996277159722519,1.1515557912505419,0.7602048725703067,0.5637010704929319,hjorth_mobility,hjorth_complexity,0.9060320065654491,0.9715555537850916,1.0710589121978342,0.6726577097606549,0.6598813371279726,1.0156739811912225,0.11398552125165469,0.46671474686400555,1716,eeg_data_level_5.csv,0,AF8,120.01171875,130.0078125
0.37822553914290497,0.37822553914290497,0.3250363969771624,0.9107716039890396,0.361649955489875,1.2371040775118036,1.2371040775118034,0.8880053982472154,1.4242626130344154,1.5109928362617995,2.152724186201289,2.152724186201289,1.5646425937187882,3.6211335552803567,2.3660378833477953,2.9578900491126987,2.9578900491126983,2.3725199156661643,3.615049494893706,3.127498313535702,1.450809896386956,1.4508098963869565,2.1628100777913337,1.440560397305665,1.1118518333544407,0.9108765472059469,1.5106617778549427,2.6672279293115153,1.8379038042232416,0.6998749226582294,hjorth_mobility,hjorth_complexity,0.9301053207495555,0.948077665263785,1.1277486817008238,1.0378147522021532,2.5770102744681878,1.0938027489751627,0.5436043795987539,1.0192205048522966,1716,eeg_data_level_5.csv,0,TP9,120.01171875,130.0078125
0.06065185399833655,0.06065185399833656,0.047112533449896556,0.0563980425709626,0.08636209271756169,0.06831289106524534,0.06831289106524534,0.04269803040323063,0.09966839900240922,0.09318333056203126,0.10969096026632318,0.10969096026632318,0.08726121222861777,0.17775615312553603,0.11556907885256955,0.2958873827006082,0.2958873827006081,0.18529524295550376,0.7032492097233535,0.3503808983422238,0.3000102821049719,0.3000102821049719,0.0697377147314933,0.4228344071883364,0.41313284768235475,1.0184481898789837,0.8270255457610298,1.2895339503870484,1.553342506777421,1.1949033023057196,hjorth_mobility,hjorth_complexity,1.052660374777732,1.0411218822818564,0.8795029987579421,0.8119939496396477,0.3889826829385944,0.885459368217989,0.1119683113221353,0.46256657015233255,1716,eeg_data_level_5.csv,0,TP10,120.01171875,130.0078125
0.00641498587932713,0.00641498587932713,0.006207600092383625,0.00841147668074134,0.005410285835593623,0.019857563818342385,0.019857563818342385,0.013626835982399605,0.02853756762088429,0.028149524988429705,0.026398806191443365,0.026398806191443365,0.020705806006587404,0.02866597315291384,0.028840649518985496,0.2618377593934678,0.2618377593934677,0.15050574462078564,0.3625691886947189,0.3463480995431032,0.4218404838402373,0.42184048384023737,0.06240079988476253,0.6489689986779056,0.5767661230586918,0.500644801883194,0.7637223982551726,1.0195695951103192,3.6108289970403478,4.1464458486471845,hjorth_mobility,hjorth_complexity,1.5363151415675005,1.2414907460418783,1.0514258964076064,0.27226621585550315,0.03936134291640538,1.0677598263805161,0.023685359650406898,0.21274858027797885,1716,eeg_data_level_5.csv,1,AF7,130.01171875,140.0078125
0.03189276268314671,0.03189276268314672,0.026605868851999295,0.03572272808920728,0.04088736506008635,0.05189283257067147,0.05189283257067147,0.04105648322197897,0.11630572106699008,0.05925003340998793,0.09068068911706222,0.09068068911706222,0.0718988386248991,0.07901211836618997,0.11921819361882004,0.16967708237634554,0.16967708237634552,0.17100906692538242,0.32122700719717817,0.1989985158869682,0.2331272145350266,0.2331272145350266,0.042022457009753385,0.3154814382116822,0.328939416456005,0.9720204425274784,1.0151886930113172,1.7054635755971232,1.5187721038384343,1.523463494838622,hjorth_mobility,hjorth_complexity,1.1795923950212006,1.1167690245578854,0.9996506429776489,0.42761811549070206,0.2361680574984323,1.0156739811912225,0.04740023859397383,0.30096565790433133,1716,eeg_data_level_5.csv,1,AF8,130.01171875,140.0078125
0.3373383988854548,0.33733839888545486,0.282167637713512,0.4347514731000984,0.4406147207243079,1.2007183238127528,1.2007183238127526,0.924312758045556,1.4094251858721787,1.300077331834986,2.4142779303584225,2.4142779303584225,1.9630320963188335,2.928059136679652,2.782085066756572,2.2789976018906697,2.2789976018906692,1.6996412623988166,2.9277473472947704,2.232725887294119,1.3198840101076565,1.3198840101076568,1.627145064273345,1.1373322568384006,1.053682623989355,0.8936652460103298,1.560465186242424,3.118064135778081,1.6057453233313406,0.715886314393267,hjorth_mobility,hjorth_complexity,0.9826289153330596,0.9907493353855272,1.0779672890222087,1.1723462941542842,2.780763108388404,1.028695442488546,0.4792577773491313,0.9569985140367043,1716,eeg_data_level_5.csv,1,TP9,130.01171875,140.0078125
0.05006799735183339,0.0500679973518334,0.04614029684541097,0.052167021666892126,0.06439305582633739,0.07434666908109852,0.07434666908109852,0.058246343067577665,0.07859841280113646,0.09322115506208019,0.15909225693453524,0.15909225693453524,0.1172673128482604,0.23616490639525797,0.1943628288102699,0.35647190980062304,0.356471909800623,0.21027795163375335,0.6168204016119531,0.4422188753357803,0.3771956428364752,0.3771956428364753,0.05579310140047379,0.631757309236764,0.5119165902601204,0.9290078039355708,0.9010267134650205,1.808730546822572,1.8810056385405511,1.510941150391016,hjorth_mobility,hjorth_complexity,1.205854192312953,1.1207417063131664,0.9988791491190896,0.5397277337841445,0.09493029762191887,0.9635881360019292,0.058919811814391425,0.33555008589146523,1716,eeg_data_level_5.csv,1,TP10,130.01171875,140.0078125
0.009313896000859271,0.00931389600085927,0.006676188396969447,0.014477110379669707,0.011040309093841552,0.038758443179871156,0.038758443179871156,0.029048550321537882,0.06493887610045258,0.043989347271355596,0.06454514778973536,0.06454514778973537,0.04507761993644341,0.08511602690284714,0.07575511204600593,0.2302855479544256,0.23028554795442555,0.14291637030634877,0.4761462557004626,0.2821788277810788,0.37622186877343167,0.37622186877343167,0.06244575180431357,0.4723346001934021,0.47303280105504575,0.607150330056898,1.1488521633823678,1.8935293323761397,2.89217668733097,3.359883200133379,hjorth_mobility,hjorth_complexity,1.6720010942415537,1.2168364324956351,0.9982429171707967,0.27226621585550315,0.1134532825237567,1.0156739811912225,0.024061498860182624,0.21443122046295035,1716,eeg_data_level_5.csv,2,AF7,140.01171875,150.0078125
0.02027886150425927,0.020278861504259272,0.014827058650342104,0.042653290002278646,0.02322437868040703,0.08078851997468474,0.08078851997468475,0.06395940451381137,0.0842054412127275,0.10074894799621595,0.09730763356003856,0.09730763356003856,0.07427101565269441,0.13465801551006637,0.12706950701504566,0.2008766522682479,0.20087665226824786,0.12067034487298074,0.3641146426175595,0.27029487083522835,0.22633127678747111,0.22633127678747114,0.033684529327734906,0.35739455600973774,0.29527115407448984,0.8231328592297341,1.523075624614854,2.029781536224829,1.9823217729064162,1.6801835561077216,hjorth_mobility,hjorth_complexity,1.1358227328682806,1.1076982616445485,0.9376205328693051,0.38437583414894566,0.13197626742559454,0.9505666747046058,0.035604793320374736,0.2608440371896268,1716,eeg_data_level_5.csv,2,AF8,140.01171875,150.0078125
0.29200084886956545,0.29200084886956557,0.21247755692431503,0.3993086942412523,0.33593531270314386,1.1198128227485065,1.1198128227485065,0.7340780217691841,1.633964597584211,1.5135227255318557,1.111963565299948,1.1119635652999482,0.9005896200991794,1.6001142341639005,1.366108680823035,1.5038066907252583,1.5038066907252579,1.5036322426504038,2.8712810213885303,1.499685238287304,1.202676764734875,1.2026767647348753,1.788550792480094,1.1392126632944255,1.0100967120890598,0.9176435425809959,1.7211220193746126,1.965720084986649,1.3269962730509905,0.754828454133728,hjorth_mobility,hjorth_complexity,0.8141157160443167,0.9887068269327263,1.0561500438661888,1.5294955067176796,0.8474265592590806,1.0026525198938994,0.367107850066562,0.8375746305869786,1716,eeg_data_level_5.csv,2,TP9,140.01171875,150.0078125
0.10676727233772595,0.10676727233772597,0.08892658431553516,0.17179609368332352,0.11320882534104468,0.2539761954645283,0.2539761954645283,0.19811543175561294,0.3094780817578707,0.2945581532861188,0.25567589702143645,0.25567589702143645,0.17167617974914362,0.3724465615012163,0.30796855482467705,0.28201701706090343,0.2820170170609034,0.15664369619233393,0.7124928401404775,0.3596055405772021,0.361605899812645,0.36160589981264507,0.053973255070840505,0.5657754600728006,0.471607534508204,1.0130746903987076,1.3719488934905064,1.5586435682809296,0.8897504442121339,0.8285254865221293,hjorth_mobility,hjorth_complexity,1.072356722746546,1.0152516951530932,0.9541274956222524,0.7927751579322004,0.13429164053832426,0.9115022908126357,0.1198308637468303,0.4785320427403105,1716,eeg_data_level_5.csv,2,TP10,140.01171875,150.0078125
0.01792133201019757,0.017921332010197577,0.01570638804231687,0.03732306331902928,0.020656119902635068,0.06544092267080584,0.06544092267080584,0.04444143734342185,0.10548765515644397,0.07230438323802534,0.09768792961306952,0.0976879296130695,0.08884762818870881,0.08739056891655028,0.11061819894966507,0.2633179199380401,0.26331791993804005,0.1334865714478228,0.6830534268645585,0.3352300278586599,0.36217636965882277,0.3621763696588228,0.07523652255492841,0.7338913475608402,0.47822908126458963,0.7463273818625245,1.3094339264234174,1.9690763277536207,2.4419190014335057,2.4363512962632243,hjorth_mobility,hjorth_complexity,1.3349746956640676,1.1818697279112202,0.9854030550961976,0.27386778183112376,0.38666730982586467,1.0547383650831927,0.04614441511954936,0.2969519979390524,1716,eeg_data_level_5.csv,3,AF7,150.01171875,160.0078125
0.046061103313484876,0.04606110331348488,0.04545552645286898,0.03282455325856392,0.05911678338365183,0.08956592238808385,0.08956592238808385,0.08420903011982445,0.15347544983301073,0.07523900043684889,0.09217019239610065,0.09217019239610065,0.07231524888533489,0.14504754952419474,0.09771850867661114,0.18556345549079953,0.1855634554907995,0.09790972667657943,0.237561969235607,0.24965073716046926,0.23860851766062774,0.23860851766062777,0.03154802480618231,0.3412529532394207,0.342631896228454,0.9307705357790945,1.1687534156383075,1.3393960913698995,1.2640704877170628,1.1861523237013616,hjorth_mobility,hjorth_complexity,1.2496238544658733,1.108820900919242,0.9986787611038793,0.4964854524423881,0.3681443249240268,1.028695442488546,0.04912494159741313,0.3063921980951729,1716,eeg_data_level_5.csv,3,AF8,150.01171875,160.0078125
0.24429985445840235,0.2442998544584024,0.18125399674962397,0.3026262398258195,0.28776539606356244,1.0412113775441705,1.0412113775441705,1.307750582489589,0.6802589045332609,0.47548875261654816,0.9204236300755242,0.9204236300755242,1.4612443332173457,0.46158899276679705,0.5429845702036227,0.842596928144201,0.8425969281442007,0.8251753628436163,0.7930741894387685,0.9176602364360584,1.086058155923841,1.0860581559238411,1.9261367946318924,0.6336671057554472,0.7798711770012517,0.9117971928442726,1.5921073517678923,1.7980118187924616,0.9374846513805793,0.7728724402960985,hjorth_mobility,hjorth_complexity,1.1401996990835725,0.9940001418906357,1.0810382353553063,1.0826585995195301,1.8569292364092422,1.0156739811912225,0.44133749349871243,0.9183581634664909,1716,eeg_data_level_5.csv,3,TP9,150.01171875,160.0078125
0.2000045522880968,0.20000455228809677,0.13804786403711075,0.35140677300817247,0.24830861504535096,0.375285518411323,0.375285518411323,0.3256636433142785,0.5715716838925538,0.35351468087244214,0.24923457131094856,0.24923457131094856,0.19095563701840979,0.2590752006050886,0.28651850991742256,0.3392364878038708,0.33923648780387067,0.1606158959721683,0.907324994029327,0.45397618186903044,0.42002498086920886,0.4200249808692089,0.07649884677628713,0.9011904236202181,0.559092399281544,1.092902152157894,1.2472360329636465,0.9934382624023149,0.6724447315589976,0.6048346309846003,hjorth_mobility,hjorth_complexity,0.9957598139789356,0.9602615658837009,0.9932231973897793,0.9545333214698817,0.5996816361969997,0.9505666747046058,0.21348043187934854,0.6387129404654945,1716,eeg_data_level_5.csv,3,TP10,150.01171875,160.0078125
0.058743121793258316,0.05874312179325832,0.04367207503012054,0.1117001344091298,0.06807689534359368,0.1688120988353228,0.1688120988353228,0.11279571319248419,0.2832966579818749,0.19384380414586178,0.24136116903915145,0.24136116903915145,0.24405760787140038,0.3092588365619543,0.236856885422972,0.3207165358859146,0.3207165358859145,0.16711290841632692,0.5268868279964835,0.38338134846325356,0.3696702429120205,0.36967024291202055,0.04801222466428846,0.4098966058215501,0.5295295687771332,0.9412320133623407,1.4291941109080326,2.0997880553263966,1.4392544596440664,1.2395524318770037,hjorth_mobility,hjorth_complexity,1.3393516618793597,1.1260346754534383,1.0657436200943813,0.5749621852477979,0.6714582026916213,1.0938027489751627,0.0832592868842194,0.39888069898474876,1716,eeg_data_level_5.csv,4,AF7,160.01171875,170.0078125
0.02635886283913201,0.026358862839132014,0.022804251549851367,0.03398793774932764,0.03626040632093202,0.06035453078490554,0.06035453078490554,0.04685224717645451,0.06951347949731115,0.08250721097504728,0.09405441782250892,0.09405441782250894,0.06509477019995144,0.16653968831024737,0.10431033344723475,0.17745483825771768,0.17745483825771766,0.10484448526499077,0.31850658805893783,0.23557301308231243,0.22539308510132477,0.22539308510132477,0.028483500952288392,0.33583334701304646,0.3181362313286708,0.9020985810528122,1.2005681410608249,1.9046781245174562,1.714241128342556,1.6054184827307947,hjorth_mobility,hjorth_complexity,1.1927232936670769,1.1021241424056627,0.9344343634274618,0.4083993237832547,0.2523756692875404,0.9635881360019292,0.04386545980661281,0.2895263010091683,1716,eeg_data_level_5.csv,4,AF8,160.01171875,170.0078125
0.5063393539666321,0.5063393539666322,0.4652117600530251,0.5757428173710127,0.5483728048235076,1.2917302159032955,1.2917302159032955,0.8807242869653028,2.213363524186831,1.6240687698757348,1.9608901457003545,1.9608901457003545,1.449979360051322,2.7141375633508815,2.070879419538759,2.214752112866733,2.2147521128667327,2.171570546189278,1.8032437271987591,1.9154808194460442,1.171191217243472,1.171191217243472,1.6533852552454447,1.0196958485676182,0.9372557856797888,0.9898813110531355,1.4372280024515696,2.2297094871547314,1.2939600932259938,0.5264922122332832,hjorth_mobility,hjorth_complexity,0.7484612228149363,0.8700114122049768,1.019504085584608,1.2316042352522467,1.602238194008972,0.8984808295153123,0.6140726888438433,1.0832696357740892,1716,eeg_data_level_5.csv,4,TP9,160.01171875,170.0078125
0.11272862394266456,0.11272862394266456,0.07877929309893063,0.0989077299073871,0.16119922657824035,0.4019046438784816,0.4019046438784816,0.3497578299611064,0.5459534678702241,0.43665319353388654,0.31026433430884903,0.3102643343088491,0.2728125629943357,0.2686811282229547,0.34351532935197,0.28699365860963405,0.286993658609634,0.1826596793241788,0.4910789933124403,0.32791342971565773,0.32286704840343056,0.32286704840343056,0.059126666424813505,0.3018265448343512,0.4514314368371062,0.9587245527476835,1.7111167656977935,1.6044578844173376,0.7973834570794811,0.6652374177356353,hjorth_mobility,hjorth_complexity,1.1073724524688824,0.95514413489006,0.9255221064509842,0.8552362309814041,0.25700641551299985,0.8984808295153123,0.1500378449504354,0.5354600664825075,1716,eeg_data_level_5.csv,4,TP10,160.01171875,170.0078125
0.01316453448461926,0.013164534484619262,0.009504008891276275,0.025974499596188902,0.01433673340179325,0.04682136129462338,0.04682136129462338,0.04920079409636472,0.0706820540585687,0.04994624391707833,0.08974060021574419,0.08974060021574418,0.09501164964967748,0.11096188898104715,0.10068276900590403,0.2582178440459685,0.2582178440459684,0.12260873476657837,0.6135976526574688,0.34031885393503014,0.35080366095289306,0.3508036609528931,0.058886761536571165,0.44052255190720346,0.4754599460534896,0.6969271368471941,1.1539951603192093,2.162892181561602,2.8235341581838687,2.800390085816191,hjorth_mobility,hjorth_complexity,1.3152783476952536,1.1748052364573787,1.0654280089704251,0.3123053652460183,0.2500602961748107,1.0807812876778395,0.028969639681753603,0.23528715886283835,1716,eeg_data_level_5.csv,5,AF7,170.01171875,180.0078125
0.025161545344668725,0.02516154534466873,0.020018884288017638,0.04029028767894244,0.023202730855377,0.059086447733812844,0.05908644773381285,0.04864876661275475,0.08444639107083149,0.06228227312041151,0.09119541974637642,0.09119541974637642,0.08011785773758472,0.08071046023420186,0.08765178279576327,0.19621568736859524,0.1962156873685952,0.1263762087273142,0.3266003447063152,0.24654135924575396,0.25171906136156647,0.2517190613615665,0.047979036935134035,0.1855940491856524,0.3236342380697885,0.9000905954939878,1.1644722635042917,1.8149386206494442,1.8610967780154362,1.7548056721378968,hjorth_mobility,hjorth_complexity,1.0570373409930243,1.1030418508820807,0.9539070688055211,0.3427351187828099,0.33804447445854036,0.9766095972992526,0.03957914219957099,0.2750172072215597,1716,eeg_data_level_5.csv,5,AF8,170.01171875,180.0078125
0.4685278329013374,0.4685278329013375,0.4126810392302436,0.6814234082787086,0.5270698657016205,2.5308432606946782,2.5308432606946782,2.2184273494912916,3.8275434192517013,2.2629940547352674,6.217156855678999,6.217156855678999,5.487721808783486,6.095469900076369,7.170697327888789,6.516153861706785,6.516153861706783,10.90706866405376,6.878068455624068,7.179368791328109,2.201164566603744,2.2011645666037443,1.9821978559584854,1.451252606888528,2.1776545490665495,0.7547035917680839,1.7272595768434598,4.077775756878749,2.318812554599242,0.6850279060767691,hjorth_mobility,hjorth_complexity,0.9388592531801394,0.7887103126600988,1.0241580972378668,2.162114067087819,4.114418021320728,1.0156739811912225,1.080416818767906,1.436886110974041,1716,eeg_data_level_5.csv,5,TP9,170.01171875,180.0078125
1.7630253122562218,1.763025312256222,1.6084510232883724,0.7985416064268811,2.0982423203393954,13.362496500628763,13.362496500628763,10.997024656508106,12.203739440452653,15.617974968908095,6.834412172373262,6.834412172373262,5.043185512237961,5.100297536574986,8.770221145861907,3.2726730215885556,3.272673021588555,2.6420947142361073,2.1860924573494747,4.061652793691834,1.0004048138241923,1.0004048138241923,0.21883260878895494,0.9122006357213732,1.020220792503426,0.7948580552046511,2.3768778422197916,1.7522456537638296,0.4854010364664671,0.126538256180604,hjorth_mobility,hjorth_complexity,1.131445766652989,0.718445455667844,1.1202291214300582,3.2800071180710026,4.637692344797646,0.9896310585965759,2.041573404515844,1.9751913661229115,1716,eeg_data_level_5.csv,5,TP10,170.01171875,180.0078125
1.94867918174137,1.948679181741371,3.161100315929719,0.6882809335955897,0.923017946977318,0.5462941014497247,0.5462941014497247,0.6496477116453862,0.45302556078813805,0.4430521802704581,1.179171937794794,1.179171937794794,1.1019934447393003,0.7785581183333667,1.0966825801636635,0.9040181132650016,0.9040181132650015,1.592928166522412,0.7966906772735621,0.627712944975154,0.6485686371286666,0.6485686371286669,0.12617070056200055,0.6656552371007991,0.8552583646705285,0.9015978572454163,0.3247710948058753,0.6297777943212013,0.246725072282312,0.14251191555420353,hjorth_mobility,hjorth_complexity,0.39611544248392827,0.9997003981672098,0.47274538608334454,0.6614467479313106,4.538131300950268,1.3086568603809985,2.2536270078247678,2.075236981586307,1716,eeg_data_level_5.csv,6,AF7,180.01171875,190.0078125
3.2032892035741765,3.2032892035741765,2.0105987551260913,7.043933610605528,4.21551136926785,5.42141500518139,5.42141500518139,6.18279790897981,6.4942343882332105,4.614005329754625,3.6132806133431328,3.6132806133431323,3.501579053361775,5.0750648596215555,3.3116640260359755,4.089048926426056,4.089048926426055,4.105512250559165,1.4498123192875019,1.6874248757508525,2.2301067750040215,2.230106775004022,0.3554906829999876,1.3882470597889676,3.307239537424499,1.122990212067629,1.147473799512101,0.931552744892607,0.5004421654762766,0.23144137922400326,hjorth_mobility,hjorth_complexity,0.9782519491177676,0.886022336895935,0.8045879392715771,3.2800071180710026,4.6238001061212675,1.1458885941644563,3.779086421182307,2.6873243702147,1716,eeg_data_level_5.csv,6,AF8,180.01171875,190.0078125
0.9209656993271238,0.9209656993271241,0.8472376380332192,0.47948345192017233,0.8958051140993287,3.130711246773393,3.130711246773393,3.6798031221753664,5.052688170606427,2.266518991476661,4.323823040046581,4.323823040046579,2.854742382099523,6.400298285311969,5.041398568007211,4.134730301778223,4.134730301778222,4.495467377022628,1.7061837106049438,4.426930715141878,1.9068280162510989,1.906828016251099,2.4541373833852447,1.3786381161675383,1.7398275628846716,0.9135752640980045,1.5921950400822495,2.4568630320828455,1.2315582944522578,0.45422297030364517,hjorth_mobility,hjorth_complexity,0.7287648748461222,0.835460702732904,1.1267417319243922,1.5102767150102323,3.5263132506873767,1.1979744393537497,1.1789273344946238,1.5009637285357753,1716,eeg_data_level_5.csv,6,TP9,180.01171875,190.0078125
0.17976334669557772,0.17976334669557775,0.14250938664004936,0.3530682815795535,0.18818288469983385,0.4428840153789544,0.4428840153789544,0.3958517215971973,0.6201162928778774,0.5026297800651139,0.29706268253018403,0.297062682530184,0.25871259453446804,0.18852448951534345,0.3497494979679714,0.3352533164975624,0.3352533164975624,0.2534983926505232,0.597467716017753,0.3649132790626255,0.4407386893210441,0.4407386893210442,0.058442397343382475,0.9550022324117964,0.5759807377141345,1.0529108346061808,1.4572098922471683,1.1762483580141498,0.6770430224536391,0.6521330649047193,hjorth_mobility,hjorth_complexity,0.9826289153330596,1.0008262801818104,1.2388037197303639,0.8872675504938162,0.35193671313491875,1.3086568603809985,0.23115766409759197,0.6646313572010581,1716,eeg_data_level_5.csv,6,TP10,180.01171875,190.0078125
0.03864728223330827,0.03864728223330828,0.03869953752364286,0.05714995198418756,0.0326848620048369,0.14949867997475086,0.14949867997475086,0.14760507271786244,0.19931748035420185,0.11954158200107685,0.06809984696579707,0.06809984696579707,0.04631538707942609,0.061383420253713586,0.087654320105298,0.27179130568992993,0.2717913056899299,0.18037986436218592,0.5462575613107575,0.3385057678778208,0.6397223021246339,0.639722302124634,0.13391169824513577,1.0086672477185765,0.7682825783546533,0.7866315231194808,1.461082575609756,0.8907031337070084,1.4856167810886067,2.320807254113949,hjorth_mobility,hjorth_complexity,1.6632471618109697,1.2660244875722642,1.1489998307138745,0.36195391049025716,0.4376055183059187,1.1849529780564263,0.05724916977665631,0.3307586991870263,1716,eeg_data_level_5.csv,7,AF7,190.01171875,200.0078125
0.037642272222881544,0.03764227222288155,0.025137166379165857,0.09529883839767259,0.040737418554660995,0.07952319140424054,0.07952319140424054,0.07376384499293774,0.13868608289079767,0.08504031199979624,0.10438122059431114,0.10438122059431114,0.13983625961353763,0.082832808352219,0.1026536083167871,0.22372205354831823,0.22372205354831814,0.1262320945186462,0.34051183245780897,0.2617807994896838,0.31868139017017055,0.3186813901701706,0.06276425016694459,0.45995309644866406,0.42882664198667736,0.9644169582507571,1.1528119123204694,1.5408365375161408,1.5785571652254646,1.633809845625232,hjorth_mobility,hjorth_complexity,1.238681438927643,1.1635279372836722,0.9546434947614189,0.45644630305187295,0.1458685061019729,0.9766095972992526,0.05176683623036945,0.3145230587617684,1716,eeg_data_level_5.csv,7,AF8,190.01171875,200.0078125
0.7615657577626178,0.7615657577626179,0.6132430740822551,0.7908846096435316,0.8499608601608365,2.9039863845365974,2.9039863845365974,1.505474754206107,5.2478466199475164,3.8070476500719943,4.253427652356037,4.253427652356037,2.7599017973683644,5.491598811728328,5.3419008392706715,4.770199954390115,4.770199954390115,3.9684131497218806,5.851323385715838,4.872019549067893,1.8162540488713714,1.8162540488713719,1.862852310454845,1.5166148387922782,1.6614418085944418,0.9087911978683373,1.7407828888573311,2.6597845715926858,1.5506181712841463,0.4920068855088219,hjorth_mobility,hjorth_complexity,0.8950895910272193,0.8573423518189479,1.0216181791450765,1.6079722395230893,3.058607881915971,0.885459368217989,0.8250995309797532,1.2556825208784845,1716,eeg_data_level_5.csv,7,TP9,190.01171875,200.0078125
0.25167093183853056,0.25167093183853056,0.21648286457577207,0.3035620103444773,0.27397417797002305,0.9116638630609957,0.9116638630609957,0.6954075845859226,1.2613290143322264,0.9034064578581588,0.5078106186969019,0.5078106186969019,0.4512987847660032,0.368618889708627,0.5818341290924081,0.35716808606610995,0.3571680860661099,0.29483112953805973,0.6595779928579233,0.4187409788506164,0.3709794752368966,0.3709794752368966,0.05528706138514301,0.6347394173249062,0.49670532595749817,0.9733148041815644,1.7891996904967773,1.2744657508054875,0.4985850565340981,0.3879812335469948,hjorth_mobility,hjorth_complexity,0.9826289153330596,0.9376484436799939,1.0268633354432057,1.0666429397633241,0.2755294004148377,0.9766095972992526,0.24584840844246822,0.6854256922698633,1716,eeg_data_level_5.csv,7,TP10,190.01171875,200.0078125
0.012462337496228387,0.012462337496228385,0.009490532508231831,0.01963246421319354,0.014477211489696083,0.04836771702053423,0.04836771702053423,0.031402493626390415,0.11020720641003676,0.05612682928217656,0.052887424340384834,0.052887424340384834,0.036656085970183355,0.07496883143074876,0.06307045868665465,0.2059702741461962,0.20597027414619618,0.12912052530927448,0.3580586234401155,0.2432878326089446,0.6775696560180999,0.6775696560181,0.1654795956193836,0.756833687518389,0.7855339377938487,0.5874782899458804,1.05974196611676,1.2191705321340909,1.98371744862962,4.066773190793049,hjorth_mobility,hjorth_complexity,1.8602106414991106,1.3627990242905264,1.1223432149905264,0.33632885488032743,0.2871062659784863,1.1458885941644563,0.034373803573065805,0.25629520095232233,1716,eeg_data_level_5.csv,8,AF7,200.01171875,210.0078125
0.02382955459398814,0.023829554593988143,0.020610237909742663,0.039256754529756216,0.028595141005110097,0.06450339764084319,0.0645033976408432,0.05201935011386046,0.13194616491390182,0.056128528830356815,0.09659215007047664,0.09659215007047664,0.0693079510272184,0.08296965993011349,0.13067093034616264,0.15248616490057346,0.15248616490057343,0.09578126874613062,0.22073765843629,0.16729931387901328,0.3070690091196286,0.30706900911962864,0.05889169305316388,0.5156285944696632,0.39235857203655033,0.8619716207660733,1.2389970844361302,1.8817364715577698,1.4753106868082007,2.0416963534821964,hjorth_mobility,hjorth_complexity,1.3831213240322797,1.2439332917699928,0.9691866549653053,0.3427351187828099,0.19217596835656747,0.9896310585965759,0.03680323847755598,0.26519766549018503,1716,eeg_data_level_5.csv,8,AF8,200.01171875,210.0078125
0.3348894771354024,0.33488947713540246,0.2843273955584442,0.6725257472044318,0.38436643470987225,1.3998117124558596,1.3998117124558593,1.3444409573215197,2.080203825625059,1.5392601374570778,3.0131874377201022,3.0131874377201022,2.8269490026794295,4.321742946249834,3.1827575200860303,3.4587133590098658,3.4587133590098644,3.4412269008304466,3.4467021383601657,3.3058670993851886,1.4953242749039346,1.4953242749039346,1.898119701643093,1.0800545495782992,1.2513647595854716,0.8393055241511002,1.6290544288174993,3.384608885020861,2.0457170507328097,0.7272088393901333,hjorth_mobility,hjorth_complexity,1.00451374640952,0.9089788351547252,0.9965796966445514,1.5407064685470238,2.2829578891515125,0.9570774053532675,0.5910641010841758,1.0627814613721482,1716,eeg_data_level_5.csv,8,TP9,200.01171875,210.0078125
0.09909152823785229,0.09909152823785229,0.07728011429109106,0.1475324683078637,0.1181846529090347,0.3275738966265564,0.3275738966265564,0.2150100371363512,0.5099498511528343,0.3764792055764154,0.3760072319018083,0.37600723190180824,0.34930194731401365,0.37050854512991754,0.4733186764699736,0.3349757471432564,0.33497574714325634,0.27407733161517883,0.3886643796246986,0.3442986864978351,0.41523970714363345,0.41523970714363356,0.06474037888519969,0.5135526578334306,0.5342691919431954,0.9540989189683264,1.6105741836897944,2.009052191938023,0.9722921308526037,0.8953130493745795,hjorth_mobility,hjorth_complexity,1.2452468882505812,1.0758265204200599,1.0136377264393268,0.9337129637868138,0.17596835656745938,0.9896310585965759,0.12541109210347423,0.48954729327166663,1716,eeg_data_level_5.csv,8,TP10,200.01171875,210.0078125
0.009899287800072201,0.009899287800072203,0.005856232487302983,0.025507937395955516,0.011756634423661578,0.03880833068195642,0.03880833068195642,0.03228402372498068,0.07753354951535213,0.04246123876387071,0.07125715438600665,0.07125715438600665,0.07419966929265025,0.05343620460023291,0.0867956017343388,0.29194343743589013,0.2919434374358901,0.21184013928440687,0.30057919627912133,0.3307765298077097,0.5888206502514781,0.5888206502514782,0.11118470260816139,0.7456053772202134,0.7373244282619568,0.5386650394707786,0.9489774436043185,1.6283262544936465,2.7970646559011763,3.901947361286537,hjorth_mobility,hjorth_complexity,1.8623991246067566,1.3241161203616862,1.0601928720730565,0.28507874366046804,0.20838358014567557,1.0938027489751627,0.030248662530230702,0.24042507884816233,1716,eeg_data_level_5.csv,9,AF7,210.01171875,220.0078125
0.02918334765464735,0.029183347654647352,0.02162229716304302,0.05356039622062724,0.04106751795707315,0.06913294078868926,0.06913294078868924,0.05260160113084766,0.1377038391653304,0.065739617311389,0.14295991469568786,0.14295991469568786,0.16961446942291875,0.1359769840509124,0.15304569527037518,0.20404158899727579,0.20404158899727576,0.17104416130197755,0.4403468977898619,0.22377792564403914,0.3109424639576012,0.3109424639576012,0.0490829774955016,0.4196387215377204,0.4434246947520267,0.8860418690970582,1.166061298463806,2.2177742039649906,1.6392958890399556,1.8090693524748505,hjorth_mobility,hjorth_complexity,1.4509643003693065,1.207560188844823,1.0217985283587658,0.3875789661001869,0.12271477497467562,1.0156739811912225,0.04122174022890368,0.2806660223935532,1716,eeg_data_level_5.csv,9,AF8,210.01171875,220.0078125
0.4844293710662385,0.48442937106623857,0.49399434785599844,0.4750133631011727,0.5926975309825706,2.1590145250808663,2.1590145250808663,1.5323482119120462,4.20239232938747,2.3690532085652403,3.0204319477450903,3.0204319477450903,3.5703434457370338,2.3494496765434407,3.098507104921063,3.7023864599552465,3.702386459955246,3.9962730877705224,3.289146056765416,3.6417499756397476,1.548474378105633,1.5484743781056332,1.836852788942373,0.8745192084296249,1.3514733461326585,0.8291446646267674,1.8163419707100454,2.634587414286384,1.6804995152554594,0.5831765042601176,hjorth_mobility,hjorth_complexity,0.9891943646559976,0.8852039090671421,1.0612398994525303,1.7649257051339087,2.8363320630939173,1.0026525198938994,0.674077241358241,1.1349624964840925,1716,eeg_data_level_5.csv,9,TP9,210.01171875,220.0078125
0.12796357555167373,0.12796357555167373,0.09497652096734316,0.16534227436506663,0.15003132954790452,0.3752270585039106,0.3752270585039106,0.2924490592873625,0.5348215867352664,0.4435351225610171,0.3823050779712536,0.3823050779712536,0.36639968754068336,0.23618536209864774,0.41184988294168906,0.3340442370206329,0.33404423702063285,0.2949427003785924,0.5924060077700855,0.386547301973484,0.4718063449003489,0.471806344900349,0.08999521823369311,0.7661814196742865,0.627148489440432,0.9881662736730208,1.5440264768170022,1.7447353509506993,0.8402977723235295,0.8547563884955525,hjorth_mobility,hjorth_complexity,1.3524825605252357,1.0829852260641806,1.0657436200943813,1.0041818667141205,0.19217596835656747,1.0156739811912225,0.1363614978208523,0.5104727461007423,1716,eeg_data_level_5.csv,9,TP10,210.01171875,220.0078125
0.009063414736301656,0.009063414736301656,0.007502130049511472,0.012726672753131675,0.008278122259779587,0.036360630352665554,0.03636063035266556,0.027799738497148598,0.03626987286786226,0.03691827989940922,0.04614725906276067,0.04614725906276066,0.032332936877078014,0.07989021234505644,0.05080228699286798,0.25617435917339826,0.25617435917339826,0.30178826879040055,0.31869505450052105,0.24953780383001792,0.671937398361876,0.6719373983618763,0.13352701629729918,0.8161520572964974,0.815378098771847,0.49618868236314106,0.8976475057213771,1.193606561676768,2.533286326801074,4.400587387683395,hjorth_mobility,hjorth_complexity,1.7836137327315003,1.317444977330171,1.047112544380205,0.3091022332947771,0.5788432781824321,1.1068242102724861,0.0479145022851239,0.3025939004110059,1716,eeg_data_level_5.csv,10,AF7,220.01171875,230.0078125
0.03496414874635468,0.03496414874635469,0.026073251651543044,0.07331841805006864,0.03737583688530341,0.07173768712439188,0.07173768712439187,0.0640487574161743,0.12847191460317275,0.05992899185016846,0.0870340506901831,0.0870340506901831,0.05217957004380557,0.15897638263629985,0.11019211637182397,0.21336936134479287,0.2133693613447928,0.1490159958006661,0.43649751986616786,0.23615346381404287,0.3332191869282593,0.33321918692825936,0.05433545954496412,0.587215206933772,0.4602616335267276,0.9458044142219257,1.1149967283557694,1.4469485874228851,1.594850528936389,1.7834432772216184,hjorth_mobility,hjorth_complexity,1.4268909861852002,1.2008595005428708,0.9991797311419048,0.374766438295222,0.43065939896772953,1.0417169037858693,0.04996876593947706,0.30901245954963596,1716,eeg_data_level_5.csv,10,AF8,220.01171875,230.0078125
1.074113048174158,1.0741130481741583,0.8480198842664888,1.949507554134119,1.3097161469832446,4.133558424624867,4.133558424624867,3.7036583400649343,6.457352716728522,3.735605989324683,5.373206129557138,5.373206129557139,4.824580882916273,6.167462432965207,6.3410290016154764,6.456040014499235,6.456040014499235,5.787667933170267,5.62449891267849,6.381708292333958,2.1651614459494994,2.1651614459495,2.070223047052158,1.759971659682752,2.172688136570314,0.927527008914785,1.6958546288668004,2.4397047527679754,1.5003759895800801,0.4332271072939654,hjorth_mobility,hjorth_complexity,0.6193407194638215,0.7562989059501005,1.085081063562174,2.275825251356882,2.627948482948242,1.0677598263805161,1.3718313684676604,1.619112566164864,1716,eeg_data_level_5.csv,10,TP9,220.01171875,230.0078125
0.09711896424484714,0.09711896424484716,0.059564733818966084,0.2517923228985909,0.11002334448913711,0.25968286430625376,0.25968286430625376,0.24988066711472404,0.458961583285957,0.251280386038963,0.29576014015035007,0.29576014015035007,0.2597611786928527,0.3313068147183248,0.3520233624645271,0.39511503942413007,0.39511503942413,0.28475755774729733,0.5910102308649876,0.4197753454766059,0.4491002374096228,0.44910023740962285,0.06250412881609727,0.7577185851134409,0.6246247300228668,0.9893093537054736,1.4012283375445371,1.749761814268608,1.1793251895253574,1.0072355564005855,hjorth_mobility,hjorth_complexity,1.1029954862535902,1.0692490763370965,1.0169391189899164,0.8696503247619896,0.38666730982586467,1.0156739811912225,0.1389545811224312,0.5153035251876923,1716,eeg_data_level_5.csv,10,TP10,220.01171875,230.0078125
0.05063295993140389,0.05063295993140389,0.08928652914202342,0.03280785284778863,0.028887015020168393,0.04155068830511624,0.04155068830511624,0.03690024531914919,0.04418210848903738,0.05461027859074677,0.06348747799575043,0.06348747799575043,0.04157214299419077,0.07727617151013849,0.07934657981709173,0.3107428963383683,0.31074289633836827,0.24090845784620268,0.3786552833685468,0.3555753008622363,0.6444971187356557,0.6444971187356558,0.1500740169111255,0.7197245211354883,0.7980823009200237,0.7819436432811215,0.5599076835629639,0.8299124898663177,1.6197911370189246,2.287728783151178,hjorth_mobility,hjorth_complexity,0.8141157160443167,1.3170593102107513,0.8271265812823538,0.5349230358572827,0.4538131300950268,0.8984808295153123,0.11801709298414459,0.4748966819193763,1716,eeg_data_level_5.csv,11,AF7,230.01171875,240.0078125
0.03291104918726771,0.03291104918726771,0.02389823471866882,0.04916451417982008,0.038199099902286454,0.0705863525272763,0.0705863525272763,0.06174455599562483,0.09743865604680317,0.07801249493077876,0.09991983295959997,0.09991983295959998,0.06576202364375744,0.14312290060055874,0.12548567597450783,0.28463497489719725,0.2846349748971972,0.16450889251936243,0.6750284207041268,0.33424535556413953,0.3438382316445065,0.3438382316445066,0.05300395441359109,0.5387725558261628,0.4528152721797999,0.8910006184686503,1.0790770336244708,1.5868208627890437,2.0022870046286454,1.7969486401280454,hjorth_mobility,hjorth_complexity,1.030775543701272,1.161192649510809,0.987512138956286,0.41480558768573716,0.2847908928657566,1.0156739811912225,0.06838489516294978,0.36149872636072233,1716,eeg_data_level_5.csv,11,AF8,230.01171875,240.0078125
0.47851772465875947,0.4785177246587596,0.4171140890576547,0.9378332839220156,0.5197509625259856,2.4922282621535268,2.4922282621535268,2.5901038201120072,2.9553668082668914,2.4325268825652904,3.958305248388706,3.9583052483887053,3.2608410170366953,4.492521008076188,4.557256705975998,4.593957086211803,4.593957086211802,4.703857482418269,3.538436967692784,6.150717653484154,2.0800359717843464,2.0800359717843464,1.598470001139806,1.922059385305754,2.2198427726615466,0.8160016269817216,1.801370041349885,3.081194449702018,1.8787004242468286,0.7158296226786994,hjorth_mobility,hjorth_complexity,0.860073861304883,0.8435012904619383,1.2718326743373993,1.9298870006228313,4.60064637499397,1.2695924764890283,0.979673573960002,1.3682560448155423,1716,eeg_data_level_5.csv,11,TP9,230.01171875,240.0078125
0.2125950049485852,0.2125950049485852,0.2805771503481879,0.11441495663962671,0.18839714657297585,0.4899993046035471,0.4899993046035471,0.47840462980338744,0.2922977342848466,0.3818277110212155,0.3947678995757295,0.39476789957572944,0.37819376634585317,0.26975853701069996,0.4798235507382996,0.4596906494905679,0.4596906494905678,0.27133797767975765,0.7625880663855239,0.5565294263046386,0.5373128019036313,0.5373128019036313,0.11216280164404334,0.7983428543328884,0.7434539379783639,0.944842953044146,1.338642819451859,1.2946029856571704,0.7802640922451718,0.6714497630497483,hjorth_mobility,hjorth_complexity,0.7812884694296265,0.9983940723236288,0.8500108926193685,0.7735563662247531,1.9171289373402152,1.028695442488546,0.4071654273545679,0.8820884309947309,1716,eeg_data_level_5.csv,11,TP10,230.01171875,240.0078125
0.08760847624754436,0.08760847624754438,0.1025971781219927,0.06437673561668678,0.07034837495155115,0.2634638463661443,0.2634638463661443,0.20325992219868083,0.2286786850664578,0.31725669391733574,0.2167818690305243,0.2167818690305243,0.15490432824544184,0.2904076522393875,0.2632357592174668,0.4355273491652319,0.4355273491652319,0.3029815545712149,0.44352041845523793,0.518748954057195,0.33397018939607004,0.3339701893960701,0.07924404401218779,0.3110968247765219,0.39652067764210586,0.8845281941421379,1.5235533743877152,1.490643081711385,1.3981160967610444,0.8343020582823636,hjorth_mobility,hjorth_complexity,0.46176993571330865,0.8823324559242175,1.3974509113723468,0.5301183379304208,0.324152235782162,1.334699782975645,0.13435068321806093,0.5066949996367768,1716,eeg_data_level_5.csv,12,AF7,240.01171875,250.0078125
5.235211794354927,5.235211794354928,8.2089952443572,1.745453790549398,3.183671750130789,1.8075715923361633,1.8075715923361633,1.90967059420002,3.5623447869628033,1.6729402610284314,2.661479412642402,2.661479412642402,2.586135147549927,2.577209219870448,2.874261200151188,2.8567646096731214,2.8567646096731205,2.5843991924600638,3.8058212063290946,3.03383311910732,0.7125044566179317,0.7125044566179319,0.1868068952651306,0.7998980069126508,0.755377234115502,0.9246651236781445,0.3808460395752704,0.5299386724562338,0.279983866834398,0.059903219811046106,hjorth_mobility,hjorth_complexity,0.3151415675010258,0.4651917843464859,2.807466151298379,3.2800071180710026,3.2785683276252957,1.7188328912466844,6.2159769396730695,3.4465245478459994,1716,eeg_data_level_5.csv,12,AF8,240.01171875,250.0078125
1.9306073838739382,1.9306073838739386,1.5680907489921294,3.3472649954292155,1.669207940817662,10.159030265678677,10.159030265678677,10.821243109827408,14.916245934791748,9.4984365450144,18.257005263117758,18.257005263117758,14.526162860124114,21.816687215481416,21.07959606613873,15.462976423471295,15.462976423471293,16.838185570024454,10.389341607925191,11.704434601368503,3.451906405271255,3.4519064052712554,2.178012656563531,2.8321755213160373,3.319417684126151,0.8243058137619029,1.8506021113796411,3.4971611083981387,1.6204096270442052,0.3421297888903608,hjorth_mobility,hjorth_complexity,0.520858979619751,0.5258253588845083,1.0104014599936808,2.435981848918943,4.60527712121943,1.1198456715698095,3.332491312542032,2.5235458033040015,1716,eeg_data_level_5.csv,12,TP9,240.01171875,250.0078125
1.9331932831921883,1.9331932831921887,1.5515047616285458,2.7584132504912806,2.225237892892765,13.066004658439704,13.066004658439704,12.899676982847849,3.981616471720598,11.89357184847441,12.707034074960127,12.707034074960129,7.274582537220059,17.468568564380828,17.530219570003215,5.9998674249003585,5.999867424900357,8.235167007428,1.3944971724099173,4.378240575605578,1.300557548599239,1.300557548599239,0.3245860908335322,0.8945069288040423,1.5026747160258853,0.8185986009133035,2.0239109517098375,2.685846858756006,0.7214320361793118,0.1473067215710136,hjorth_mobility,hjorth_complexity,0.7265763917384761,0.6769385938807204,1.0843897249096983,3.2800071180710026,4.637692344797646,1.419339281408247,3.826764301643104,2.7042232087312676,1716,eeg_data_level_5.csv,12,TP10,240.01171875,250.0078125
0.040860433275886364,0.04086043327588637,0.02920935577176668,0.08433829204363401,0.04389517886366145,0.12344598848613883,0.12344598848613883,0.1076204810780698,0.13024994435626203,0.15496380722873432,0.1404992952091691,0.1404992952091691,0.10363491052801697,0.13819006858238364,0.1861668020848937,0.24903052964645506,0.249030529646455,0.2156616105914811,0.39358746392043586,0.26532307392157967,0.15028826052066502,0.15028826052066502,0.029508051679169298,0.23114649258782938,0.17981185756265108,0.9550779788520848,1.468867688097234,1.8560501287728917,1.5812504315724647,0.7814664722659421,hjorth_mobility,hjorth_complexity,0.8075502667213786,0.8541625029483801,0.8073833520837604,0.42761811549070206,0.3009985046548647,0.8073306004340488,0.05093802242321579,0.3119950609186636,1716,eeg_data_level_5.csv,13,AF7,250.01171875,260.0078125
0.7174655081980555,0.7174655081980555,1.038226646590715,0.4274824937756076,0.43607555586198277,0.3648158559100923,0.3648158559100923,0.3100166797378671,0.45655769454079537,0.46394381969072923,0.4612962467957203,0.4612962467957203,0.4015036432497392,0.7019320659438532,0.44527692965629895,0.31251722134087906,0.31251722134087895,0.446254918361111,0.3409454021293244,0.23840115583371943,0.11584239934314777,0.11584239934314777,0.02297815457357233,0.16337113193342198,0.1609146317235234,0.9922293425706272,0.5292518068900128,0.6624104128656766,0.22936157126443027,0.07242106076105526,hjorth_mobility,hjorth_complexity,0.347968814115716,0.8217641749429231,0.11874492811323481,0.2834771776848474,2.8756934060103228,0.5469013744875814,0.8174927436321544,1.2498809015048675,1716,eeg_data_level_5.csv,13,AF8,250.01171875,260.0078125
0.48328471870537015,0.4832847187053702,0.4328608528058762,0.7605396318094201,0.5361852091824828,1.5955707280370894,1.5955707280370894,1.3610334307918512,2.5681091457870546,1.598261054078849,3.046865736960385,3.046865736960385,3.0550216433242685,2.6093667111139225,3.3794295523897326,2.9876593065110044,2.9876593065110044,3.204292175712259,3.8895213080986646,3.1340517393166705,1.352746917252627,1.352746917252627,1.4600560074984945,1.4300787466826124,1.1236070348951568,0.9189334459999188,1.5564018696537567,2.9100006397601446,1.5505482345340504,0.5722234454187105,hjorth_mobility,hjorth_complexity,0.9935713308712897,0.8594436622908829,1.1370416759062008,1.6512145208648457,2.2459119193478365,1.0417169037858693,0.7428130901480373,1.1914242983287067,1716,eeg_data_level_5.csv,13,TP9,250.01171875,260.0078125
0.15608645099107563,0.1560864509910756,0.10544310822318119,0.12888959617378315,0.2059387653625286,0.3883440865194874,0.3883440865194874,0.2906909476898097,0.4261313823060807,0.46975499852496566,0.3442750679037357,0.3442750679037357,0.3490164329177027,0.3673116227367074,0.3252438356998109,0.3286205341789728,0.3286205341789727,0.1897400700112764,0.656851023480174,0.39763295836335844,0.40519882417848563,0.40519882417848574,0.05865746468674756,0.746493216900472,0.5897707646585179,1.0293798639750127,1.443078115000861,1.4696827947445503,0.7492411882154878,0.6772573671547054,hjorth_mobility,hjorth_complexity,1.0789221720694842,1.023965662803386,1.0863384983576183,0.9112910401281253,0.4561285032077565,1.0547383650831927,0.16489627769316242,0.5613479033240352,1716,eeg_data_level_5.csv,13,TP10,250.01171875,260.0078125
1.1684154025997713,1.1684154025997715,1.2352301085702593,0.9227010585131069,1.0542299064776406,0.5782291934961865,0.5782291934961865,0.6379267354763407,0.2904389745981446,0.46212108062100593,0.2665749439803064,0.2665749439803064,0.15638951036880056,0.23506850126026635,0.3837053116175385,0.3679237864158689,0.3679237864158688,0.21991387321679162,0.30748398339383126,0.45214961630147493,0.6164430784804764,0.6164430784804765,0.13478775984348623,0.6716065987336258,0.7053431117158425,1.1100772034286344,0.49785455816919544,0.27743378068104346,0.17992592417039566,0.20877201312023058,hjorth_mobility,hjorth_complexity,1.2868280672958554,1.0673218056211669,0.5693975355196456,0.590977845004004,3.514736385123728,0.9245237521099591,0.9057690187517176,1.3156349731908759,1716,eeg_data_level_5.csv,14,AF7,260.01171875,270.0078125
0.04414951568771118,0.044149515687711194,0.053989559609272264,0.05446538553207278,0.03577453947970963,0.07259009821497851,0.07259009821497851,0.058335524652220215,0.08968340719231155,0.06517307182221352,0.1475691456457807,0.1475691456457807,0.11830715335633733,0.15150779823904226,0.1671486099309073,0.19315897865160853,0.19315897865160853,0.10869111186496917,0.336019593223376,0.2601934476838817,0.23336175621909064,0.23336175621909067,0.03056813885592732,0.5277316956849759,0.3248724609940797,0.9282482153449408,0.996179316298174,1.9381827350231269,1.30253487185541,1.1669588689692285,hjorth_mobility,hjorth_complexity,0.6696758309396799,1.104266836582282,0.8765071979305484,0.3987899279295311,0.2917370122039458,0.9245237521099591,0.11475556547632111,0.4682885698143916,1716,eeg_data_level_5.csv,14,AF8,260.01171875,270.0078125
0.7221754298902319,0.722175429890232,0.47009458522662934,1.3945620882000342,0.8379037099031371,3.1835042333041477,3.1835042333041477,1.9399972151609173,5.343376691810715,4.2193479549957855,5.045690542774846,5.045690542774846,4.716700675445635,6.77948201029968,5.3169273106851085,5.6310626199629015,5.631062619962901,4.972040455036955,6.629882766960994,5.724022794430048,2.0911736259137825,2.091173625913783,1.8128685545689496,1.5060924006923821,2.291648302038009,0.8781856981468208,1.7921957384833576,2.902390186931988,1.723535742732967,0.5447752374632122,hjorth_mobility,hjorth_complexity,0.8447544795513608,0.8398891927518687,1.1197732386954544,1.9731292819645876,4.718730403743186,1.1003134796238245,1.1419004827463708,1.4772051295774973,1716,eeg_data_level_5.csv,14,TP9,260.01171875,270.0078125
0.1401970863359145,0.14019708633591452,0.0912082046039686,0.21104166765994528,0.1715512555235972,0.3238505913428021,0.3238505913428021,0.19859847563189487,0.5594022710119075,0.4339349664166918,0.28227037204863975,0.28227037204863975,0.19112657420598592,0.41846978702465837,0.3540017869580462,0.3637630183205026,0.36376301832050256,0.2750526803106321,0.609567226931162,0.4205725176958249,0.4479401229416347,0.4479401229416348,0.07149603302117048,0.702542559613963,0.627877087913202,1.03042816770373,1.3840232414345348,1.36735330290568,0.8752193739456459,0.7955634942687663,hjorth_mobility,hjorth_complexity,0.9957598139789356,1.0705694384994646,0.9516677327355462,0.847228401103301,0.5279050697023782,0.9505666747046058,0.1273808194877905,0.49337677068842806,1716,eeg_data_level_5.csv,14,TP10,260.01171875,270.0078125
0.06895724983762258,0.0689572498376226,0.06315421307942813,0.07960152270226811,0.0673517556566134,0.08069238681371711,0.08069238681371713,0.0692999795597972,0.09087787975968481,0.09154464714449632,0.08573535309649534,0.08573535309649534,0.06796125086908796,0.08323844402609977,0.09884279466729043,0.3277257928401995,0.3277257928401994,0.2537439705705778,0.5887612548274536,0.375700302675166,0.7042965244341562,0.7042965244341564,0.1330854757422045,0.947262350694401,0.9017202867586324,0.9597945678983231,0.7611895224479998,0.8582042204106745,1.3775139325929011,2.00933527180157,hjorth_mobility,hjorth_complexity,1.571330871289837,1.2690970766968477,0.9222708109041973,0.28668030963608865,0.7478655154117023,0.9896310585965759,0.07862905571757067,0.38763073871105475,1716,eeg_data_level_5.csv,15,AF7,270.01171875,280.0078125
3.610559590867872,3.610559590867872,3.9839754229065227,1.391191456104392,3.690245973689089,0.8058510475767869,0.8058510475767869,0.7394726587407848,1.5208668209603016,0.937315514557287,1.4659300558507915,1.4659300558507915,1.5424391767783794,1.191938526340866,1.466092521234237,1.0924337519167644,1.0924337519167642,1.019022593759818,0.5713273091321172,0.9090959453602375,0.35372585202084433,0.35372585202084433,0.07521250445861243,0.3736490091318235,0.438389922633288,1.0807832375179216,0.2858495158829901,0.46157963982776773,0.1748788667713965,0.04798948072931282,hjorth_mobility,hjorth_complexity,0.9716864997948297,0.9272769505672145,1.7959575475206608,3.2800071180710026,0.30331387776759444,1.1458885941644563,2.7321830360512713,2.2849756378724977,1716,eeg_data_level_5.csv,15,AF8,270.01171875,280.0078125
1.1764450695991489,1.176445069599149,0.9092930022032751,1.9111142845967377,1.3825421695807203,7.798510687638574,7.798510687638574,5.546863940887709,15.196484484533944,9.302393812275975,10.10917735584102,10.10917735584102,12.989600448496352,12.681135142387468,8.10443622532338,11.09577594137773,11.095775941377727,10.387593833679158,11.988249140538095,10.78216813901484,3.0390080766177507,3.0390080766177516,2.1490338279395043,2.3849973438393,2.95850443244226,0.7798345070265948,2.1019006933053723,2.9496052183187116,1.7525000627268275,0.4313328695240997,hjorth_mobility,hjorth_complexity,0.6718643140473258,0.662682468167342,1.0932017878785707,2.2902393451374676,4.621484733008538,1.0417169037858693,1.9450213376784276,1.9279193569757216,1716,eeg_data_level_5.csv,15,TP9,270.01171875,280.0078125
0.14999951456927688,0.1499995145692769,0.10218664150382337,0.24619388199758271,0.19370962929137364,0.31287273341334587,0.3128727334133458,0.28834578875671163,0.40279660978284254,0.27532403658934784,0.255034693368696,0.255034693368696,0.23468006885439016,0.3392302769496143,0.2925421120319112,0.4824483849474602,0.4824483849474601,0.3383066670787982,0.7940074289296392,0.5977438896712806,0.49486310489106755,0.4948631048910676,0.09721244506854604,0.4639063157043507,0.6372626719872888,1.0476665241014875,1.2697606812601214,1.2099733613721801,1.0795329687976392,0.832224264794853,hjorth_mobility,hjorth_complexity,1.0460949254547938,1.0193041243882348,1.0164381489518906,0.7527360085416852,0.7200810380589455,1.0417169037858693,0.17142807771664306,0.5723578668566315,1716,eeg_data_level_5.csv,15,TP10,270.01171875,280.0078125
0.007391388011213396,0.007391388011213396,0.005272810427609019,0.01319604613842352,0.007600766834012222,0.01889732363282173,0.018897323632821733,0.013696475863860086,0.03189654172418701,0.023010535171272495,0.04438917159632369,0.04438917159632369,0.030506121370968985,0.06389166573822476,0.05321963819090367,0.34303085497492825,0.34303085497492813,0.17282259720782084,0.7005072803133784,0.4467322472277378,0.520552959679259,0.5205529596792591,0.09691280098356567,0.879855254009115,0.7258382043794092,0.4990563267040047,0.6359315902984611,1.342465398006371,3.819419195323292,4.1914187884701,hjorth_mobility,hjorth_complexity,1.75078648611681,1.2668636188990825,1.1175789899289017,0.277070913782365,0.1296608943128648,1.1458885941644563,0.02570354475898774,0.22162726606595876,1716,eeg_data_level_6.csv,0,AF7,120.01171875,130.0078125
0.012752115831481765,0.012752115831481768,0.012302935611314875,0.018450267663406295,0.012295518174773798,0.02051159539518429,0.020511595395184285,0.015878024538868923,0.015596686280943121,0.02196596351423276,0.03265495324518052,0.03265495324518052,0.03227649236292327,0.018236457106538678,0.04261615562573882,0.1393583323456545,0.13935833234565448,0.09461082184839789,0.1842306566945185,0.19567912948070043,0.14631590777761622,0.14631590777761622,0.0207505041562178,0.21887966159934913,0.20987716520113528,0.8932422258291769,0.8754252193658378,1.368692166048455,2.4712142165159587,2.0012987993323192,hjorth_mobility,hjorth_complexity,1.365613459171112,1.1510800123426632,0.8967564068675478,0.2578521220749177,0.08335343205827023,0.9245237521099591,0.01728681303843834,0.18175407064417476,1716,eeg_data_level_6.csv,0,AF8,120.01171875,130.0078125
0.47574524956019754,0.4757452495601976,0.30029604783255576,0.8284479746349098,0.5873182140471946,1.5886032344760725,1.5886032344760725,1.1232549294560854,2.0774160628798324,1.7406940648192075,2.2805760311331342,2.2805760311331342,1.5560382206144499,3.02916148932961,2.465103333926158,2.147677812114446,2.1476778121144458,1.8313186532092451,2.2339173625784143,2.2640125082928493,1.474648266036381,1.4746482660363813,3.3231024026396905,0.6384110112922555,0.769726323641417,0.9618867807014235,1.5989881117006686,2.4536819615766543,1.2273061713279607,0.5571825808577296,hjorth_mobility,hjorth_complexity,1.3021474490493774,1.05185854814385,1.0781676770374191,1.2812527804964855,3.6119820558583764,1.0417169037858693,0.5948158307450644,1.066149083862307,1716,eeg_data_level_6.csv,0,TP9,120.01171875,130.0078125
0.1728379606772176,0.17283796067721766,0.11184677314448219,0.2700017548094724,0.2232858011486875,0.49579274616347424,0.49579274616347424,0.3972367731755358,0.5250263343283603,0.5263852582585402,0.32685283273488713,0.32685283273488713,0.2992014087789787,0.2817519123037592,0.28165393303272057,0.24243608538954275,0.24243608538954267,0.16593722592930157,0.5574581811267981,0.2841627281332718,0.27005363329085136,0.27005363329085136,0.07144411071652322,0.449758480815495,0.3513948266726637,1.0452852149285865,1.5817951250103814,1.2745148567696423,0.524590802340639,0.42884985328815595,hjorth_mobility,hjorth_complexity,0.9782519491177676,0.9716964410954073,1.1116825725813393,1.0522288459827387,0.3079446239930539,1.1068242102724861,0.1909384182106551,0.6040506263588673,1716,eeg_data_level_6.csv,0,TP10,120.01171875,130.0078125
1.7075162334929774,1.7075162334929777,1.1881270380674545,2.6959015083560933,2.062849884051154,2.6627712754646624,2.6627712754646624,2.2739396979344906,1.3422030656699282,3.308804535398374,2.0014227341850805,2.0014227341850805,1.1092730161958457,3.6051188920532815,2.5187982240427136,1.6390894054113778,1.6390894054113776,1.980748008145391,1.5801820149706534,1.3444036309805172,1.058395245720946,1.0583952457209462,0.19848798110629262,1.1665286542700146,1.313038503509909,1.1404039298637823,1.1257687426789147,1.0226794615826884,0.4236884320560976,0.2203773811644361,hjorth_mobility,hjorth_complexity,1.3065244152646696,1.026637854246618,0.6908727503401204,1.6528160868404662,4.602961748106701,0.9896310585965759,2.0179969307435224,1.9637533072658382,1716,eeg_data_level_6.csv,1,AF7,130.01171875,140.0078125
28.19020698058755,28.19020698058755,39.35699956410988,32.764490645802915,20.389162539951403,28.13713526908382,28.137135269083817,36.638700414536416,45.94786059638516,20.31511622745679,16.488435058442818,16.488435058442818,18.19775635012376,21.704788630608064,15.504326204051027,24.992241652570044,24.992241652570037,30.427749055511217,21.51768972615815,22.67799993310238,5.216185642006076,5.216185642006077,1.2147122553010643,5.9505017094506965,6.045999402326237,1.0464101191824053,0.8386708320548106,0.589222939751755,0.4157148463600172,0.07869669456399385,hjorth_mobility,hjorth_complexity,0.7397072903843523,0.3178251826837395,1.1680266727580912,3.2800071180710026,4.628430852346727,0.9115022908126357,23.28397074746577,6.670451046372728,1716,eeg_data_level_6.csv,1,AF8,130.01171875,140.0078125
0.3690730433510846,0.36907304335108465,0.26935846015106757,0.5020065068486872,0.47459952389123133,2.6403208969287,2.6403208969287,2.45882030796431,2.588823820915659,3.1811177994088875,3.6254836194584557,3.625483619458456,3.8397361040020046,3.637268350727856,2.74698880103749,3.4299290625642653,3.4299290625642644,3.4186542979019854,2.74609081880527,3.6451938481881174,1.909338904676926,1.9093389046769262,3.0446971880924196,1.0870753028680527,1.342580049652494,0.7502754922187314,2.083485034348294,3.0964721277729756,1.6346355641830272,0.6828697648634219,hjorth_mobility,hjorth_complexity,1.2452468882505812,0.9545176253840748,1.0130515914948368,1.968324584037726,2.13245863682408,1.028695442488546,0.6883352637264954,1.146902999094775,1716,eeg_data_level_6.csv,1,TP9,130.01171875,140.0078125
0.06336088285276002,0.06336088285276004,0.04676855154067277,0.1134959329060221,0.07661723262113422,0.11560772172708468,0.11560772172708468,0.0945720183076185,0.2055521708908213,0.1406189481761235,0.11764628323563955,0.11764628323563955,0.13660189253721397,0.11237740329055167,0.07725196140434197,0.30972235823055544,0.3097223582305554,0.16070769219600273,0.5239182175519619,0.3943306213698845,0.4296927982947077,0.4296927982947077,0.051564540974589214,0.8954719881347253,0.6163372197522126,0.9896481095243299,1.0926031401877094,1.1644511941260811,1.4249914147764629,1.4363348726897842,hjorth_mobility,hjorth_complexity,0.9344822869648474,1.1417920145407618,0.6612503919916599,0.6150013346383131,0.2500602961748107,0.6510730648661683,0.07724900249954637,0.3842139409267016,1716,eeg_data_level_6.csv,1,TP10,130.01171875,140.0078125
0.22696353073502454,0.22696353073502457,0.22985188611888438,0.1637741541416404,0.2111744329397715,0.12837977838939288,0.12837977838939288,0.12217627743655447,0.2136861123302419,0.09763849156531715,0.2786078651420334,0.2786078651420334,0.15916360771859211,0.35990143185462586,0.3673229931113797,0.5112138297270588,0.5112138297270588,0.2939182774134585,1.1538877571351247,0.6788961605750938,1.237524844763706,1.2375248447637062,0.21113162677315733,1.729093576150308,1.6721284761655337,0.9827981039897355,0.48871637346631375,0.9773617669994247,0.8404705448037639,1.3493969482778938,hjorth_mobility,hjorth_complexity,1.4487758172616603,1.2436555526817228,0.930857437355958,0.6037903728089687,1.0534947662920264,1.1068242102724861,0.2439094669904672,0.6827174562306617,1716,eeg_data_level_6.csv,2,AF7,140.01171875,150.0078125
6.9472708759970025,6.9472708759970025,8.74615444137826,3.124418128436741,5.51876115936838,1.1358679135633538,1.1358679135633538,1.4791070113156153,1.0172659437364047,1.1636584570514898,1.4301990883090876,1.4301990883090876,0.9053636771043128,2.2196127586453627,1.739215234763537,1.8853966032577811,1.885396603257781,1.3958519266477984,1.9536166441044038,2.345362642652489,0.7549090244612368,0.7549090244612369,0.11078522397199385,0.8952760399140365,0.9753887463328657,1.0492297077633503,0.22342202724387555,0.2741918601280866,0.16907220565477285,0.055206621011494254,hjorth_mobility,hjorth_complexity,0.9563671180413075,0.8506266219884557,0.7038278355234653,3.2800071180710026,4.593700255655781,0.8073306004340488,6.956619888963243,3.646076829739524,1716,eeg_data_level_6.csv,2,AF8,140.01171875,150.0078125
1.0312421682766173,1.0312421682766173,0.8410739285015261,0.5364200019444321,1.1785830997384812,5.32869154791545,5.32869154791545,3.839728903972821,8.439849181252942,6.262407565393021,9.187953322114238,9.187953322114238,6.094803087978577,15.163542980589483,11.315490636739867,10.36571083777673,10.365710837776728,11.856496750590733,13.18952587957284,10.24580260526653,3.379769941227939,3.3797699412279396,2.3103769848273785,2.264427914223034,3.1078377981438265,0.7905292503632274,1.8511091147099177,3.3138838101522414,1.9646373864197437,0.5628031919938579,hjorth_mobility,hjorth_complexity,0.8907126248119273,0.7805509651320952,0.9822419341562555,2.6489901236764837,4.512662196710241,0.9115022908126357,1.6746699830037293,1.7889215542829313,1716,eeg_data_level_6.csv,2,TP9,140.01171875,150.0078125
0.1576043172389245,0.15760431723892457,0.09884979839133955,0.3704439202007806,0.19966771935323446,0.35878332655423223,0.35878332655423223,0.3182325666253713,0.4258757857156648,0.3969393573956751,0.16944951736528954,0.16944951736528954,0.16449062043467488,0.15390334963612268,0.19099022842361285,0.2564683189773523,0.2564683189773522,0.11419469749962889,0.5461759516901787,0.3373127992828585,0.4506996735434475,0.45069967354344753,0.08587254930933194,0.5416184049636276,0.621989943966664,1.07408328009565,1.3677400203443415,0.8367015230734755,0.6197302144074959,0.7562412193069641,hjorth_mobility,hjorth_complexity,1.1664614963753246,1.0614292349921086,0.9391585108860441,1.0073849986653618,0.31489074333124306,0.8463949843260189,0.20486595579368075,0.6256934028305633,1716,eeg_data_level_6.csv,2,TP10,140.01171875,150.0078125
0.7936070298340061,0.7936070298340062,1.0726506759066599,1.1163924187401253,0.6021348718148573,0.8215352525996189,0.8215352525996189,0.8207299222971802,1.0372106474620888,0.9429741785812459,1.124041595962728,1.124041595962728,0.9836671113061008,1.4013789845009437,1.0285040329643773,1.4419939094687575,1.441993909468757,1.9002261261359457,1.4288990822821455,1.389311894136275,0.7844511697896064,0.7844511697896065,0.1319318316543845,1.644995964007309,0.9447096470743203,1.0572028974681842,0.8707986652617434,1.2035471742259671,0.7554200582045003,0.3421167046767417,hjorth_mobility,hjorth_complexity,1.0242100943783339,0.9700877929071268,1.107664792876373,2.8299670789216123,1.808306401041918,1.0417169037858693,1.1197958153944971,1.4628375468393695,1716,eeg_data_level_6.csv,3,AF7,150.01171875,160.0078125
0.8962034873703935,0.8962034873703936,1.5387401131249145,0.2926327654771426,0.6700940517564032,0.29216447454129724,0.29216447454129724,0.19490883475406962,0.5885308837359718,0.3516756101900538,0.30604663979871843,0.30604663979871843,0.24872191582619627,0.5684076746030398,0.3174618570550894,0.4705820303559005,0.4705820303559004,0.40729034067580483,0.8800953509813051,0.46712376600715333,0.41084493225611507,0.4108449322561152,0.06748923496400074,0.5901427480967898,0.5520384646560451,0.9570291581890628,0.3793731099055384,0.3917625883986725,0.27793085101247306,0.18526348236878382,hjorth_mobility,hjorth_complexity,0.7769115032143346,0.947011441616988,1.6314590258345378,3.2800071180710026,0.3403598475712701,0.885459368217989,3.2796396974151256,2.5034547508182636,1716,eeg_data_level_6.csv,3,AF8,150.01171875,160.0078125
10.55630827497343,10.55630827497343,14.547669806456087,4.95419562987879,5.2653528951041695,4.542219595780899,4.542219595780899,3.9843212114515665,4.362924628891091,5.394289924999375,4.554521671837282,4.554521671837282,2.5604915567732007,9.125718453898218,5.5684146204860125,5.343104263720341,5.343104263720339,4.750033369113594,3.8572149687450237,5.15179020154498,2.1405337171483785,2.140533717148379,2.52967666015485,1.5666965703801696,1.975709685577236,0.9720618912454404,0.4950002470333254,0.5133650536929054,0.28529827662637897,0.09069805640115877,hjorth_mobility,hjorth_complexity,0.6127752701408835,0.8360332447002014,1.6177725243956753,2.3430910223329477,4.593700255655781,1.3932963588136003,9.551757095030215,4.272364655881894,1716,eeg_data_level_6.csv,3,TP9,150.01171875,160.0078125
2.172204726126792,2.1722047261267923,4.839727791050188,0.39580108414198756,0.5599482918500835,0.441268583691624,0.441268583691624,0.5174611694634221,0.36047691792895614,0.4334842563115644,0.27927257054709537,0.27927257054709537,0.23511311751833822,0.139285887197607,0.3833435144278809,0.36226771833636484,0.3622677183363648,0.19257287531301487,0.740247297546444,0.4595659719516566,0.5265347205678,0.5265347205678002,0.07209776070981205,1.0548494947644649,0.7394447386993823,0.7251354303311001,0.2665173907014803,0.18095969225314815,0.1118428433584625,0.11493250221683803,hjorth_mobility,hjorth_complexity,0.7572151552455204,0.9714465774243818,0.2650131501156023,1.0650413737877036,3.6907047416911873,0.9375452134072825,2.7294697696907133,2.283840778417343,1716,eeg_data_level_6.csv,3,TP10,150.01171875,160.0078125
0.044242155760230925,0.04424215576023093,0.03504968221054319,0.0773215559032694,0.04751296427284183,0.08960442025277121,0.08960442025277121,0.12244357459090681,0.06796466182559191,0.0738100559494013,0.14253275652329384,0.14253275652329384,0.10077270376520421,0.09784885003993897,0.18027449725876343,0.2980252392144425,0.2980252392144424,0.22407919043928393,0.5529174531500446,0.34259393476544514,0.6208803713866695,0.6208803713866695,0.1184946458430827,1.0539532137219114,0.753802571866633,0.8783551132179775,0.9595408760396967,1.603150856082055,1.572897443877873,2.22930087833537,hjorth_mobility,hjorth_complexity,1.573519354397483,1.2737871809805956,1.1071738422391078,0.5189073761010766,0.42602865274227003,1.1719315167591031,0.07141510821473254,0.36942112632377694,1716,eeg_data_level_6.csv,4,AF7,160.01171875,170.0078125
1.4464994053606761,1.4464994053606763,2.092619586768792,0.9303861835651898,1.1656143769353475,0.605592122490402,0.605592122490402,0.6964019330950914,1.1864201178561102,0.48304736169054463,1.249513082300059,1.249513082300059,1.0307006132542849,1.2723349894902254,1.469175428170174,1.2982364600418166,1.2982364600418161,0.8441961069246157,1.4258076944641935,1.4620960890613377,0.6986240135767771,0.6986240135767771,0.16002849478239758,0.8970530040407929,0.9400581272940294,1.052078940280273,0.46543382149190093,0.8802255496408408,0.46296386999623734,0.20062061951533788,hjorth_mobility,hjorth_complexity,1.3130898645876075,1.0539381883999426,0.45690972318135176,0.590977845004004,4.660846075924944,1.210995900651073,3.241040684139268,2.4886792119293832,1716,eeg_data_level_6.csv,4,AF8,160.01171875,170.0078125
0.29777612275918486,0.2977761227591849,0.23924572044273706,0.48465433752559356,0.3417038582120802,0.751778712029302,0.7517787120293021,0.5273083001897281,1.2212450175172607,0.9669309873816431,1.8564530157135553,1.8564530157135553,1.3564923720950754,2.9652666245194617,1.995545854371358,2.5532169026039564,2.553216902603956,3.241650694875876,3.3754698169716315,2.650422149949167,1.6485117901819022,1.6485117901819024,2.81839271788479,1.3127764134505615,1.272743429602247,0.9206964132458387,1.2931324065882657,2.910356316502255,2.011272130057013,0.9525926467223267,hjorth_mobility,hjorth_complexity,0.6937491451237859,1.1207396308658362,2.176599592112978,1.4926594892784055,2.4288263952534854,1.9532191945985051,0.5711427038549013,1.0447178025765835,1716,eeg_data_level_6.csv,4,TP9,160.01171875,170.0078125
0.12858524017248849,0.12858524017248849,0.10736285794669323,0.19775626726485934,0.14854584707992363,0.30774310810525507,0.30774310810525507,0.23016627135380788,0.4251438690470755,0.3400496069889842,0.2898917711243942,0.2898917711243942,0.23295410687076662,0.3836491738503588,0.3584952066041278,0.29109865634985926,0.2910986563498592,0.26256995819021395,0.2026839035307455,0.3331923901637788,0.3638647095531078,0.3638647095531078,0.04830122956138484,0.5607931199670596,0.4908202717791698,1.0295985856147727,1.3937164421124464,1.5059275167421329,0.7793557775730817,0.7233182588625984,hjorth_mobility,hjorth_complexity,0.7812884694296265,1.0470734128356858,1.1814827279794617,0.7543375745173059,0.3797211904876755,1.1589100554617797,0.18183096105114555,0.5894684913540996,1716,eeg_data_level_6.csv,4,TP10,160.01171875,170.0078125
0.0751609807688687,0.07516098076886871,0.06677455561057888,0.13445840097905787,0.06273365670315072,0.1443681262615746,0.1443681262615746,0.09039538772298132,0.24826994409685074,0.17065900708506426,0.11729078375298896,0.11729078375298896,0.0964762909142358,0.17738163833544507,0.12466486751707258,0.5703745837538001,0.5703745837538,0.48103611489516196,0.9108889521447072,0.6410006198750362,1.2026266072778828,1.202626607277883,0.19486893079352738,2.1063283314461154,1.4224975871470589,0.8694646137606885,1.002606761941909,0.8998274140241579,1.7411349623832626,2.5070779117872353,hjorth_mobility,hjorth_complexity,1.6654356449186156,1.288223596477415,1.1484688024735674,0.6053919387845894,0.5996816361969997,1.1589100554617797,0.11242499529128508,0.463508942911488,1716,eeg_data_level_6.csv,5,AF7,170.01171875,180.0078125
0.016323366322102646,0.016323366322102642,0.01935036494078796,0.025474393369522404,0.011992084137024427,0.027498535466395982,0.027498535466395982,0.02474101615781752,0.027314324574800986,0.02474859690346221,0.05924114373375022,0.05924114373375022,0.06289134834706725,0.06866916372391223,0.057191798902500694,0.22224873326838698,0.22224873326838693,0.15634579538568202,0.4515839353668236,0.24628210720668758,0.5104849804585136,0.5104849804585136,0.09780626343150547,0.5791605379431582,0.6583020250669133,0.699395852587071,0.6895278765566196,1.3774865633687,2.2029962265364813,3.4019173584390674,hjorth_mobility,hjorth_complexity,1.4247025030775542,1.3255199447714596,0.6455199327976525,0.2370317643918498,0.5996816361969997,0.7422232939474319,0.07115483795540335,0.36874733965519263,1716,eeg_data_level_6.csv,5,AF8,170.01171875,180.0078125
0.3334023690221924,0.3334023690221924,0.25466001058850996,0.22296605499992841,0.42584583548255345,1.0548133511075337,1.0548133511075337,0.6522400053064171,0.9907882447780988,1.544433484943888,0.7051975565455236,0.7051975565455236,0.7168666633470013,0.5354216529662943,0.5434367950976937,0.6051267208833481,0.6051267208833481,0.6092645618307461,1.0086584702906776,0.6927003567134661,1.506864938209377,1.5068649382093775,2.9230430712554254,1.075194982782067,1.0123416271990096,0.9715719752828824,1.6312024646883576,1.3043263682300024,0.6092492981974513,0.8573687418701619,hjorth_mobility,hjorth_complexity,1.6172890165504032,1.1502769116482032,1.2306729760132067,1.1755494261055255,0.6019970093097294,1.1198456715698095,0.3492142804329225,0.816907110583813,1716,eeg_data_level_6.csv,5,TP9,170.01171875,180.0078125
0.33543623241940945,0.3354362324194095,0.2077333275725596,0.8089291708717411,0.3792870895504376,0.6655247604743075,0.6655247604743076,0.5642311356343351,0.6689201094472167,0.7010971015116091,0.3746626488530682,0.37466264885306827,0.40139870350783846,0.25316202206496047,0.35578350843419904,0.32580934699936165,0.3258093469993616,0.32847161085063853,0.558732945226028,0.33625945078705993,0.413387279867097,0.413387279867097,0.06822940992462304,0.7845992099792208,0.5286225176754054,1.1252743048449803,1.3047106555391677,0.9092669943158971,0.41691368574972276,0.3861151892876003,hjorth_mobility,hjorth_complexity,0.9673095335795375,0.9785043626194919,0.9288685863049959,1.0201975264703265,0.32646760889489174,0.8724379069206656,0.3025836138769478,0.7604127349207074,1716,eeg_data_level_6.csv,5,TP10,170.01171875,180.0078125
0.34061371900625825,0.34061371900625836,0.3662107057073844,0.1309708482825921,0.4256293916688474,0.42784566717196126,0.42784566717196126,0.3584142338678707,0.48285254030124597,0.4871489618248799,0.32005799268172513,0.3200579926817251,0.3827285905834661,0.30584662054321604,0.31502995799195394,0.8769956120735968,0.8769956120735964,0.6139817739122148,1.442341734098455,1.0043156270584972,1.5867240892211891,1.5867240892211893,0.2794284300753126,2.175302064279387,1.9165450139074667,0.974111092413991,0.9014594821395739,0.741952189371844,0.9138664474230098,1.1413646999834994,hjorth_mobility,hjorth_complexity,1.5188072767063328,1.2179925410798809,1.0170643614994228,1.551917430376368,0.9076262601900535,1.0547383650831927,0.3869709037074934,0.8599354142626732,1716,eeg_data_level_6.csv,6,AF7,180.01171875,190.0078125
0.03649144389501962,0.036491443895019626,0.04644261833146186,0.02840141961203934,0.030101824056538547,0.058464306012297976,0.05846430601229797,0.047892829640728454,0.07733410382458626,0.06472845364662072,0.10818864751344999,0.10818864751345,0.10995197696453818,0.14286545258039343,0.10789571310781347,0.2571324177714071,0.25713241777140705,0.135562302549508,0.4243114489018237,0.35609834860255896,0.6722083077866815,0.6722083077866814,0.11266560821471333,1.045220347551993,0.8334778538682142,0.7731460529548628,0.8179140517846339,1.4292463479964412,1.5692306327770942,2.67980754690066,hjorth_mobility,hjorth_complexity,1.5034878949528105,1.32702233659369,0.8177233736686113,0.4180087196369784,0.5765279050697024,0.8594164456233422,0.06634408654175063,0.35606377196208955,1716,eeg_data_level_6.csv,6,AF8,180.01171875,190.0078125
0.24915908994995123,0.24915908994995126,0.1615468225965521,0.5648568668359626,0.27340266824953974,0.660116542493252,0.6601165424932521,0.5913963696488194,0.9299992543186218,0.5948618602419967,0.4751677833993852,0.4751677833993852,0.4354856052370863,0.44871023741054117,0.4630242593581798,0.5696567881568605,0.5696567881568604,0.4422521710391963,1.0141117341474155,0.6613958325637985,1.6498404788893302,1.6498404788893306,3.1495660079122545,1.5177685125582872,1.1428501627291385,1.002474139989338,1.404923459323729,1.2173863149522874,0.7433379345739151,1.1873340775390873,hjorth_mobility,hjorth_complexity,1.4356449186157842,1.2061324854229982,1.1563991581755144,1.0362131862265327,1.0257102889392697,1.1263564022184713,0.32890066251008004,0.7927916237011502,1716,eeg_data_level_6.csv,6,TP9,180.01171875,190.0078125
0.37279800870970414,0.37279800870970414,0.2148226538827632,1.0416571346807084,0.450707644636842,0.7635874666903315,0.7635874666903315,1.0023626980663722,0.6441170186217281,0.4665563899827696,0.396598154741625,0.3965981547416251,0.415154864377,0.22573571663167274,0.4078057431048883,0.48102121914584833,0.4810212191458482,0.39514152399754704,0.9503740074223245,0.551455832421127,0.5243965549203315,0.5243965549203317,0.09534983258253635,1.0054055807167244,0.653904105363123,1.1224079426364326,1.246095845260493,0.861960732791965,0.5319978838802929,0.42952608643085693,hjorth_mobility,hjorth_complexity,0.9213513883189712,0.9447432004603382,0.968615549121956,1.1675415962274225,0.8381650668081617,0.8984808295153123,0.474526750106769,0.9522632594979624,1716,eeg_data_level_6.csv,6,TP10,180.01171875,190.0078125
0.04952851025124667,0.04952851025124667,0.04593253127829933,0.08779984942916363,0.054766913569437095,0.15562328173987178,0.15562328173987175,0.18815198822523846,0.07204926823750925,0.11994167688152932,0.13253678142898725,0.13253678142898725,0.09890493171051368,0.12237340509978153,0.17787673216038155,0.5663980461105094,0.5663980461105091,0.4860695411079078,0.6280712249707684,0.5987086325411518,1.603791485209914,1.6037914852099144,0.37059148744840625,1.7168891863842521,1.828319258660822,0.7075393724221837,1.0291778243919265,1.0598953363148493,1.8532322407752502,3.3783889646978493,hjorth_mobility,hjorth_complexity,1.9652578306661193,1.3632331901330121,0.9351407311810779,0.3763680042708426,0.7941729776662969,1.0026525198938994,0.09304080299000407,0.4216609702532772,1716,eeg_data_level_6.csv,7,AF7,190.01171875,200.0078125
0.011565805913608902,0.011565805913608904,0.009393475670760402,0.01884550669172891,0.012504343128621734,0.04528839422736545,0.04528839422736545,0.045180579848450114,0.04270488576208607,0.049277784207871836,0.057105144474091325,0.05710514447409133,0.05482402506117202,0.05031845474902377,0.061303175933454426,0.2796293640846468,0.27962936408464667,0.1942531946383386,0.39943175266178765,0.34863417886847964,0.6481861047175712,0.6481861047175712,0.1146354515355114,0.8876142690933695,0.8605046032013687,0.553584693395617,0.9623534955494175,1.2826969114053033,2.5409747175919137,3.963802537515017,hjorth_mobility,hjorth_complexity,1.7026398577485977,1.310765190759984,0.9225964414289141,0.34914138268529227,0.0972456707346486,0.9245237521099591,0.0380036618154872,0.2694879812999444,1716,eeg_data_level_6.csv,7,AF8,190.01171875,200.0078125
0.22385623638777066,0.22385623638777072,0.21996430014589122,0.16667811854767486,0.19022504130935217,0.7048805832327977,0.7048805832327978,0.6194745641619811,0.8718438450931966,0.8969744043672301,1.2577966989758058,1.2577966989758058,1.2015497607767063,1.223698877107749,1.3180711123439102,1.1953056149888017,1.1953056149888015,0.99536140329388,1.776496641461455,1.2132039077408034,1.6300929614021664,1.6300929614021666,2.6758214663271804,1.6412179049648716,1.2660216933368145,0.8633197516107848,1.457951876026605,2.5708701115038446,1.3434114501706265,1.1842383476618752,hjorth_mobility,hjorth_complexity,1.4969224456298726,1.1994158358490106,1.1034917124596189,0.8792597206157131,1.884713713761999,1.1068242102724861,0.27241554351434805,0.7215104420059298,1716,eeg_data_level_6.csv,7,TP9,190.01171875,200.0078125
0.5167545585767556,0.5167545585767556,0.5044024011559094,0.4684842050157217,0.5629416331867514,0.4991992902532123,0.4991992902532123,0.40076142532767445,0.7285130945278421,0.576256056173259,0.430878878370089,0.4308788783700889,0.45591922470323676,0.3207779925303512,0.4702898534388814,0.35927978080730943,0.3592797808073094,0.24000279647083064,0.698717405042734,0.45246234617089287,0.53006807332109,0.5300680733210901,0.1323968041238181,1.1066555781741183,0.6684696858273721,1.097298281771246,0.8104714598994949,0.7470027242855477,0.3305185563724093,0.34536238553196325,hjorth_mobility,hjorth_complexity,0.8535084119819449,1.023065129711407,1.0025612788985785,1.58394874988878,0.5441126814914862,0.8984808295153123,0.4527384009225301,0.9301443343908206,1716,eeg_data_level_6.csv,7,TP10,190.01171875,200.0078125
0.00815650469333272,0.008156504693332721,0.005875559235738552,0.015710060420113248,0.00918468989875885,0.036714885506463214,0.036714885506463214,0.029056435574385184,0.0595551128425444,0.033033949545607504,0.0650220598579551,0.06502205985795512,0.06344878321037319,0.06771010755803639,0.07912917354859655,0.6746964773854657,0.6746964773854657,0.6189442429490655,0.6745962644620654,0.6437279943179057,1.2723277059678477,1.272327705967848,0.24708413777790522,1.6345239121646014,1.6468283988373418,0.3269329195306163,0.6239824224848892,1.0400267213152719,3.6736996374247375,4.969628000347763,hjorth_mobility,hjorth_complexity,1.897414854329093,1.3388770049822507,1.0189880864454415,0.366758608417119,0.3542520862476485,1.028695442488546,0.051059605680672616,0.31236718733156466,1716,eeg_data_level_6.csv,8,AF7,200.01171875,210.0078125
0.02603301426531245,0.02603301426531246,0.016150590037003188,0.057660070116960796,0.03174692488414368,0.10907673590919745,0.10907673590919745,0.0851699966917662,0.13984013574311396,0.1092251747111475,0.09388190335882896,0.09388190335882896,0.07783758826523426,0.13366892962943064,0.11189178299835519,0.4272923803718587,0.4272923803718586,0.29038594792036515,0.5285193217610149,0.5541928256505089,0.5137766721655331,0.5137766721655332,0.0884162290240514,0.8492207189543908,0.6965975866111442,0.7412800240528304,1.3959994378434701,1.3925237794662677,2.567663862010294,2.3284869776276844,hjorth_mobility,hjorth_complexity,1.6938859253180139,1.2671749460601476,0.9214592394425957,0.3779695702464632,0.5024359654623511,0.9505666747046058,0.04570301091408018,0.29552830639240874,1716,eeg_data_level_6.csv,8,AF8,200.01171875,210.0078125
0.32161965598410297,0.32161965598410297,0.2465021628889116,0.5738608497083064,0.3953070361971783,0.9025351473881026,0.9025351473881026,0.6362146489242032,0.8529801939543711,1.339435907038273,1.5726262692792672,1.5726262692792672,1.9244858877013897,1.3101778760737302,1.5390330558915322,1.499373149681188,1.4993731496811877,2.383696349434201,1.9133981239133018,1.3442555278977324,1.7729616546225015,1.772961654622502,3.504528182476222,1.4828385948824383,1.183951306448285,0.9474684279683164,1.4110793811478552,2.4115918660606646,1.2432383897814925,0.9395089413922959,hjorth_mobility,hjorth_complexity,1.4443988510463683,1.1000328790714016,1.0424485133261856,1.1307055787881484,1.852298490183783,1.028695442488546,0.4682265108244739,0.9459205893263932,1716,eeg_data_level_6.csv,8,TP9,200.01171875,210.0078125
0.16456352354555587,0.16456352354555595,0.12768027979835808,0.34349565551872785,0.19088997015194392,0.4628362354028967,0.4628362354028967,0.3947196290934917,0.637148082227485,0.4835953375841249,0.47498989260410074,0.47498989260410074,0.49667476805388866,0.5373293697600418,0.5095544875583462,0.391633913043625,0.39163391304362494,0.6227377921455822,0.7808783104504281,0.38303751552803134,0.4713813159768357,0.4713813159768357,0.06471528214340234,0.5660988902420514,0.6673880244829579,1.0080986156120644,1.5078058689822336,1.7299487174319013,0.7677896044745569,0.6939651995489255,hjorth_mobility,hjorth_complexity,1.063602790315962,1.0100749994366838,1.2007650647430717,1.0041818667141205,0.6182046210988376,1.1849529780564263,0.20654487261810758,0.6282520117357854,1716,eeg_data_level_6.csv,8,TP10,200.01171875,210.0078125
0.01000939313402478,0.010009393134024781,0.00748947623933415,0.01666809522621238,0.009798821775061925,0.029671148866272593,0.029671148866272593,0.019547698929173535,0.0599563902633441,0.037586380183705186,0.06418928980309667,0.06418928980309667,0.06326611828534698,0.06757974410360434,0.06611539740422333,0.7427063217326572,0.742706321732657,0.6877163752459993,0.7101360986024007,0.7758536866962862,1.2060296290267607,1.206029629026761,0.23277723005753112,1.958145543580013,1.502018044124922,0.37502849584784026,0.5337362937160604,1.0167089361090524,3.971028812311471,4.740543032787712,hjorth_mobility,hjorth_complexity,1.8098755300232523,1.2955392997412216,1.070688194369695,0.45804786902749356,0.3426752206839998,1.0807812876778395,0.059291715943676444,0.336607422583747,1716,eeg_data_level_6.csv,9,AF7,210.01171875,220.0078125
0.012714260474328587,0.01271426047432859,0.011848797159387076,0.023330698792843493,0.012123009856708227,0.030622515577666484,0.030622515577666487,0.02798945266196095,0.03182803337782753,0.03338293749580754,0.045945681808338204,0.045945681808338204,0.03790105057954276,0.059983723858406945,0.05473773761283117,0.2962013060741664,0.29620130607416634,0.28937585131173965,0.37367239881680075,0.2468532767045677,0.49389571521492737,0.4938957152149274,0.10669702671484992,1.0947808186348746,0.628252450860271,0.637866423746792,0.8074023983307491,1.2031350566194299,2.8941373468483405,3.513063286303291,hjorth_mobility,hjorth_complexity,1.6654356449186156,1.2991285717162975,0.9148664737421772,0.3026959693922947,0.08335343205827023,0.9245237521099591,0.0308243698448553,0.24270223865908652,1716,eeg_data_level_6.csv,9,AF8,210.01171875,220.0078125
0.23637648494177405,0.23637648494177407,0.17478863747592197,0.4268606401393615,0.2740667552462186,1.349230629367226,1.349230629367226,1.354984479460541,0.9858629057846945,1.1504111023449626,1.389020122316791,1.389020122316791,1.5692247054432227,1.170885420184933,1.1484006093538732,1.5609844948320823,1.5609844948320821,1.2977619704139265,1.8216862753242404,1.5468258357541322,1.6313607620544583,1.6313607620544588,3.0424054866862127,1.065867429218487,1.1596604071272256,0.8132976747821339,1.8485367375108657,2.2734570562846192,1.3666942883264617,0.9361620019560478,hjorth_mobility,hjorth_complexity,1.4247025030775542,1.0557292393819506,1.0882071165994542,1.5951597117181244,1.8962905793256477,1.0677598263805161,0.5670643962840329,1.0409811587069628,1716,eeg_data_level_6.csv,9,TP9,210.01171875,220.0078125
0.10792739716755191,0.10792739716755194,0.084375240385053,0.2268720722393545,0.11615194315889361,0.3476699477003961,0.3476699477003961,0.2767788649838675,0.3113039419409171,0.3563481322227465,0.3225940850245968,0.3225940850245968,0.4389345394380662,0.24940242339229804,0.31524242929831864,0.37305194668781716,0.3730519466878171,0.2795634292105798,0.6272318905869484,0.4193416477200496,0.44502399558894296,0.44502399558894296,0.07096350051412137,0.8871182200979264,0.6089040437313152,0.9629543005577869,1.5517241697583508,1.6371158278114581,1.0048211206124105,0.8904444265642696,hjorth_mobility,hjorth_complexity,1.1008070031459445,1.0294181697548652,1.0680480822692997,0.9176973040306077,0.3473059669094593,1.0417169037858693,0.1975457240078004,0.6144131407198605,1716,eeg_data_level_6.csv,9,TP10,210.01171875,220.0078125
0.054914101111137884,0.0549141011111379,0.05258248201894784,0.09331866739021315,0.05588987874584531,0.08159720151693747,0.08159720151693747,0.07986752548550569,0.061086518390733556,0.09070631942758164,0.13873844177440162,0.13873844177440162,0.10407655568640817,0.16740925509199522,0.16462586241480262,0.6145728143270727,0.6145728143270724,0.4699891784615824,1.2191311348362888,0.7273050515519821,0.9437937110437968,0.943793711043797,0.28202907211341044,1.3932539929793806,1.170250372414539,0.8392874083900362,0.7805438822579243,1.2949166348582573,2.3408938705824873,2.55885632953352,hjorth_mobility,hjorth_complexity,1.6457392969498015,1.2464536940348776,1.0558294230418523,0.5653527893940742,0.3588828324731079,1.0938027489751627,0.08989544459566,0.4144723095515238,1716,eeg_data_level_6.csv,10,AF7,220.01171875,230.0078125
0.04064489117826186,0.04064489117826186,0.03424438940829465,0.06976342256673398,0.04321939199818145,0.06033175327690169,0.06033175327690169,0.053547929694958085,0.028765336331277577,0.04860514375973866,0.12570888438373706,0.12570888438373706,0.1162917288209798,0.07778377278075502,0.16236307180913054,0.2558759459470109,0.25587594594701085,0.16475821850067107,0.4618452053899061,0.28748325597985325,0.4924895748618101,0.49248957486181,0.10261748526889113,0.8263305354297402,0.632534829532851,0.923685276761453,0.8383943901047105,1.6498395650070794,1.604662211974304,2.1433974241162668,hjorth_mobility,hjorth_complexity,1.4947339625222267,1.2260215181974448,1.0529087677201625,0.5797668831746596,0.775649992764459,1.0742705570291777,0.074523333213521,0.3773747292850692,1716,eeg_data_level_6.csv,10,AF8,220.01171875,230.0078125
0.20394852930402738,0.20394852930402743,0.15882121982761863,0.24641332731339194,0.19813463231665304,0.8511602168503128,0.8511602168503128,0.8609857120517147,0.6394665741054454,0.9144061179720236,1.5929769916936154,1.5929769916936156,2.0509652764703943,1.0203114998004055,1.238153757552832,1.8068001580641024,1.806800158064102,2.3855956568806764,1.5347547095467151,1.7635681063834965,1.6132023436362684,1.6132023436362684,2.7419182008494385,1.8098967993568178,1.2343503236238336,0.8241656263029937,1.5681772185070524,2.8819307962542404,1.8030718734650872,1.1208009150277374,hjorth_mobility,hjorth_complexity,1.538503624675147,1.1173916133042958,1.128976058293987,1.1675415962274225,1.808306401041918,1.0677598263805161,0.37790509341632605,0.8498025921471959,1716,eeg_data_level_6.csv,10,TP9,220.01171875,230.0078125
0.06241513332983475,0.06241513332983475,0.048790198893731894,0.11784884795697426,0.06807473894679897,0.11342220134941479,0.11342220134941479,0.10494137146434643,0.13865967222569966,0.11412297836238511,0.1244467989390505,0.1244467989390505,0.09839342446440386,0.15830930605135235,0.14433124278414458,0.3615455648055942,0.36154556480559413,0.24147149220467853,0.5966648481267482,0.45111734208258303,0.42026442358800353,0.4202644235880036,0.06593167616026523,0.7512511125230884,0.5722448975347872,0.9879879100407879,1.0654171798654628,1.280699276226294,1.6412733511070583,1.4258469181834157,hjorth_mobility,hjorth_complexity,1.1445766652988645,1.1083725659143977,1.0760535834769505,0.9273066998843313,0.18986059524383775,1.0807812876778395,0.12557431376733852,0.48986576088267575,1716,eeg_data_level_6.csv,10,TP10,220.01171875,230.0078125
0.0033271478506941804,0.003327147850694181,0.0029384041794698187,0.0036147833815068017,0.004006324568622904,0.015575235777826336,0.015575235777826336,0.011624898680696544,0.026806806930678023,0.01914363916442586,0.04754960246607013,0.04754960246607013,0.035980239874717754,0.06306612438421429,0.05871938054822694,0.553311372634007,0.5533113726340068,0.3410237634829701,0.6889455312816207,0.7530070142285504,1.1098261562126852,1.1098261562126852,0.32629673749808946,1.952004641239953,1.4002962168608752,0.19512409078958623,0.3853698037852541,0.989984529703478,3.9111015781391414,5.388448885496609,hjorth_mobility,hjorth_complexity,1.9565038982355352,1.343141745368134,1.0730728117506976,0.321914761099742,0.1551299985528918,1.0807812876778395,0.04131650326651864,0.2809884432407809,1716,eeg_data_level_6.csv,11,AF7,230.01171875,240.0078125
0.020739356264644657,0.020739356264644657,0.016141838444926063,0.0486276302198367,0.022384381196726373,0.08425253467521451,0.08425253467521453,0.07123817624381297,0.08637211202415031,0.07257413543454122,0.05483867055764056,0.05483867055764056,0.05204583840627565,0.05694016587463218,0.04805233193101192,0.23172193170478766,0.2317219317047876,0.20713897947087184,0.4071003271325456,0.22088976918487568,0.5090529132872872,0.5090529132872873,0.10639327336541964,0.9385017600037037,0.6594514365003306,0.7381643587757047,1.327837204143011,1.0637220473776097,1.8499920825165925,2.7931412538524647,hjorth_mobility,hjorth_complexity,1.7223362057174119,1.2790696603727407,0.9805937427311509,0.4420322092712875,0.5047513385750808,1.0221847118398844,0.0554890954148921,0.3256345678012386,1716,eeg_data_level_6.csv,11,AF8,230.01171875,240.0078125
0.18652926758770794,0.1865292675877079,0.1595379482584866,0.199168769802158,0.22894626010602742,0.37405032359983126,0.37405032359983126,0.2817740148804276,0.26319351298785837,0.502970639419336,0.4536155702155248,0.4536155702155248,0.4472002646512739,0.16831257694212132,0.46842495069363704,0.6039778895897109,0.6039778895897108,0.40290712042613974,1.0025859312553445,0.8149751258587634,1.5922316314227334,1.5922316314227334,2.916499331463914,1.7109332189406723,1.206723329889191,0.950889309405839,1.1349779798672712,1.4399037764191298,0.9972070510408259,1.4679643733830665,hjorth_mobility,hjorth_complexity,1.6216659827656954,1.2145123251585639,1.0525330401916433,1.2780496485452442,1.1576865563648642,1.0156739811912225,0.3059899817288177,0.7646809704281978,1716,eeg_data_level_6.csv,11,TP9,230.01171875,240.0078125
0.08068282640660146,0.08068282640660147,0.07086389591516223,0.1306493165087168,0.08772110277497323,0.13504279693824411,0.1350427969382441,0.14799600447108344,0.12413695573348563,0.10822909858277899,0.11391532250346621,0.11391532250346621,0.07692393692501107,0.11323758062622372,0.17434002926794986,0.2836977011863275,0.2836977011863275,0.16695547793193097,0.6455996190652403,0.3856995055559752,0.4194183502716111,0.41941835027161123,0.0734820184680815,0.6605174143815847,0.5529153293273713,1.0156357484204381,1.0397193928485975,1.0170323020454934,1.1493660860736414,1.2106033772600115,hjorth_mobility,hjorth_complexity,0.9016550403501571,1.1170955746466809,1.3239485873932142,0.8664471928107483,0.16439149100381073,1.3021461297323367,0.12257790856006473,0.4839859811727731,1716,eeg_data_level_6.csv,11,TP10,230.01171875,240.0078125
0.013432637025979067,0.013432637025979067,0.01251039954454574,0.01416529690023315,0.016077785292243716,0.03142157198822443,0.03142157198822443,0.019917413074639796,0.038862998347899795,0.04301328646315911,0.0642210354700493,0.0642210354700493,0.040633597234754466,0.06227650062696118,0.08777168622493227,0.6134646149365501,0.61346461493655,0.4621268690936196,0.8098949369867949,0.8024382769059465,1.2753090917736916,1.2753090917736918,0.2650989578954129,1.1909963084263535,1.5345561530931155,0.4452547484932407,0.5345984314440987,0.9910130455400799,3.34961509100723,4.724585635178178,hjorth_mobility,hjorth_complexity,1.8230064286691285,1.3206558395329195,1.0848355882435414,0.3939852300026693,0.31257537021851334,1.1068242102724861,0.054057829384490746,0.3214074805026655,1716,eeg_data_level_6.csv,12,AF7,240.01171875,250.0078125
0.02126425894915673,0.02126425894915674,0.014071820960989195,0.04302758069392638,0.0268028849065058,0.051297593458963044,0.051297593458963044,0.04444727270981268,0.024718452847895284,0.05415522190635999,0.05848044473699308,0.05848044473699308,0.048138073139958444,0.08360262916582015,0.057219369397796184,0.2833254197269603,0.28332541972696024,0.178616410523988,0.44451175974943175,0.34774475011990175,0.4969163120550627,0.49691631205506276,0.08238435385088329,0.9293277925229714,0.6468183620616359,0.7789937683415498,0.9528338569548651,1.1962225130799062,2.3385129514498684,2.8931142890093944,hjorth_mobility,hjorth_complexity,1.8033100807003142,1.2947692961473076,1.0166134884651996,0.43722751134442567,0.38435193671313495,1.028695442488546,0.04305061589849412,0.28682457800429684,1716,eeg_data_level_6.csv,12,AF8,240.01171875,250.0078125
0.26048710013220094,0.26048710013220094,0.21973165762094615,0.5212038370231937,0.24959835246388987,1.0652157234224149,1.0652157234224149,0.9252408321341185,1.2389831516905339,1.0275676014134218,2.0235346896932462,2.0235346896932462,1.7773977407777053,1.5712704432592228,2.4478515969365633,2.226780821543084,2.226780821543084,2.015229901882399,2.522970793869752,2.126981651675079,1.8863869068970172,1.8863869068970178,3.5317580239437922,1.0418359976475913,1.2696059612148511,0.8402004750393933,1.5856866872866715,3.0304387416199567,1.7690257905681699,1.0178120336140892,hjorth_mobility,hjorth_complexity,1.420325536862262,1.0886513412398793,1.0947197270937885,1.760121007207047,3.2276301191452417,1.028695442488546,0.4758027729262581,0.9535427383418327,1716,eeg_data_level_6.csv,12,TP9,240.01171875,250.0078125
0.10218706506003461,0.10218706506003462,0.08155937865445902,0.20950815922766533,0.09223464375194398,0.19287599574095754,0.19287599574095754,0.1897825787638287,0.27655747721473184,0.14127340602743568,0.20746511869790152,0.2074651186979015,0.18423354765526953,0.2240658537431022,0.24038757715347267,0.29266140107296534,0.2926614010729653,0.18105757463319436,0.3855145461205194,0.3374714933481456,0.39565524119018436,0.39565524119018447,0.07938164830163173,0.5678971129925058,0.5324454407911702,1.0185074033951236,1.1357656025184213,1.3485616255732917,0.945318588356022,0.9246851103763564,hjorth_mobility,hjorth_complexity,0.9301053207495555,1.0975717038069797,1.0643859912913316,0.8888691164694368,0.2662679079639188,1.1198456715698095,0.13902556010379571,0.5154351187250358,1716,eeg_data_level_6.csv,12,TP10,240.01171875,250.0078125
0.011449780594772564,0.011449780594772566,0.00851596482359285,0.009769412204351815,0.014847377483314647,0.04321110637796649,0.04321110637796649,0.03713504802598871,0.05279080608323332,0.03937126172278693,0.03608854267676486,0.03608854267676486,0.029998326198514315,0.043049759689991404,0.042995111543451175,0.5872131423350929,0.5872131423350928,0.4198255020058799,0.44968013983562444,0.8211923728317551,0.862442244271506,0.8624422442715062,0.13782699082662822,1.5246417183486511,1.1607156845038566,0.47031642390455647,0.8042098030121457,0.743142790706095,3.851648206503347,4.2019324566468415,hjorth_mobility,hjorth_complexity,1.713582273286828,1.2579784049824918,0.9976217143236449,0.2994928374410535,0.15976074477835128,1.0221847118398844,0.04170509285821815,0.2823067257649537,1716,eeg_data_level_7.csv,0,AF7,120.0078125,130.00390625
0.008183432557953185,0.008183432557953185,0.006355949774914611,0.018804452653944165,0.009509485406455907,0.01889282339897843,0.01889282339897843,0.019104015405060147,0.026452741648388036,0.019161808826062738,0.03417164341977938,0.03417164341977938,0.027249942673937096,0.03599604196891766,0.04422293704027564,0.19600498437117475,0.1960049843711747,0.18071699522730267,0.3350975318321702,0.20631141279613066,0.24059210839852468,0.24059210839852474,0.0391063250190163,0.4219775862253379,0.3273137666771849,0.6983325689523754,0.8404604636707015,1.46413232324619,3.2586925423279864,3.0248389297240994,hjorth_mobility,hjorth_complexity,1.5100533442757487,1.2325554858772367,0.9745470343721805,0.24824272622119406,0.10187641696010806,0.9896310585965759,0.016639523620731688,0.178318795964869,1716,eeg_data_level_7.csv,0,AF8,120.0078125,130.00390625
0.41446271109441524,0.4144627110944153,0.30244423024185807,0.48335171111006714,0.6080227238493819,1.2267036236024877,1.226703623602488,0.9240269885966713,0.45205187906083905,1.8426123765555344,2.031951250582435,2.031951250582435,2.012059058416359,1.2078940545572876,2.279093247520152,1.4387413780940366,1.4387413780940361,1.7724644497847484,2.000836680421976,1.3488446914203265,2.5377104865945808,2.537710486594581,7.347932597646031,0.9720250803521517,0.8697227183983436,0.9392945062620985,1.4338792157953077,2.430520576825434,0.9808234317079666,0.8645108746278756,hjorth_mobility,hjorth_complexity,1.2955819997264393,1.1831753792213353,1.0470123503725999,1.4205890203754783,1.5605614779798371,1.0026525198938994,0.47511926235240126,0.9528575901895556,1716,eeg_data_level_7.csv,0,TP9,120.0078125,130.00390625
0.15240630628659088,0.15240630628659094,0.1338245395330842,0.2253451596017207,0.18506061751424369,0.3254555497887767,0.3254555497887767,0.3588212558756732,0.2812942250884717,0.3149126954721548,0.17964819533368004,0.17964819533368004,0.1948151282500392,0.1386159975818921,0.15191314598020267,0.3561557637209652,0.35615576372096514,0.19627403933234688,0.6965344135250952,0.4634586370858809,0.4237778054404367,0.4237778054404367,0.16229618926570946,0.810765482486091,0.5533050766310976,1.0423019292315416,1.2706066939310225,0.8910448962514964,0.8432923642392718,0.7333146121696109,hjorth_mobility,hjorth_complexity,1.254000820681165,1.0637926820562664,1.0364368728698772,0.7030874632974464,0.24542954994935123,1.0026525198938994,0.1484200789933209,0.5325654741234392,1716,eeg_data_level_7.csv,0,TP10,120.0078125,130.00390625
0.006710665545453008,0.006710665545453008,0.003674748795940529,0.01764834902204719,0.008168257392369645,0.03593141714131063,0.03593141714131062,0.021230164475388984,0.05898375752255642,0.049911295457735164,0.09967162181802754,0.09967162181802751,0.07462488174146738,0.07974652065737134,0.12940322117565992,0.5958669598664252,0.5958669598664251,0.35459236879048833,0.57443399030896,0.734314371359136,0.9034320318848904,0.9034320318848904,0.14450295895053736,1.3678603541165089,1.0714130417803556,0.33735117034124706,0.7417606975589728,1.7686359605579802,4.072738443663248,4.5239737535802185,hjorth_mobility,hjorth_complexity,1.8339488442073582,1.2679416610366097,1.0249546395983278,0.30750066731915654,0.2106989532584053,1.0417169037858693,0.039755821976090816,0.27563035685994064,1716,eeg_data_level_7.csv,1,AF7,130.0078125,140.00390625
0.08246314741474478,0.0824631474147448,0.06531775101879474,0.09761665804557439,0.11206874538757881,0.13557249637092178,0.13557249637092178,0.10865601176650551,0.12540178387676457,0.1541124857754833,0.17670944760738808,0.17670944760738808,0.1448570006586921,0.1614334317691716,0.23482980601684336,0.2309334327002311,0.230933432700231,0.10997525090981003,0.39172995270823474,0.32318065743100466,0.25372594541621635,0.25372594541621635,0.04349185692496937,0.3818694622005615,0.3585231233587916,1.0316521851985672,1.085492919050614,1.4861114328336953,0.9878936920856815,0.8087067671169194,hjorth_mobility,hjorth_complexity,1.1358227328682806,1.0199529237916922,0.9921060342049818,0.4740635287836996,0.5093820848005403,1.0156739811912225,0.09346015733775942,0.42261015897492127,1716,eeg_data_level_7.csv,1,AF8,130.0078125,140.00390625
0.8279273047589004,0.8279273047589006,0.6216626007201946,1.582798318717973,1.0170636463585192,4.387860225290383,4.387860225290383,4.553007807738723,4.40532662690823,4.554631973192579,5.219962941916584,5.2199629419165845,4.461291965605167,7.340160942018926,5.6509966330641275,5.929554038012859,5.929554038012858,5.723076489991603,5.921106485408407,6.223081734904109,3.4820585331172214,3.482058533117222,7.1260921301263815,1.4070175360722363,1.9023800494248921,0.8426205617654173,1.8562575435433837,2.5980203840632448,1.5308275960724305,0.6219416169507669,hjorth_mobility,hjorth_complexity,1.4794145807687047,1.075888851020407,1.0530991363346123,1.5006673191565085,4.60064637499397,1.0156739811912225,1.1909533088335438,1.5085998022966218,1716,eeg_data_level_7.csv,1,TP9,130.0078125,140.00390625
0.06273670319011009,0.0627367031901101,0.04408667053882111,0.1595483380717655,0.06782972505411643,0.20856972295984036,0.20856972295984036,0.18840498736516986,0.24758865687120848,0.22865224338707013,0.18916781253064865,0.18916781253064863,0.1252032584407139,0.2627326078472827,0.2467331426757739,0.4243203719226016,0.4243203719226015,0.279762360780387,0.858345283846853,0.49620342495110903,0.5306525920340615,0.5306525920340616,0.11525549331249425,0.8081417606839312,0.6408867562741372,0.9074724707154057,1.4580874897587968,1.5693956891051013,1.620326636957325,1.4881743251053483,hjorth_mobility,hjorth_complexity,1.223362057174121,1.0882456852402638,0.9779085433273328,0.6550404840288282,0.15049925232743236,0.9375452134072825,0.08177492347218253,0.3953090454501177,1716,eeg_data_level_7.csv,1,TP10,130.0078125,140.00390625
0.022088514692123293,0.022088514692123293,0.013920203624092332,0.0335360370706651,0.028636209990101226,0.07713738698013513,0.07713738698013514,0.06729277476403116,0.09976747367147422,0.087696812734704,0.09367340394116545,0.09367340394116545,0.05921443487009104,0.14303885377723174,0.11417085991833877,0.52631098155411,0.52631098155411,0.28695822898353,0.5227965182205248,0.729866704939018,1.1988825794505331,1.1988825794505333,0.2289695969263219,1.9018284455627967,1.5054441999664034,0.5964866292200383,0.9664105817403879,1.2379834118912207,2.705355625544408,4.131954542624239,hjorth_mobility,hjorth_complexity,1.8536451921761727,1.2912008168057851,0.9795316862505363,0.4083993237832547,0.4051902947277025,1.0026525198938994,0.05907402464015177,0.33598892225525323,1716,eeg_data_level_7.csv,2,AF7,140.0078125,150.00390625
0.06473890167992831,0.06473890167992832,0.053566022751111275,0.07732079732265044,0.08543008792395333,0.13988021931371242,0.1398802193137124,0.20250387261240807,0.17903097810080928,0.09332341818638497,0.11328729878832379,0.11328729878832376,0.14269392435431874,0.15251784008665037,0.09655528589209204,0.22040678625931864,0.2204067862593186,0.12336974063340088,0.45896907547738586,0.29220704589863433,0.3102413730303322,0.3102413730303322,0.040414753098930147,0.4050465813434611,0.4326483633392911,0.9814638776739388,1.1734967512127887,1.1608678903044258,1.08114078814928,1.0983753541786552,hjorth_mobility,hjorth_complexity,1.2868280672958554,1.1176704078729445,1.0170543420986622,0.6790639736631373,0.2500602961748107,1.0026525198938994,0.07272715618411493,0.37279920859448756,1716,eeg_data_level_7.csv,2,AF8,140.0078125,150.00390625
1.3410818523281076,1.341081852328108,0.9479064530233157,0.45207848420214003,1.8351060030698185,2.3004274965073623,2.3004274965073623,3.208503053711954,1.8333998119833856,2.120809258499227,3.6541390325333025,3.6541390325333025,2.5614613103594865,5.8479164591939075,4.260120334559306,2.8965760281422908,2.89657602814229,1.9438770576222975,2.895147483521075,3.7996307443249475,2.9644507316560396,2.9644507316560396,7.0765934842906075,0.9929694626667215,1.5414973587237673,1.0419113981871229,1.1002842647572546,1.8888654403252887,0.8047534030028135,0.5033972372624732,hjorth_mobility,hjorth_complexity,1.3590480098481739,1.0515433909725684,1.0566259654023133,1.8065664205000445,2.708986541893782,0.9896310585965759,1.1115572804879106,1.4574464360446664,1716,eeg_data_level_7.csv,2,TP9,140.0078125,150.00390625
0.11033934567448526,0.11033934567448528,0.06278797468601229,0.30487851851323305,0.1335059484653862,0.3090185212691491,0.3090185212691491,0.27890635101706196,0.3390685491192021,0.34101926939895727,0.21239550358349044,0.21239550358349044,0.21985918916138364,0.29577839816673757,0.20865052620211938,0.27823731147332176,0.2782373114733217,0.19850824059818667,0.5994452852734865,0.3185226217029792,0.4214688000056597,0.4214688000056599,0.08683075330869766,0.4554171667207156,0.5925167060778788,1.0272818870182476,1.4766340661160149,1.2587555106005297,0.828681526640285,0.8931201725719478,hjorth_mobility,hjorth_complexity,0.9673095335795375,1.0681470939625084,1.129662387246082,0.9064863422012635,0.2778447735275674,1.0807812876778395,0.13647409570332922,0.5106834591345482,1716,eeg_data_level_7.csv,2,TP10,140.0078125,150.00390625
0.010961474601209555,0.010961474601209555,0.00780090925048758,0.017916110509183052,0.014835270592447781,0.04926704750449437,0.04926704750449437,0.03202710221224479,0.09137146038125629,0.06864375928292,0.07705344721205758,0.07705344721205756,0.05755850972694226,0.13849735127722193,0.08444770716054387,0.6479315768968468,0.6479315768968468,0.4222737781127951,0.9777105671270919,0.8746275741274817,0.9695463741849528,0.9695463741849529,0.1367266062955638,1.3395641939921121,1.40963946435614,0.4229207085821277,0.8366317486344436,1.2780305680131507,3.863243725728017,4.250083476213433,hjorth_mobility,hjorth_complexity,1.7639173847626861,1.26168200217074,1.0456897894722121,0.3475398167096717,0.2269065650475134,1.0677598263805161,0.04913084284355669,0.30641060057486535,1716,eeg_data_level_7.csv,3,AF7,150.0078125,160.00390625
0.10991396049476458,0.1099139604947646,0.11836906750254061,0.12106524778593496,0.10445159575214333,0.3050413673491429,0.3050413673491429,0.3353650324502991,0.33843413103298065,0.27333370277525093,0.20362381222466502,0.20362381222466502,0.16712496790913736,0.1718705303408699,0.23840211473577966,0.27192371337796195,0.2719237133779619,0.17901173993553382,0.4942354426488782,0.33197878263411634,0.30898754668366213,0.3089875466836622,0.04326233173797089,0.36662686979357884,0.43808907198440494,0.9640138111365343,1.4468373336055746,1.2282542596095156,0.8239605987605169,0.6934183591728372,hjorth_mobility,hjorth_complexity,1.1161263848994663,0.9942811698387024,0.9907433957015518,0.6150013346383131,0.5070667116878106,0.9766095972992526,0.1277409821364087,0.4940737769410232,1716,eeg_data_level_7.csv,3,AF8,150.0078125,160.00390625
2.0482521032895913,2.0482521032895913,1.6208105538372994,3.2797584150612984,2.3577606588815394,8.490923115399111,8.49092311539911,5.760331859853827,16.11415457949875,9.891904631896804,9.458291168279676,9.458291168279676,8.317679235401759,9.290171150480449,11.407061023342711,11.800793536450293,11.80079353645029,14.806158697963916,10.158442860925343,10.33491619348459,3.9756870790359957,3.975687079035996,5.24779900495177,2.3655973186831636,3.43844147694912,0.9248530750617591,1.8252721393934739,2.277643019283214,1.4150529514841552,0.4027625655884147,hjorth_mobility,hjorth_complexity,1.1051839693612362,0.8206838463262713,1.0517064396289009,3.1134442566064595,4.533500554724808,0.9896310585965759,2.3272068419393275,2.1088426256355177,1716,eeg_data_level_7.csv,3,TP9,150.0078125,160.00390625
0.10958138809686464,0.10958138809686464,0.08603264559456503,0.17371739408317505,0.13224091419523934,0.301413717281621,0.301413717281621,0.29807793291408496,0.187392949771231,0.2914094451953465,0.34911311928860417,0.34911311928860417,0.39742638185244017,0.35447632959759523,0.2760344606404455,0.5029709087218374,0.5029709087218371,0.2854136981973159,0.9729373692440839,0.6294049323409591,0.6322674687546231,0.6322674687546233,0.12111549094610033,0.9755566460681073,0.8921564834825132,0.9440064032181713,1.3455258180110439,1.7063069360242196,1.2710840345285255,1.1711970351856018,hjorth_mobility,hjorth_complexity,1.054848857885378,1.0547924954376464,1.0669409384852628,0.7158999911024113,0.2639525348511891,1.0547383650831927,0.1620013349228925,0.5563985318975301,1716,eeg_data_level_7.csv,3,TP10,150.0078125,160.00390625
0.027344406895291478,0.02734440689529148,0.01832762845580724,0.06515075147551207,0.032577503290172165,0.06404655761346686,0.06404655761346686,0.07455213000611992,0.06800970493806374,0.050911655896634114,0.10487747563113571,0.10487747563113571,0.08882532944096608,0.1549010835901524,0.10349792172674853,0.4608434614342054,0.46084346143420524,0.3078892853928562,0.789055545885274,0.5366650618191953,0.9415576872789142,0.9415576872789144,0.14608784180036935,1.250960412278135,1.1883372499257454,0.7157711815989067,0.840346973599939,1.4002867814513629,2.533042501737832,3.548227732070483,hjorth_mobility,hjorth_complexity,1.407194638216386,1.2551783098819198,0.8468998686832288,0.36035234451463655,0.2917370122039458,0.8984808295153123,0.06278757523529384,0.34638855538115515,1716,eeg_data_level_7.csv,4,AF7,160.0078125,170.00390625
0.040585092382045725,0.04058509238204573,0.03494206747817709,0.05037100000228502,0.03897199974071462,0.06721144161307688,0.06721144161307688,0.0642603813828566,0.12919445514126326,0.06892168375191356,0.1030828527866388,0.10308285278663881,0.06567080942675901,0.1441128279876114,0.13102540504317972,0.20163387978404318,0.20163387978404312,0.12115653165338407,0.34954738717113554,0.23832393524676945,0.36303829028177903,0.36303829028177903,0.08466699456849433,0.4658281537728556,0.5073855658494723,0.9317695952191242,0.9972061403939095,1.5331057841635218,1.4149588881568769,1.7696435239177675,hjorth_mobility,hjorth_complexity,1.2343044727123513,1.171306203223019,1.0612398994525303,0.5237120740279384,0.12271477497467562,1.0417169037858693,0.06152383678313878,0.34288491928645115,1716,eeg_data_level_7.csv,4,AF8,160.0078125,170.00390625
1.071169285081276,1.0711692850812762,0.8993291342549075,1.4235818881825637,1.2702315072122696,5.283884436860435,5.283884436860435,4.436043721955781,6.5580593022423,5.107451628557518,7.558135133906286,7.558135133906284,5.347876054951816,11.601055828175909,7.536077169625364,6.4814375083929825,6.481437508392981,6.69414018100205,7.123914541262185,5.904763181441385,3.0857798576566813,3.0857798576566813,5.9687640134410636,1.0790989550006473,2.1019522432467865,0.8599831033948775,1.8584090042629486,2.9226754986942596,1.366196846615464,0.4818761770800153,hjorth_mobility,hjorth_complexity,1.212419641635891,0.9735494830652198,1.0980311390451385,2.325473796601121,4.630746225459457,1.0417169037858693,1.5541625304170874,1.7233555848973183,1716,eeg_data_level_7.csv,4,TP9,160.0078125,170.00390625
0.26096153789961496,0.26096153789961507,0.2068412140118643,0.6097891623426593,0.2897842192740175,0.5974541586237753,0.5974541586237753,0.7342384563024629,0.69029770260823,0.3960727488818872,0.4204664178465813,0.4204664178465813,0.41585921209385984,0.3575789194254024,0.3478648822253575,0.39074858803688167,0.39074858803688167,0.19874140069517698,0.6356331829189691,0.492675743102261,0.502086256962749,0.5020862569627491,0.08831018098323667,0.90469698470638,0.6483998140001501,1.0765451127374566,1.3279905813424924,1.1669337035330285,0.581934635487208,0.5396737717215911,hjorth_mobility,hjorth_complexity,0.9366707700724934,0.98005826993613,0.8970169112873211,0.8328143073227156,0.49780521923689164,0.8659271762720039,0.2528185523002667,0.6950741685174786,1716,eeg_data_level_7.csv,4,TP10,160.0078125,170.00390625
0.020657166306857894,0.0206571663068579,0.01774623941105538,0.02380456142333864,0.022012844796776662,0.07683710427636765,0.07683710427636765,0.056358644092301464,0.10936420381781208,0.09382094467589903,0.07548858290977321,0.07548858290977321,0.06441495922172978,0.08495058904316054,0.0811852222657031,0.5228375310616806,0.5228375310616805,0.39768898008883086,0.721206004417696,0.5771774102176319,0.9630498128973828,0.963049812897383,0.22474871737335372,1.39456901572379,1.2186623323062613,0.5909831944655458,1.0432650787512914,1.1090290773645668,2.872418923102805,3.7104328244558733,hjorth_mobility,hjorth_complexity,1.5603884557516068,1.2666351200914499,0.9941550016605069,0.33953198683156866,0.46770536877140517,1.0677598263805161,0.07361479992127491,0.37506733859775054,1716,eeg_data_level_7.csv,5,AF7,170.0078125,180.00390625
0.06926548033547501,0.06926548033547501,0.05000939421949191,0.11322834890119028,0.08729161697507673,0.10828464658844691,0.10828464658844691,0.08281467398609056,0.12790374756550907,0.12635241865487365,0.10653513011145868,0.10653513011145868,0.10453596119021528,0.12646482204191564,0.12546357816136666,0.24927946564937442,0.2492794656493743,0.16105085560854562,0.4203249745050023,0.2849297527035381,0.3892864871819994,0.38928648718199943,0.0622561685608974,0.5307833216355113,0.4952802348004197,1.0457922301853089,1.0361656029846553,1.1041347744557073,1.1766919335651214,1.3065644933649603,hjorth_mobility,hjorth_complexity,1.3174668308028996,1.152743016520699,1.0909524324078352,0.7158999911024113,0.3912980560513241,1.0807812876778395,0.09212051281422774,0.4195704100499737,1716,eeg_data_level_7.csv,5,AF8,170.0078125,180.00390625
5.5384605997626295,5.53846059976263,4.599215719988954,5.164189154902005,6.5987606459829085,13.744383417148205,13.744383417148205,8.51889214273191,19.305095835987185,16.464030367496548,20.842271435896176,20.842271435896176,16.940105070198864,30.92402421775391,23.310001567396817,15.108216172559876,15.108216172559873,15.218970307264243,14.925732896535196,13.815821120917517,5.212142013593916,5.212142013593917,8.174924776318708,2.257207207153456,4.095070357421334,1.0063150357945594,1.4719181049857546,2.288794436956938,0.9097620181466831,0.24969596005404462,hjorth_mobility,hjorth_complexity,0.5843249897414853,0.7010166199224073,1.164284426574039,3.2800071180710026,4.653899956586755,1.1198456715698095,5.4066240345348575,3.2143248373182023,1716,eeg_data_level_7.csv,5,TP9,170.0078125,180.00390625
0.2184524644440891,0.21845246444408914,0.1545075897426597,0.3352430596269035,0.22983708899194294,0.5145629720983614,0.5145629720983614,0.45319017962212305,0.5511050658103896,0.5280445823007657,0.4242259536004214,0.4242259536004214,0.41155992326671986,0.3341548798041226,0.4430499281854377,0.6449352581457459,0.6449352581457458,0.42684389490909924,0.9311082446349253,0.7877242427836493,0.7097056450986726,0.7097056450986727,0.11263890587627834,1.1217329279722785,0.9900608877087215,1.0331890774099803,1.3690914569286103,1.3102936812097037,0.992380413807182,0.8107155848065919,hjorth_mobility,hjorth_complexity,0.9935713308712897,0.9869209963956129,1.146159330598269,0.8792597206157131,0.46770536877140517,0.9115022908126357,0.3047853581489307,0.763174285287719,1716,eeg_data_level_7.csv,5,TP10,170.0078125,180.00390625
0.027939118750725207,0.027939118750725207,0.017413861031361243,0.06425602403971985,0.03268552768410311,0.0714193627349641,0.07141936273496412,0.05646133783967211,0.11573074467138866,0.0953791235406762,0.08165250740465345,0.08165250740465345,0.06241140436754324,0.12338842989594738,0.09576236558042908,0.3150077329824242,0.3150077329824241,0.23602058792656552,0.3767603727039154,0.323046989196335,1.1107008488770767,1.1107008488770767,0.2485552142167201,1.4703374193394156,1.1479224064313849,0.7084509812951867,0.9316658465177448,1.1104383682571781,1.7751870523618851,3.855475688825992,hjorth_mobility,hjorth_complexity,1.610723567227465,1.3407363445194833,1.0881870777979332,0.34914138268529227,0.3820365636004052,1.1849529780564263,0.07428542356306818,0.3767718787726059,1716,eeg_data_level_7.csv,6,AF7,180.0078125,190.00390625
0.06907681800727605,0.06907681800727607,0.0896147191836164,0.054956023305604666,0.04040641805456916,0.146245188815742,0.146245188815742,0.12157233468888341,0.18743187336241843,0.1248080131655583,0.14066560317569587,0.14066560317569587,0.10870648115601378,0.1786183984302872,0.13637895653098125,0.21278961695599188,0.21278961695599183,0.11245666701125641,0.2989185177938699,0.2861289874280363,0.3883887764351514,0.38838877643515135,0.06954043152105914,0.6463243032261136,0.5237334439505312,0.8933275812159899,1.2336074045539716,1.3342758457069,0.9936591393073053,1.2563065085585978,hjorth_mobility,hjorth_complexity,1.3787443578169878,1.1727664940553069,0.97083484639041,0.5413292997597651,0.3797211904876755,0.9766095972992526,0.07514750541292074,0.3789517901339433,1716,eeg_data_level_7.csv,6,AF8,180.0078125,190.00390625
0.22443309909627132,0.22443309909627135,0.15995310352537084,0.29379966895862425,0.26088912305923867,0.6051737957555435,0.6051737957555435,0.32408670011435325,1.3658386362097945,0.7453211202306654,0.4486371158155872,0.4486371158155872,0.48564215491680535,0.5467327781388672,0.35638864619833704,0.5401173570542452,0.5401173570542451,0.2420676729710715,1.1485203260909376,0.7188354448468064,1.8212045713582632,1.8212045713582634,4.196297126124244,1.6355772321955928,1.0923534929387775,0.9710653959124828,1.4509156420467646,1.2237586651099712,0.7624010132023293,1.2824844326706268,hjorth_mobility,hjorth_complexity,1.5691423881821909,1.220275810818182,0.9885240984330979,1.2540261589109352,0.6043123824224591,0.8984808295153123,0.34339138794857005,0.8100678166549733,1716,eeg_data_level_7.csv,6,TP9,180.0078125,190.00390625
0.1755405224468834,0.17554052244688345,0.11545698129888797,0.2448934600630527,0.25179681719858266,0.4793793877543124,0.4793793877543124,0.3778459643045512,0.5399460703031587,0.6030786042804039,0.2081499016042413,0.2081499016042413,0.2173419070399423,0.24438066528036187,0.20812781501782823,0.3254816037735064,0.3254816037735063,0.21363176541748413,0.5292655219934558,0.4304083234383399,0.4412838148389225,0.4412838148389226,0.10338317847762228,0.8690117820927434,0.5886265091998256,1.0253201662831486,1.521022285515748,0.8733826497507013,0.6637340289354516,0.6465306177730287,hjorth_mobility,hjorth_complexity,0.8950895910272193,1.0018082532336108,0.7097643304740701,0.8936738143962987,0.5093820848005403,0.7682662165420786,0.2500179814602035,0.6912136422168739,1716,eeg_data_level_7.csv,6,TP10,180.0078125,190.00390625
0.053733438816057244,0.053733438816057244,0.0590714882306742,0.05928669739378334,0.05387867102046137,0.12228867465003043,0.12228867465003043,0.09531881606395494,0.1698457037026491,0.14562793757044487,0.11884498964685473,0.11884498964685473,0.08456445601783993,0.20641197572047162,0.12859179156080647,0.48561950492514455,0.4856195049251444,0.4198140025256558,0.7282801241857549,0.6071215606304036,1.0391379770750342,1.0391379770750344,0.19987476528297587,1.3461905358757105,1.3749292768387869,0.7948359785953334,1.02935598473596,1.1013299840699249,1.8411384830133257,2.6815238079181016,hjorth_mobility,hjorth_complexity,1.374367391601696,1.2863196157238292,0.9488222229195601,0.3971883619539105,0.4630746225459457,1.028695442488546,0.10038131211535095,0.43797882372682495,1716,eeg_data_level_7.csv,7,AF7,190.0078125,200.00390625
0.06196172067001183,0.061961720670011836,0.05125471516156486,0.08413367862022181,0.07089326319227962,0.13477705766831505,0.13477705766831505,0.09162728248881394,0.1697938442269441,0.1692686534893825,0.10606025288309905,0.10606025288309903,0.08925119844607768,0.10124049296264924,0.12231326703474775,0.2622783960858127,0.26227839608581266,0.1986733142218221,0.5555511270308907,0.3195850629738341,0.46020583341420657,0.4602058334142067,0.07132261504301615,0.6508250610624706,0.6385221597340077,0.931675327290035,1.1944083504473946,1.079441513268094,1.2144446749173479,1.4889381521221077,hjorth_mobility,hjorth_complexity,1.2518123375735193,1.1861682973106251,0.9785147170733444,0.5269152059791796,0.4538131300950268,1.0026525198938994,0.08256750551363368,0.39722014064516203,1716,eeg_data_level_7.csv,7,AF8,190.0078125,200.00390625
1.822822082521135,1.8228220825211352,1.626740355380898,2.807391553023763,1.8521530584508004,7.134285630845138,7.134285630845138,6.350408112980532,9.594493762125108,5.608363170346776,6.12701515778319,6.12701515778319,6.411015650826818,8.182231903790495,6.739834298883054,7.9403569704191765,7.940356970419176,7.91109343602171,5.734508736145776,8.528201177272447,3.0352806275232482,3.0352806275232487,5.177818078843901,1.632862924460669,2.1166582683335617,0.9209216158922235,1.7082728410373844,1.7818149145680635,1.1504852752456545,0.34446971133304016,hjorth_mobility,hjorth_complexity,0.6849952126932018,0.7920055397911671,0.9125119145634564,2.451997508675149,4.276494139211809,1.132867132867133,3.208415743678553,2.476121768181647,1716,eeg_data_level_7.csv,7,TP9,190.0078125,200.00390625
0.35620175843192636,0.35620175843192636,0.26736451305094205,0.5404125481916179,0.41069160133322036,1.2705650030952513,1.2705650030952513,1.2531196638242734,1.2886599073123255,0.8613113329874909,0.49426786283371876,0.49426786283371876,0.5571456193649097,0.5798791318919406,0.47338072494581956,0.4214277152290125,0.4214277152290124,0.21681161449877853,0.7740043519026459,0.5084132090798034,0.6124623777166369,0.612462377716637,0.09920845867845929,0.5716703294206896,0.7934619573163794,1.007996714764769,1.7170785783895408,0.9613891000162628,0.43584155956943327,0.4501305928153414,hjorth_mobility,hjorth_complexity,0.7812884694296265,0.8928987580466784,0.831084244582757,0.9305098318355726,0.46538999565867545,0.7031589100554618,0.42011811156422185,0.8960090188606298,1716,eeg_data_level_7.csv,7,TP10,190.0078125,200.00390625
0.19519978586665673,0.19519978586665676,0.2725105208607419,0.1855819174974335,0.09640963243477085,0.18770668192977155,0.18770668192977155,0.14744801917308736,0.312113974284131,0.2004037229988944,0.2982197548643312,0.2982197548643312,0.26440009620689786,0.4028259003247413,0.2954280860237772,0.7649990581426181,0.7649990581426179,0.44011568225835024,1.5560722352316858,0.9434015931187891,1.1244856314622291,1.1244856314622294,0.21889144425091492,0.8437418141895743,1.398595051669411,0.8773996274549702,0.6877895715419786,1.0485225975817525,1.2161194056415678,1.2631950240905203,hjorth_mobility,hjorth_complexity,1.1620845301600327,1.1581533760929985,0.626007149816551,0.6998843313462052,1.4355313298924317,0.9245237521099591,0.39032123237006383,0.8636499792885521,1716,eeg_data_level_7.csv,8,AF7,200.0078125,210.00390625
0.21885128580636207,0.21885128580636204,0.38995617282403255,0.08420185579567468,0.17969347426943605,0.23307467387213793,0.23307467387213793,0.19727128193481058,0.2993744519571149,0.19362510583786552,0.22359978130974442,0.22359978130974442,0.16080042894204483,0.238653600203944,0.2689248233076261,0.341902352003676,0.34190235200367597,0.1899776873881876,0.5884667924895245,0.40519483290877223,0.622993087269597,0.622993087269597,0.10580365952693827,0.5591338520592717,0.8253606934500447,0.77137174819867,0.6665238143422876,0.6870428292050487,0.5016952386525971,0.6305252213751726,hjorth_mobility,hjorth_complexity,1.0657912734236081,1.0430432228097277,1.4355947700676248,3.2800071180710026,0.49780521923689164,0.9505666747046058,2.5026820127135987,2.1869029726440616,1716,eeg_data_level_7.csv,8,AF8,200.0078125,210.00390625
1.4979186793364323,1.4979186793364327,1.2720749792191313,1.0959521829042278,1.5339221227400734,6.568244443413395,6.568244443413393,5.878685698488582,6.102780472395394,5.6646020786443465,6.972513319733267,6.972513319733267,6.234893980375842,5.831281439353718,7.7334970582580045,5.616238503400497,5.616238503400496,7.3334133977741915,5.217327260585837,5.06483536365937,3.4356729747355628,3.435672974735563,6.537566229689339,1.68346644413007,2.185330405419702,0.8907796841642185,1.8070902791090186,2.265875967741488,0.9972615535419777,0.43911118041614994,hjorth_mobility,hjorth_complexity,0.9257283545342632,0.8023677637792476,1.1771593565512999,2.738677818311238,4.301963243451835,1.1719315167591031,2.3957693765693047,2.1396817548762077,1716,eeg_data_level_7.csv,8,TP9,200.0078125,210.00390625
0.2653720932062644,0.2653720932062645,0.17198214399057574,0.454980043456709,0.35488855420760074,0.5237906111996459,0.5237906111996459,0.5078351329741947,0.6518072934406532,0.507591567161937,0.5497660507485901,0.5497660507485901,0.5917954372129702,0.46172187173979556,0.5517640712398747,0.8694421308946103,0.86944213089461,0.6992629963988373,1.50813393385434,1.0330082281675157,0.8724748420501969,0.872474842050197,0.15406271601205343,1.2067794673643817,1.2028430837842041,1.0508816888781294,1.201509898879162,1.3985415097333274,1.0943387974071617,0.8354315425748944,hjorth_mobility,hjorth_complexity,0.9519901518260155,0.9692419388802259,0.5608159187682649,0.8103923836640271,1.1623173025903237,0.7031589100554618,0.481850306233318,0.9595834486661042,1716,eeg_data_level_7.csv,8,TP10,200.0078125,210.00390625
0.12367392374251103,0.12367392374251104,0.14811259186115414,0.08837066306569717,0.1087055661100663,0.06534478968799005,0.06534478968799005,0.04736242570425165,0.07385464664517988,0.08160322348663868,0.16069130983746097,0.16069130983746097,0.09566879936390843,0.2997198605278919,0.19153083199220594,0.4582548004019662,0.45825480040196614,0.2844450158619936,0.6781136184546791,0.6018173026696559,1.3557865955416895,1.3557865955416895,0.23553781883898386,1.4979480224928108,1.5943178940195788,0.8896026311259113,0.434584154758777,0.9464475049783719,1.1779203021374411,2.2168973744182656,hjorth_mobility,hjorth_complexity,1.2715086855423332,1.2992985792564862,1.0154762864788813,0.7094937271999289,0.4028749216149728,1.028695442488546,0.18443509294554242,0.5936745862533214,1716,eeg_data_level_7.csv,9,AF7,210.0078125,220.00390625
8.144975000323626,8.144975000323626,10.090333215788515,5.044473249316746,6.222327930753629,1.829871575345572,1.829871575345572,2.3706773014383264,1.0491821684138982,1.7409549131341227,1.8521607250837981,1.8521607250837981,1.9510969871276747,1.0664992155113175,2.155587672544115,2.3256226277921064,2.325622627792106,2.24899426350306,1.4536559405245635,2.670674928792941,3.104924015856099,3.1049240158560996,0.3853708712692679,5.647378214451438,4.420287564703378,1.0706448228936871,0.2869136513664189,0.2909236697316882,0.17499983940233604,0.17135980831545283,hjorth_mobility,hjorth_complexity,0.7769115032143346,0.754078240802978,0.6150559447853088,3.2800071180710026,4.714099657517727,0.885459368217989,7.842085843972304,3.871172061667195,1716,eeg_data_level_7.csv,9,AF8,210.0078125,220.00390625
0.5138281392787575,0.5138281392787576,0.3881645635460143,1.095439523269663,0.5574971175818656,1.0706856773102464,1.0706856773102464,1.2753557293328077,0.7116751066323272,0.8834824466443807,0.8008436578075745,0.8008436578075744,0.7498928108088774,0.8362910840398187,0.9191607854803087,0.7374759402862299,0.7374759402862298,0.6406126896606973,1.385139245420389,0.814469825275475,2.185875729633263,2.1858757296332634,4.835663452227845,1.7343480887905203,1.2274512727291895,1.059745713105671,1.2408202188070006,1.130827729893789,0.5452223774483577,0.8565765226149208,hjorth_mobility,hjorth_complexity,1.1555190808370945,1.0278859913237335,1.14715626097394,2.0099652994038615,3.660604891225701,1.0677598263805161,1.3153463284357039,1.5854287786346901,1716,eeg_data_level_7.csv,9,TP9,210.0078125,220.00390625
0.24803515526142322,0.24803515526142328,0.20646874290835526,0.3825094571555838,0.3038799662872574,0.5333012778711034,0.5333012778711034,0.48229282315263944,0.39346910619100617,0.4704228895725284,0.24757455269759382,0.2475745526975938,0.25394646804260523,0.2156752174055837,0.2966714324259114,0.3420400554054597,0.3420400554054596,0.18279883565367153,0.7483219328149873,0.43934563647133124,0.5349525400896926,0.5349525400896927,0.07952203172176613,0.7536517277322247,0.6698451586250618,1.0715169314155015,1.3072692190115636,0.7971108137373353,0.5465720924758644,0.6006880766371708,hjorth_mobility,hjorth_complexity,1.011079195732458,1.0076494991507727,0.834360588631445,0.8600409289082659,0.3635135786985674,0.7943091391367254,0.25724523228120444,0.7011328992552179,1716,eeg_data_level_7.csv,9,TP10,210.0078125,220.00390625
0.14201626562660233,0.14201626562660233,0.1235119872803184,0.20252749121092334,0.14111535824149546,0.15670278174124272,0.15670278174124275,0.17268034206966143,0.15312997986117055,0.12929237299649093,0.2588147904766672,0.2588147904766672,0.17084393123384847,0.28449028599073956,0.3461125268926673,0.8378155191267675,0.8378155191267672,0.45481761031573936,0.8609036301967713,1.2407964691526445,1.6366787721090048,1.636678772109005,0.25565094521087983,2.700060405411096,2.1447755267627704,0.9384869382548842,0.6895007492710812,1.126993934713783,1.570744977245955,2.1200277424309104,hjorth_mobility,hjorth_complexity,1.4443988510463683,1.2334223834716698,1.1634377872097756,0.9048847762256429,0.8844725290627563,1.1849529780564263,0.17305320634422394,0.5750644278231851,1716,eeg_data_level_7.csv,10,AF7,220.0078125,230.00390625
4.319041615769306,4.319041615769307,4.2806577419528375,2.319240526361676,4.796949942304846,1.0393538316966664,1.0393538316966664,1.24721652482719,1.866311088414169,0.7973253376243179,2.2529374123449246,2.2529374123449246,1.5833521662124768,2.220540363198236,2.9704015113131335,2.3164478370407986,2.316447837040798,1.2436825381071916,3.7008925873551983,2.942005060840574,1.2628125953509577,1.2628125953509581,0.2718163159231759,1.1847284408559788,1.4632297063839816,1.1152149834889613,0.2924663555475456,0.5705373775667993,0.29329077416487964,0.12508777377398295,hjorth_mobility,hjorth_complexity,0.8732047599507591,0.9379119766570577,1.6276215953432607,3.2800071180710026,1.2248323766340263,0.9375452134072825,3.104126951746534,2.435546446471755,1716,eeg_data_level_7.csv,10,AF8,220.0078125,230.00390625
4.703645003831388,4.703645003831389,3.8494785408135286,4.759828175111652,6.155513675375133,5.347992237324203,5.347992237324203,6.392906280308996,3.734254526349892,4.485309546373661,4.239688710642299,4.239688710642299,4.541815800899342,3.239673525036151,3.8615226887756395,2.8743235263125175,2.874323526312517,2.9463101506722382,4.158009069677704,3.0050295282143535,3.3704261047462434,3.3704261047462434,5.443487674016544,2.5414464034692497,2.7978898570667474,1.119189732294664,0.9231479466284886,0.8424717037700341,0.3079728994765975,0.2417348293252524,hjorth_mobility,hjorth_complexity,0.5821365066338394,0.6980612897728311,0.7173941041532016,3.2351632707536258,3.463798176643674,0.6315408729201833,4.941735903044678,3.07302748665386,1716,eeg_data_level_7.csv,10,TP9,220.0078125,230.00390625
0.7242687536415465,0.7242687536415465,0.6444466815766777,0.8466613771064908,0.9063002461682627,1.4155853707192838,1.415585370719284,1.4683031366482109,0.8672671606187291,1.6218723696764932,0.5920024364428613,0.5920024364428613,0.7058546573519321,0.39912518181371315,0.5364400950606434,0.5980396402911714,0.5980396402911713,0.29885454609286516,1.1206327348981602,0.7763694878605456,0.886858384559266,0.8868583845592664,0.1457892656547159,1.5685369313583124,1.2280046899604475,1.0731898940942648,1.2914266330026425,0.7020171420199574,0.3692671771480555,0.38754669018676424,hjorth_mobility,hjorth_complexity,0.5602516755573791,0.845459061406243,0.9009294872843021,0.9481270575673992,0.49780521923689164,0.6380516035688449,0.7077790595392836,1.1629888030607964,1716,eeg_data_level_7.csv,10,TP10,220.0078125,230.00390625
0.1563542387528161,0.15635423875281612,0.19950587344884915,0.10939446768509924,0.13907741212431127,0.13551931233668035,0.13551931233668035,0.11199426656808288,0.2962551676833418,0.1381473666906822,0.26970508358402634,0.26970508358402634,0.2222279101658531,0.19805782852312684,0.3013977930881518,0.7775383606751236,0.7775383606751235,0.40476692281095306,1.7582204807103579,0.9702715549557585,1.4457731589830125,1.4457731589830125,0.3223836278270433,1.440820294855575,1.820630547978584,0.9014978063282968,0.6318921542859993,1.1402218250328022,1.470402306305532,1.8726446304810835,hjorth_mobility,hjorth_complexity,1.3065244152646696,1.2444803777771254,0.6804826317514671,0.45644630305187295,1.092856109208432,0.9505666747046058,0.29246184598526,0.7475862193940506,1716,eeg_data_level_7.csv,11,AF7,230.0078125,240.00390625
3.893239542250646,3.893239542250646,6.663668399261831,1.8458371370836597,2.0613010136521073,0.8543582252191361,0.8543582252191361,0.929100175296857,0.6358187690175789,0.9371127796398677,0.3817432141544797,0.3817432141544797,0.3809128120919912,0.30442313031055224,0.40826360384304705,0.5881202096149323,0.5881202096149322,0.3651944938263005,0.6593213927305147,0.7329761889547943,0.8803393515410622,0.8803393515410622,0.17104611072572146,1.512192453115795,1.1551777029219958,0.9763424140777216,0.2873266912596935,0.14178294130934077,0.10169331388522984,0.10702190990461775,hjorth_mobility,hjorth_complexity,1.008890712624812,0.881629300860687,0.6508803122045277,3.2800071180710026,4.642323091023106,0.9245237521099591,6.945948474100393,3.643279226016942,1716,eeg_data_level_7.csv,11,AF8,230.0078125,240.00390625
4.2368683528213635,4.236868352821364,4.089803250319339,7.771435911955208,4.159153109693358,8.08689669640736,8.08689669640736,9.493981729321444,7.141243424708457,6.1853937454182075,6.243466687769368,6.243466687769367,5.356707129168617,5.737523879932746,6.765034084106107,6.93895327982539,6.938953279825389,9.186660989551134,6.025237954925167,5.902056587883034,3.2983642658686114,3.298364265868612,4.917109806258339,1.8132329088870007,2.5491926855073794,1.0706488666151233,1.2266270718752252,1.1488755762947291,0.6336039430575751,0.23368093986492874,hjorth_mobility,hjorth_complexity,0.6806182464779099,0.7490842184118246,1.4166981802332947,2.1669187650146813,4.6238001061212675,1.230528092597058,4.071702297536877,2.789424989714871,1716,eeg_data_level_7.csv,11,TP9,230.0078125,240.00390625
0.12468430924800475,0.12468430924800479,0.11166275007968152,0.17689671027308523,0.13026522938192728,0.3217784855435055,0.3217784855435055,0.25743761008091015,0.317879334775064,0.3452413308095151,0.2984067380073133,0.2984067380073133,0.2263871568969238,0.3125015182016071,0.4342833011439683,0.689614527443822,0.6896145274438219,0.3805177216633057,1.4048988362518524,0.8732201227975025,0.8583062183226849,0.8583062183226853,0.1261112971591305,1.6002859356665613,1.1951967373305568,0.9207156946729973,1.2994634665903526,1.3856407064524958,1.4817578244461607,1.3583962934942937,hjorth_mobility,hjorth_complexity,0.7353303241690602,1.0609109174278115,0.5680799843196378,0.9353145297624345,0.5904201437460808,0.5729442970822282,0.3114341961284247,0.7714536309267909,1716,eeg_data_level_7.csv,11,TP10,230.0078125,240.00390625
0.8267490708021462,0.8267490708021462,0.6294712960085128,1.5098808931243541,0.9894244591669994,1.3391034511263955,1.339103451126395,1.0479898183347074,1.2197953158434787,1.5490033759925177,0.8833823961894565,0.8833823961894565,1.1582475296853576,0.6110236147755819,0.8028969698525398,1.0977554234025209,1.0977554234025204,0.6126790136441553,1.8443160257219786,1.4341722531062506,2.0552535812085395,2.05525358120854,0.3925295490027135,3.2891046416029566,2.267021252124567,1.1132795523693684,1.148481643978692,0.8811346487081687,0.560911825007674,0.7190899592111689,hjorth_mobility,hjorth_complexity,1.4050061551087403,1.176228164522776,1.395877865452946,3.03496752380105,0.9029955139645941,1.2240173619483965,1.025539539435371,1.3999189208538392,1716,eeg_data_level_7.csv,12,AF7,240.0078125,250.00390625
0.04339959121532271,0.04339959121532271,0.03722311450524247,0.04307475593244719,0.04272402682731946,0.06752161142696361,0.0675216114269636,0.05241088558432924,0.1407442025755703,0.0655212829876621,0.09540440035568429,0.09540440035568427,0.07479186354304869,0.11857775353327282,0.12008542315751933,0.3469423463028131,0.34694234630281306,0.19496108595616707,0.5821267186525833,0.42302520403319804,0.8584615749888206,0.8584615749888207,0.1516116140138827,1.5155057117645059,1.0361650963536309,0.8238656392803194,0.8168554122997506,1.1425838767181242,1.7652116880818485,2.88262199578048,hjorth_mobility,hjorth_complexity,1.6391738476268634,1.3170314764025752,0.9579799552146702,0.50129015036925,0.2269065650475134,0.9635881360019292,0.07027036510868867,0.36644836118890534,1716,eeg_data_level_7.csv,12,AF8,240.0078125,250.00390625
0.44144172882382865,0.44144172882382865,0.32679299154138214,0.8766976156565999,0.5489274959022903,1.390421836285176,1.3904218362851755,1.2390822049034436,1.784530333784525,1.6083627718879776,1.8720182534514278,1.8720182534514276,2.037523161677845,2.6335137394506605,1.9148981146495403,1.6172168987289341,1.6172168987289337,0.9792064979220644,2.4072239589596607,1.9086124737915497,2.049247706075856,2.049247706075856,2.7683484212416056,1.7272301550641316,1.9686179150706211,0.9591776458224531,1.5262342727392815,2.2119708213874927,1.0553937126878423,0.8960525544335681,hjorth_mobility,hjorth_complexity,0.9432362193954315,1.091306787866408,1.0178508844591232,1.197971349764214,2.653417587188269,1.0547383650831927,0.5642901935394273,1.0384316832653748,1716,eeg_data_level_7.csv,12,TP9,240.0078125,250.00390625
0.20871372284683723,0.20871372284683729,0.13317027082980074,0.5054595838667829,0.25137698549558385,0.4618144536718195,0.4618144536718195,0.4192700170943224,0.4266343017481304,0.46188001515041066,0.26445709923720734,0.26445709923720734,0.18470777229503127,0.3028913255873022,0.35576109132388045,0.3720864635322959,0.3720864635322958,0.19530809627004783,0.6854383543159019,0.4950868875440992,0.677856883342066,0.6778568833420661,0.13681254530987644,0.7935895086765045,0.91524815812078,1.0732061344682275,1.3409457066303088,0.9631841200582342,0.6679832829381527,0.8372478178049498,hjorth_mobility,hjorth_complexity,1.2561893037888112,1.1099390960136524,0.9582404596344435,0.9192988700062283,0.2269065650475134,0.885459368217989,0.20036148658600073,0.6187764854650013,1716,eeg_data_level_7.csv,12,TP10,240.0078125,250.00390625
0.01024624705772887,0.010246247057728874,0.00702674116934155,0.017575799664701002,0.012576264960798902,0.040067651961259616,0.040067651961259616,0.030613819006479855,0.07067664803523423,0.042259708295579686,0.04875142564174548,0.04875142564174547,0.038657862587900375,0.06754171790773719,0.053475934311462164,0.46080089242295663,0.4608008924229566,0.4136141644115608,0.4475378434415056,0.4835563407745502,1.701689515049181,1.7016895150491813,0.4729837841082428,1.9004120065251744,1.969541733903339,0.351264705891031,0.6095944994029605,0.7402113568485111,2.4600265313150613,5.594456447375083,hjorth_mobility,hjorth_complexity,1.8230064286691285,1.3934239672619722,1.2590529286673635,0.38117270219770444,0.15281462544016208,1.3021461297323367,0.06248018150599796,0.3455395951207047,1716,eeg_data_level_7.csv,13,AF7,250.0078125,260.00390625
0.03648038893648227,0.03648038893648227,0.03488512685567168,0.06365612718983847,0.03088788738323004,0.06728036322439343,0.06728036322439343,0.05318228785880061,0.06519083125642616,0.07219367339969518,0.06426492063380676,0.06426492063380676,0.044366373256304985,0.10971169881309357,0.07414441385765044,0.2771967662501267,0.2771967662501266,0.21698590208821075,0.44360760665604754,0.2903392971338916,0.8198304649176237,0.8198304649176238,0.2243118240083468,1.5592513030047208,1.0050846304479015,0.8075506786885628,0.8689937621854031,0.9095966958683899,1.5947221442735926,3.0143152206566963,hjorth_mobility,hjorth_complexity,1.6851319928874295,1.327985843872825,1.0191283580560888,0.4420322092712875,0.273214027302108,1.0547383650831927,0.05726721931901068,0.33081083594890504,1716,eeg_data_level_7.csv,13,AF8,250.0078125,260.00390625
2.2814026351170646,2.2814026351170655,2.000162827213873,2.0716717550947537,2.461907278521669,6.708543475679803,6.708543475679803,5.7967404331367485,11.919073965629943,5.581234533245462,8.826134245985472,8.826134245985472,8.050968308330326,9.340392002173344,8.741266859785199,9.092049288668377,9.092049288668374,13.471721746578558,6.198411041296645,8.1999807527198,4.001556317202902,4.001556317202902,5.198080090863162,2.2200649538855304,3.2987692298113,0.9621168977615141,1.5296517573252701,2.1825663308117145,1.1529555652180206,0.41416820964662815,hjorth_mobility,hjorth_complexity,0.6740527971549719,0.721060131942418,1.0556991708319656,1.784144496841356,3.702281607254836,1.0026525198938994,2.4808917976192024,2.177361755307317,1716,eeg_data_level_7.csv,13,TP9,250.0078125,260.00390625
0.4397275911604693,0.43972759116046933,0.2781768192636239,0.5952135289449724,0.5826146055767896,0.5683960726344591,0.5683960726344591,0.4038837280397633,0.5996322963976941,0.7141046289096855,0.32219835670124264,0.32219835670124264,0.24252960013627026,0.4627395074099411,0.39392301638272975,0.7516642126029465,0.7516642126029462,0.4272369247527294,1.4489015892968753,0.8410373726153092,0.7962779088457262,0.7962779088457264,0.13421938760108404,1.4973085318685202,1.0481329672220108,1.1218510567080777,0.9853305020649441,0.6666445894728659,0.6974824796410241,0.5513102511561693,hjorth_mobility,hjorth_complexity,1.00451374640952,1.0084453398390365,0.9347549842517983,0.8648456268351277,1.331339539819594,0.9115022908126357,0.44046504189600816,0.9174499929317143,1716,eeg_data_level_7.csv,13,TP10,250.0078125,260.00390625
0.006061612557800302,0.0060616125578003026,0.0040383520115266506,0.011269472277556937,0.006963997180472372,0.02100726056262264,0.02100726056262264,0.020647738006239365,0.03242068982030965,0.02362966475125916,0.03904876559876963,0.03904876559876963,0.02654562944123151,0.06072289960878038,0.04618568365885556,0.564247387316926,0.564247387316926,0.9353754607376543,0.4198160032181082,0.49706710277058513,1.5701801576251335,1.570180157625134,0.28801349220377975,2.0354046185210293,1.9417687430031676,0.2542349405983867,0.3877238264049714,0.6672246187489997,2.985779367402903,5.711669656936578,hjorth_mobility,hjorth_complexity,2.098755300232526,1.4127017162196145,1.0784432105583333,0.34914138268529227,0.2269065650475134,1.1068242102724861,0.0540148646501546,0.32127972905463514,1716,eeg_data_level_7.csv,14,AF7,260.0078125,270.00390625
0.0207085046111499,0.0207085046111499,0.018619844925336405,0.025725414745718992,0.01944865568008316,0.050391152340348994,0.050391152340348994,0.04134496987057417,0.04755699431434215,0.06728581866648498,0.07855204969903354,0.07855204969903354,0.05023052498428501,0.12010568920840779,0.09547167604971718,0.39367598535904136,0.39367598535904125,0.4144825742528473,0.3805071169154878,0.39286691999638923,0.8090846755961388,0.8090846755961387,0.12070201356556269,1.2723396460106298,1.0618601510310577,0.6408214184154516,0.8238934464816848,1.2821568659241214,2.493590128194191,3.6055619089838826,hjorth_mobility,hjorth_complexity,1.737655587470934,1.341277739755991,0.9928975668650624,0.35875077853901594,0.1458685061019729,1.0156739811912225,0.04558636882129654,0.29515094545283965,1716,eeg_data_level_7.csv,14,AF8,260.0078125,270.00390625
1.324409687515068,1.3244096875150682,0.9163083951750903,1.7386535356418216,1.8015503089202056,4.778345944783537,4.778345944783537,3.265915177146014,5.617281721490572,6.717249273030995,5.12151335844465,5.12151335844465,5.495366991086627,6.11622401270584,4.299450243377825,5.190679864003208,5.190679864003207,5.774600464889668,2.2001269226777596,4.048854385029238,2.308141544523339,2.3081415445233393,3.154056103082202,2.095805620592882,1.9917568799224648,0.9602697898959875,1.7175133657069441,2.068032951576572,1.0954023889403794,0.39290844405907377,hjorth_mobility,hjorth_complexity,0.879770209273697,0.8354957440835445,1.0540359503057204,3.2800071180710026,2.662679079639188,0.9570774053532675,1.8861878333508961,1.8985373627305253,1716,eeg_data_level_7.csv,14,TP9,260.0078125,270.00390625
0.09359264700452508,0.09359264700452509,0.06100235557829499,0.17071483981820965,0.11812988215757307,0.22239407649004533,0.22239407649004533,0.2441380776469845,0.2826782062835908,0.18695655825218313,0.1635064700351772,0.16350647003517718,0.14349291322027669,0.2211340875048727,0.15959917420837746,0.44061783256816045,0.4406178325681603,0.2863843446372548,0.7225114671917546,0.5341260489735772,0.6261121725727687,0.6261121725727687,0.11060695588012603,1.0942497961921,0.858430806849164,0.9934547307948586,1.258653090708443,1.129890608876432,1.3577502522148217,1.3979859381648094,hjorth_mobility,hjorth_complexity,1.2977704828340855,1.1529456275279295,1.048725667902648,0.8071892517127859,0.27089865418937825,1.0156739811912225,0.1383643069514128,0.5142078647464523,1716,eeg_data_level_7.csv,14,TP10,260.0078125,270.00390625
0.04882497545496825,0.048824975454968264,0.1047441141749537,0.021041131963507567,0.014112313356207348,0.06348256530257604,0.06348256530257604,0.044640654586057815,0.08438921544641968,0.08283313546720755,0.060882228425889785,0.06088222842588978,0.040256605018234276,0.09722563604006113,0.07406031122788279,0.5982760905208956,0.5982760905208955,0.7035380207713259,0.804594781905106,0.4841414540657922,1.5812639335512297,1.5812639335512297,0.37521404395918245,1.6563628012187177,1.7361484322466618,0.5489768103727612,0.576046798499219,0.5755778842564332,1.9402416163631215,3.4243639205630862,hjorth_mobility,hjorth_complexity,1.5188072767063328,1.3818513080134491,1.0840891428868829,0.4452353412225287,0.33804447445854036,1.1458885941644563,0.11412317660444064,0.4669964773742456,1716,eeg_data_level_7.csv,15,AF7,270.0078125,280.00390625
0.026480612022818727,0.026480612022818723,0.023508846645256987,0.03435055585223156,0.030207561390606222,0.07586632616320713,0.07586632616320714,0.06695306332121616,0.043003897427632276,0.08172300943609313,0.08536620510197718,0.08536620510197718,0.07521036318178809,0.041639623668974134,0.11657276689168235,0.3918118978623487,0.3918118978623486,0.3451846538217631,0.39686289033050715,0.3758980514349216,0.7041250595407276,0.7041250595407276,0.1531227979373217,1.1209748735283667,0.8567032052415703,0.7025288967217593,0.999803815604222,1.2313805014548926,2.297921354123761,2.937731745185085,hjorth_mobility,hjorth_complexity,1.6720010942415537,1.3150469757220482,0.957879761207065,0.4420322092712875,0.19680671458202692,0.9635881360019292,0.04781767388740899,0.30228799615721774,1716,eeg_data_level_7.csv,15,AF8,270.0078125,280.00390625
1.0729692411780427,1.072969241178043,0.6799448876227141,2.6929523131571877,1.2853240268401782,3.1717190870465566,3.1717190870465566,2.7809659762542926,3.653505975870488,2.506645694661299,3.2697317122637455,3.269731712263746,2.1487893480769267,6.097573962083335,3.86684119411467,3.9889607518125274,3.988960751812526,2.777625384306384,5.025230988950644,4.6565524191288254,2.4624936623258016,2.462493662325802,3.5287887837564784,1.5325553724842953,1.852028818584633,1.0160333583182575,1.5253113036101684,1.842511656236418,1.1241113064828112,0.5168182525012783,hjorth_mobility,hjorth_complexity,0.7812884694296265,0.8786474689743887,1.2258636636481597,2.2870362131862265,4.6353769716849165,1.1589100554617797,1.517607395184636,1.702967641358783,1716,eeg_data_level_7.csv,15,TP9,270.0078125,280.00390625
0.38559676961720457,0.38559676961720457,0.3393876082687787,0.592794589410171,0.3591189007663461,0.9032129103345872,0.9032129103345872,0.7537552436352637,0.9006258701259958,0.9581942085126302,0.37476113730712657,0.3747611373071266,0.40650878441065247,0.2463782014994964,0.4006132834388731,0.43531917851445917,0.4353191785144591,0.27138733658698394,0.6892082349622912,0.5548666548340305,0.6017173049192482,0.6017173049192484,0.10165979437858648,1.0396338640080434,0.7856766348009108,1.0539284595752314,1.417954755697774,0.7813338433393472,0.4604288861905617,0.45641194210459857,hjorth_mobility,hjorth_complexity,0.8009848173984404,0.9839053362267712,0.7561190880925892,0.741525046712341,0.6506198446770537,0.8594164456233422,0.38753405338784974,0.8605609086985155,1716,eeg_data_level_7.csv,15,TP10,270.0078125,280.00390625
0.018836779549115504,0.018836779549115515,0.021384743726979148,0.031850291555294806,0.015810888514862564,0.046662755680795136,0.046662755680795136,0.03875794106627135,0.049343411316753946,0.045361737880007386,0.0747621420502406,0.0747621420502406,0.06312156720366956,0.062220965854874986,0.09721609292666615,0.5887216787845639,0.5887216787845638,0.7275803392948258,0.4466658296422783,0.5569057147580349,1.6734806740510992,1.6734806740510997,0.3882939262680593,2.627186470049899,1.8810644372201666,0.4726589034092297,0.5922760966334306,0.917570396590106,2.568233655771522,4.844350125541745,hjorth_mobility,hjorth_complexity,1.75078648611681,1.3885544603681865,1.0604884443954916,0.374766438295222,0.19217596835656747,1.1068242102724861,0.06825208665639909,0.3611475271791872,1716,eeg_data_level_7.csv,16,AF7,280.0078125,290.00390625
0.0427652118421823,0.04276521184218231,0.03801080888124414,0.06007762009500538,0.045557895132091124,0.08922754849375218,0.08922754849375218,0.09906396711160437,0.0823871035147178,0.06039699747408814,0.07302865166557408,0.07302865166557408,0.06505849562508195,0.08831348246683365,0.08585066784615443,0.32311466008866346,0.3231146600886634,0.27812513607011874,0.43867528044521864,0.33738284961683923,0.7997824349187111,0.7997824349187111,0.14938916798197582,1.2316104412168059,1.0554002337020008,0.8319673578292546,0.9495036607487282,0.916270471366178,1.6370883226463817,2.7166400236306014,hjorth_mobility,hjorth_complexity,1.6172890165504032,1.3128799937423714,1.02304594375345,0.43722751134442567,0.31257537021851334,1.0417169037858693,0.06626197050821672,0.3558433484163074,1716,eeg_data_level_7.csv,16,AF8,280.0078125,290.00390625
1.9030785922462772,1.9030785922462774,1.5962076462057369,1.2778644630892049,2.369029956410597,9.540283923537162,9.54028392353716,9.974541065863688,9.812060329705925,7.043240296467393,10.87006582677816,10.87006582677816,9.235653409333288,13.002549158437832,12.30785232128635,9.907889198702406,9.907889198702405,13.415386175243496,9.431241665024118,7.913941967579262,3.6881237277081502,3.688123727708151,4.869746836302587,2.660842705359654,2.667381510947532,0.8499860120120096,1.8432406128434295,2.545268158891641,1.2400671140201895,0.3763312346939126,hjorth_mobility,hjorth_complexity,0.8031733005060866,0.7835845410525245,1.0575076726692385,2.2261767061126436,4.6238001061212675,1.0677598263805161,2.4018810825541133,2.1424092244893718,1716,eeg_data_level_7.csv,16,TP9,280.0078125,290.00390625
1.5079518025337213,1.5079518025337215,1.0590506166005789,1.9783120216517327,1.9956125902806534,8.373423741336294,8.373423741336294,5.528081929501793,10.4439664026888,10.751244092517565,5.535121404271425,5.535121404271425,6.191190487816093,0.7281370878652358,5.193198354413999,2.419118319414036,2.4191183194140358,1.6765309992456534,2.8304127410904094,2.2096698126013234,0.9414660115740917,0.9414660115740919,0.1695747295268621,1.4139931750349075,1.043745764185221,0.9016339139464287,2.180944662560095,1.7441008071990514,0.4812524156054665,0.1575445255043771,hjorth_mobility,hjorth_complexity,0.9760634660101215,0.8084812911748205,0.8707009551898304,2.0516060147699973,4.612223240557619,0.781287677839402,1.7775836894464452,1.8430694781526802,1716,eeg_data_level_7.csv,16,TP10,280.0078125,290.00390625
0.1254969340492766,0.1254969340492766,0.11372040983484988,0.16353676204026532,0.15839137034531903,0.18159335914952715,0.18159335914952718,0.18656957438018543,0.18436273155882038,0.11167859382572945,0.22282208717290522,0.22282208717290522,0.19454316773379945,0.3129116606632689,0.23586656834524228,0.6940499215985055,0.6940499215985053,0.3533485554978223,1.3029349269162245,0.9562652553044055,1.0183903182982985,1.0183903182982985,0.15817849334872514,1.016779562404075,1.3868917456426224,0.9513219520053023,0.8617615634585821,1.145092068769932,1.5549631743982117,1.6337313152805588,hjorth_mobility,hjorth_complexity,1.2496238544658733,1.126470050710696,1.1920832539840858,1.1130883530563218,0.2917370122039458,1.0938027489751627,0.21890008112186488,0.6467696616495342,1716,eeg_data_level_7.csv,17,AF7,290.0078125,300.00390625
0.06862356450937829,0.06862356450937829,0.09840587660645479,0.06375923760983002,0.05807476010780385,0.11282370317495602,0.11282370317495602,0.13003637468677956,0.12924033635094187,0.09192230504757674,0.13119769349010404,0.13119769349010404,0.11793160739173154,0.10847183196855675,0.1458122833634748,0.39612239721811554,0.3961223972181155,0.25448065918320106,0.613429350959546,0.48406549444547387,0.5499981176396241,0.5499981176396243,0.0993950480106555,0.7886641942793066,0.8030916051563756,0.8838919794660521,0.9581836405962432,1.1961145284790713,1.6085657324185785,1.6200514521490803,hjorth_mobility,hjorth_complexity,1.157707563944741,1.1401294676392668,0.926063154092052,0.472461962808079,0.25700641551299985,0.9505666747046058,0.09233502193758666,0.4200586256774904,1716,eeg_data_level_7.csv,17,AF8,290.0078125,300.00390625
1.1816573663339838,1.181657366333984,0.9907078429560665,1.9386027014588558,1.572644665168612,2.200509433700686,2.200509433700686,1.9201328945724643,2.658037247476454,2.7631600307728745,2.0581470873992718,2.0581470873992718,1.53737771838319,3.1189935357566525,2.2969923029828183,2.1524845178491057,2.152484517849105,1.877967131675131,2.152122815256881,2.340276832407094,2.176585816308425,2.1765858163084255,4.040454930816034,1.1613053055940799,1.5436230848165835,1.0796281036629165,1.2510116670000828,1.3233742753503428,0.7035624554483936,0.46886350514445024,hjorth_mobility,hjorth_complexity,0.7156339762002462,0.9295587726289853,0.9435369890183888,2.029184091111309,1.3845931214123777,0.8073306004340488,1.4746459410799766,1.6786902139108921,1716,eeg_data_level_7.csv,17,TP9,290.0078125,300.00390625
0.5656703747227882,0.5656703747227882,0.47616183686191893,1.065160674366336,0.5491686934976415,1.5347858523972653,1.5347858523972653,1.695757720930589,0.838229046678766,1.382718765821784,0.41359418616576515,0.41359418616576515,0.334507058577973,0.5941399693709253,0.4727500296702797,0.6253440501671026,0.6253440501671025,0.5527514137752414,0.6677185627381728,0.7329880659237612,0.6042135622330133,0.6042135622330134,0.12499805622914774,0.7705174288116119,0.8590205323188002,1.069422839196655,1.4887674030693783,0.6233054824735568,0.4451244717557569,0.3252164152248378,hjorth_mobility,hjorth_complexity,0.7265763917384761,0.817366591191204,0.9771220203676326,1.2604324228134176,0.9261492450918914,0.9245237521099591,0.6402241313523829,1.1060956861900084,1716,eeg_data_level_7.csv,17,TP10,290.0078125,300.00390625
0.21812991404809054,0.21812991404809062,0.3646564018788438,0.08265626255029902,0.11276592131417887,0.12034028861074747,0.12034028861074747,0.10778462768826284,0.08466584974331787,0.14552749009436494,0.1412269520602494,0.1412269520602494,0.09425164365669805,0.10797590449127936,0.19083958817365881,0.2751713555135527,0.2751713555135527,0.23167633133760282,0.5409905043195459,0.3212843829302132,0.3819695368341446,0.3819695368341447,0.07436148997273206,0.5648299218758147,0.47783147581744634,0.8987169353232995,0.532002137611626,0.6453515563828659,0.5791328918568506,0.5769025928135467,hjorth_mobility,hjorth_complexity,0.9935713308712897,1.1647654836739199,0.5130534353428934,0.26585995195302076,1.0419179007283779,0.885459368217989,0.2657482999967647,0.7126264313005772,1716,eeg_data_level_8.csv,0,AF7,120.0078125,130.00390625
0.021743519907371476,0.021743519907371476,0.017087619016833044,0.02714169985895437,0.029991272635306866,0.033805893608873504,0.033805893608873504,0.029823269043197594,0.05556676601081117,0.030646773278666963,0.0621084599739639,0.06210845997396391,0.05182859541306335,0.06300438314719518,0.06462053845847444,0.14472034739997408,0.14472034739997405,0.14469090447908955,0.15600600112654253,0.17673326526243452,0.1501199528370453,0.1501199528370453,0.03534671270167529,0.20224309339718183,0.19795241897942473,0.9634642775789094,0.9518032080612459,1.6853151504454662,1.8055984822144469,1.4214026809054412,hjorth_mobility,hjorth_complexity,1.1205033511147584,1.1227228291161462,0.9186387781285109,0.36996174036836016,0.2662679079639188,0.9766095972992526,0.029916162910150066,0.23910002611603332,1716,eeg_data_level_8.csv,0,AF8,120.0078125,130.00390625
0.32028667814215656,0.3202866781421566,0.22894829351173412,0.32904969298130854,0.42562727811980167,1.2848204298969885,1.2848204298969885,1.1230036690683267,1.6084876046826366,1.3792040883681087,1.466318776241264,1.466318776241264,0.9348573970724037,2.4537240686951773,1.7204531829165703,1.8808443473463474,1.8808443473463468,1.9517448605247598,2.293656737502895,2.094654346922277,1.9411376364332138,1.941137636433214,5.5234302154761075,0.4901420103356142,0.6710687830214952,0.8868612017527999,1.6783751853645061,2.1929126962936563,1.4014223196829467,0.7984584447716315,hjorth_mobility,hjorth_complexity,1.549446040213377,1.2115610191849546,1.0562452281734138,0.9561348874455022,2.8178090781920795,1.0938027489751627,0.357511140156282,0.8265544499123607,1716,eeg_data_level_8.csv,0,TP9,120.0078125,130.00390625
0.2789972167469065,0.2789972167469065,0.23709284783842063,0.2071096259507232,0.33488977624350363,0.22759188603004504,0.22759188603004504,0.2157296866638529,0.2076868798581619,0.23814300052930498,0.15709020542179156,0.15709020542179156,0.15157350998124924,0.111934888936215,0.1698947967360582,0.22291122858434312,0.2229112285843431,0.1365976950845307,0.24584143226612015,0.2803535668270518,0.20457443442630444,0.20457443442630446,0.061544473119885035,0.3458417341270068,0.2649811389525997,1.0927249493100561,0.7311523035799524,0.5655550492677163,0.3892870807930058,0.2697370879789521,hjorth_mobility,hjorth_complexity,0.5602516755573791,0.8680479221800566,0.9006289052614865,0.733517216834238,0.733973276735324,1.0938027489751627,0.2996215540559067,0.7566816547542363,1716,eeg_data_level_8.csv,0,TP10,120.0078125,130.00390625
0.011196087751511711,0.011196087751511713,0.022848091004434072,0.00788399701526399,0.00738288392153361,0.018040891891317985,0.018040891891317985,0.012896577798908066,0.03005846855599097,0.020816040189388013,0.03037204995237637,0.030372049952376374,0.0285273950212881,0.019069635097260732,0.03835905538461612,0.21555168535798014,0.21555168535798008,0.17928536803445713,0.301049414396543,0.25914625988650486,0.6361235715235061,0.6361235715235062,0.14313036608952326,1.124828696515559,0.8012559225579157,0.4918104089618107,0.5321120260314814,0.8344805756207754,2.2541738328033554,4.246113352071789,hjorth_mobility,hjorth_complexity,1.6041581179045272,1.3441304847524467,0.9574138590717011,0.30750066731915654,0.8219574550190536,1.0677598263805161,0.0865364688266269,0.4066551377044219,1716,eeg_data_level_8.csv,1,AF7,130.0078125,140.00390625
0.026603114118284036,0.02660311411828404,0.02216653959611339,0.031214990004330267,0.02467017532995062,0.06302495752041656,0.06302495752041656,0.050000994601524525,0.11857259318978679,0.052601345839975125,0.08811636030927653,0.08811636030927653,0.08684914425222157,0.0770144926078517,0.0921616859889832,0.19697061990441803,0.19697061990441792,0.10091840382470572,0.4723270832463598,0.25443941759412847,0.3669620125555088,0.3669620125555089,0.05719549478872528,0.664969757730242,0.4942337116561371,0.8387955566734362,1.1066096617349968,1.570898675112069,1.6595524848237908,2.127850272577372,hjorth_mobility,hjorth_complexity,1.0920530707153604,1.1961065491970366,0.9910239389228463,0.4452353412225287,0.5070667116878106,1.028695442488546,0.05446617090449138,0.32261911908360646,1716,eeg_data_level_8.csv,1,AF8,130.0078125,140.00390625
0.08399923081300503,0.08399923081300505,0.05238668903184493,0.1274213947592248,0.10835838811332817,0.1355066140195871,0.1355066140195871,0.07797608770422053,0.2398763486862562,0.18584077869041912,0.2671574920575581,0.2671574920575581,0.20369774348383432,0.3702479776674711,0.2733357526962719,0.4274880110668983,0.42748801106689815,0.3824732795199778,0.6831481515294494,0.4943726662863011,1.8746692125795668,1.8746692125795672,5.035291202410651,1.1624293344810956,0.7747239096895943,0.8797612590719245,0.8628828209939439,1.584970409892375,1.2282756485478648,2.213023743495972,hjorth_mobility,hjorth_complexity,1.6304199151962795,1.345727509545498,1.002065318560933,0.4692588308568378,0.5510588008296754,1.028695442488546,0.12581954133640563,0.490343844318212,1716,eeg_data_level_8.csv,1,TP9,130.0078125,140.00390625
0.127548712845228,0.127548712845228,0.13580777427232635,0.10200705120757345,0.126165800748853,0.07849394508885552,0.0784939450888555,0.07470689752984826,0.14493207727748153,0.08758326534746615,0.11277987571472893,0.11277987571472894,0.07156653630500169,0.1896835286602211,0.13379922677130723,0.2961589309681385,0.2961589309681385,0.23275571406265771,0.32352507724958196,0.3274316352588986,0.3510834478401233,0.3510834478401234,0.07415827824100925,0.39662140319147177,0.4487500067497213,1.0354556930780645,0.5556083400080528,0.7823181803766546,0.8980269733074295,0.7871772448836838,hjorth_mobility,hjorth_complexity,0.7834769525372725,1.0551626982725824,1.119162055249063,0.7030874632974464,0.3797211904876755,0.9766095972992526,0.1544549189216842,0.5432847952046003,1716,eeg_data_level_8.csv,1,TP10,130.0078125,140.00390625
0.07972859256937187,0.07972859256937187,0.051445326692742106,0.21473281019283563,0.08335729684366429,0.15955092899203,0.15955092899203002,0.17348035459429945,0.22813395607136303,0.12031196547393398,0.2243034191599982,0.22430341915999824,0.1770540198697409,0.3448357035591521,0.22344942972307827,0.5263910461944028,0.5263910461944027,0.3012391837936994,1.1914293130147302,0.6864251011581988,0.925794455289386,0.9257944552893861,0.12422966806919135,1.2669444303931923,1.2882461588362848,0.9381813950168855,1.031139426088232,1.5393119566476623,1.6697833294937179,2.0499687153236272,hjorth_mobility,hjorth_complexity,1.3415401449870057,1.1855150547899518,1.078418162056432,0.7239078209805143,0.41676716029135114,1.0677598263805161,0.10789404681546358,0.45407272958219436,1716,eeg_data_level_8.csv,2,AF7,140.0078125,150.00390625
0.1724772829008044,0.17247728290080444,0.16999308865331728,0.17533132966614184,0.22844636046918632,0.218417786136599,0.218417786136599,0.21638746627251343,0.27318139193560215,0.19768919365645696,0.14673353805846762,0.1467335380584676,0.1287373321663644,0.19877060229108712,0.1665110967942493,0.25470914578850606,0.254709145788506,0.15124933042021246,0.45124562739748697,0.34345397718392945,0.36802687706049597,0.3680268770604961,0.06580751376508331,0.5472356283280991,0.5359011338341635,1.076090659173297,0.9749433960052547,0.7750607631672856,0.633911424789267,0.6526361510768292,hjorth_mobility,hjorth_complexity,0.8491314457666529,0.9535141487536822,1.00083794196777,0.5925794109796245,0.5626356663933241,0.9766095972992526,0.17371258819330546,0.5761589655601449,1716,eeg_data_level_8.csv,2,AF8,140.0078125,150.00390625
5.124588944545532,5.124588944545533,5.675313017368829,3.1545109605612405,4.009250404746701,3.0866974189656027,3.0866974189656027,1.9186615387102393,4.812408233283109,3.823589743500223,2.0537571123777245,2.0537571123777245,1.8944327894225126,0.9922067269635317,2.491930162156062,1.1387064476146556,1.1387064476146551,1.0937357177013116,1.2929190915549358,1.1909558506389561,2.3141302799414505,2.314130279941451,5.610707891338922,1.080342684882724,1.16977735770294,1.1229272123642582,0.6397133761710986,0.4557153648537947,0.1361120622567521,0.15678255792931128,hjorth_mobility,hjorth_complexity,0.8294350977978387,0.8692001686956817,0.8609420588490895,3.2800071180710026,2.2250735613332693,0.9375452134072825,4.669538962446647,2.987195734954344,1716,eeg_data_level_8.csv,2,TP9,140.0078125,150.00390625
2.355917605447922,2.355917605447922,1.72365684740741,3.2749112765899056,3.4060883447107044,2.4987667370231423,2.4987667370231423,2.5172528040122626,3.701639281058642,2.3770672592792295,2.44646921051901,2.44646921051901,2.7295155181264676,2.3871715367527617,2.0759596221954593,1.3316555572628856,1.3316555572628854,1.6924154126788578,1.200540033848858,1.054090827310715,0.6679887366718934,0.6679887366718935,0.13118232774175242,1.012793109424758,0.9348649005966349,1.14568325687187,0.8911742693825352,0.9285183643264321,0.27561693187288644,0.11403480777346515,hjorth_mobility,hjorth_complexity,0.37204212829982214,0.6720798713126399,1.2122923853180432,3.2800071180710026,2.0676281896676474,1.1263564022184713,1.7598753903971442,1.8338661654899857,1716,eeg_data_level_8.csv,2,TP10,140.0078125,150.00390625
0.19333052562167066,0.19333052562167077,0.15891853895980565,0.2564744808794918,0.2589561752688664,0.37654743880136815,0.37654743880136815,0.26837962610612914,0.7562541999472782,0.4195353138887573,0.5823516937571973,0.5823516937571972,0.608809939849116,0.7592395939815794,0.47361807484138446,0.9321551920337926,0.9321551920337923,0.6478949443177584,2.007693990116321,1.0774603667168778,0.8712777160975047,0.8712777160975047,0.22049305425862542,0.9245502074960802,0.9431745487795731,0.9996879017923617,1.1837558866993083,1.8005521902026482,1.437704603526122,1.013930941802914,hjorth_mobility,hjorth_complexity,0.9410477362877855,1.1040650954756726,0.8809057148644142,1.3821514369605836,0.5556895470551348,0.9115022908126357,0.2549474616154679,0.6979945392205453,1716,eeg_data_level_8.csv,3,AF7,150.0078125,160.00390625
0.3674638587486181,0.3674638587486181,0.21745174657668204,0.9685142405082768,0.4554878826224826,0.5406211912180755,0.5406211912180756,0.6901812997242612,0.7950927742309126,0.491867556138808,0.5167150201377569,0.5167150201377569,0.5332527473610129,0.6551995297970186,0.5378355268418418,0.3403366838330051,0.340336683833005,0.3775112034425959,0.4653526537564938,0.33349203747906464,0.3788127982278592,0.3788127982278591,0.07207827348606984,0.6484279331078623,0.448443290402186,1.165760787001315,1.0852434138171068,1.171445317490151,0.41551303407961904,0.3461862164084242,hjorth_mobility,hjorth_complexity,0.7550266721378743,0.7924425461546893,0.8472605671106073,0.6870718035412403,0.7038734262698375,0.8984808295153123,0.3282281141958847,0.791980644001341,1716,eeg_data_level_8.csv,3,AF8,150.0078125,160.00390625
12.49895303099758,12.498953030997582,8.965442062234171,22.9310510131777,14.174652079149864,8.704566346587372,8.70456634658737,15.253690286666902,9.475337526157823,4.847561034751096,4.899382351684652,4.899382351684652,5.088143033473787,6.297682381542566,5.515287552434285,2.281085256148562,2.2810852561485615,3.893320748588715,2.2213139421634644,2.1765770728042684,2.07368795858075,2.07368795858075,4.015341874297568,1.2926839214084416,1.447411572861326,1.2107790100151323,0.6314554207926311,0.4428614763705345,0.1091361013842551,0.06740286711475703,hjorth_mobility,hjorth_complexity,0.41143482423745037,0.6442867293127496,1.987107675229752,3.2800071180710026,4.602961748106701,1.4844465878948638,10.180095540402423,4.410650094629664,1716,eeg_data_level_8.csv,3,TP9,150.0078125,160.00390625
8.515332859342447,8.51533285934245,5.4879533191717575,20.417398024028266,10.599782029174468,10.343762126630633,10.343762126630633,18.665924683742187,2.965623826863895,6.056647372714509,14.93543977365337,14.935439773653368,8.825406564001563,23.222595825001342,18.565353183414327,6.4214512596778,6.4214512596778,11.050872003062231,5.2309173361853425,4.549021313232648,0.9919773320829036,0.9919773320829037,0.24969527779460274,1.414134781974492,1.1632036281649243,1.1921946694942245,0.8624053549457367,1.480307190746855,0.3536247980603251,0.05118040291413792,hjorth_mobility,hjorth_complexity,0.26261797291752154,0.4843772053629728,0.5121416698736867,3.2800071180710026,4.612223240557619,0.2408970340004823,7.05901916726407,3.6728133585434395,1716,eeg_data_level_8.csv,3,TP10,150.0078125,160.00390625
0.05594968588301064,0.05594968588301065,0.03801632638398975,0.09353239920742765,0.06757448299598189,0.05296186499294636,0.05296186499294636,0.06041970476056872,0.023266173630175975,0.05721913922178371,0.06752388214253811,0.06752388214253811,0.04877980821494633,0.07327535442708283,0.09113782313308047,0.2583645242897243,0.25836452428972423,0.15839380929971134,0.2715844159089352,0.30299286788536783,0.35897124770785266,0.3589712477078527,0.05957271421510529,0.43837075776183704,0.4961937712810665,1.0619646790698825,0.7011703017076725,0.9388812566738385,1.492679244231826,1.5183210688982816,hjorth_mobility,hjorth_complexity,1.3327862125564214,1.1692478196304033,1.1832711910152136,0.5733606192721773,0.2106989532584053,1.1719315167591031,0.052736463325425226,0.3174550056304959,1716,eeg_data_level_8.csv,4,AF7,160.0078125,170.00390625
0.4365931505889888,0.43659315058898884,0.3664546320636377,0.30295307131413,0.622913270422988,0.2890437387082855,0.2890437387082856,0.2971523926348929,0.24906363542578142,0.30026923647489284,0.325727710150596,0.32572771015059593,0.2779691922935547,0.21050837665161512,0.42500457424720467,0.27036581436357815,0.2703658143635781,0.21987863082973277,0.24995544742619763,0.3197366844133254,0.20335955948841983,0.20335955948841986,0.03053645209897126,0.4526656876035252,0.27455322743003624,1.1375583975000927,0.6366336269399184,0.7411919920784786,0.32115771472052596,0.18745065985748016,hjorth_mobility,hjorth_complexity,0.7812884694296265,0.8035358305982486,1.043585715312504,0.7191031230536524,0.6390429791134051,0.9635881360019292,0.2957126873602758,0.7517296112645555,1716,eeg_data_level_8.csv,4,AF8,160.0078125,170.00390625
3.482239967519487,3.482239967519488,3.544533457340082,1.1030204759924715,3.480048269092754,1.09429110850236,1.09429110850236,0.9683541012068141,1.3655136765413862,1.1952132968043019,0.8340342423810253,0.8340342423810253,0.6824498329949005,0.8736559772155665,0.9754146216919498,0.7092288274709774,0.7092288274709773,0.4698762208555817,0.8667723376323988,0.882226139640336,1.9606628784829445,1.9606628784829452,4.9865943434864715,1.3442780681406539,0.8928749725176888,1.1043438779654384,0.3798382347534535,0.3075835418211697,0.13028441927530082,0.1898775635211033,hjorth_mobility,hjorth_complexity,0.9125974558883873,0.9558609847156205,1.5966716663940324,2.05801227867248,2.0583666972167287,1.4714251265975404,2.7204865407430856,2.2800793934341566,1716,eeg_data_level_8.csv,4,TP9,160.0078125,170.00390625
2.261676000319885,2.2616760003198855,1.6420399043998188,3.6765906697824127,2.594889658209244,2.3453453542291576,2.3453453542291576,3.3240686343500787,0.9967463569759837,1.4522834929271813,2.14143561373848,2.14143561373848,1.9988342881378798,1.523824670200064,2.250332336894361,1.1527964581119552,1.152796458111955,1.6296923135605006,1.5044899159964955,0.9960605711317536,0.5053358849780845,0.5053358849780846,0.06480612314075179,1.0005615592117572,0.6770721449210131,1.181980256514519,0.82479439291687,0.8833216572423508,0.25945251768690714,0.09568803565215041,hjorth_mobility,hjorth_complexity,0.32608398303925584,0.5589276937450905,1.2698037456833953,1.5198861108639559,3.857411605807728,1.1719315167591031,2.1667790040408503,2.0348574386099,1716,eeg_data_level_8.csv,4,TP10,160.0078125,170.00390625
0.12722218903494806,0.12722218903494809,0.13139889325908669,0.06062849078898365,0.12480215819890846,0.09916277451575368,0.09916277451575368,0.10006224804215867,0.10317247957483063,0.0903224914119143,0.1953067401998707,0.1953067401998707,0.2508305937093774,0.14446865763951408,0.17121915810245528,0.5063785323041564,0.5063785323041563,0.3577535885285483,0.5055106063878689,0.5777913229812012,0.4404685943669494,0.44046859436694946,0.07818996448383608,0.7503281897753126,0.5304965722599448,0.9733934801143804,0.6381010306770929,1.1532352837020863,1.371529271120424,0.9346999251351031,hjorth_mobility,hjorth_complexity,0.7221994255231842,1.113443036652502,0.9825876034824932,0.884064418542575,0.20375283392021612,0.9115022908126357,0.14386528468912563,0.5243299716883042,1716,eeg_data_level_8.csv,5,AF7,170.0078125,180.00390625
0.2502467734768811,0.2502467734768812,0.2023959486324607,0.4170669999896713,0.28363520813663845,0.38341073435487977,0.38341073435487977,0.3321682049892888,0.2904650115699556,0.3727730923891947,0.362104418217196,0.3621044182171961,0.33424051280351375,0.4025560659225298,0.42504833346877124,0.28226828439427576,0.2822682843942757,0.5561074228474465,0.3424167801590823,0.24647046771949588,0.21615839616986937,0.2161583961698694,0.03083470215558115,0.2824487327771342,0.28784602378049495,1.109869083842876,1.1194591857182896,1.186276248350399,0.4770770792670932,0.29267195041154415,hjorth_mobility,hjorth_complexity,0.6193407194638215,0.7340635879442978,0.9376906686746288,0.6486342201263458,0.59736626308427,0.9245237521099591,0.27943224754504525,0.7307434659502763,1716,eeg_data_level_8.csv,5,AF8,170.0078125,180.00390625
2.1018210178669348,2.1018210178669348,2.10170562920756,2.030202580499656,2.0965458047875307,1.7273215203602243,1.7273215203602243,2.3132510464637286,1.129000561548047,1.240804518897043,0.8823891084820968,0.8823891084820971,0.9347572858614046,1.180117982770714,0.8916271364674522,0.7059621776684247,0.7059621776684246,0.7732699933376812,0.996342399306924,0.6725962341032634,1.6328933987577539,1.6328933987577543,3.9030955272348904,0.7503184478133572,0.8489864072083962,1.1178446692822603,0.7297866903653516,0.4624769029578942,0.1867001670535023,0.24334049717259462,hjorth_mobility,hjorth_complexity,0.8031733005060866,0.8680244466745166,1.397571144181473,3.1502802740457336,1.8893444599874585,1.458403665300217,3.285817599074552,2.505811537251128,1716,eeg_data_level_8.csv,5,TP9,170.0078125,180.00390625
1.1276534705581291,1.127653470558129,1.1434497751840127,1.6664414283414384,1.2859755582398753,2.2502041700826356,2.250204170082635,2.5845746065766555,1.0267766375615028,1.6131446770001756,1.545976845998103,1.545976845998103,1.846299343571995,1.2329411037856024,1.2755813300928096,0.9502851133572868,0.9502851133572866,1.230941563321229,0.7942105489333602,0.8037104128988808,0.4905528803057739,0.4905528803057739,0.07521817383593914,0.8106129306113891,0.6217919604827719,1.0830667503598757,1.2415889842944512,1.0705011608246604,0.3610599606173807,0.1550833928101301,hjorth_mobility,hjorth_complexity,0.4223772397756804,0.6141912276892023,0.09054031497238715,1.7713319690363911,2.678886691428296,0.23438630335182062,1.521693122929637,1.7052584793708285,1716,eeg_data_level_8.csv,5,TP10,170.0078125,180.00390625
0.4653852666453669,0.4653852666453669,0.44685834016984466,0.1878960246363381,0.4413122580930157,0.31590579690097637,0.31590579690097637,0.2157680949702756,0.648875022700418,0.35088911348079566,0.5221745090183182,0.5221745090183182,0.5833822915592454,0.38383772450901255,0.5285108536840821,0.4126986383385063,0.41269863833850623,0.29816954168760873,0.6058502823177568,0.47270189797895557,0.5471737242589318,0.5471737242589318,0.09033398695060212,0.6283493791793525,0.6867307603690569,1.0409139392563183,0.6354708306782076,0.9678172071348485,0.4122377780614776,0.3935343941678348,hjorth_mobility,hjorth_complexity,1.008890712624812,1.0260363805632529,1.05480744416428,1.8369961740368361,0.3912980560513241,0.9245237521099591,0.3898465188619306,0.8631246286146408,1716,eeg_data_level_8.csv,6,AF7,180.0078125,190.00390625
0.22406777489543706,0.22406777489543708,0.16426179347695583,0.32186717617456306,0.2787119662113155,0.28624341426973876,0.28624341426973876,0.25681720835639715,0.4087606533570562,0.23584291617961523,0.23397482651241566,0.23397482651241566,0.18691280788419326,0.27898229833092913,0.22067782992075802,0.2438307946887895,0.24383079468878946,0.18751499593224594,0.3242423908914529,0.26108533806198625,0.2705896337567332,0.2705896337567333,0.044973458387507055,0.44357884732176056,0.3626975282522773,1.143434051080776,0.9883784749461785,0.9223070245882864,0.48662854950886664,0.4019177696303862,hjorth_mobility,hjorth_complexity,0.8578853781972369,0.9180974998843922,1.0342576532044652,0.8087908176884064,0.5232743234769186,1.0026525198938994,0.18601297150083115,0.5962086794015231,1716,eeg_data_level_8.csv,6,AF8,180.0078125,190.00390625
0.8081558650145426,0.8081558650145426,0.8978890274362704,0.6211470655194758,0.9340579193486616,1.1548438032621504,1.1548438032621506,0.9339869973795671,0.5451953835889374,1.3074121855680054,0.6093759600961766,0.6093759600961764,0.5515050905888744,0.7697703938041781,0.7046358810543378,0.9042478349425818,0.9042478349425814,0.9974866843043237,1.0475600546196902,0.9200947711463786,1.8467192242605361,1.8467192242605366,3.9189767696646443,0.7962147990378663,1.1761427010483774,1.0376025062862246,1.0334221375217576,0.6920957937043989,0.48451488930188474,0.5717403010364202,hjorth_mobility,hjorth_complexity,1.1029954862535902,1.0554185548638921,1.187509397536911,2.4632084705044934,1.0511793931792968,1.1719315167591031,0.9547967740544235,1.3507723131089633,1716,eeg_data_level_8.csv,6,TP9,180.0078125,190.00390625
3.6911631665762124,3.6911631665762132,2.9703335059925644,7.569897608508208,3.4072895097295373,5.395161500433128,5.395161500433128,6.477278972178024,2.3872134073774367,4.212291625983368,9.6006184638511,9.6006184638511,5.431400637728517,16.239328160485616,12.557300039505408,13.627456552679643,13.62745655267964,19.85575648551218,4.4107350101042355,6.473117026694968,1.5256741882469447,1.525674188246945,0.3255056367137592,1.3718526820184709,1.6610766751811947,1.0815805452953617,0.9709753299740145,1.8380341184713807,1.1852112978111322,0.14162455041349098,hjorth_mobility,hjorth_complexity,0.4092463411298044,0.5983238761926877,1.7493923824861708,3.2768039861197615,4.558969658964836,1.7188328912466844,4.203350742035875,2.834160846681266,1716,eeg_data_level_8.csv,6,TP10,180.0078125,190.00390625
0.11107214681003642,0.11107214681003645,0.11145390177779133,0.13479399644325987,0.11582045308062053,0.06972693149463732,0.06972693149463732,0.04658594240680857,0.162764982240395,0.08108617724361719,0.17189116744579003,0.17189116744579003,0.11051985277527472,0.19498165757121114,0.21471822925820894,0.36272598200782713,0.362725982007827,0.22890835858953085,0.7285598717130419,0.4548768994072371,0.48365095551477144,0.4836509555147715,0.06749318079473363,0.8002865427615572,0.6574215813871414,1.0730068738435377,0.5657492883791716,1.2198089061387727,1.197064939092216,1.1562963096973564,hjorth_mobility,hjorth_complexity,1.01545616194775,1.1063852352332506,0.8854495131093074,0.6182044665895542,0.5580049201678646,0.885459368217989,0.12620395597555165,0.4910923432902734,1716,eeg_data_level_8.csv,7,AF7,190.0078125,200.00390625
0.3102273971453687,0.3102273971453687,0.2527768969773159,0.40469166478334,0.43411075376244085,0.3657372404038086,0.3657372404038086,0.28246764659027446,0.5304592811877132,0.36673986872458153,0.35837393652453337,0.35837393652453325,0.2851410922918015,0.425361105252753,0.39139342732679566,0.24262809550848016,0.2426280955084801,0.24768183776351066,0.3999024012476307,0.24229247774323334,0.2775541096182734,0.2775541096182735,0.053276247268544935,0.47440648554006354,0.37592012784535656,1.1089222188992585,0.9441570807232385,1.0041445356255598,0.36254888723967377,0.30762785685908595,hjorth_mobility,hjorth_complexity,0.7287648748461222,0.8101372933806213,1.0467468362524464,0.6646498798825519,0.7223964111716753,0.9896310585965759,0.29470403049118693,0.7504464655826829,1716,eeg_data_level_8.csv,7,AF8,190.0078125,200.00390625
2.1961968589741208,2.196196858974121,2.5746714009637355,1.4467745038367807,2.004223252914991,1.1724929329435634,1.1724929329435634,1.4805657519905553,0.9494955177052783,0.6941164031059246,0.8636024480101244,0.8636024480101245,0.7499208926322967,0.8581825576003128,0.8520025835264623,0.76769498930327,0.7676949893032697,0.8050896178526741,0.7652684658947997,0.8683608207020475,1.6004805911006241,1.6004805911006246,2.993395144375225,1.538305315381901,1.2105362325725217,1.0390910197485854,0.4998852508044926,0.41653327032847404,0.18623962280719292,0.23536028417791652,hjorth_mobility,hjorth_complexity,0.5930789221720694,0.9850268798584041,1.2018171018229256,1.4878547913515439,1.9495441609184314,1.8360260429225947,2.7115778973658586,2.276343100278112,1716,eeg_data_level_8.csv,7,TP9,190.0078125,200.00390625
3.1716019615535087,3.1716019615535096,3.42104720956371,3.0035298006156785,2.762550324462473,2.0561449235793923,2.0561449235793923,2.2624853933782916,1.84153344598251,1.5694154689407827,0.9822139676206548,0.9822139676206547,1.0428421417426956,1.3573204248357524,0.9676610471948279,3.310593208307287,3.3105932083072864,3.0699402859315095,3.81486479949062,3.3342921333700453,0.8976462504211784,0.8976462504211785,0.19222821820697233,0.6547668950093555,1.0777065807866266,1.073014935433704,0.6157371326612033,0.35810556060193155,0.5033426564178488,0.11992536232289394,hjorth_mobility,hjorth_complexity,0.5296129120503351,0.6754437077240902,1.461069096501232,2.962897054898123,2.7275095267956204,1.2500602845430433,2.804764642251003,2.315127377548266,1716,eeg_data_level_8.csv,7,TP10,190.0078125,200.00390625
0.04850193607662426,0.048501936076624265,0.04557403252182967,0.07140389511041707,0.05203409543497461,0.07502660487744803,0.07502660487744803,0.06037048739246394,0.12911363601114972,0.0861279854693847,0.1600543820617358,0.1600543820617358,0.114657991477524,0.18964026030628048,0.20829178664269057,0.3218247218755681,0.321824721875568,0.2091951178047011,0.6703871173452,0.37892457148150155,0.39401471831361956,0.39401471831361956,0.07818294455390724,0.7513097301506733,0.5534325571376489,0.9326832307313595,0.9485490643578389,1.875261545142827,1.783492175460425,1.619874005546332,hjorth_mobility,hjorth_complexity,1.063602790315962,1.091381208643461,0.8685067064232778,0.42601654951508144,0.3797211904876755,0.8984808295153123,0.07465868995137043,0.3777172866888544,1716,eeg_data_level_8.csv,8,AF7,200.0078125,210.00390625
0.2696736071748709,0.2696736071748709,0.21219100151641326,0.49020604686606156,0.27233144591456926,0.3762575535832484,0.3762575535832484,0.4036109411458707,0.48758939890553,0.44167737005277785,0.3677866370920147,0.36778663709201465,0.24297709315469454,0.4036379233423945,0.5057717402429986,0.2963249129897489,0.2963249129897489,0.4844036661737015,0.32880671623466934,0.24249303131231154,0.23808888287636887,0.2380888828763689,0.03721741979159261,0.2608250430119187,0.33166598720669743,1.1329972639662094,1.0484409816833347,1.1418877480348109,0.4733492640878984,0.30144233619775385,hjorth_mobility,hjorth_complexity,0.4792778005744767,0.7437343226560148,0.9355014296084564,0.7175015570780319,0.6598813371279726,0.9766095972992526,0.33449095879629,0.799500740787527,1716,eeg_data_level_8.csv,8,AF8,200.0078125,210.00390625
0.7594416075075592,0.7594416075075593,0.600301058994327,0.7350758201422951,0.8556455306877903,0.6615853880239566,0.6615853880239566,0.6048630155795849,0.25192808711368003,0.7139236205965159,0.5745840443169644,0.5745840443169644,0.43869005604892747,0.4834725456569672,0.7646244204845237,0.7650635112126642,0.7650635112126641,0.7068370217522248,1.3350057805465052,0.7683956526659309,1.518152331145055,1.5181523311450553,2.820407167116164,1.3074999138505228,1.1415996427512054,1.1426709592662194,0.7579231838497598,0.7324418385824353,0.47476549888345687,0.5630371467876364,hjorth_mobility,hjorth_complexity,0.9760634660101215,1.0322445789385661,1.2068618701058444,1.4638313017172346,1.713376103419999,1.210995900651073,0.8451199607479273,1.2708253179896665,1716,eeg_data_level_8.csv,8,TP9,200.0078125,210.00390625
0.9868134089732752,0.9868134089732753,0.9690448766494435,1.6906429899451656,1.1430786213211976,0.9453039506545671,0.945303950654567,0.866639017947452,0.46681573943160765,1.1629244078801215,0.5668780979755121,0.5668780979755121,0.5345168211429399,0.39002253901266226,0.6511836664238408,0.7280936914653926,0.7280936914653924,0.5376282211943819,0.6759181483606826,0.7437163025243869,0.49243367843365615,0.4924336784336564,0.08230743331473497,0.6626393116501662,0.6944682580602314,1.1455102193295232,0.8123953849675071,0.5726050020091639,0.3576483615733761,0.19099966292976453,hjorth_mobility,hjorth_complexity,0.4770893174668307,0.7219229884959011,0.7518959106720325,1.7473084794020821,1.579084462881675,0.8594164456233422,1.2369346723312709,1.5374466710031645,1716,eeg_data_level_8.csv,8,TP10,200.0078125,210.00390625
0.4954977583678935,0.49549775836789356,0.5245077806430012,0.4180459328756366,0.3631575497285144,0.26907655553539844,0.26907655553539844,0.33523490081858376,0.11297227483939508,0.1910355135238382,0.228484640739716,0.22848464073971597,0.15371034398976516,0.31115493735751565,0.29681510640435393,0.3162608520689511,0.31626085206895105,0.2696406410608804,0.4976113974383759,0.38921916359663233,0.3239407639484566,0.32394076394845667,0.06211007367159485,0.521902664966481,0.39094038190167146,1.055686364472534,0.5105967356408883,0.4871630337681127,0.32095751955752033,0.24350182977584994,hjorth_mobility,hjorth_complexity,0.6499794829708657,0.9120370882420732,0.9843510180163437,0.8872675504938162,1.6647532680526749,1.0482276344345312,0.3971825422032266,0.8712077987086149,1716,eeg_data_level_8.csv,9,AF7,210.0078125,220.00390625
0.5021851575121596,0.5021851575121596,0.34622622816257675,0.8326267009090477,0.681978349060947,0.6394427952247533,0.6394427952247533,0.6288317296383931,0.5817993184454945,0.5627002658487473,0.7490955940369759,0.7490955940369759,0.43473390086376124,1.2403270651688563,0.9333149277573501,0.4707287306966367,0.47072873069663657,0.5715880447530541,0.3147052751987369,0.35731479211427747,0.23553989868076616,0.2355398986807662,0.04305392528479612,0.48643332913471804,0.3010376941764811,1.154804455585068,0.988341619667538,1.2629216371522207,0.41794435656323475,0.17510147474780446,hjorth_mobility,hjorth_complexity,0.6718643140473258,0.6241471225586862,0.9755239259463306,0.7255093869561349,1.8546138632965126,1.0547383650831927,0.405582438877921,0.8803720578080474,1716,eeg_data_level_8.csv,9,AF8,210.0078125,220.00390625
0.9277454030480381,0.927745403048038,0.9290517349370566,0.6569547811288752,1.327661589885554,1.2718023990971077,1.2718023990971075,1.0464436675458617,0.7357052144820733,1.6510414855411926,0.8293718257361444,0.8293718257361444,0.7952773763650502,0.8776582350171567,0.7237861164512834,0.656185142286516,0.6561851422865159,0.5585037429095597,1.3107205301301725,0.6690564529483022,1.5742223110710154,1.5742223110710154,2.7348278042665988,1.885474235211939,1.2150783097331486,1.020249857546007,0.9900557791185479,0.754688310529536,0.313373505213619,0.4490078099217527,hjorth_mobility,hjorth_complexity,0.7572151552455204,1.0410195290587243,0.4896982121701347,1.0298069223240502,1.5860305822198641,0.9635881360019292,1.2918465254365847,1.571202420596714,1716,eeg_data_level_8.csv,9,TP9,210.0078125,220.00390625
0.6618855246198834,0.6618855246198834,0.3964034708283043,1.4500836725563868,0.8511848795688246,1.742322258874187,1.742322258874187,1.620224737383096,0.8445223220180621,1.9791554782376537,0.8954492429994321,0.8954492429994318,0.6725947428898938,1.4094488958554159,1.0384797334257225,0.8888120950246602,0.8888120950246599,0.7918843206950246,0.7644705040441562,0.9940560856089791,0.646459936800026,0.646459936800026,0.10790035998324944,0.871541808945143,0.8885485186848384,1.0786672855465218,1.4851026422849296,1.0320244805196286,0.5128653497844884,0.29570416192724125,hjorth_mobility,hjorth_complexity,0.6740527971549719,0.804668907001343,0.89855488930406,1.575940920010677,1.630022671361729,0.8594164456233422,0.7363836122030795,1.1862568582114557,1716,eeg_data_level_8.csv,9,TP10,210.0078125,220.00390625
0.10923982096048439,0.1092398209604844,0.08369002302325429,0.04023099977575278,0.17996111524453137,0.06523012431491601,0.06523012431491601,0.05869903056173962,0.04251818865724735,0.07518719680087474,0.11559883195109408,0.11559883195109408,0.07935326778341985,0.12878179973082304,0.15038647335088623,0.28707580035035724,0.2870758003503571,0.21129098733760637,0.5187589810034362,0.3463661319798073,0.6739382398616757,0.6739382398616759,0.13392066267686223,1.0085260432182288,0.8978718653890384,1.0364364461114695,0.5286605504818389,0.8863783150148048,0.9880165139692636,1.540578416760445,hjorth_mobility,hjorth_complexity,1.0023252633018738,1.2218149494612578,0.6866094953165215,0.48046979268618206,0.912257006415513,0.8333735230286955,0.20826055262844712,0.6308559260378355,1716,eeg_data_level_8.csv,10,AF7,220.0078125,230.00390625
0.18883411162147004,0.18883411162147,0.15918002746751722,0.14761129849075086,0.2659925914491224,0.12865483826004487,0.12865483826004487,0.12728659038675788,0.1529265820019514,0.09858237805597742,0.16652769891644692,0.16652769891644692,0.10866122531538447,0.2189878618050446,0.22092716179555863,0.21006385309122674,0.21006385309122672,0.13267091381620272,0.21240675562943942,0.2367318683086426,0.3555629096880347,0.35556290968803483,0.05715014184550005,0.5918030337322117,0.47106196794739025,1.1247090591929036,0.632650024773269,0.8368607969153035,0.5172828106138496,0.6156923969450914,hjorth_mobility,hjorth_complexity,1.072356722746546,1.0669411242982303,0.9289186833087986,0.6774624076875166,0.7779653658771888,0.9635881360019292,0.22401654306817811,0.6542846391269951,1716,eeg_data_level_8.csv,10,AF8,220.0078125,230.00390625
0.45297276366079275,0.4529727636607928,0.4070815812553971,0.8334240993620607,0.38949088072584714,0.5154199563241555,0.5154199563241555,0.5647306428721415,0.4832304437384393,0.6364183982779044,0.39412739597514773,0.3941273959751478,0.37870871835604764,0.47172325837591345,0.42177883123220383,0.5319846128955207,0.5319846128955207,0.3476213809376843,1.027224082234086,0.6397122818763669,1.1969588618727909,1.1969588618727909,1.7540773359317317,1.217526892765112,1.0218332914102308,1.1098753655611406,0.8955247647126761,0.7866699553991956,0.5182010123109291,0.7066495728243366,hjorth_mobility,hjorth_complexity,0.8425659964437149,1.1529644417232594,1.688158814738288,1.2091823115935583,0.8196420819063239,1.523510971786834,0.5622895827284546,1.0365892426953507,1716,eeg_data_level_8.csv,10,TP9,220.0078125,230.00390625
0.829305285845567,0.8293052858455672,0.6362538006836446,0.9599280356225444,0.985483988379205,1.4956275056996964,1.4956275056996964,1.3072108540611491,1.4305636925232734,1.9656055501521552,1.457637903324532,1.457637903324532,1.0527364284650733,1.6141935188921037,1.6670626223315241,1.4361564922761725,1.4361564922761723,1.695348714293706,1.932947692755034,1.1825970484384314,0.7092540425371274,0.7092540425371275,0.16068184615173503,0.6214550929376028,0.792765331591161,1.093270835681165,1.2067044030416465,1.3357972119715738,0.6670940596271822,0.27274826483745324,hjorth_mobility,hjorth_complexity,0.6083983039255916,0.7328099722314726,1.7501688860451108,2.2293798380638847,0.9747720804592157,1.5755968169761274,0.9661486389057534,1.358778454892921,1716,eeg_data_level_8.csv,10,TP10,220.0078125,230.00390625
0.025263980969178194,0.025263980969178194,0.024574511375190667,0.04253469149511992,0.02122229688073258,0.05936169037022147,0.05936169037022147,0.03798469046876843,0.06407588814598092,0.08637425225263633,0.10049535808072568,0.1004953580807257,0.09560514772826695,0.10417399009289162,0.09917985711036179,0.30686006615833483,0.3068600661583348,0.17663244370999834,0.45540616354845703,0.3986511754113177,0.8841909603153221,0.8841909603153222,0.17649755813909787,1.3819824901098756,1.1143905069578062,0.6899706843739165,0.8794621253218015,1.4315169427640986,1.936827042644155,3.5899751874422154,hjorth_mobility,hjorth_complexity,1.6391738476268634,1.3368368321679494,0.9039052493101747,0.366758608417119,0.20375283392021612,0.9375452134072825,0.0512841888979562,0.31305339960872497,1716,eeg_data_level_8.csv,11,AF7,230.0078125,240.00390625
0.22006311771424825,0.2200631177142483,0.13944654650553934,0.5993440188222879,0.2440079793279314,0.41636799955481313,0.41636799955481313,0.4252548647163081,0.5296284766816137,0.348632434447058,0.3963254210960896,0.39632542109608954,0.3330606850600101,0.5859424385398783,0.4066956883539823,0.4133206668070133,0.4133206668070132,0.4073536133140448,0.45681827905301786,0.39909216809458703,0.5311021691195724,0.5311021691195725,0.0909881171833274,0.8107479986523809,0.662561194233625,1.0930434935467401,1.2176834788792772,1.3174784026439292,0.6978647947354154,0.6628465691021613,hjorth_mobility,hjorth_complexity,0.8491314457666529,0.974647103001224,0.9920208692985174,0.6902749354924815,0.4931744730114322,0.9896310585965759,0.21746827820312972,0.6446509644993438,1716,eeg_data_level_8.csv,11,AF8,230.0078125,240.00390625
0.5127343129428528,0.5127343129428528,0.7530127816100991,0.532766076312411,0.5455907102487357,0.573120653296088,0.5731206532960881,0.4769978420895195,0.9915433259785364,0.5701950713224584,0.5914259589338567,0.5914259589338567,0.5443337840428781,0.7412185213135069,0.5586219288209284,0.6982313191066328,0.6982313191066327,0.42125031246166833,1.2772400206329249,0.8589651284544059,1.4120378788364778,1.4120378788364782,1.919997696221595,1.6224382951969065,1.2254437026239686,0.9703218131060761,0.8549312698922733,0.9228105672334379,0.5493623415246167,0.6968781273602154,hjorth_mobility,hjorth_complexity,0.9935713308712897,1.1549447564233073,0.5479409887910042,1.483050093424682,1.2734552120013507,0.9115022908126357,0.854490534397413,1.2778512639878383,1716,eeg_data_level_8.csv,11,TP9,230.0078125,240.00390625
0.8967543080780225,0.8967543080780227,1.4061814274115514,0.7320650039359543,0.41664604843031056,1.2900354105418272,1.2900354105418272,0.8976946962896433,0.8239088596660528,1.8634848740390162,1.0537835407712832,1.0537835407712832,0.7500809014230883,1.1794155580043986,1.2439844021041904,0.9294738278502037,0.9294738278502036,0.5807748317011102,1.8346203921278483,1.0718666228014668,0.667341471573368,0.667341471573368,0.14106646426995514,1.3895322617423744,0.7471627601050677,0.9085974380476155,1.0123506726697287,0.936095077968525,0.42800954391622426,0.23645661252211395,hjorth_mobility,hjorth_complexity,0.6806182464779099,0.8666087727539482,0.9482410976754503,1.7104724619628082,2.030582219863972,0.9245237521099591,1.2467753551574186,1.5435502886804497,1716,eeg_data_level_8.csv,11,TP10,230.0078125,240.00390625
0.07618116992077358,0.07618116992077359,0.06052072492365781,0.15417707382650875,0.09299292074237796,0.16328033717373092,0.16328033717373092,0.1993516308240371,0.23937077777948756,0.1237291308180567,0.16744485427714897,0.16744485427714897,0.12137504775694233,0.18434111541097006,0.18840968560557772,0.35417270774615894,0.35417270774615883,0.18638447668576374,0.5923019296387263,0.43897475605481157,0.375041501260705,0.375041501260705,0.06352062320056424,0.5492279044338485,0.4707186559681167,1.003241576479514,1.20627753659577,1.4055892387268913,1.394146495985142,1.1093486636063152,hjorth_mobility,hjorth_complexity,0.9673095335795375,1.026582799995181,1.0178158165564613,0.5221105080523178,0.22922193816024314,1.0547383650831927,0.08635071791502567,0.4062184597233674,1716,eeg_data_level_8.csv,12,AF7,240.0078125,250.00390625
0.5135535802123269,0.513553580212327,0.3671777509211394,0.411468320381263,0.6356791964457538,0.3015647844094376,0.3015647844094376,0.2524675675568228,0.29537942971282305,0.3473721294911162,0.43283534183137257,0.43283534183137257,0.4582367753343897,0.28825436806532984,0.3685826190905317,0.2582440539289686,0.25824405392896854,0.20208525879280628,0.35643416259974176,0.2743674318998183,0.36400255710864715,0.36400255710864715,0.05277295665332397,0.6511726417703276,0.5055675887335471,1.1543998440510137,0.5756764121338109,0.7963451652659836,0.2624691882554279,0.2663221272011706,hjorth_mobility,hjorth_complexity,0.6477909998632196,0.8059414332256523,0.998834061815667,1.1867603879348696,0.6297814866624861,0.9245237521099591,0.36893527770632245,0.8396567257431656,1716,eeg_data_level_8.csv,12,AF8,240.0078125,250.00390625
1.3917804233507818,1.391780423350782,1.0717017559917703,1.2327162178571305,2.0867594352604364,1.0392261641280804,1.0392261641280804,1.4724338906462506,0.9113166292416729,0.7133210479298268,0.6568341402158271,0.6568341402158271,0.46383172984876636,1.0622409735888032,0.7898040898986551,0.8969084875502045,0.8969084875502041,0.842863063127921,1.2369138278558558,0.9323977303674612,1.4865613385838399,1.48656133858384,1.9581624256738301,1.8301567569815695,1.3365402494145098,1.1256101440885498,0.6526386468699621,0.49666298272415066,0.32086052063491755,0.3483013276667412,hjorth_mobility,hjorth_complexity,0.69156066201614,0.9964361553466229,1.6642625439244614,1.364534211228757,1.3637547633978102,1.8490475042199181,1.1638503074153375,1.4913351071720753,1716,eeg_data_level_8.csv,12,TP9,240.0078125,250.00390625
3.463645222853525,3.463645222853525,3.370519445671282,1.0215314772263067,3.754701458062959,1.798624111941933,1.798624111941933,1.5406378096244302,2.332270215055802,1.556076236150044,1.6597570295875432,1.6597570295875432,1.251597368690437,2.1769989352103614,1.8851634064922966,1.6568642913312923,1.656864291331292,1.4652993704569945,1.114962136045325,1.6490351193462045,0.8835568327697935,0.8835568327697936,0.15367768963155715,1.3411102796999526,1.1375454651846613,1.0911483228993872,0.5405191415194412,0.5298801197939671,0.25868850803199356,0.11114564451701123,hjorth_mobility,hjorth_complexity,0.4376966215292025,0.6726395753486386,0.672767693165871,1.849808701841801,2.3987265447879986,0.8724379069206656,2.7348598849387953,2.2860947131655016,1716,eeg_data_level_8.csv,12,TP10,240.0078125,250.00390625
0.04492151877573436,0.04492151877573436,0.04278812493018536,0.05223675711895432,0.037809338296757616,0.06457940916306425,0.06457940916306425,0.06012010944614683,0.0634089523810016,0.05682527208369495,0.08007891259060276,0.08007891259060278,0.06599042924385033,0.14870429244735278,0.09083398998628361,0.16592968896289195,0.16592968896289195,0.12382190931159345,0.2537069571500231,0.2111787469834601,0.1655461479365397,0.16554614793653974,0.027375714510395777,0.29897780502561483,0.21886143194509672,0.992121721057767,0.9738105230379518,1.2918433642626328,1.2347925039595782,0.9404838143773215,hjorth_mobility,hjorth_complexity,0.7572151552455204,1.0389100419526656,0.8684315609175739,0.3651570424414984,0.26858328107664853,0.9245237521099591,0.06203973924576705,0.3443195330527698,1716,eeg_data_level_8.csv,13,AF7,250.0078125,260.00390625
0.22907388263768194,0.22907388263768194,0.15390096661552005,0.3688705752955677,0.2847709229238655,0.34387378953680053,0.3438737895368004,0.2791657590387235,0.3524392330497427,0.33895335145195704,0.40750983655248335,0.40750983655248335,0.43244565889243153,0.3034443261103717,0.42520268137032136,0.2645280214981354,0.26452802149813537,0.331200227179869,0.3193221584440653,0.26572984492464413,0.18919423280912515,0.18919423280912515,0.03576543524657827,0.37294841403772006,0.2491896369356229,1.133941784566263,1.1075423160497473,1.379357951948652,0.49374985604847865,0.2811070890945079,hjorth_mobility,hjorth_complexity,0.5383668444809191,0.7306469793425401,0.9445389290944403,0.6758608417118961,0.6344122328879456,0.9505666747046058,0.2292212469424681,0.6618416806482388,1716,eeg_data_level_8.csv,13,AF8,250.0078125,260.00390625
0.55661977392948,0.5566197739294801,0.5142014428933533,0.8439088924340068,0.5598135842576133,0.9530094242155985,0.9530094242155985,1.0529394527828246,0.6541611764904828,0.8034905801158996,0.8781540440796837,0.8781540440796837,0.7405214329017407,0.9701167051743131,0.8939447866472993,0.705162150319586,0.7051621503195858,0.917300042970129,1.1526799351343888,0.7394788164121061,1.23205408605231,1.2320540860523101,2.0553437803703964,0.9101690008370606,0.9881969451854025,1.0578067894916785,1.1084271511798873,1.2190165263129267,0.5161155943898721,0.560243092938939,hjorth_mobility,hjorth_complexity,0.868827793735467,1.0053097958162946,1.184152898282139,1.1787525580567666,1.4309005836669721,1.1849529780564263,0.5545887244009635,1.0294664473259556,1716,eeg_data_level_8.csv,13,TP9,250.0078125,260.00390625
1.5135399077091827,1.513539907709183,1.0589142809429275,2.2098729753304025,1.6479138947374694,1.877973026032475,1.877973026032475,1.750527671375245,1.7910830369033328,1.8143995737322278,0.9135253273903854,0.9135253273903855,1.1582048302274581,1.0505021236595804,0.8699172370696574,0.9361218756493855,0.9361218756493853,1.0251917261309578,0.5394463526930529,0.8476488314291334,0.4621256990079997,0.4621256990079997,0.06529585173437548,0.34271656001083917,0.6467982141976247,1.1586026886125187,0.9849684016341558,0.5844495221083226,0.29622655939093806,0.12078878972748883,hjorth_mobility,hjorth_complexity,0.5974558883873614,0.6808440627697152,1.1392659828750349,1.475042263546579,3.0979692248323767,0.9375452134072825,1.4513523540958293,1.6653790982235783,1716,eeg_data_level_8.csv,13,TP10,250.0078125,260.00390625
2.441764811333286,2.4417648113332864,2.886900379133612,2.4763340326085674,2.0035048968296687,1.4927188512037877,1.4927188512037874,1.9605637485955618,1.1449977285590567,1.0916947214048334,0.6539745143577028,0.6539745143577028,0.7082406935486996,0.8417938028096882,0.6283549062940635,1.0012599078354827,1.0012599078354822,0.9289117467133939,1.4759298553118665,0.896789459670244,0.5959958481671352,0.5959958481671354,0.10859477300832919,0.6373347690959177,0.7437054482695006,1.1203422745769709,0.5977897601094538,0.32321897022066365,0.22999115946110923,0.10842270857032396,hjorth_mobility,hjorth_complexity,0.4683353850362467,0.8775876777042819,1.2516586109061039,1.258830856837797,4.614538613670349,1.5365324330841572,2.543051973182157,2.2044705269598337,1716,eeg_data_level_8.csv,14,AF7,260.0078125,270.00390625
1.36486934540645,1.3648693454064502,2.1519325343500384,1.0471017045834683,0.8678867943439712,5.476528804705934,5.476528804705934,3.0812391394012315,12.723951429824007,6.716799789197074,13.281758944072937,13.281758944072935,9.284203961740774,18.45078790461291,15.650164359319161,16.07604562076176,16.076045620761754,15.587480972198057,1.4682166164225579,16.82379403638867,2.0898159589865988,2.089815958986599,0.4371271684183197,0.789282782544676,2.233248162359574,0.7216306753538064,1.634005642527086,3.6561934990554716,2.208564257099838,0.30343279519875765,hjorth_mobility,hjorth_complexity,0.6237176856791137,0.5137315187538446,0.8046179974738585,3.2800071180710026,4.598331001881241,1.0807812876778395,2.3883534524272205,2.136367576117736,1716,eeg_data_level_8.csv,14,AF8,260.0078125,270.00390625
0.715008503167833,0.715008503167833,0.5238628750151677,1.3147181788183713,0.8703579540162039,1.1500679679137618,1.150067967913762,1.1714667449438374,0.7475786962921824,0.9621140917075648,0.44732816309588896,0.44732816309588896,0.4515625098961109,0.5212284935696655,0.48792160962019737,0.6741635700238219,0.6741635700238217,0.6584167770550899,0.846575904919088,0.6947189817720576,1.2890262882278378,1.289026288227838,2.2681961165520903,1.3077973438059158,1.034634019488188,1.120211573871223,1.1210028662667841,0.5843920288289071,0.416563418295694,0.4890419612277661,hjorth_mobility,hjorth_complexity,0.7922308849678565,1.0101330391129406,1.1842029952859414,1.4366046801316843,0.8381650668081617,1.1068242102724861,0.7064223427947209,1.1618736222591888,1716,eeg_data_level_8.csv,14,TP9,260.0078125,270.00390625
1.2267600732957598,1.22676007329576,0.9334889561322202,2.6808512677988707,1.3018597025558736,1.5036429493316015,1.5036429493316015,1.4508279415444352,0.9548544289911025,1.5961464563005872,1.0025910434215024,1.0025910434215022,1.0015531147757184,0.9666528105382933,0.9537957307231082,1.0721656034479072,1.072165603447907,0.7005038455203023,1.663997495056579,1.0318852350379486,0.5683209560910346,0.5683209560910347,0.08580854700608594,0.4033785193631756,0.7433702618126202,1.1762481163380172,0.987362352407744,0.7752309569030402,0.4185687060027503,0.17936818652208447,hjorth_mobility,hjorth_complexity,0.42456572288332645,0.6787437973650317,1.0445676165870346,1.5134798469614734,1.7619989387873234,0.9635881360019292,1.3435304915839925,1.6023243862982157,1716,eeg_data_level_8.csv,14,TP10,260.0078125,270.00390625
0.1724689637581843,0.1724689637581843,0.1587169194771275,0.23803794722831362,0.18959641654648957,0.22205355432681084,0.22205355432681084,0.1684607080554811,0.43247081851637564,0.26214651053122184,0.25994347870072776,0.25994347870072776,0.22315992218155864,0.30893349826536487,0.29342206493995604,0.5376869016266781,0.537686901626678,0.5793294789296751,0.591526955084445,0.5704183344356477,0.4785320102094908,0.4785320102094909,0.08035217586503256,0.6183703462648186,0.6173948175101039,1.0498693961310102,0.9409195950503718,1.132723365199413,1.074066635408435,0.7472471680577788,hjorth_mobility,hjorth_complexity,0.8753932430584052,1.0167797119553454,1.3689958132124864,0.9945724708603969,0.5695817857315132,1.2891246684350133,0.22944020948029978,0.6621577157983388,1716,eeg_data_level_8.csv,15,AF7,270.0078125,280.00390625
0.2513613900531657,0.2513613900531657,0.1605357520242772,0.5773403171309742,0.30504465512334356,0.6736724804611192,0.6736724804611193,0.8664068865438381,0.5427035782547723,0.31096899621804724,0.37807648736280236,0.3780764873628023,0.27518363733084916,0.23277354830365196,0.5297362224933135,0.2580298610416871,0.25802986104168707,0.2672504858291498,0.2833487827644395,0.24044383824022753,0.2385367090136754,0.23853670901367544,0.049636169091801775,0.24197604954594354,0.3174315410342069,1.0685715569872016,1.3902253238037685,1.0993396483420907,0.40242033696623825,0.2850594729368181,hjorth_mobility,hjorth_complexity,0.5427438106962111,0.716654685363105,1.0428893669596482,0.60699350476021,0.7501808885244321,0.9635881360019292,0.2890408259614143,0.7432009798798528,1716,eeg_data_level_8.csv,15,AF8,270.0078125,280.00390625
1.5960384344964438,1.596038434496444,1.8229874370729318,0.9001752205239698,1.1675513644255011,1.6509468729705286,1.6509468729705281,1.2966712042366502,1.258310041804563,1.9833056601604409,0.5956728691583183,0.5956728691583183,0.553356616628793,0.6369935995980588,0.6348889141473475,0.8002323198424602,0.8002323198424601,0.7261822821189242,0.9749514251417116,0.8819690907490867,1.3783359920170288,1.378335992017029,2.017775316550667,1.3676458063552324,1.1092799123059425,1.0015636673004793,0.8328110995194538,0.379624852840371,0.24327861978682994,0.26921444438258163,hjorth_mobility,hjorth_complexity,0.5252359458350431,0.9420413988870704,0.6781931986776896,1.3244950618382418,2.0421590854276204,1.0677598263805161,1.7433564840558233,1.8252391667026773,1716,eeg_data_level_8.csv,15,TP9,270.0078125,280.00390625
1.4010724639261805,1.4010724639261807,1.4874211630805574,1.9062892952319515,1.4175341454186434,1.109213362732387,1.109213362732387,1.4148990976187172,1.09434911905198,1.0019329996374606,1.045737285256056,1.0457372852560562,0.7444279045809058,1.3183938739524321,1.2960283976635172,1.5403573753133344,1.540357375313334,2.1574283126110556,1.4807101160664373,1.258370807275741,0.7761677899260943,0.7761677899260943,0.1344408838011108,1.0691196882245906,1.0039022005244238,1.0856579918774176,0.6832424641690165,0.7117080446853677,0.48566400152279304,0.20410470111766757,hjorth_mobility,hjorth_complexity,0.4945971823279988,0.7455529976223786,1.084985879254949,1.3517216834237922,2.637209975399161,0.9635881360019292,1.3313034462095759,1.595016598519437,1716,eeg_data_level_8.csv,15,TP10,270.0078125,280.00390625
0.19658807690746224,0.19658807690746227,0.16838421664086387,0.21024535608309186,0.23720208809354745,0.28185551846662055,0.28185551846662055,0.27496873732715915,0.3246248885726088,0.1995933486773455,0.2446377909244843,0.2446377909244843,0.20249901254618377,0.17723121861045074,0.30045524247117655,0.35643310914511234,0.3564331091451123,0.2782088184869443,0.6203702514495996,0.4531137739804964,0.419763285524559,0.41976328552455916,0.05858177275069639,0.7116781308887962,0.5716863729885605,1.0668452827034425,0.9992494825997644,0.9977588848848079,0.7101627879663613,0.6175805342823997,hjorth_mobility,hjorth_complexity,0.8403775133360688,0.887974202321642,0.7240069086551411,0.4932823204911469,2.0514205778785395,0.9310344827586208,0.4554549875266822,0.9329307542291967,1716,eeg_data_level_8.csv,16,AF7,280.0078125,290.00390625
0.43804397758732755,0.4380439775873276,0.32710048990245516,0.4846408597719703,0.5507321092701208,0.2641570409819266,0.2641570409819266,0.34505931212378343,0.1637235493419,0.16686195463311573,0.2608660128771566,0.2608660128771566,0.19283329476064762,0.4944548732574175,0.3080905502499384,0.35329557331995415,0.3532955733199541,0.24197414889743013,0.6861145881122089,0.37766157608518613,0.25654552191099933,0.2565455219109994,0.03719781089861017,0.3822559909187837,0.3621787920191993,1.1876872657970026,0.5669248142478566,0.6290818446696181,0.407465051160049,0.23016634578385406,hjorth_mobility,hjorth_complexity,0.6849952126932018,0.7590462018684043,0.8211449990283268,0.7959782898834417,2.139404756162269,0.8073306004340488,0.4258454937846362,0.9020958954500145,1716,eeg_data_level_8.csv,16,AF8,280.0078125,290.00390625
2.5376170761945422,2.5376170761945427,3.217487036167513,2.233182555626564,1.6537462747467842,3.277259876860635,3.277259876860635,3.049554906708409,3.0610608260766923,4.242968890273828,3.8292664283738955,3.829266428373895,4.068825943344227,2.7982466333860065,3.746086993442061,2.3354899922215777,2.3354899922215777,3.200220319637261,1.3751665516204175,1.300801287138118,1.6153818926861283,1.6153818926861288,2.6405822655154965,1.1152379195849327,1.2905390748929886,1.030331720926089,1.012353420709025,1.2405970405057383,0.40686908036768393,0.21008221237274827,hjorth_mobility,hjorth_complexity,0.8141157160443167,0.748324725868967,1.3256168176198397,1.9058635109885222,2.164873860402296,1.210995900651073,2.4286672226716575,2.154322337779611,1716,eeg_data_level_8.csv,16,TP9,280.0078125,290.00390625
2.3679108608487525,2.367910860848753,2.4859424429938017,3.3303374775874435,2.2681641029039894,2.4902377341762807,2.4902377341762807,3.210293442561813,2.3174876413874266,2.026438898938861,2.9077886426232977,2.9077886426232977,2.4590261944260834,3.1567411825465572,3.3549692063437337,1.894292069688668,1.8942920696886674,2.272897243982673,1.6436638678906044,1.6399225369552024,0.7583146216276342,0.7583146216276342,0.11058677542234342,1.1381833062106814,1.034051475090066,1.1305695099918,0.8734365184981373,1.1006925556194695,0.3803884119014339,0.13039695012808486,hjorth_mobility,hjorth_complexity,0.3676651620845301,0.596527374651856,0.6484556172204832,1.9202776047691077,3.283199073850755,0.6640945261634917,2.6355092270434075,2.244186519544358,1716,eeg_data_level_8.csv,16,TP10,280.0078125,290.00390625
0.07925980499896146,0.07925980499896146,0.0879696206870597,0.06923591316529458,0.07867545736769377,0.14379014963712003,0.14379014963712006,0.1391977403301143,0.1820880481328967,0.1276401456329611,0.2319630523007752,0.2319630523007752,0.1910153575970713,0.21161060426185227,0.26559221682205086,0.28904772594612776,0.2890477259461277,0.2347755208215154,0.3599528355908879,0.28172166273901283,0.20146773970987758,0.2014677397098776,0.03515215629771154,0.2883258774957418,0.2560111174349185,0.9822794412009147,1.1408077475671587,1.8849374151347855,1.1993954808705456,0.6734289048992199,hjorth_mobility,hjorth_complexity,0.4945971823279988,0.8741218592845834,1.2449105444938975,0.8504315330545422,0.5417973083787565,1.2240173619483965,0.16237047656790568,0.557032085320119,1716,eeg_data_level_8.csv,17,AF7,290.0078125,300.00390625
0.3526716536205397,0.3526716536205398,0.3493588698123009,0.6452493329049104,0.32619778567976027,0.6114405755312118,0.6114405755312119,0.6397972445836266,0.5844737235964323,0.6449076356846917,0.6009303436981851,0.6009303436981851,0.5920097211609805,0.6939033766390023,0.5536365551607282,0.3305740320352011,0.330574032035201,0.49243419184942555,0.43811471680422925,0.26854610253799477,0.16922523327823952,0.16922523327823952,0.025820508463163725,0.1961126733422771,0.22409869390868795,1.0844763404403175,1.18786502231431,1.2968547914887285,0.3973725220591482,0.16878620724643031,hjorth_mobility,hjorth_complexity,0.5011626316509369,0.5688302779256162,1.1813324369680542,1.4478156419610286,0.9840335729101346,1.0807812876778395,0.515246895119424,0.9922803027545727,1716,eeg_data_level_8.csv,17,AF8,290.0078125,300.00390625
0.5990560393276959,0.5990560393276959,0.4798538943736206,0.7344837894983881,0.6144082948701348,1.806761481424465,1.806761481424465,2.4897941440312668,1.6460159639885235,1.5950471506784663,1.0047150635283,1.0047150635283,0.8546256262988113,0.8855903489901475,1.1911700904646405,1.0798284811938377,1.0798284811938377,1.903942843741845,1.432886349752796,1.022900977944998,1.2456869454723825,1.2456869454723822,1.9617403282219488,0.8527940420716533,1.068176080957228,1.0111841503069265,1.541560642800675,1.14490067605015,0.6215546119496304,0.4869006325880826,hjorth_mobility,hjorth_complexity,0.8272466146901928,0.825962488976827,1.1549012577618174,1.3405107215944478,1.7365298345472964,1.1654207861104413,0.9223429652491901,1.3276172866868339,1716,eeg_data_level_8.csv,17,TP9,290.0078125,300.00390625
2.473736692352405,2.4737366923524053,2.174784372142491,4.3579378756732865,2.182094313882978,5.249589053324019,5.249589053324019,6.780991987245247,2.2252683891226877,3.4677600199423315,4.596189646429158,4.596189646429158,4.614810675739275,2.7225458888905556,4.578511004337557,5.082136082062129,5.082136082062127,5.3872252661969,2.7745181654375832,3.422527874051254,1.0632694090974928,1.063269409097493,0.19267038978955198,1.3449302732883615,1.3129022097246832,1.0414062408610198,1.2206355089911158,1.3027697960584201,0.716949590036108,0.1414684579757132,hjorth_mobility,hjorth_complexity,0.2823143208863356,0.5534319273859908,1.2054290957970908,2.562505560992971,4.565915778303025,1.4323607427055705,3.68402146363867,2.6533085389461117,1716,eeg_data_level_8.csv,17,TP10,290.0078125,300.00390625
0.01646186556120479,0.016461865561204797,0.01520583475657978,0.013080071607173092,0.019451830840410203,0.032479774029429455,0.032479774029429455,0.024907788207266673,0.03930880295462245,0.03945749183058968,0.04811420285766525,0.04811420285766525,0.036166743797812435,0.06970482270301327,0.04881754022916884,0.2563968788016125,0.25639687880161244,0.14021409639756502,0.45205465689481766,0.34652174728310625,0.3301101310301782,0.3301101310301783,0.05156195347427416,0.4547784467050049,0.46429474143109456,0.7610541603706049,0.8819499367202428,1.3040076012936066,2.7702298040328084,2.636143517412578,hjorth_mobility,hjorth_complexity,1.4640951990151825,1.1780307142251099,1.0785684530678397,0.31390693122163893,0.06251507404370267,1.0807812876778395,0.026893105077542265,0.22669772047346023,1716,eeg_data_level_9.csv,0,AF7,120.0078125,130.00390625
0.22171276302343326,0.2217127630234333,0.2341760628666215,0.16264534578552725,0.17969894309343634,0.2023305716032876,0.2023305716032876,0.18002502564470868,0.23584752983690843,0.20689370997110942,0.201563635991125,0.201563635991125,0.15515557631306365,0.21171206105557525,0.27891961031407303,0.1807732196323159,0.18077321963231588,0.09785658052511334,0.36656680264087166,0.23079466818271618,0.1787926695516664,0.17879266955166637,0.03098792899303436,0.24026528063972946,0.23963619287995597,1.076416924013221,0.8038949941227215,0.8559121196756707,0.399110009624753,0.2929443050011024,hjorth_mobility,hjorth_complexity,0.8929011079195732,0.8361396656370658,1.0542513674220715,0.9144941720793666,0.5163282041387295,1.0547383650831927,0.25498134789354243,0.698040924564046,1716,eeg_data_level_9.csv,0,AF8,120.0078125,130.00390625
0.10312965140614078,0.10312965140614078,0.07965323347747603,0.14141279944836604,0.12918775788876596,0.31718379132994634,0.31718379132994634,0.250747805061074,0.7383138239080833,0.3633267159472199,0.2875070118013605,0.28750701180136046,0.29256052948877675,0.40961500788796484,0.3046147972162282,0.4097131932218287,0.4097131932218286,0.40550406270350137,0.6828226009477902,0.5151679815082161,0.851058200952192,0.8510582009521923,1.7277801921219824,0.35724987293716776,0.5992448862871749,0.9244794640272777,1.5095127344215873,1.5471205948379554,1.0992567682326053,1.285503574254574,hjorth_mobility,hjorth_complexity,1.0832991382847763,1.1027047942215058,0.9335326173590154,0.47726666073494084,0.775649992764459,0.9635881360019292,0.1447516073522543,0.525942633026563,1716,eeg_data_level_9.csv,0,TP9,120.0078125,130.00390625
0.039890381133942256,0.03989038113394226,0.03523386414270169,0.0631934297611903,0.043707147900777975,0.13530154595370014,0.13530154595370011,0.12612427088537526,0.13483915220563522,0.15577871664352225,0.1779823778064356,0.1779823778064356,0.1372224085970784,0.23881276317692018,0.22992220391350182,0.35953811749050574,0.3595381174905056,0.19951022306870084,0.5739061045650437,0.44236045189912226,0.4793035566452848,0.4793035566452849,0.08343484298268777,0.8902453872923977,0.6805284148448372,0.8339898843325098,1.3748418061911043,1.9817307956657115,1.896652527628335,1.8571210425474005,hjorth_mobility,hjorth_complexity,1.0986185200382983,1.1044470389506948,1.0663497938403925,0.38918053207580744,0.22227581882205394,1.0677598263805161,0.06927310755283263,0.36383880275688235,1716,eeg_data_level_9.csv,0,TP10,120.0078125,130.00390625
0.01880538401868033,0.01880538401868033,0.015100094564555855,0.02265467554157274,0.02054318649038561,0.052377421518923384,0.052377421518923384,0.04223371013488376,0.05824002552157407,0.05423396881087619,0.06693179009693458,0.06693179009693458,0.051426309256368465,0.05748588680499851,0.07821278256579595,0.23341056982578814,0.2334105698257881,0.136036817536625,0.509638904222634,0.2911019511001907,0.4404462582655973,0.44044625826559747,0.06818263658703351,0.6878301163029565,0.5822747271265297,0.7545495521968435,1.0830514175215014,1.4422980166528248,2.1706938202671684,2.84093489074624,hjorth_mobility,hjorth_complexity,1.4619067159075363,1.238887178000608,0.9584909446534564,0.321914761099742,0.23848343061116203,0.9700988666505909,0.03512961451294637,0.2590975884902864,1716,eeg_data_level_9.csv,1,AF7,130.0078125,140.00390625
0.058381127813863856,0.05838112781386386,0.04234991191521244,0.09391018827991501,0.08632396271593304,0.18932699527314914,0.1893269952731491,0.18857481856960503,0.25259073064253323,0.1253771691719603,0.1906303459013534,0.1906303459013534,0.15767473990498238,0.16201167529500854,0.20866960350560942,0.17011680240865246,0.17011680240865237,0.15645012004969716,0.2519422297278339,0.1728991277218775,0.16236148695081154,0.16236148695081157,0.02742412586455862,0.15575788066190652,0.22216055019401365,0.9676862786822894,1.5504110202680343,1.8495123363542025,0.890347248852827,0.6513726846494641,hjorth_mobility,hjorth_complexity,0.8556968950895911,0.8844462878341427,0.9345095089331655,0.42761811549070206,0.4561285032077565,0.9505666747046058,0.07846890733198601,0.3872357824295242,1716,eeg_data_level_9.csv,1,AF8,130.0078125,140.00390625
0.14677488194477295,0.14677488194477292,0.11665307946967958,0.3002902705375518,0.18703733041683254,0.4421269986960961,0.4421269986960961,0.4120922844031001,0.6505018602042504,0.44369759679716486,0.39894874340683323,0.39894874340683323,0.48018089262844255,0.37013807025776657,0.34847010697005004,0.5143630252347235,0.5143630252347234,0.40635996424411913,0.6138408264141302,0.6162227089333181,0.9133295598565717,0.9133295598565717,1.3353292571523863,0.7894923605343581,0.8247436394861563,0.9588900532926921,1.4836665555184438,1.5342377794251862,1.014574531297305,1.1349669563917877,hjorth_mobility,hjorth_complexity,0.9826289153330596,1.0381867581931432,0.9664613779584454,0.8760565886644719,0.5556895470551348,0.9375452134072825,0.22833801547764015,0.66056535134632,1716,eeg_data_level_9.csv,1,TP9,130.0078125,140.00390625
0.11437153903034045,0.11437153903034046,0.11944500426657437,0.1761709132580157,0.1169285962522537,0.19504015424315496,0.19504015424315496,0.17207832591561742,0.22111607819720694,0.1908255658116526,0.21063659821515615,0.21063659821515615,0.15987285966610879,0.3284619443781162,0.2390599226116141,0.41600798374658726,0.4160079837465872,0.34585958943132067,0.6659151423301262,0.4517603202683455,0.479786718102927,0.47978671810292706,0.08265603461237377,0.9535735199438155,0.6345602633336602,0.9764088971785144,1.0424685288504185,1.2295892861510276,1.1187088796339635,0.9705037338175079,hjorth_mobility,hjorth_complexity,0.7900424018602105,0.9098734139358537,0.9923464998232341,0.9721505472017083,3.216053253581593,1.0677598263805161,0.6468185621070183,1.1117775908435321,1716,eeg_data_level_9.csv,1,TP10,130.0078125,140.00390625
0.01732287591285014,0.017322875912850144,0.014081650220735775,0.033766634953019306,0.01933282973054804,0.06262719447355519,0.06262719447355519,0.06081073759119512,0.06379142402117927,0.04631847325561861,0.09610184487798364,0.09610184487798362,0.07782161444182746,0.05918247777377209,0.1033281857536917,0.23951345420375203,0.23951345420375197,0.1509267251019889,0.43241105503240007,0.28505355518452247,0.3783619258722685,0.3783619258722686,0.05727967000892,0.6407171568742361,0.534286172812447,0.7362038371359005,1.2182380928802623,1.9738362119783597,2.29014639834171,2.5878923298561998,hjorth_mobility,hjorth_complexity,1.4706606483381204,1.2142058220953318,1.0897300655150526,0.321914761099742,0.17365298345472965,1.1068242102724861,0.035959313170686444,0.26213944330762795,1716,eeg_data_level_9.csv,2,AF7,140.0078125,150.00390625
0.827325243688066,0.8273252436880661,0.5937060545112268,1.5559826197179638,0.8850707600697845,1.0937579622331393,1.0937579622331393,1.0122703674906899,1.8056008160014145,0.9826575378726731,1.477708381745944,1.477708381745944,1.0398766381194195,2.6753052240735378,1.7460381579016944,1.6610238994237896,1.661023899423789,1.419020500965953,1.8269280654283389,1.6846381586532961,0.5186337539284199,0.51863375392842,0.08877835797668579,0.6071019890925081,0.6193061748259409,1.1163296160576006,0.9977370072893912,1.4110468988932132,0.7953058306168567,0.2167505006970319,hjorth_mobility,hjorth_complexity,0.8578853781972369,0.6533798629613402,0.9243548462623843,1.5711362220838154,3.088707732381458,0.8984808295153123,0.769396490295558,1.2125559281876457,1716,eeg_data_level_9.csv,2,AF8,140.0078125,150.00390625
0.8099761929951537,0.8099761929951537,0.6388300016371442,0.8055999178019159,1.2438701248268882,1.7605642712956249,1.7605642712956249,1.3363853752350907,1.238412028976285,2.105679568350559,1.0927161417750497,1.0927161417750497,1.380940167136476,0.7740125832303733,1.2385850735044643,0.6006318219747064,0.6006318219747062,0.3863408832869243,0.8632843628055773,0.7299763465440225,0.93909803791542,0.9390980379154201,1.3615652163480838,0.7978786243316174,0.7991999905588479,1.064157633736303,1.3766843020483495,1.044711881473589,0.3285122778582065,0.33343745032034233,hjorth_mobility,hjorth_complexity,0.6696758309396799,0.8134537347418496,1.0618560925993017,1.7088708959871874,1.134532825237567,1.1068242102724861,0.8115723553551555,1.2453467777647285,1716,eeg_data_level_9.csv,2,TP9,140.0078125,150.00390625
0.09761264400704105,0.09761264400704107,0.08479877382095195,0.1341758338827304,0.08081079507605596,0.2020861961109728,0.2020861961109728,0.183928350775216,0.25577257613224225,0.20760393455352633,0.24399831854133042,0.24399831854133042,0.22017056127478607,0.26405706623530334,0.22563527961441385,0.47093620336176345,0.47093620336176334,0.3841516644258075,0.6548215711445113,0.5923238139787886,0.5264781493804147,0.5264781493804147,0.07521481309994835,0.5106102053667472,0.7164700566177022,0.9372237402028515,1.1450876669510595,1.4889348547360308,1.3684334768650224,1.1525527027368192,hjorth_mobility,hjorth_complexity,0.9344822869648474,1.0376663275088878,0.9994452452620585,0.6262122964676573,0.2917370122039458,1.028695442488546,0.15219300177316927,0.5392920525830779,1716,eeg_data_level_9.csv,2,TP10,140.0078125,150.00390625
0.11236330011367965,0.11236330011367966,0.11933695342723707,0.04064242022458383,0.0966769335279987,0.04992429602358971,0.04992429602358971,0.04568997458216719,0.08836720430074252,0.04604102284736007,0.09478451651034757,0.09478451651034756,0.10319949007554255,0.06655083295995176,0.08169018052290276,0.3280895293673863,0.32808952936738617,0.2883115812301362,0.3633821259450692,0.37175451787982866,0.5235461286947474,0.5235461286947475,0.08160114158633812,0.6537931736872785,0.6870275459117385,1.0006120369316018,0.4316319842846098,0.7341310378402567,1.102993088111125,1.2629283328677046,hjorth_mobility,hjorth_complexity,1.0811106551771301,1.2210851236223752,0.7699809290447607,0.3010944034166741,0.6969273069316483,1.0156739811912225,0.15489778571900895,0.5440631147828344,1716,eeg_data_level_9.csv,3,AF7,150.0078125,160.00390625
0.43829465734521345,0.4382946573452135,0.5461888846537838,0.27043484391378864,0.48782388006591026,1.523778996625584,1.5237789966255837,0.9260892949411597,1.9408172310877725,2.02710129883958,8.490542818290704,8.490542818290704,5.773557751968506,10.631159392656743,10.733738698209141,4.3728050404533665,4.3728050404533665,10.347062892388657,0.8709049190727949,0.8449722427337116,0.8627563245944857,0.8627563245944859,0.28800680974106735,0.2811444060498046,0.6785557631395759,0.7542689833097718,1.3963710386955477,5.828333066231322,1.6540050047392851,0.35170794062653293,hjorth_mobility,hjorth_complexity,0.7681575707837504,0.6027625321215717,0.7925846971604809,2.1476999733072337,2.208865949544161,0.8463949843260189,0.7549728215603204,1.2011364257280723,1716,eeg_data_level_9.csv,3,AF8,150.0078125,160.00390625
0.18010776975845444,0.18010776975845444,0.15964627757618102,0.15380948861257993,0.20489817102719093,0.4713311183375863,0.4713311183375863,0.42549633400219655,0.5088213083301435,0.4623017921285472,0.3089682127238165,0.3089682127238166,0.32825598875815915,0.2081829194401513,0.3451495430269197,0.46375996272619807,0.463759962726198,0.27170300434910755,0.8933219137115886,0.5876800536702438,0.9547861601725992,0.9547861601725995,1.58644764702817,1.121964973502045,0.714707820867536,0.9670571092648822,1.4012914142554893,1.1324404384726587,0.847487067988215,1.038869085970949,hjorth_mobility,hjorth_complexity,0.9454247025030775,1.0779734654091326,1.0031173556407866,0.8216033454933713,0.35193671313491875,0.9505666747046058,0.23710317609970655,0.6731244481230602,1716,eeg_data_level_9.csv,3,TP9,150.0078125,160.00390625
0.13339405550564898,0.133394055505649,0.08657499736920048,0.25966798370196786,0.16959426408002248,0.34765910237896414,0.34765910237896414,0.2624810799741916,0.3901952243361522,0.3953895636764353,0.21030471812563167,0.21030471812563167,0.1846711929365108,0.1697224003364713,0.20483763360631638,0.4040532678979671,0.4040532678979671,0.24627819182731475,0.5872404874162114,0.5158355806728273,0.45612758190166813,0.4561275819016682,0.07004230855019031,0.864206619884294,0.6370808421775137,1.0269341828825234,1.4392814818029769,1.0753744044123268,0.9901116587334586,0.8310087836275389,hjorth_mobility,hjorth_complexity,0.9498016687183695,0.9626874797370412,1.0680681210708207,0.8888691164694368,0.3542520862476485,1.0156739811912225,0.19639886673021809,0.6126270482269979,1716,eeg_data_level_9.csv,3,TP10,150.0078125,160.00390625
1.7872988897789952,1.7872988897789952,1.9038385539960099,1.320775976360691,1.4491942069068513,0.8784375895747563,0.8784375895747563,1.0204849148711497,0.4861947773160481,0.6701090496644427,0.7014182172307387,0.7014182172307387,0.6102265137733137,0.8691829775742479,0.8499780962854597,0.9689582391363761,0.9689582391363759,1.4197452786314602,1.1574190407306122,0.8950771725095905,1.1226118514600378,1.1226118514600378,0.21736090299743646,1.084661946073515,1.3069636699343241,1.1122609203483818,0.5034628609278116,0.45015989932342015,0.28758663304971793,0.2496048567437952,hjorth_mobility,hjorth_complexity,0.8316235809054848,0.953376067504667,1.1508884877572316,1.0506272800071181,4.017172350586079,1.3542319749216303,1.6064633788767788,1.7521129263370347,1716,eeg_data_level_9.csv,4,AF7,160.0078125,170.00390625
2.7587946960616603,2.7587946960616607,2.164721442802889,1.6675299288749894,3.139737232493337,5.262102035239934,5.262102035239934,4.075099298583752,7.921885289246777,5.82647498584695,22.61803503543784,22.61803503543784,18.536192902190997,13.038244691288874,27.3419547436979,24.06435843364305,24.064358433643044,22.739110767992713,5.1880020667462645,16.409027995448263,5.70956550484041,5.709565504840411,1.7878841003986063,1.9112806718947317,5.143770459050421,0.9240211590099073,1.0871461483273543,3.7255608401019225,2.0657034566425176,0.46784060621096324,hjorth_mobility,hjorth_complexity,0.43113117220626446,0.5426241747880394,1.076063602877711,3.2800071180710026,4.60990786744489,1.2761032071376899,3.4613989718743636,2.5718907054788813,1716,eeg_data_level_9.csv,4,AF8,160.0078125,170.00390625
7.739426337830981,7.739426337830981,12.829952017506542,1.098051171663532,1.875722651330184,1.500157539572151,1.500157539572151,1.4854197759833732,1.2450070799229735,1.4147687744040829,1.0361679867148443,1.0361679867148443,0.8901381269498839,0.7473752073963705,1.2886248144415786,1.006356869028222,1.0063568690282219,0.7591810781795935,1.181321322608914,1.0366663824940556,1.803296452533395,1.8032964525333954,1.6211433888432627,1.7456623930278528,1.8705861069667724,0.7895685793891115,0.238375256281382,0.17205992807402115,0.08047252582245915,0.09746335653158653,hjorth_mobility,hjorth_complexity,0.3698536451921762,0.9737387320868615,1.2013311608860406,1.6464098229379838,4.591384882543052,2.421991801302146,7.764475930167852,3.851968728944508,1716,eeg_data_level_9.csv,4,TP9,160.0078125,170.00390625
0.5093503806179128,0.5093503806179129,0.39392975440158357,0.7039924549911841,0.6331284504765446,0.7261713471930841,0.7261713471930841,0.6360268529921042,0.551030129463626,0.7171399618108851,0.33596665929049935,0.33596665929049935,0.4569188436091971,0.3247318943061939,0.223084928367833,0.6790793543303907,0.6790793543303906,0.47835776332944774,1.0556236831497638,0.7992195534457179,1.1202372647129766,1.1202372647129768,0.1598856726816303,1.2487183625980505,1.5716240096002512,1.1043967636587446,1.0431463648184114,0.5908305305746245,0.5680374505233854,0.6611494318857766,hjorth_mobility,hjorth_complexity,0.7944193680755025,1.0209930485627094,0.9864300436741504,1.0906664293976334,0.6390429791134051,0.9766095972992526,0.44828448109012436,0.9255577700197553,1716,eeg_data_level_9.csv,4,TP10,160.0078125,170.00390625
0.027070503560376095,0.0270705035603761,0.02112775787431506,0.027482725907244026,0.026174017477665814,0.06487811445158766,0.06487811445158766,0.06893606660846169,0.0610752458397419,0.07112591046268582,0.05732629103068801,0.057326291030688016,0.05274359978542842,0.07805999897722968,0.06055216074105231,0.2072951450003178,0.20729514500031776,0.13902189731562337,0.3925237216889649,0.28151886949430976,0.35057550298753415,0.3505755029875342,0.06439142021566062,0.4007643606265717,0.4598870227061045,0.8785420645143037,1.1637537893412426,1.1689075490851897,1.8061703357801357,2.1347200663524246,hjorth_mobility,hjorth_complexity,1.3524825605252357,1.1800935333764218,1.1310600936521737,0.30750066731915654,0.33804447445854036,1.1719315167591031,0.03680018943897031,0.26518667984467476,1716,eeg_data_level_9.csv,5,AF7,170.0078125,180.00390625
0.11053074471965478,0.11053074471965478,0.07592470420621074,0.18901430141934272,0.1471017891695965,0.23691765109100246,0.23691765109100246,0.30231694220270394,0.19761338901642012,0.19160020118169263,0.2097083247221815,0.2097083247221815,0.2082537882492543,0.18219743679128794,0.22718458598467903,0.2005810133998938,0.20058101339989376,0.13863225934866477,0.35310479722260285,0.2349226907963259,0.2296379941648378,0.22963799416483782,0.04150406797918739,0.2267740883184996,0.2991395012619357,1.0654680413593742,1.2752441742801874,1.3357350803090564,0.6798520884713101,0.5723551898202809,hjorth_mobility,hjorth_complexity,0.8360005471207769,0.8668686618150365,1.0242532815450918,0.5173058101254561,0.5093820848005403,1.0417169037858693,0.12688822814495374,0.4924218838409298,1716,eeg_data_level_9.csv,5,AF8,170.0078125,180.00390625
0.1493384020636624,0.1493384020636624,0.11583888495277944,0.283562203777981,0.16411133722641374,0.3651083231053539,0.3651083231053539,0.3209490996122293,0.3574654444381562,0.3452023585346415,0.4333354987384355,0.4333354987384355,0.5087479174712097,0.4953551678912751,0.3897983636346267,0.504761830602246,0.5047618306022458,0.34628872109337566,0.8453970073201169,0.5579720467033114,0.9791868367887882,0.979186836788788,2.0278633454695782,0.8367217408602119,0.6073168879351994,0.9783718876338738,1.2899366765428693,1.6539695851887317,1.0095893672734952,1.1061891307811291,hjorth_mobility,hjorth_complexity,1.008890712624812,1.1263295972581788,1.1705014647459382,0.7126968591511701,0.4723361149968646,1.1589100554617797,0.18431082137427807,0.5934745448612564,1716,eeg_data_level_9.csv,5,TP9,170.0078125,180.00390625
0.08548946915863721,0.08548946915863721,0.058221194761971386,0.11799608027678554,0.10885935627948043,0.24970006992126337,0.24970006992126337,0.242291059711501,0.31021810267034305,0.22875293167769062,0.3432463706882218,0.3432463706882217,0.33850852717247454,0.37246407915633256,0.3387168791186917,0.44620425791501434,0.4462042579150144,0.44811766107015233,0.6867177648592315,0.5354095948479879,0.3799581674798213,0.37995816747982136,0.048888653163000534,0.6257817454661571,0.507360654763454,0.9510571829259155,1.4250725219853582,2.0899640523315908,1.4060140340836622,0.9409323462662897,hjorth_mobility,hjorth_complexity,1.006702229517166,0.9864233495491673,1.0472728547923733,0.6390248242726221,0.2176450725965945,1.0156739811912225,0.09708658012038492,0.43073114984856137,1716,eeg_data_level_9.csv,5,TP10,170.0078125,180.00390625
0.01737705600669948,0.017377056006699483,0.010819240815997538,0.03738396002128994,0.020847943231194026,0.05216689016681536,0.05216689016681536,0.041880090346038734,0.05597414507566008,0.053804042368588156,0.06421329354617149,0.06421329354617149,0.059147703926911106,0.08940393608627141,0.06307817494802473,0.19129099390249465,0.19129099390249457,0.11255269569289302,0.3416129395196265,0.25602842212732396,0.2813272739438146,0.2813272739438147,0.04215690735434333,0.4100866600431287,0.38199194704160705,0.8192951299556636,1.222065741553537,1.6034351805358742,2.1271986021231823,2.2584146130330955,hjorth_mobility,hjorth_complexity,1.4816030638763509,1.1840926405750074,1.1104451765874157,0.7767594981759943,0.20838358014567557,1.132867132867133,0.04439108511254105,0.2912557844638034,1716,eeg_data_level_9.csv,6,AF7,180.0078125,190.00390625
0.03608506501590001,0.03608506501590002,0.025662801731620104,0.08886346722987408,0.04115777768829671,0.08609762248853446,0.08609762248853446,0.08625856474270385,0.1451233400627449,0.08579760737666046,0.15839602248195025,0.15839602248195025,0.10518995245637476,0.10256936354027699,0.2453567953679764,0.18363074424253067,0.18363074424253062,0.16319032971657643,0.3119797713074808,0.18026801546367885,0.15901628290227549,0.15901628290227549,0.02352708065438006,0.23224198675100924,0.20440842477365115,0.985227997519546,1.2864695362013847,2.326496684551831,1.4088742205592626,0.9626331584011534,hjorth_mobility,hjorth_complexity,1.0285870605936258,0.9445653219640605,0.9391134235826217,0.4708603968324584,0.2500602961748107,0.9635881360019292,0.05600694053956722,0.32715051135405404,1716,eeg_data_level_9.csv,6,AF8,180.0078125,190.00390625
0.289687752760457,0.28968775276045705,0.2895444290422574,0.2112475798990711,0.26347717966502554,1.2489716176825005,1.2489716176825003,0.9611286103068053,1.832202678958665,1.5592684646147907,1.3977502818896688,1.3977502818896688,0.8270258483368111,2.225816022907281,1.7470156163904975,1.8457913494038036,1.8457913494038032,1.8118388336685503,1.7806836981156982,1.9902641450568264,1.0084391553142422,1.0084391553142424,1.5995589276316051,0.6345508522459016,0.7379115427506796,0.8599268831638972,1.8104831331566273,2.3005507081670094,1.499653307793775,0.6229814332147452,hjorth_mobility,hjorth_complexity,1.0132676788401038,0.9171597712325144,1.0588101947681055,0.9176973040306077,1.414692971877864,0.9570774053532675,0.3839940442304525,0.8566214066026052,1716,eeg_data_level_9.csv,6,TP9,180.0078125,190.00390625
0.14672487161796277,0.1467248716179628,0.09756753282480078,0.3510489351303761,0.1582686143375294,0.43336192609639057,0.43336192609639057,0.29543596133750416,0.696125393111008,0.5400120733581092,0.4172288172776178,0.4172288172776178,0.27914746928838813,0.3700254414588963,0.5166011613753576,0.40539758524686165,0.4053975852468616,0.26085108606971147,0.5847431079235718,0.4742603316924811,0.3265231824816783,0.32652318248167833,0.04831249101060362,0.4496048025659649,0.4359307586601712,1.0159390354284281,1.5783929520267073,1.737825848899233,0.8935000246596128,0.557754662196161,hjorth_mobility,hjorth_complexity,0.9870058815483517,0.8711073618370971,1.083658308654181,0.9209004359818489,0.2523756692875404,1.0156739811912225,0.1784743995684829,0.5840024157134084,1716,eeg_data_level_9.csv,6,TP10,180.0078125,190.00390625
0.03642193548857221,0.03642193548857221,0.025497701704777227,0.08246675854010434,0.041583064114764014,0.11555947886933823,0.11555947886933823,0.08258489393531253,0.14771306209460686,0.13869614135764302,0.1366320445824547,0.1366320445824547,0.09810014172850468,0.15340130641660435,0.17720547189493777,0.34282613165149795,0.34282613165149795,0.1810128658309963,0.6913447954833585,0.43072340434902306,0.4257944977595947,0.4257944977595948,0.06400546805406684,0.6155306202798906,0.6080155011408742,0.8600319014819441,1.3560876923828178,1.7452869249828058,2.006872010707113,1.8305687172267406,hjorth_mobility,hjorth_complexity,1.1883463274517847,1.0594357130466594,1.1806811759186207,0.7191031230536524,0.3310983551203512,1.1589100554617797,0.07919145329260227,0.3890145411441045,1716,eeg_data_level_9.csv,7,AF7,190.0078125,200.00390625
1.165443614570635,1.165443614570635,1.070101260602819,2.0850629400258827,1.0517365072045655,1.4793646163857967,1.4793646163857972,1.3264041556527513,2.3617524364329148,1.677213138786611,1.7195933850258536,1.7195933850258536,1.3267388442394383,1.7527860303900953,1.8205141606615993,1.3855869275661827,1.3855869275661825,1.4884315076254198,1.3631700148589745,1.2008947500577312,0.37655990252604415,0.3765599025260442,0.05574934189650672,0.5323877657134302,0.5192942778262284,1.12450270714192,1.0052915287782929,1.2311607889755467,0.515571015678639,0.12546239725024913,hjorth_mobility,hjorth_complexity,0.6324716181096978,0.7252047555962006,0.5899322973783195,0.6053919387845894,4.105156528869808,0.9115022908126357,1.1240115414696705,1.465588552428816,1716,eeg_data_level_9.csv,7,AF8,190.0078125,200.00390625
1.4604304766227603,1.4604304766227605,3.020129460658518,0.9388918024641965,0.6006163514347099,1.0128168188423259,1.0128168188423259,1.0565359856358802,1.2650877487541126,0.7598982075833633,0.708934054259288,0.7089340542592881,0.6191301288505031,0.6752788082805,0.7255302361214864,0.7583589678941441,0.758358967894144,0.6637340732170147,1.2807305694722801,0.9010301496735599,1.0491038418946323,1.0491038418946323,1.1371752198631668,0.983845963877343,1.0451047791537165,0.8292434784744497,0.6317226508690696,0.4931830259195758,0.2631195896470968,0.24817284134509912,hjorth_mobility,hjorth_complexity,0.2516755573792915,0.9288140687615135,-0.9584608864511748,0.9337129637868138,2.1208817712604313,-0.26042922594646734,2.379980371382572,2.132619453267011,1716,eeg_data_level_9.csv,7,TP9,190.0078125,200.00390625
0.3565468468085798,0.3565468468085799,0.21974439982184066,0.758938827786543,0.4332101919906266,0.9801182842092591,0.9801182842092591,0.8403897938959864,1.2929800896254937,0.8987203691458546,0.9571332688769424,0.9571332688769425,0.6851955082098311,1.6358181699777188,1.0794141741303633,1.5049823288792374,1.504982328879237,1.3434445910763941,3.1470864228548936,1.7899778253107697,1.945166426984322,1.945166426984322,0.34425619792121004,1.688825778547794,2.641422667207932,0.9832498459936689,1.4214164806921694,1.5946416758278406,1.218869485098332,1.1524547647264902,hjorth_mobility,hjorth_complexity,0.6105867870332374,1.0139414464430405,0.7073797130930676,1.197971349764214,0.8566880517099995,0.8073306004340488,0.6616718291813757,1.1244703312426843,1716,eeg_data_level_9.csv,7,TP10,190.0078125,200.00390625
0.5003629276399151,0.5003629276399152,0.6519962401884186,0.1446645997770277,0.14991284721993622,0.13862494141499643,0.13862494141499646,0.13201539803414047,0.18458823852216397,0.1457604884243431,0.16436929701268535,0.16436929701268532,0.10514187221367863,0.21959995733294702,0.209837369028574,0.30686060104640606,0.30686060104640595,0.24349087208172138,0.42822397642447774,0.3885550175290557,0.469361053534266,0.46936105353426605,0.1334391499518615,0.462658411657573,0.5223929727457266,0.9038677944188351,0.34080353562641064,0.39838630889537896,0.3382789548377815,0.3619400953186031,hjorth_mobility,hjorth_complexity,0.555874709342087,0.9480001165206132,0.8945521387002346,1.258830856837797,0.9145723795282428,0.9505666747046058,0.3754389128282033,0.8470251791142409,1716,eeg_data_level_9.csv,8,AF7,200.0078125,210.00390625
4.995897450361912,4.995897450361912,4.656843886520086,5.761811631660025,4.4888397338038635,4.842838370735245,4.842838370735245,3.5698820522203567,2.940048664958857,6.15982998802753,7.134679470596233,7.134679470596234,5.9334820946016,7.622158737878997,8.408534398055476,8.297659323280715,8.297659323280714,7.992489201493008,4.48739643476035,8.178993780580493,3.4211115905164706,3.421111590516471,0.5923371230417966,5.613275602451928,4.634313407515474,1.086585639300417,0.810464280306704,1.1834884708111397,0.6795910499597955,0.24036536371510384,hjorth_mobility,hjorth_complexity,0.6543564491861578,0.6241382451073603,1.3213736013977617,3.2800071180710026,4.602961748106701,0.9505666747046058,4.138378310729329,2.8121713112956206,1716,eeg_data_level_9.csv,8,AF8,200.0078125,210.00390625
2.51017283509091,2.5101728350909105,4.030416909744382,1.043430266914574,0.8930296170814801,1.4988535238234324,1.4988535238234326,1.3383451551118886,2.018279335913849,1.4023615152881912,0.7820727572675826,0.7820727572675826,0.7601134407706285,0.6106906325570143,0.9021260439859613,0.9336675350099669,0.9336675350099668,0.7833902554978667,1.526246215566498,1.1678783731259492,1.8655894580313415,1.865589458031342,1.0060966397183797,2.189861583469482,2.0268408199772963,0.8858314794595307,0.590921863322426,0.3496088826090495,0.20327463339316149,0.27338094695479603,hjorth_mobility,hjorth_complexity,0.540555327588565,0.9889263685812673,2.2824745999493325,1.7473084794020821,1.849983117071053,2.9298287918977577,2.485436615768333,2.17935522904873,1716,eeg_data_level_9.csv,8,TP9,200.0078125,210.00390625
1.1089485672647237,1.1089485672647237,1.105107158730523,0.8900977913277099,0.829330324230885,1.304299139118706,1.3042991391187062,1.1828551239284477,1.7157502221585585,1.044789203650857,1.1038108328028964,1.1038108328028964,1.0632672976851856,0.8689133717752476,1.2477913016192432,1.4281076544251867,1.4281076544251865,1.256295367198358,2.0530622007934056,1.5725465925185023,1.4898295753416912,1.4898295753416917,0.2903018989174835,1.6061242439077459,1.8214697780809572,1.026049827757254,0.9023801256500235,0.8555915241323988,0.544849242253802,0.4241882142903591,hjorth_mobility,hjorth_complexity,0.7550266721378743,0.9350748853788056,1.1176090481311833,1.5455111664738856,1.7596835656745937,1.1589100554617797,1.153864044854143,1.4849232223245101,1716,eeg_data_level_9.csv,8,TP10,200.0078125,210.00390625
0.058579692295756706,0.058579692295756706,0.08039377549785644,0.058223356390328,0.04507560827981727,0.06340936122113287,0.06340936122113287,0.07936578530324574,0.037057548629138945,0.05086231418107287,0.06009612800081962,0.06009612800081962,0.045144213797781156,0.09768210475984142,0.06717614031250424,0.1810839076082734,0.18108390760827334,0.11833959740173916,0.4140326541695494,0.21720785758174066,0.21838676921850525,0.21838676921850525,0.040561520022622734,0.35995381136445737,0.27259142771615824,0.9642645992212289,0.7702195404170875,0.8286575195163706,1.0856460758426312,0.9589780220223294,hjorth_mobility,hjorth_complexity,0.7572151552455204,1.041323393433573,1.0004772435403917,0.36195391049025716,0.5024359654623511,1.0547383650831927,0.0706803537764117,0.367515818080556,1716,eeg_data_level_9.csv,9,AF7,210.0078125,220.00390625
1.0729339198534535,1.0729339198534538,0.7716112825796637,1.0861750595969197,1.2697483872261741,1.6451078692604855,1.645107869260486,1.1267228966883738,3.7125764746715375,1.869999854951829,2.662854433876398,2.662854433876398,2.423585942095973,4.220879950704511,2.9932985531850087,2.7927798890591697,2.7927798890591693,3.993236941506635,1.7118613570627859,2.097717247588372,0.47528582053562124,0.47528582053562135,0.08422770428965382,0.7109819597546861,0.5916272266857051,1.0798552191198634,1.1010503902715993,1.7470040221286418,0.9129089640584447,0.15202938249177333,hjorth_mobility,hjorth_complexity,0.9366707700724934,0.7647792852428628,1.1053102336976521,1.910668208915384,3.9616033958805654,1.1458885941644563,1.038591492234413,1.4087990792949177,1716,eeg_data_level_9.csv,9,AF8,210.0078125,220.00390625
0.7235105649006036,0.7235105649006037,0.8074738567674109,0.7624320887925329,0.5550418833103701,4.388302795739023,4.388302795739023,4.488871643342613,3.605950632699832,3.668033156751981,4.699232574437387,4.699232574437387,4.733161392196687,4.073275757294733,4.1657396688899055,1.6927072767960252,1.6927072767960252,2.0481147055524644,1.4570008143814686,1.3123111132235543,1.2584584951379174,1.2584584951379176,1.0232610228479768,1.4661913068034451,1.3737945575671981,0.7887928511466377,2.0093261048168736,2.6409577608375345,0.5967302747875878,0.3483602476504965,hjorth_mobility,hjorth_complexity,0.5755710573109012,0.8173246343523374,1.6157285666405303,1.5471127324495062,2.359365201871593,1.419339281408247,1.2174618937441164,1.5252968282663648,1716,eeg_data_level_9.csv,9,TP9,210.0078125,220.00390625
1.8041965442764625,1.8041965442764625,1.3245452858501678,2.9331901974602648,2.084023235741411,3.810742652528314,3.810742652528314,2.458567956424332,6.401447488368929,5.005119752703986,3.4173165701988455,3.4173165701988455,3.6130622398348455,3.3272973609157273,4.138130363348252,2.36706187104845,2.367061871048449,1.670165996036993,3.9564306957314384,2.9706120699698344,2.087321223342592,2.087321223342592,0.44958561486479776,2.222385912238072,2.1775972241646064,1.076170989436468,1.3733397538851047,1.3667605955176845,0.5269994278770889,0.3474977955975121,hjorth_mobility,hjorth_complexity,0.7375188072767063,0.770561160402348,1.1366559289769211,3.2800071180710026,2.1764507259659447,1.0547383650831927,1.867018336373027,1.888865222084054,1716,eeg_data_level_9.csv,9,TP10,210.0078125,220.00390625
0.39060264865738686,0.39060264865738686,0.47692442728295065,0.24788708501299012,0.34362012098341044,0.17306153313211475,0.17306153313211475,0.1636339984280541,0.1497833436852368,0.18802217186812828,0.11540106991245715,0.11540106991245713,0.0932354276059851,0.1081821566966486,0.140968053144016,0.2578286095870045,0.25782860958700443,0.21437565247592086,0.3249575048838585,0.30671311044530775,0.21565678477029046,0.21565678477029052,0.05515788468359155,0.24294016479286534,0.24711984542051918,1.0913798995686639,0.47462793324221136,0.3523255393503604,0.3517377750288887,0.22226365535556356,hjorth_mobility,hjorth_complexity,0.6565449322938037,0.8299068388035525,1.0063185541837711,0.5525402615891094,1.7457913269982153,1.1589100554617797,0.3764788129436211,0.8481974237381488,1716,eeg_data_level_9.csv,10,AF7,220.0078125,230.00390625
3.7530875081546244,3.7530875081546253,3.7828319125125245,3.9243813281650683,4.029142106807562,4.09689004730154,4.09689004730154,4.160280885248456,6.966803391484019,3.5594991747654077,5.910984394644211,5.910984394644211,5.886204875374407,5.7939692957761215,6.452213431722283,9.215335169642998,9.215335169642996,6.334790760603122,13.651209083270139,8.692639310281795,4.373842248819525,4.373842248819526,1.3282119651861835,3.7710234653969423,4.471802188757427,1.0573194121075737,0.8504751584553708,1.2350942340746296,0.9307436543075449,0.3621436420695867,hjorth_mobility,hjorth_complexity,0.516482013404459,0.4949455667771014,1.123485426677225,3.2800071180710026,4.642323091023106,1.31516759102966,4.165463506121451,2.8213589666928263,1716,eeg_data_level_9.csv,10,AF8,220.0078125,230.00390625
0.5561541575911242,0.5561541575911243,0.6072395326590035,0.7522825894408293,0.5122772577599535,1.3846845918388326,1.3846845918388326,1.5750099643162236,2.2575798424280733,1.1351960811977508,2.400200734157288,2.400200734157288,2.0049223422368714,2.708080340883153,2.764638651929889,2.3090326446354887,2.3090326446354883,2.2946087677921705,2.4130303142072296,2.152343911545732,1.740426920185552,1.740426920185552,2.4939116927627167,1.3360273088586665,1.5310304157182222,0.9520084482102452,1.3566350057874923,2.3929301605499216,1.2250916479612033,0.6795206274719547,hjorth_mobility,hjorth_complexity,0.8907126248119273,0.9156168195680097,1.3662204392018238,1.1146899190319424,1.9819593844966477,1.3542319749216303,0.659827645732674,1.1229021999941582,1716,eeg_data_level_9.csv,10,TP9,220.0078125,230.00390625
1.9939683238437473,1.9939683238437476,1.842488455311292,3.3338281809347747,2.5644212061850453,2.8005945974698805,2.80059459746988,2.0528119069073827,3.480459859531691,3.147343093888953,2.316785011906328,2.316785011906328,2.279237916976958,2.565183176411095,2.342957598524015,2.2489306896570693,2.248930689657069,1.7329728403305895,2.8334745944379356,2.598349925817913,1.1144207181774195,1.1144207181774197,0.2908032863960028,1.2730191206204555,1.3875154343351603,1.106409252236668,1.0791751348099603,0.9955745341030752,0.49591484304088024,0.1997858145345455,hjorth_mobility,hjorth_complexity,0.4792778005744767,0.6533614745336356,1.6826982413238076,2.6537948216033453,1.0650716318556752,1.6016397395707742,1.9022464719384102,1.9066021237043422,1716,eeg_data_level_9.csv,10,TP10,220.0078125,230.00390625
0.022504015426690695,0.0225040154266907,0.018427392049699464,0.050314796092071394,0.024576799413701368,0.05528711728649496,0.05528711728649496,0.07051478557399708,0.06213295740345237,0.038575858696734286,0.05194054771649894,0.05194054771649893,0.058822918802611056,0.06152652945462117,0.03785620985694935,0.1311346301467701,0.13113463014677004,0.07053487202906923,0.24042561937624402,0.16431126225366766,0.17309896742391517,0.1730989674239152,0.03226969563372414,0.25774855824331344,0.22783081419512516,0.9419516414526926,1.198605691070511,1.3076712300806002,1.5284377863451768,1.4738301135447711,hjorth_mobility,hjorth_complexity,1.2430584051429352,1.1153344600980353,0.9745269955706595,0.2578521220749177,0.47696686122232407,1.0156739811912225,0.03079624739217599,0.24259149933591095,1716,eeg_data_level_9.csv,11,AF7,230.0078125,240.00390625
0.8559157274797202,0.8559157274797202,0.6892888564997185,1.1436687346208678,1.027602546199585,1.1323955301414068,1.132395530141407,0.8238182123018598,1.9220471193551454,1.239649521505684,1.5391835867712353,1.5391835867712353,1.2833141013087743,1.9113275270781993,1.579883146869949,0.7040068271930138,0.7040068271930138,1.3068338385585905,0.28400982054872825,0.31376516015627054,0.19024641549691526,0.19024641549691526,0.03215236894273433,0.19003163365465178,0.253269833799308,1.1298885673706525,1.0481491479188283,1.447192221547292,0.3553667420019607,0.08877113106104322,hjorth_mobility,hjorth_complexity,0.7353303241690602,0.7070775536046873,0.7290266284361587,0.38918053207580744,3.794896531764025,0.9896310585965759,0.7698334292559128,1.212900183545385,1716,eeg_data_level_9.csv,11,AF8,230.0078125,240.00390625
0.2352559070894509,0.2352559070894509,0.18142946652688255,0.4211048683863968,0.2865650996327906,1.791631702242686,1.791631702242686,1.4519628483652407,2.8636320076731647,1.818091250673186,2.360017712815615,2.360017712815615,1.491363762422645,4.232243659736459,2.93874939480354,3.1581858495951662,3.158185849595166,2.937207347173694,3.2294023269268313,3.0427130692385767,1.4793598794163332,1.4793598794163332,2.2577414667199256,1.1749607745693087,1.1648492783374604,0.7197743861305576,2.0802088915081822,3.098204914819076,2.0746673461730367,0.7697087182697625,hjorth_mobility,hjorth_complexity,1.201477226097661,0.9798645539023347,1.2164654657347973,1.0458225820802562,2.583956393806377,1.1979744393537497,0.41035980065944233,0.8855418366502736,1716,eeg_data_level_9.csv,11,TP9,230.0078125,240.00390625
0.18557892028741316,0.18557892028741318,0.17301655021763224,0.2717308864550735,0.2128919351608933,0.29856611803036265,0.29856611803036265,0.22533990805276843,0.35210666997576207,0.3580830506772458,0.48700928854340186,0.48700928854340186,0.44372721128647424,0.446602372258215,0.5849762759894857,0.7833574921756575,0.7833574921756574,0.7342296041495756,0.885846511265316,0.9006486314250145,0.5318153331180443,0.5318153331180444,0.10331012537864255,0.7323950869622092,0.6367411632006318,1.0252148839370505,1.0658122291635,1.7329717349002352,1.3614640992708356,0.7440061115951061,hjorth_mobility,hjorth_complexity,0.8666393106278211,0.9497670073290436,1.1022994037691176,0.8360174392739568,1.4378467030051614,1.0547383650831927,0.2840511383427986,0.7367581451050867,1716,eeg_data_level_9.csv,11,TP10,230.0078125,240.00390625
0.02209078436801672,0.02209078436801672,0.023191497592977693,0.03675175269838401,0.019972901055564134,0.04089816983615542,0.04089816983615542,0.030643813939543074,0.03823467058966986,0.05285399860680243,0.04771575262147509,0.04771575262147508,0.03428390255160843,0.05250662193714797,0.06048184948621198,0.11523929804898014,0.11523929804898012,0.06822829718507004,0.20692614944909554,0.1527964566061595,0.18894817216984627,0.18894817216984627,0.03717919703014782,0.2823525266963846,0.23117887949200777,0.9435620585877554,1.078383694413218,1.3335181753223193,1.4690175633795364,1.686528157005303,hjorth_mobility,hjorth_complexity,1.2824511010805635,1.1593693567380254,0.9152922982744991,0.34914138268529227,0.3079446239930539,0.9896310585965759,0.04356660060255858,0.2885383313802109,1716,eeg_data_level_9.csv,12,AF7,240.0078125,250.00390625
1.5830041376343726,1.583004137634373,1.3423855922766585,2.575763955686888,1.736132909875319,2.4782020472126605,2.47820204721266,2.122334728161972,4.297115301802575,2.6658539231849363,3.1635115826599685,3.1635115826599685,2.683086708371478,3.4083365180419603,3.8003934129975976,2.7955173043292625,2.7955173043292616,2.3251998083355,5.549218510458912,2.9916245620602955,1.0096823746993593,1.0096823746993595,0.17984235544650132,0.2564657918562915,1.199871664728613,1.0900439442419245,1.1214208107224728,1.490284779914446,0.6971834759166062,0.2140657217197821,hjorth_mobility,hjorth_complexity,0.8206811653672547,0.7625421590453919,0.5540979105583401,0.38597740012456627,4.60990786744489,0.8789486375693273,1.2708732479418214,1.5583959027186152,1716,eeg_data_level_9.csv,12,AF8,240.0078125,250.00390625
0.314756683658266,0.314756683658266,0.26818448721951743,0.47407522112774436,0.35796881127742647,1.8012511729345568,1.8012511729345568,1.3223756356046155,1.8165842808866073,2.449274161033122,1.84142756067507,1.84142756067507,1.662847057369941,1.948565434324898,1.9782476468064554,2.3644656877218417,2.3644656877218413,2.679556995710945,2.237755328345632,2.3072127707020944,1.299837381481209,1.2998373814812092,1.6540848097262977,1.305358745422004,1.231121038554737,0.8257451650331272,1.9747839076413067,2.3821049538094954,1.5419621223936488,0.6749200466496161,hjorth_mobility,hjorth_complexity,1.2167966078511832,1.0177513386951706,1.075778049956036,1.37254204110686,2.829385943755728,1.0156739811912225,0.44604007381604516,0.9232378868569243,1716,eeg_data_level_9.csv,12,TP9,240.0078125,250.00390625
0.2124045437454875,0.21240454374548753,0.1561155417155504,0.4486456446440036,0.2596416527049932,0.5438311206385674,0.5438311206385673,0.5643240642539844,0.6353544947015721,0.6363636633335403,0.32847315305778696,0.328473153057787,0.2677807121047098,0.3248602944571501,0.40113489125921686,0.5089124480472752,0.5089124480472751,0.4425849341210521,0.9150876850606761,0.5746977429155097,0.644728225442842,0.6447282254428421,0.11641255989297718,1.3317652820171522,0.8263337624777966,1.030352452529724,1.4150224129667812,1.0843638125053432,0.8081434313482957,0.7539621976012453,hjorth_mobility,hjorth_complexity,0.7528381890302284,0.990070116695602,0.7066933841409724,0.7255093869561349,0.6066277555351889,0.6380516035688449,0.21822205243030823,0.6457672214257529,1716,eeg_data_level_9.csv,12,TP10,240.0078125,250.00390625
0.27514761915942415,0.27514761915942415,0.5287697407088098,0.06533324881460865,0.12052556148848237,0.15275363275775702,0.15275363275775702,0.1397833883090281,0.1273744627744933,0.1815342752645879,0.4782921356423489,0.47829213564234896,0.4189050579415896,0.4831996775590628,0.5038987366069463,0.3447215570103393,0.3447215570103392,0.233611167655873,0.3298367153004197,0.3853896616404953,0.9175908253226447,0.9175908253226449,0.16768099224839028,1.007882943421925,1.1722733602809317,0.7903844731032832,0.49583715131024075,1.308621893813301,0.5159293157771654,0.9054481819961615,hjorth_mobility,hjorth_complexity,0.7484612228149363,1.2189524705358794,0.8392099785995342,0.944923925616158,1.0187641696010805,0.9766095972992526,0.4535174388020189,0.9309442513180515,1716,eeg_data_level_9.csv,13,AF7,250.0078125,260.00390625
7.727636098506684,7.727636098506685,6.966009867181598,4.97572215695666,8.504088913927927,3.0580292431467555,3.0580292431467555,2.1052477812638006,5.706656330866449,3.5643095464672085,3.9776620439765407,3.97766204397654,4.503280304748619,5.089617722941252,4.437505500908581,4.822351762347444,4.822351762347442,4.514106342215248,4.495904316617196,3.7191143136536313,1.2278302916206407,1.227830291620641,0.29585684058961825,1.6175671124198363,1.4633421650509322,1.1667840912682717,0.460914867550422,0.5745387309164706,0.33429570420067817,0.07488594388815926,hjorth_mobility,hjorth_complexity,0.555874709342087,0.5451234148341355,0.9732595413744546,3.2800071180710026,4.60990786744489,1.0156739811912225,5.7138332982120295,3.3043836270650657,1716,eeg_data_level_9.csv,13,AF8,250.0078125,260.00390625
0.4500007064061116,0.4500007064061117,0.41581313550931137,0.6171105361320123,0.43817296841105646,0.8086974335045858,0.8086974335045856,0.8343515704253354,0.3977996559588988,0.7988467046973637,0.43908177668510107,0.43908177668510107,0.32033515147557123,0.44276930847462703,0.5876558600889561,0.5828324865825589,0.5828324865825588,0.4975554904807044,0.8626946771657847,0.72376675437982,1.2475885069917556,1.2475885069917558,1.4344246903978968,1.148117227376159,1.1865298108439029,1.0544818904648845,1.1802471216689112,0.8128705187591451,0.5277967200703961,0.7179150906030431,hjorth_mobility,hjorth_complexity,0.8097387498290246,1.1344169453426296,0.7849398943802084,1.2091823115935583,0.8427958130336212,0.8333735230286955,0.8039753579786351,1.239504328316307,1716,eeg_data_level_9.csv,13,TP9,250.0078125,260.00390625
0.6139435811990224,0.6139435811990224,0.4543275152711254,0.8615005762707268,0.6960836700667258,1.055194793042117,1.055194793042117,1.0002082800873062,0.7818105121321093,1.1587111381392512,0.8800611515099531,0.8800611515099531,0.8403510470360993,1.1601171958775525,0.8360585849704071,2.064792858801706,2.0647928588017055,1.4651615178237614,3.438212266030382,2.4650706925606283,1.7451116746158732,1.7451116746158735,0.39162162658489674,1.0674347362281575,2.3532560351175884,1.0597908428967242,1.127644173994013,1.0698795060171158,1.147494680959105,0.749323696473482,hjorth_mobility,hjorth_complexity,0.6193407194638215,0.9240918202354309,1.159409988104049,1.303674704155174,1.0558101394047563,0.9766095972992526,0.8073763160406748,1.2421232229881167,1716,eeg_data_level_9.csv,13,TP10,250.0078125,260.00390625
0.2450868189677353,0.2450868189677353,0.2680466716733815,0.22466117069307784,0.1909525544220044,0.2972073685739536,0.2972073685739536,0.20889656837833737,0.5023749778946754,0.3330255668529345,0.2283732230242728,0.2283732230242728,0.27549289327200766,0.29446466236598906,0.2225010396704108,0.5934105260709501,0.59341052607095,0.3337666360239981,1.2268875090464997,0.7669920045346006,0.6768799020501689,0.6768799020501689,0.10558311432207527,1.2011179052275782,0.8218546127929044,1.0504102978414143,0.9449640471585219,0.7995128255913462,0.9396326910349436,0.7922956370369832,hjorth_mobility,hjorth_complexity,0.9760634660101215,1.0683200705331066,0.95661230701086,0.8264080434202331,1.10906372099754,1.1068242102724861,0.3113930130276604,0.7714026219120426,1716,eeg_data_level_9.csv,14,AF7,260.0078125,270.00390625
3.648306370881269,3.6483063708812695,2.42047476568019,4.676443713869514,5.001897311746626,12.134754163049537,12.134754163049537,15.618334258367797,11.82062279430274,10.025923251471179,18.53506773746084,18.53506773746084,11.971898324377701,32.30943956817809,21.412498142709545,14.599962741223353,14.599962741223349,20.514531448879712,7.190391156285617,8.44383764099365,3.5468639268170024,3.546863926817003,0.6079990650967617,6.107933874209816,4.826994274770965,0.9599811045832378,1.5188945677547288,2.6356625193082324,1.076034044789764,0.2548206480589088,hjorth_mobility,hjorth_complexity,0.516482013404459,0.5609082135315717,0.6549882665163386,3.2800071180710026,4.602961748106701,0.7096696407041235,4.923522681942724,3.0673592967898013,1716,eeg_data_level_9.csv,14,AF8,260.0078125,270.00390625
0.4117895371687978,0.4117895371687978,0.26044526367921783,0.7890380894046416,0.4897084735020992,0.7136251127807367,0.7136251127807367,0.744625103949916,0.656784293972582,0.796512674995873,0.3751357772765213,0.3751357772765213,0.34536276715822684,0.4246269089402921,0.3781081369627557,0.6361624906329236,0.6361624906329235,0.4523611844929374,1.1031543076203651,0.6921481615293239,1.327394147625715,1.3273941476257152,1.8591702383281214,1.4369212307736003,1.178050457370881,1.100663547531053,1.1433538819213351,0.7626035361236897,0.6133466156098173,0.7959335830536264,hjorth_mobility,hjorth_complexity,0.9476131856107237,1.0920852703227075,1.4580382277711768,1.1563306343980781,0.9770874535719455,1.4063178201109237,0.538800074615488,1.014706640183764,1716,eeg_data_level_9.csv,14,TP9,260.0078125,270.00390625
1.557526749678505,1.5575267496785055,1.0790363525670645,3.377734432714728,1.7565447614580803,1.7833828628293897,1.7833828628293893,1.9870843402631504,2.9651580313392514,1.8991180737210978,2.4357650139531315,2.4357650139531315,1.6158420462575054,3.679231849747762,2.7920717726773843,3.5342536244007214,3.534253624400721,3.509432333976503,3.1368605209628444,3.4952386303580796,1.3073849360506014,1.3073849360506018,0.269710525036939,1.4228575677036301,1.5353999911406677,1.1441141302940163,0.9114813071919167,1.2818702703177092,0.8878325741082755,0.2846221364953173,hjorth_mobility,hjorth_complexity,0.3786075776227602,0.6857116429238246,1.8732021176838456,1.6640270486698105,1.7226375958709181,1.770918736435978,1.910449978071847,1.910708845889887,1716,eeg_data_level_9.csv,14,TP10,260.0078125,270.00390625
2.019843624843628,2.0198436248436282,2.520562102231522,0.21602093100217734,1.1930699074991937,0.5353907776751439,0.5353907776751439,0.44211693289627296,0.3978149146637561,0.6919053698853894,0.5221481239478047,0.5221481239478047,0.5106601330975774,0.683015067503174,0.5043450920825382,0.8934406868646512,0.8934406868646508,0.5135769369216993,1.6934386314451408,1.1636859793310923,1.8948799970928665,1.8948799970928671,0.38912327611931025,2.9216934856308145,2.360438133314656,0.9658680919576972,0.3249232901295689,0.31692007085284185,0.2523124661503384,0.36163324376113226,hjorth_mobility,hjorth_complexity,0.7178224593078921,1.0993255039655623,1.1311853361616802,1.7409022154995997,1.903236698663837,1.0612490957318543,1.5491801044934208,1.720590949861687,1716,eeg_data_level_9.csv,15,AF7,270.0078125,280.00390625
6.376408816647346,6.376408816647346,5.227907404222368,7.785896682678073,7.051675724273382,6.366788385865413,6.366788385865413,9.258466563404603,1.4243250030862247,4.252043839553958,4.4579552089231775,4.4579552089231775,3.3779108358662704,6.091259901209728,5.740167326485935,3.887999933944173,3.8879999339441715,4.866898955353455,3.408400209109023,3.3807004156060523,2.044481686178655,2.044481686178655,0.3258805806033976,1.704262853929886,2.6080678642578676,1.1402391544786008,0.7665718929809309,0.6783381763199463,0.2951309270230906,0.12605759903517005,hjorth_mobility,hjorth_complexity,0.5996443714950075,0.7466907859783646,0.920472328467685,3.2800071180710026,4.60759249433216,0.7747769471907403,8.63439655362134,4.062025768528398,1716,eeg_data_level_9.csv,15,AF8,270.0078125,280.00390625
3.561045245276916,3.561045245276916,2.807049082649086,4.637869221277695,5.033053372767012,5.314445756728095,5.314445756728095,4.676991441130671,5.52455084699431,4.899989417421142,5.182058485686346,5.182058485686346,5.34111750524573,4.789973140557161,4.6097353484041514,4.593113424100393,4.593113424100392,3.586021042089953,6.191022560244479,5.777747443708232,3.048382602481145,3.0483826024811456,2.074754712495488,3.679833269447219,3.3944290815941103,1.1134152556480765,1.0963391226242547,1.1676600524962002,0.5549160943186664,0.28340476546493365,hjorth_mobility,hjorth_complexity,0.48584324989741484,0.9495689164153208,0.5218003722068225,3.2800071180710026,3.438329072403647,1.132867132867133,3.359913641223984,2.5339073793414437,1716,eeg_data_level_9.csv,15,TP9,270.0078125,280.00390625
7.2177641065239095,7.217764106523911,4.850824472711802,12.598148708945988,9.528101300319213,10.262292105095037,10.262292105095037,9.628469868078252,12.494261805349085,11.396626438841066,10.55904053296991,10.55904053296991,8.82457333154488,8.476154065562074,12.927605437837968,15.278775938754043,15.27877593875404,13.677182738084209,10.033275096232858,17.19250532869529,5.652740300499817,5.652740300499818,1.2351562480848106,4.874994415002482,6.639814958513787,1.1222052313018385,1.0393326568713797,1.1746575941121042,0.8229369875406704,0.26016883309230504,hjorth_mobility,hjorth_complexity,0.48146628368212274,0.5673327703277808,0.835858489045142,3.1502802740457336,4.040326081713376,0.7031589100554618,7.3178914294838915,3.7395527153460706,1716,eeg_data_level_9.csv,15,TP10,270.0078125,280.00390625
2.783754634012223,2.783754634012223,2.466387232210735,2.302434519501368,3.253807513134401,0.686267235224523,0.686267235224523,0.8187047409106668,1.1157772500020826,0.6400783919003059,1.3348783634936519,1.3348783634936519,0.9904205837382556,1.578540411660109,1.538553418651355,1.2173432443120924,1.2173432443120924,1.0440367206787478,1.703476473722201,1.2511006323100113,1.504107508294627,1.504107508294627,0.29444468090522136,1.637525730485631,1.693723212942155,1.1726537737452922,0.31059151998217877,0.5535822094125739,0.2523955648709567,0.22620727389568182,hjorth_mobility,hjorth_complexity,0.7681575707837504,1.0787754956709679,0.5582860200762351,0.7287125189073761,4.593700255655781,1.0547383650831927,2.840647945820148,2.3298898278918685,1716,eeg_data_level_9.csv,16,AF7,280.0078125,290.00390625
1.905335138301466,1.9053351383014663,1.264646028959333,3.1444643573570756,2.395326038282746,2.1883117926153677,2.188311792615368,1.929710292907412,2.720623453788391,2.2839305999605886,2.663185318166237,2.663185318166237,2.122499422965053,4.892878955175493,2.8813866240506854,3.505929423623056,3.505929423623055,3.5891268037201005,3.967109965851758,3.300513072914058,1.7377363741702774,1.7377363741702776,0.41627866698761934,1.092018720926009,2.2652688097102103,1.1474089621571923,0.9177712225096128,1.1760686561353897,0.7451128846793431,0.3078480674262471,hjorth_mobility,hjorth_complexity,0.7900424018602105,0.9564462034318978,1.607637900526415,3.2800071180710026,1.4864695383724857,1.4063178201109237,2.0348941522382815,1.9719576813709963,1716,eeg_data_level_9.csv,16,AF8,280.0078125,290.00390625
2.50231847303994,2.5023184730399404,2.479379335199862,1.5169599681814336,3.435449763531142,2.063788221467612,2.063788221467612,2.7198116096452574,0.720834938028236,2.008390744291058,1.2587843411432365,1.2587843411432365,0.8174066906135491,1.9760056431007622,1.4972529504045813,1.5438587612670256,1.5438587612670256,1.6648821779073282,1.637249010198475,1.2456312803775955,1.7149731722408001,1.7149731722408004,2.5691279357817733,1.3856685384778444,1.4095816065214255,1.1255601137858238,0.7413646169182675,0.5516466138409855,0.3196995938847861,0.24498465482890242,hjorth_mobility,hjorth_complexity,0.8491314457666529,1.001123972289476,1.5908704333536945,1.3517216834237922,4.598331001881241,1.6146612008680976,2.5484087714047217,2.206791103134738,1716,eeg_data_level_9.csv,16,TP9,280.0078125,290.00390625
0.7313687764999255,0.7313687764999256,0.47997296168595976,1.5522400193950643,0.8854503228045617,1.0990352789112374,1.0990352789112376,1.0460598346365573,1.3835577038864777,1.2506174195037494,2.3493160082779934,2.3493160082779934,2.1863387775487104,2.755197675429939,2.168760095698459,2.08732361318692,2.0873236131869195,1.9453447521080496,2.168881237029705,2.1807066642431803,1.1135049762127411,1.1135049762127414,0.1869782679438551,1.5813878533057169,1.4922668342038234,1.0988211985792724,1.052281248400506,2.1164695182721602,1.0180685745585976,0.45223487344503155,hjorth_mobility,hjorth_complexity,0.5471207769115032,0.8248501401382117,0.34470746376473277,1.0730492036658066,1.630022671361729,0.46877260670364124,0.8502102275007446,1.2746467449614745,1716,eeg_data_level_9.csv,16,TP10,280.0078125,290.00390625
1.498712592796387,1.4987125927963874,1.6377366437534977,0.8459881083424668,1.5829569520918885,0.37251057961458256,0.37251057961458256,0.2685360932586972,0.6253991532735446,0.4231264053914458,0.9954941649734395,0.9954941649734395,1.0618432845784063,1.1496722752563702,1.1164403354119954,1.349052246186558,1.3490522461865577,0.9447195682828501,1.505634491228267,1.7399891335331716,1.0865506373421967,1.086550637342197,0.18954381730188744,1.2893066575682148,1.2674903525181254,1.0869723772209168,0.30791419362066175,0.6963199914353339,0.45997960189983705,0.2826311806451744,hjorth_mobility,hjorth_complexity,0.7397072903843523,0.9959731545690987,2.0601891843769433,2.7819200996529942,0.972456707346486,1.7188328912466844,1.4613651004078483,1.6711138728641475,1716,eeg_data_level_9.csv,17,AF7,290.0078125,300.00390625
0.373660803700747,0.373660803700747,0.2960065989365641,0.6604418537323001,0.3743270055255594,0.4232130320283511,0.4232130320283511,0.36311525182672805,0.22073058445961694,0.5142111652448875,0.41703026034037405,0.417030260340374,0.45309193400169034,0.4193514751623681,0.39297628935636475,0.6085057887744191,0.608505788774419,0.35205663473931526,0.9265400169750994,0.7721310457900973,0.7844865214388425,0.7844865214388423,0.11458382306206852,1.4587137578974325,1.0387403350920448,1.0859246614974598,0.8688191929705102,0.9176765433228217,0.6610375170268938,0.6180186841698891,hjorth_mobility,hjorth_complexity,0.9213513883189712,0.9904530547671907,1.274357563329049,1.2540261589109352,1.1507404370266752,1.210995900651073,0.5141688669026715,0.9912417071936656,1716,eeg_data_level_9.csv,17,AF8,290.0078125,300.00390625
0.6738156620561667,0.6738156620561668,0.6687562391118299,0.583014536038449,0.5532161331877885,0.7405117430276857,0.7405117430276857,0.5391641144497537,1.5364776002560059,0.944440074191302,0.9913854554081126,0.9913854554081126,0.7907275836267488,0.74216752249155,1.1426811020303955,0.9586952884881766,0.9586952884881763,0.7750053129303907,1.6089741198684373,1.1457238584825475,1.725672580457592,1.7256725804575923,2.37082632938496,1.6814396877436917,1.5856049822795715,1.0301544762540924,0.8904440718623738,1.1811779533024525,0.5987052976801468,0.6898537229440584,hjorth_mobility,hjorth_complexity,0.6871836958008479,1.0982550160432127,1.0964530834253576,1.16113533232494,1.5374077468525398,1.8490475042199181,1.1811430684654975,1.5023735589187677,1716,eeg_data_level_9.csv,17,TP9,290.0078125,300.00390625
1.724509686876239,1.7245096868762393,2.1188101629742775,1.1665597663876144,1.041122489594213,5.392971824593472,5.392971824593472,3.832297409487495,8.65841161479996,6.662648240656107,9.257324027644955,9.257324027644955,5.9209766027712645,5.52422292029532,12.634112778639205,9.442509085874306,9.442509085874304,12.197639489096616,5.003427977284002,7.067740173950792,4.42755809121673,4.4275580912167305,1.3371602973799646,3.28222605884964,4.031143491178841,0.8047382059521897,1.502770644242293,2.596715574161332,1.3458346130772698,0.5489657852403071,hjorth_mobility,hjorth_complexity,0.45958145260566263,0.7533309185510818,1.139812040216483,2.9388735652638136,3.063238628141431,1.7188328912466844,2.483508924276418,2.1785099169183013,1716,eeg_data_level_9.csv,17,TP10,290.0078125,300.00390625
