delta_abs,delta_mean,delta_max,delta_min,delta_median,theta_abs,theta_mean,theta_max,theta_min,theta_median,alpha_abs,alpha_mean,alpha_max,alpha_min,alpha_median,beta_abs,beta_mean,beta_max,beta_min,beta_median,gamma_abs,gamma_mean,gamma_max,gamma_min,gamma_median,delta_entropy,theta_entropy,alpha_entropy,beta_entropy,gamma_entropy,hjorth_mobility,hjorth_complexity,lempel_ziv,higuchi,mean,min,max,median,var,std,Participant,File,Window,Channel,Start_Time,End_Time
9206.273385275485,1315.181912182212,2235.3664387516983,483.5221130335133,1172.784342947138,3720.184199570859,465.0230249463574,888.3068444172791,172.78566218238763,377.0857597381396,933.914190822146,116.73927385276825,182.851093943585,40.41815659824105,119.0525054699275,1359.0443441781063,35.76432484679227,94.10383538372403,9.153584846613885,28.938756558274463,543.1024678841457,6.171618953228928,26.903180957738606,0.3762748264641333,4.321758898085238,1.3921130102236183,0.7996641390370813,0.28181617971557965,0.5093080595257851,0.2560224385862761,hjorth_mobility,hjorth_complexity,1.600991394667666,0.3096692859661812,-42.286109924316406,-927.24609375,383.30078125,-40.0390625,7166.488039329124,84.6551123047458,1868,eeg_data_level_1.csv,0,AF7,120.0078125,130.00390625
178.50016980385251,25.500024257693216,37.92960672441468,16.151968597494392,25.345996911508607,43.35369720472649,5.419212150590811,10.890180692217502,1.6791709282546095,4.232076960496855,11.748315836380357,1.4685394795475446,2.2374689867600304,0.8481479408628086,1.4718930924489309,19.524198551669926,0.513794698728156,1.05553546686845,0.13880068297136938,0.47177389331502595,16.406089488846348,0.1864328351005267,0.4536292032211173,0.0412867030528415,0.1579905046447048,1.484134800276325,0.576021593642273,0.21523705195949044,0.425279616671488,0.41575636599890564,hjorth_mobility,hjorth_complexity,2.047676839036269,0.6981581364544214,-38.236427307128906,-90.8203125,34.1796875,-38.57421875,130.95939790218836,11.443749293924101,1868,eeg_data_level_1.csv,0,AF8,120.0078125,130.00390625
2055.5472825355273,293.6496117907896,441.02320292906677,148.3869825641169,312.26267054420396,627.5752619937358,78.44690774921698,152.3734811695067,18.69583096232894,70.26013895542987,94.0858274067445,11.760728425843062,17.73843935557663,7.165095090883544,10.621476715286146,135.5472496119111,3.5670328845239765,6.700803603458848,2.064936299352766,3.264128262215758,390.20460551280587,4.434143244463703,150.28669823757124,0.5988611296552716,1.6619605167370644,1.435398612052223,0.6613727706077986,0.15337174615048682,0.26798454976827457,0.5852943538149543,hjorth_mobility,hjorth_complexity,3.215250673821528,0.882906454422122,-44.44904327392578,-293.9453125,81.54296875,-38.57421875,1691.7644475688576,41.13106426496715,1868,eeg_data_level_1.csv,0,TP9,120.0078125,130.00390625
1622.681084680233,231.81158352574758,338.7601525690946,129.35214937419778,259.7936956094146,604.382713286765,75.54783916084563,156.18659501457108,32.24684564058481,56.65495550723739,100.65991467004977,12.582489333756222,28.9468294931363,5.192109965996866,11.342487519900555,108.13645833950096,2.8456962720921304,8.410257233189464,0.6517295966049548,2.489629223182071,120.82972687816846,1.3730650781610052,3.2536511261624397,0.49315159805679953,1.3209820029445072,1.4714130160339023,0.777155256863934,0.19952135257811482,0.2761646152637312,0.3447141086468467,hjorth_mobility,hjorth_complexity,2.53416593686346,0.7048529588234234,-39.197731018066406,-204.58984375,115.72265625,-37.59765625,1144.9887082198984,33.83768177963583,1868,eeg_data_level_1.csv,0,TP10,120.0078125,130.00390625
117.4844589487683,16.78349413553833,43.483463814109285,5.169165961248058,11.072988212900295,25.054693134042324,3.1318366417552905,5.022724568393729,1.1557684478417354,3.046308954122452,11.427436228158147,1.4284295285197683,2.4930377588211794,0.5136049844816668,1.4402428542473125,14.884580677951565,0.3916994915250412,0.9678752874557591,0.08772187092455601,0.31837246564370336,9.56211917931019,0.10866044521943398,0.7611026710791142,0.02820188624681525,0.08464457954457547,1.3421457955316842,0.5229932121275216,0.2827218918103126,0.46587590766819037,0.3604380876552469,hjorth_mobility,hjorth_complexity,1.9769147884432228,0.5628606172179527,-37.401771545410156,-404.78515625,195.80078125,-39.0625,748.8702420596383,27.365493638150184,1868,eeg_data_level_1.csv,1,AF7,130.0078125,140.00390625
32.29285005122525,4.613264293032179,8.01906388239036,2.0719127611819697,3.9778611499685357,16.273712284280045,2.0342140355350056,3.8103066556407708,1.1150417475247667,1.9105233465825755,7.078380305780602,0.8847975382225752,1.7757380429594802,0.5715748034852451,0.7059516274887632,15.265265642622035,0.4017175169111062,0.8974295890972956,0.19933682986370835,0.36747728786962386,22.118277017944376,0.25134405702209517,0.5543396613166114,0.08771413484742704,0.22868587872314033,0.9594767597944364,0.619025883011062,0.32779331697306013,0.8277102678073884,1.3012189687596176,hjorth_mobility,hjorth_complexity,2.6049279874565063,0.8073362691853223,-37.05177307128906,-62.98828125,-9.765625,-37.109375,61.36934956884943,7.833859174688388,1868,eeg_data_level_1.csv,1,AF8,130.0078125,140.00390625
2206.677937215968,315.23970531656687,741.6162336540501,77.42073247916386,210.23535692289278,433.5982602740004,54.19978253425005,149.09110193237115,15.331499261164986,35.27758815639628,62.15299634753166,7.769124543441458,12.285328324463247,3.084256936906628,7.2036926467435425,88.14931231079044,2.319718745020801,4.741777712853801,0.9091772970386727,2.056898476415425,320.7269173238616,3.644624060498427,150.54173022546615,0.4147081967957193,1.101491017131734,1.436184544225162,0.506956912496255,0.11324800967260913,0.1921509307911791,0.4726823224525355,hjorth_mobility,hjorth_complexity,2.684535294373683,0.8674201838590907,-33.26892852783203,-209.9609375,153.80859375,-35.15625,1997.401239896135,44.692295084232754,1868,eeg_data_level_1.csv,1,TP9,130.0078125,140.00390625
2545.3571433304865,363.62244904721234,698.6196530322387,109.47346359027944,272.116602392509,586.417163838571,73.30214547982138,176.01284365016068,23.23536749984704,52.59751320152621,95.54606362059579,11.943257952574474,21.92543310798787,3.2067534560232622,10.05798807253981,72.63645392678745,1.9114856296523015,5.656895766105535,0.5211072184410034,1.6000990659965642,73.51166134001329,0.8353597879546965,1.685539764880373,0.3269460433173952,0.8248567452632629,1.5168228941607067,0.6074550510252252,0.14978983998580903,0.1517752736227317,0.17249477522047643,hjorth_mobility,hjorth_complexity,1.8884622252019152,0.6198170565604793,-36.10191345214844,-230.46875,112.79296875,-36.1328125,2030.2351329883095,45.058130598020924,1868,eeg_data_level_1.csv,1,TP10,130.0078125,140.00390625
2194.4916586322815,313.49880837604024,621.2536364885722,96.55233243556157,269.6197417610786,527.1555189718508,65.89443987148135,172.28117899273047,17.424706725939014,57.831624983887004,191.92099533270405,23.990124416588007,42.97156921201196,10.5727835645385,22.364443262187734,166.8543643963458,4.390904326219626,14.748848659670093,0.7172151620208559,3.069625231599872,42.973550393938666,0.4883357999311212,1.9673525443393478,0.05988322303751137,0.31850853763185283,1.4393787283550126,0.5975409928813695,0.28336849408233267,0.3247746132155425,0.11206023006092891,hjorth_mobility,hjorth_complexity,2.158242543087903,0.5179051687460852,-37.301063537597656,-429.6875,379.39453125,-37.109375,1535.0869352914742,39.180185493326526,1868,eeg_data_level_1.csv,2,AF7,140.0078125,150.00390625
50.066717458481364,7.1523882083544805,10.910986590774442,3.4841695465213425,7.307130219900251,15.137646031420019,1.8922057539275023,3.236409295889546,0.7010416709806554,1.8402865698629685,11.313301219179415,1.414162652397427,2.683403645335035,0.6489933263130196,1.3980432271405032,19.39672203598611,0.5104400535785818,0.8228436807951244,0.1739369898884433,0.5129766098391384,27.564102133239263,0.31322843333226436,0.7138934198607837,0.09426582688896559,0.30637031249539287,1.0753882032125601,0.47082884682036674,0.38078587211641274,0.8057855605227844,1.242615254003176,hjorth_mobility,hjorth_complexity,2.94547035593554,0.8213442469502024,-37.163734436035156,-70.80078125,-9.27734375,-37.109375,67.5398177918396,8.218261238962874,1868,eeg_data_level_1.csv,2,AF8,140.0078125,150.00390625
2364.6889312650505,337.8127044664358,693.8433168383714,153.96893975612588,267.3942999861986,663.9704957585523,82.99631196981903,133.7388200687434,36.321452115128075,85.2853371310699,121.16473638183712,15.14559204772964,29.609153414376337,5.898637872489389,13.697588135033719,93.58708325803451,2.4628179804745924,6.7075701172278235,0.7179074189505656,1.97688984275639,291.14185592016963,3.3084301809110186,147.13364304299682,0.3597937311163424,0.7908736797133953,1.450499887361125,0.6728710262656772,0.17945017966589283,0.18498795625723452,0.38136695094523,hjorth_mobility,hjorth_complexity,2.861440420856298,0.8320602816230157,-38.33789825439453,-222.65625,103.515625,-36.62109375,1729.5037716030492,41.587303009488956,1868,eeg_data_level_1.csv,2,TP9,140.0078125,150.00390625
3314.69929561749,473.5284708024986,957.8115199406388,199.02657320890776,405.89947816140614,823.6716641218088,102.9589580152261,177.20383122042685,38.02363329424563,101.36771616890789,177.79060186098246,22.223825232622808,47.04141257481721,9.959803371440751,16.221608909527497,92.96020092548673,2.446321076986493,8.218225232594317,0.5984352626517981,1.7754822567129618,65.78963172495088,0.7476094514198963,1.9514889952334105,0.2257255691731626,0.7124703016687628,1.5203353663339612,0.6534610316138103,0.2001718094286437,0.1474244992628225,0.12321587928056667,hjorth_mobility,hjorth_complexity,1.7469381240158233,0.5693325621978986,-36.72142028808594,-248.53515625,113.76953125,-34.66796875,2163.2967445475515,46.511253955871275,1868,eeg_data_level_1.csv,2,TP10,140.0078125,150.00390625
19.167377422441675,2.738196774634525,5.827847706055869,0.6981355668870838,2.6472392733444683,4.968557592189256,0.621069699023657,0.9922372950002895,0.401804116136063,0.542927149993061,3.430568247128134,0.42882103089101675,0.687687954072755,0.1507860650478886,0.3805330419764729,5.892487388360891,0.1550654575884445,0.31352147715927053,0.053641787527830796,0.14567408288890366,7.499959784336419,0.08522681573109568,0.8675206873855391,0.02407427936397424,0.07006273343137422,1.1425918231256718,0.4731151363570601,0.35319736725351897,0.7412435342453404,1.0123351345003484,hjorth_mobility,hjorth_complexity,2.6314637564288983,0.7891779170379126,-37.68119812011719,-60.546875,-18.06640625,-37.59765625,25.174493057420477,5.017418963712366,1868,eeg_data_level_1.csv,3,AF7,150.0078125,160.00390625
17.20229627506809,2.4574708964382985,3.7406942861218715,1.1435851859741177,2.7390728143215717,8.705439809640506,1.0881799762050632,2.1273045147213976,0.5743937756534327,0.8998262958757934,3.2036335205008415,0.4004541900626052,0.7081884701082012,0.15560142009037867,0.3473965985954972,18.41997794093711,0.4847362616036081,0.851511048969906,0.17735654324982483,0.4583176604047011,29.0680442745156,0.3303186849376773,0.7449102917050014,0.13782527842012465,0.3042041985438197,0.6940927761366702,0.43010103792070864,0.1956238521735053,1.088056073918237,1.8523518950400308,hjorth_mobility,hjorth_complexity,3.405423684790339,0.8770973050823226,-37.08381652832031,-58.10546875,-6.8359375,-37.109375,48.5855141596403,6.970330993549754,1868,eeg_data_level_1.csv,3,AF8,150.0078125,160.00390625
1213.9766741636993,173.42523916624276,272.26093980253904,76.31074388335455,151.9893021698253,429.28813443100455,53.66101680387557,103.23109499681853,26.67873872014619,39.771182472550656,82.85994115732423,10.357492644665529,17.467237328554646,2.8828975983188343,11.91852025849235,71.36015687878586,1.8778988652312067,4.281645357909145,0.490171660453995,1.6158412690051343,295.1943706441103,3.354481484592162,150.5113664052491,0.31585848852643506,0.7447484410939118,1.3415179470013558,0.6953611834229867,0.1968849352311802,0.22496428006686164,0.5614876246110673,hjorth_mobility,hjorth_complexity,3.4098463129524044,0.885843087203359,-38.91181945800781,-231.4453125,111.328125,-38.57421875,1259.0859281772282,35.483600834430945,1868,eeg_data_level_1.csv,3,TP9,150.0078125,160.00390625
1737.9095148538472,248.2727878362639,437.66620052399537,93.60421310892427,195.71460197297614,500.091012674574,62.51137658432175,115.75291516851527,30.44100841577333,49.03181232752795,93.30863077381439,11.663578846726798,20.2966944430506,4.4917198179685505,12.424878812320458,60.63327193877129,1.5956124194413497,4.16982758790191,0.5711175879601408,1.3357163343468788,62.71307481042098,0.7126485773911475,1.2716401234895314,0.20767342383089138,0.6723191462312047,1.4788953449300464,0.6925294943083287,0.19133283466067244,0.17005007989491444,0.1963888807812129,hjorth_mobility,hjorth_complexity,2.4589812581083486,0.63939896006326,-37.495994567871094,-245.1171875,145.01953125,-37.59765625,1567.6915671429015,39.59408500196591,1868,eeg_data_level_1.csv,3,TP10,150.0078125,160.00390625
44.11671707474399,6.302388153534856,14.334969385314663,1.8681923865473218,4.084512415511888,13.204716004919884,1.6505895006149855,3.030426843858184,0.5830011013012837,1.3586498091751809,4.09268363153241,0.5115854539415513,0.6539612106545637,0.3706200647092588,0.5144652484422949,7.510710504654792,0.197650276438284,0.41342872356860627,0.05741373530191529,0.1958512166928572,8.854831287611784,0.10062308281377028,0.8502633964393461,0.022030138004142177,0.07832553061594438,1.2342033282486138,0.6074065236742152,0.25130252487868304,0.5406130751995498,0.6922920979035854,hjorth_mobility,hjorth_complexity,2.087480492494857,0.7590005688920348,-37.99095153808594,-67.3828125,5.37109375,-38.0859375,49.8888197762426,7.063201807696181,1868,eeg_data_level_1.csv,4,AF7,160.0078125,170.00390625
42.19217118080454,6.02745302582922,11.359503122202707,3.695523587792844,5.387913155245182,13.121070996083372,1.6401338745104215,3.317296830824563,0.9472124628254819,1.4625628645210051,6.624061892805145,0.8280077366006431,1.6883924991090153,0.3800673990237441,0.6114700799872159,18.633557480076682,0.4903567757914916,0.9121144110809097,0.22940326774260297,0.47657216881899966,28.666992870636108,0.32576128262086484,0.8522806358756766,0.11985888716063187,0.28183838901471037,1.036788211907635,0.465781548233584,0.2714478047224921,0.8566344080187634,1.4048428173714418,hjorth_mobility,hjorth_complexity,2.5960827311323755,0.8305204489369987,-36.59095764160156,-65.4296875,-4.8828125,-36.62109375,61.991461407160386,7.873465654155125,1868,eeg_data_level_1.csv,4,AF8,160.0078125,170.00390625
2256.138676697646,322.3055252425209,576.5265091205282,192.62747383184254,271.5762837913246,551.4508222056886,68.93135277571108,164.48389332102272,24.66896527122279,58.26970340781713,104.35661392506091,13.044576740632614,23.575223219227652,5.519205175462017,12.226584354767597,85.37308583275474,2.2466601534935458,8.321278923075086,0.6866468189936538,1.5211104122839028,306.4899358141904,3.482840179706709,162.9166099600078,0.30087191356618115,0.6608047981486396,1.5222955841758838,0.6073116969839855,0.16872154055582067,0.17862997864248115,0.40454634297238523,hjorth_mobility,hjorth_complexity,3.2462090709559854,0.8746739643642674,-40.0665283203125,-248.53515625,91.796875,-38.57421875,1520.9292899817228,38.99909345076784,1868,eeg_data_level_1.csv,4,TP9,160.0078125,170.00390625
3305.1252754596558,472.1607536370937,904.4569644335388,177.66163387583077,424.7606730015921,759.4413337494309,94.93016671867886,238.16327054620285,39.41027458898239,71.67601719913115,118.16842575369623,14.771053219212028,31.389700807394018,4.019128479326225,14.337048499112143,83.04464372500134,2.1853853611842458,5.879717328367942,0.4174538060271706,1.6747528987363216,68.9850439528856,0.7839209540100637,1.6441974504783918,0.2437750900860999,0.7274620114909174,1.5807849321977543,0.6207432841577165,0.14741984069752664,0.13841997762733857,0.13280957246333638,hjorth_mobility,hjorth_complexity,2.2068914528706225,0.6044726979623509,-37.9180908203125,-254.39453125,138.18359375,-36.1328125,1986.3709341734648,44.56872147788699,1868,eeg_data_level_1.csv,4,TP10,160.0078125,170.00390625
55.04717417622506,7.863882025175009,17.82441108603019,3.2050918497789933,5.451366151271716,16.36323715037248,2.04540464379656,3.234888748924452,0.8555232616054392,1.9663479025226245,5.12824629827681,0.6410307872846013,0.7735186796869485,0.4840976716070695,0.6479160428454066,8.666176437425461,0.2280572746690911,0.5586738301477177,0.07848155685457699,0.21257730230101407,8.281331876574276,0.0941060440519804,0.887123034107439,0.02480537885593055,0.06405514799719332,1.292267115681168,0.6384747291385047,0.26415871976518035,0.530393983530833,0.5645245536030798,hjorth_mobility,hjorth_complexity,2.096325748818988,0.7213412730774442,-38.16070556640625,-70.80078125,1.953125,-38.0859375,49.6292463503778,7.044802790027397,1868,eeg_data_level_1.csv,5,AF7,170.0078125,180.00390625
42.97234518188071,6.138906454554387,9.641431615590406,3.5801126806170416,6.163052385177329,13.403942385473258,1.6754927981841572,3.3694440247987276,0.6564757943812349,1.3023367085214663,5.378164434520611,0.6722705543150764,0.9540886557803697,0.5288082060332459,0.5827056094192022,20.067005062415898,0.5280790805898921,1.1179356081454281,0.25339492934582203,0.4783290555980476,31.216179707530635,0.35472931485830267,0.7346669946130789,0.1710534246196847,0.3165846988029272,1.0319065953495445,0.44928441828958554,0.2276072700723517,0.8825633767337921,1.4755255742868774,hjorth_mobility,hjorth_complexity,3.086994457121632,0.8440004696170111,-36.82842254638672,-66.40625,6.8359375,-37.109375,57.559036613383796,7.5867672043752465,1868,eeg_data_level_1.csv,5,AF8,170.0078125,180.00390625
2146.562164287645,306.65173775537784,488.21199157691404,180.69274098590597,277.75910562101734,583.995873665976,72.999484208247,155.28280013413573,30.03383330703599,60.80368185562469,87.8101017833401,10.976262722917513,21.76713559893297,3.36232130889015,9.346254048504672,76.99054048138291,2.0260668547732346,4.324337076090182,0.6130964429923534,1.7886894556290507,314.52760061373,3.5741772797014773,167.7240710474921,0.28054634059159855,0.771312726586505,1.5086526878783884,0.6512175487372378,0.1492679238416028,0.17084885532265986,0.4254870211892995,hjorth_mobility,hjorth_complexity,3.5292572733281697,0.8859649567760677,-39.19963836669922,-266.11328125,117.1875,-37.59765625,1435.6873056021868,37.890464573586144,1868,eeg_data_level_1.csv,5,TP9,170.0078125,180.00390625
2800.2571094709733,400.0367299244248,672.1384968144224,203.55078248726235,327.2025798253933,623.5617607670307,77.94522009587884,157.5593950903779,35.46202961396431,64.45420868301376,102.37318454711013,12.796648068388766,28.003278729827535,3.845148755430548,8.835554144563776,65.68628390891384,1.7285864186556272,4.8142276315363155,0.3236568694117401,1.2769590915470364,65.47921670543514,0.7440820080163083,1.679269428660147,0.20038308530143512,0.7385242780263064,1.6146625788938107,0.6225787329634074,0.1495714646129014,0.1313424305202102,0.14756524941620286,hjorth_mobility,hjorth_complexity,2.4810943989186756,0.6397719879528465,-37.39490509033203,-265.625,130.859375,-37.109375,1623.0702033135458,40.28734544883226,1868,eeg_data_level_1.csv,5,TP10,170.0078125,180.00390625
10324.965608148468,1474.9950868783526,2994.3749572922948,693.7321142643295,1208.143614850172,3658.6274113324616,457.3284264165577,939.8447455774104,154.62499112436265,346.91482258706657,827.8960772075827,103.48700965094784,158.9355772358241,46.914182516078924,111.86203170041172,1114.7211171026215,29.33476623954267,86.52106425075266,6.769906218076582,20.299270631919605,309.15815189211395,3.5131608169558404,11.060674159404526,0.6538335419133389,2.7334070026972244,1.4037846712237467,0.7474960089281975,0.24563813913555016,0.4025005303617502,0.15085446135044508,hjorth_mobility,hjorth_complexity,1.5833008820194043,0.2507083050584308,-32.3150634765625,-632.32421875,419.921875,-35.15625,7961.135720834136,89.22519667019029,1868,eeg_data_level_1.csv,6,AF7,180.0078125,190.00390625
91.06318984424854,13.009027120606934,16.060168737089857,8.716011058498028,13.107777088909792,53.229377162343496,6.653672145292937,13.92820385015211,2.141478703528536,5.110390029530436,9.326716763408369,1.165839595426046,2.349877136150895,0.4952991625633869,1.0774486402383876,18.90313813625328,0.4974510035856126,0.9157272738844939,0.1797766571991752,0.4565363094605632,21.411005757553504,0.24330688360856254,0.5208950646955331,0.0825903662483405,0.22904505687373727,1.2252425480721039,0.8441612333831573,0.23192785956976786,0.5530743926357494,0.7016543824377475,hjorth_mobility,hjorth_complexity,2.259962990815407,0.739106969143407,-35.78605651855469,-71.2890625,2.9296875,-35.64453125,98.29950853600167,9.914610861551838,1868,eeg_data_level_1.csv,6,AF8,180.0078125,190.00390625
3780.450803366177,540.0644004808825,773.5601153845554,384.1045164906607,504.0213858375507,970.1829751160697,121.2728718895087,237.51592995045243,40.88976336931634,93.14241906131156,130.43715276398203,16.304644095497753,34.06777884695525,8.060526396896721,13.154722773568668,96.11082803888037,2.5292323168126414,7.814561351556579,0.6178877130203377,2.2736833443357582,322.8997374204067,3.6693151979591674,153.73262072614958,0.40668259118645883,0.9981183542703238,1.5836458940640585,0.6470629389267508,0.13724743925817529,0.13377666180770084,0.3132727612797474,hjorth_mobility,hjorth_complexity,2.7774104857770556,0.8182325511798573,-39.61772918701172,-294.921875,93.26171875,-34.66796875,2331.739931796619,48.288093064404805,1868,eeg_data_level_1.csv,6,TP9,180.0078125,190.00390625
4696.988139505534,670.9983056436477,1045.3471184315758,424.6591361505208,599.9440048474422,1063.4126738732432,132.9265842341554,235.1584188698904,42.4724601931946,123.68378569531937,133.13086851681692,16.641358564602115,41.28789778836101,8.819960511638271,13.168009268054597,80.19104619519277,2.110290689347178,8.304912720884065,0.8191836441898078,1.4875098070259432,83.00462603962845,0.9432343868139597,2.964074536688448,0.30983567307508675,0.8341858997936755,1.6308095099976627,0.6233349036173303,0.12193002564684714,0.09884832894297198,0.11434869058678884,hjorth_mobility,hjorth_complexity,1.9592242757949614,0.5998846225087372,-34.94129180908203,-302.734375,154.78515625,-32.71484375,2658.194196956174,51.557678351106674,1868,eeg_data_level_1.csv,6,TP10,180.0078125,190.00390625
106.50138290556488,15.214483272223555,32.81559913087493,5.773657996368328,9.972889520967083,14.780022273260197,1.8475027841575247,3.268662194110132,0.8505112812150935,1.3373240200620717,7.578490421605988,0.9473113027007485,1.6742391528487375,0.5057327468611859,0.9724804861078965,11.981286122235694,0.3152970032167288,0.9885911226123889,0.08653500307024933,0.27595715056255055,9.119143364723813,0.10362662914458878,0.6874897547156674,0.025592125421780083,0.07895387481965821,1.4212186587183129,0.3968751341222699,0.23965994939356405,0.4544736459111683,0.4025105116330838,hjorth_mobility,hjorth_complexity,1.8398133154191962,0.6820398321292431,-37.44544982910156,-81.54296875,11.71875,-38.0859375,88.43627278110944,9.40405618768356,1868,eeg_data_level_1.csv,7,AF7,190.0078125,200.00390625
33.00700438415453,4.7152863405935035,8.057178826570292,2.9830122561080623,4.457484846241579,21.78569949967518,2.7232124374593973,4.967010273490521,0.8589664833858637,2.363572003551395,7.013145097771773,0.8766431372214716,1.1653990760651936,0.3329875691387891,0.916108718623381,21.88942677258298,0.5760375466469205,0.9082441631721755,0.31737029839692965,0.5485612854232684,31.087011351589112,0.35326149263169443,0.6885305086210595,0.13313907162636035,0.3370347569681664,0.8541315970562455,0.6529058503300587,0.27703497811681405,0.9406846728256141,1.452706678716825,hjorth_mobility,hjorth_complexity,2.896821446152821,0.8253539138731276,-36.844825744628906,-62.98828125,-2.44140625,-36.62109375,64.62051791459089,8.038688818121454,1868,eeg_data_level_1.csv,7,AF8,190.0078125,200.00390625
2532.3883053968884,361.7697579138412,650.7241024512678,182.53925380538092,323.07550015231277,610.4392070870708,76.30490088588385,176.16547551719836,21.712512484801678,77.96442664073659,98.84137529235608,12.35517191154451,18.133692258860858,7.64458514974094,11.950341880663487,89.16712362414376,2.346503253266941,7.993080737337714,0.9756483009269942,1.8842303622803267,340.9562625065484,3.8745029830289592,175.1145755906739,0.2660771337332138,0.8134753994687721,1.4972965287942137,0.5953620145144064,0.14669643753840572,0.16871354777969058,0.4108037464109744,hjorth_mobility,hjorth_complexity,3.1046849697698935,0.8693290300387927,-37.5030517578125,-240.72265625,108.3984375,-37.109375,1863.674996420741,43.17030225074572,1868,eeg_data_level_1.csv,7,TP9,190.0078125,200.00390625
3458.5618068343565,494.0802581191938,930.4077034732157,233.62993170044916,436.63485780565327,777.541004718633,97.19262558982912,254.1031391092467,23.065719895197123,92.95322494577914,132.8966211842124,16.61207764802655,31.293387556106275,9.226645820274484,15.388283604503876,79.61935089154338,2.0952460760932468,7.185481629621171,0.5773296455247539,1.629845693715283,64.41381752769979,0.7319751991784067,1.6027547833392828,0.18807427488678077,0.7235841277141877,1.5761765154806076,0.6030409974561267,0.15681212695630392,0.12740312041617272,0.11875712090963975,hjorth_mobility,hjorth_complexity,2.1007483769810533,0.5894625042948494,-36.76891326904297,-261.23046875,122.55859375,-36.1328125,2255.3282213266357,47.4902960753735,1868,eeg_data_level_1.csv,7,TP10,190.0078125,200.00390625
9154.847087229653,1307.8352981756648,1691.8127454216415,731.8413585166559,1527.6693189187065,3108.1219599604105,388.5152449950513,621.194629392179,79.1343567601644,402.4021933728028,520.8571935160272,65.1071491895034,119.7036087868993,31.665358585164913,54.03704239733021,1039.5982185959676,27.357847857788624,86.9915566978042,1.317141068092058,18.963437119835575,264.85991284147826,3.0097717368349803,13.530401214793015,0.16074089382835502,1.9231452797888346,1.4975724018429495,0.7570728048232039,0.19187120891915455,0.4255288786569441,0.14970591997867594,hjorth_mobility,hjorth_complexity,1.5611877412090776,0.30058997777007873,-38.497352600097656,-763.18359375,544.43359375,-38.0859375,6872.080039138382,82.89800986235063,1868,eeg_data_level_1.csv,8,AF7,200.0078125,210.00390625
197.46537399839582,28.209339142627975,42.477629009985314,5.145364547604559,30.532055701107716,82.20678274893257,10.275847843616571,17.803056026716334,3.7635514106684536,9.715581775322338,9.195389219801958,1.1494236524752448,2.0187429468679157,0.5624947642790069,0.9574035490223486,22.640712773808495,0.5958082308896973,1.0358303492178869,0.3317056323360743,0.5874212608140695,35.40596356907672,0.4023404951031445,0.8675086912540182,0.14618867904938213,0.3579592182166936,1.3378909111214303,0.7865725217855533,0.14603666398584017,0.40411308934569456,0.6662737763988669,hjorth_mobility,hjorth_complexity,2.3749513230291064,0.7796585858938724,-36.77043914794922,-88.8671875,20.5078125,-37.109375,148.09235111897578,12.169320076281,1868,eeg_data_level_1.csv,8,AF8,200.0078125,210.00390625
4709.802406402899,672.8289152004141,1131.5271365664405,478.1513810252687,626.5794364533629,1334.8925698071882,166.86157122589853,371.69413101724865,57.72239575885515,127.66630984825079,142.8811755081104,17.8601469385138,30.971560006395666,6.395962106566497,16.933581872862646,101.9506851101845,2.6829127660574867,6.335862214695355,1.2394836553693545,2.2806017430360592,340.22349081887495,3.8661760320326697,169.5870824418888,0.2613301682349156,0.922938651743705,1.5740430436594737,0.6838692949283046,0.12200029370418317,0.11611794585772056,0.2651794356383473,hjorth_mobility,hjorth_complexity,2.7597199731287945,0.7989025283597923,-37.186431884765625,-334.9609375,104.4921875,-33.203125,2931.948960176669,54.147474180950205,1868,eeg_data_level_1.csv,8,TP9,200.0078125,210.00390625
6038.1774555461,862.5967793637285,1518.418897040643,538.961374529947,829.1379486047849,1223.544142256514,152.94301778206426,330.82153350447606,53.8143144553906,119.61801182930145,166.78546415488952,20.84818301936119,38.45328630676855,6.348076837154316,20.459139208214708,98.08313018639087,2.5811350049050232,7.414033479565949,0.8563566224148036,2.165574181541302,88.03570572066761,1.0004057468257683,2.4639351726483625,0.24601482097620853,0.9596519409386928,1.6599006072620741,0.579802400406032,0.12370745578107606,0.09891143832440924,0.09984656912406101,hjorth_mobility,hjorth_complexity,1.9017301096881114,0.5473522381307288,-36.391258239746094,-353.515625,129.8828125,-33.447265625,3328.1847650869167,57.690421779416006,1868,eeg_data_level_1.csv,8,TP10,200.0078125,210.00390625
9402.36360854215,1343.194801220307,2237.1293108435043,379.623133367548,1102.0279657194374,2469.0144110468455,308.6268013808557,663.9073196244773,109.18351028402441,274.2922499095114,1031.8234728924563,128.97793411155703,236.75361559788087,66.1721668997957,121.81110321495538,1138.7666187670056,29.96754259913173,80.72589298707871,7.403764428211929,22.84639241799272,369.49911884405486,4.198853623227897,17.125151294646376,0.6096697384054875,3.3186340768001585,1.4511988243339375,0.627793937290078,0.3275542365690056,0.4660485459987431,0.1999199842278811,hjorth_mobility,hjorth_complexity,1.5258067159125546,0.2751591122495587,-40.093994140625,-659.66796875,506.34765625,-36.62109375,7836.155742406845,88.52206359098756,1868,eeg_data_level_1.csv,9,AF7,210.0078125,220.00390625
102.85116018111488,14.693022883016411,18.508056635979685,10.828259007696365,15.205445407157075,49.38928780940567,6.173660976175709,14.508349864792145,1.9879468399155853,5.068326783878437,10.871622168139412,1.3589527710174265,1.973914302722581,0.5704801000924681,1.3832948734920123,27.068188726123815,0.7123207559506267,1.603757601559035,0.21186774650137982,0.6739543122931388,32.4866322237345,0.36916627526971024,0.8053092800305329,0.08030466843709279,0.3427160545371283,1.2122844508474797,0.7313475607714108,0.23677546799340804,0.6647070288338485,0.8870731446892867,hjorth_mobility,hjorth_complexity,2.556279077673787,0.7764814936700739,-35.210227966308594,-83.0078125,10.7421875,-35.64453125,111.95910305104917,10.581072868620137,1868,eeg_data_level_1.csv,9,AF8,210.0078125,220.00390625
3486.170160892163,498.0243086988804,850.3544668307791,313.26426159289764,476.92710435414836,887.5221391130076,110.94026738912595,296.77222503232065,29.006829590195714,93.47854041156418,117.35284923826788,14.669106154783485,21.454047530823477,7.164005316042294,14.74043265201094,90.31323146340584,2.376663985879101,5.465321706882337,1.0413995003753167,2.020284601473252,335.54430106186135,3.8130034211575152,162.95716345533344,0.4002457798133805,1.0082748514033852,1.5667575908283324,0.6399849200333774,0.13512208439237017,0.13635304823069963,0.3410974205640166,hjorth_mobility,hjorth_complexity,2.8481725363701016,0.8348497289526453,-36.92646026611328,-289.55078125,104.98046875,-33.69140625,2253.528474793711,47.471343722225846,1868,eeg_data_level_1.csv,9,TP9,210.0078125,220.00390625
4097.498403940158,585.356914848594,1060.0264728899706,354.76228702597075,551.0530709135513,1057.5207314465604,132.19009143082005,400.2744317278554,34.162464719669586,106.19206759074694,113.61598629916625,14.201998287395782,23.71434647497407,7.486543662736619,12.37010836548238,76.75143181668825,2.019774521491796,4.269771750718141,0.8926731998247743,1.8242150328155664,104.68277659663585,1.1895770067799527,3.296592085234016,0.29074779682943513,1.1290956130921277,1.607452712345376,0.6579911164410115,0.1203884353805015,0.10796574577419542,0.1568629727585571,hjorth_mobility,hjorth_complexity,2.1493972867637723,0.6198024709630916,-34.349822998046875,-280.76171875,125.48828125,-30.76171875,2493.1990721961483,49.931944406323176,1868,eeg_data_level_1.csv,9,TP10,210.0078125,220.00390625
10574.806964524952,1510.6867092178504,2574.3791472384232,725.3338182675067,1243.6038706636473,2768.8226690085594,346.1028336260699,595.9197642239217,224.1608880512005,286.7075486055174,881.204568012903,110.15057100161287,150.46343801637943,64.16601432056407,123.2785907738598,1005.4268081219753,26.458600213736194,86.50680513796051,5.97033166621243,19.439133334317525,229.90192924929133,2.6125219232874013,8.275092097275397,0.4744605147263351,1.9608269283637982,1.4857684679359329,0.6538355182525621,0.2722701517897683,0.38808033830209254,0.12195212983166777,hjorth_mobility,hjorth_complexity,1.4240862681850508,0.24531982810465783,-39.73884582519531,-544.921875,484.86328125,-39.55078125,7872.234306851169,88.72561246253062,1868,eeg_data_level_1.csv,10,AF7,220.0078125,230.00390625
81.41138388389116,11.630197697698737,15.914636963517289,10.09827818752985,10.376156343450734,40.86226754609693,5.107783443262116,11.912382389435933,1.678545843996102,4.631990750930427,7.715002393825356,0.9643752992281694,1.4905070683743302,0.6513075579716548,0.8867789463568716,27.111750991545918,0.7134671313564716,1.4211034834349574,0.2980400518616692,0.697090374578345,33.800821254208174,0.38410024152509287,0.7682696785075012,0.1554354420376448,0.38453447521618445,1.1468625604718354,0.7059388059170064,0.203433140803872,0.7521894717386363,1.0432460315886976,hjorth_mobility,hjorth_complexity,2.684535294373683,0.8060889693245773,-37.83721923828125,-80.56640625,9.27734375,-38.0859375,100.35669198259711,10.017818723783991,1868,eeg_data_level_1.csv,10,AF8,220.0078125,230.00390625
2393.0809173831713,341.8687024833102,475.0220803369084,151.64195367477814,373.3586274635026,620.1812286585277,77.52265358231597,163.0894067959847,24.501677365083488,71.71601861930421,87.74635941109665,10.968294926387081,19.152369735986397,5.383491576155454,9.00128708256074,75.2088856813988,1.9791812021420736,5.295130894999051,0.905229149602677,1.6681094902694769,335.122476574065,3.80820996106892,172.91047704778924,0.33650781079780984,0.8265004840608483,1.5164850263745888,0.6221466204888586,0.13715087475149496,0.15267589905013138,0.42018577727266787,hjorth_mobility,hjorth_complexity,3.4231141974386006,0.8468417016986398,-41.64924621582031,-259.765625,93.75,-38.57421875,1980.9064628498163,44.507375375883676,1868,eeg_data_level_1.csv,10,TP9,220.0078125,230.00390625
2963.502029277489,423.35743275392696,643.8379070329295,179.77562456896763,439.95644056365927,712.8384406496455,89.10480508120568,218.41280934867058,26.60813570168257,69.84067461521386,95.9730517690268,11.99663147112835,19.83840010442811,6.1219177940642915,11.001846741739962,69.93314760289628,1.8403459895499021,6.250382874530697,0.5391093781458298,1.5629440191946506,78.41260659414405,0.8910523476607278,1.8125679583825804,0.3406010050289874,0.8689948972775269,1.5877595930451436,0.6262945995066882,0.13446850880969144,0.12839941587109363,0.15985825660027117,hjorth_mobility,hjorth_complexity,1.9946053010914844,0.591392217259411,-39.084815979003906,-268.5546875,122.0703125,-37.109375,2204.7709350226796,46.954988393382436,1868,eeg_data_level_1.csv,10,TP10,220.0078125,230.00390625
8478.635321786045,1211.2336173980063,1890.979410327298,517.7758225642195,1303.0037113809767,2517.5449430374797,314.69311787968496,537.1721118124199,137.6894866637991,308.87293077051504,880.9588025664133,110.11985032080166,179.93635192658974,62.67292270715416,98.88193299059725,860.5699305863616,22.646577120693724,77.66743034454777,6.575565582888895,17.991110466238148,204.91330234192355,2.328560253885495,7.458007864585483,0.40144936839806733,1.6839631363202607,1.4666390244332228,0.6887983297458581,0.31386442638658046,0.39842801609062845,0.12981427785566613,hjorth_mobility,hjorth_complexity,1.5169614595884238,0.3127394120149378,-41.17889404296875,-519.53125,437.98828125,-39.55078125,6786.692307796329,82.38138325978952,1868,eeg_data_level_1.csv,11,AF7,230.0078125,240.00390625
89.83141108569541,12.833058726527915,20.913684452277934,7.7655489091575305,10.980004200602918,31.370144548473036,3.9212680685591295,8.205954849598882,0.9842900168489067,2.7734665240527168,7.945026377954632,0.993128297244329,2.0452280253176323,0.4768248696491584,0.8550903282661547,24.122462086025198,0.6348016338427683,0.9083638874121278,0.3710224551887406,0.6115790605279203,33.18176824940533,0.37706554828869693,1.1553562993932545,0.09712438731184005,0.33377265237373915,1.2235849649729236,0.5802309048210552,0.21131718618888065,0.7035647500116059,1.0435935163546852,hjorth_mobility,hjorth_complexity,2.688957922535748,0.7873915115917975,-36.89002990722656,-78.61328125,-1.46484375,-37.109375,106.57304883352481,10.323422341138853,1868,eeg_data_level_1.csv,11,AF8,230.0078125,240.00390625
3127.620616763031,446.8029452518616,614.5874793022654,234.4234707006311,473.8170294927313,699.5807828411605,87.44759785514506,190.77353960154406,22.339374338037377,82.74380450934268,62.06675752531826,7.758344690664782,14.79296387869752,3.0663243201148465,7.143346867102078,68.6911362751177,1.80766148092415,3.516504880676236,0.6923584145686029,1.7741093665633105,315.76905167849276,3.5882846781646904,169.90447485170841,0.23320305562982246,0.6826568872148322,1.6070457909176639,0.5904843029360807,0.08814556005069676,0.12172223744369971,0.33472568844431283,hjorth_mobility,hjorth_complexity,3.224095930145659,0.863340798378732,-38.78746032714844,-352.05078125,94.23828125,-36.1328125,2176.774456020212,46.65591555226638,1868,eeg_data_level_1.csv,11,TP9,230.0078125,240.00390625
3931.499356810653,561.6427652586647,754.4242203207,308.24218958512336,584.5177415760664,714.1938201929927,89.27422752412409,204.85855258021067,23.91597610618099,85.6821910951615,86.846795221936,10.855849402742,19.172815680535077,4.184435859805536,11.369072158479005,59.280830807395354,1.5600218633525094,3.007370763804999,0.8122714544800623,1.3330627637181718,59.47404495104679,0.675841419898259,1.5773971948382939,0.19356517648646648,0.6346773068865974,1.6936915593535682,0.5444780069814348,0.10507418236864263,0.09508670373643496,0.1052908150994096,hjorth_mobility,hjorth_complexity,2.118438889629315,0.5825795426773039,-38.51490020751953,-349.609375,125.48828125,-35.64453125,2424.8355271629407,49.24261901201987,1868,eeg_data_level_1.csv,11,TP10,230.0078125,240.00390625
5814.784717029166,830.6835310041666,1466.4909563229755,331.111938744723,690.4376632511079,1532.2980789662581,191.53725987078226,342.6638098189885,96.50977321175202,183.8799249047873,478.2118102672253,59.77647628340316,87.49746795867203,47.745086719944055,52.78948885138918,569.2877876414906,14.98125756951291,47.44888219347857,4.192694126224889,11.957320629414252,158.79407910904717,1.804478171693718,5.886779072594276,0.5159046498489475,1.4042980753361243,1.4832152867318733,0.65008739462186,0.26989083115254525,0.3997636253614698,0.1492106033938158,hjorth_mobility,hjorth_complexity,1.5700329975332084,0.3001440209121336,-39.897918701171875,-492.1875,468.26171875,-39.55078125,5471.3431833079085,73.96852833001282,1868,eeg_data_level_1.csv,12,AF7,240.0078125,250.00390625
78.59142234764825,11.227346049664035,14.397727934350009,8.404239145494797,10.739162494607106,28.834349132838845,3.6042936416048557,8.587329620109063,1.5895610918769945,3.3077542975053804,9.184865260266708,1.1481081575333385,1.9732128162117277,0.43213181968015735,1.028239635827632,22.33215102414843,0.5876881848460114,1.0574502876924932,0.34431187050185375,0.5504651954699877,33.85565606933565,0.38472336442426874,0.7712265306504739,0.11649547792657095,0.35428671229961894,1.1889915372729198,0.5949564887401517,0.24814294620730903,0.6936753848049544,1.1222098226004045,hjorth_mobility,hjorth_complexity,2.7508747168046637,0.8139881329566332,-36.80553436279297,-74.70703125,8.30078125,-37.59765625,93.37623891042313,9.66313815022962,1868,eeg_data_level_1.csv,12,AF8,240.0078125,250.00390625
2524.0210663315715,360.5744380473674,511.6449370691931,206.02291357631736,382.91006823140157,501.53987501594975,62.69248437699372,174.64288382653436,9.748696158181321,42.0868102176301,51.020307138116934,6.377538392264617,10.434868332519901,3.4269137997256167,5.80724992632882,52.2012774306692,1.3737178271228736,2.4440513162695745,0.6183347136975434,1.34027311913571,316.8767768344396,3.600872464027723,173.5747717519653,0.1509454741498096,0.6602736927886435,1.5980396103683825,0.5224774908838266,0.08966278262560039,0.11446979154729088,0.3872177704680983,hjorth_mobility,hjorth_complexity,3.215250673821528,0.8935298522036617,-39.702606201171875,-267.578125,90.8203125,-36.1328125,1664.2902506282553,40.79571363057956,1868,eeg_data_level_1.csv,12,TP9,240.0078125,250.00390625
3061.177432041794,437.3110617202563,587.1071344800295,265.6843916590237,449.5501686446386,578.1795788185148,72.27244735231434,189.27338146850605,11.774070209206526,50.701412086202204,51.37040064566533,6.421300080708166,9.987704150217276,4.238414415138742,5.645194627508674,53.94600094107939,1.4196316037126155,3.0580635827174043,0.43766159029836554,1.2367582719108894,52.43000796113752,0.5957955450129263,1.4314193530939474,0.23853195627941293,0.5537736418744208,1.6804271346629882,0.5428454612080639,0.08306875464365068,0.10721481731788046,0.11604851586910636,hjorth_mobility,hjorth_complexity,2.0919031206569225,0.6028949382534913,-37.32738494873047,-265.13671875,93.75,-34.66796875,1775.055813450308,42.1314112444659,1868,eeg_data_level_1.csv,12,TP10,240.0078125,250.00390625
6990.7557171746275,998.679388167804,1507.6457561338336,618.2219028744292,833.0848930628267,2709.679320919976,338.709915114997,523.9430689571361,195.42224603352213,289.0133855006301,1090.4648761217486,136.30810951521858,174.9294797290571,79.66287596390498,139.6965478293825,903.8285140761974,23.784960896742035,82.26212508393763,6.5100560470237365,13.699059222361488,191.72103608403984,2.1786481373186346,10.426021159697445,0.3644788847148948,1.6694136048316155,1.4003448397353633,0.7767624532721722,0.3969552480876445,0.43758510140470647,0.1297566991640431,hjorth_mobility,hjorth_complexity,1.5700329975332084,0.27321404561348545,-34.31053161621094,-449.70703125,487.3046875,-39.0625,5346.434020757442,73.1193135960496,1868,eeg_data_level_1.csv,13,AF7,250.0078125,260.00390625
66.80622179330351,9.54374597047193,14.572606045547843,4.477934868266956,8.9922805178924,33.755824917252625,4.219478114656578,9.085057236470968,1.7332054310690492,4.188739342363467,14.791489848019728,1.848936231002466,2.8527327808573686,0.5773266842037658,1.7778569393560373,26.00232789893726,0.6842717868141385,1.3911730457908336,0.36967264998643135,0.6020307072684417,33.799855190430854,0.38408926352762335,0.8879154674342106,0.10901951646071713,0.34984762052501406,1.0629407650424996,0.6772243792742126,0.3664036623319247,0.7887528784680298,1.1272697601552475,hjorth_mobility,hjorth_complexity,2.688957922535748,0.7800331424024008,-37.28199005126953,-87.890625,5.859375,-37.59765625,96.61382700869581,9.829233286919983,1868,eeg_data_level_1.csv,13,AF8,250.0078125,260.00390625
1762.075817491902,251.72511678455743,362.7095556755887,178.03406434790693,200.6276128174949,519.1164253285339,64.88955316606673,141.79754294740064,23.11749029885725,45.4247008102981,74.71263004935014,9.339078756168767,15.792608518115742,3.986968963326358,8.540440210945858,59.86069480125293,1.575281442138235,3.4525797074698072,0.49438481382079086,1.5785037241317519,324.585412732816,3.6884705992365454,173.95973489132527,0.2665457706491595,0.6805842625118497,1.4837625811663804,0.6604915833236054,0.148619028765952,0.15635172686699944,0.4806829788281997,hjorth_mobility,hjorth_complexity,3.343506890521424,0.8774132085100024,-39.266395568847656,-283.69140625,73.2421875,-35.15625,1640.795973034983,40.50673984703018,1868,eeg_data_level_1.csv,13,TP9,250.0078125,260.00390625
2318.5363990152623,331.2194855736089,562.4956344803988,204.62594500550014,265.01259467009504,582.1812607912299,72.77265759890373,167.40892207313917,22.085829888593683,55.82538835567195,76.35503713777149,9.544379642221436,16.012979199977995,4.236823132470097,9.570683970597607,49.05506773047102,1.2909228350123954,3.214311861176581,0.39576147498142156,1.0605098335709833,52.82615020872383,0.6002971614627708,1.0985501657432424,0.22991938637436402,0.6035553585721565,1.5958842219495737,0.6584496032554621,0.13648134456821623,0.11822025444167203,0.14163748458827097,hjorth_mobility,hjorth_complexity,2.47667177075661,0.6178646876319377,-38.00621032714844,-268.06640625,89.84375,-35.64453125,1767.5073583086487,42.041733531202645,1868,eeg_data_level_1.csv,13,TP10,250.0078125,260.00390625
2295.850727051493,327.9786752930704,577.7074663809501,118.1562693534057,303.11254567401124,753.9757366342756,94.24696707928445,103.5966716378235,87.67289806331216,93.70948688563226,810.4843170016292,101.31053962520365,128.0472923257223,59.30211616984369,109.23272976657785,482.37728519807223,12.694139084159795,47.982206361731876,1.6152069457118317,11.204948280159059,135.7219546743948,1.542294939481759,6.464862767604305,0.17654158389895167,1.0230883286140033,1.2470771851305462,0.6318517671138132,0.6617014871185308,0.5818088285097902,0.22410505329261743,hjorth_mobility,hjorth_complexity,1.8530811999053922,0.43688270963491455,-37.4359130859375,-388.18359375,480.95703125,-38.0859375,2015.3806637972593,44.89299125472994,1868,eeg_data_level_1.csv,14,AF7,260.0078125,270.00390625
91.18402033567165,13.026288619381663,18.432281557861327,7.583044807069336,13.268260150988176,47.241326312054625,5.905165789006828,10.441371266928554,2.8090949257570657,4.5401329610026915,9.117835658817182,1.1397294573521477,1.563288953598325,0.597614853891796,1.1367598663562557,27.463055647758697,0.7227119907304921,1.4983030408270852,0.39676005839477796,0.6860457578953589,37.206320224926515,0.42279909346507405,0.9968451161558141,0.17426919059527915,0.3690496488992382,1.1373095567393374,0.7394151880913207,0.21393049112764756,0.6988894487294479,1.027845547348518,hjorth_mobility,hjorth_complexity,2.7376068323184675,0.8086265433562858,-35.72254180908203,-70.80078125,20.01953125,-36.1328125,103.7556357550784,10.186051038311088,1868,eeg_data_level_1.csv,14,AF8,260.0078125,270.00390625
2631.643950830858,375.9491358329797,516.8766678614193,204.265209638012,411.0917844313131,680.0877264147334,85.01096580184168,175.74447801416002,24.014114698267083,59.045377684184274,70.35877384602614,8.794846730753267,13.252526126010485,5.310234133990026,8.004368928455413,61.33370166172259,1.6140447805716471,3.4250075479747673,0.7358434398723037,1.579921866700282,313.4228052669598,3.561622787124543,171.35037444797644,0.21898889321399914,0.6230972488292061,1.5455400911825414,0.624064721943445,0.10858238860597896,0.12069204229949682,0.3590997397875939,hjorth_mobility,hjorth_complexity,3.4098463129524044,0.8643941104164311,-37.378501892089844,-272.4609375,90.33203125,-34.66796875,1799.4177803848288,42.41954479228683,1868,eeg_data_level_1.csv,14,TP9,260.0078125,270.00390625
3610.778559186255,515.8255084551793,778.5122415241656,252.39452321273887,527.9953570837461,752.1758873471382,94.02198591839228,219.52977032277965,24.68934475251161,64.0019156013572,75.79048864212845,9.473811080266056,15.26696907096871,3.0857217272356268,10.92793991926369,53.95858446387996,1.4199627490494726,3.5870763459355945,0.5347058518393637,1.3850071432350388,54.01594145829608,0.6138175165715464,1.1139947131308352,0.2701504795747595,0.5969559910511142,1.6424315793595725,0.5793589558117784,0.09726127484452901,0.09076923134069756,0.10094410375618894,hjorth_mobility,hjorth_complexity,1.9813374166052882,0.5573262593615549,-35.14289855957031,-271.97265625,108.3984375,-33.69140625,2164.074786560377,46.51961722284887,1868,eeg_data_level_1.csv,14,TP10,260.0078125,270.00390625
2922.7073921233005,417.52962744618577,679.4108070173302,238.49703212914432,405.30381255436373,976.030895560878,122.00386194510975,239.447817528978,44.265309990792545,118.29946201056222,193.60405120821176,24.20050640102647,41.213940102739876,13.111930587906645,24.89275668092866,265.15969422457545,6.977886690120407,32.35950300262429,1.114555917550352,3.925085504512685,49.364014511638764,0.5609547103595314,2.394882590318623,0.06643580460388496,0.4258486033756932,1.50427524655864,0.7476124927207757,0.2220428946437448,0.3566432488046036,0.09548976900190494,hjorth_mobility,hjorth_complexity,1.9105753660122422,0.42163945191762514,-38.009071350097656,-441.40625,316.89453125,-38.0859375,2424.169290716236,49.235853711662564,1868,eeg_data_level_1.csv,15,AF7,270.0078125,280.00390625
145.72011102308943,20.817158717584203,35.83793960088937,11.464501832502453,17.914068592927812,43.44661839280243,5.4308272991003035,10.702567656403811,3.5024744054235475,4.680170850784268,14.226971809544203,1.7783714761930254,2.440195862092798,1.0802609332632906,1.6159503387193397,26.029606736605537,0.6849896509633036,1.1299494167332969,0.16347368087624475,0.6908238066633736,35.06055934014607,0.39841544704711446,0.9863258928199029,0.1080909815976198,0.357334878476569,1.3265687713804701,0.6054324536945126,0.2570617388907807,0.5568882223157753,0.814938077560643,hjorth_mobility,hjorth_complexity,2.6535768972392253,0.7816219348583998,-36.75575256347656,-104.4921875,14.16015625,-36.62109375,152.59620719007216,12.352983736331565,1868,eeg_data_level_1.csv,15,AF8,270.0078125,280.00390625
2194.9478875999453,313.56398394284935,420.61606773304237,207.07613897520665,302.5728413509462,552.2345565077221,69.02931956346526,149.60821895300793,23.74007493920421,50.19279823765145,107.74427531139389,13.468034413924237,24.26042968152015,9.291728380716679,12.327575277638026,65.8245338025433,1.7322245737511395,4.003048071318114,0.6083210254259872,1.4249454224395577,325.6846126081928,3.7009615069112822,183.35368769853997,0.1282924358543499,0.5538371478078766,1.5463871487397636,0.6174363528627002,0.17767304984103738,0.1485419369843699,0.41060490717115483,hjorth_mobility,hjorth_complexity,2.9145119588010826,0.868227710412381,-34.17015075683594,-293.9453125,117.1875,-31.25,2065.404786117142,45.44672470175537,1868,eeg_data_level_1.csv,15,TP9,270.0078125,280.00390625
2525.9163689205348,360.8451955600764,523.6890839557163,249.60500389995346,326.1073271103037,536.637064330794,67.07963304134925,137.305457996733,37.010489180768566,49.29993962197716,93.05909370201987,11.632386712752483,24.27450324183075,5.274927599304877,10.860579791588508,57.73089091076052,1.5192339713358032,4.935418523455899,0.5532117316103804,1.4081664501962408,57.3457199408769,0.6516559084190556,1.2582429035988039,0.18999785304188122,0.6424433670762267,1.6613508252091633,0.6084821507441305,0.15496875997534756,0.13050403648334902,0.1454573226759936,hjorth_mobility,hjorth_complexity,2.140552030439642,0.5803410753622456,-38.41209411621094,-285.64453125,127.44140625,-35.64453125,1997.7139098045882,44.69579297657206,1868,eeg_data_level_1.csv,15,TP10,270.0078125,280.00390625
6121.683448310104,874.5262069014434,1304.3693356764447,593.5285246012261,826.3973317799457,1816.3050489486047,227.0381311185756,686.4304810781301,76.05200709770412,133.9838409434089,740.4331175741793,92.55413969677241,126.10753719257016,61.24866458113175,91.63167909958315,580.1385490937255,15.266803923519092,52.812567504011355,3.83192964825461,11.111127545183987,148.44145339931939,1.6868346977195385,7.766930154699646,0.2209093980277039,1.2839843182581983,1.5161141572280097,0.6539281790697152,0.3586402331024417,0.3780229874882705,0.1299460133135541,hjorth_mobility,hjorth_complexity,1.720402355043431,0.3369033542855162,-34.479331970214844,-482.91015625,484.375,-37.59765625,4258.633490790089,65.25820630993537,1868,eeg_data_level_1.csv,16,AF7,280.0078125,290.00390625
102.74357858859811,14.677654084085445,23.41204400292924,8.57502065004667,11.909577942448413,26.405347228861487,3.300668403607686,5.175435075842151,2.0649746423164865,2.909706674995305,9.65517333639925,1.2068966670499062,1.7830183656952308,0.5572450471042618,1.1837151305058813,29.923615551116033,0.7874635671346324,1.5247652266134084,0.36930575557290957,0.7554193213091964,36.96315609172075,0.42003586467864484,1.1233034882153352,0.16872654271697074,0.39089561373380277,1.2486100914314149,0.5049589265489091,0.22959985860053417,0.7706125974657366,1.054642141705311,hjorth_mobility,hjorth_complexity,2.88797618982869,0.8206230386038708,-36.65962219238281,-84.9609375,11.23046875,-36.62109375,101.50485308258794,10.074961691370738,1868,eeg_data_level_1.csv,16,AF8,280.0078125,290.00390625
2204.8252484357604,314.9750354908229,621.8710203905617,175.19482902532883,239.74369568023633,708.2510940101878,88.53138675127347,195.2679976423559,23.071204861840627,80.31447149937037,110.25342697371234,13.781678371714042,25.62508484484997,5.930525735125766,11.566827601312575,78.29708140173125,2.0604495105718748,4.9506309788425185,0.5762726866311977,1.4784323899537788,338.65903893727483,3.8483981697417593,185.22639779616236,0.25939564357229095,0.6764654894093725,1.4375213686252863,0.6837943999958592,0.16872690042496155,0.15968058951914693,0.40774068875869524,hjorth_mobility,hjorth_complexity,3.109107597931959,0.8841457200816826,-41.207313537597656,-271.484375,82.51953125,-39.0625,1630.0999055602006,40.374495731342584,1868,eeg_data_level_1.csv,16,TP9,280.0078125,290.00390625
2864.4937175234436,409.2133882176348,600.8816159118182,228.8824600972051,403.86703789938576,804.2943048195347,100.53678810244183,212.83281163220778,32.4762158073266,97.9228113295137,112.87895628779535,14.109869535974418,25.522259067726303,7.154449054127113,12.13667930085883,70.7001669754336,1.8605307098798316,5.837591256130453,0.6688096954708009,1.6156550938155259,69.20474540911634,0.7864175614672312,2.2404058189510927,0.2532714252359181,0.7342866673422299,1.5799101540323524,0.6947240374329654,0.15442656602021726,0.13052604018863395,0.1444382129811933,hjorth_mobility,hjorth_complexity,2.025563698225942,0.5933267021917187,-35.92872619628906,-282.2265625,92.28515625,-36.1328125,1795.3359310922679,42.37140463912269,1868,eeg_data_level_1.csv,16,TP10,280.0078125,290.00390625
147.74481195927436,21.106401708467764,44.95553208115062,7.495996533219868,14.766329669382177,33.66765177270221,4.208456471587776,9.547900093734642,1.067006648281773,3.4072450971670696,8.770731033562981,1.0963413791953727,1.648171426075882,0.6518833182823418,1.0169091942049744,10.098184508231736,0.2657416975850457,0.7294397407635892,0.08999596187965636,0.20089931632023222,8.222171992737293,0.09343377264474197,0.6781823197017691,0.02204348199090126,0.07780016642281148,1.3826266606512563,0.5369398251590741,0.1947428914671297,0.27955605200513867,0.26153702195237116,hjorth_mobility,hjorth_complexity,1.826545430933,0.6345925858542137,-41.025733947753906,-285.64453125,32.2265625,-40.0390625,348.035423339752,18.655707527181917,1868,eeg_data_level_1.csv,17,AF7,290.0078125,300.00390625
48.03706064705637,6.8624372352937675,9.193397435380595,3.7125108188620453,7.580435383973218,18.19700300747467,2.274625375934334,3.7718061702448673,0.8785030411297869,2.279729209507838,6.982282311115558,0.8727852888894447,1.7138576557379144,0.44409206948318203,0.6088769729452943,27.286421499167876,0.7180637236623125,1.6340568834708271,0.30329804747540345,0.6182298964575078,40.47996678354326,0.45999962254026433,1.4142027141678186,0.11308987224419934,0.40581985321980396,0.9746011724540076,0.4952950929649127,0.2344235098529812,0.9539184732799654,1.5342553365760312,hjorth_mobility,hjorth_complexity,3.0206550346906513,0.8470507124883943,-37.55950927734375,-69.82421875,-2.44140625,-37.59765625,74.42835485562682,8.62718696074374,1868,eeg_data_level_1.csv,17,AF8,290.0078125,300.00390625
2313.881085319833,330.5544407599761,491.0303392184056,193.14380724012,284.45321059594716,662.903085307082,82.86288566338526,222.88739303876335,23.85769012375532,66.53938124858853,103.02364556533394,12.877955695666742,16.729224321675176,7.187409805828957,13.050573829337313,66.76055550882705,1.7568567239165014,4.407423906824833,0.2772848543631278,1.5546479667578899,337.7159396039538,3.8376811318631114,187.09155582776506,0.25972308777372505,0.6723571315178981,1.5008243944993398,0.6531034786240981,0.1599024889771352,0.13801876160529974,0.40199377936930125,hjorth_mobility,hjorth_complexity,3.378887915817947,0.8773982635366795,-40.12584686279297,-269.53125,99.609375,-37.59765625,1701.972459522949,41.254968907065596,1868,eeg_data_level_1.csv,17,TP9,290.0078125,300.00390625
2931.088681486553,418.726954498079,707.6851186048802,207.72054096599734,356.1569475774963,668.3001484947478,83.53751856184347,222.21380557623678,26.686984050572192,67.13076769717011,120.59927793028803,15.074909741286003,21.715392681566115,5.9664567910309545,16.396481131570177,70.69971930414886,1.860518929056549,4.040152055527739,0.7962400636714191,1.5323565696924248,65.95990384146198,0.7495443618347952,1.2027053561127141,0.3442387292341118,0.7375707441357457,1.5781182356764805,0.6085837699626141,0.16505845770563216,0.13276176984886445,0.14004384031217476,hjorth_mobility,hjorth_complexity,2.118438889629315,0.5752229651568238,-39.30625915527344,-253.90625,104.4921875,-36.62109375,1851.8270923232194,43.03286061050577,1868,eeg_data_level_1.csv,17,TP10,290.0078125,300.00390625
276.1850252587337,39.45500360839053,59.616917237493354,21.78351355638683,44.29125766275344,72.8590134457641,9.107376680720513,15.081811503953922,3.652964025128728,8.614328960363409,13.821079896056409,1.727634987007051,2.1227224554246384,1.1214207876174358,1.799493630947144,14.514967407506187,0.3819728265133207,1.5288438541906109,0.06452620474888389,0.3428711698543169,8.396951199738858,0.09541989999703247,0.4658821021068332,0.015548119306024254,0.0835148320942642,1.5671500117936472,0.6844179604134593,0.18931826210998395,0.24633262720257504,0.17396536438874244,hjorth_mobility,hjorth_complexity,1.565610369371143,0.5877319946819355,-39.14299011230469,-117.1875,41.015625,-38.57421875,177.38290465786122,13.318517359596045,1868,eeg_data_level_2.csv,0,AF7,120.0078125,130.00390625
206.08346581963582,29.44049511709083,43.35970073914151,20.17947996787292,26.61316123262114,55.72153777591553,6.965192221989441,13.735582658202587,3.858244970333187,5.99471996429513,9.726685137872547,1.2158356422340684,2.1281768078298775,0.3248167919438958,0.9485390071743893,15.346008950215477,0.40384234079514414,0.9537700156987907,0.15785554420821638,0.3106987844954007,11.221517738994942,0.12751724703403344,0.33112383427975234,0.035723083701130615,0.1156134197048255,1.5290921493852994,0.6582688498124044,0.16771432326602234,0.318347689604854,0.2766874065840939,hjorth_mobility,hjorth_complexity,1.9371111349846344,0.6430209286817554,-38.08002471923828,-86.9140625,49.31640625,-37.59765625,139.56712788058212,11.813853219021393,1868,eeg_data_level_2.csv,0,AF8,120.0078125,130.00390625
1573.1722816143697,224.7388973734814,344.864484910802,107.40321567569215,231.67410088096827,587.7484874180739,73.46856092725923,137.04332704245476,38.17198969789564,63.94128731643284,128.91476225431495,16.11434528178937,34.71815538196094,7.836705129602403,11.874795882248469,110.27142596500497,2.9018796306580255,7.766011141833033,0.8007998554372792,2.465092906754511,361.51833521684205,4.108162900191387,138.4912407708026,0.678902801740058,1.7404578990918318,1.387084898777963,0.7365130626379686,0.22931470567626044,0.2650713335193366,0.6485785876117729,hjorth_mobility,hjorth_complexity,3.109107597931959,0.8593294511630323,-38.202667236328125,-252.9296875,128.41796875,-39.0625,1434.5787180354819,37.875832902201395,1868,eeg_data_level_2.csv,0,TP9,120.0078125,130.00390625
1876.2394106969027,268.03420152812896,416.01505145485385,184.56323689819058,248.3341420125654,660.9155482481399,82.61444353101749,159.18369745208213,38.20152632687766,69.05609239485602,127.96194984414294,15.995243730517867,28.369885032029877,6.550085110113575,13.653012759604776,102.89768753424775,2.707833882480204,11.248907300281335,0.9362257441125826,2.000652335882741,104.05435605744883,1.1824358642891912,2.2695050878372385,0.3310863439419355,1.178926711379427,1.5011879135083506,0.7695642518112283,0.2190274280070132,0.23539946769729508,0.27308561109070295,hjorth_mobility,hjorth_complexity,2.47667177075661,0.6976394467313775,-36.585426330566406,-267.08984375,115.234375,-37.59765625,1502.1956842610962,38.75816925837824,1868,eeg_data_level_2.csv,0,TP10,120.0078125,130.00390625
2830.543057202005,404.3632938860007,550.1491188831557,215.83147983650895,401.70477954765215,849.5221978802922,106.19027473503652,326.751019834291,4.136371050471859,48.65126299281583,1377.1061561961078,172.13826952451348,245.09470681641713,54.532737655979545,189.81298772766257,1887.8447662773062,49.680125428350166,229.88782622744415,0.8233191159849531,41.80245135064418,249.21070134881637,2.8319397880547315,7.632676024977826,0.35615195648833814,1.7335040901956846,1.102942342435006,0.4250557875187859,0.6886324168142259,1.1212839996770287,0.25726217684709207,hjorth_mobility,hjorth_complexity,1.698289214233104,0.3986990659425987,-37.723541259765625,-684.5703125,339.35546875,-37.59765625,2493.0814135586843,49.93076620239954,1868,eeg_data_level_2.csv,1,AF7,130.0078125,140.00390625
105.19239917205995,15.027485596008564,21.944772328084653,9.252738082576016,13.419593173934935,20.84558591217876,2.605698239022345,4.781294059406368,1.0115978441014513,2.675579665067984,8.802469329498042,1.1003086661872552,1.3832621429252847,0.8617601831873745,1.0715112960883322,17.94498252546747,0.47223638224914394,1.2676386623685914,0.15408331618680476,0.35898680689780293,17.405721881761636,0.1977922941109277,0.4004704208136171,0.06352108019174986,0.1845260086405766,1.4160064563020789,0.4728341664991283,0.24615927959543446,0.5706469316560416,0.6447378480336086,hjorth_mobility,hjorth_complexity,2.3174571569222566,0.7416207141283803,-38.09680938720703,-76.66015625,3.41796875,-38.57421875,88.14537253783783,9.38857670458296,1868,eeg_data_level_2.csv,1,AF8,130.0078125,140.00390625
4542.109654465447,648.8728077807782,2119.509599232511,229.25122324544725,329.7630701238723,810.6116170349572,101.32645212936966,173.58473284601752,51.29907690709272,110.10730065680484,256.2519525066355,32.03149406332944,55.93638845113975,11.46406753606167,27.356996010303302,245.73306887235725,6.466659707167296,13.629513192561717,1.86682257255452,5.731261520881432,579.2586358080981,6.582484497819297,150.56023482993393,1.1919588510110368,3.639749657688598,1.2939889019444863,0.47903616477333766,0.19199172238054038,0.23997609542714934,0.5017534905988368,hjorth_mobility,hjorth_complexity,2.211314081032688,0.8455530957471794,-35.695838928222656,-246.09375,344.23828125,-39.55078125,3990.984776428377,63.17424139970639,1868,eeg_data_level_2.csv,1,TP9,130.0078125,140.00390625
2535.930157522356,362.275736788908,648.7982600108705,223.07009741910122,326.0739597330794,664.8578441937448,83.1072305242181,118.77811716007197,29.432030108826716,96.78005885030547,99.71929696648655,12.46491212081082,21.37717802666496,7.5618150858322934,10.941568073945465,103.77305796526734,2.7308699464544035,6.233560825920772,1.3637087913375474,2.775258328544875,225.71543223622348,2.5649480935934488,5.444076495902762,0.7705338285296007,2.4374060591922304,1.5090425458123182,0.6410530083982249,0.14591990420219048,0.19214511082088953,0.420972301622214,hjorth_mobility,hjorth_complexity,2.383796579353237,0.7645822229733747,-37.18414306640625,-238.28125,168.9453125,-36.1328125,2254.6406812034547,47.48305678032381,1868,eeg_data_level_2.csv,1,TP10,130.0078125,140.00390625
21.805886884410487,3.1151266977729266,8.48525387155065,0.7186733758197285,1.0846972122988074,2.836378617843671,0.3545473272304589,0.6385044252853203,0.21481983665547083,0.335837533449327,2.613765515343144,0.326720689417893,0.44732392470123183,0.24606906497180261,0.28464275511537884,7.006004322088694,0.18436853479180773,0.45163333848985093,0.06839184704713051,0.18044077552593818,6.204106649696348,0.07050121192836759,0.2774933699498848,0.015211830406162185,0.058642842005531604,1.1047996118118744,0.3096953633828528,0.29212701512802103,0.8652551862620652,0.8956014356812962,hjorth_mobility,hjorth_complexity,2.167087799412034,0.7757328280843346,-39.48097229003906,-55.6640625,-16.6015625,-39.55078125,23.690953239565715,4.867335332557817,1868,eeg_data_level_2.csv,2,AF7,140.0078125,150.00390625
24.176315974145425,3.453759424877918,9.155639182592864,0.7080018649331546,2.3091543323103747,7.65079867972192,0.95634983496524,1.4229124618678537,0.24119052215052708,0.9680799999529534,4.012401589013693,0.5015501986267116,0.6939005934230974,0.3433317961898019,0.4865468682217946,12.122437096048326,0.31901150252758753,0.6641966759832312,0.1071406366045588,0.31590552373344083,11.188485781033732,0.1271418838753833,0.3759006696257701,0.036336007924500126,0.11283015245266009,0.9913629685902041,0.483852186348146,0.2987641605189103,0.974555068270676,1.058001806403314,hjorth_mobility,hjorth_complexity,2.35283818221878,0.7619775103932593,-38.138389587402344,-60.546875,-14.6484375,-38.330078125,34.223446527903434,5.850080899261431,1868,eeg_data_level_2.csv,2,AF8,140.0078125,150.00390625
1839.5681494539015,262.79544992198595,449.4473479199682,84.1576461750801,248.26487745349212,369.52959553223764,46.191199441529704,72.29233386453296,18.00998983933828,45.24533916073604,88.17387726653327,11.021734658316658,19.5226795497571,5.995958085721406,9.814740694280292,89.06326109396514,2.343770028788556,4.5690586532297734,0.5094473843785383,2.2405808812875914,365.3997755681451,4.15227017691074,164.99041983980254,0.5061730785194622,1.2560818407843928,1.4407047854203934,0.523588001383482,0.16952005652757368,0.21918212983797056,0.5940572328439143,hjorth_mobility,hjorth_complexity,2.9277798432872784,0.905730642684202,-40.09227752685547,-229.98046875,103.515625,-40.52734375,1461.1038000657572,38.224387504128266,1868,eeg_data_level_2.csv,2,TP9,140.0078125,150.00390625
1836.4623184246075,262.3517597749439,424.29368297954176,104.50902507482495,265.3190955557361,433.3637609960371,54.17047012450464,97.28374443003074,23.425655414599696,52.17205371323194,111.11611359967044,13.889514199958805,20.31199943000305,6.02113674794392,14.537805536313066,72.80019538098848,1.9157946152891707,3.68089888035,0.6623989848219686,1.728479612215302,125.83686251176613,1.429964346724615,3.3088087356146034,0.45310291631586275,1.334985608165328,1.5146290910490796,0.6059765009158284,0.21296724936729367,0.19168439454803782,0.34481356509275474,hjorth_mobility,hjorth_complexity,2.812791511073579,0.7608472679599435,-37.76588439941406,-254.8828125,124.51171875,-38.0859375,1284.005504421657,35.8330225409699,1868,eeg_data_level_2.csv,2,TP10,140.0078125,150.00390625
9.1941380564432,1.3134482937776,2.1505049877425257,0.5922292939877075,1.4592456206800957,4.474127895219713,0.5592659869024641,0.9536186955196706,0.14198709643931717,0.45597283260024213,2.5286850356079755,0.31608562945099694,0.3883732286270092,0.1768606479387929,0.34684281081533264,6.020497942481621,0.1584341563810953,0.5220854282742232,0.061702666189680976,0.13197263203384269,7.743828719746962,0.08799805363348821,0.49880615243452325,0.029108147457648163,0.07069408349010131,0.8964184982128233,0.5504619096486725,0.36368370472704276,0.9766835213665606,1.3911658014023556,hjorth_mobility,hjorth_complexity,2.4943622834048718,0.7876683887309749,-39.1876220703125,-52.734375,-22.4609375,-39.0625,17.43416301906109,4.1754236933586855,1868,eeg_data_level_2.csv,3,AF7,150.0078125,160.00390625
13.940456503227834,1.9914937861754047,3.160407468027236,0.902599137177195,1.9894550974624492,8.113153626941926,1.0141442033677408,1.8284546887297692,0.35242664427555626,1.0366730810430291,3.889976799594347,0.4862470999492934,0.5438077490398663,0.39269995258645723,0.49565903031071656,12.498010580817112,0.32889501528466086,0.6173233293384489,0.08848124178739708,0.33895948530333747,10.477072059493977,0.11905763703970429,0.2559574283802682,0.04546842242292889,0.11300060322697009,0.8509276004867512,0.5918270432013676,0.3460539179776376,1.1922677307426899,1.1950527650568277,hjorth_mobility,hjorth_complexity,2.5828148466461793,0.758029151717976,-38.54389190673828,-61.03515625,-22.94921875,-38.57421875,27.847208511957433,5.277045433948568,1868,eeg_data_level_2.csv,3,AF8,150.0078125,160.00390625
2154.483166814273,307.7833095448961,670.4478678241525,142.9786941823894,159.7659183046039,482.5147595260347,60.31434494075434,123.69302360591743,29.883080596496843,51.72910556310667,76.73596572398398,9.591995715497998,18.341470272645324,5.44667907435717,7.8690063977055225,79.05630542640618,2.080429090168584,5.362607044758445,0.5530025689711157,1.9228814212291163,324.5508146745925,3.688077439484006,161.07496821664543,0.27549736071534947,0.9150181525925501,1.4150523796187473,0.5772532770362132,0.1362207611901876,0.17734425423209982,0.46490485651289115,hjorth_mobility,hjorth_complexity,3.1046849697698935,0.8951210024527119,-39.41669464111328,-224.12109375,101.07421875,-39.55078125,1578.849549368897,39.73473983013979,1868,eeg_data_level_2.csv,3,TP9,150.0078125,160.00390625
2382.3008429269594,340.32869184670847,632.9645585952704,176.22276942917614,284.5385840718589,579.5822736649717,72.44778420812146,145.9842510406664,33.69369206995732,55.22795219420567,100.84420548636355,12.605525685795444,23.353649277580057,4.296108247435043,13.106078274507105,86.73125241653705,2.282401379382554,5.563020947572344,0.6878216592661885,1.8814130548498291,79.92756209539117,0.9082677510839905,1.6315963258116621,0.24140524211910364,0.849300582977879,1.5449364442292763,0.645461217950038,0.1653048722689641,0.1859665036291895,0.19599136277940737,hjorth_mobility,hjorth_complexity,2.4678265144324794,0.6510604548397722,-39.9810791015625,-232.91015625,103.02734375,-39.55078125,1612.9452642053366,40.16148981556009,1868,eeg_data_level_2.csv,3,TP10,150.0078125,160.00390625
14987.813895706468,2141.1162708152096,3342.521638500386,588.76418670318,2454.8597158562065,3071.942580990162,383.9928226237702,623.7698384391601,170.96530001311163,371.74201429515074,1015.5970662495569,126.94963328119461,210.0583156895853,46.466961819045444,123.17716842557508,951.2832494508424,25.033769722390588,97.23982091447348,0.9427311433431969,17.50108291405332,205.24475723229455,2.33232678673062,13.886239490597454,0.12867352186597056,1.2790093215831697,1.5731985624122353,0.5845078988482537,0.2475066786746653,0.29449371427709037,0.08621866434453834,hjorth_mobility,hjorth_complexity,1.9238432504984384,0.317157552945458,-45.86067199707031,-837.890625,733.3984375,-39.0625,8618.49828492268,92.83586744853888,1868,eeg_data_level_2.csv,4,AF7,160.0078125,170.00390625
67.46174510496155,9.63739215785165,15.03475609274102,4.605619712111212,10.690717287883114,23.798080536723198,2.9747600670903998,4.22244122777543,1.4628397362370613,3.014536394664023,8.685129496329203,1.0856411870411504,1.9709129799184812,0.37460063232863977,0.9650818020430076,15.074470217828607,0.39669658467970015,0.8024216074994565,0.1543149355783073,0.3457646117736267,13.352802629204184,0.15173639351368393,0.3447450259670328,0.0425212772539261,0.1405226753558491,1.293178468032584,0.6711107406545856,0.30583050142777946,0.6487516579244236,0.6721231318391194,hjorth_mobility,hjorth_complexity,2.2157367091947533,0.7193133030508022,-37.279701232910156,-84.47265625,6.34765625,-37.109375,73.60461135249352,8.579312988374625,1868,eeg_data_level_2.csv,4,AF8,160.0078125,170.00390625
6089.786945908529,869.9695637012184,1891.0766917414585,384.0600727431899,441.29046464636554,858.7246311561364,107.34057889451705,318.47288238140345,32.951630291260656,60.286060814077175,91.19858509522905,11.399823136903631,16.436751338163283,5.022740719159953,10.950996925101819,137.78776010635266,3.625993687009281,7.7216112995958115,1.255528923747085,3.350941016067871,473.04958566176515,5.37556347342915,152.66291463218363,0.8091384689891574,2.618319549563206,1.5186841447035755,0.43049907013012445,0.07421139436835958,0.13158462928754303,0.3648176223067331,hjorth_mobility,hjorth_complexity,2.0830578643327917,0.8622299820966924,-43.35460662841797,-376.46484375,222.65625,-42.48046875,4066.88361948909,63.77212258886394,1868,eeg_data_level_2.csv,4,TP9,160.0078125,170.00390625
3009.4584358177526,429.92263368825036,701.1317597155218,180.69230833212526,413.75084827631696,741.9688653523509,92.74610816904386,208.9458106653013,26.297863074524294,74.664240874734,75.16628561837673,9.395785702297092,15.256497986125087,5.079787088367315,8.274725740880928,104.73035214640196,2.7560618985895253,5.250726162678948,1.471826418819341,2.6315604415253926,196.0509320979849,2.2278515011134647,5.05554689456691,0.8426299428533217,2.0829169863829096,1.5452302334356616,0.6217405149270222,0.10451822786300559,0.17542603636739043,0.33699959057484585,hjorth_mobility,hjorth_complexity,2.4324454891359566,0.7368062986432404,-37.950706481933594,-250.9765625,115.234375,-34.66796875,2052.8374836067087,45.3082496197625,1868,eeg_data_level_2.csv,4,TP10,160.0078125,170.00390625
16606.69812704962,2372.3854467213746,3821.133585960988,818.2032492006692,2610.5098581251495,3493.2016760092106,436.6502095011513,824.6426903470144,192.73051185807594,394.9978763653531,1023.7524341065397,127.96905426331746,213.96752966147082,74.2917032363171,111.63072313672387,1115.1095354442898,29.34498777484973,82.16299310624817,7.98130235619017,22.618872176836547,249.8205197879887,2.8388695430453263,8.895161063507485,0.6212913830055142,2.2287604655540516,1.558387279488259,0.5895020357737378,0.22824271022135564,0.31386920024473364,0.09532607536379654,hjorth_mobility,hjorth_complexity,1.6407950481262543,0.22549547294825395,-37.52460479736328,-658.203125,706.54296875,-38.57421875,11921.57936278818,109.18598519401736,1868,eeg_data_level_2.csv,5,AF7,170.0078125,180.00390625
78.91048065423367,11.272925807747667,22.8038402936876,5.438856875878598,8.274465788190497,32.27089066945296,4.03386133368162,6.623855988253346,1.4682911599419057,3.914396528763485,12.80256412456615,1.6003205155707687,2.407899843546927,0.978181276129754,1.572535238400816,13.93352491414528,0.3666717082669811,1.1955723860341674,0.11380319420019178,0.3240330103068354,11.409894536899504,0.12965789246476708,0.31375297703739313,0.03170598193910043,0.11712381515151432,1.2661650280106087,0.7394987942119444,0.3748980324543284,0.53166044019854,0.5156685247095869,hjorth_mobility,hjorth_complexity,1.9282658786605036,0.679403982715555,-36.798095703125,-74.70703125,9.765625,-36.62109375,71.97964936494827,8.484082116820197,1868,eeg_data_level_2.csv,5,AF8,170.0078125,180.00390625
1762.1387884781789,251.73411263973983,446.82165557584074,130.82175248166394,218.44322755602823,515.1734286405315,64.39667858006644,133.38781344374428,20.897365564949684,55.88408555765011,92.01602188155616,11.50200273519452,27.86801611075247,3.3671077596515175,8.833961996467158,130.46749178985283,3.43335504710139,5.840188439323225,1.6330086021679961,3.4683350661497068,493.71154793576056,5.610358499270006,160.7231646813412,1.3072870231304656,2.7636566498050605,1.3867575815229678,0.6097945284503604,0.1597749474448214,0.2846088899270934,0.8250225777757556,hjorth_mobility,hjorth_complexity,3.4938762480316465,0.9014249115073101,-40.01121520996094,-290.0390625,89.84375,-38.57421875,1501.8775755015668,38.75406527709792,1868,eeg_data_level_2.csv,5,TP9,170.0078125,180.00390625
1734.7468425347429,247.82097750496328,434.0170170579129,117.96236349813898,245.80090961555157,503.0850652111245,62.885633151390564,146.82276990938036,23.3945135983558,50.58610351988093,85.52266931016692,10.690333663770865,23.10990448504721,4.781263093891718,7.3759794461488575,91.7158821191454,2.4135758452406684,5.765978578995909,0.9957187902262176,2.287443471055367,171.881610943816,1.9532001243615456,3.7333337740976313,0.8551125337391207,1.8401793439986665,1.4966622827099683,0.6629697829847858,0.17127957865251794,0.23786747866562985,0.45980070488204233,hjorth_mobility,hjorth_complexity,3.0427681755009783,0.796772817104754,-36.717796325683594,-258.7890625,113.76953125,-35.64453125,1274.997050895763,35.70710084697108,1868,eeg_data_level_2.csv,5,TP10,170.0078125,180.00390625
4708.38186817417,672.6259811677386,1037.5197185038653,237.03511816215217,840.3919924846499,1356.388796935182,169.54859961689775,421.76663400380085,3.2697564717342544,96.23162636837723,454.41736742300554,56.80217092787569,97.35408348240395,23.757058434248506,53.52371519681638,516.4038386058015,13.589574700152673,79.24179858411748,0.19274001828916304,8.40328993844338,102.02523030294029,1.159377617078867,6.354787110559823,0.035935043224321846,0.5989000910394073,1.4794635401406335,0.6239497003623491,0.3002142738223281,0.4153909904862823,0.116944756967959,hjorth_mobility,hjorth_complexity,1.3135205641334164,0.37565244824756777,-31.536102294921875,-677.24609375,497.55859375,-37.109375,4366.568950354122,66.08001929747087,1868,eeg_data_level_2.csv,6,AF7,180.0078125,190.00390625
57.08644820352783,8.155206886218261,14.912058008104301,3.9189661179933983,8.131716015253678,22.16442890610822,2.7705536132635276,6.467294193292082,1.0368516912978705,2.3509323469757906,6.0105185154380205,0.7513148144297526,1.2668358055731068,0.49586573470514506,0.6967300908708693,12.317206550058122,0.32413701447521376,0.6366298201602774,0.08680006974658555,0.29717417596208956,13.05807244640504,0.14838718689096636,0.3074348323233318,0.04803257495376235,0.13483330093256868,1.271097345090301,0.6860639635899536,0.26028796388165865,0.618446103512795,0.7452639054984429,hjorth_mobility,hjorth_complexity,2.0786352361707263,0.7247594193796052,-37.10803985595703,-65.91796875,0.9765625,-37.59765625,71.3878293390735,8.449131868959881,1868,eeg_data_level_2.csv,6,AF8,180.0078125,190.00390625
2355.23426825394,336.46203832199143,709.6550445454925,146.88728485033997,249.92515060657828,401.9422996897426,50.24278746121782,128.97989239373626,11.829462524952618,35.95203519640434,55.94942394931855,6.993677993664819,12.031170997484555,4.218357978293393,6.05596799889415,104.34032774138902,2.745798098457606,5.137167991439875,0.7835975544026907,2.6028745829021047,386.0563287963301,4.387003736321933,146.18621712888006,0.6017325146449201,1.8741811173244332,1.4541765897668786,0.45739952417923896,0.09781309127598992,0.21046789898160695,0.5753668713832234,hjorth_mobility,hjorth_complexity,2.896821446152821,0.8879237234194151,-35.198020935058594,-251.953125,162.59765625,-37.109375,2002.0645358818,44.74443580917967,1868,eeg_data_level_2.csv,6,TP9,180.0078125,190.00390625
1990.9726772612169,284.42466818017385,498.07040332431524,164.7346274573046,236.44479621120047,478.9750879591695,59.87188599489619,159.55330494469433,14.86021875263052,42.40408819454807,67.1503976330415,8.393799704130187,15.946096562719637,4.414327044961912,7.093281099435618,82.30551586453488,2.165934628014076,3.6834860025276117,1.1281551463951975,2.1151838340868006,167.53488300587688,1.9038054887031464,4.387513384927281,0.805611595795223,1.7885170937476973,1.5403395655457643,0.5971053735556828,0.13308225373671856,0.20308833691873446,0.4200893338783593,hjorth_mobility,hjorth_complexity,2.7464520886425983,0.7709122206161201,-36.42005920410156,-268.06640625,115.72265625,-36.1328125,1583.658163290238,39.79520276729644,1868,eeg_data_level_2.csv,6,TP10,180.0078125,190.00390625
11.677214862437145,1.668173551776735,4.972345597454245,0.5604174307797748,1.12828247355867,4.54818620298943,0.5685232753736787,0.7234987002921258,0.37680610852543506,0.5755529034228706,2.4649784973304776,0.3081223121663097,0.4964659288961275,0.18573569282422328,0.29449755471905603,7.019038413066957,0.18471153718597255,0.5271800994741965,0.08508663410539163,0.1475473028749584,7.512321833628424,0.08536729356395936,0.4896311273292637,0.025245158804254073,0.0734518878875338,0.8910008405579017,0.5148729380850683,0.3176807072544213,0.9894925423859386,1.208030409887749,hjorth_mobility,hjorth_complexity,2.3572608103808452,0.7820199012535318,-41.108131408691406,-56.15234375,-22.94921875,-41.50390625,21.4693243833608,4.633500230210505,1868,eeg_data_level_2.csv,7,AF7,190.0078125,200.00390625
49.29309152821891,7.041870218316987,8.516692716053718,5.169413511945643,7.072320803337298,20.15917951702449,2.5198974396280613,4.23976561144349,1.2569618444956183,2.317174150909703,4.898651333296925,0.6123314166621157,0.774858188224739,0.431561712503143,0.601337916149171,12.189035479162117,0.32076409155689783,0.5756200317514135,0.11296642774745659,0.30996239151209487,22.322572459358568,0.25366559612907463,0.8850318862679887,0.06990315510894086,0.21571104857991497,1.1956668052153367,0.6642258523492934,0.22366487554571468,0.6203175064867994,1.1675456573314618,hjorth_mobility,hjorth_complexity,2.7287615759943367,0.8118323387250134,-39.731788635253906,-68.84765625,0.0,-39.55078125,52.756369368580636,7.263357995347651,1868,eeg_data_level_2.csv,7,AF8,190.0078125,200.00390625
1750.48046677564,250.06863811080572,443.23539941627763,121.69869554497762,215.33641006214265,465.69614529401986,58.21201816175248,109.66356216400833,23.99296204774516,51.84572338652342,63.77491789157363,7.971864736446704,11.875589399793713,4.192198128469213,7.958474088067756,67.37525762258001,1.773033095331053,4.0032561473868,0.5872566573558127,1.6354877020863048,351.83477922379643,3.998122491179505,154.67283762157905,0.4485666158989205,1.3339638236387341,1.455890818832441,0.6259190090398393,0.13224158261855629,0.1754732513982786,0.599678447904384,hjorth_mobility,hjorth_complexity,3.3877331721420774,0.9054582459045704,-38.845252990722656,-205.56640625,95.21484375,-39.55078125,1345.6378350019804,36.68293656459336,1868,eeg_data_level_2.csv,7,TP9,190.0078125,200.00390625
1943.7103157477054,277.6729022496722,421.9708047277643,144.93766905602465,273.1301187291499,537.9812238579511,67.24765298224389,134.02461307071974,27.974016800932958,59.572292959557174,74.9864378128511,9.373304726606387,16.41296475253016,4.311032955421016,7.118354982259435,66.93981483121398,1.761574074505631,4.45760029057873,0.888838430401748,1.6240949105383158,108.85539718258813,1.2369931498021378,2.456733142351811,0.5058974620920581,1.2208478495369928,1.538990591086369,0.6776350679362575,0.146245599761572,0.17114690493010887,0.29248124378382756,hjorth_mobility,hjorth_complexity,2.711071063346075,0.722946440932376,-39.798736572265625,-211.42578125,101.07421875,-40.52734375,1376.8862787401304,37.106418295762936,1868,eeg_data_level_2.csv,7,TP10,190.0078125,200.00390625
11.284425207006928,1.6120607438581325,3.694129121479859,1.0287735207572084,1.3279931017598499,4.2072636899149,0.5259079612393625,1.100923862666232,0.22615431453040882,0.485160279231756,2.054113049588561,0.2567641311985701,0.3535523207725795,0.14605791018551992,0.2553445215821253,6.4574695681849645,0.16993340968907802,0.3581130591489056,0.05695166270425551,0.14841105222525214,7.045397432342575,0.08006133445843835,0.46240793652747214,0.023824738836468122,0.06565233891124354,0.9791610546544556,0.5028704497714493,0.2942907902506294,0.9935583957619046,1.2220841270141893,hjorth_mobility,hjorth_complexity,2.4899396552428064,0.7902090683617673,-38.47694396972656,-53.7109375,-20.99609375,-38.57421875,22.881142649566755,4.783423737195645,1868,eeg_data_level_2.csv,8,AF7,200.0078125,210.00390625
141.76349776603598,20.251928252290856,30.985118089876792,13.558516426337086,18.36360844960414,47.365885803331864,5.920735725416483,12.084849387141572,2.6541356812648536,4.5183814859181,5.930293343586319,0.7412866679482899,1.198702158255445,0.38596838792203886,0.6980107513250802,12.477266508788032,0.32834911865231664,0.6132794228359342,0.14066823490093924,0.32527644759333496,16.826234775365236,0.19120721335642313,0.6124921168655044,0.05286060175334633,0.1674413867700415,1.4666226312616797,0.7263964638009521,0.14679656972761607,0.3516642921909512,0.5096000407619691,hjorth_mobility,hjorth_complexity,2.5164754242151988,0.7799381970327223,-37.491798400878906,-77.1484375,38.57421875,-37.59765625,99.72925090551144,9.986453369715969,1868,eeg_data_level_2.csv,8,AF8,200.0078125,210.00390625
2351.343729114639,335.906247016377,540.9791724169155,195.39575353223145,286.24635241095774,584.3100472892904,73.0387559111613,188.51580903410957,21.475491860830378,68.41666085760211,48.24532058682237,6.030665073352797,11.330413468770423,3.80024358249023,5.083702342947097,59.242591317533694,1.5590155609877288,2.6605859047565517,0.46783250738136417,1.6646296460350103,355.810582500257,4.043302073866557,192.64311821259227,0.2460178652098667,0.7833930226470646,1.529183775864472,0.604367317072611,0.08637494374162563,0.12876478686175372,0.4320769042512105,hjorth_mobility,hjorth_complexity,3.1135302260940243,0.897895762519691,-35.1837158203125,-230.95703125,98.14453125,-34.1796875,1758.9010205119848,41.93925393365963,1868,eeg_data_level_2.csv,8,TP9,200.0078125,210.00390625
2905.8761778010225,415.1251682572889,674.7593304169684,234.51963180364817,388.08537865548413,639.0053712430963,79.87567140538704,195.10783492393512,20.822544901117695,71.96476321172425,78.91005713214203,9.863757141517754,21.99375639631604,3.395316452576533,9.741846398006373,56.869842343680375,1.4965747985179045,4.1186559104218565,0.4657503075454239,1.263702850527971,72.55395736355334,0.824476788222197,1.522832251808055,0.3215718636564683,0.7964954710781775,1.6243891183576835,0.6081056061395471,0.11862043864741198,0.11345253873479262,0.1571657603280623,hjorth_mobility,hjorth_complexity,2.2201593373568183,0.6256718567577818,-37.818336486816406,-240.234375,105.95703125,-36.62109375,1943.982214688731,44.090613680110316,1868,eeg_data_level_2.csv,8,TP10,200.0078125,210.00390625
11.994440405535869,1.713491486505124,5.040513142538226,0.4783708610996251,0.9502415971958492,3.9932111800041312,0.4991513975005164,0.6862741835518062,0.13629977564564574,0.5451946981539283,2.856055553974127,0.3570069442467659,0.5520858641454064,0.1645695281812526,0.3411940472443093,6.499908206668985,0.17105021596497327,0.40933982952024617,0.06967199667406664,0.1454553121029829,6.7531881347013,0.07674077425796931,0.6102298296492149,0.019909770490317318,0.06748602339533472,0.9259043519417567,0.482283325025165,0.37495797787567414,0.9840517951908603,1.1551574070691295,hjorth_mobility,hjorth_complexity,2.313034528760191,0.7732343685829985,-38.67454528808594,-55.6640625,-24.4140625,-38.57421875,21.6886329872068,4.657105644840667,1868,eeg_data_level_2.csv,9,AF7,210.0078125,220.00390625
34.48352398028758,4.926217711469654,11.331072544485279,2.285985214343943,3.0457254828470095,7.6768164568320865,0.9596020571040108,1.6501154930781223,0.4326932212661836,0.9017527082810759,4.040948327240109,0.5051185409050136,0.7648714946203657,0.2594651881138701,0.4849886484680408,14.659741524079017,0.38578267168628994,0.794588158164257,0.10963389956802329,0.3671429535518272,18.398900041629176,0.20907840956396792,0.6813634191602778,0.0587315849649602,0.19256903534665215,1.0555541454375956,0.392129232300207,0.23882319964651497,0.9043250783446154,1.257979141995356,hjorth_mobility,hjorth_complexity,2.719916319670206,0.8118259736676575,-37.43610382080078,-64.94140625,-16.6015625,-37.109375,43.048966872447636,6.561171150979651,1868,eeg_data_level_2.csv,9,AF8,210.0078125,220.00390625
2245.3473145933717,320.7639020847674,608.9316406317216,124.08305180220123,293.01178446935836,411.55005625940953,51.44375703242619,100.49153234090107,16.633271349461154,42.54260843917615,60.75970503379417,7.594963129224271,15.693106137721998,3.12512205966672,6.5121781624444575,59.52774436131791,1.5665195884557344,2.9466884997715463,0.5104835727236106,1.534535013136096,339.5237622236948,3.8582245707238045,185.79693398368792,0.19427753947959334,0.6426348659177908,1.5056399345310516,0.5053311672727391,0.1111702627657763,0.13906778225609492,0.43684310870429205,hjorth_mobility,hjorth_complexity,3.3833105439800124,0.9058359670224834,-40.30265808105469,-217.7734375,88.37890625,-38.0859375,1649.956399196526,40.61965533084354,1868,eeg_data_level_2.csv,9,TP9,210.0078125,220.00390625
2683.032666438442,383.2903809197774,718.8162400336931,157.70880447880347,362.79360459589293,528.4412804070025,66.05516005087532,117.98911657541576,25.262757759853017,56.068306251038834,99.74941544372311,12.468676930465389,30.48288868295199,1.8975330806345225,9.210407200231508,65.36198663500724,1.7200522798686115,3.82907683572733,0.4641823109531851,1.5174214039603098,53.34244742752249,0.6061641753127556,1.3400028843448712,0.21708142826662155,0.6069977021932564,1.578854648339243,0.5690509595144634,0.15077925771123118,0.13741473987239863,0.12853941052256135,hjorth_mobility,hjorth_complexity,1.9459563913087652,0.5461330635877084,-37.720298767089844,-214.35546875,95.703125,-36.1328125,1843.9866133485339,42.94166523725569,1868,eeg_data_level_2.csv,9,TP10,210.0078125,220.00390625
18.197670143580496,2.5996671633686423,10.150882524219535,0.40266578291969973,1.077090347158893,4.18365647218799,0.5229570590234988,1.0527461343527447,0.16549772623513737,0.4529200308058991,2.2256094708833305,0.2782011838604163,0.36380865453963734,0.1440512393943285,0.2881796669330442,7.411103651820742,0.1950290434689669,0.5442880749728495,0.06764571902339298,0.1755509232114823,6.952286736630988,0.07900325837080668,0.323202907485247,0.02115257597018618,0.07338633543562806,0.944306579622366,0.41789753486575654,0.2611439488010042,0.9168367025200439,1.0044823116377948,hjorth_mobility,hjorth_complexity,2.1007483769810533,0.7667622792828275,-38.016510009765625,-54.19921875,-20.01953125,-38.0859375,27.575366548262537,5.25122524257554,1868,eeg_data_level_2.csv,10,AF7,220.0078125,230.00390625
48.47560184732921,6.925085978189887,13.247597640765793,3.9980980578463425,5.993149528545972,18.348077278903467,2.2935096598629334,3.9390955653438064,0.70712556438526,2.30313255051462,5.670806649924328,0.708850831240541,1.3952092936453286,0.2867262110310339,0.5995119768330869,13.389218823127766,0.35234786376652016,0.7430093139044175,0.1553435878562476,0.3106754888853229,16.884134761596457,0.1918651677454143,0.578982345936203,0.05390080969571557,0.16429163490041546,1.1916258219382128,0.6243631871031818,0.2567679165085809,0.6971053339228706,0.9661831702500172,hjorth_mobility,hjorth_complexity,2.4810943989186756,0.7967982898640568,-37.206268310546875,-63.96484375,11.71875,-37.59765625,65.52889884915203,8.094992208097054,1868,eeg_data_level_2.csv,10,AF8,220.0078125,230.00390625
1523.1874158820415,217.59820226886308,324.50631863175136,145.64420426456653,221.02520022924423,349.6121594697438,43.701519933717975,99.07317522354433,14.105665321065509,41.033268167697116,50.651770158070555,6.331471269758819,13.976199802784258,3.2546541906592497,5.090639879379189,55.79658333679033,1.4683311404418506,3.1554357022170176,0.6543580728631879,1.3056923163999201,335.0566350135367,3.807461761517463,192.03917577692283,0.18132331853792408,0.4622294943725478,1.5170636552217047,0.5633609898563918,0.12459975949706256,0.1727817031222387,0.5215655882870938,hjorth_mobility,hjorth_complexity,3.4231141974386006,0.9181097999244237,-31.224632263183594,-237.79296875,99.609375,-30.2734375,1355.9619048828608,36.82338801472321,1868,eeg_data_level_2.csv,10,TP9,220.0078125,230.00390625
1706.157984556775,243.73685493668216,414.73880218875314,140.83578079742307,212.39811432088874,389.8006431448228,48.72508039310285,112.82827928878288,19.540981899149436,43.48786588781965,56.19372315815427,7.024215394769284,14.632495520029048,2.5944428282640084,6.427148184846255,55.99450836651937,1.4735396938557728,3.6711994857411074,0.5715325223091832,1.249114288818586,44.762157777642486,0.5086608838368464,1.0012861869883658,0.19045334557101595,0.4854234486820913,1.6049599435815876,0.6190589701342379,0.13733807849726193,0.17447875768037713,0.16148158400745505,hjorth_mobility,hjorth_complexity,1.9636469039570268,0.5605635640312543,-35.043907165527344,-209.47265625,109.375,-36.1328125,1331.249203904008,36.48628788879471,1868,eeg_data_level_2.csv,10,TP10,220.0078125,230.00390625
936.4581959653838,133.7797422807691,205.54763290045116,60.7991236387382,134.02551361422795,236.5214636564358,29.565182957054475,49.45736290139568,15.68911289473385,27.71277751694625,81.99531355314079,10.249414194142599,13.303020298639293,6.011425038229943,10.43016186119259,99.82936984572648,2.6270886801506967,5.974368186500532,0.8131048821250587,2.342013511778586,34.58513890829622,0.3930129421397298,1.0141011179403394,0.10907103966173981,0.3011962043048139,1.4847973682492246,0.6269897463847254,0.2789176336478591,0.426332596083365,0.1920917718313986,hjorth_mobility,hjorth_complexity,2.5607017058358523,0.5958262019157102,-39.62211608886719,-442.3828125,145.01953125,-38.57421875,893.9036504307296,29.898221526216734,1868,eeg_data_level_2.csv,11,AF7,230.0078125,240.00390625
58.9868272511809,8.426689607311557,10.449907752667162,5.560495006739853,9.417818394436049,16.05795364556766,2.0072442056959576,4.32295054639753,0.4848896327781734,1.9442682780262848,3.4705753013911607,0.4338219126738951,0.8637726094000284,0.28843715771065104,0.355444868971803,12.614096797951731,0.33194991573557187,0.7299281515512709,0.1391707502703227,0.30393341171393107,15.725907947879415,0.17870349940772062,0.3910436193699531,0.06302959405263407,0.16868752435087803,1.346907325010673,0.5553462272391504,0.16950787130374123,0.6471617771007899,0.8897059109468438,hjorth_mobility,hjorth_complexity,2.684535294373683,0.7940892246225505,-37.17021942138672,-58.10546875,1.46484375,-37.59765625,53.85607943026116,7.338670140445145,1868,eeg_data_level_2.csv,11,AF8,230.0078125,240.00390625
1979.2637760008015,282.7519680001145,391.03562160151046,160.48074943944536,291.9099123830539,374.7969081301236,46.84961351626545,108.40704899990907,12.86866125304491,38.69824377366618,65.51126321905339,8.188907902381674,12.551372266946187,1.9685534072048965,8.363723648851227,49.58050742780034,1.30475019546843,2.8690420870492375,0.36647943689381335,1.0751560683647412,334.1789192639337,3.7974877189083376,192.51451100115074,0.17975281490020767,0.5088309062287755,1.5716735910470332,0.5068546531341548,0.13143576104740243,0.13114112860807473,0.4530614518060605,hjorth_mobility,hjorth_complexity,3.3523521468455546,0.9244274122024796,-43.401145935058594,-248.53515625,113.76953125,-42.48046875,1498.9893385427422,38.71678368024315,1868,eeg_data_level_2.csv,11,TP9,230.0078125,240.00390625
2162.2976263247333,308.89966090353334,420.8581962805557,167.07227981841356,334.2577624948394,365.6711528450958,45.70889410563697,110.61048866017495,14.171479298186371,33.55992154518391,59.25635671720277,7.407044589650346,11.954011036609106,1.5480894026097174,6.289007537451054,42.55515731619004,1.1198725609523694,2.358160958725974,0.25529635067934503,1.1169633567001636,40.14149886466877,0.4561533961894178,1.026578551792619,0.1354039077524012,0.4356536706040903,1.689195601153344,0.5112402300756012,0.12473528574463771,0.11859790874354678,0.12617603095164254,hjorth_mobility,hjorth_complexity,2.003450557415615,0.5867443216163526,-37.04414367675781,-249.51171875,89.84375,-36.62109375,1323.8326004648115,36.38451044695822,1868,eeg_data_level_2.csv,11,TP10,230.0078125,240.00390625
1283.6408488367265,183.37726411953236,322.234303746663,84.8315440896337,165.5492241236797,320.56747416112944,40.07093427014118,71.32862615781896,21.020348568008878,34.61322180751631,108.23071697772028,13.528839622215035,16.0818184693179,9.401340972027954,13.349621652396872,146.24634063764438,3.8485879115169572,9.954047630529644,1.2414015400436547,3.011958989938981,46.033018197194494,0.5231024795135738,1.4477164776411344,0.13280290085389465,0.3851763248729121,1.4728055787289613,0.6173804117212494,0.2713114565191922,0.44712249882282495,0.1863993147684938,hjorth_mobility,hjorth_complexity,1.9813374166052882,0.5222558804547852,-39.63794708251953,-321.77734375,235.83984375,-38.0859375,997.761396538408,31.587361341815306,1868,eeg_data_level_2.csv,12,AF7,240.0078125,250.00390625
30.560156364094702,4.365736623442101,9.209130547404719,1.4990127509862101,3.2075297630121313,10.733073225790017,1.3416341532237521,2.1391583753661356,0.7926997057690169,1.3098555832029388,5.447955353622648,0.680994419202831,1.2191076119805333,0.3591659204530557,0.5552491588199217,13.31752749654638,0.35046124990911526,0.5471928948248825,0.1827868634153157,0.3352471010167202,17.32229521076295,0.19684426375866987,0.6491879107594574,0.04397411825279559,0.16704390248235945,1.007313773314921,0.5312417450945692,0.3110827361230755,0.8767193577471706,1.2425193956458225,hjorth_mobility,hjorth_complexity,2.5872374748082447,0.7996119382805773,-35.837554931640625,-55.17578125,-14.16015625,-36.1328125,40.67345929797739,6.377574719121477,1868,eeg_data_level_2.csv,12,AF8,240.0078125,250.00390625
1647.7396698914597,235.39138141306566,393.40109837783166,88.52062755353975,263.3415533606497,284.0847617698768,35.5105952212346,76.82319002199723,9.731458644320513,28.054541102119458,49.63696076828414,6.204620096035518,8.999042623184296,4.4134703341575765,5.360942514645727,51.2709223082615,1.3492347975858288,4.877603929178082,0.3545128067387362,1.0627546392046345,307.8621663411477,3.4984337084221333,176.2361891263301,0.20128004681291894,0.4589410420251918,1.4833371313855948,0.45497968268229066,0.11860726838255775,0.15101581717999277,0.46978789879063054,hjorth_mobility,hjorth_complexity,3.312548493386966,0.9449866747282017,-40.117454528808594,-210.44921875,87.890625,-37.109375,1358.9692316236324,36.86419986414506,1868,eeg_data_level_2.csv,12,TP9,240.0078125,250.00390625
1728.1185242685751,246.87407489551074,337.9534141446872,122.08425037661608,262.7048849110237,320.60856171761463,40.07607021470183,87.82798685476206,8.610797859594953,31.54203941862497,54.671785888190335,6.833973236023792,11.416972278073798,3.0118949346276587,5.246791188479858,46.27347297748968,1.2177229730918337,2.9929515328124965,0.4011212203844172,1.0897332507848332,47.559115634721024,0.5404444958491026,1.2014867883357225,0.1952498786264879,0.489996972522299,1.630575966452455,0.5301967768696906,0.13489374250488015,0.1491644455081038,0.170062701484821,hjorth_mobility,hjorth_complexity,2.29534401611193,0.6315617991881682,-36.751747131347656,-205.56640625,94.7265625,-35.15625,1140.0624838643125,33.764811325762096,1868,eeg_data_level_2.csv,12,TP10,240.0078125,250.00390625
12.050761582959616,1.7215373689942308,2.9622674383301204,0.5696991021065991,1.6186966353143133,5.831745163550982,0.7289681454438728,1.8345833869159935,0.4593236329675514,0.582636477990156,2.6755775332435285,0.33444719165544107,0.5395632769846156,0.22295006182029223,0.2950374024896011,6.289804672517861,0.1655211755925753,0.41029428677248164,0.07608854736095645,0.156217255331075,6.844785894097228,0.0777816578874685,0.4472534557163735,0.018580086861001148,0.06606517372868748,0.9918349748577278,0.613562777820744,0.34652507642223174,0.9350502701854758,1.1377922638953835,hjorth_mobility,hjorth_complexity,2.6358863845909637,0.7914548392900781,-37.887001037597656,-53.22265625,-17.578125,-38.0859375,17.840420732682105,4.223792221769687,1868,eeg_data_level_2.csv,13,AF7,250.0078125,260.00390625
32.610881851407626,4.658697407343946,5.9744857102409314,3.9741155339074634,4.285550398628067,18.577924763304722,2.3222405954130902,4.755055159423695,1.3123025297207778,1.8972008092747201,5.30939971726158,0.6636749646576975,1.092196767391047,0.42585998841348593,0.5943662240839519,12.473727445477506,0.3282559854073028,0.5653564875133331,0.1253696918703866,0.32455773209711697,15.356180899498252,0.1745020556761165,0.48203706921456224,0.04301711624679592,0.16030888503429702,1.0835583412153365,0.7477098908847397,0.291938729660133,0.7816567602835632,1.0670904743763066,hjorth_mobility,hjorth_complexity,2.733184204156402,0.7870811980370674,-36.32373809814453,-60.05859375,6.8359375,-36.1328125,42.23711726808688,6.499008945069,1868,eeg_data_level_2.csv,13,AF8,250.0078125,260.00390625
905.2751662492739,129.32502374989627,163.01482356247004,94.20558168465043,142.2070079320148,313.74579166940293,39.21822395867537,83.55923907463239,10.277422609711307,33.612531877093524,37.85758226283308,4.732197782854135,9.338979864275434,1.8563358865793838,3.85569278882482,42.052263504558915,1.1066385132778662,2.6479783993523474,0.3581097401193549,1.0478595234272547,312.42318079964866,3.550263418177826,184.45735683292384,0.12117343383529788,0.33336408102414605,1.3935958170043143,0.6753449462882557,0.13199837290639177,0.1848476522383916,0.6117645040370905,hjorth_mobility,hjorth_complexity,4.219187266610368,0.9714548210717098,-36.914634704589844,-245.1171875,81.54296875,-36.62109375,759.4557289485238,27.558224343170657,1868,eeg_data_level_2.csv,13,TP9,250.0078125,260.00390625
940.3767128114815,134.33953040164022,184.63663702518136,86.38568461250152,135.2395999554202,238.22935679573067,29.778669599466333,65.85646068245234,8.60609577721154,22.177579480889644,44.091041824276694,5.511380228034587,11.769964639571235,1.867613937654519,5.141723368049618,39.07491266659208,1.0282871754366336,2.124111725483655,0.3590005118920796,0.8951100125322531,35.88314048052641,0.4077629600059819,0.9844488542203962,0.14976675621620825,0.3874714792784002,1.5995265872114466,0.6420269608987349,0.17740701159940656,0.20673277977130056,0.21549800991879997,hjorth_mobility,hjorth_complexity,2.229004593680949,0.6495161924270633,-35.252952575683594,-198.73046875,107.91015625,-35.64453125,651.4594508553273,25.523703705679694,1868,eeg_data_level_2.csv,13,TP10,250.0078125,260.00390625
733.9022521735224,104.84317888193176,159.1259647507317,42.92858803725783,98.96179409670022,95.65547700199309,11.956934625249136,21.2498627222992,1.5352402625837025,12.544172575426003,52.89146029483746,6.611432536854682,17.853397800474134,1.6774838520952633,4.200101759065224,47.47275129939783,1.2492829289315217,3.546463258903928,0.09190552522334312,1.0647605258472677,19.566080868002988,0.2223418280454885,0.9369402386717484,0.05369741651653462,0.15550053955167498,1.6267820099609014,0.4153469676719703,0.25788745198444213,0.31798757444094056,0.1663653653833453,hjorth_mobility,hjorth_complexity,2.5518564495117215,0.6054495956090633,-37.001991271972656,-266.6015625,148.92578125,-37.109375,441.68002754304325,21.016184895052746,1868,eeg_data_level_2.csv,14,AF7,260.0078125,270.00390625
50.40914206625436,7.201306009464909,12.369126808005444,4.931157065988557,6.283315457857075,19.081978353739164,2.3852472942173955,5.672180511017625,1.0356660400212143,1.4079306378137146,4.097970415159486,0.5122463018949357,0.7273950598436761,0.36770887852391865,0.48155748891346223,12.606580866696019,0.3317521280709479,0.5923721883833007,0.14808599149909762,0.3056227510583736,14.96763282390737,0.17008673663531104,0.45393922071411297,0.05934540238278829,0.14281148153416495,1.2555526015399285,0.6485081769846419,0.20573943445887236,0.6797856961420745,0.8986730309019818,hjorth_mobility,hjorth_complexity,2.7022258070219443,0.789786124195712,-36.29894256591797,-70.80078125,-4.8828125,-36.1328125,49.30222927214345,7.021554619323519,1868,eeg_data_level_2.csv,14,AF8,260.0078125,270.00390625
3429.1127793950545,489.8732541992935,1054.394970749584,118.60821244069572,436.91815960144794,413.52219709938163,51.690274637422704,127.53148808443646,13.530181834820143,34.77519009486867,61.61863765483782,7.702329706854727,23.47144362933155,1.981102240972791,5.997300432690524,52.42740938965181,1.3796686681487318,2.3240850009472833,0.5179183536342941,1.3627546620943969,350.67224661165875,3.984911893314304,200.78742843586906,0.22408052836748663,0.5407181700001389,1.5926046106509695,0.3954426968165878,0.08532889894604617,0.09597364127822432,0.34256100559708,hjorth_mobility,hjorth_complexity,3.157756507714678,0.9151417883442731,-36.342430114746094,-301.7578125,156.73828125,-33.69140625,3095.16705598071,55.63422558084825,1868,eeg_data_level_2.csv,14,TP9,260.0078125,270.00390625
2003.4416495414366,286.20594993449095,494.99533098999655,120.31889008904858,296.3221701693002,417.6627368248928,52.2078421031116,131.57663368154746,7.954926669705433,31.38207586930092,62.50941668836769,7.813677086045962,24.051501721564726,1.889688835267143,5.876842841587408,39.32029793984837,1.0347446826275888,2.1081092211517802,0.37586849811171236,0.9692581087156638,41.387502499988685,0.4703125284089623,0.9659137386574932,0.1907733442766122,0.4442398416307367,1.6261512332873507,0.5680133402821372,0.13113291723816048,0.11623048449123966,0.1349150731165531,hjorth_mobility,hjorth_complexity,2.144974658601707,0.5815831595010883,-37.25471496582031,-239.2578125,116.69921875,-35.64453125,1279.896421910962,35.775640062910995,1868,eeg_data_level_2.csv,14,TP10,260.0078125,270.00390625
10.89944173670336,1.557063105243337,1.9954206812568396,1.1429442086706811,1.535556128230225,5.6691585916692775,0.7086448239586597,1.0740976836197245,0.36556021169643027,0.6557853090527981,2.236115931461759,0.2795144914327199,0.3872421259894343,0.18353036789845711,0.2739384518602905,6.009936185685939,0.15815621541278788,0.26373199139492587,0.06397336763188527,0.14872573166136277,7.401487918270137,0.08410781725306973,0.31819782955789927,0.027298933654587645,0.07393504558037522,0.9793946471068461,0.6337607758366692,0.31231920382537653,0.9320607409768271,1.2691904686417703,hjorth_mobility,hjorth_complexity,2.4722491425945448,0.781791298526923,-37.57362365722656,-51.7578125,-19.04296875,-37.59765625,20.867753628408536,4.568123644168198,1868,eeg_data_level_2.csv,15,AF7,270.0078125,280.00390625
41.2124506555526,5.887492950793229,10.227998819824514,3.2668016116514824,5.380548066250049,14.468835775213014,1.8086044719016268,3.2401052658968035,0.7570311190410806,1.4791932087801838,4.8046706072028975,0.6005838259003622,0.884547124246831,0.3143688079119065,0.608049431410122,11.312097008223462,0.29768676337430167,0.6633101464489617,0.10691687936357144,0.27960276301083153,14.692539955812094,0.16696068131604652,0.4454880390912477,0.051643994413157514,0.14821889365609506,1.2130652567641578,0.6061906847966269,0.26287467555437927,0.7037831926533684,1.001859081192101,hjorth_mobility,hjorth_complexity,2.5032075397290026,0.7751664744774298,-36.208534240722656,-62.01171875,4.8828125,-36.62109375,52.86125782731688,7.270574793461441,1868,eeg_data_level_2.csv,15,AF8,270.0078125,280.00390625
1358.0875432301607,194.01250617573723,391.6481567221873,51.411015391329656,200.85433392382936,296.2803806907877,37.03504758634846,110.5994242828504,12.359305350899296,24.16000976855591,34.5964681494253,4.324558518678162,5.68242354416463,2.714100934974002,4.854959155570752,50.51548701559557,1.3293549214630414,2.957571918536464,0.5572833478291195,1.2176982019932723,323.44869644574146,3.6755533687016073,184.10002331992823,0.1999484487006847,0.5195378643454718,1.4088202376337848,0.5178783113548125,0.10010379960850807,0.17341191004560874,0.5570739823951631,hjorth_mobility,hjorth_complexity,3.745966053269373,0.9493476942289732,-37.80670166015625,-235.83984375,87.40234375,-37.59765625,1181.65880208835,34.37526439299558,1868,eeg_data_level_2.csv,15,TP9,270.0078125,280.00390625
1407.2514259499171,201.0359179928453,366.42821049788034,70.87981331337954,183.34670164254095,304.4082821547817,38.051035269347715,127.38008040842232,7.244146207870555,26.340166530597266,43.25895230781828,5.407369038477285,11.856514640298164,1.3250033229641822,4.054847852872427,35.66991794553385,0.9386820511982591,2.074486418777987,0.36850416553441534,0.8694222854467739,38.027801402627425,0.43213410684803893,0.7819747147372734,0.13411937464444967,0.4152341323911417,1.573233300135194,0.5686990226695253,0.13020282244952397,0.14306151029831818,0.1689316525261792,hjorth_mobility,hjorth_complexity,2.047676839036269,0.6078116018039335,-35.083961486816406,-231.93359375,77.63671875,-35.15625,1086.0946858520037,32.95595068954928,1868,eeg_data_level_2.csv,15,TP10,270.0078125,280.00390625
1991.908357040285,284.5583367200407,431.1285859526471,98.17983477039293,282.21708964601424,357.01866126692494,44.62733265836562,86.19417805822653,2.245594052719165,44.73653599245269,176.67758951511325,22.084698689389157,65.74682649526301,1.221201308183821,14.331274856136229,251.65172351084644,6.622413776601222,28.100243861475697,0.0880151889454727,4.169999216350403,64.62192795301364,0.734340090375155,3.227962412788619,0.031739675666700835,0.46927089110774767,1.5487922285554538,0.4854819866510936,0.2716963992679145,0.4892618794269732,0.1768080993025301,hjorth_mobility,hjorth_complexity,2.0211410700638766,0.5256197579832868,-39.83478546142578,-425.78125,298.828125,-39.55078125,1046.8740888973116,32.35543368427182,1868,eeg_data_level_2.csv,16,AF7,280.0078125,290.00390625
35.64041295942178,5.091487565631683,7.7869587464736,2.5703431108955734,5.246348609750205,13.913653440563234,1.7392066800704042,3.10381895807387,0.9374025966805806,1.6867012211687888,4.459893423079188,0.5574866778848985,0.7567186475546748,0.17534394361902705,0.6165435721614692,13.965181207901235,0.36750476862897985,0.6702626767822799,0.14395431951566087,0.35820154641482593,16.509390520356092,0.18760671045859195,0.5643063732290317,0.03474175759110479,0.17655718262992082,1.121809829603124,0.6040857957662651,0.2514153859008414,0.8549437240300481,1.1284368556305742,hjorth_mobility,hjorth_complexity,2.4899396552428064,0.7950829401355113,-38.60359191894531,-73.2421875,2.44140625,-39.0625,62.88557648076676,7.930042653149273,1868,eeg_data_level_2.csv,16,AF8,280.0078125,290.00390625
2108.499795864944,301.2142565521349,962.2681298944226,78.02433357826845,143.07037046970112,280.28767398336095,35.03595924792012,67.90280083915636,10.172445445929906,28.97979547385013,45.64913240552462,5.706141550690577,11.894081340006563,2.409256194960947,4.949111577620052,45.369377429568175,1.1939309849886361,3.071536448495436,0.33351742944905083,1.0655408082216398,317.98032974934335,3.61341283806072,177.77347043295242,0.15500313102864993,0.547142843377738,1.344477806269243,0.4057911401843292,0.09564987007807052,0.12015572704878767,0.4430919663124119,hjorth_mobility,hjorth_complexity,3.224095930145659,0.91889132487454,-42.76695251464844,-323.2421875,120.60546875,-40.52734375,2354.8410039802548,48.52670402963975,1868,eeg_data_level_2.csv,16,TP9,280.0078125,290.00390625
1066.0833167858495,152.29761668369278,255.90497388193455,74.35551856619465,116.88283674977453,234.9615446576397,29.370193082204963,63.0540183929999,8.493166597227697,23.621686664125043,37.27200391861724,4.659000489827155,10.493265110466352,1.6766874448216447,3.9371700384659842,39.622959365949406,1.0427094569986686,2.258784987022384,0.4410056200241149,0.9566985682547171,42.07889079880838,0.4781692136228225,1.1425329627456047,0.1645688277415493,0.4684451050197645,1.5953706577497115,0.603156739044848,0.14380751428573718,0.19593898268152912,0.23102757591601547,hjorth_mobility,hjorth_complexity,2.18035568389823,0.6142291127912815,-40.01941680908203,-237.3046875,94.23828125,-38.0859375,1201.26799269201,34.659313217258216,1868,eeg_data_level_2.csv,16,TP10,280.0078125,290.00390625
3235.4888683324416,462.21269547606306,534.7354822343927,408.3663565867276,429.4309682427762,2279.1357646789497,284.8919705848687,615.868682930626,71.38464285550589,198.61305181041286,560.3685526607144,70.0460690825893,90.08851741400332,41.24574991589527,76.38482865669828,1345.673807395481,35.41246861567055,138.9079799045071,4.939564615996144,24.569164063222257,274.1051928060159,3.114831736431999,16.200403736341816,0.17746779442788407,2.2168684547437145,1.1588056572178398,0.8715428072349256,0.3322251807220871,0.8631215274185657,0.2572138695676962,hjorth_mobility,hjorth_complexity,1.9149979941743076,0.3768502270755288,-34.322547912597656,-657.71484375,405.2734375,-37.109375,3916.3954424657277,62.58111090789079,1868,eeg_data_level_2.csv,17,AF7,290.0078125,300.00390625
1142.2769834266987,163.18242620381412,226.0481309400004,103.66948872196133,152.2269151943672,272.06658593262466,34.00832324157808,93.44870657051725,13.15823106190976,21.25461452018393,130.86462405455632,16.35807800681954,21.233877726532956,11.54413498124288,16.189371862595117,100.70957151691736,2.650251882024141,6.680244850405683,0.33916990564702926,2.7143473737006927,44.64851957687163,0.5073695406462685,1.7023440901000024,0.0637290249028296,0.29734731504624534,1.543092151775085,0.5816699042745196,0.3513388849741568,0.36371562273199026,0.20185108413175962,hjorth_mobility,hjorth_complexity,2.273230875301603,0.6312171357305977,-37.007713317871094,-480.46875,127.9296875,-36.62109375,1067.2761153182364,32.669192143642555,1868,eeg_data_level_2.csv,17,AF8,290.0078125,300.00390625
9757.612357084583,1393.9446224406547,4730.80856995829,399.5284303836945,771.2116728604949,813.3853056499865,101.67316320624832,206.2063581646353,34.25385370718071,96.58244757139579,199.23356835210717,24.904196044013396,44.7912431306527,13.409811244062727,19.89569730653544,217.20279375376177,5.715862993520046,22.152775135793494,2.9016130357151066,5.057154975040264,456.8535283508778,5.191517367623612,137.53873770178694,0.6561844158562246,2.5954755332142794,1.333674344689348,0.2888233801565513,0.09325673417098178,0.12594295176306508,0.23560390674712536,hjorth_mobility,hjorth_complexity,1.3798599865643972,0.840857387128014,-42.30175018310547,-797.8515625,220.21484375,-44.921875,8050.680909618677,89.72558670534664,1868,eeg_data_level_2.csv,17,TP9,290.0078125,300.00390625
3494.9995671970028,499.2856524567147,702.9771215523244,351.8035512214865,415.1937907816198,660.4843478431999,82.56054348039999,204.87588131953004,21.392383875001723,68.76161514339357,209.9574088667244,26.24467610834055,50.01359014784235,12.524813260988369,21.301759023880358,141.27974808215598,3.717888107425157,16.530893160040268,0.863118282431357,3.593048238898021,183.992849095449,2.0908278306301025,5.200772552539224,0.6234476946981862,1.737112583262576,1.5902780101557803,0.5143923439440095,0.21577681898630946,0.19883961835462574,0.2833639740818943,hjorth_mobility,hjorth_complexity,2.29534401611193,0.6973924207260263,-35.84918975830078,-560.546875,157.2265625,-33.69140625,2990.180930319184,54.68254685289616,1868,eeg_data_level_2.csv,17,TP10,290.0078125,300.00390625
7.498612777386613,1.0712303967695163,2.7663581616443214,0.5461418092804696,0.8154688655069845,2.4732646366415247,0.3091580795801906,0.5173609466582483,0.10155836458037892,0.30603065442081223,1.8277077656462715,0.22846347070578393,0.32559279839021593,0.1298656950899602,0.23236752843569208,6.124185959846785,0.16116278841702067,0.5378261906575674,0.0487473066408178,0.12976764693761733,7.2069435809399005,0.08189708614704433,0.6219135621733466,0.01636999877276901,0.07162908767407283,0.8284933575435214,0.38894172411514766,0.310775819161774,1.0919120509097533,1.4430557668238935,hjorth_mobility,hjorth_complexity,2.7641426012908594,0.807909565124291,-40.126991271972656,-52.24609375,-27.34375,-40.0390625,15.242955087160226,3.9042227250965365,1868,eeg_data_level_3.csv,0,AF7,120.0078125,130.00390625
46.73506621944574,6.676438031349392,11.348777339552912,2.4049907360238674,5.215461283558072,16.95992386955291,2.1199904836941137,3.5681334705693084,0.9497601211455259,2.262739562190795,5.296897905517463,0.6621122381896829,0.9756080404388867,0.42157194224890593,0.657255241894628,11.57849662716852,0.30469727966232946,0.7243120781624933,0.14432053537347872,0.2654427384327479,13.363418895766612,0.1518570329064388,0.3225859620645426,0.026874952622596437,0.13987137534593794,1.1878242896635776,0.6316412438324489,0.26065271102481224,0.652341685844511,0.8414118194618694,hjorth_mobility,hjorth_complexity,2.379373951191172,0.7584154400561838,-38.43498229980469,-70.80078125,-2.44140625,-38.57421875,53.50930950953625,7.315005776452692,1868,eeg_data_level_3.csv,0,AF8,120.0078125,130.00390625
1595.3221374269654,227.90316248956648,346.4501446235793,123.62295470250508,210.86755372643958,504.3718726852096,63.0464840856512,114.60845278789358,26.891278640609986,51.20879919425404,107.34719253576932,13.418399066971165,22.092002454529638,6.465706072928786,11.799783363429,69.49786135798831,1.8288910883681135,6.299206756054921,0.4750513453553261,1.518975455817844,302.5433420980295,3.437992523841244,164.63938788221333,0.15659803766167693,0.6174610794847013,1.4433597279004027,0.688595587055032,0.209708194407068,0.18508544377831296,0.47764224814539064,hjorth_mobility,hjorth_complexity,3.308125865224901,0.8668643589636751,-41.44401550292969,-245.60546875,102.05078125,-39.55078125,1347.6855574117508,36.710837056811314,1868,eeg_data_level_3.csv,0,TP9,120.0078125,130.00390625
1845.0584250520794,263.57977500743993,438.6924227264851,145.04814604648845,222.9895732955442,553.0862418690101,69.13578023362626,129.9920364554657,27.46627546623334,54.483559844946704,111.28476869314964,13.910596086643706,24.38155829936095,7.246615986712243,13.109192738780337,58.7356880717731,1.5456760018887656,5.629994957641722,0.4675103121979196,1.148002642487816,63.157960131950475,0.7177040924085282,1.4387968401828244,0.21068069126208483,0.685718924279975,1.5411092919183813,0.7166070063610759,0.2120116453236192,0.15653094519819616,0.18937124561346047,hjorth_mobility,hjorth_complexity,2.1847783120602955,0.6256796099491723,-40.16094207763672,-247.55859375,101.07421875,-38.0859375,1341.560995169857,36.627325798778394,1868,eeg_data_level_3.csv,0,TP10,120.0078125,130.00390625
21.1127056079499,3.0161008011357,10.134140101350335,0.6797711498006238,1.3998525551088354,3.2552956499833834,0.4069119562479229,0.7366306288061495,0.24604380378369767,0.3585625809776464,2.619994492748423,0.3274993115935529,0.4630351410745363,0.20514087932779493,0.3394860637446647,7.263040124153727,0.1911326348461507,0.39418884548637906,0.09119149922427126,0.16776908889479938,7.513455802112169,0.08538017956945647,0.6080418500300243,0.025546047685850656,0.06933999931843177,1.0448528340587877,0.3325986486271445,0.28155345480883126,0.8632606249274487,1.003480575737882,hjorth_mobility,hjorth_complexity,2.047676839036269,0.8009488813557162,-39.525604248046875,-57.6171875,-20.99609375,-40.0390625,33.56814326252788,5.793802142162596,1868,eeg_data_level_3.csv,1,AF7,130.0078125,140.00390625
30.40046914308245,4.342924163297493,9.78213875932194,1.224795756339931,3.557271503438175,7.849628727610706,0.9812035909513382,1.6896326709373546,0.5644461137741121,0.9387006816485175,5.622119498135939,0.7027649372669924,1.0090607284132476,0.5685489446881115,0.6541644989731084,13.06599893529219,0.34384207724453136,0.731797393492648,0.10108647996095993,0.3118892443178497,19.425524121952147,0.22074459229491075,0.5083694087001881,0.050241650971250766,0.20888284345893482,0.9971058783204013,0.41600410487059497,0.3229595286782371,0.8554768114462121,1.372826542366262,hjorth_mobility,hjorth_complexity,2.29534401611193,0.8153382996912223,-38.74340057373047,-64.453125,-14.16015625,-39.0625,54.1861791498377,7.36112621477432,1868,eeg_data_level_3.csv,1,AF8,130.0078125,140.00390625
1691.7275233483838,241.67536047834054,436.1579172849524,114.60089329971373,160.39042600031428,498.2400767952582,62.28000959940727,122.73359770433652,24.778419045312912,54.26860361784733,103.36305313232373,12.920381641540466,31.001960005545754,4.1724259333208025,11.174453227402708,70.02967110106759,1.8428860816070418,4.020239343587723,0.4771229576342529,1.7175060737615082,363.69079121610247,4.132849900182983,194.97235056023376,0.25519434912260586,0.7957816430863837,1.4018623973402924,0.6497623118052118,0.19007808369820073,0.18037956354579635,0.5285599708352717,hjorth_mobility,hjorth_complexity,3.24178644279392,0.9368269285047647,-36.28864288330078,-212.890625,97.16796875,-36.1328125,1345.7199802724062,36.68405621346154,1868,eeg_data_level_3.csv,1,TP9,130.0078125,140.00390625
2221.9129750353195,317.41613929075993,617.751474566824,159.09495666245095,196.98429803784202,662.3307009720256,82.7913376215032,166.39675975728642,26.747114647684338,70.2308923651706,125.54244929674222,15.692806162092777,29.376893368913972,6.012052799474854,14.49238663625336,59.99484459897688,1.578811699973076,4.308774820032017,0.6250984439132703,1.4475134105970473,72.03343263639314,0.8185617345044676,1.5893235367897058,0.34210340678623563,0.8106011396145392,1.495803026073969,0.7207449101542007,0.20290068537111572,0.13944631454178824,0.18269086685581515,hjorth_mobility,hjorth_complexity,2.2334272218430145,0.6593653470247423,-37.38975524902344,-232.91015625,122.0703125,-37.59765625,1429.7021458332893,37.811402325664794,1868,eeg_data_level_3.csv,1,TP10,130.0078125,140.00390625
28.815320190127526,4.1164743128753605,10.145069382223518,0.6310220316551356,3.40101440692076,3.5290252671071975,0.4411281583883997,0.6380498205799858,0.2283894165239384,0.4952696371987291,2.858372972458163,0.3572966215572704,0.5435116597368802,0.18734617430448175,0.3479221995505468,6.562197347172924,0.1726894038729717,0.35169501306053363,0.08004267725897013,0.16503942817393422,7.78028841332913,0.08841236833328557,0.503393382344744,0.021382613151289878,0.07429178333272124,1.2131941262152635,0.3099334294425651,0.2612304874390728,0.6870162311031432,0.8982701327331651,hjorth_mobility,hjorth_complexity,2.18035568389823,0.7912910757625984,-42.498016357421875,-58.59375,-18.06640625,-42.48046875,32.22196304704994,5.676439292994328,1868,eeg_data_level_3.csv,2,AF7,140.0078125,150.00390625
53.304974647477316,7.614996378211045,15.398374957542403,2.0054215599560012,5.470533549927928,7.14601624105914,0.8932520301323925,1.5384573058053215,0.6013059925244277,0.8252189178804117,6.378505490707866,0.7973131863384832,1.0072724630573096,0.4334919655860816,0.8557689943176895,11.650442224345314,0.30659058485119245,0.631433895601829,0.11939285736295867,0.3012190533959038,12.697078899511542,0.14428498749444935,0.44968221637048145,0.05823021167448281,0.13400366010632192,1.2589922569559284,0.33539751999285594,0.30735599791621154,0.6693857620206412,0.8232533060284526,hjorth_mobility,hjorth_complexity,2.118438889629315,0.7690006744938308,-41.93916320800781,-61.5234375,-4.8828125,-42.48046875,53.55121669708751,7.317869682980663,1868,eeg_data_level_3.csv,2,AF8,140.0078125,150.00390625
2634.7848183659967,376.3978311951424,713.4230204641713,70.02828279274766,325.46434158053285,1186.6087136030003,148.32608920037504,223.90391015849207,104.27899939101623,134.9695674859764,422.2285480367692,52.77856850459615,103.40581647697132,32.27865389773577,42.88824976437212,299.81945916051944,7.889985767382091,41.73916982139666,1.5067279916439504,3.8867653945563863,396.3882210317443,4.504411602633458,182.78107516663383,0.29481544446107955,1.3981485257272221,1.2261910435972678,0.8156532385203791,0.37301767602903824,0.3539144842528616,0.39633397988758706,hjorth_mobility,hjorth_complexity,2.8481725363701016,0.856690362053539,-46.40216827392578,-263.18359375,361.328125,-48.33984375,2187.536138771975,46.77110367280181,1868,eeg_data_level_3.csv,2,TP9,140.0078125,150.00390625
2734.7517804042295,390.6788257720328,844.2784888860174,70.89434029270771,381.08065532213277,621.3388728517862,77.66735910647327,198.1861519785988,29.849694603108503,47.77097146538318,109.12025034093878,13.640031292617348,22.055427985255807,6.507840271708292,12.950774661586948,89.08250108448391,2.3442763443285237,6.903053475291953,0.34902600906962905,2.134185752511428,98.48649595887815,1.1191647268054334,2.141092209693419,0.43277741676864007,1.0903268548331546,1.4190558735195808,0.6012600102580941,0.160919114366531,0.17141729806318895,0.21161095572248467,hjorth_mobility,hjorth_complexity,2.485517027080741,0.7134515011655147,-40.401458740234375,-230.46875,106.93359375,-41.50390625,1629.9992654239759,40.373249379062564,1868,eeg_data_level_3.csv,2,TP10,140.0078125,150.00390625
6.8367661834945,0.9766808833563572,2.2322300339432193,0.21083097963021538,0.7932012905431207,2.9274036668387464,0.3659254583548433,0.7719083778611148,0.1723048983724605,0.2923276959370919,2.5489506625625022,0.3186188328203128,0.5293749556287167,0.11025286705766774,0.3262722921961445,7.0296080281380675,0.18498968495100176,0.3914392297273752,0.06663344558602569,0.1721789052298723,7.6319703483043195,0.08672693577618545,0.4809816335234795,0.02987186969332843,0.07202130958498854,0.7465009187326869,0.425446359676741,0.38202983923206246,1.18907817023774,1.46747950150392,hjorth_mobility,hjorth_complexity,2.428022860973891,0.797876017743288,-36.394691467285156,-52.734375,-21.484375,-36.1328125,22.365769509633537,4.7292461883088235,1868,eeg_data_level_3.csv,3,AF7,150.0078125,160.00390625
24.030210142415207,3.4328871632021722,4.793100273989683,2.038947998856182,3.5279055789067586,7.845372723038012,0.9806715903797515,1.7871435528741797,0.4951608816659499,0.8885813666608773,4.033700900447789,0.5042126125559736,0.8237192908584758,0.2949593124091737,0.4895154913710267,12.542200155154264,0.33005789881984904,0.6495853705076603,0.1612416910550622,0.31315612378666924,14.758205725093378,0.16770688323969749,0.41625709223916374,0.03149802627173358,0.16353767739599412,1.032726281808953,0.4755298110338604,0.28632274211758657,0.9648904779125757,1.2793008554499559,hjorth_mobility,hjorth_complexity,2.5518564495117215,0.805861570518074,-35.797119140625,-60.05859375,-15.625,-35.64453125,38.97231072187424,6.242780688272994,1868,eeg_data_level_3.csv,3,AF8,150.0078125,160.00390625
1106.6250124528162,158.08928749325946,285.89347162634124,81.9639532196015,133.13764837916426,387.66981475272195,48.45872684409024,80.09420258610317,20.273768309136145,38.84538155415944,75.59944584510365,9.449930730637956,14.703194185433935,2.588972714102239,11.248070039480588,83.88767429900533,2.2075703762896137,3.801553332858937,0.5967925309837417,2.0902594922965827,420.8722058822841,4.782638703207774,194.76950937595686,0.4507073809324079,1.164245739077546,1.2963625783243924,0.6697556381592729,0.18760733844236166,0.2685896097270098,0.7924327936789874,hjorth_mobility,hjorth_complexity,3.7150076561349152,0.9477139406780835,-34.52568054199219,-218.26171875,85.9375,-34.1796875,987.4718832725193,31.424065352409755,1868,eeg_data_level_3.csv,3,TP9,150.0078125,160.00390625
1587.8487503861018,226.8355357694431,414.7845330148535,89.07553002688388,168.61276043070708,492.21313261991577,61.52664157748947,120.69327086456909,29.603712514072086,40.94516006292881,70.83697701642924,8.854622127053656,23.94806406513608,3.3939425089726085,6.802146501446996,77.1900427476333,2.0313169144114025,4.593092179351002,0.3768037083710712,1.8493748655858997,82.65086326671411,0.9392143553035694,1.9871117481710354,0.24301586094737548,0.9025410102332659,1.4823664457718957,0.7266973845706501,0.15953718698839345,0.2255467441816326,0.2707656676913875,hjorth_mobility,hjorth_complexity,2.600505359294441,0.7309161921677145,-35.16387939453125,-218.75,104.98046875,-35.15625,1032.5902490876615,32.13394232097365,1868,eeg_data_level_3.csv,3,TP10,150.0078125,160.00390625
11.878644169940832,1.6969491671344046,4.832166198187687,0.6635349311791363,1.243008758729927,4.559163811504156,0.5698954764380195,0.696745827437009,0.4457496702522654,0.568684038914054,2.5860544472347247,0.3232568059043406,0.5786314918815754,0.14586574294361437,0.2943516039100257,6.418614555460358,0.16891090935421996,0.32128028896779864,0.05849368948971402,0.17330015020602751,6.5117042654104385,0.07399663937966407,0.3856359777907973,0.018662302178758125,0.06392416658108382,0.925174332948921,0.5292619800155179,0.33400008830819927,0.9523041069673125,1.1040570090845105,hjorth_mobility,hjorth_complexity,2.0830578643327917,0.7728603754364294,-38.314056396484375,-52.24609375,-22.94921875,-38.57421875,23.558479151688516,4.853707773618898,1868,eeg_data_level_3.csv,4,AF7,160.0078125,170.00390625
29.103606733016868,4.157658104716695,8.11041299035352,2.246485035924589,3.3012805128719993,12.335231916597063,1.541903989574633,2.491518201870115,0.8326001081235345,1.4342442607156887,4.768912152324586,0.5961140190405733,1.097762621878582,0.3320866946158796,0.4883602677721478,13.310608903020759,0.350279181658441,0.7136708969004799,0.12951098133903544,0.34623495658869785,14.488558701996265,0.16464271252268484,0.3697971846772668,0.034867401479584004,0.15761490892236618,1.0383986398217788,0.5949497230789059,0.2848307863480225,0.8883743183308667,1.1027605071102968,hjorth_mobility,hjorth_complexity,2.259962990815407,0.7891083534590186,-37.05005645751953,-62.98828125,-12.6953125,-37.109375,45.30262373009464,6.730722378028575,1868,eeg_data_level_3.csv,4,AF8,160.0078125,170.00390625
2419.4533724775406,345.6361960682201,587.7118509727002,133.85623882793735,398.39672066869116,415.2137131275231,51.901714140940385,82.90705354274078,23.80196789346338,50.399804289520304,54.67984847007819,6.834981058759774,12.221216220544703,1.770994980215463,6.1530433599584615,86.38642909459381,2.2733270814366793,6.00221475307868,0.7909668188268812,1.797805231258609,395.4485384973198,4.493733392014998,188.7734703883517,0.4918174136343624,1.3032866744821288,1.5067124130313196,0.49552925093209554,0.09554264480390097,0.18095181471302035,0.5312177034155305,hjorth_mobility,hjorth_complexity,3.2550543272801162,0.9169127919934617,-42.50316619873047,-216.30859375,92.7734375,-40.52734375,1672.9009773916914,40.90111217793095,1868,eeg_data_level_3.csv,4,TP9,160.0078125,170.00390625
2224.5586062569214,317.79408660813164,544.70837986119,143.13053278106045,324.27740472905407,479.1760364728402,59.89700455910503,103.1729570290789,28.445971104793436,60.77272731498333,74.20202170615418,9.275252713269273,15.113663995649697,4.085195388248759,9.000044669712697,76.06487114176589,2.0017071353096285,5.214276632006459,0.5334700696721336,1.5674352624016907,107.06158813768002,1.2166089561100002,3.9414924297947462,0.4219764152961132,1.1509448940872329,1.565727735496173,0.6036726428279507,0.1387922812325212,0.17987121515092647,0.2723662794686227,hjorth_mobility,hjorth_complexity,2.8083688829115134,0.7306439099078204,-37.58869171142578,-234.86328125,105.46875,-36.62109375,1346.119692279899,36.68950384346863,1868,eeg_data_level_3.csv,4,TP10,160.0078125,170.00390625
12.413052412208158,1.7732932017440226,5.784496280794348,0.5253096900864395,0.6462472949894585,4.833592870806185,0.6041991088507731,0.7644046855720295,0.44150240566719545,0.5882469856631742,1.9047746665658363,0.23809683332072953,0.40686498402788795,0.14073587250633018,0.19213067820087024,7.158554381021976,0.18838301002689412,0.3846247636487528,0.038887731941460835,0.18507550325745686,6.9133882449245245,0.07856123005596051,0.3472544532557821,0.019122686011930276,0.06842303595552701,0.9039367379924026,0.5518224223415935,0.2643587202123593,1.0359696533827574,1.159382577662058,hjorth_mobility,hjorth_complexity,2.5430111931875907,0.7734122547249024,-39.434242248535156,-54.19921875,-23.4375,-39.55078125,21.871288445254322,4.676674934743094,1868,eeg_data_level_3.csv,5,AF7,170.0078125,180.00390625
23.331398298236586,3.3330568997480836,5.384190851256238,1.7312280609810569,3.1898607392176275,12.31981090498286,1.5399763631228576,2.0113705863810627,1.323190859978992,1.4729668659630186,4.6579680478516945,0.5822460059814618,1.058802151744059,0.3046735066050352,0.6212147150743439,12.363708982415881,0.32536076269515474,0.5089326789178615,0.1155173078792625,0.34512683204327504,15.912954557016871,0.1808290290570099,0.42819663347736764,0.06344666008925398,0.16301946926102334,0.9576216660172693,0.646496276139632,0.30151474355046615,0.9042938309169903,1.2808546923726558,hjorth_mobility,hjorth_complexity,2.662422153563356,0.810463724357405,-38.187599182128906,-62.98828125,-9.27734375,-38.0859375,40.61050971358782,6.372637579023918,1868,eeg_data_level_3.csv,5,AF8,170.0078125,180.00390625
1756.582319174553,250.94033131065044,518.8694088409313,75.45460573075295,248.119566207317,423.9384967028406,52.992312087855076,106.34234516100398,15.326210994884443,48.64558442674979,78.39081841083065,9.798852301353831,25.875302164238608,3.484495337997078,6.756503378721202,86.26843619790195,2.270222005207946,3.870267844159911,0.5936533981738876,2.0506696781235663,380.4781687200708,4.323615553637168,192.57879755504194,0.3793658872660296,0.9699536063909806,1.4208814607095945,0.5746695929414378,0.15142795048391566,0.21693971292882736,0.5728726405078242,hjorth_mobility,hjorth_complexity,2.905666702476952,0.9085509924452032,-31.501007080078125,-206.54296875,104.00390625,-32.2265625,1592.5867011537775,39.90722617714463,1868,eeg_data_level_3.csv,5,TP9,170.0078125,180.00390625
2400.24877861852,342.8926826597886,636.7084970690586,82.46186456176426,330.6467516430528,514.0480015804463,64.25600019755579,133.31861823169655,25.763866627127697,54.76154401547636,93.93075411987228,11.741344264984034,25.32939611169102,3.7092199104230925,10.190069907768551,72.83926185068651,1.916822680281224,5.070104073623384,0.8379153234368446,1.570223687858656,100.3728975630707,1.140601108671258,3.127756149155794,0.4379596690915846,1.031693374719165,1.5372556835179179,0.5934735445141247,0.15674271486048758,0.16290504775015546,0.24148279375135379,hjorth_mobility,hjorth_complexity,2.5607017058358523,0.6968483436484486,-36.45496368408203,-230.46875,118.1640625,-36.62109375,1749.7469350564643,41.829976512741005,1868,eeg_data_level_3.csv,5,TP10,170.0078125,180.00390625
7.223018589158775,1.0318597984512536,1.5036251171156927,0.7768033768405072,0.90401341416308,3.7111086941520357,0.46388858676900446,0.7702552930792466,0.30494138208878974,0.4058799472115054,2.832696249909715,0.3540870312387144,0.543916974201423,0.2375582043521599,0.3283510318665801,7.154134690011331,0.18826670236871923,0.5858910646932154,0.07138137735448416,0.15102690005191183,6.821155629481698,0.07751313215320112,0.3627696063188712,0.03057491573573335,0.06529449699561976,0.8034059513958948,0.5075223710533641,0.4154176206284329,1.1713045456678357,1.3237071984464177,hjorth_mobility,hjorth_complexity,2.6801126662116177,0.7831426554062403,-41.46862030029297,-55.6640625,-27.34375,-41.50390625,17.217884851561394,4.149443920763527,1868,eeg_data_level_3.csv,6,AF7,180.0078125,190.00390625
14.463328181271176,2.0661897401815965,3.334931668429082,1.0458147036510281,1.6956244058040724,9.184296222370293,1.1480370277962866,1.9336746265000775,0.580121739021831,1.042480673358857,3.79891283192014,0.4748641039900175,0.78617050691619,0.30320927299048056,0.4605713224802347,13.40916051063546,0.3528726450167226,0.6619942395714589,0.16674165508116146,0.33539646846966276,17.886458694722812,0.20325521244003195,0.43241125390276197,0.038175656813576174,0.17830833974020255,0.76265281924007,0.5718465334814324,0.2898850758218597,1.0823575803107854,1.5897179320308668,hjorth_mobility,hjorth_complexity,2.9498929840976054,0.8068453664375178,-39.95838165283203,-71.77734375,0.0,-40.0390625,39.28124027879676,6.267474792832976,1868,eeg_data_level_3.csv,6,AF8,180.0078125,190.00390625
3035.528601134915,433.6469430192736,796.1898222552494,166.43758344950828,370.40843909844267,408.1350210391846,51.016877629898076,107.05799872088011,21.48089225967944,37.281948832731615,68.44880535936456,8.55610066992057,13.944213437988463,4.0749806231125865,8.67326054306489,89.13719265201465,2.3457155961056486,6.36051979804362,0.582599904329753,2.0192416106099254,364.9855919118895,4.14756354445329,195.60355345986687,0.1323546391955419,0.8202746018207789,1.5284642014078393,0.42058206645103147,0.10088892036271793,0.15830848814211013,0.3933894109590038,hjorth_mobility,hjorth_complexity,3.2683222117663124,0.9124385368996987,-47.858428955078125,-303.7109375,87.890625,-42.48046875,2025.6820594659075,45.007577800476085,1868,eeg_data_level_3.csv,6,TP9,180.0078125,190.00390625
1846.367104939284,263.76672927704055,501.5549682061828,114.6137550439315,219.11868276405,454.5391755205866,56.81739694007332,115.62372696861333,21.496973503007244,42.26076936724064,71.33812917424414,8.917266146780518,16.574715493893663,3.812123730997722,8.276559076533273,70.89797970930181,1.8657363081395213,5.438576506692964,0.5419241859752785,1.5264357444825953,77.10341357728558,0.8761751542873362,1.6930385854329353,0.25284589570952526,0.8733869916031517,1.547006983522199,0.6536364230154748,0.15462948918268382,0.19548367260252894,0.2388077691255603,hjorth_mobility,hjorth_complexity,2.4412907454600874,0.6931627709302558,-41.94908142089844,-223.6328125,98.14453125,-40.52734375,1142.919068079209,33.807086063120096,1868,eeg_data_level_3.csv,6,TP10,180.0078125,190.00390625
6.690644513352027,0.9558063590502897,2.2993702263913365,0.5136775489269845,0.6856665033782134,4.5644712002938945,0.5705589000367368,0.7563266625637161,0.271874531158793,0.6315559482499877,2.675187543033693,0.3343984428792116,0.44515774742512776,0.09712430432193125,0.3567951953889903,6.691748925647401,0.1760986559380895,0.3712567113119618,0.07944713566916292,0.1543656339042559,8.120566435037608,0.09227916403451827,0.44492348834032874,0.02500253369069679,0.08302092099753008,0.7092275192470356,0.5762115165665123,0.3815932512323249,1.0831651333323562,1.4611076278063544,hjorth_mobility,hjorth_complexity,2.627041128266833,0.7988774846908826,-39.07012939453125,-55.17578125,-25.87890625,-39.0625,17.785036470741034,4.217230900809326,1868,eeg_data_level_3.csv,7,AF7,190.0078125,200.00390625
31.264877808900327,4.4664111155571895,7.028094758845404,2.2375958186063722,4.654190619992605,12.19188076531514,1.5239850956643926,2.4948220750073027,0.5309417849666139,1.576564391266883,5.471356816648369,0.6839196020810461,1.1364541670042407,0.40464927233610987,0.6482397537256231,14.776072853296078,0.38884402245516,0.7289507063607017,0.1607283394814831,0.38445618443709917,18.82134015166084,0.2138788653597823,0.4713473761715527,0.056462439939715635,0.20998315799008999,1.0349886666441974,0.546111918574181,0.299701095612723,0.9029875958027016,1.2726592696445347,hjorth_mobility,hjorth_complexity,2.8393272800459712,0.795758202338582,-38.144874572753906,-75.68359375,-5.859375,-38.0859375,51.32627698912984,7.1642359668795,1868,eeg_data_level_3.csv,7,AF8,190.0078125,200.00390625
1275.6498491621148,182.23569273744496,324.1813166770032,67.0349838499144,163.1293983737222,349.81589761588236,43.726987201985295,100.05468283887916,15.299712267446353,34.63615296859395,67.55083450160019,8.443854312700024,16.309219989296892,3.5904585013714287,7.616628837305672,85.06970782897731,2.2386765218151923,4.149646489960075,1.00289537514235,2.1405937928836627,414.6859518037531,4.712340361406285,210.51365789331976,0.4237562146324994,1.114178267401348,1.346003240375509,0.5878129667810622,0.1658462531512087,0.26154494710358706,0.7301051371755205,hjorth_mobility,hjorth_complexity,3.9538295768864455,0.952812547310277,-39.937400817871094,-207.51953125,74.21875,-38.57421875,975.9677599868155,31.240482710528266,1868,eeg_data_level_3.csv,7,TP9,190.0078125,200.00390625
1794.6767974628472,256.3823996375496,429.2586870288765,70.72526294079039,184.07567012876507,429.1059657217121,53.63824571521401,135.08988341836482,18.093909108291886,39.01296772739107,63.752279278936655,7.969034909867082,14.586457626153962,3.8630272337744276,7.813407784334009,58.85921240367887,1.5489266422020755,3.675204782645886,0.6052179635449731,1.4755461861494177,68.12586749939814,0.7741575852204334,1.5509494972737115,0.2880072153996591,0.756343585995574,1.51842807359953,0.6344245888571451,0.14638121139472204,0.17437996145329057,0.22178789968186796,hjorth_mobility,hjorth_complexity,2.7641426012908594,0.708553022056557,-37.44926452636719,-230.95703125,100.5859375,-36.1328125,1057.041954336455,32.512181629913044,1868,eeg_data_level_3.csv,7,TP10,190.0078125,200.00390625
13.883769132299587,1.9833955903285125,5.687151032966203,0.5816038546926835,1.4048749945560246,4.617263554437856,0.577157944304732,1.059018604575459,0.3624000669855334,0.5222155844941869,2.171510225823346,0.27143877822791823,0.44382206760246495,0.12868533433344248,0.26430020077239974,8.287589773711248,0.21809446772924337,0.556627256540031,0.08209771545545691,0.18970914875595152,7.032898609599251,0.07991930238180968,0.3424981046594545,0.024755123499164984,0.06860875332440991,0.9621094779880925,0.49141065800831996,0.27264386237972094,1.0758219715417576,1.0912044682860769,hjorth_mobility,hjorth_complexity,1.919420622336373,0.7541997526279911,-37.34397888183594,-53.7109375,-19.04296875,-37.59765625,34.62443346506916,5.88425300824745,1868,eeg_data_level_3.csv,8,AF7,200.0078125,210.00390625
31.35240898310208,4.478915569014583,10.092855043069855,1.3856764725524875,3.499601020465663,9.638290115820254,1.2047862644775318,2.216340142701682,0.7162824243912609,1.0886553414816227,4.805471767379548,0.6006839709224435,0.8688822225066247,0.323011035331197,0.5637117745870333,12.95110397689169,0.340818525707676,0.702770252142154,0.1491017396330069,0.324151245575067,14.70049453610702,0.1670510742739434,0.4933639745920834,0.03945155363832391,0.1491879727228709,1.041963021248058,0.4973975050434001,0.2908702497321821,0.872996478888338,1.1113247488909312,hjorth_mobility,hjorth_complexity,2.2422724781671453,0.782527831236676,-36.29264831542969,-56.15234375,0.9765625,-36.62109375,53.502217488130555,7.314521001961137,1868,eeg_data_level_3.csv,8,AF8,200.0078125,210.00390625
572.3313637535886,81.76162339336979,133.35140836845642,28.44391275964022,83.47274856077344,204.66953534409402,25.583691918011752,49.085842302398014,10.247010079165241,19.501725021116272,51.363541783577446,6.420442722947181,15.295674567445445,3.145137225035519,5.175138491310332,77.02289811131118,2.0269183713502943,4.906906140744853,0.794612703176457,1.7453822714815213,386.31569499608946,4.389951079501016,188.1029657159672,0.3796962573847877,1.078235709647605,1.1452416991162158,0.5801218373428796,0.19899514257136505,0.36773787441116274,1.038175060961486,hjorth_mobility,hjorth_complexity,3.546947785976431,0.9456147279837278,-38.611602783203125,-211.42578125,88.37890625,-38.0859375,858.3583863219246,29.297753946709374,1868,eeg_data_level_3.csv,8,TP9,200.0078125,210.00390625
667.4715373500311,95.35307676429015,170.47190605638016,24.32068715893606,104.77418866550862,222.17117390551988,27.771396738189985,63.12114006889624,14.85800483670375,16.85492590538539,46.38985569274336,5.79873196159292,13.479070867064358,2.7850624738537997,4.03721653131874,63.639371405162024,1.6747203001358428,3.7828232163796063,0.7585766693207107,1.565876745021367,88.24642346926098,1.0028002666961475,2.1255205208379913,0.3827572520501575,0.9602246406189783,1.3630671738145932,0.6899177736944737,0.2089872466360876,0.3598881719007704,0.5397603095561723,hjorth_mobility,hjorth_complexity,2.498784911566937,0.7406978532151018,-36.144256591796875,-229.98046875,88.37890625,-34.66796875,812.3927371343598,28.502504050247232,1868,eeg_data_level_3.csv,8,TP10,200.0078125,210.00390625
8.512201143677197,1.2160287348110281,3.0180218283947258,0.6372774974437572,0.8926637133593291,4.191015141924661,0.5238768927405826,0.8936379781148673,0.2471642862973904,0.49594790081844875,2.011507281317309,0.2514384101646636,0.2929683108357938,0.19396392403416815,0.2613811219619018,6.936788976731583,0.18254707833504166,0.44116311389869023,0.06378858318748848,0.1782204852686586,7.57994532151756,0.08613574228997227,0.49825960622131504,0.02635213955552646,0.07277923787194697,0.8298400023455219,0.5261287195701092,0.3046173277558492,1.1029818350513023,1.359924266874914,hjorth_mobility,hjorth_complexity,2.600505359294441,0.802193966999047,-36.32965087890625,-50.29296875,-21.484375,-36.1328125,18.94030487164855,4.352046055782102,1868,eeg_data_level_3.csv,9,AF7,210.0078125,220.00390625
47.07065266521372,6.724378952173389,13.676199432978242,2.4191113304976968,4.6842296706390325,15.83863605129964,1.979829506412455,3.0474269984081115,1.3668587757731474,1.9305221423866321,6.487647288338392,0.810955911042299,1.3021335165673242,0.45543132455631025,0.7417352915443739,16.127737097701264,0.42441413415003326,1.1444120604253025,0.09752328415669137,0.40576374019969497,19.336955466480106,0.2197381303009103,0.44357217692948875,0.07983401253525974,0.20195867614993518,1.1002857906203671,0.5674729434936492,0.2819728791599986,0.7873631888458958,1.06571062588999,hjorth_mobility,hjorth_complexity,2.6358863845909637,0.8010136500111156,-35.276031494140625,-67.87109375,-4.39453125,-35.15625,56.79707450326532,7.536383383511306,1868,eeg_data_level_3.csv,9,AF8,210.0078125,220.00390625
877.6207432181119,125.3743918883017,203.25281002278442,55.414136966962346,125.30347877433795,251.91311441755758,31.489139302194697,62.30850271109742,10.03595078898709,29.998186388832664,51.10607257962103,6.3882590724526285,11.268939961810808,2.0892256111987377,6.396927771482769,69.41822343060866,1.82679535343707,5.696111245769605,0.9064876901986051,1.5603682982361216,370.1303127815066,4.206026281608029,193.04491946946527,0.25511554483102555,0.8908815138475603,1.32311418761946,0.5715558965618726,0.16704592697878984,0.2785253708549274,0.8109081909140337,hjorth_mobility,hjorth_complexity,4.082085793586342,0.9596462523154207,-34.819602966308594,-225.5859375,103.02734375,-33.69140625,858.7800073655671,29.304948513272755,1868,eeg_data_level_3.csv,9,TP9,210.0078125,220.00390625
1173.177943229896,167.5968490328423,279.35951322260166,72.7942607824229,174.4802126410007,302.3837790110249,37.79797237637811,90.1116390833641,10.811751193287721,26.65964973029685,45.717460456647224,5.714682557080903,11.868114322091813,2.7859150253722524,4.249157108789691,58.28079157253019,1.5337050413823734,3.94615338584232,0.6682354567326576,1.4018455749295282,65.7906767002962,0.7476213261397295,1.454230843830095,0.3119138589038457,0.6978112466421968,1.5375572696557984,0.638004640192726,0.14962553222105368,0.23659267310868126,0.2958948540983853,hjorth_mobility,hjorth_complexity,2.401487092001499,0.7155327389451495,-33.37230682373047,-238.76953125,93.75,-32.71484375,878.0883316285326,29.63255526660724,1868,eeg_data_level_3.csv,9,TP10,210.0078125,220.00390625
9.656115511919463,1.379445073131352,2.3830785450654215,0.4018367789446059,1.3095934368308053,3.6072554095690936,0.4509069261961367,0.6400957913156533,0.3388088166653028,0.4111102482333876,3.588180370534608,0.448522546316826,0.5558671432147828,0.36371672664301513,0.4395020079762007,6.506886186713481,0.1712338470187758,0.2903306584572963,0.07186035109496688,0.16177331782472815,7.388133340708995,0.08395606068987495,0.30312663232273507,0.018182710292998214,0.07135523754912361,0.8939733301081856,0.4674654829867812,0.4670687659360865,1.03019753868729,1.3075087695293763,hjorth_mobility,hjorth_complexity,2.5651243339979177,0.7786600917135988,-37.67414093017578,-51.7578125,-19.04296875,-37.59765625,19.555928847694304,4.422208593869618,1868,eeg_data_level_3.csv,10,AF7,220.0078125,230.00390625
49.17732357443354,7.025331939204791,12.022060174608463,4.157075013723923,5.686065977814787,22.86446647754305,2.8580583096928813,6.823113076484772,1.0204662978673857,2.2913325379178735,7.470716979897417,0.9338396224871771,1.3259353046692572,0.3018789750815955,1.0000145259521922,15.790780476023114,0.4155468546321872,0.7702475450186276,0.16592003956515392,0.3753361455098657,23.24767303187324,0.2641781026349232,0.5953880143880089,0.061048480001076974,0.24536859610449369,1.0966447354689195,0.6596230375293541,0.288176065610869,0.7126735522218627,1.1255137497098227,hjorth_mobility,hjorth_complexity,2.7066484351840097,0.8186982547237386,-36.41777038574219,-69.3359375,24.90234375,-36.62109375,62.796483834972605,7.9244232493584414,1868,eeg_data_level_3.csv,10,AF8,220.0078125,230.00390625
1322.413592332839,188.91622747611987,257.6930695432171,98.35280281749573,164.3946563227235,474.79031492576723,59.348789365720904,129.99819132079176,12.184157722818629,51.501672808994314,97.08095794247605,12.135119742809506,28.8611542577935,3.373562200638229,8.002399805016422,86.93996865552927,2.2878939119876125,4.88925877924372,0.7098381298676397,2.318225261915644,406.6506312055406,4.621029900062961,208.42635245163126,0.3950235486610465,1.0965159281533663,1.3638802710335218,0.690032997808822,0.20394791888320749,0.24581963178676342,0.6679708742019296,hjorth_mobility,hjorth_complexity,3.582328811272954,0.8954727017797985,-38.38367462158203,-264.6484375,80.56640625,-34.1796875,1519.2191261667176,38.97716159710347,1868,eeg_data_level_3.csv,10,TP9,220.0078125,230.00390625
1469.2150080827919,209.8878582975417,296.4207319855465,73.44857661944826,196.1177886470328,427.7659195434784,53.4707399429348,121.12217891497221,10.666695266195884,46.35430521140232,88.28395898665235,11.035494873331544,26.86567934829334,3.3990803561909706,5.714175690865295,58.25007428156623,1.5328966916201638,3.596492401276461,0.4992095722883201,1.4550474103171578,87.87970247054355,0.998632982619813,2.127563780523017,0.3654909021862076,0.912964837355116,1.52523360510561,0.6857736689861595,0.20279588804591042,0.19160741668570877,0.3073007816826625,hjorth_mobility,hjorth_complexity,2.5253206805393296,0.6834479352467774,-37.355804443359375,-229.98046875,95.21484375,-33.69140625,1464.581111795269,38.269845986040615,1868,eeg_data_level_3.csv,10,TP10,220.0078125,230.00390625
9.84818526125853,1.4068836087512187,3.943179240650442,0.3107933488181498,1.2025236196986846,3.8617111118722396,0.48271388898402995,0.7426457893093729,0.3073128560220257,0.4439886726053276,2.233608931575721,0.2792011164469651,0.38864951670682424,0.15068925300794125,0.2719014275190206,6.659020193598356,0.1752373735157462,0.3394909992396396,0.0632997202287341,0.1669236367971118,7.343031853688371,0.08344354379191331,0.44310083626372493,0.014398194284776998,0.07179681443343708,0.8572293444228619,0.4934184329802088,0.323985046365701,1.0532291116191614,1.3104680018802572,hjorth_mobility,hjorth_complexity,2.6933805506978135,0.802868290751539,-38.72261047363281,-55.6640625,-22.4609375,-38.57421875,17.799582419684157,4.218955133641996,1868,eeg_data_level_3.csv,11,AF7,230.0078125,240.00390625
30.110816289261514,4.301545184180216,8.48316560052563,1.3669395648752776,3.9101403263823067,10.663620210283227,1.3329525262854034,2.439823696305476,0.7402454585228634,1.2289700673786665,3.7759158448057137,0.4719894806007142,0.6834776839600352,0.2828329979091491,0.45501242508412376,15.03484110930982,0.39565371340289,0.7501823163291285,0.16061539995370533,0.39954605681599387,23.15903372130414,0.2631708377420925,0.48756279613409503,0.1038801694643026,0.2513132732889497,0.9654938972677716,0.4933196265285658,0.2198356170726405,0.9003678699326704,1.4911796246510383,hjorth_mobility,hjorth_complexity,2.9410477277734746,0.8427224274494496,-38.028907775878906,-63.96484375,-13.671875,-38.0859375,46.04627170920139,6.785740321379929,1868,eeg_data_level_3.csv,11,AF8,230.0078125,240.00390625
1964.3596486354995,280.6228069479285,528.651563211728,156.0384404683142,231.99470423973196,397.4087956667154,49.67609945833942,107.78805763544,13.96932532877154,53.47122189350442,104.20271348079187,13.025339185098984,23.468078631285668,6.130815468286526,12.929959815362128,94.411149748311,2.4845039407450265,5.701373295873023,1.5669391521154554,2.2891494457289676,420.0552025926706,4.773354574916711,210.2323857366021,0.32400099492975654,1.1914581509305502,1.4567481510616151,0.5117793095702083,0.18149072738151603,0.2163952502578702,0.5846163361826954,hjorth_mobility,hjorth_complexity,3.4231141974386006,0.8970321212114691,-40.914154052734375,-234.375,84.47265625,-38.0859375,1630.6049603736028,40.380749873839676,1868,eeg_data_level_3.csv,11,TP9,230.0078125,240.00390625
2258.464008751894,322.6377155359849,555.0882464656304,174.90617109271008,310.0591215143473,509.4471509080246,63.68089386350307,144.0592938951717,19.940474417116107,65.7546204662078,99.50839329475025,12.438549161843781,22.803751814162837,5.395326637627475,12.013638316355854,78.95930716411296,2.077876504318762,4.610985114988199,0.5477983995098619,1.7681280309154033,102.62576533284391,1.1662018787823172,2.2110174377393252,0.48966377904313557,1.1223531486454998,1.563671693785995,0.6017516409648851,0.17155019805446556,0.17995087510108532,0.2548813057493096,hjorth_mobility,hjorth_complexity,2.401487092001499,0.6676886377720478,-38.31596374511719,-240.72265625,102.5390625,-36.1328125,1746.3587094971444,41.789456917949344,1868,eeg_data_level_3.csv,11,TP10,230.0078125,240.00390625
7.231108049189086,1.033015435598441,1.526485705828543,0.5788325040500086,0.9242342841861261,3.931287780646344,0.491410972580793,0.7867091511847117,0.3279712992299155,0.4367220715150776,2.363267397994936,0.295408424749367,0.46038884506745426,0.1526528471377101,0.29543234782843564,5.539732654682393,0.1457824382811156,0.2733022556719035,0.048748937469389096,0.1372079050873859,6.987725653878451,0.07940597333952785,0.3478739572523286,0.027669752903638798,0.0710740077813349,0.8282647000373021,0.5556967843071343,0.3759345655174101,1.0171747005211278,1.4156946581397392,hjorth_mobility,hjorth_complexity,2.7951009984253172,0.8122086525239618,-39.4134521484375,-51.7578125,-25.390625,-39.55078125,15.037646517157555,3.877840445036071,1868,eeg_data_level_3.csv,12,AF7,240.0078125,250.00390625
18.93616720323135,2.705166743318764,4.6859836664425965,1.1542595097706543,2.741431761455395,9.61622667010477,1.2020283337630961,1.6634236004045544,0.9032650414679103,1.1222286926158032,4.915887919221394,0.6144859899026742,1.066048068621681,0.31279446869461625,0.5013720672494987,13.704081337144771,0.3606337193985466,0.598846600219578,0.17600272261910305,0.35960414935810786,19.452284488994607,0.2210486873749387,0.5875270884522839,0.08629948618595722,0.19087722184999506,0.845990336720355,0.5454915133899426,0.3198986197471062,1.0018913034954566,1.5420622092892244,hjorth_mobility,hjorth_complexity,2.9720061249079324,0.8218844016409181,-38.40980529785156,-59.08203125,-8.30078125,-38.57421875,38.27863823971711,6.186973269678568,1868,eeg_data_level_3.csv,12,AF8,240.0078125,250.00390625
859.4658977272339,122.78084253246199,200.67591520083639,57.94815246900029,101.88653616276319,304.8312209501984,38.1039026187748,67.92440405850336,14.935174732288623,29.143151981859983,78.57591054665528,9.82198881833191,26.221716927649375,4.320849124953659,6.728551202104402,84.77627360857683,2.2309545686467587,7.177916770213476,0.8676829492595596,2.0999933687599754,379.9336078270735,4.31742736167129,194.69658494673274,0.31480365262770815,0.9379682107118581,1.2533618288923256,0.6418604909417116,0.22424114820735966,0.3175564380129555,0.8136136229709201,hjorth_mobility,hjorth_complexity,3.847686500996877,0.9355806304036213,-39.333534240722656,-231.93359375,85.9375,-39.0625,900.3736296654097,30.006226514932024,1868,eeg_data_level_3.csv,12,TP9,240.0078125,250.00390625
1145.906150373772,163.70087862482458,281.36245467363494,60.83259885002691,139.84880252654372,347.3178212013273,43.414727650165915,79.10195891385007,15.391153032754447,33.982100730492355,76.27648952790011,9.534561190987514,24.852759949488625,3.625497636152388,7.46690730494762,74.7928088773605,1.9682318125621183,3.5144173277681925,0.5074950285402129,1.8390390879464689,99.26391666213095,1.127999052978761,2.274241529290163,0.4000340542640568,1.0859744194765195,1.433736904651983,0.6858516426133348,0.21300992716575617,0.28100056161752696,0.4037155348911847,hjorth_mobility,hjorth_complexity,2.8216367673977096,0.7454893035082268,-37.366485595703125,-229.00390625,99.609375,-36.62109375,904.5837627490982,30.076299020143722,1868,eeg_data_level_3.csv,12,TP10,240.0078125,250.00390625
8.847741171530604,1.263963024504372,2.0824175862066108,0.6371075605926156,1.1973077038162476,4.641647120742551,0.5802058900928189,1.3801859263309018,0.3755987335208542,0.47529896379089553,2.1595808720482332,0.26994760900602915,0.38901482390628295,0.20995483540152535,0.24681203949787933,5.4011055321329975,0.1421343561087631,0.2579963885922086,0.05325985918015928,0.13668509505280121,6.979671249808424,0.07931444602055028,0.3859809582501659,0.025401417889427826,0.06306513157513735,0.9063702589733375,0.5870234492444155,0.33409153700183863,0.9428001972889654,1.3318993687836962,hjorth_mobility,hjorth_complexity,2.7464520886425983,0.8056294654612803,-39.734649658203125,-53.7109375,-23.92578125,-39.55078125,17.13549660053104,4.139504390688702,1868,eeg_data_level_3.csv,13,AF7,250.0078125,260.00390625
18.991473424827372,2.713067632118196,4.224716213360732,1.601940102123657,2.7980814878587648,11.362107541713165,1.4202634427141456,2.12575085961023,0.5432022634414242,1.5528722611234047,4.297642854630896,0.537205356828862,0.6815143256682461,0.32817800142293146,0.5808477175052009,17.601867055125552,0.4632070277664619,0.9882425123427812,0.17911663807156827,0.46587207064800346,19.367131288927084,0.2200810373741714,0.5564752549652758,0.06850549416611833,0.19648688997975822,0.8117415656047586,0.576582097020617,0.2759551863740636,1.1564521661144993,1.4535095767291055,hjorth_mobility,hjorth_complexity,2.6447316409150945,0.7987556042132289,-38.811492919921875,-66.40625,-5.859375,-39.0625,47.73973429109901,6.909394639988297,1868,eeg_data_level_3.csv,13,AF8,250.0078125,260.00390625
1104.5380644107506,157.79115205867865,291.0685511701644,63.25378251695052,106.3362943257834,442.9244897451476,55.36556121814345,136.3006479618415,20.748019435490807,33.74156945921331,83.82682505599237,10.478353131999047,17.445553712980725,3.2334016884381267,9.659956087962438,79.6744412312138,2.0966958218740475,7.298511704138487,0.6863338173387669,1.777056009200885,366.4084859858855,4.163732795294153,193.96519653033818,0.24246977599846428,0.7595240493361901,1.2739457924490472,0.7130745689515092,0.20550344852986194,0.2540045110580689,0.6587633693225157,hjorth_mobility,hjorth_complexity,3.6928945153245887,0.9121354479587291,-40.89508056640625,-241.2109375,96.19140625,-38.57421875,1211.5268013440073,34.80699356945393,1868,eeg_data_level_3.csv,13,TP9,250.0078125,260.00390625
1424.2944794218758,203.47063991741084,357.17575160463986,75.4754624461399,155.96337310942417,526.591621810171,65.82395272627137,157.89525749458107,18.229459784525872,40.41924895650503,82.20228881158727,10.275286101448408,18.34108040135108,1.932823925382638,10.662386787537567,66.04995269997052,1.7381566499992243,5.385895916764515,0.6627367531536892,1.4131436676839404,68.36258969088871,0.7768476101237354,1.5828221125681963,0.2152859786126796,0.74510848800447,1.428239761671962,0.7774878933296747,0.19331271718562681,0.20838163216998432,0.24291783255083807,hjorth_mobility,hjorth_complexity,2.3351476695705182,0.6564710806251282,-39.69554901123047,-240.234375,107.91015625,-37.109375,1231.9859087801888,35.09965681855292,1868,eeg_data_level_3.csv,13,TP10,250.0078125,260.00390625
11.042958933329482,1.5775655619042117,4.024425800564752,0.6377151917099999,1.0407412628165291,3.5640890887011496,0.4455111360876437,0.7417239095224732,0.22499535841834487,0.4557816542968601,2.2115060668513555,0.27643825835641944,0.40385682720841914,0.22032061297049083,0.25084414973434804,6.139031019920342,0.1615534478926406,0.4069830555631839,0.0712364745206146,0.14623397705414148,6.970094601733078,0.07920562047423953,0.3670473566217136,0.021825004905733487,0.06059642721448,0.9526064810302944,0.46562658594097917,0.3236411062493473,0.9908200420025945,1.2564196533362508,hjorth_mobility,hjorth_complexity,2.454558629946283,0.7952430192080776,-37.28599548339844,-54.19921875,-23.92578125,-37.109375,18.296302150702104,4.277417696543337,1868,eeg_data_level_3.csv,14,AF7,260.0078125,270.00390625
38.11533207257417,5.445047438939167,7.828325560975886,2.4308217568866057,6.123832875593616,11.589638231172462,1.4487047788965577,2.581793545654321,0.6029869924381812,1.534421153223092,5.597078596058543,0.6996348245073178,0.995739545304201,0.4932731809586575,0.6683762615457025,16.176276497759066,0.4256914867831333,0.872471810043835,0.12447752879272102,0.4141742586297579,21.624640427186527,0.24573455030893782,0.5954396287520767,0.08616493690709798,0.235202040888747,1.0856417634226352,0.47981408216246413,0.27724620031120817,0.8789051025894986,1.2885695844642573,hjorth_mobility,hjorth_complexity,2.7597199731287945,0.8145095078071675,-36.49120330810547,-63.4765625,-8.30078125,-36.62109375,50.70751936727902,7.120921244282864,1868,eeg_data_level_3.csv,14,AF8,260.0078125,270.00390625
1336.523164739192,190.93188067702744,340.77407020281026,62.476037302628306,213.33303880395454,297.2305256627943,37.15381570784929,72.32060737582704,12.486291243739167,37.05966290824446,61.59570172954663,7.699462716193329,12.858138916673871,1.9606927961115153,7.108952247337448,86.72748841893396,2.2823023268140514,7.575619752664173,0.8842834530176111,1.8425616276912735,386.87422157016647,4.396297972388255,202.32913240589815,0.3480359618107451,0.8999516294102672,1.415180462929736,0.5271451014610107,0.1539515522345984,0.2650422839795315,0.6771777687771106,hjorth_mobility,hjorth_complexity,3.781347078565896,0.9333422387563969,-37.352561950683594,-239.2578125,92.7734375,-35.64453125,1100.6664475644357,33.1762934572932,1868,eeg_data_level_3.csv,14,TP9,260.0078125,270.00390625
1749.5861599087848,249.94087998696926,414.9752233927739,52.308282247521305,259.8721017162288,390.1663975115275,48.77079968894094,108.28601089784553,9.107778336261118,50.591641453434015,61.22044671352586,7.6525558391907325,20.212751734039276,1.6485595792299057,5.709920548565046,66.4466657520287,1.7485964671586498,4.377251502715783,0.6406573628075392,1.4507236225057882,82.31958945461461,0.9354498801660752,1.7174040269426343,0.3811745169712334,0.8920103937478668,1.5575758535929265,0.5989940799952551,0.13971562233100795,0.19747504538006805,0.2679278429723829,hjorth_mobility,hjorth_complexity,2.498784911566937,0.7092870551042689,-36.10801696777344,-252.9296875,102.05078125,-35.15625,1168.8548511301633,34.188519288354144,1868,eeg_data_level_3.csv,14,TP10,260.0078125,270.00390625
8.238046152241752,1.176863736034536,2.338404168778895,0.7223185488539837,0.8701291082780152,4.683284638877142,0.5854105798596427,0.8239637375205897,0.31248205239937493,0.6075836153150957,2.9298594458511613,0.36623243073139516,0.5527735016187942,0.23861199383941578,0.34320650511082496,7.852320134591795,0.20664000354188936,0.4028633135004218,0.08518673588552043,0.17640524449903933,7.256571422969316,0.08246103889737859,0.3244874153979307,0.031007145684068538,0.07302150835401403,0.8002180476652909,0.5597371603628722,0.39217007725965053,1.1691042104878915,1.2751461521006633,hjorth_mobility,hjorth_complexity,2.4589812581083486,0.7588184944377104,-37.712860107421875,-51.26953125,-23.4375,-37.59765625,19.13062238600105,4.373856694726183,1868,eeg_data_level_3.csv,15,AF7,270.0078125,280.00390625
17.698094157011003,2.528299165287286,5.33566893026593,0.9390223449875543,1.7851162217459877,7.569588538301072,0.946198567287634,1.192777151989737,0.7887500623230671,0.866034893734638,4.511396413913724,0.5639245517392155,0.7690376517085821,0.3132974313991886,0.5632834847527667,17.700010733630773,0.46578975614817825,0.8052895677160213,0.19041709110379348,0.4630798101266198,19.041254474226122,0.21637789175256958,0.5243535384485032,0.062352823842323976,0.20450448349937878,0.7771174717249529,0.4532504258177539,0.3007516500395638,1.2273849449352219,1.5099166593017352,hjorth_mobility,hjorth_complexity,2.88797618982869,0.81196136144375,-36.673736572265625,-63.96484375,-5.37109375,-36.62109375,40.79865699168295,6.387382640149481,1868,eeg_data_level_3.csv,15,AF8,270.0078125,280.00390625
511.2644287243326,73.03777553204752,128.4970423285859,35.08463770796507,62.792207542355754,189.4621374348121,23.68276717935151,55.42698037890295,8.134887759639303,19.59446109147655,33.56052162207996,4.195065202759995,6.707358685369979,2.776084305443693,3.7262560335583634,70.94803386501897,1.867053522763657,4.593600456281898,0.8305292768910837,1.435721893786303,363.91425601644164,4.13538927291411,195.97188498620508,0.2908583487722889,0.7959831675837092,1.1607520242596878,0.5970647448685085,0.15747176668483265,0.3776658811328625,0.9797877337271526,hjorth_mobility,hjorth_complexity,3.8609543854830726,0.9537594901833341,-38.59825134277344,-222.16796875,92.28515625,-37.59765625,767.3177680408116,27.700501223638746,1868,eeg_data_level_3.csv,15,TP9,270.0078125,280.00390625
691.9623790347025,98.85176843352893,173.79903036678294,53.83946689269313,66.96015067516004,160.69950634460525,20.087438293075657,53.545307653810674,5.486932013481551,16.34441460882212,34.1261733273752,4.2657716659219,6.845516742233355,1.8286070914185604,3.5910559177692436,46.42764389156307,1.2217801024095545,2.883047471293257,0.5856722742904142,1.1437679950006623,70.2616160308466,0.7984274548959841,2.047831732358198,0.26670354263540924,0.7580075206757942,1.4940352926582603,0.5727135616292591,0.17791321679768646,0.29962737063557293,0.48236523915845597,hjorth_mobility,hjorth_complexity,2.697803178859879,0.7435374000231197,-36.66095733642578,-222.65625,94.7265625,-35.15625,712.3328686793684,26.689564789995515,1868,eeg_data_level_3.csv,15,TP10,270.0078125,280.00390625
7.626353311412625,1.089479044487518,1.8734895955258624,0.6573618113371388,0.8649822328249556,3.763351422730393,0.47041892784129913,0.6885862556520093,0.20431815757070917,0.5234424120986273,2.7246894124325167,0.3405861765540646,0.45463151749152875,0.21439168091794197,0.33884347118398017,6.911130700073264,0.1818718605282438,0.31819655389373164,0.08608423184598867,0.17667706544210562,7.56939833128622,0.0860158901282525,0.6211754602106065,0.028782058914585875,0.07389862524492302,0.8075314977358493,0.5019683334258784,0.39624407517283133,1.1429801891575924,1.400700104210674,hjorth_mobility,hjorth_complexity,2.852595164532167,0.7986825821191788,-37.16545104980469,-51.7578125,-20.99609375,-37.109375,16.58110282733105,4.071990032813323,1868,eeg_data_level_3.csv,16,AF7,280.0078125,290.00390625
26.751647778622658,3.8216639683746654,6.7639433030613185,1.2395646229908033,3.1456520278916997,9.371537428525833,1.1714421785657292,1.9193088868947332,0.5087351736726957,1.1259510176645098,4.158159432503517,0.5197699290629396,0.7064732193911872,0.4308518541349603,0.5008213028554471,18.485771089217756,0.48646766024257254,0.8892194038648576,0.20895990768288053,0.510158111477663,23.769687486412472,0.270110085072869,0.6379801704790323,0.09284409288408889,0.24906482535442676,0.9138919293255152,0.4553963731750697,0.24312912947961593,1.0867807220500638,1.5429959790137675,hjorth_mobility,hjorth_complexity,2.7287615759943367,0.8307404967955667,-36.30943298339844,-62.5,-12.20703125,-36.1328125,42.44717289111577,6.515149491079677,1868,eeg_data_level_3.csv,16,AF8,280.0078125,290.00390625
1196.8814884929016,170.98306978470023,337.4692396237692,70.02763488951683,147.28373046489756,261.9703880285888,32.7462985035736,88.61493628470164,6.60923044707104,27.1586143397258,54.87854459438994,6.859818074298743,10.534368918609147,4.357208230290528,5.901898803522488,68.74749397282035,1.8091445782321145,4.237178685281525,0.8389215625224777,1.713706653702473,369.50738407902236,4.198947546352527,198.6874762196019,0.2884915621028506,0.84595237765384,1.374220955332847,0.5049994484068631,0.15409035699196938,0.23738429175518097,0.6829551000698995,hjorth_mobility,hjorth_complexity,4.020168999317426,0.9599279950954521,-37.638092041015625,-209.47265625,100.5859375,-36.62109375,827.579241595231,28.767677028137516,1868,eeg_data_level_3.csv,16,TP9,280.0078125,290.00390625
1432.7513699816488,204.67876714023555,405.0366364681196,78.3828508974742,190.87074322067778,254.70692205901355,31.838365257376694,94.80149046920641,4.944287927451191,25.336126519232966,53.369357893141164,6.6711697366426455,11.721305438223485,3.37502527676042,4.506841957421487,64.07203021865898,1.6861060583857626,3.911776380801192,0.9191608763996708,1.4592481103012238,75.57812912553919,0.8588423764265817,1.5839830283537095,0.3730421918099648,0.8007369918731041,1.5341077599859447,0.4977470796736233,0.1528202691179582,0.23044028415463458,0.2985720250855705,hjorth_mobility,hjorth_complexity,2.618195871942702,0.7414300603890305,-36.37256622314453,-213.37890625,115.72265625,-35.64453125,768.5810135080828,27.7232936987668,1868,eeg_data_level_3.csv,16,TP10,280.0078125,290.00390625
9.91673863756733,1.416676948223904,5.043489642685357,0.45887178592278033,0.6933047285586671,3.3258495151295566,0.4157311893911946,0.7217063959596959,0.1852309831782886,0.30681221689611315,3.1729980237670903,0.3966247529708863,0.5480539253160929,0.23700570435753182,0.41489747444244657,6.731237737142169,0.17713783518795181,0.5109627688149738,0.07322968418988204,0.14965011060125508,7.699284463594452,0.0874918689044824,0.33829768289058465,0.02542830701389903,0.08230412226101327,0.7817959754537168,0.4078148971026285,0.40221592457204935,0.9933295331955428,1.2935413912640938,hjorth_mobility,hjorth_complexity,2.640309012753029,0.7962416098861177,-37.882232666015625,-52.24609375,-20.01953125,-38.0859375,18.567446968518198,4.308996051114249,1868,eeg_data_level_3.csv,17,AF7,290.0078125,300.00390625
25.91126297793769,3.701608996848241,7.019102786200264,1.4757582641749059,2.804348254680665,9.78058044894419,1.2225725561180238,2.7519775597637,0.39564634945487615,1.0742798394149018,5.564539484430682,0.6955674355538353,0.9200908127228379,0.5255254265430722,0.699331941715476,15.331370880881265,0.4034571284442438,0.7092249302132423,0.12453942913275443,0.39062064138649455,20.902763672233526,0.23753140536629005,0.5335178600042516,0.07198365448268022,0.22005399213704435,0.9227013341310327,0.472528039293141,0.3144338260879094,0.9570379723598554,1.4322160729062807,hjorth_mobility,hjorth_complexity,2.8481725363701016,0.8295511307021264,-36.722755432128906,-59.5703125,-5.859375,-37.109375,49.28056408971315,7.0200116872917775,1868,eeg_data_level_3.csv,17,AF8,290.0078125,300.00390625
925.3529969584556,132.19328527977936,207.37234722623447,62.069286286180585,113.35419722899681,362.5343584181861,45.316794802273265,82.57736243328664,14.6615883003229,42.3665544178417,64.11807393871007,8.014759242338759,16.154166970303045,3.0394181647544483,5.3746993342501135,84.32225312690078,2.2190066612342307,4.832053189193228,0.44465992407681615,1.6766344499141388,360.9194812260487,4.101357741205098,204.94448866614812,0.20542016208488265,0.6344960956049677,1.2908484017361312,0.7022283362584602,0.1834161442236979,0.3033538682602038,0.681400616023587,hjorth_mobility,hjorth_complexity,3.829995988348615,0.94122114646435,-38.65985870361328,-201.66015625,66.89453125,-37.109375,922.1559622892528,30.367020965008287,1868,eeg_data_level_3.csv,17,TP9,290.0078125,300.00390625
1303.2647799240606,186.18068284629436,292.0958729846526,103.27895867712883,162.78640865713493,423.37088483475003,52.921360604343754,98.04904161707965,20.287326119883918,45.03960967965689,76.14189082583576,9.51773635322947,18.06125145512653,4.066363651413116,7.823771423989751,61.89191131908632,1.6287345083970084,3.922396652199209,0.6836035057197406,1.309407846149489,67.95843010662374,0.7722548875752697,1.3897491882849176,0.24272104397519087,0.7781997090462768,1.513956354814629,0.7427900295152149,0.19977172752318428,0.21783221051752702,0.2668848147861747,hjorth_mobility,hjorth_complexity,2.4589812581083486,0.6718036766783562,-36.579132080078125,-210.9375,77.63671875,-35.15625,976.6194125404581,31.25091058738062,1868,eeg_data_level_3.csv,17,TP10,290.0078125,300.00390625
2749.8254064142357,392.8322009163194,770.633209218199,93.30538269966547,367.43267980265045,349.6704213506621,43.70880266883276,103.98314906099625,17.841532413307256,35.51908267358888,129.23006596950268,16.153758246187834,24.466840330277066,6.973301695234839,17.315916422213355,125.42472456205944,3.300650646369985,7.293558779808895,0.9377213523614244,2.517756928523368,31.321344570088538,0.35592437011464245,0.9033188540162771,0.046039159316969364,0.284231537873883,1.6038846715533865,0.4249102069569104,0.19847462146053962,0.24680689622636698,0.08148884512503456,hjorth_mobility,hjorth_complexity,1.3267884486196126,0.417581512263906,-41.2200927734375,-361.328125,276.85546875,-37.109375,1686.1853282898664,41.06318702061332,1868,eeg_data_level_4.csv,0,AF7,120.0078125,130.00390625
1231.9203637827889,175.98862339754126,247.03975445314484,94.92370530182893,165.14086976910656,281.67896139584104,35.20987017448013,85.4766488461492,16.240599761512243,22.614111180028125,142.4738498579917,17.809231232248962,20.177020955120494,13.599788883726394,18.982784200134986,114.67593556349438,3.017787777986694,8.506716943964177,0.6403155069676957,1.8522173427104485,55.498585602464,0.6306657454825454,2.337580342292208,0.07305016797434108,0.42394161959072474,1.5255911780559603,0.5711864603718038,0.35550184953371067,0.3805901217304195,0.22904789732992456,hjorth_mobility,hjorth_complexity,1.88403959703985,0.5703989285113352,-36.65275573730469,-425.29296875,72.75390625,-36.62109375,705.3875584097113,26.5591332390519,1868,eeg_data_level_4.csv,0,AF8,120.0078125,130.00390625
4057.0070708631406,579.5724386947344,1084.655397679815,200.7889860232098,566.7638085676784,842.9448373602905,105.36810467003632,198.03928489645506,31.468983377427485,113.7599600350245,248.39185697514375,31.04898212189297,51.13622417820862,16.0935128374765,29.79995775157703,248.1389148515999,6.529971443463156,13.359508683270525,1.3306295581106609,6.0569298959304865,482.7571110521622,5.485876261956388,124.99596311686054,1.0333138731846283,2.8582077528290686,1.4961822127867435,0.5430872862722105,0.2137905249847165,0.2750549746288751,0.49020902303148683,hjorth_mobility,hjorth_complexity,2.7464520886425983,0.8254047267398217,-38.92364501953125,-476.5625,153.80859375,-37.59765625,2653.9509161375463,51.51651110214614,1868,eeg_data_level_4.csv,0,TP9,120.0078125,130.00390625
3645.0602135178347,520.722887645405,907.1869619185862,250.69256600352205,470.72987985559615,634.3796173396473,79.29745216745592,139.65970112829388,40.423203995515756,75.0648439860512,217.00463744254745,27.12557968031843,41.358150363620275,17.256626455624023,26.5531689814272,196.339916152158,5.166839898741,11.679698586247483,1.8825589436131693,4.267513098656623,293.13220902719513,3.3310478298544903,12.343536422112427,0.8276750244219326,2.8818438982447003,1.5452849645631448,0.500206772797849,0.21856728958428037,0.257384604372634,0.4074822187103342,hjorth_mobility,hjorth_complexity,2.755297344966729,0.7665860916156373,-36.784934997558594,-490.72265625,186.5234375,-34.1796875,2200.5309132146067,46.90981681071252,1868,eeg_data_level_4.csv,0,TP10,120.0078125,130.00390625
17344.46931180263,2477.7813302575187,3895.686344335804,1148.8664474792263,2694.151402169909,4585.152976533367,573.1441220666709,961.3409646935629,357.2951050359034,500.8206386886353,1564.2894076973707,195.53617596217134,297.26661920849125,135.8091168989013,186.79750251787337,1765.6321436562002,46.464003780426324,132.5563556222416,12.476065957562962,33.842358199859106,400.89471945669357,4.555621812007882,12.014139594891493,1.703129525898551,3.041201224405988,1.511337487010566,0.6537542752706698,0.2883655637807039,0.4058948018192774,0.12905820423024628,hjorth_mobility,hjorth_complexity,1.1587285784611283,0.26981326523870286,-36.126136779785156,-1000.0,999.51171875,-42.48046875,11046.999555219369,105.10470757877293,1868,eeg_data_level_4.csv,1,AF7,130.0078125,140.00390625
126.60710408633942,18.086729155191346,33.35451285093116,6.628390961725074,15.322397211129182,34.09383021338411,4.261728776673014,6.051508048896021,2.3319545550154763,4.647778265523723,10.15598715346893,1.2694983941836162,2.1308292140527434,0.6561820938296274,1.0775594407714966,16.644362101668342,0.43800952899127216,1.1159537837889104,0.10300186875942459,0.39365889473734067,16.505405436892705,0.1875614254192353,0.4211672041767171,0.06769984191322657,0.17179566124064316,1.3855918895416641,0.6178968333159881,0.24091441684100662,0.4723296778909975,0.5374691484962946,hjorth_mobility,hjorth_complexity,2.1626651712499685,0.7135441256566113,-37.66918182373047,-95.703125,6.8359375,-38.0859375,97.68494110176107,9.8835692491003,1868,eeg_data_level_4.csv,1,AF8,130.0078125,140.00390625
3210.047506589843,458.57821522712044,1514.62032558554,75.45174244722057,276.8044380937833,291.74944492341376,36.46868061542672,74.1095908277569,16.14022686761975,34.165464080941526,81.67393020973842,10.209241276217302,15.109459168377128,5.4359306869192,10.004643002202364,160.63048739856683,4.227118089435969,8.25816406017454,2.1568775297954,4.014642249665858,421.4467236644183,4.78916731436839,122.30400592607197,0.803159711905983,2.708473893948705,1.2256212506252337,0.287988496821274,0.10321674749727275,0.2319892128111909,0.5172058306614187,hjorth_mobility,hjorth_complexity,2.6358863845909637,0.8861456130084694,-38.62800598144531,-249.0234375,180.17578125,-39.0625,2392.334019386908,48.91149169046992,1868,eeg_data_level_4.csv,1,TP9,130.0078125,140.00390625
1022.7743259461196,146.1106179923028,246.94496714615966,67.01029338364017,136.19678574759084,293.2340180080556,36.65425225100695,55.74990834492696,16.078312059275287,36.85208197668793,78.15839170285622,9.769798962857028,13.833672517157401,3.212068930244855,10.581452105155527,118.88561795086744,3.1285688934438802,5.57411372670721,1.1267271435371964,3.025881660302976,214.0604656347423,2.43250529130389,5.471085882988549,0.9119671960842471,2.3801591604908383,1.3457810234096328,0.6132281973855718,0.2183187109616172,0.4049563493834057,0.7601203164923931,hjorth_mobility,hjorth_complexity,2.733184204156402,0.840023382020438,-36.20338439941406,-209.9609375,106.4453125,-36.62109375,986.3699342531618,31.40652693713779,1868,eeg_data_level_4.csv,1,TP10,130.0078125,140.00390625
7260.038370579547,1037.1483386542209,1637.1724746585344,607.153076093093,961.3461385605738,2883.1188130656715,360.38985163320893,477.74169295042276,251.0557302842188,356.03599625443576,1180.8573814330387,147.60717267912983,187.7262867487985,110.45885213514416,147.69530090638705,1653.580282354995,43.51527058828934,116.4328810895961,16.9676672611247,32.76137916352599,436.3573119016859,4.958605817064612,16.963001316611575,0.8634670027695702,3.587563310019533,1.3281733658293557,0.7525523791700044,0.38514949715428326,0.6669980894359422,0.24085308782552073,hjorth_mobility,hjorth_complexity,0.8314540944682905,0.32442413701898287,-35.94932556152344,-1000.0,536.1328125,-36.1328125,6930.60220204643,83.25023845038781,1868,eeg_data_level_4.csv,2,AF7,140.0078125,150.00390625
80.84576150351604,11.549394500502292,18.080043655646584,8.122537863817108,10.377302158641246,30.797130706390547,3.8496413382988184,6.396657016153721,1.4673963248529889,2.99259758611822,8.281882950087644,1.0352353687609555,1.4376711460995952,0.46759620088901965,1.0468617769909967,32.18259604685705,0.8469104222857119,1.6863496085758263,0.32944697839496845,0.7918749996105354,40.16478057507446,0.45641796108039157,1.3348260004257657,0.13892554969428836,0.3998364183982416,1.1238143409635835,0.5798862615436517,0.21211755662206713,0.8533317389037027,1.1760350677440057,hjorth_mobility,hjorth_complexity,2.392641835677368,0.7920656858065772,-35.45970916748047,-77.1484375,35.64453125,-36.1328125,97.99247778573772,9.899115000126917,1868,eeg_data_level_4.csv,2,AF8,140.0078125,150.00390625
976.1030353049142,139.4432907578449,177.64567133608423,93.07216961794681,145.1159197198623,465.859478922026,58.23243486525325,125.0992062690413,23.3080174774145,49.36752562575603,88.35730832186968,11.04466354023371,17.925819251467967,5.449621113966867,9.702332862210616,147.02766002739244,3.8691489480892747,7.71826525948067,1.6701197491734536,4.022382986672723,469.4326290751012,5.334461694035241,143.09890988043227,1.09794526512597,2.683532318106662,1.1875153079132157,0.7185943993920296,0.20346537173630114,0.4069708202432601,1.0285515867741213,hjorth_mobility,hjorth_complexity,3.325816377873162,0.9062252972561851,-35.16502380371094,-241.69921875,233.3984375,-36.1328125,1392.6110391912516,37.31770409860783,1868,eeg_data_level_4.csv,2,TP9,140.0078125,150.00390625
986.4209857977603,140.91728368539432,195.0184007886106,102.97183650035672,142.20572313190684,411.9512815919833,51.49391019899791,117.96734697427931,21.863116817274474,47.44507300877268,68.84987638268856,8.60623454783607,15.939990479886344,4.15354345664524,7.34303211502316,100.08186207138422,2.633733212404848,4.71085686446515,1.2416999638961583,2.3403084442298896,172.10524018551067,1.9557413657444394,4.7915032140345275,0.6095268070999457,1.7740004930740452,1.3647601405641743,0.7673304642003607,0.1973157109922979,0.35141293957985653,0.6325056843306707,hjorth_mobility,hjorth_complexity,2.874708305342494,0.8190262730851955,-32.733154296875,-218.75,95.703125,-32.470703125,893.8653767108917,29.897581452533778,1868,eeg_data_level_4.csv,2,TP10,140.0078125,150.00390625
96.55903125247319,13.794147321781884,31.595975200083632,5.484104137934751,6.657317476349944,21.29722112232548,2.662152640290685,4.315178121489156,1.43419145537595,2.4384818676795814,6.216674391029128,0.777084298878641,1.9712337459109028,0.3890481182101456,0.5771036567200651,14.003046092661975,0.3685012129647888,0.9338844523473695,0.11287750949660642,0.29643051977845364,9.302436602740475,0.10570950684932358,0.4107239843218548,0.024384928078984503,0.09121950619287512,1.3613157214439373,0.5524774006044417,0.2073286795981884,0.536581904000282,0.4315637080648975,hjorth_mobility,hjorth_complexity,1.9282658786605036,0.6898235645173039,-38.96198272705078,-94.7265625,0.48828125,-38.57421875,75.05682409828296,8.663534157506563,1868,eeg_data_level_4.csv,3,AF7,150.0078125,160.00390625
40.40570750430259,5.772243929186084,9.297088518824923,1.6354502358767482,5.844072972320578,10.056043253013236,1.2570054066266545,2.503960889679138,0.5423326493555752,0.8927096738158069,4.546118953319198,0.5682648691648997,0.7373990762896007,0.34554714699428773,0.5810752951204061,12.561208890517598,0.3305581286978315,0.6975112415224611,0.14729336177879704,0.3105148152317237,17.22950437978266,0.19578982249753024,0.5168022968640738,0.0644748067773586,0.17282084059445565,1.1695331174149155,0.45419958998097104,0.251463166744391,0.7647867139353366,1.1398661547723594,hjorth_mobility,hjorth_complexity,2.313034528760191,0.8043148266216249,-37.98255920410156,-68.84765625,-6.34765625,-38.0859375,51.041249971603975,7.144315920478599,1868,eeg_data_level_4.csv,3,AF8,150.0078125,160.00390625
2699.7545911341995,385.6792273048856,856.9340021016274,146.93303660463044,265.8305469572957,672.6988172040086,84.08735215050108,192.47531744071216,31.462963112720836,66.7613840755824,177.35798516696065,22.16974814587008,40.218588381219966,12.071979626118257,18.29420103024647,149.55074251963626,3.9355458557799015,13.373855444959652,1.6668570429647338,3.3975240079433893,382.1450030495601,4.34255685283591,91.28637768666036,1.0546231751101907,2.6116466802425213,1.3700895265436224,0.5852354794027601,0.21233890972845718,0.23753618978596663,0.5384868896144601,hjorth_mobility,hjorth_complexity,2.18035568389823,0.8196990376129037,-43.082618713378906,-290.52734375,197.75390625,-39.55078125,2444.840015632508,49.44532349608512,1868,eeg_data_level_4.csv,3,TP9,150.0078125,160.00390625
2721.361958470193,388.7659940671704,704.1124544137333,163.18255970809432,364.17281368477103,769.4217127488317,96.17771409360397,208.62208796238176,39.211612825893944,74.51770685466815,159.76777090226022,19.970971362782528,29.498727784442963,15.349401880378021,17.98047583310574,116.34067439639423,3.0615966946419535,12.485860789853078,1.1041236359808009,2.3908066213540975,174.43822173095126,1.9822525196699006,4.075653360333032,0.853360972885699,1.9245979807560576,1.4783840078894595,0.6751883573179884,0.204882237836933,0.19706578153316892,0.32010207686024905,hjorth_mobility,hjorth_complexity,2.454558629946283,0.7155796051749491,-40.20252227783203,-243.65234375,110.83984375,-37.59765625,1896.45589383872,43.54831677388599,1868,eeg_data_level_4.csv,3,TP10,150.0078125,160.00390625
20872.471415050706,2981.7816307215294,5600.4356978003525,1319.3632323112297,2265.66833961446,4962.643027213031,620.3303784016289,1146.83640284556,213.11045172734214,484.3404881834307,932.1160466268725,116.51450582835906,218.80912710965882,70.62871596345774,87.91927806440839,980.0933025281842,25.791929013899583,95.97639503057276,5.397196008061655,17.351225016875503,210.79557825554184,2.39540429835843,7.9272498933615765,0.42441094383614586,1.7854228230769476,1.5264475319136346,0.6291217170099798,0.17260023905200514,0.22398688272438103,0.0660193490444255,hjorth_mobility,hjorth_complexity,1.3489015894299394,0.2736263277637295,-36.203575134277344,-1000.0,842.7734375,-43.45703125,15099.793787485392,122.88121820475817,1868,eeg_data_level_4.csv,4,AF7,160.0078125,170.00390625
238.4680838735364,34.06686912479091,88.4609476793251,4.58245306492314,19.279401162627586,32.131152361546285,4.016394045193286,7.504320552496612,2.0187034346735744,3.35116273953225,11.734740442518422,1.4668425553148028,2.398046740670111,0.7254622186850864,1.3145235675861757,108.03661942457569,2.843068932225676,7.4430889402973355,0.8060896760918128,2.630150731520075,213.731616821218,2.4287683729683867,7.336699688564427,0.44392697252498753,2.177364055425942,0.9448925167939886,0.2429152814908726,0.1069386964853423,0.8736918107548742,1.773114785705506,hjorth_mobility,hjorth_complexity,2.865863049018363,0.8786520326132773,-38.4307861328125,-115.234375,58.10546875,-40.52734375,362.6494761556387,19.043357796240628,1868,eeg_data_level_4.csv,4,AF8,160.0078125,170.00390625
958.7648974722796,136.96641392461137,218.28709052012502,61.49696011186946,131.34539991143026,528.1753336227139,66.02191670283923,123.58804783208224,25.162123989703147,65.78083841256412,88.55384823165518,11.069231028956898,17.729910903900464,2.5088981805048007,10.977618170914885,135.46015040663642,3.5647408001746426,7.631792332366394,1.5251456978248852,3.36859614334156,410.3849544380208,4.663465391341146,115.7745062669709,1.0002011675335454,2.565339990419995,1.1661352044742759,0.8061818049863748,0.20726933997114355,0.38999306223506147,0.9649857965438485,hjorth_mobility,hjorth_complexity,2.9764287530699978,0.856674691604814,-44.36626434326172,-274.90234375,74.21875,-41.9921875,1371.0754294515937,37.02803572229553,1868,eeg_data_level_4.csv,4,TP9,160.0078125,170.00390625
1433.240273451468,204.74861049306688,263.85928114584317,71.55517848584849,216.64148622895365,523.5698875550445,65.44623594438056,144.7091100772016,22.47783635091023,52.836662069083815,94.62095635332815,11.82761954416602,17.932401424324834,3.433533155543986,11.941851890733323,130.9910892667085,3.4471339280712767,6.476344494719675,1.1638387938782349,3.2438980248871045,228.61119058708806,2.597854438489637,4.941243316802988,0.4634235029910111,2.4776460506555287,1.3984119968793607,0.7205615757590776,0.19882641114110017,0.340497229333362,0.620414275645564,hjorth_mobility,hjorth_complexity,2.4722491425945448,0.7861912601089901,-41.35875701904297,-284.66796875,145.5078125,-38.330078125,1638.8333198483451,40.48250634346081,1868,eeg_data_level_4.csv,4,TP10,160.0078125,170.00390625
2798.5574492649534,399.7939213235648,575.7650896240008,281.9697054599976,405.57374473001585,1272.5892312977696,159.0736539122212,336.4252480791448,84.83100730962136,136.88350137076915,286.91230195236665,35.86403774404583,61.523433010720595,20.458852903163887,35.08273807503235,467.0154917140097,12.289881360894993,49.72209317741223,2.867273484579286,9.605870988421145,157.46351340141092,1.789358106834215,6.34822337952232,0.255623491312881,1.287744729428429,1.3797832923080777,0.8399011729662789,0.27497678951917837,0.526657333010675,0.2352454203841307,hjorth_mobility,hjorth_complexity,0.9199066577095981,0.36482437717783195,-41.25213623046875,-533.69140625,211.42578125,-40.0390625,3158.8952406309545,56.204050037616994,1868,eeg_data_level_4.csv,5,AF7,170.0078125,180.00390625
161.40280660756443,23.057543801080634,65.33976575704325,7.733434037192528,14.315448550009316,73.68808114394176,9.21101014299272,13.721925320325266,4.270012167426185,9.620739988270005,18.644363968332186,2.3305454960415233,3.216351659607456,1.8599063380373346,2.22401005169577,51.631811923330794,1.3587318927192313,2.698601483739555,0.4808043140607993,1.344859786575915,125.78140657853305,1.4293341656651484,3.704889588075756,0.36858734990890496,1.2684848036329068,0.9505012712357234,0.6078567772689178,0.21245520172507287,0.6421619346865013,1.5329924396998544,hjorth_mobility,hjorth_complexity,2.392641835677368,0.8220035460417106,-38.863563537597656,-151.3671875,65.4296875,-40.52734375,248.10508442897117,15.751351828620017,1868,eeg_data_level_4.csv,5,AF8,170.0078125,180.00390625
2325.827913508183,332.261130501169,732.1839297864748,119.5735643921139,312.9312893623903,563.7875251379228,70.47344064224035,92.96620447113055,34.94720353872638,74.02606756107106,90.2719243531657,11.283990544145713,17.365366615894093,4.530266415815863,12.14605830764117,140.3864382480752,3.6943799538967155,6.58178731641863,1.515861588160975,3.4654849921718265,443.61169043440145,5.041041936754562,126.81864604868866,1.0820530184234167,2.9782560588733737,1.4096898675060974,0.6002733772723442,0.1397796934360613,0.26049165600306035,0.6830258384716485,hjorth_mobility,hjorth_complexity,2.5872374748082447,0.8689332236893748,-38.918495178222656,-244.62890625,132.32421875,-41.9921875,1922.1773682147614,43.84264326217982,1868,eeg_data_level_4.csv,5,TP9,170.0078125,180.00390625
2034.3611754420551,290.62302506315075,485.94324945871995,189.97187577426843,242.97273861286425,673.2469758512538,84.15587198140672,146.78048800796853,39.419413890481664,79.95266219975571,92.81701123099359,11.602126403874198,20.629679978829145,3.4422843796677873,12.978467208040719,129.27889251244062,3.4020761187484374,6.34038641036771,1.488075121099992,3.064521910314831,240.94615298730923,2.7380244657648776,5.439585634879818,0.949793751306845,2.6998537729357066,1.4358931408134445,0.7200253208456382,0.1528943754201759,0.2613699183271951,0.5024315102744227,hjorth_mobility,hjorth_complexity,2.4191776046497604,0.8069123727685461,-36.77520751953125,-231.93359375,123.53515625,-37.109375,1618.9903928898275,40.23667969514666,1868,eeg_data_level_4.csv,5,TP10,170.0078125,180.00390625
189.02884325690212,27.004120465271733,44.01766991052187,12.182165881139532,20.77700546907955,54.14045296286381,6.7675566203579764,9.685626920622532,3.9265821114005846,6.454314381171364,22.934267946669625,2.866783493333703,4.078672693528972,1.4088653646428164,2.795037022784113,54.32131782451937,1.4295083638031414,4.299307800767975,0.19472574285192593,1.3090145016355539,20.558713434262312,0.23362174357116264,0.6399942973995245,0.04950317394348376,0.21106389553178698,1.3399267579823635,0.6032158303504179,0.31305534426128884,0.8280030526654771,0.42302518965752167,hjorth_mobility,hjorth_complexity,2.0432542108742036,0.5934503893915153,-40.16437530517578,-255.859375,26.85546875,-39.0625,426.28947525372496,20.646778810597187,1868,eeg_data_level_4.csv,6,AF7,180.0078125,190.00390625
183.55752323661835,26.222503319516907,56.133280651952845,9.030950722330816,19.502752244728438,40.59774395606486,5.074717994508108,8.313670292987787,2.1767946792001793,5.618568538153912,8.426097645139468,1.0532622056424334,1.419945158886187,0.558950621139064,1.1145202344125964,64.3032659028583,1.6921912079699553,3.406068684118818,0.6608790924073799,1.7022532381377227,127.53525707525496,1.449264284946079,4.511372810273691,0.4326906471219039,1.2336535378074367,1.0457934243362503,0.38426682771996706,0.10864636552490761,0.7609368291325491,1.5329205702018076,hjorth_mobility,hjorth_complexity,2.826059395559775,0.8658101482269874,-37.22801208496094,-110.3515625,74.21875,-38.57421875,211.82735203183256,14.554289815440415,1868,eeg_data_level_4.csv,6,AF8,180.0078125,190.00390625
1112.5577608818683,158.93682298312405,201.764228947678,87.64166126829582,168.11227560993842,407.2183751207466,50.902296890093325,120.42322522700061,14.303672877879762,38.58421417192592,47.3039893587078,5.912998669838475,12.357423917906974,2.674792199307458,4.890015403765051,166.11573527706102,4.371466717817396,8.591527764555146,1.566390965345171,3.944385944526934,574.6982342933055,6.530661753333018,147.0024083055393,1.4406643927965348,3.801701759729655,1.222259583689687,0.6123294210600044,0.11319138624708597,0.4220693477635846,1.1896446079039693,hjorth_mobility,hjorth_complexity,3.462917850897189,0.9162171501597051,-36.986732482910156,-252.9296875,93.75,-37.109375,1316.1586128626368,36.27890038111184,1868,eeg_data_level_4.csv,6,TP9,180.0078125,190.00390625
1453.6962581893451,207.67089402704931,298.71425790998444,114.45619309584792,228.15184403438667,466.1711417572379,58.271392719654735,134.41772480479491,12.437478378625823,48.48846774390388,60.28179530650246,7.5352244133128075,14.903651813593276,3.013424986391211,5.324764583351033,123.01757275990552,3.237304546313303,5.9381716422108015,1.2877084100571397,3.437819053426084,284.6950765782243,3.235171324752549,7.045163825220694,1.4984963803967342,3.023193569699338,1.4087856798041836,0.655722206055243,0.13442811632895146,0.3211475467218748,0.7421956985215035,hjorth_mobility,hjorth_complexity,2.9764287530699978,0.8536389705549094,-36.0382080078125,-282.71484375,139.6484375,-34.66796875,1228.6092992872,35.05152349452446,1868,eeg_data_level_4.csv,6,TP10,180.0078125,190.00390625
10383.185394395825,1483.3121991994035,1951.200192966368,773.6881992480609,1530.4686863884547,1802.8747945905798,225.35934932382247,740.5148277000052,25.366348848890237,96.42829938801881,1167.03642036518,145.8795525456475,191.8167898315134,52.826185178090185,156.5208102818919,757.590626000078,19.936595421054687,73.7660411359505,1.552625467181961,11.977355723278086,172.8428067724799,1.9641228042327261,8.895477582865986,0.11948527861091879,1.4009929009916102,1.604349816688782,0.45524542001827023,0.36610312831065267,0.3241685852752647,0.10196792033063537,hjorth_mobility,hjorth_complexity,1.3223658204575472,0.3233791780855301,-35.83660125732422,-1000.0,971.6796875,-37.59765625,10211.007007128497,101.04952749582007,1868,eeg_data_level_4.csv,7,AF7,190.0078125,200.00390625
110.94221627298695,15.848888038998137,23.0127332647078,11.61108398066556,13.751689508949422,48.252025630025216,6.031503203753152,13.556249997338016,1.0397104358124771,5.809174342140382,8.399504844633103,1.049938105579138,1.324550834067238,0.7999559992937065,1.058008863466927,32.855676059887934,0.8646230542075772,2.305390241207499,0.23033711308434912,0.79789513702232,35.96202597675474,0.40865938609948566,1.4370207891740283,0.0839546442214113,0.30098805680907015,1.2206229161333995,0.6822936894595517,0.1857130195751181,0.7384480391626411,0.899577925037867,hjorth_mobility,hjorth_complexity,2.0919031206569225,0.7550279798062087,-36.662864685058594,-163.0859375,143.5546875,-36.1328125,171.9871782916016,13.114388216443862,1868,eeg_data_level_4.csv,7,AF8,190.0078125,200.00390625
2417.1994782779284,345.3142111825612,537.5185176477074,156.1826281756697,369.5784731450363,631.3970368126063,78.92462960157579,141.78361660799757,34.555055169707586,75.87253766996324,151.6768368074334,18.959604600929175,42.60303434799892,9.092552262236449,14.138026981234482,170.25256292528394,4.480330603296946,8.771201565249006,1.6952833983613884,4.556706007992019,416.47127811925316,4.732628160446058,106.48493706243406,0.9534645992405097,2.8414877728264027,1.4440938557042753,0.6073555313806378,0.19909000408301714,0.28880569260669914,0.6213148954509173,hjorth_mobility,hjorth_complexity,2.662422153563356,0.8418000617790536,-38.55628967285156,-286.1328125,122.55859375,-34.66796875,2076.1453126033302,45.56473760051001,1868,eeg_data_level_4.csv,7,TP9,190.0078125,200.00390625
2312.061670788734,330.29452439839054,521.2840771784109,172.09061102372107,301.0788627158051,637.3621626064393,79.6702703258049,162.95663596465036,20.59469304911779,73.39124120506416,140.1381944304269,17.51727430380336,33.78225579657012,7.286880044379842,14.938960388394063,146.11489265246854,3.8451287540123302,6.149962876939158,1.5289105205376006,3.845193423401432,256.9576344693281,2.919973118969638,6.5071474825671745,1.0483966592622427,2.725206947874356,1.4651680451824525,0.630254225938306,0.1976896086805579,0.26940706567427986,0.492302897880066,hjorth_mobility,hjorth_complexity,2.59166010297031,0.791042392582418,-34.999847412109375,-240.72265625,145.01953125,-34.1796875,1764.3330007558689,42.00396410763952,1868,eeg_data_level_4.csv,7,TP10,190.0078125,200.00390625
22610.353906234337,3230.0505580334766,6675.788379808006,900.951165398378,2887.8529841846303,1453.8192146779982,181.72740183474977,499.1636932920432,66.49925106818834,116.08741359700618,435.07199142394137,54.38399892799267,61.263556095898544,38.895621349332124,55.50799517737022,2812.1545851590286,74.00406803050075,112.91252940548095,25.001156609588513,77.73556425001934,783.7299827609653,8.906022531374605,24.942986072418794,0.3779226844923067,8.188231894102474,1.5076268925936989,0.23026672292364445,0.0893606804497781,0.5441479736446341,0.19813382977333113,hjorth_mobility,hjorth_complexity,0.7695373001993753,0.35899558036397927,-40.54718017578125,-1000.0,494.140625,-41.50390625,11781.967410352081,108.54477145561678,1868,eeg_data_level_4.csv,8,AF7,200.0078125,210.00390625
2165.1324577733085,309.30463682475835,533.200851707807,98.40038094223911,323.43065376222717,249.72733529212582,31.215916911515727,54.54994111673511,16.730336444740118,30.252996405700227,162.90335303335337,20.36291912916917,38.23586466313095,13.839343987107423,16.862269118591225,215.4799081243278,5.670523898008627,26.78609567783037,0.6736852866872473,3.0459667953630594,239.44201928052917,2.7209320372787404,6.650863791918298,0.12553097981607655,2.7228227960073754,1.5347185044964289,0.36571298925976425,0.26137914005543206,0.4030480964799855,0.5232332307977572,hjorth_mobility,hjorth_complexity,1.5213840877504892,0.7139901783849513,-40.99311828613281,-562.01171875,126.953125,-41.9921875,1325.8657009282615,36.41243882148326,1868,eeg_data_level_4.csv,8,AF8,200.0078125,210.00390625
6962.584789388377,994.6549699126253,1538.9803693387714,503.11800430101744,957.5673960124263,1965.3649831627022,245.67062289533777,463.0317225742917,114.56658920281029,175.04684037771676,283.04663173871324,35.380828967339156,73.62776731618617,21.839299701849,28.758738686271563,398.6608497808908,10.49107499423397,45.34634015499441,2.2149002519011227,6.401857685815543,702.4201804136694,7.982047504700788,113.30490085384352,1.2260392972177463,6.031994182417639,1.525134153946971,0.6738936927331515,0.15056208655379136,0.24734882186543689,0.44806763229929225,hjorth_mobility,hjorth_complexity,2.189200940222361,0.8190192391842801,-37.891387939453125,-844.7265625,148.4375,-37.109375,4733.005687012337,68.79684358320763,1868,eeg_data_level_4.csv,8,TP9,200.0078125,210.00390625
8257.05083210081,1179.5786903001156,1944.6700015610904,554.9900222236929,1124.3608760744962,1632.2922582277774,204.03653227847218,423.2851840727114,91.76810214565523,135.61794144318847,355.88572825834683,44.485716032293354,94.36796552520597,26.53631278511057,41.79493195106784,297.9077959137136,7.839678839834568,27.460948932782767,2.263357609634798,6.343237838631287,526.5140015960905,5.983113654501028,16.91099536149708,1.2077618375950099,4.767370571766445,1.6004672110871596,0.5562970373856402,0.17161384597872914,0.18571572496820246,0.34264930610423827,hjorth_mobility,hjorth_complexity,2.3484155540567144,0.770363559041801,-39.580726623535156,-837.890625,171.875,-37.109375,4810.569190558453,69.3582669229736,1868,eeg_data_level_4.csv,8,TP10,200.0078125,210.00390625
2319.0855263645412,331.2979323377916,735.1338937988469,109.00432070670094,214.31991805714873,346.0297377679828,43.25371722099785,77.45257708020821,10.96455211011655,44.09388942242486,128.0229933588015,16.002874169850188,33.10967508621317,5.157291330910466,12.33203228839031,121.277951011895,3.1915250266288155,10.72606541742622,0.7786709275432309,2.6789094661629846,38.69844217036664,0.4397550246632573,1.262906702401524,0.06922947619216516,0.34815794207590256,1.523093569986728,0.4679321367421234,0.21356192628470455,0.26297042547752747,0.10929648858368064,hjorth_mobility,hjorth_complexity,1.5213840877504892,0.5052219071753449,-42.94013977050781,-295.41015625,274.90234375,-41.015625,1319.1406811529305,36.319976337450036,1868,eeg_data_level_4.csv,9,AF7,210.0078125,220.00390625
79.56407427242173,11.366296324631676,26.63761941123691,3.7323631613806714,8.110200807358723,22.343680030983336,2.792960003872917,6.004367374013769,1.1643745700225538,2.483107544635905,7.053299496752653,0.8816624370940817,1.50423143621375,0.573580699040159,0.8201145355010235,15.243001924479644,0.4011316295915696,0.871784624850938,0.10953843193934319,0.368883553625576,17.561204253696914,0.19955913924655586,0.4400972077338813,0.07053127996319318,0.19086834625855395,1.274676614261486,0.5795198640014795,0.2413375840702007,0.5964296744167036,0.7747411828037714,hjorth_mobility,hjorth_complexity,1.9238432504984384,0.745628122544589,-40.98644256591797,-101.5625,-8.7890625,-41.015625,90.97790865780553,9.538234042935072,1868,eeg_data_level_4.csv,9,AF8,210.0078125,220.00390625
2213.2827936853996,316.18325624077136,450.0297998233262,219.9867167980418,315.00648648188104,1047.4552823990912,130.9319102998864,320.18645406324924,32.419640747796166,103.53313496377527,138.27669400949006,17.284586751186257,29.466430857207847,5.907794579526786,18.10779157245426,224.63553110058166,5.911461344752149,11.7103265713508,2.3869475655445602,5.442069468163329,535.7394159487402,6.087947908508411,101.9595521482004,1.611254367624607,4.04833439894105,1.3267607378199593,0.7842489339812961,0.17203797654650574,0.33890766452564125,0.7480180824980993,hjorth_mobility,hjorth_complexity,2.7862557421011864,0.834078004214473,-45.372772216796875,-305.6640625,199.21875,-42.96875,2507.268357439898,50.07263082203588,1868,eeg_data_level_4.csv,9,TP9,210.0078125,220.00390625
2303.4394731717443,329.0627818816778,451.0139034126492,210.4276968051589,327.9226686842458,650.6189967577852,81.32737459472315,206.08659207639022,20.246074021790356,61.445297152098604,97.55327821259402,12.194159776574253,19.770120951026634,5.969230040053827,11.893802365778498,134.73261288576896,3.5455950759412884,5.759702248810647,1.2961307149912313,3.3364362695421153,359.3278088267076,4.0832705548489505,9.975931090711303,1.5209969735075939,3.9973305444844103,1.4819771439870186,0.6336424444541973,0.14782516690673758,0.2503165534384089,0.6533114698522952,hjorth_mobility,hjorth_complexity,2.8702856771804286,0.8560468057446392,-41.573524475097656,-247.55859375,142.08984375,-39.0625,1814.581915641611,42.59790975671941,1868,eeg_data_level_4.csv,9,TP10,210.0078125,220.00390625
1491.486013138736,213.06943044839088,331.1268907653866,125.16410654665661,217.11417173731255,1075.392040264755,134.42400503309437,280.20529623192414,34.57360798223366,101.31744278560018,242.574460541673,30.321807567709126,65.9093226508724,15.890222728713107,27.852869223289844,376.95432187025045,9.919850575532907,27.859559590499035,0.8695000355370638,6.373765052992761,111.04840199867645,1.2619136590758688,5.936194527043799,0.09032790715832012,0.7393556846516771,1.2039316756773655,0.965008935071565,0.3304578919655976,0.619714188220139,0.2459124742238178,hjorth_mobility,hjorth_complexity,1.2692942825127627,0.425126140150253,-39.157867431640625,-538.0859375,274.90234375,-39.55078125,1864.457907504402,43.17936900308297,1868,eeg_data_level_4.csv,10,AF7,220.0078125,230.00390625
959.307306146825,137.04390087811785,177.3570110015846,76.32831668167506,138.74280510210676,441.66195249722807,55.20774406215351,95.99950870033683,22.908416666613984,52.90374237499115,55.50106121895435,6.9376326523692935,13.248658855304168,2.2105295372746903,6.077870881296679,141.27731790890448,3.7178241554974862,8.310505014522683,0.33437530152153433,3.5388738881356314,59.20534415696069,0.6727880017836442,2.042529237504184,0.10154512345061072,0.5979572227964249,1.4218371971464396,0.8680842593640918,0.1775306462956803,0.5018032589200577,0.27158715409383194,hjorth_mobility,hjorth_complexity,1.8177001746088692,0.6259354161638571,-38.39874267578125,-454.1015625,86.42578125,-38.57421875,751.9697188399732,27.422066275902207,1868,eeg_data_level_4.csv,10,AF8,220.0078125,230.00390625
3788.801541233838,541.2573630334055,1008.9758862872378,214.47234089895454,401.4902849446854,1026.03139452509,128.25392431563625,207.12819018995845,55.00066896610792,129.9689026438245,222.96608068237367,27.87076008529671,61.00194360961854,8.14331714029617,24.384268842218354,354.0261683104098,9.316478113431836,20.98167326498243,2.949900296899097,8.082020721378598,529.5446140328015,6.017552432190926,102.04585002945738,1.6994191586953116,4.02512859045619,1.4219423928992934,0.6292984494568994,0.18938933284904716,0.3651458128801046,0.5468085075668547,hjorth_mobility,hjorth_complexity,2.2201593373568183,0.8251420056920417,-38.21277618408203,-495.1171875,117.1875,-32.2265625,3117.2801047432586,55.83260789846072,1868,eeg_data_level_4.csv,10,TP9,220.0078125,230.00390625
3682.353882961803,526.0505547088289,1096.413174852722,334.28854757928684,421.5735991591921,1191.464313943898,148.93303924298726,252.29435538056057,54.74103049308539,153.76534725265634,214.67234653733345,26.83404331716668,57.03280565970216,9.427126131866947,24.358810556067795,253.55707097729314,6.672554499402451,12.480346340415517,1.8966901918422332,6.209662208687519,299.60048618609676,3.404550979387463,8.469959367546535,0.8089247713861534,3.1265849204390532,1.4623819529985282,0.7297204403617003,0.193502389983487,0.2905027165191698,0.37793992067263293,hjorth_mobility,hjorth_complexity,2.2245819655188837,0.7304468033779874,-37.541961669921875,-479.98046875,131.8359375,-35.15625,2802.4702047696337,52.93836231665685,1868,eeg_data_level_4.csv,10,TP10,220.0078125,230.00390625
1150.3737232544288,164.33910332206125,342.2996837271265,53.31392848464843,141.77010198917193,197.75469298804163,24.719336623505203,40.93496604568292,16.096001762165614,23.361907944275245,104.11518947253921,13.014398684067402,19.80809532923247,7.2284902833734,12.506795390659764,59.99598950337273,1.5788418290361246,5.5832074092612975,0.30432001293771777,1.396920937804349,19.279873062445468,0.2190894666186985,0.7836435953372718,0.03618589463571954,0.17081837740707212,1.5405023974602114,0.5206310428196628,0.3160459056906294,0.2580335463657976,0.1073940496341094,hjorth_mobility,hjorth_complexity,1.3621694739161356,0.4583266778596502,-38.277626037597656,-224.609375,115.72265625,-38.57421875,768.1699897148064,27.715879739146047,1868,eeg_data_level_4.csv,11,AF7,230.0078125,240.00390625
56.23381400746866,8.033402001066952,10.375174712954397,5.634158689498971,8.159000511493003,19.980133420030356,2.4975166775037945,5.062900809623126,1.0836701722541129,1.9579146476608273,6.72068951484756,0.840086189355945,1.3206978545100254,0.31807865326313267,0.8480598145575192,11.404232267448148,0.3001113754591618,0.5814067404562402,0.19721515433323086,0.28651026279193736,13.093954089701409,0.14879493283751602,0.3747724647454814,0.04318623888590206,0.13662936269437204,1.3148635558225512,0.6568379744909404,0.2889690435545871,0.5999608399125725,0.7650637729877057,hjorth_mobility,hjorth_complexity,2.18035568389823,0.7476415921884882,-37.14256286621094,-66.89453125,4.8828125,-37.109375,67.94726228690706,8.243012937446299,1868,eeg_data_level_4.csv,11,AF8,230.0078125,240.00390625
2878.3230673018975,411.18900961455677,829.5262644116231,114.23390633639312,422.9285766899398,486.2964082209072,60.7870510276134,132.82736880830666,22.928341574652865,44.634819543265216,95.30806595106884,11.913508243883605,20.49517555837138,6.560513309498612,9.87592849507206,159.66773722348657,4.201782558512805,7.498374428460914,1.5868784238132638,4.066641939643029,485.7665665389891,5.52007461976124,120.80555414162417,0.8436096062536519,3.3986160717232843,1.4436524470218797,0.4515791446537768,0.12718592267748563,0.2523758888561737,0.6573103419065527,hjorth_mobility,hjorth_complexity,2.3882192075153026,0.8684491137992416,-39.97001647949219,-241.2109375,90.8203125,-36.1328125,2224.9628613644745,47.16951198989104,1868,eeg_data_level_4.csv,11,TP9,230.0078125,240.00390625
1790.9784585228613,255.8540655032659,401.76832224157897,109.10161150627596,244.86483006027325,520.2400599643877,65.03000749554846,152.94799024511565,28.217704036560068,49.798546025033694,96.71149924549658,12.088937405687073,23.614531646293464,5.600301271151352,9.896160878432077,142.60933605312,3.752877264555789,6.910352161645513,1.7598787536665421,3.7386072691519914,328.78487520945134,3.7361917637437654,8.431473424497794,1.190461657960172,3.4654327748999485,1.38715057374804,0.6226601984870905,0.16921537894136945,0.3072590146133947,0.7073754287579104,hjorth_mobility,hjorth_complexity,2.8172141392356442,0.8324149630640539,-37.015533447265625,-235.83984375,125.0,-34.1796875,1605.2245575701818,40.065253743988464,1868,eeg_data_level_4.csv,11,TP10,230.0078125,240.00390625
19980.857692860172,2854.4082418371677,5490.9403524166155,774.2676884485522,2418.6734034976903,5395.075834779298,674.3844793474123,1438.4709072536923,256.7297984138568,619.4262181527987,1629.8874429381563,203.73593036726953,460.9533387049986,80.25819136495694,156.8178870627264,1737.5776599337862,45.72572789299437,190.0370237798746,5.448953668650633,31.79584146060099,338.51148629446743,3.846721435164403,13.568751956544396,0.8874111182192893,2.788343216266658,1.4552056854639617,0.6539333681448676,0.2629143257007037,0.3543603913391842,0.0988108467469523,hjorth_mobility,hjorth_complexity,1.9503790194708306,0.2930381318640809,-35.40515899658203,-1000.0,968.75,-39.0625,13293.90124938072,115.29918147749672,1868,eeg_data_level_4.csv,12,AF7,240.0078125,250.00390625
998.9251122924954,142.7035874703565,311.45618994966725,22.357221534589534,114.6304736565751,301.3990048539127,37.674875606739086,64.29619237899277,11.770794706504521,34.94472840877638,84.68715895403096,10.58589486925387,17.39286607501597,6.497469468142779,9.23932804970121,94.19407669537546,2.4787914919835647,6.747720595285818,0.366129431627398,1.7975372932447384,52.28177174782668,0.5941110425889395,2.242341348648298,0.03524044559423847,0.44833453077127505,1.3334284685295972,0.6830653208231531,0.26201766317772945,0.3631366805463228,0.24830582004714852,hjorth_mobility,hjorth_complexity,2.2068914528706225,0.6715474519967587,-35.65845489501953,-388.18359375,80.56640625,-35.64453125,676.7780443988158,26.014958089507196,1868,eeg_data_level_4.csv,12,AF8,240.0078125,250.00390625
3666.2786891759865,523.7540984537123,1427.4329926707917,161.7947280446842,183.04967524177766,552.9291893906136,69.1161486738267,141.41723608359632,23.817647603059182,65.24341590880258,114.8112356941076,14.35140446176345,26.859773754924475,2.7554758598984557,14.45525249128178,252.6504990442525,6.648697343269803,12.38507799302622,2.152860788103266,6.489468946151169,535.7754392224829,6.088357263891851,118.72044693913523,1.3217516418408986,3.7163285784380617,1.2816224579698205,0.4128230704810113,0.11640517818424317,0.29587614514869237,0.5786293801619351,hjorth_mobility,hjorth_complexity,3.4540725945730584,0.8847663801404202,-36.13910675048828,-416.50390625,178.7109375,-34.66796875,2446.3752819792717,49.460845948884376,1868,eeg_data_level_4.csv,12,TP9,240.0078125,250.00390625
3228.966280191358,461.28089717019395,1070.7536104738037,119.87860103817863,298.531977041554,485.2975434481092,60.66219293101365,135.9311339295682,17.442991189892048,55.78227289564428,101.00574520063573,12.625718150079466,25.388496514838373,8.862795173897519,10.349157863662338,177.06541911932058,4.659616292613699,10.61090191576402,2.1798144505600865,3.9632950504461015,288.6893739509551,3.2805610676244896,8.581412951016341,0.9522090145170886,3.0754514229206364,1.3793412463103987,0.42894389075673556,0.12441617487120119,0.25479332149721684,0.43869332091700175,hjorth_mobility,hjorth_complexity,3.4319594537627314,0.8548847659572587,-34.71336364746094,-388.671875,208.49609375,-33.69140625,2026.0456831601914,45.01161720223115,1868,eeg_data_level_4.csv,12,TP10,240.0078125,250.00390625
2125.568011735106,303.65257310501516,509.03339719236766,160.48360655797543,281.1927697033391,516.9164047652682,64.61455059565853,127.89313905935084,29.468927674550123,45.111681271314126,145.8161561474966,18.227019518437075,31.817664006220166,5.992894549124356,17.92180402232635,148.30806848809834,3.9028439075815355,9.680850732049516,0.8178953082062428,2.943260311685298,21.092079988999767,0.23968272714772462,1.110171972746039,0.04385201782085845,0.1598552662877528,1.57398760474396,0.6379679912854961,0.24446948587032957,0.3193897309345633,0.06461722220315796,hjorth_mobility,hjorth_complexity,1.4638899216436392,0.3997003888136301,-37.833213806152344,-256.34765625,153.3203125,-39.0625,1294.7335102580837,35.982405565193716,1868,eeg_data_level_4.csv,13,AF7,250.0078125,260.00390625
55.07111277777304,7.867301825396148,12.417752474963422,4.714252251427021,7.469795181882221,20.14176134905137,2.5177201686314215,3.6353478999109488,0.7423512684853705,2.7669046402205066,8.309507906345075,1.0386884882931344,2.025125118197368,0.5493161450503039,0.8509356132376629,14.072402966340182,0.3703263938510574,0.8596868841556605,0.1614502496144412,0.3644343664063885,13.568670369373304,0.15418943601560572,0.2942656754423849,0.04359886751145062,0.15248153364896705,1.246038166095496,0.6469400545633983,0.32906325241191553,0.6824647085959131,0.7606259368915598,hjorth_mobility,hjorth_complexity,2.392641835677368,0.7338594318171296,-36.728668212890625,-71.77734375,8.30078125,-37.109375,71.05225173290819,8.42924977283911,1868,eeg_data_level_4.csv,13,AF8,250.0078125,260.00390625
2025.8702981265324,289.4100425895046,493.9678469411644,146.67860698166652,252.59386714111437,462.04843520008984,57.75605440001123,99.38058624486186,17.29025076839873,48.63614329987581,100.05889142835206,12.507361428544007,23.33834933719011,4.988384430945938,11.285284477928021,189.88432115642854,4.996955819906014,7.932629757275567,2.4688392854711716,5.106311951620393,462.5886786489425,5.256689530101619,114.31406404801093,0.9819673837392506,3.070801911205105,1.410727987644482,0.5329241675655765,0.16083724071898498,0.36127062513364877,0.7716754873238093,hjorth_mobility,hjorth_complexity,2.627041128266833,0.8728528559574787,-36.62757873535156,-230.95703125,122.0703125,-35.400390625,1713.0547713895794,41.389065843403365,1868,eeg_data_level_4.csv,13,TP9,250.0078125,260.00390625
2471.047880640411,353.00684009148733,600.7154004629,138.27710997777243,286.3932766659739,585.1887437966523,73.14859297458153,120.60230974361639,27.593039906892184,73.59476611378199,122.41711376477544,15.30213922059693,32.94638618500656,4.510772860544475,14.471327441950365,132.8711113700241,3.4966081939480027,7.674197016226263,1.725607976859245,3.1538978396208073,281.50252335853696,3.1988923108924654,6.591312836090868,1.1682769690939496,3.078223985703157,1.4878980282338823,0.6000668466686232,0.17505829349979768,0.2461100282126418,0.5269924373106384,hjorth_mobility,hjorth_complexity,2.8304820237218404,0.8021347751420381,-36.899566650390625,-236.81640625,124.0234375,-35.64453125,1705.5194213753566,41.29793483184549,1868,eeg_data_level_4.csv,13,TP10,250.0078125,260.00390625
94.21040708441521,13.458629583487888,24.58031221459466,4.758600851556374,15.06191159025888,21.623952232773185,2.702994029096648,4.918234139733163,0.7026899685347691,2.143191801272638,6.1498453738213215,0.7687306717276652,0.9136496753387809,0.516433435365479,0.8036491765567609,9.863599144559043,0.2595683985410274,0.6860340841458338,0.08815263392411612,0.20436490492909926,7.894471227988564,0.08970990031805187,0.3487638766443229,0.019611971803788306,0.08142948519753573,1.415460229012599,0.5561448857866715,0.21627070641847662,0.4082265252325647,0.3838213552244106,hjorth_mobility,hjorth_complexity,1.7425154958537579,0.6891197602725478,-41.36505126953125,-79.58984375,28.3203125,-41.9921875,96.92134102806449,9.844863687632476,1868,eeg_data_level_4.csv,14,AF7,260.0078125,270.00390625
37.07521827081436,5.2964597529734805,6.587745882917364,4.147487729289123,4.917499311823836,15.952908340011408,1.994113542501426,3.8837737776849983,0.7621298754294303,1.4302217730554558,5.680314539780015,0.7100393174725019,0.8991463286976165,0.528585222520819,0.7451306852683273,12.460284488316942,0.3279022233767616,0.8341372770288715,0.11199655764463093,0.3014910522635049,15.549901218637856,0.17670342293906655,0.3570412848095618,0.04835366808146646,0.17323955316490805,1.140844748131372,0.6316282338131076,0.29799055289746057,0.7489794388924341,1.0414371733899639,hjorth_mobility,hjorth_complexity,2.251117734491276,0.7607061467726776,-40.781593322753906,-82.51953125,11.71875,-41.015625,79.33721903100377,8.907144269124856,1868,eeg_data_level_4.csv,14,AF8,260.0078125,270.00390625
2250.977866496214,321.5682666423163,656.157348249735,90.16248878070002,208.0241326392366,1180.4874640108046,147.56093300135058,182.0787060146329,119.4276136916985,145.2589106879347,392.9840896693863,49.12301120867329,82.00931674357513,19.00977884593572,41.54724626424579,174.56848273466176,4.593907440385836,12.98103474841487,1.4897559607001873,3.9639075125173204,551.4070902078311,6.265989661452625,137.69677107216697,1.2556127435311544,3.913389330439517,1.1742890117664146,0.852790995724427,0.36452178848699324,0.24824145958250038,0.6740531700618826,hjorth_mobility,hjorth_complexity,2.4589812581083486,0.8708988966815143,-40.36693572998047,-277.83203125,287.59765625,-44.921875,2517.0457287094905,50.170167716577254,1868,eeg_data_level_4.csv,14,TP9,260.0078125,270.00390625
1921.8743769932103,274.55348242760147,499.12067595793656,118.52153065245635,283.8225293057869,493.3179958358623,61.664749479482786,165.60487191749928,28.99834044610786,39.366897899775935,74.8730791246385,9.359134890579812,15.810657381130707,4.303760202636594,10.462138943726167,144.69040720768766,3.8076422949391486,5.903407928020119,1.4411485345946007,3.813829875553881,256.2176236685706,2.9115639053246656,6.183624652635163,1.3170782090472912,3.01551957944634,1.4453982642017342,0.5971746683840056,0.1389846949212274,0.31325700162920755,0.5764663769512268,hjorth_mobility,hjorth_complexity,2.8172141392356442,0.8103835631618101,-38.01994323730469,-260.25390625,127.9296875,-38.0859375,1552.5742653699126,39.40271900985911,1868,eeg_data_level_4.csv,14,TP10,260.0078125,270.00390625
1154.9459977147842,164.9922853878263,273.4699012422288,80.52374869376406,190.12731638453047,173.96002867745187,21.745003584681484,39.097584580749675,10.172634020238284,17.993816686901123,74.24969363232364,9.281211704040455,19.29970743985339,2.506780629428414,9.118644859437378,68.28518470537202,1.796978544878211,7.373715503134964,0.15878839335370443,0.9931221962934338,23.32081036570286,0.2650092087011689,1.0483312356070382,0.03354120636120352,0.19134050841564565,1.6226606611142895,0.47442037232854806,0.23869815020223195,0.2840346909021644,0.12840306320760111,hjorth_mobility,hjorth_complexity,1.1675738347852591,0.47607507433339835,-39.350128173828125,-250.9765625,114.2578125,-39.0625,849.4652522495016,29.145587183131198,1868,eeg_data_level_4.csv,15,AF7,270.0078125,280.00390625
65.58725352930412,9.369607647043447,17.546098828916268,3.2438722705113476,6.015691610756403,12.234832587188366,1.5293540733985458,2.6727960533415005,0.7234635446136051,1.3033457116427325,6.1021294231475185,0.7627661778934398,1.0334800140903109,0.4610318037687484,0.739122448067399,15.289771772239364,0.4023624150589306,0.7361502952001705,0.16083510951896368,0.36471395992209693,17.323715787627528,0.19686040667758553,0.4336326831059798,0.0777048577382079,0.1835336170379287,1.2503045242749167,0.4210743016721992,0.2468753550157073,0.6936889000987112,0.8829339970670257,hjorth_mobility,hjorth_complexity,2.308611900598126,0.768588875592666,-38.134193420410156,-79.1015625,-2.9296875,-38.57421875,66.86616656224942,8.177173506918477,1868,eeg_data_level_4.csv,15,AF8,270.0078125,280.00390625
3527.8728290501617,503.98183272145167,1342.6583899459738,98.78424600281333,325.2626594940112,414.29490377823083,51.786862972278854,87.69638625054148,14.74146716314622,46.51059259959554,100.2010161531852,12.52512701914815,25.55775542678714,5.568720715001837,8.963076863093104,155.55537739902633,4.093562563132272,8.782701924421582,1.3667849236234229,4.056003847764179,446.8583820388204,5.07793615953205,145.69684001148758,1.1234145754153186,2.4843828832975188,1.371936023646029,0.3774704929843814,0.1209121479011353,0.22627242489717697,0.5312128836499612,hjorth_mobility,hjorth_complexity,2.2643856189774723,0.8721246502038232,-41.142845153808594,-241.2109375,163.0859375,-44.43359375,2519.790010082943,50.19750999883304,1868,eeg_data_level_4.csv,15,TP9,270.0078125,280.00390625
2298.6200434219463,328.3742919174209,572.501290085446,182.93877876874575,295.2404660943408,550.682971912786,68.83537148909825,172.25489084053194,24.159982773046153,60.85023540350657,118.66501817425285,14.833127271781606,38.14347417533762,3.5340901532156446,11.35558973635712,129.167363677906,3.399141149418579,6.733208886412178,1.5656644935176995,3.474486454560619,236.92804547788154,2.6923641531577447,5.838527222796829,0.7712026964128926,2.7068614480416837,1.508617951429027,0.5954882506571326,0.17921620208179628,0.2559215259646997,0.4853663832097063,hjorth_mobility,hjorth_complexity,2.697803178859879,0.7939501420478239,-36.093902587890625,-206.54296875,115.72265625,-36.62109375,1677.4404555326328,40.95656791691209,1868,eeg_data_level_4.csv,15,TP10,270.0078125,280.00390625
134.11406003782625,19.15915143397518,29.246215122273757,11.990220265896127,19.327011837645514,26.024434636037636,3.2530543295047045,9.411239050334299,0.8349641707717652,2.4816489680758713,16.79338443431687,2.0991730542896088,3.2987325178393045,0.6560069864134277,2.2305688982596514,19.094035657670137,0.5024746225702668,1.6904121391620959,0.12469132721701223,0.3619353297566982,8.67924764356577,0.0986278141314292,0.5069270430510879,0.01990101077569066,0.08427250530167976,1.496357678617326,0.48163314861061896,0.3607693253584588,0.527002545751889,0.30746157148952946,hjorth_mobility,hjorth_complexity,1.662908188936581,0.6910797257515976,-39.000701904296875,-126.46484375,17.578125,-38.57421875,101.00146697368473,10.049948605524545,1868,eeg_data_level_4.csv,16,AF7,280.0078125,290.00390625
63.63145693515766,9.09020813359395,18.94978484866065,3.4881547984062773,5.343786759271989,12.445686744542577,1.5557108430678221,2.355958211968824,1.018575071740905,1.5366244648180676,6.164106237433286,0.7705132796791607,1.5244309922212362,0.45213348249970675,0.5733069353358091,12.639414947683271,0.3326161828337703,0.6725537101389172,0.08125135544687313,0.3149204154409842,14.856475528825861,0.16882358555483934,0.5179124547022314,0.04628183676632959,0.15294194138027783,1.2798467935533018,0.46058721738244596,0.2613982508805541,0.6321996320562439,0.8267742462100972,hjorth_mobility,hjorth_complexity,1.7159797268813657,0.7609646918569727,-37.818145751953125,-86.9140625,-11.71875,-38.0859375,63.8393679400906,7.989954188860572,1868,eeg_data_level_4.csv,16,AF8,280.0078125,290.00390625
2525.7286059538683,360.81837227912405,809.0607155594497,113.87674910653972,224.82668092763242,645.8105116553868,80.72631395692335,127.61704710563016,35.5961625621762,67.36566152226774,134.95963555027214,16.869954443784017,28.484261861524722,9.798410377165265,15.593210525127441,119.92405914026051,3.15589629316475,9.168862389226108,1.397333589539001,2.612596495095827,373.796994180348,4.247693115685773,126.03039119128451,0.6440453128309035,2.0030039590249644,1.3639803211557897,0.6152928503053724,0.1819231217781301,0.2111224279562206,0.526606162465227,hjorth_mobility,hjorth_complexity,1.9592242757949614,0.8410684713570088,-41.98493957519531,-309.5703125,83.984375,-39.55078125,2030.9626530797686,45.06620300269115,1868,eeg_data_level_4.csv,16,TP9,280.0078125,290.00390625
2199.854179392575,314.2648827703679,637.6004415111461,124.69545576975423,281.7943807598464,701.4284049870691,87.67855062338364,154.5941295071398,29.133876442342782,64.86834458134152,150.7223564363973,18.84029455454966,29.459846586918346,9.15496177632299,17.184556304051263,115.6733692231015,3.044036032186882,7.796870810593256,1.1376453570492115,2.9187907414987286,149.37214274827312,1.6974107130485583,2.886510781221771,0.7847888303695556,1.7897876395725276,1.4593751366938275,0.7192586092035087,0.22544680930223737,0.23440620680651053,0.32973988613383354,hjorth_mobility,hjorth_complexity,2.0078731855776804,0.724527893276085,-39.12982940673828,-197.75390625,131.8359375,-39.0625,1647.6398636223166,40.59113035654854,1868,eeg_data_level_4.csv,16,TP10,280.0078125,290.00390625
890.2985725521656,127.18551036459509,243.50280915924895,40.91618461245876,126.92608220278261,289.899315568262,36.23741444603275,93.8028095977823,3.0231082288019016,37.13066393340276,84.12683693299078,10.515854616623848,19.594122778766454,3.947846792215957,10.73125567885721,70.68610502746384,1.8601606586174695,6.431399989850783,0.32938950151983315,1.1922662234423678,22.05262136961015,0.25059797010920626,1.1130825686194123,0.05218822948068361,0.16521783309932137,1.4359871086978568,0.704342155726697,0.28926837453295723,0.3237516970230283,0.13294591876642395,hjorth_mobility,hjorth_complexity,1.8000096619606079,0.5543605427865147,-39.42718505859375,-289.0625,219.23828125,-39.0625,683.2485995255411,26.139024456271144,1868,eeg_data_level_4.csv,17,AF7,290.0078125,300.00390625
83.48133359483909,11.925904799262726,28.569964786674607,2.6975375859348163,8.293917150728255,15.884655332025744,1.985581916503218,3.9505828932033853,1.2868773922481773,1.6854966992613991,6.825632048740058,0.8532040060925072,1.9711799446924354,0.29196583429513473,0.610312941431054,21.83062044179129,0.5744900116260866,1.2143886966353477,0.3367306197894607,0.5285452130563701,25.804950029197038,0.2932380685136027,0.7747211869708035,0.0407938673121272,0.23190842785753082,1.2069846851538144,0.4145343326696093,0.20737402878935202,0.7339008551995466,0.958134021165796,hjorth_mobility,hjorth_complexity,1.8575038280674576,0.7618678648356306,-38.247108459472656,-109.375,4.39453125,-38.57421875,88.57120610628044,9.411227662015218,1868,eeg_data_level_4.csv,17,AF8,290.0078125,300.00390625
4234.11805642634,604.8740080609058,1322.8645345163995,214.08293834752823,341.00397696498527,475.4808363435192,59.4351045429399,129.0325719688518,20.96893615969176,42.698145840642795,106.14794859066876,13.268493573833595,25.21313957016778,6.848946599795719,10.161377670408644,178.77796270116335,4.7046832289779825,7.688302738590143,1.6390315184725601,4.821513737765374,527.7389212033736,5.9970331954928815,161.04633410029427,0.9100910933614467,3.3310650730945133,1.4509320228229,0.36055431340802313,0.10842037947633035,0.2167631417345125,0.5241723261389859,hjorth_mobility,hjorth_complexity,2.7022258070219443,0.8711478361067494,-38.65833282470703,-345.21484375,181.640625,-37.109375,2907.3179728220566,53.919550933052626,1868,eeg_data_level_4.csv,17,TP9,290.0078125,300.00390625
2333.9026321998463,333.41466174283516,648.603149360415,180.34470322223615,245.02145983707845,506.4997824779988,63.31247280974985,123.57747010078886,21.71217497429552,51.690521600058645,111.007779017343,13.875972377167875,22.43044112991265,4.92521635031945,14.223944464728797,180.72764623911107,4.755990690502923,9.17060197845346,1.798099393872099,4.691431981388384,272.8022391187989,3.100025444531806,6.538409149992662,1.1019983876278738,3.0393122660291905,1.4648857090811256,0.5527455347138055,0.16996314497273518,0.3316847708835803,0.5331466690518899,hjorth_mobility,hjorth_complexity,2.428022860973891,0.7925137541449246,-35.91041564941406,-221.6796875,150.87890625,-34.66796875,1929.042760602897,43.92086930609294,1868,eeg_data_level_4.csv,17,TP10,290.0078125,300.00390625
7.21513006465376,1.0307328663791087,1.6521908945222419,0.5459498607320311,0.9489462881711446,3.3424569830546225,0.4178071228818278,0.711747550724509,0.27916175924929365,0.40648768915960576,2.339638656610331,0.29245483207629136,0.45871606735222037,0.16982975444546955,0.3042859319082971,6.564337455249641,0.1727457225065695,0.5050268326075801,0.05780653441729476,0.15772437051993887,9.084960938744205,0.1032381924857296,0.9927579375877671,0.019868415991086585,0.07371751887663368,0.7799150968456661,0.4607684230097014,0.34957453178881126,1.0770349220404898,1.581964323913033,hjorth_mobility,hjorth_complexity,2.6314637564288983,0.8175773810448624,-38.08937072753906,-52.734375,-22.94921875,-38.0859375,18.6640651372727,4.320192719922654,1868,eeg_data_level_5.csv,0,AF7,120.01171875,130.0078125
35.2502259983252,5.035746571189314,7.779360470541544,2.9582693402441027,5.099628984794017,17.96026946260465,2.2450336828255812,4.672439330541453,0.6256030078657795,1.7629579626616039,6.23234411391665,0.7790430142395812,1.1853653455913649,0.4112842533387592,0.7473305245728953,13.515574750067806,0.3556730197386265,0.8064602254119624,0.08468980413596032,0.3283912445016405,9.989530963705104,0.11351739731483072,0.298608963268297,0.028404574569717025,0.10424708636319771,1.1417680170480455,0.7137216031396605,0.3342549438724568,0.8389441947032562,0.7524136490703525,hjorth_mobility,hjorth_complexity,2.229004593680949,0.7038909900818758,-36.787986755371094,-66.89453125,3.90625,-36.62109375,44.82827407628065,6.695392003182536,1868,eeg_data_level_5.csv,0,AF8,120.01171875,130.0078125
288.62760265687433,41.232514665267765,84.62655985344861,13.459978360536017,39.79092094062284,117.4282915743602,14.678536446795025,33.45489830637738,7.622708418423754,10.262743755968694,35.49449601278688,4.43681200159836,6.259502137010319,2.1066883291526173,4.291788677338512,119.47193864830233,3.1439983854816402,7.6651251952443955,0.8921299711291617,3.0498187036906685,378.56581660599625,4.301884279613594,131.73693175993014,0.5927629095741515,2.0519334799595073,0.8652025957089703,0.4737583454533135,0.18938293617052773,0.6737747760220948,1.570480296799392,hjorth_mobility,hjorth_complexity,3.878644898131334,0.9366405506063026,-38.92803192138672,-176.26953125,44.43359375,-38.57421875,510.92494741169503,22.60364898443822,1868,eeg_data_level_5.csv,0,TP9,120.01171875,130.0078125
253.3955668098414,36.1993666871202,55.33252948298124,21.690304832975016,37.25176074863842,84.23383561459097,10.529229451823872,25.092651212526167,4.265135555307429,8.474224176857682,33.83477135933765,4.229346419917206,7.6310475002344775,1.577024890447361,4.156925140304233,60.41700117922698,1.589921083663868,3.826315921229644,0.5557419471229487,1.558201664444201,113.04547688162663,1.2846076918366662,2.354166665552643,0.4420669323228025,1.2495697656396114,1.176682000995631,0.5556171817783371,0.2764732098836052,0.5974754360199662,1.164968271550712,hjorth_mobility,hjorth_complexity,3.2992806089007702,0.8525066787607155,-36.528968811035156,-157.71484375,42.96875,-36.1328125,283.06524003710365,16.824542788352485,1868,eeg_data_level_5.csv,0,TP10,120.01171875,130.0078125
14.343035915130052,2.0490051307328647,4.63243777412482,0.8535773887255108,2.12337721971307,2.787194368957708,0.3483992961197135,0.6094911823023819,0.1938888232696957,0.3353175355904833,2.0946465738742956,0.26183082173428696,0.3294330501997028,0.19008356100284218,0.26443680932853586,6.3447586452270475,0.16696733276913284,0.3060916382050641,0.060926270654036725,0.1592109527709755,8.391424641562251,0.09535709819957104,1.013347425590292,0.029720679941044565,0.07113990581930993,1.0689647202377455,0.3518643295020394,0.28331699311162245,0.9304068905558942,1.2919309825145873,hjorth_mobility,hjorth_complexity,2.755297344966729,0.8305828104220097,-38.57154846191406,-58.59375,-24.90234375,-38.57421875,22.37855675048195,4.730597927374715,1868,eeg_data_level_5.csv,1,AF7,130.01171875,140.0078125
156.40904315594008,22.344149022277154,50.417976091484725,10.85835864805835,15.563786404394458,39.92826172170503,4.991032715213128,9.057963485117714,1.9108527631597672,5.429446616341448,13.816103415070263,1.7270129268837828,3.1735260294010974,0.9048784732183986,1.6020356360985994,14.569803215025821,0.3834158740796269,1.1373778578143159,0.09820423916798704,0.270013932715086,11.49140891886647,0.13058419225984627,0.2941526726625395,0.042801479744594695,0.12777763125678637,1.4248596288221202,0.6167221325201591,0.27520611903633496,0.37079216499660544,0.3482017443523646,hjorth_mobility,hjorth_complexity,1.968069532119092,0.6561197207162118,-37.647056579589844,-91.30859375,16.6015625,-37.59765625,130.60949710052228,11.428451211801285,1868,eeg_data_level_5.csv,1,AF8,130.01171875,140.0078125
376.0713166928008,53.724473813257255,103.88818690937445,26.752369832037957,33.06117714905966,171.25917406289975,21.407396757862468,30.18700596196258,9.941658781483255,21.539485283596644,56.931719953729264,7.116464994216158,19.08680751321786,2.45438898152704,5.621996547338577,80.54763153270586,2.1196745140185755,5.154473450273362,0.8631071499323151,1.8953004908471536,266.9642182317372,3.033684298087923,105.4931832667167,0.34394198697286643,1.0959360925496937,1.0490591138059446,0.6540301081242397,0.2720143087407827,0.4919206073533008,1.1425880565207251,hjorth_mobility,hjorth_complexity,3.3037032370628356,0.9055440379028249,-38.61083984375,-179.19921875,56.640625,-37.59765625,488.0817234516144,22.092571680354787,1868,eeg_data_level_5.csv,1,TP9,130.01171875,140.0078125
249.74370278600708,35.67767182657244,66.34420931278241,17.290740509114343,29.565256058900836,95.3703847963926,11.921298099549075,16.221716277038876,5.769840949286725,13.700562886387841,36.44096224565358,4.5551202807066975,9.305898659039405,2.37124199127535,3.695257668074718,54.3571838141246,1.430452205634858,3.042696737995058,0.5652883448147211,1.356878839018606,79.88385540995598,0.9077710842040453,2.325270284347446,0.2731136301352905,0.8515519165735581,1.1874897727458291,0.6555646010989247,0.31015954137884794,0.5772933846053843,0.9214127651806758,hjorth_mobility,hjorth_complexity,2.6049279874565063,0.7978089159860257,-37.03422546386719,-123.046875,75.1953125,-36.62109375,274.41469588666223,16.565466968566334,1868,eeg_data_level_5.csv,1,TP10,130.01171875,140.0078125
12.543972617238667,1.7919960881769526,3.9223516106778016,0.5569034886655735,1.5415788392382015,3.5220884410076714,0.4402610551259589,0.8308649406496698,0.2618462012349993,0.38361162838728174,2.905114317346231,0.36313928966827885,0.46610189452924505,0.2735098049425908,0.36612704986328193,7.078168994410042,0.18626760511605375,0.41266106281607595,0.05226983786207487,0.18676544551487195,8.583608250174436,0.09754100284289131,0.8916019275915195,0.024952313418274284,0.07153136993931428,0.9740704576055871,0.410818045847195,0.35867825520278496,0.9858719122120316,1.297691521654468,hjorth_mobility,hjorth_complexity,1.9238432504984384,0.8052341481609968,-35.83946228027344,-51.7578125,-17.08984375,-35.64453125,32.09896371117793,5.665594735875302,1868,eeg_data_level_5.csv,2,AF7,140.01171875,150.0078125
255.27060007705293,36.467228582436135,64.84219802159441,8.875304332129275,30.123689147370833,74.46748996620164,9.308436245775205,16.896437682642627,5.409114479180243,6.98753348016338,22.203056901308507,2.7753821126635634,5.505150856407759,2.1591115313323805,2.378584978682575,20.38975080161027,0.5365723895160597,1.9837172243548638,0.1991471018502224,0.39242997503855015,15.006185832692868,0.1705248390078735,0.32239026932954423,0.06328291911695871,0.16435003978084595,1.4413761376953973,0.6909104645143289,0.2759346839536072,0.32933801810027746,0.292690797966796,hjorth_mobility,hjorth_complexity,1.6098366509917967,0.6336277418782859,-33.58726501464844,-96.6796875,40.0390625,-34.1796875,200.73201027116738,14.167992457337327,1868,eeg_data_level_5.csv,2,AF8,140.01171875,150.0078125
1007.8497893118392,143.97854133026274,176.42797588615454,90.20556266797209,136.312851143157,435.488225692832,54.436028211604,115.42552108795228,31.464557584639312,48.40630148231739,88.39437823051446,11.049297278814308,18.361488507844882,4.084235420321574,11.746750848227752,102.54930026832209,2.6986657965347915,7.39761722385505,0.5486674989313349,2.4560592302555353,455.80406810442946,5.1795916830048805,206.2675096276593,0.5317066616398312,1.5321096408556154,1.2578100406285735,0.7261738976519196,0.21324948121266654,0.31348042730858816,0.8752254353559002,hjorth_mobility,hjorth_complexity,3.0825718289595665,0.9110472065120704,-36.870765686035156,-243.1640625,70.80078125,-36.1328125,1062.8204486783943,32.600927113786106,1868,eeg_data_level_5.csv,2,TP9,140.01171875,150.0078125
512.5686269530116,73.22408956471595,104.5408840367603,55.36706191276204,66.58388346165414,240.76910299764884,30.096137874706105,51.74526734525674,12.65426981157824,30.199111386374973,51.2964712746,6.412058909325,10.76942635835929,1.854942674505931,7.57769483852957,55.23106089065318,1.4534489708066627,3.468237276158519,0.43565245846218126,1.374627875093534,111.52155539935734,1.2672904022654243,2.746682501291471,0.533597288176217,1.2437875940521894,1.3104678149468316,0.8081053553515092,0.2489851003365196,0.3502721383264839,0.7231446291166249,hjorth_mobility,hjorth_complexity,2.6049279874565063,0.7988894788985529,-33.337974548339844,-187.5,43.9453125,-31.982421875,505.43041401397204,22.481779600689357,1868,eeg_data_level_5.csv,2,TP10,140.01171875,150.0078125
9.623710354095438,1.3748157648707768,2.230232329252097,0.6781094277699946,1.0531389788783456,5.358592474756888,0.669824059344611,1.265297129634218,0.3531213286737904,0.5814442941585576,2.246785789033577,0.28084822362919715,0.45230645191396435,0.13939897873151608,0.28249654935796975,7.6026812562151935,0.20007055937408405,0.6387243509440896,0.07040762744801962,0.18044618140124613,8.809492064192892,0.10010786436582832,0.9476285793435704,0.027142092766936052,0.0787907517431318,0.8489853392022373,0.580639204932488,0.30081758170864603,1.0766398439266271,1.3728377367012587,hjorth_mobility,hjorth_complexity,2.6093506156185713,0.7947435521626577,-39.56413269042969,-56.15234375,-22.4609375,-39.55078125,20.4624688194599,4.523546044803777,1868,eeg_data_level_5.csv,3,AF7,150.01171875,160.0078125
139.3498081921276,19.90711545601823,31.447465625539742,9.574247555429476,19.577085252028866,45.97989547079274,5.747486933849093,9.295072070970024,2.7598722666371436,5.43975238799934,13.680549475752283,1.7100686844690354,2.7246966885432684,0.8940015166781383,1.6845911453932043,20.08816113200162,0.5286358192632005,1.4245992042090014,0.18983783666386583,0.5113901935075422,19.83579870037866,0.22540680341339386,0.4843523929274231,0.0757660982257821,0.2231138425115789,1.3724848836789576,0.6862463494753417,0.27183869428452434,0.4921679359602509,0.5578059493865795,hjorth_mobility,hjorth_complexity,2.2201593373568183,0.704370106326132,-38.64097595214844,-85.9375,17.578125,-38.57421875,140.78618478379212,11.865335426518381,1868,eeg_data_level_5.csv,3,AF8,150.01171875,160.0078125
2235.8474600017107,319.4067800002444,692.0730800202792,75.70525577765017,161.45449993851088,414.4757983768372,51.80947479710465,74.77309192396456,25.302404038974103,49.54963373387549,126.7609876258494,15.845123453231174,26.40430035397734,6.298252804970827,14.284115790829501,131.88510442574005,3.470660642782633,6.990315288314682,0.8813160524851418,3.2952624500123386,401.75219148533097,4.565365812333306,153.2591007519254,0.5961991783294089,1.932037362280672,1.3415930117305732,0.5017716051863088,0.19523842095938104,0.2621984193568484,0.6042945184301229,hjorth_mobility,hjorth_complexity,1.9061527378501768,0.8654879841492015,-36.319923400878906,-224.609375,124.0234375,-39.55078125,1944.1780706620193,44.092834686171166,1868,eeg_data_level_5.csv,3,TP9,150.01171875,160.0078125
393.4678880186329,56.209698288376124,77.8468125932918,36.239912217342344,55.76564204727371,212.21670978064918,26.527088722581148,64.34663458435718,16.188997918302316,20.569112907063175,57.93933303566918,7.242416629458647,12.323621110233738,2.967560436658972,7.582038001476452,81.23436279131622,2.1377463892451636,7.5347219320233165,0.8118855869667781,1.716956972527182,95.11324228036811,1.0808322986405468,2.207160139981745,0.46219754701937404,1.0127294593495884,1.207536890666764,0.8108469402097344,0.30899692772289833,0.5391040337894952,0.7146142914746089,hjorth_mobility,hjorth_complexity,2.662422153563356,0.7704016314065462,-37.01343536376953,-220.703125,49.8046875,-36.62109375,460.3987716473057,21.456904987609597,1868,eeg_data_level_5.csv,3,TP10,150.01171875,160.0078125
21.854791690575006,3.122113098653572,6.932950438062658,0.734293811870878,2.708222666628372,4.061033715749809,0.5076292144687261,0.8798898741146198,0.24849744520196643,0.5279498096244916,2.3520756514559173,0.29400945643198967,0.45170388176342224,0.1474910704882958,0.27947458141775533,7.25401201892984,0.19089505312973265,0.4408693388019006,0.07425438323847668,0.1714489854374962,8.810943480770256,0.10012435773602563,0.887787220626311,0.019083363686961057,0.074852800715421,1.1603894469589737,0.38198418789021776,0.24815378439591984,0.829506459000233,1.0851742168095484,hjorth_mobility,hjorth_complexity,2.1538199149258377,0.8138000790669835,-39.36328887939453,-56.640625,-19.04296875,-39.55078125,28.49004635208985,5.337606800064037,1868,eeg_data_level_5.csv,4,AF7,160.01171875,170.0078125
153.32653713149787,21.90379101878541,36.52569288281351,15.462928479465884,18.75475537634807,84.83022121302758,10.603777651628448,29.2779325845447,3.372446551308053,7.988996191798288,21.123002112225596,2.6403752640281994,5.052267407218128,0.6881665030957206,2.1505035865871065,23.960592013725552,0.6305418950980408,1.6682761192004945,0.2891570537552748,0.6143304773535574,27.170970427131195,0.3087610275810363,0.7102987603635532,0.0991361141032653,0.28429842147566303,1.251443459065213,0.837221632399487,0.30277514068706013,0.45571709864407584,0.5745077726174719,hjorth_mobility,hjorth_complexity,2.2157367091947533,0.7143687134029348,-37.744903564453125,-91.796875,41.015625,-38.57421875,175.6676653167233,13.253967908393443,1868,eeg_data_level_5.csv,4,AF8,160.01171875,170.0078125
882.1309035355312,126.01870050507588,210.3763436859445,79.03740734538434,108.82826266641678,737.1641309683768,92.1455163710471,176.70355858298643,50.02414850508321,68.19128491158652,169.1555424882723,21.144442811034036,56.6981095657194,9.171097682774299,13.391790205739664,179.45543626002555,4.722511480526988,13.399240404421567,1.6597828105884433,4.26624352016052,404.7514302061705,4.599448070524665,155.40186338083691,0.5646493149277869,1.853643973262959,1.0493851987022698,0.9581378521273796,0.3146344048106088,0.4521895411062527,0.8017987315262042,hjorth_mobility,hjorth_complexity,3.100262341607828,0.8285054026491975,-37.11280822753906,-287.59765625,113.76953125,-35.15625,1300.759974255925,36.06605016155672,1868,eeg_data_level_5.csv,4,TP9,160.01171875,170.0078125
625.7678548925174,89.39540784178821,130.76022413124727,48.973114957252385,82.72116766176931,425.1315507202536,53.1414438400317,132.25427567614227,25.85329280857878,34.066868625093576,81.2715060871877,10.158938260898463,20.650060886364088,4.028437819704674,6.919598600675498,55.0577482083022,1.4488881107447948,5.076142945329313,0.26551779431284855,1.3515130262722368,82.94087406123151,0.9425099325139944,1.8991826471365603,0.3774251549519359,0.8623874777774356,1.260650732721505,0.9790640211206898,0.29042879624129814,0.28051401502100604,0.4549629749355125,hjorth_mobility,hjorth_complexity,2.64915426907716,0.7316561108546873,-36.61632537841797,-265.13671875,61.03515625,-34.66796875,704.0763977784081,26.534437958592758,1868,eeg_data_level_5.csv,4,TP10,160.01171875,170.0078125
25.836609566811134,3.690944223830162,7.26104094511169,0.5198503091595672,3.1113699542572673,3.779135746430333,0.4723919683037916,0.5594311155885388,0.3260235674766005,0.4840949048731268,2.635727989832997,0.32946599872912463,0.49802137666387986,0.2229796032792768,0.30436850401323745,6.822749533865486,0.1795460403648812,0.5011948717726807,0.08337255802187755,0.1544430910182598,9.153759718085237,0.10401999679642314,0.9147103317473727,0.014492073501391133,0.08040500916060446,1.1659766297979657,0.33821759706796395,0.2525837108419868,0.7244158127419134,1.026119569871546,hjorth_mobility,hjorth_complexity,2.0299863263880074,0.8114576507797218,-36.698150634765625,-56.15234375,-13.18359375,-36.62109375,31.24775772448629,5.589969384932827,1868,eeg_data_level_5.csv,5,AF7,170.01171875,180.0078125
140.1823507533778,20.026050107625398,30.05539419732299,10.80372482421981,18.099822845219553,34.581238608112166,4.322654826014021,6.8797250664575,1.764471201843682,4.115551625063753,11.707231348704068,1.4634039185880086,2.7777105518362704,0.728560632100414,1.3137596766683695,16.9455054841001,0.4459343548447395,1.843114420064143,0.12930068601699068,0.3219360465943986,15.805373239205524,0.17960651408188097,0.4568340615835998,0.07139176076997389,0.15825185261476438,1.4601592099111196,0.5855585060500962,0.2528333160920724,0.44731956434969816,0.48657941387267284,hjorth_mobility,hjorth_complexity,2.025563698225942,0.6936393468558845,-35.820579528808594,-90.33203125,20.99609375,-36.1328125,129.97502602956956,11.400659017336215,1868,eeg_data_level_5.csv,5,AF8,170.01171875,180.0078125
638.0825216023584,91.15464594319405,165.06360131494432,27.4805298976964,79.14983327409746,231.69644632240642,28.962055790300802,37.49078735255799,18.333015015082626,29.68355498397014,70.61243369709652,8.826554212137065,12.786574965017785,4.465986621639308,7.670177514123484,151.16855673493743,3.9781199140773005,7.867303359827939,1.8107245639596927,4.05148102754288,496.0905195251672,5.637392267331446,185.17676618742536,0.9031382594201877,2.3175582085703876,1.0246016435354985,0.5575077921004958,0.21898414136815195,0.5402768980039169,1.2664619868157163,hjorth_mobility,hjorth_complexity,3.0560360599871745,0.905642855479126,-33.951568603515625,-187.5,78.61328125,-33.69140625,922.9385521030053,30.379903754011554,1868,eeg_data_level_5.csv,5,TP9,170.01171875,180.0078125
176.3944774233068,25.1992110604724,31.5080757624781,16.489958464282577,28.495082873600218,68.79534164119289,8.599417705149111,13.082501515485331,5.667124792506215,7.847232784619994,23.74617662863443,2.9682720785793038,5.02238366208085,1.319187434849439,2.9398362509800884,68.87430872308207,1.8124818085021597,3.039012510819341,0.8789088321119232,1.6663332784565523,112.86726633117956,1.2825825719452224,3.16347477519316,0.523175686127368,1.1998650575963723,1.0506709911602385,0.5561996004054433,0.2424435762250303,0.7739027957703659,1.3384591765404503,hjorth_mobility,hjorth_complexity,2.684535294373683,0.844937017262778,-35.26782989501953,-140.13671875,20.5078125,-34.66796875,286.28551572182914,16.9199738688282,1868,eeg_data_level_5.csv,5,TP10,170.01171875,180.0078125
36.60925330709525,5.229893329585036,12.81251970270609,0.5006197892482366,5.545899849007199,4.601633722930505,0.5752042153663132,0.9043950455051202,0.2555242136624182,0.5220519673939439,2.7814166273143464,0.3476770784142933,0.4863882275317006,0.23154499087431196,0.3622181183136103,6.484400277202793,0.17064211255796824,0.44230720010433633,0.05006592972657148,0.14864954125982033,8.031217018894854,0.0912638297601688,0.9945506004979132,0.021039467706120703,0.06508705938713805,1.2741274720232445,0.33956361557127296,0.22860650267097593,0.5970233332570509,0.7940753354576462,hjorth_mobility,hjorth_complexity,2.273230875301603,0.7988758562552838,-37.697410583496094,-54.6875,-10.25390625,-38.0859375,37.12066940352088,6.092673420061252,1868,eeg_data_level_5.csv,6,AF7,180.01171875,190.0078125
121.23087310712853,17.31869615816122,29.44195604479309,7.398144731105502,15.595993397238907,28.168277945398565,3.5210347431748206,5.622688766412958,0.9326481913865747,4.005687536659645,12.623908488194774,1.5779885610243467,2.539656821577512,0.9647025905994473,1.4984822330404364,16.157233659225312,0.4251903594532977,1.4799768855169357,0.20721271907280012,0.37061675252874554,12.095922674512664,0.13745366675582574,0.389543452771124,0.04453181814314464,0.12557279011609668,1.4506730252123228,0.5589256882533888,0.3081191405809426,0.4969156924556781,0.44315767976040366,hjorth_mobility,hjorth_complexity,1.8353906872571308,0.6683838083634351,-37.38079071044922,-91.30859375,5.37109375,-37.59765625,100.45971834188094,10.022959560024223,1868,eeg_data_level_5.csv,6,AF8,180.01171875,190.0078125
813.4592045526321,116.20845779323315,177.86119470365801,63.735970615739866,121.61159303167132,390.10144800007663,48.76268100000958,107.30655337701465,18.592423405531218,35.062831305119204,170.8777877122382,21.359723464029774,33.21085933737796,12.263633140572693,19.02215939913308,187.93776119285445,4.945730557706696,15.977813022188279,1.2970454420253366,4.353012769296889,478.21461459568957,5.434256984041927,189.68263861446854,0.9502051894686032,2.0587019250825978,1.0914373907326047,0.6644948087649317,0.36731662989644176,0.5221587364527799,0.9868440203431312,hjorth_mobility,hjorth_complexity,3.038345547338913,0.8689702123398135,-39.06993865966797,-202.63671875,112.3046875,-38.0859375,1076.9972955677076,32.81763695892359,1868,eeg_data_level_5.csv,6,TP9,180.01171875,190.0078125
244.42055096485402,34.91722156640772,60.83256487302602,23.51401466688641,27.326576603478202,159.62012998404663,19.95251624800583,46.27379164472132,11.16768510345063,13.766538335466858,35.090919269447,4.386364908680875,8.357035528095714,1.7441700497918988,3.74340629833132,79.32230264225355,2.087429016901409,4.326854946550707,0.5403217071021618,1.9695930959411878,106.76503414939856,1.2132390244249835,2.398398140649155,0.4195332765038852,1.1762274405809285,1.056781944396885,0.8053123798313091,0.25887683493420593,0.6788579970865012,1.004974573744636,hjorth_mobility,hjorth_complexity,2.7774104857770556,0.8025711854263422,-36.765480041503906,-163.57421875,30.2734375,-36.1328125,380.25799698516494,19.500205049823577,1868,eeg_data_level_5.csv,6,TP10,180.01171875,190.0078125
12.429602732799367,1.7756575332570523,3.741420405020726,0.5455885486070355,1.7142207158072558,4.180580389638623,0.5225725487048278,0.8828740691953683,0.34623799679376543,0.4451358813672977,3.002566045914317,0.37532075573928964,0.5797919700487753,0.2159046970889859,0.35232598756683153,7.5721978801050005,0.19926836526592107,0.47888400143017723,0.08740080280866273,0.17200606873363877,8.604358252054734,0.0977767983188038,0.8078156702497855,0.023646729611853864,0.0793695974363153,0.9579012923705066,0.4649138443830281,0.36005812526895337,1.0243726891906162,1.2903122262991462,hjorth_mobility,hjorth_complexity,2.3616834385429106,0.7846843195775142,-41.49188995361328,-57.6171875,-23.4375,-41.50390625,22.689574361720588,4.763357467345967,1868,eeg_data_level_5.csv,7,AF7,190.01171875,200.0078125
100.11662753146938,14.302375361638482,22.69465193275615,6.421044594076417,15.472283028247622,35.23963102719677,4.4049538783995965,7.309566135846426,1.0628899921387962,4.636575615554092,8.073146097926408,1.009143262240801,1.4764594240602538,0.5691865043758401,1.082354060514052,16.048301112124843,0.42232371347696956,0.9117334811953314,0.19407315916793091,0.36162471794846374,11.890416867563669,0.1351183734950417,0.31712300881383504,0.0308585846531269,0.12806438453382762,1.3903121807273473,0.7165094585810068,0.2352190262831543,0.5438317592572703,0.4810486521664571,hjorth_mobility,hjorth_complexity,1.861926456229523,0.6814194649537381,-40.96717834472656,-77.1484375,9.765625,-41.50390625,101.34734198800288,10.067141699012828,1868,eeg_data_level_5.csv,7,AF8,190.01171875,200.0078125
823.938930841843,117.70556154883471,162.08260240122684,75.63913547642554,131.703218132409,378.4822558828099,47.31028198535124,72.13897409335435,19.61735588250781,49.13628254043187,90.16955444334785,11.271194305418481,16.367635868349772,7.553756027038138,10.77097741117834,147.2892647082767,3.8760332817967553,6.556479474438278,1.344016583339627,3.8074885720128973,451.2372286379653,5.127695779976879,147.16357176561894,0.753024744843036,2.592094983718729,1.1533850963842616,0.6948978530976239,0.2323393501202547,0.45611431862369534,1.0915371442456911,hjorth_mobility,hjorth_complexity,2.9277798432872784,0.8804274694411794,-40.76385498046875,-282.2265625,124.51171875,-40.0390625,1191.5776296518743,34.51923564698202,1868,eeg_data_level_5.csv,7,TP9,190.01171875,200.0078125
395.5495454369333,56.507077919561894,83.26637804699388,26.12576224879578,60.14466070367257,202.35349066168828,25.294186332711035,50.236739178218,8.066991350517085,23.786126308564235,48.13887236866003,6.017359046082504,8.635260824908846,3.784920889839709,5.878106956625191,89.39141216829012,2.3524055833760555,4.690954092872123,0.5541493616761506,2.456900430836332,182.270097692325,2.071251110140057,4.597410001654971,0.476099302806401,1.9884145641736368,1.1327611850698742,0.721643181636527,0.24764503960119633,0.5409883513950459,1.1300408754195699,hjorth_mobility,hjorth_complexity,3.2108280456594627,0.8342870851856923,-41.18938446044922,-229.98046875,78.61328125,-40.52734375,606.7015986991464,24.63131337747028,1868,eeg_data_level_5.csv,7,TP10,190.01171875,200.0078125
10.309167172566012,1.4727381675094302,3.5472670744083827,0.4445544188119399,0.9382447462157989,4.072932254372505,0.5091165317965631,0.6419075108120151,0.4008244944591908,0.4849782292380811,2.4249738132916603,0.30312172666145754,0.4134218531976708,0.18715516035785038,0.29477684931683995,7.0854134676867435,0.18645824914965115,0.5325601864227045,0.0543705645395475,0.16761410527088333,7.544226336588347,0.08572984473395849,0.3662720181018931,0.02988566926918461,0.07156425008235376,0.8664210517605725,0.5001839454503596,0.33305617835055035,1.0524598919966153,1.2889738816549685,hjorth_mobility,hjorth_complexity,2.7243389478322713,0.7875223639105225,-41.075706481933594,-54.6875,-27.34375,-41.015625,19.337631783855613,4.397457422631357,1868,eeg_data_level_5.csv,8,AF7,200.01171875,210.0078125
65.99294523680825,9.427563605258323,19.766092503294217,4.0139050641463605,8.175267967875966,26.92513774384284,3.365642217980355,4.638763152581273,2.2636814188569385,3.216799714974757,8.463800909154514,1.0579751136443143,1.8946374334401301,0.6248555629952095,0.8991615414355484,18.052892260043503,0.475076112106408,1.0920565843054488,0.145815026922,0.41462097183977387,12.187181316714529,0.1384906967808469,0.3182628529482196,0.05000538700042493,0.13206687978336512,1.2321523009188187,0.7226883536158677,0.2959977430772579,0.7263818208587489,0.6060671261232429,hjorth_mobility,hjorth_complexity,2.282076131625734,0.6873114778628019,-39.95704650878906,-74.70703125,0.0,-39.55078125,76.7035198805388,8.758054571680791,1868,eeg_data_level_5.csv,8,AF8,200.01171875,210.0078125
451.8326644410664,64.54752349158092,130.76115939834375,41.86557904081107,59.270481549153196,226.6432263467926,28.330403293349075,48.8321726736471,12.97852629741789,24.851343204884763,80.18714686891187,10.023393358613983,13.794279760512907,7.5578399127325575,9.43102661539433,137.44977420762518,3.6170993212532943,7.2722254432412505,1.4642668437252393,3.465605617724904,463.53538151737587,5.267447517242908,154.19744907605556,0.8737978045629174,2.4381313273006358,0.9499682339188837,0.6051105718342984,0.2757936600619892,0.5645060642208232,1.3929477961734098,hjorth_mobility,hjorth_complexity,3.5159893888419735,0.9071180511179204,-42.49095916748047,-201.171875,69.3359375,-42.96875,802.2717962376191,28.324402839912075,1868,eeg_data_level_5.csv,8,TP9,200.01171875,210.0078125
285.5065779661681,40.78665399516687,78.69520677974742,21.80149284894305,32.515645750350636,122.21520162897139,15.276900203621423,30.511403019673665,5.855429909169813,12.521651548098538,39.4783640037555,4.934795500469438,8.799197068161149,2.288882058203772,4.600024587482588,77.20040441463578,2.0315895898588363,4.2487459863947805,0.6871357825130926,1.8265638412008465,105.24714971440031,1.1959903376636398,2.753606875642562,0.3999341594655926,1.090530425921437,1.152729909202185,0.6605807326097026,0.2821640813364955,0.6567840980287687,0.9796936832493952,hjorth_mobility,hjorth_complexity,2.742029460480533,0.809922493016239,-41.36848449707031,-157.2265625,24.4140625,-41.50390625,385.95079313381575,19.64563038270383,1868,eeg_data_level_5.csv,8,TP10,200.01171875,210.0078125
273.0825738734308,39.011796267632974,103.48445210567985,3.817873500735342,27.534531810026788,97.21806092699651,12.152257615874564,32.308383046978186,1.227262687932945,10.138621141727432,21.46947348534032,2.68368418566754,6.213263939769035,0.7037393230749743,2.5274076509354444,21.307023452886046,0.5607111434970012,2.1255619351772257,0.09003772433001862,0.4362075079487894,7.629884188850157,0.08670322941875179,0.2778452256262945,0.01739267872882376,0.0736069896895859,1.2934995526810746,0.7344491253210466,0.23944975525415452,0.30830278235890307,0.14578605781622783,hjorth_mobility,hjorth_complexity,1.494848318778097,0.6341135911700445,-33.16516876220703,-148.4375,83.0078125,-34.1796875,234.6980879883631,15.319859267903315,1868,eeg_data_level_5.csv,9,AF7,210.01171875,220.0078125
628.4790454765426,89.78272078236323,130.99661449332018,31.552324077300643,103.1957861012749,105.41622830125138,13.177028537656422,23.718618996450406,2.1763744165893506,13.491920517204274,13.913842345871897,1.7392302932339871,3.179178728991869,0.9302235919655728,1.5848334904648362,17.758012776158967,0.46731612568839387,1.1658581862876436,0.1704031114703404,0.44157426780274595,15.903257611897729,0.18071883649883783,0.6091844984401817,0.051008334030738026,0.15529520535806116,1.6366339296570114,0.5077201966557211,0.10343261171898425,0.16013868972896125,0.16162380863940995,hjorth_mobility,hjorth_complexity,1.4240862681850508,0.592140863192942,-32.1319580078125,-144.04296875,65.4296875,-32.71484375,382.2095599025488,19.550180559333686,1868,eeg_data_level_5.csv,9,AF8,210.01171875,220.0078125
3079.7571423482364,439.96530604974805,874.5350294027428,271.5887677801285,378.69346093260657,889.9120120820876,111.23900151026095,283.14087499930963,19.445913390904337,61.06359556439111,129.97159235889401,16.246449044861752,48.47104535717639,4.441568989694659,10.250577526945218,167.99615848631709,4.420951539113608,12.606989929441115,2.031311082765761,3.752059709835393,483.500430929236,5.494323078741318,117.92148402693634,1.2642582349506715,3.376164206564548,1.4061666874733023,0.5996664291664111,0.13517003403227962,0.22408102134993302,0.5617657988866114,hjorth_mobility,hjorth_complexity,2.6579995254012907,0.8376503872739902,-30.50251007080078,-256.34765625,227.05078125,-30.76171875,2973.1532150981366,54.52662849560879,1868,eeg_data_level_5.csv,9,TP9,210.01171875,220.0078125
3062.7496455472733,437.53566364961046,708.5496274915124,245.79645446747867,342.02041639908697,913.7393516078644,114.21741895098305,300.7693668499873,15.97098740862298,53.791228986258034,103.72513760207605,12.965642200259506,35.21383095636317,3.632227247006078,6.390767139928572,103.98106072206048,2.7363437032121176,5.408228782580868,0.927155518520989,2.7061191953438213,252.71606661588856,2.871773484271461,6.036728633198924,0.5909761368082282,2.708845132382552,1.4920287201756697,0.6370449377882372,0.12145173222650663,0.16168542658170415,0.3898513942165226,hjorth_mobility,hjorth_complexity,2.3970644638394334,0.7755032816940901,-31.169891357421875,-270.99609375,229.4921875,-31.73828125,2860.4853054275736,53.483504984505025,1868,eeg_data_level_5.csv,9,TP10,210.01171875,220.0078125
2307.744910330028,329.6778443328611,491.41345501776715,147.1827649671776,359.25881496501734,456.9996063192975,57.12495078991219,107.51809455381262,15.691758153734403,46.39060740366027,57.246068807776325,7.155758600972041,10.952554473652242,1.9980179165084526,7.7753787458355355,75.67324382241118,1.991401153221347,5.561934577669873,0.35418569001515826,1.6395816929696614,21.592882447027673,0.245373664170769,1.212617264597232,0.026185518786927185,0.1648743010388043,1.6292354854287636,0.56897823967761,0.11159158936161821,0.17604073044548305,0.06470073022958621,hjorth_mobility,hjorth_complexity,1.3179431922954818,0.49026585717360843,-38.50879669189453,-400.390625,190.91796875,-39.55078125,1487.5707256942405,38.56903843362238,1868,eeg_data_level_5.csv,10,AF7,220.01171875,230.0078125
4144.646236904017,592.0923195577168,1971.2948090810376,62.52625442928968,276.94477444519987,87.87027251412948,10.983784064266185,28.737338608778472,2.452946493440526,7.264571702143529,17.784155086345976,2.223019385793247,3.8926486694162623,0.9264452613960281,2.2285439348595215,40.06198260168599,1.054262700044368,2.7162753712705934,0.1630168790655014,0.9999296146057661,42.35389179202582,0.48129422490938434,1.2332780029901953,0.10911255432141194,0.4436514827729803,1.4026959908818404,0.11312994616062788,0.030122574820490734,0.07415911201051743,0.08622516861774127,hjorth_mobility,hjorth_complexity,0.9729781956543826,0.6401223438516386,-33.214378356933594,-133.30078125,310.546875,-42.48046875,2813.0495585719473,53.03818962381679,1868,eeg_data_level_5.csv,10,AF8,220.01171875,230.0078125
4069.408074768308,581.3440106811869,981.466174195005,306.81495617753956,596.4977050514478,674.186096163468,84.2732620204335,209.2455857303474,17.444365198678604,66.66546581126133,138.22812624456327,17.27851578057041,24.559239297049057,11.267671916307494,16.818467351120717,260.06843465527817,6.843906175138899,13.681308078921884,2.2001079508153003,6.239611911571254,535.4728043795819,6.084918231586158,90.79523623346394,1.2035749991813076,4.257129327035379,1.563478436910253,0.45584780878873066,0.136732047754734,0.2969032583367681,0.5837577724957015,hjorth_mobility,hjorth_complexity,2.0786352361707263,0.8042470725593388,-23.364639282226562,-275.390625,202.63671875,-21.97265625,3415.3428858553525,58.44093501866096,1868,eeg_data_level_5.csv,10,TP9,220.01171875,230.0078125
3750.465210551168,535.7807443644526,889.6059297135297,290.91421353268095,435.892615229838,618.3217881290057,77.2902235161257,243.67709958056534,16.848576904891566,48.3980305049906,60.84867741551868,7.606084676939835,17.131305247411827,1.6468993019056408,6.011648037436615,171.10163396780533,4.50267457810014,8.54079036211875,1.181671141133015,3.913349517696866,264.57595998952604,3.006544999880978,8.893372845827239,1.1700955578183356,2.7513482924007255,1.6061039622287725,0.46219159092969964,0.07625421651767914,0.23467854771427998,0.3846684354259731,hjorth_mobility,hjorth_complexity,1.990182672929419,0.7605192415171803,-32.64026641845703,-271.484375,191.40625,-32.2265625,2582.35645302193,50.816891414390255,1868,eeg_data_level_5.csv,10,TP10,220.01171875,230.0078125
171.5995860644324,24.5142265806332,66.89843928525264,2.2234719527704567,7.8747931953885075,8.992860532997465,1.1241075666246831,1.7862814649460512,0.5917357681222137,1.087015573811253,2.398833819603344,0.299854227450418,0.43718021048687933,0.148064441353208,0.3084235008225659,8.045146568061412,0.21171438337003715,0.43535926506580896,0.07824843412417543,0.20150540514940218,6.961791648042217,0.07911126872775247,0.28106377134664345,0.02195468858637533,0.06597458693621873,1.324752091892987,0.22542223345402349,0.07572500571306257,0.26651665696869525,0.26132362161661105,hjorth_mobility,hjorth_complexity,1.8000096619606079,0.7146059333868761,-39.78691101074219,-67.87109375,23.92578125,-40.52734375,118.7487794959452,10.897191358141106,1868,eeg_data_level_5.csv,11,AF7,230.01171875,240.0078125
412.57886121205456,58.9398373160078,128.10543294961522,23.032849725524866,51.016053232369714,111.75663971557566,13.969579964446957,26.349323461975374,3.5898648825593735,11.862975460956601,14.531146358262372,1.8163932947827965,3.30367199061328,1.1264836177809328,1.6064298172303855,17.639234423542007,0.4641903795668949,1.1768873049000133,0.2019354299495325,0.3608648960421076,14.145603247469078,0.16074549144851225,0.421569110635966,0.03386955229737637,0.14700483494701677,1.517945882095387,0.6841935138025697,0.14366958239746005,0.21446856213902193,0.19815952530650777,hjorth_mobility,hjorth_complexity,1.2516037698645013,0.5997606738591335,-42.032814025878906,-107.421875,29.78515625,-42.48046875,279.1860399520374,16.70886112073583,1868,eeg_data_level_5.csv,11,AF8,230.01171875,240.0078125
3211.564681837109,458.79495454815844,1319.8936011283492,213.93210000076067,318.84284360169863,443.5277606453771,55.44097008067214,115.7029509572142,12.651890650253101,53.651844416805766,131.42781972923677,16.428477466154597,24.87557408310492,8.458656631119181,15.34518009130322,162.27455855440175,4.270383119852678,9.719707795377701,1.4151464365827304,4.029863069094121,478.74249783669035,5.4402556572351175,130.58509108573924,1.1973426285096318,3.289527211726916,1.4549656549264425,0.41847205567375917,0.16098103011706044,0.24737375270540238,0.6171591687769662,hjorth_mobility,hjorth_complexity,2.6579995254012907,0.8785424551828545,-50.79803466796875,-366.69921875,170.41015625,-49.31640625,3075.7593899033964,55.45952929752827,1868,eeg_data_level_5.csv,11,TP9,230.01171875,240.0078125
2181.813853381889,311.6876933402699,399.6452769664756,245.39487990773307,287.974261930442,497.8651025016935,62.23313781271169,160.94364664556653,12.947964776815976,43.46422666446143,69.5786075257802,8.697325940722525,13.026023530943139,5.383282438116812,8.057919163482131,132.8950470426358,3.4972380800693634,8.243103727098948,1.1320726127428737,3.2142059053160006,283.1525544057871,3.2176426637021263,6.002839265834537,0.9147853795949776,3.086969893988848,1.5412531103506417,0.5547933305444115,0.12307788337931416,0.26984976674649913,0.5842961772731499,hjorth_mobility,hjorth_complexity,3.0250776628527167,0.8406415638131977,-42.498779296875,-327.63671875,151.3671875,-38.57421875,1865.1102110743523,43.18692175965256,1868,eeg_data_level_5.csv,11,TP10,230.01171875,240.0078125
72.73441992274651,10.390631417535216,17.086733430904435,5.450083956621653,10.872417113318749,16.5095093539648,2.0636886692456,5.555837596683649,1.002049172409614,1.3659255406966642,4.838396963814523,0.6047996204768153,1.3131866261261673,0.3495893148606597,0.43335382190074634,9.778935247292853,0.25734040124454877,0.5499064161794143,0.07020136609992052,0.21807221885525074,7.507584264319533,0.0853134575490856,0.19318455862687614,0.02229447012997151,0.07661292078228686,1.4662671913142151,0.5450400584054242,0.21483641040230472,0.5054754174661312,0.461391346752722,hjorth_mobility,hjorth_complexity,2.0697899798465955,0.7025752854649578,-38.83991241455078,-79.1015625,-2.44140625,-39.0625,62.885043407732155,7.930009042096494,1868,eeg_data_level_5.csv,12,AF7,240.01171875,250.0078125
110.13899279674052,15.73414182810579,23.84271765201639,11.634012925742185,13.70882595866943,45.06631188907632,5.63328898613454,11.599693850228407,3.278318826837948,4.639997358328767,13.283451403132503,1.6604314253915629,3.070543818651375,0.8823713477269107,1.545502142154372,18.21445145490966,0.4793276698660437,1.027506382529447,0.12802243196362872,0.4158995106737642,16.05240820486847,0.18241372960077806,0.3216698371068238,0.06928561392017876,0.17369822995368217,1.3355479918788233,0.7491724633576519,0.2989426485390922,0.5120713009098542,0.5295113398180846,hjorth_mobility,hjorth_complexity,2.2688082471395377,0.7027525219482189,-37.37201690673828,-93.75,17.08984375,-37.109375,98.4257389427512,9.920974697213536,1868,eeg_data_level_5.csv,12,AF8,240.01171875,250.0078125
1493.9828131523623,213.42611616462318,325.2953788636821,131.24529748004431,194.26559813274804,439.93174178275854,54.99146772284482,99.3538220010718,22.31265002700958,58.417758597365236,71.42847173984981,8.928558967481226,15.149619588686214,6.513310797444738,8.10737169206871,155.13246231204843,4.0824332187381165,7.409122521311215,2.430757150771191,4.068428827581239,574.9606290841641,6.5336435123200465,157.48656012739198,0.7716853860748052,3.8735559092727074,1.323421658843328,0.5824205852946807,0.14148243315986964,0.3494380112640366,1.0283522965950695,hjorth_mobility,hjorth_complexity,3.2771674680904432,0.9172774649848031,-42.032814025878906,-259.27734375,97.65625,-41.015625,1230.9194801127887,35.08446208954597,1868,eeg_data_level_5.csv,12,TP9,240.01171875,250.0078125
897.8558038136701,128.2651148305243,179.34138728611947,78.61049211063819,132.6810641937239,293.6385290586853,36.704816132335665,65.87717327707335,9.540451235228751,37.72553296569543,56.28659574828544,7.03582446853568,9.92056919170218,4.7491100893330485,6.767581392269292,144.24308481488737,3.7958706530233517,9.104794111383733,1.4157536810027116,3.3499878283934112,297.1100608094065,3.376250691015983,7.458553103978133,0.7378604593130522,3.258225202337873,1.2857182730309349,0.5998286492646038,0.1691615027287129,0.47612239379958765,1.0056387528124975,hjorth_mobility,hjorth_complexity,3.312548493386966,0.8915338406855806,-37.48188018798828,-216.30859375,102.5390625,-37.59765625,793.8704522894113,28.17570677533061,1868,eeg_data_level_5.csv,12,TP10,240.01171875,250.0078125
1548.7243035927993,221.2463290846856,287.236568171789,84.70613273611437,235.85421618084897,924.8028546538309,115.60035683172886,236.2123910673427,63.0071976337903,88.81620828861774,607.1754416171188,75.89693020213986,88.49607158467654,62.89815977814688,75.82736693222768,294.31177426154875,7.745046691093388,55.46985469932159,1.2285823580882553,3.98633787445343,96.18899955696853,1.0930568131473697,3.5709388084572566,0.032604537213184355,0.647038679187546,1.201741795165595,0.8737208410666817,0.6651225685577096,0.4577582560373441,0.21182773225724144,hjorth_mobility,hjorth_complexity,1.5567651130470122,0.5289323294002558,-38.726043701171875,-422.8515625,383.30078125,-40.0390625,1306.5843371441588,36.14670575784409,1868,eeg_data_level_5.csv,13,AF7,250.01171875,260.0078125
5662.677374510287,808.9539106443268,1214.910389367713,362.79532063328725,845.5310114706924,421.179650018285,52.64745625228562,196.36267698557558,18.55011073037574,25.219560435308885,51.17760423786106,6.397200529732633,15.285317846596769,1.7298472077786025,5.731130722756841,223.77345672247756,5.888775176907305,11.256134847844972,0.6288608629998858,5.78573171856932,171.30792183939744,1.9466809299931527,5.5634299158338685,0.09145743073296833,1.299815769057842,1.7321481014121356,0.2788064017721751,0.05159396323054779,0.2326313295398937,0.20152552746445557,hjorth_mobility,hjorth_complexity,1.600991394667666,0.5783739251422269,-37.91179656982422,-728.515625,166.015625,-37.109375,2510.634193859004,50.10622909238934,1868,eeg_data_level_5.csv,13,AF8,250.01171875,260.0078125
9712.278001523653,1387.4682859319505,2137.3559189569605,592.8403563869014,1247.788535489975,831.5736495046724,103.94670618808405,333.66693275181603,22.494499474449682,45.46249792758818,116.69547544449901,14.586934430562376,18.12602353427867,5.82341007125142,15.818862845084936,362.64365463085096,9.54325406923292,20.986864897533255,4.125300651948662,9.005427569303048,655.688272680684,7.4510030986441365,115.24571476600062,1.0827990665813991,4.925087583991693,1.6734931339927703,0.29571715943656235,0.06444020566068544,0.21177606515013797,0.37323888064538446,hjorth_mobility,hjorth_complexity,2.600505359294441,0.8356609585060177,-36.33594512939453,-719.23828125,229.00390625,-36.62109375,5266.014295011699,72.56730872101913,1868,eeg_data_level_5.csv,13,TP9,250.01171875,260.0078125
11040.388795694776,1577.198399384968,2310.1562059492067,623.3279489166772,1517.1329013196355,716.1756416301109,89.52195520376387,343.2021676180823,21.206167641015327,31.78603552035301,55.32354351605171,6.915442939506463,16.38285979609607,2.6165328317587986,5.563495394495053,322.52791768378904,8.487576781152343,22.23995420417232,2.774188070182532,7.091825388936528,507.6900994581548,5.76920567566085,16.670164525781654,1.6054223034019488,4.6825286169917675,1.7306183899965217,0.2446517635927905,0.031440314091950486,0.17902605414678405,0.2957943670343026,hjorth_mobility,hjorth_complexity,2.5164754242151988,0.8250231522574929,-38.40961456298828,-872.55859375,251.953125,-36.62109375,4984.999082480498,70.60452593481878,1868,eeg_data_level_5.csv,13,TP10,250.01171875,260.0078125
15.835595596785469,2.262227942397924,6.6719333100146585,0.7616426958656253,1.4194220610971602,7.939944732321122,0.9924930915401402,1.491592555353143,0.6089793963507218,0.9984178276212557,4.170034936708856,0.521254367088607,0.8003889081216493,0.30325294758889576,0.4993596436431268,7.522894491575258,0.1979709076730331,0.4237773877165675,0.05590047214220254,0.1786473959814279,6.799385752583876,0.07726574718845314,0.32099966956423703,0.027074889831188345,0.07041854496459463,0.9149281896951227,0.645023178148826,0.39377922450455083,0.8585270070934574,0.9092406387156908,hjorth_mobility,hjorth_complexity,2.144974658601707,0.7419771779659613,-41.661643981933594,-60.546875,-22.4609375,-41.9921875,28.08327230013674,5.299365273326301,1868,eeg_data_level_5.csv,14,AF7,260.01171875,270.0078125
134.05237671949405,19.15033953135629,25.692374496259774,11.257608214732999,17.684402547544327,65.8824869515999,8.235310868949988,18.26643281476069,4.352550700538448,6.163427047347909,16.37406501745657,2.046758127182071,2.830306996106627,0.8795397146019889,2.2342765091702166,24.799556888143943,0.6526199181090512,2.066710069444289,0.12108835295633409,0.45800271897496236,11.875777862567848,0.13495202116554372,0.2746748866162559,0.03713583162916296,0.125503877044689,1.3228504286745573,0.8355777422457842,0.30194230496359037,0.5427322558636325,0.3415743210858174,hjorth_mobility,hjorth_complexity,1.8751943407157192,0.6058796977697245,-39.61982727050781,-88.8671875,13.18359375,-40.0390625,129.81265885173343,11.39353583624212,1868,eeg_data_level_5.csv,14,AF8,260.01171875,270.0078125
376.57099388888463,53.79585626984066,93.928653834054,23.66943382216412,43.298467671372855,208.44294496562813,26.055368120703516,38.99418401067065,16.58601257875836,23.841294290010485,73.01520432518937,9.126900540648672,12.685618128813285,4.669277274964639,9.561151738462307,128.05030905039354,3.3697449750103563,7.06267061942337,1.6743633390135009,2.8633411040521572,370.28237335755125,4.207754242699446,133.17995326806326,0.7427321692816199,1.9435962681855432,0.9376241686473938,0.6533960898516114,0.2919877279957962,0.6128246805184184,1.318645227062667,hjorth_mobility,hjorth_complexity,3.4319594537627314,0.8947054777169977,-47.870826721191406,-173.33984375,68.359375,-48.828125,683.2781261982745,26.139589250756686,1868,eeg_data_level_5.csv,14,TP9,260.01171875,270.0078125
237.69880687825582,33.9569724111794,50.80367341545386,17.40012719356154,33.08551399859683,106.34156503384587,13.292695629230733,39.02663336442572,5.039293897877634,9.156900671744623,38.900478545134135,4.862559818141767,7.236570709726051,2.5525617876856352,5.059672811824289,95.82492483666303,2.5217085483332378,4.219391748242301,0.47993547075164084,2.5246049982222787,147.15936528442606,1.6722655145957506,3.635484587578832,0.8111278475714667,1.520396238732051,1.0204446605603803,0.5677107886552865,0.2765219950310608,0.7706784540580182,1.2713038370983103,hjorth_mobility,hjorth_complexity,3.06045868814924,0.8631647455560159,-40.300941467285156,-114.2578125,39.0625,-41.015625,346.8430248540244,18.623722099892504,1868,eeg_data_level_5.csv,14,TP10,260.01171875,270.0078125
374.029037921238,53.432719703034,87.25732740147487,27.421865774334165,52.52227940070199,308.67141865564537,38.58392733195567,82.52990524017622,5.862029091146904,33.964863507418585,76.8292873112789,9.603660913909863,20.4442768037598,1.9336646347765243,9.430858321215922,75.76415653945021,1.9937935931434267,4.086831046671076,0.2077404752857198,2.036039965173884,30.745224230513998,0.3493775480740227,1.8161254830168039,0.0632998935188071,0.24408393450292842,1.161605259075771,1.0074597888046903,0.37294032149064443,0.5080749118817794,0.26444319036716807,hjorth_mobility,hjorth_complexity,1.8177001746088692,0.5299828010282681,-39.34822082519531,-259.765625,85.44921875,-39.0625,448.02049509598874,21.166494634114283,1868,eeg_data_level_5.csv,15,AF7,270.01171875,280.0078125
239.3576654586236,34.193952208374796,57.9789997122412,14.246705622621151,32.6538667914438,77.94074967838668,9.742593709798335,14.375021485114384,5.151200756338333,9.074898815156676,25.36703262286422,3.1708790778580274,4.073021981175528,0.9438741936517889,3.7184121137821267,22.84811119868413,0.6012660841758981,1.3143942482085496,0.0898296397792861,0.5300157222177346,14.216128493755544,0.16154691470176755,0.337173491111477,0.05662360139901263,0.1526401187518087,1.4257074705970378,0.7172945229212805,0.30543625572233324,0.3662826667670268,0.27787699015635225,hjorth_mobility,hjorth_complexity,1.6054140228297313,0.5852576375263306,-37.01801300048828,-106.93359375,40.52734375,-38.0859375,212.22153442067793,14.567825315422954,1868,eeg_data_level_5.csv,15,AF8,270.01171875,280.0078125
817.5186333990243,116.78837619986062,157.91544341308403,73.50603913061163,106.10362071969512,327.14558103702404,40.893197629628006,70.4330708924593,22.423526534435197,37.31147313788743,118.34836235302716,14.793545294128394,23.55114983058791,6.314023753911989,14.400006155104762,152.58336747846775,4.015351775749151,8.932907055253057,1.340592265213074,3.7756064229999144,435.865189132249,4.953013512866466,151.33992025729583,0.6303093292418125,2.185027972119502,1.1740771782746728,0.6412174898071519,0.29425571381896837,0.4818655245389438,1.0568001386249501,hjorth_mobility,hjorth_complexity,2.9322024714493438,0.8670307679136864,-38.11779022216797,-197.265625,99.609375,-37.109375,1034.0489545706077,32.15663157998063,1868,eeg_data_level_5.csv,15,TP9,270.01171875,280.0078125
330.22167642413024,47.174525203447175,63.8985161482733,37.36772664566715,41.50427015405175,198.05355355559124,24.756694194448905,43.0594209196197,9.852617966014272,22.29071962415181,55.92749637509036,6.990937046886295,11.942904238620244,3.8770150363895106,5.5025219802400835,110.36976069122221,2.904467386611111,5.623385327916049,1.3720662999294184,2.6627433928351834,171.0185472896547,1.9433925828369851,5.268024900842664,0.5683414573846757,1.7475426971037566,1.0503780648215433,0.7531251476798754,0.2886543701482196,0.6764575363573846,1.1148542002629964,hjorth_mobility,hjorth_complexity,2.640309012753029,0.8049884708440854,-37.69092559814453,-149.4140625,51.7578125,-37.109375,485.5392122044577,22.034954327260532,1868,eeg_data_level_5.csv,15,TP10,270.01171875,280.0078125
203.00510976453006,29.000729966361437,129.46426583419108,4.206287637885505,12.461120654288003,21.53047236743534,2.6913090459294176,6.014050511372613,0.8782290528719384,1.860398568162261,6.67808214075981,0.8347602675949762,1.0666834635625284,0.6282048404019046,0.8063435204189497,15.678316187544945,0.41258726809328805,0.7737131664259926,0.1377527901399601,0.42467670299828714,17.045224086330485,0.1936957282537555,0.6678385965088788,0.037539811448674604,0.17738262873353222,0.9989647106461474,0.2624902256307171,0.10449198618690271,0.2720103487332068,0.3233955074225811,hjorth_mobility,hjorth_complexity,2.4324454891359566,0.6446997848368428,-35.4278564453125,-155.2734375,495.1171875,-39.55078125,1495.8934765309095,38.67678213774912,1868,eeg_data_level_6.csv,0,AF7,120.0078125,130.00390625
331.4511561694925,47.35016516707036,65.98388440605497,25.308513337285948,52.73581211825914,94.08635825174096,11.76079478146762,23.52583365960023,5.654934152420054,11.063160485166879,9.534620888572556,1.1918276110715695,1.8789741495544778,0.7228324237308517,1.092750833409339,15.630162410166458,0.4113200634254331,1.6025367551503675,0.10609971642356558,0.3450042141498897,10.95948475314483,0.12453959946755488,0.29974451007288117,0.02012692228497582,0.11966227878783807,1.5947815001563599,0.7212058221800342,0.12095565865039427,0.22956764216617306,0.18996856576301208,hjorth_mobility,hjorth_complexity,1.8132775464468038,0.5802232215887593,-34.130287170410156,-153.3203125,88.37890625,-36.62109375,404.36673876683926,20.108872140596034,1868,eeg_data_level_6.csv,0,AF8,120.0078125,130.00390625
194684.77935765128,27812.111336807324,76941.96563234729,4062.9046328985714,5523.585657538303,7734.552965432384,966.819120679048,1719.9843715572433,359.8558925135033,905.2396589391024,2097.7204622825693,262.21505778532116,623.4311308317423,88.40162737003976,243.3130962678589,1466.7401024171284,38.59842374781917,189.9917309043738,5.884688776119113,22.765275462232424,759.2705228375307,8.628074123153759,144.05394669716205,1.3326374949535353,5.149685402723119,1.3123401057259945,0.19240101975632407,0.06458625438746404,0.05644893960233053,0.03411721201770152,hjorth_mobility,hjorth_complexity,2.1007483769810533,0.7241942096110696,-13.184928894042969,-1000.0,976.07421875,-24.169921875,91141.77236155227,301.89695652913144,1868,eeg_data_level_6.csv,0,TP9,120.0078125,130.00390625
2920.8039037587823,417.2577005369689,659.0356006262717,211.00806384185125,409.7137933492964,818.3413977446552,102.2926747180819,269.60696885854065,43.82611257242453,60.80300441941567,112.87353750008343,14.109192187510429,27.147995142504932,6.3012070745755,13.164058674693166,110.2299068866758,2.900787023333574,6.222639211401835,1.1927576367355313,2.8979699564530024,216.07047185571156,2.4553462710876315,4.489125391816016,0.9372542497997147,2.2396184807028092,1.5379703437174679,0.6648131552848382,0.14655928232107196,0.1847351844718116,0.3719279073642051,hjorth_mobility,hjorth_complexity,2.53416593686346,0.7532916251084205,-31.177711486816406,-297.8515625,161.62109375,-31.73828125,2543.342010139895,50.431557681077976,1868,eeg_data_level_6.csv,0,TP10,120.0078125,130.00390625
7.229638860709873,1.0328055515299819,1.4574114047909665,0.6307519323171102,0.996131274502894,5.077508497930973,0.6346885622413716,1.1525632144478184,0.2822261309578772,0.5346965359575115,2.8976161492886763,0.36220201866108453,0.5947826849408071,0.20620683598566172,0.34173039509242614,7.115793712452237,0.18725772927505888,0.46868158201964694,0.08743142713469489,0.1768394244287839,7.834388082748583,0.08902713730396117,0.43298649631550046,0.022025820845463385,0.07790977654225745,0.7534451793147323,0.5934175894912201,0.3928686630667012,1.1006575618520706,1.3706098221573302,hjorth_mobility,hjorth_complexity,2.88797618982869,0.7821911018055591,-39.231109619140625,-54.19921875,-22.94921875,-39.0625,17.04848778899759,4.128981446918549,1868,eeg_data_level_6.csv,1,AF7,130.0078125,140.00390625
43.547588542316454,6.221084077473779,10.44654969607696,2.8647593487969853,6.661942255051738,18.8819153151196,2.36023941438995,3.538319411281243,1.5307472580654393,2.2079660874023275,8.409014774707277,1.0511268468384096,1.3405075899867351,0.779783708949912,1.0617840195833992,13.220213410020023,0.3479003528952638,0.8869667030243037,0.09438922644562624,0.32766882354061067,11.014430167026338,0.12516397917075384,0.3008685945570402,0.041104276934399164,0.11429291978945344,1.1834945531201784,0.7060291853372169,0.3846663665695608,0.7409143804345681,0.733212474140203,hjorth_mobility,hjorth_complexity,2.1361294022775765,0.6861295883812368,-37.81471252441406,-77.63671875,7.32421875,-37.59765625,66.72703879303299,8.16866199527395,1868,eeg_data_level_6.csv,1,AF8,130.0078125,140.00390625
324.15852109334025,46.30836015619146,81.15587363629977,11.018797470189867,41.13055915221102,104.14649408940014,13.018311761175017,19.826887091834166,5.141016392303517,13.212075704726715,68.88163519564779,8.610204399455974,13.403225014101267,4.749252119579132,7.908611414552011,83.90707389934414,2.2080808920880037,4.074226462168723,1.0769955980199972,2.038208895041369,338.9992646352466,3.852264370855075,138.4742509737324,0.39261098577300857,1.3999540885777866,0.9592281982819095,0.45355597745481435,0.32905275451310956,0.5184207143095397,1.354679101665642,hjorth_mobility,hjorth_complexity,3.8742222699692688,0.9342529565732116,-41.88385009765625,-222.65625,65.4296875,-41.015625,629.7618127427995,25.095055543728122,1868,eeg_data_level_6.csv,1,TP9,130.0078125,140.00390625
221.24466779041944,31.606381112917063,52.771058854769734,9.136327562593754,33.02956708358444,96.25537770911873,12.031922213639842,18.531042859212047,3.2980345381375256,12.0162948816705,37.436508683070194,4.679563585383774,7.004547702921739,2.0223354935517244,4.861026608664937,57.82067220201974,1.5215966368952565,4.40653305807736,0.5208612590538544,1.4682294301289005,85.46299068578294,0.9711703487020789,1.9369122888385581,0.30774774306855757,0.9523682237018534,1.089664157219663,0.6530002533500465,0.31950993220588725,0.6096194323872757,0.9777370673957899,hjorth_mobility,hjorth_complexity,3.179869648525005,0.8080674472942619,-39.153289794921875,-247.55859375,31.73828125,-37.59765625,528.1311919679865,22.981105107631063,1868,eeg_data_level_6.csv,1,TP10,130.0078125,140.00390625
12.08272994799026,1.7261042782843228,2.60738319757413,0.8722236599092908,1.7048584768891277,7.889708535410199,0.9862135669262748,1.99514873088273,0.2936865111269406,0.8069165740379483,5.230883629076354,0.6538604536345443,0.8574589948890435,0.26182637905513173,0.7565678519412768,8.719033973579322,0.22944826246261374,0.6945390055939549,0.04733623797905146,0.20338679497710832,7.79602976893731,0.08859124737428761,0.27694790746898984,0.021195088385402436,0.07450500148559583,0.8560911628981608,0.6380889622142136,0.48495370717481584,0.9942762137540391,1.0553551111439097,hjorth_mobility,hjorth_complexity,2.688957922535748,0.7525798226040676,-38.88969421386719,-59.08203125,-18.06640625,-39.0625,22.819951263954863,4.7770232639118335,1868,eeg_data_level_6.csv,2,AF7,140.0078125,150.00390625
82.78334376695724,11.826191966708178,19.024614745982724,5.432652012888647,11.75169517804624,46.19412331536202,5.7742654144202525,11.598607292496261,1.235819993656443,5.427383442069403,10.558794799996289,1.319849349999536,2.9107413696456157,0.5824083916621613,0.820793854886438,16.23097805400596,0.42713100142120947,1.2541163228605365,0.15273426072879068,0.38789525983067985,13.537874695241472,0.15383948517319854,0.39282822364740155,0.03859533312297961,0.137874023675943,1.2500759387372775,0.8478225082367752,0.28271367120822816,0.5494133840933764,0.5375592739089998,hjorth_mobility,hjorth_complexity,2.3263024132463874,0.7067502794428014,-38.07506561279297,-74.70703125,18.5546875,-37.59765625,84.09616824792465,9.170396297212278,1868,eeg_data_level_6.csv,2,AF8,140.0078125,150.00390625
1151.733767364574,164.5333953377963,223.81988074746434,101.0758411227431,169.9636323848084,466.30185754194616,58.28773219274327,122.93695340604219,19.544265802938966,52.38428252856778,65.86161403857892,8.232701754822365,16.588166347482822,2.0461219433386426,8.423669023623223,88.34686870093564,2.324917597393043,4.709927468027115,0.8796149229876948,2.246453623715007,307.5455006609712,3.4948352347837637,132.51165641642785,0.25560902083909043,1.0899203127905683,1.3732354949228334,0.7547772974381664,0.16746267419291602,0.2790918950548338,0.6689830670794409,hjorth_mobility,hjorth_complexity,3.5027215043557773,0.8788534408530622,-39.39094543457031,-240.72265625,84.9609375,-38.57421875,1070.5060964392032,32.71858946286046,1868,eeg_data_level_6.csv,2,TP9,140.0078125,150.00390625
1269.8959264691712,181.41370378131018,322.30484592406776,111.85096472250649,157.72332432376746,363.4397369674985,45.42996712093731,102.02099333670553,20.129378168596926,37.36634174968065,54.77602334248998,6.847002917811247,11.765408034457653,2.786229809593797,6.889908435252275,54.18170445024326,1.4258343276379806,2.4215160113892513,0.3705573284833835,1.3766714459408982,80.5744614967314,0.915618880644675,1.848268985849897,0.40355910175386583,0.8802276783939045,1.5219751538443766,0.6883006429133922,0.15886237419039673,0.20367585643393843,0.3220437644243513,hjorth_mobility,hjorth_complexity,2.5739695903220485,0.7297235263852173,-37.64476776123047,-250.48828125,103.515625,-36.62109375,946.1512014604523,30.75957089200778,1868,eeg_data_level_6.csv,2,TP10,140.0078125,150.00390625
12.832888132091105,1.833269733155872,2.779260486539676,1.0101584314701797,1.6037670180019081,6.861376247745475,0.8576720309681843,1.2260459970881181,0.4982324220722464,0.8363597203017206,2.7027526533639286,0.33784408167049107,0.6259224344827644,0.20958636210943,0.28607188751657264,8.372295934695774,0.22032357722883616,0.5195459026772862,0.11587019216348213,0.19671277016465644,8.110921948457243,0.09216956759610503,0.29874152035407103,0.020690160057139848,0.08153792879922162,0.9381222151638791,0.6289407293828988,0.3058384085355068,1.0329230851980542,1.154568658170275,hjorth_mobility,hjorth_complexity,2.640309012753029,0.7740145357077124,-39.077186584472656,-54.6875,-22.4609375,-39.0625,21.889683230256196,4.678641173487896,1868,eeg_data_level_6.csv,3,AF7,150.0078125,160.00390625
119.75633974751648,17.108048535359497,26.27861716236296,8.280317095088984,16.029384149891726,57.18996554597979,7.1487456932474736,17.11108657264163,3.019143067299798,5.909766675006041,10.959483677322826,1.3699354596653532,2.7155082771026415,0.7573092832367115,1.193903629543887,17.74364027989287,0.4669379021024439,1.0031954224398492,0.17211709032251737,0.4545729793614097,22.08212636433346,0.250933254140153,0.529567494096177,0.05998452662381911,0.23278180865453735,1.3053505178644207,0.8050118764593641,0.2349703035925468,0.4617759672891468,0.633023642739756,hjorth_mobility,hjorth_complexity,2.313034528760191,0.7406165292959516,-38.02013397216797,-80.078125,3.90625,-37.59765625,123.44890328677138,11.110756197791911,1868,eeg_data_level_6.csv,3,AF8,150.0078125,160.00390625
3396.8261677090923,485.2608811012989,785.9348330125722,233.16119338739495,465.2571273901468,1009.952494973996,126.2440618717495,336.3996787172021,28.239370018533137,92.37190892935536,109.1576759233097,13.644709490413712,23.0276765703167,7.716475111034323,11.717126311225833,78.06807564191313,2.05442304320824,6.827329533631042,0.38799631918150257,2.0057080023155636,283.96642833316366,3.226891231058678,146.52362380351212,0.22988349214978085,0.7153731836287112,1.5361844736868764,0.7035862545243413,0.12811761706849015,0.11968937864613986,0.28916643313316837,hjorth_mobility,hjorth_complexity,2.5739695903220485,0.7805160767584326,-39.00108337402344,-283.203125,104.00390625,-33.69140625,2617.5328994577285,51.161830493618275,1868,eeg_data_level_6.csv,3,TP9,150.0078125,160.00390625
4683.761370022766,669.1087671461094,1172.110365072664,298.5892491910412,503.25571870845056,1048.3074287742572,131.03842859678215,357.50596952768893,22.503538427709017,105.12020914169808,126.79688563583555,15.849610704479444,32.84451613972294,7.928579727208606,10.227629627749852,63.0163063891371,1.6583238523457131,5.939484511110787,0.5018013501126769,1.3086398831974,52.01243953316025,0.5910504492404574,1.112836785114896,0.13891599172950267,0.5635334895945794,1.6144877230276873,0.6206581543963436,0.12085678216773174,0.08323415107699714,0.07882258849012061,hjorth_mobility,hjorth_complexity,1.8663490843915884,0.49771464803169446,-37.81757354736328,-307.6171875,110.83984375,-33.935546875,3175.5782384061604,56.35226915046243,1868,eeg_data_level_6.csv,3,TP10,150.0078125,160.00390625
11.345138184954989,1.6207340264221413,4.966241727601901,0.6369052406201665,0.9246529563321495,3.878751427204982,0.48484392840062274,0.722458321636442,0.30829411183706557,0.47023657259111107,2.8051728723409655,0.3506466090426207,0.6271961532675756,0.1311659400371469,0.3767876591994198,7.709484005834719,0.20288115804828208,0.7187195183303887,0.050273473289197436,0.15877546729944975,8.651566620299686,0.09831325704886007,0.36358999191175606,0.0298116520549999,0.08073515855718114,0.8569698557392538,0.4425185166078908,0.341023474190861,1.028864958555712,1.3278090908858173,hjorth_mobility,hjorth_complexity,2.910089330639017,0.8078090674887161,-39.8956298828125,-59.5703125,-20.99609375,-40.0390625,21.355515345931053,4.621202802943304,1868,eeg_data_level_6.csv,4,AF7,160.0078125,170.00390625
42.92272962312302,6.131818517589003,10.157464932931136,3.4176410294043875,5.370202206193985,17.245045946651633,2.155630743331454,3.6090649454016313,0.999143984830629,2.2363611209605305,7.0611994896461345,0.8826499362057668,1.586554506943041,0.4699501571089307,0.8117890587387907,19.251791198126426,0.5066260841612218,0.9496558276413509,0.24001842427032985,0.48912648300646283,27.294160057991217,0.3101609097499002,0.6989678859277219,0.11752064588876306,0.2945113932561574,1.0345270314696366,0.5622387918382334,0.28209827425528594,0.8606200929594503,1.3272185735071338,hjorth_mobility,hjorth_complexity,3.1356433669043513,0.8247099830132347,-39.41764831542969,-69.3359375,13.18359375,-39.55078125,60.38450505002402,7.770746749831963,1868,eeg_data_level_6.csv,4,AF8,160.0078125,170.00390625
1073.5335335347902,153.3619333621129,232.74970446892561,58.53660816034474,164.1475185205236,316.4040578946789,39.55050723683486,77.11270938699327,9.332192668466,34.93225771616764,87.63181804398533,10.953977255498167,20.499500173442822,3.0007010852956704,9.24215431066736,71.25493945340433,1.8751299856159036,5.870476227885559,0.375332789109338,1.5732561908122662,256.03753321091284,2.909517422851282,129.0967847121827,0.23433637688964648,0.6808346979799869,1.3952542090350972,0.6231034633916377,0.23613767809018,0.26129789995299485,0.5867568638046614,hjorth_mobility,hjorth_complexity,3.5027215043557773,0.9003887701769878,-41.346168518066406,-270.5078125,95.703125,-41.015625,882.5905472258455,29.708425525864637,1868,eeg_data_level_6.csv,4,TP9,160.0078125,170.00390625
1439.716885307247,205.67384075817813,335.4025659597439,58.97769425852292,196.53507445243005,342.1662212803483,42.770777660043535,81.79313544731835,12.592341134218334,38.26336843827232,71.04531309367874,8.880664136709843,18.86287065716482,3.70498349822366,5.214554365421284,48.6646110303874,1.2806476586944051,3.6978456600958944,0.4610727310609004,1.107813219156577,52.37653552099066,0.5951879036476211,1.4503611375914742,0.17010494204701246,0.5540094052546207,1.5388957929765685,0.621538471385711,0.1842707105850597,0.1754574380575044,0.21053677319500477,hjorth_mobility,hjorth_complexity,2.436868117298022,0.6920738493634316,-38.42334747314453,-271.484375,109.375,-38.57421875,944.9806616976275,30.74053775875802,1868,eeg_data_level_6.csv,4,TP10,160.0078125,170.00390625
9.099950696832227,1.2999929566903181,3.2826971669091334,0.6112875337228588,0.6904140771540973,5.759024540430108,0.7198780675537635,1.1812106617189602,0.4773921562532637,0.6222451913743934,3.2302690196985386,0.40378362746231733,0.6747244689290072,0.2172370551694266,0.38897620423943513,6.736019696700888,0.17726367622897074,0.412133639791729,0.0630085208744905,0.1428688220753985,7.875367989236466,0.08949281805950529,0.34290718159822553,0.020826200114336644,0.0783738770122594,0.7767253423489673,0.6154516810074633,0.3972604174354036,0.9679473733495161,1.2791481987295275,hjorth_mobility,hjorth_complexity,2.861440420856298,0.8021797600144632,-40.813636779785156,-55.6640625,-27.83203125,-40.52734375,18.569540370663162,4.309238954927327,1868,eeg_data_level_6.csv,5,AF7,170.0078125,180.00390625
84.22284986845264,12.031835695493234,16.114604321582068,7.038799137114769,12.448586109341967,45.69387068149017,5.711733835186271,11.13724902871663,2.1357210479051627,4.6370217640475175,6.400438490165821,0.8000548112707276,1.5431348989006912,0.3756985820937427,0.48165047344380923,18.28071533266558,0.4810714561227784,0.7252144728201406,0.17985415604820698,0.48768923278804444,24.479703252033115,0.27817844604583086,0.7606317987773115,0.10852029259931559,0.23113879316161934,1.218897924901341,0.8049330320074173,0.17999264063724524,0.5749990805513265,0.8312874861218676,hjorth_mobility,hjorth_complexity,2.7154936915081405,0.7882219231041024,-39.473915100097656,-81.0546875,9.27734375,-40.0390625,93.08695411164081,9.648158068338267,1868,eeg_data_level_6.csv,5,AF8,170.0078125,180.00390625
1854.18640880138,264.8837726859114,365.19908629252365,207.55483526250643,218.85091247001017,594.6703618549894,74.33379523187368,183.24361646282534,28.76597302849642,64.80658787593114,87.26348760370783,10.907935950463479,20.330509891501336,5.094253302336092,8.166687739106438,63.87257577495461,1.6808572572356477,5.456529773574633,0.7366247444162944,1.4040051350819442,258.6470533637817,2.9391710609520647,130.26953265117177,0.28978718153511146,0.7037187996099761,1.5003783607933963,0.7093983528656754,0.16258739070515385,0.15947625527192247,0.413729021084429,hjorth_mobility,hjorth_complexity,3.5955966957591503,0.8547914089507381,-42.20104217529297,-311.03515625,116.2109375,-40.0390625,1371.781400484906,37.0375674212671,1868,eeg_data_level_6.csv,5,TP9,170.0078125,180.00390625
2169.8959186567345,309.98513123667635,474.40050139068785,196.09346497581814,293.2674857779235,550.054902135299,68.75686276691238,168.30279517503033,20.176340613750618,64.02086089045767,59.88658818966796,7.485823523708495,14.286740338534251,3.87641175627202,5.592836433848359,42.719856650082754,1.1242067539495462,3.238892708733969,0.3520338244933338,0.9508121291115326,47.35205059746676,0.5380914840621223,1.0045950312834822,0.1366635255935748,0.5303410037083249,1.6090068954072971,0.6594327847160226,0.11812093966918713,0.11129424808243729,0.13605294810928814,hjorth_mobility,hjorth_complexity,2.414754976487695,0.6282177303773209,-38.983917236328125,-311.5234375,118.65234375,-37.109375,1348.1227395823225,36.71679097609597,1868,eeg_data_level_6.csv,5,TP10,170.0078125,180.00390625
31.907689566747273,4.558241366678182,6.671072871897234,3.051835922928875,4.0325129221159575,8.36766647001906,1.0459583087523825,1.7482559940035054,0.5006415854334857,0.9583762532218574,6.610969383597962,0.8263711729497453,1.2204707627467113,0.5431150276991956,0.7956604677844187,9.04110563374774,0.2379238324670458,0.933838607328688,0.08301664520539523,0.2060932675907353,8.917648201342402,0.10133691137889093,0.3145403486219816,0.02553121071937356,0.09564508931461273,1.2289178740991111,0.49528630449839117,0.41894326291420636,0.715040694248957,0.824665320821566,hjorth_mobility,hjorth_complexity,2.2688082471395377,0.7292301773613259,-37.90931701660156,-60.05859375,-6.34765625,-38.0859375,35.13684947392903,5.927634391047497,1868,eeg_data_level_6.csv,6,AF7,180.0078125,190.00390625
461.8937744470742,65.9848249210106,143.36147494297467,16.79826305255134,66.28194409348883,84.5781024881812,10.57226281102265,23.757836728826305,4.613490894926741,10.086439142949072,13.695179870524031,1.7118974838155039,4.299826213152946,0.7308778141694963,1.2439207303532904,42.23626717701261,1.1114807151845423,2.5759495483878845,0.2838894582588879,0.9840141790988671,57.25178595013892,0.6505884767061241,2.015775873955091,0.09616805989191118,0.51122676713139,1.4517200943879185,0.500069826689363,0.11702996935710562,0.3919505074091483,0.5653982441450587,hjorth_mobility,hjorth_complexity,2.0786352361707263,0.7087395088344893,-36.982154846191406,-112.79296875,64.453125,-37.59765625,328.20154123328393,18.11633354830066,1868,eeg_data_level_6.csv,6,AF8,180.0078125,190.00390625
5428.556585627251,775.5080836610358,1434.3870948275944,223.40712890326301,762.5623313671167,1426.3962746153213,178.29953432691516,345.8672260876946,46.82683257361791,158.45042463766563,165.45240919892402,20.681551149865502,40.66719945909612,8.285620702739529,18.44080882733065,210.44091297176536,5.537918762414878,17.867824804538238,1.2482324937650937,4.339107538199892,395.2141146158534,4.491069484271062,119.32639726643177,0.8463347338959318,2.3437629545712975,1.4723232832526731,0.6306949188974587,0.11911649283908783,0.18269645613234167,0.31285777426942796,hjorth_mobility,hjorth_complexity,2.259962990815407,0.7523288364617942,-39.97077941894531,-385.25390625,167.96875,-36.1328125,5018.9385130943265,70.84446706055687,1868,eeg_data_level_6.csv,6,TP9,180.0078125,190.00390625
5075.090110950357,725.0128729929081,1670.4142522275824,286.1856317491688,489.413733748846,1191.6873414850215,148.9609176856277,331.4708044636948,41.84383894852605,102.26956115262001,146.153794390208,18.269224298776,55.43779609980782,6.807731328209634,10.684231702715005,158.11347174209052,4.160880835318172,8.310900033570102,1.2748928195218272,3.6953908483699904,201.40133796970667,2.288651567837576,4.243942440439435,0.9677597507886327,2.2483362002818987,1.523868940141492,0.620565817621932,0.11959061416412595,0.16743911423515395,0.23293617493249189,hjorth_mobility,hjorth_complexity,1.9857600447673536,0.6316762509727897,-36.53430938720703,-391.11328125,156.73828125,-34.1796875,3414.9257588069304,58.4373661179808,1868,eeg_data_level_6.csv,6,TP10,180.0078125,190.00390625
26.685094534014425,3.8121563620020606,12.33954443565225,0.9596253763214025,2.527439576384948,5.676180585217787,0.7095225731522233,0.9080896780737735,0.47161309647268346,0.7333471147745146,2.799834673343449,0.34997933416793114,0.54627139756476,0.24060515748525008,0.3024499348017432,7.38124069476556,0.19424317617804104,0.7208391893893535,0.0704352763352592,0.15730118398198412,8.092221082099563,0.0919570577511314,0.35455484480798605,0.023701505175572072,0.07778316931127727,1.0992156764895757,0.44426904040806325,0.2537252102797032,0.7320849483119775,0.9123408582034556,hjorth_mobility,hjorth_complexity,2.1980461965464917,0.7877254680109743,-40.26622772216797,-57.6171875,-17.578125,-40.52734375,32.45965632231673,5.697337652124607,1868,eeg_data_level_6.csv,7,AF7,190.0078125,200.00390625
91.99715621533575,13.142450887905108,17.16934993222344,9.088948947860047,13.909026402889438,38.52824466806882,4.816030583508603,8.037998470236056,2.5387924750265096,4.356730200840977,6.793044465599257,0.8491305581999071,1.4156759171313,0.5016503977931848,0.812416167599604,17.547683228311556,0.4617811375871462,0.9453006335668588,0.19145281089538024,0.4380816082914417,16.860187541811364,0.1915930402478564,0.3833830120588919,0.06507902474155353,0.18053690670026218,1.3170459846090734,0.7529766218374767,0.19867856504566633,0.569968556404153,0.6288651464112588,hjorth_mobility,hjorth_complexity,2.2555403626533415,0.7153521826826708,-38.92345428466797,-75.1953125,14.16015625,-39.55078125,94.92797831626376,9.743099009876875,1868,eeg_data_level_6.csv,7,AF8,190.0078125,200.00390625
1922.2659586647594,274.6094226663942,376.25909918132754,138.19446082930583,331.05285769982794,562.9280205072419,70.36600256340523,135.23482367350994,27.9992219206326,59.04206187780838,81.95326927325448,10.24415865915681,20.20165064051777,3.3934863195904055,9.683054086687818,84.97708449637176,2.2362390656939937,3.789941469287286,0.6781167687411244,2.1772744858770414,314.00566794913385,3.568246226694703,132.96728672136985,0.3728293807137735,1.1851046678383812,1.4712320760092639,0.662375232075793,0.1476548327234194,0.19747373393164575,0.5116194692456975,hjorth_mobility,hjorth_complexity,3.1267981105802205,0.8613935213519641,-40.88935852050781,-308.59375,102.05078125,-39.0625,1789.6058793121483,42.30373363324032,1868,eeg_data_level_6.csv,7,TP9,190.0078125,200.00390625
1763.0099931856696,251.85857045509565,369.718143278619,131.11148620757143,225.2535071150986,529.9838503624335,66.24798129530419,159.70757425096915,19.664162324784016,41.07285582115504,58.396829837230094,7.299603729653762,14.246283545163806,2.147943643254961,6.869635229134099,69.05957085792905,1.817357127840238,5.058747320651619,0.792484721552433,1.7500764648269111,94.80990566671298,1.0773852916671929,2.4603447121769975,0.24199782104102807,1.0481203892118112,1.537462130829087,0.6901714483767253,0.12880151477135268,0.19107716972430824,0.281366177136235,hjorth_mobility,hjorth_complexity,2.2776535034636685,0.700980837007845,-38.23680877685547,-281.25,113.76953125,-36.62109375,1448.4670565798297,38.058731673294496,1868,eeg_data_level_6.csv,7,TP10,190.0078125,200.00390625
17.34491936288736,2.477845623269623,5.609858213279101,1.25707008825342,1.6413290972793049,7.1976316898723525,0.8997039612340441,1.3026010696408075,0.6218877566019038,0.8614729834095802,2.8297902811929476,0.35372378514911845,0.5034855522573511,0.25897813770810063,0.3430545902216358,6.9328788600950935,0.18244418052881825,0.458670213524391,0.04549122371308936,0.15580700228643396,8.319280560668577,0.09453727909850657,0.27752315059855803,0.015772038153191767,0.08202852241622427,1.0247923597437614,0.6037810611225598,0.2941318037828735,0.8002851307047512,1.0777611825271318,hjorth_mobility,hjorth_complexity,2.6137732437806367,0.7912205537357575,-39.201927185058594,-57.12890625,-19.04296875,-39.0625,24.51988544635242,4.951755794296849,1868,eeg_data_level_6.csv,8,AF7,200.0078125,210.00390625
116.88633719792684,16.698048171132406,22.736392897792996,11.634645357548985,16.193288689272322,55.49769825266944,6.93721228158368,13.515891188143796,2.8014986964826325,7.128810219593831,11.050552771856143,1.381319096482018,2.0733482302678734,0.7551306038581083,1.3843132799981448,20.57121592636611,0.5413477875359503,1.4151021018816552,0.18338431499497374,0.5324950270649063,20.622602158893596,0.23434775180560904,0.436712151129312,0.08769916528564925,0.22109048969714212,1.3106813075311612,0.804022167795259,0.24114889432683712,0.5284485537909939,0.6049284347989943,hjorth_mobility,hjorth_complexity,2.273230875301603,0.7232511102544709,-37.52098083496094,-80.56640625,14.6484375,-37.59765625,116.06094180024229,10.773158394836784,1868,eeg_data_level_6.csv,8,AF8,200.0078125,210.00390625
3077.294531145153,439.6135044493076,790.916398887281,225.7624986000068,390.50663547878673,781.3731947767151,97.67164934708939,183.59651585677554,37.40525505589667,88.68598171759464,126.02442714375888,15.75305339296986,29.506462280937114,7.501910183535791,13.35263034549212,100.03012204737362,2.6323716328256217,7.568624755889729,0.6171661376640561,2.3062592184670736,300.52984685223544,3.41511189604813,116.15020103345498,0.4971930937352792,1.4530816389904715,1.5186095285029182,0.6404237032025725,0.15386658217785137,0.16074401230530563,0.3791121162848544,hjorth_mobility,hjorth_complexity,2.2909213879498647,0.8133917235793816,-41.620826721191406,-293.45703125,95.21484375,-38.57421875,2195.965332466585,46.861128160412285,1868,eeg_data_level_6.csv,8,TP9,200.0078125,210.00390625
2919.274847447241,417.03926392103443,713.1651247582923,272.1615494915807,380.91877615631955,700.4097423142393,87.55121778927992,164.06780797123542,30.938679071421387,77.65042685530722,95.92655814223426,11.990819767779282,19.502272667967997,6.548855789940661,12.288233801867952,76.94879331375118,2.0249682450987154,5.704892460209076,0.8945577309687633,1.7624839410176771,93.85154261994253,1.066494802499347,2.777587632601859,0.4135381259134495,0.9720415022302563,1.6122666511905068,0.6470757188368266,0.1377114097661854,0.14348793965826473,0.1915957857381615,hjorth_mobility,hjorth_complexity,2.0299863263880074,0.6596915766044023,-39.07032012939453,-288.0859375,98.6328125,-36.62109375,1868.273163527192,43.223525579563635,1868,eeg_data_level_6.csv,8,TP10,200.0078125,210.00390625
80.81750393865411,11.545357705522017,20.102148256482707,1.234231398709464,11.766643439463797,18.338017105584438,2.2922521381980547,3.2127677827318664,0.5071139444128753,2.613290561430651,5.364165282746886,0.6705206603433608,0.9129696695850359,0.48549713611091555,0.6335379586126224,9.286662878253107,0.24438586521718703,0.7049495351210484,0.06059497926354012,0.2345916180807801,8.093001177305023,0.09196592246937527,0.35660913667168676,0.03067117060632739,0.07728852804730567,1.4143782944539833,0.5676095497279583,0.2208819344011383,0.44680968810200544,0.45284924727024134,hjorth_mobility,hjorth_complexity,1.990182672929419,0.7084546929142541,-37.64476776123047,-105.95703125,11.71875,-38.0859375,75.31672421464464,8.678520854076726,1868,eeg_data_level_6.csv,9,AF7,210.0078125,220.00390625
128.49990400653732,18.357129143791045,23.490487101012977,13.628177845878447,17.860296891521344,36.111003912904586,4.513875489113073,9.56238880936033,1.158829153955342,3.473164797140419,7.678273404439732,0.9597841755549665,1.3983286346623538,0.6589865255706202,0.9650677165965362,13.969356137164045,0.3676146351885275,1.0266186639575607,0.11360742258957661,0.31855875684040924,24.037990765720814,0.27315898597410015,0.7993926492960411,0.08355749859989575,0.2490576548277833,1.4421346510069561,0.6032051444049411,0.1885102247747095,0.3993247827528469,0.714852341993225,hjorth_mobility,hjorth_complexity,1.8575038280674576,0.7027968434689019,-37.54119873046875,-96.19140625,11.71875,-38.0859375,115.06078531965613,10.726639050497417,1868,eeg_data_level_6.csv,9,AF8,210.0078125,220.00390625
7316.527886208749,1045.2182694583928,1275.6008860333104,710.36054659212,1105.887644900943,1661.5815013696197,207.69768767120246,672.4015712625211,34.70509235610567,133.2816536971877,474.6776473073384,59.3347059134173,130.21616747035577,18.37736433442748,50.85853921943104,361.7140118402129,9.51878978526876,24.648819340228805,1.8528220005111615,7.867701380907272,447.2559857309709,5.082454383306487,124.18730265667381,0.7557239576058943,3.006689359516481,1.578622870703066,0.5566084151928571,0.22211031374743206,0.23265873950891136,0.28238758870964087,hjorth_mobility,hjorth_complexity,1.7823191493123463,0.77387699679464,-34.88788604736328,-445.80078125,466.30859375,-40.52734375,4773.839907684305,69.09298016212867,1868,eeg_data_level_6.csv,9,TP9,210.0078125,220.00390625
3378.543129368752,482.64901848125027,802.2529537363413,204.87468763334266,477.7625269796081,714.656891198769,89.33211139984613,295.1278434403039,12.815089588841126,47.66308422467455,100.45693468825988,12.557116836032485,19.100747105943825,5.943500471308437,13.854951945414616,89.97690346074116,2.3678132489668724,5.355164925847351,0.9918695449015567,1.9615060235633595,168.9550110528459,1.9199433074187033,4.357541885952614,0.7724717813154918,1.7992633829205593,1.5670185963930396,0.5443311580131307,0.1262486547808828,0.14506700212349088,0.28075365337114755,hjorth_mobility,hjorth_complexity,2.313034528760191,0.7616752000441553,-34.105491638183594,-346.19140625,123.046875,-34.66796875,1950.6165655548102,44.16578501005966,1868,eeg_data_level_6.csv,9,TP10,210.0078125,220.00390625
19.007693819260588,2.715384831322941,7.696555097940021,0.7810562286164964,1.3932050693342417,5.810823211786589,0.7263529014733237,1.2216926807190764,0.40369535886919966,0.6855016012222291,3.4997883293608414,0.4374735411701052,0.7473819149415181,0.22528831490575296,0.4335833231249676,7.062104371367541,0.1858448518780932,0.5671175905279883,0.0550292719697861,0.17691052948688712,8.418331329535569,0.09566285601744964,0.5810438146455666,0.012004921377352077,0.07564460676157703,0.990461948302469,0.49704252121767883,0.33393774573087964,0.7939841504825411,1.0382804044077998,hjorth_mobility,hjorth_complexity,2.4678265144324794,0.8020021294890454,-38.465118408203125,-54.19921875,-17.08984375,-38.57421875,26.39705257024616,5.137806202091138,1868,eeg_data_level_6.csv,10,AF7,220.0078125,230.00390625
89.60345111409737,12.800493016299624,21.737252222087562,5.6886162053200975,11.197879589649261,47.7925388654304,5.9740673581788,11.373387462020638,3.51293034912947,4.637248824188477,9.916028243077589,1.2395035303846986,2.199209764001446,0.5823384093003796,1.0353917463003233,17.079033642952755,0.4494482537619146,0.9692548549010434,0.1399648259682939,0.4099552301174936,17.875336049341833,0.20312881874252084,0.41606861383639565,0.062343884521512544,0.19790058268635888,1.2404238795437414,0.8447145048341174,0.2594486360028116,0.5385963482610678,0.6393862155160224,hjorth_mobility,hjorth_complexity,2.282076131625734,0.7243667553754732,-37.439918518066406,-89.35546875,25.390625,-37.59765625,102.5767848113901,10.128019787272835,1868,eeg_data_level_6.csv,10,AF8,220.0078125,230.00390625
2191.502246162362,313.07174945176604,548.2142337126629,165.26159703976137,232.9991607988776,621.6182806273098,77.70228507841372,157.04902939575064,15.867337932917586,60.79915250378489,81.47175434906727,10.183969293633409,15.633502819436858,3.9450860587969934,10.058878637212324,88.06655645260456,2.3175409592790674,4.738751390067509,0.9570320399416086,2.3684246877843935,327.6157914684371,3.72290672123224,131.03498235719474,0.5645123969027586,1.4094841670749683,1.4628567341669512,0.6434863629141803,0.13585390900648742,0.18495554770582423,0.5029185057761312,hjorth_mobility,hjorth_complexity,2.843749908208036,0.865129531577471,-39.94712829589844,-304.6875,99.609375,-40.52734375,1804.1479632665869,42.47526295700342,1868,eeg_data_level_6.csv,10,TP9,220.0078125,230.00390625
2202.300124337315,314.6143034767593,458.62985980390516,210.1357121959631,297.0065248633294,575.4233352753439,71.92791690941799,148.25479709243038,9.057186264552731,59.255361948219644,76.73878099942885,9.592347624928607,14.623346349594698,3.694492713251919,8.989356916663247,62.54437656577823,1.6459046464678482,3.8280373515623296,0.7411821043694405,1.5318191875673421,115.41950763450174,1.3115853140284288,2.9356049323154196,0.609190633421274,1.181407433739925,1.5967158549462825,0.6553712755934757,0.14028214281091167,0.15022394054141958,0.285203684691405,hjorth_mobility,hjorth_complexity,2.618195871942702,0.7212045215260305,-37.016868591308594,-305.17578125,136.23046875,-36.1328125,1569.4069783421583,39.61574154729605,1868,eeg_data_level_6.csv,10,TP10,220.0078125,230.00390625
68.92624542734325,9.846606489620465,17.820708828960978,5.774906617744135,7.523086473778418,28.881318171715616,3.610164771464452,5.727422196341144,1.2670369498776082,4.0905906260463665,10.16885149788072,1.27110643723509,1.8273911964960479,0.8848210485799688,1.175703040431971,18.886150422327574,0.4970039584823046,1.0685724427092702,0.09050209125662446,0.41179625319021873,10.103526422111427,0.11481280025126622,0.4450772604534002,0.022154340331899367,0.10514568477380667,1.2587700784258429,0.728112236304578,0.3357334829294454,0.7261007048401623,0.4956918214134859,hjorth_mobility,hjorth_complexity,2.3572608103808452,0.7054146635247186,-39.76116180419922,-96.6796875,-3.90625,-39.55078125,66.31740947341314,8.14355017626914,1868,eeg_data_level_6.csv,11,AF7,230.0078125,240.00390625
87.19506829879433,12.456438328399189,16.603601487856185,8.657951753738308,11.9093242378278,44.85551203854534,5.606939004818168,9.626106024233911,2.5972359600869193,5.279866179165068,10.652217883353016,1.331527235419127,2.1586621026022343,0.666059719807019,1.2990643706103344,19.665737480796984,0.5175194073893943,0.9542372064227761,0.1861029017651098,0.4903596549478964,21.88547839333141,0.24869861810603877,0.6427681869722428,0.07211190614296308,0.22616776305186048,1.2294447730879776,0.805576283785053,0.2713360354729953,0.5948864907429806,0.7439925771340581,hjorth_mobility,hjorth_complexity,2.6137732437806367,0.7427494708778956,-38.67473602294922,-80.56640625,8.7890625,-38.57421875,89.65456039732089,9.468609211353106,1868,eeg_data_level_6.csv,11,AF8,230.0078125,240.00390625
2352.1846066900425,336.0263723842918,530.2003749269903,173.1777603164367,347.79976108782944,739.2226885437942,92.40283606797428,189.7853045498356,32.924814092677984,86.04944160930017,108.00399206009493,13.500499007511866,29.701123954694772,4.021169535803142,13.187872973510807,115.45900752094283,3.0383949347616537,5.538435899761047,1.1683418506998875,2.8453968408567496,347.48120704501844,3.948650080057028,122.04589692527333,0.6209460288763327,1.7756957570600704,1.4501608556478438,0.6880454356192667,0.15559468100604518,0.21297536077805168,0.5060766747587111,hjorth_mobility,hjorth_complexity,2.671267409887487,0.8503982765840432,-42.76866912841797,-292.48046875,96.19140625,-41.50390625,1903.393599750416,43.627899327728535,1868,eeg_data_level_6.csv,11,TP9,230.0078125,240.00390625
2863.6620712653753,409.09458160933934,726.8212568848354,174.89169671313417,442.5922191094944,659.3166956105199,82.41458695131499,166.93218987635197,26.012457856966943,74.1767729297202,82.1399833169898,10.267497914623725,20.97313085597091,5.035228155964628,9.069991309224818,90.55123509503024,2.382927239342901,5.047829777475261,0.8312338653287813,2.186871991085327,133.66751217504404,1.5189490019891367,3.1616980015658727,0.6283411769576487,1.4152023922166923,1.5681438699220467,0.6086378813466897,0.12037053781027371,0.16609444956834118,0.26116561225946117,hjorth_mobility,hjorth_complexity,2.2688082471395377,0.7228056642318671,-37.75787353515625,-291.50390625,145.01953125,-37.59765625,1895.8689994178712,43.54157782416562,1868,eeg_data_level_6.csv,11,TP10,230.0078125,240.00390625
93.27790202137425,13.325414574482036,22.429087714378454,8.31155051728044,11.1055203713187,23.063139462498235,2.8828924328122794,7.289282819338065,0.918362262584984,2.134453432165208,5.592354863244534,0.6990443579055667,1.0985103764905884,0.4208961838670568,0.6711218373818073,8.589780092340696,0.22604684453528148,0.6740649965900737,0.07505598248807675,0.19001217860552322,8.81689265731514,0.10019196201494478,0.30083147350235195,0.023783714807123168,0.08996740687222655,1.4916382791369842,0.5782205107124988,0.20248006766684,0.3732794976361412,0.43248304420449835,hjorth_mobility,hjorth_complexity,2.2776535034636685,0.7324989989047532,-40.203857421875,-95.21484375,12.20703125,-41.015625,78.30172777175903,8.848826349960714,1868,eeg_data_level_6.csv,12,AF7,240.0078125,250.00390625
164.4025296051638,23.486075657880544,32.102654700396045,16.908678973886346,21.52644507932421,64.7384457871182,8.092305723389774,15.78965112261467,1.7974884934381532,6.957645187564651,8.270330744219343,1.033791343027418,1.7180551529553028,0.5817651857663713,0.9807010208748399,15.118317870960286,0.39785047028842857,0.7241495218708511,0.1993858589213203,0.38773770024334664,28.704676103263076,0.32618950117344403,0.7384740107576859,0.09629413890300949,0.30927251758530905,1.4109858771471575,0.756824272892031,0.15932870612924627,0.3404290705849738,0.6605056032021892,hjorth_mobility,hjorth_complexity,2.3970644638394334,0.7685896407233068,-38.964271545410156,-122.55859375,20.99609375,-39.55078125,124.7967962626717,11.171248643847818,1868,eeg_data_level_6.csv,12,AF8,240.0078125,250.00390625
3431.6951549860532,490.2421649980076,717.5947703578805,334.3644092881191,465.9381981198516,988.463563917636,123.5579454897045,301.1315262600086,52.57647529461235,93.03100276336605,98.55049660103295,12.318812075129118,37.41843980338655,2.3681413414428856,7.946339345025043,127.90389364965975,3.3658919381489407,6.223818428271465,1.138917772405805,3.3719852923122677,383.3483856359551,4.356231654954035,112.20797982283365,0.5590747456874151,2.462481631723115,1.5351647813963547,0.6799648379912355,0.10890268020074317,0.17986526577745102,0.4533814089594097,hjorth_mobility,hjorth_complexity,2.23784985000508,0.8380696479182292,-39.93568420410156,-314.453125,118.1640625,-40.0390625,2549.757924716687,50.49512773245243,1868,eeg_data_level_6.csv,12,TP9,240.0078125,250.00390625
3390.4377755913047,484.3482536559007,792.4684948568921,287.97650325536256,408.7737082047981,942.0653683427716,117.75817104284646,353.7076788990429,36.02529585530114,84.95778545594898,85.99824857763625,10.74978107220453,31.275152009025053,3.744215818228899,5.5834357671199735,78.55387680300905,2.0672072842897116,4.225406104660784,0.941248625252823,1.9277161799725788,151.77432848580688,1.7247082782478054,6.100047330844435,0.614504849149792,1.503379704608301,1.579128696211892,0.678874055484541,0.10504658364860217,0.1268857648726672,0.24934872611571463,hjorth_mobility,hjorth_complexity,2.2201593373568183,0.7185750426786766,-39.62993621826172,-290.0390625,127.9296875,-36.62109375,2074.3448030771106,45.54497560738298,1868,eeg_data_level_6.csv,12,TP10,240.0078125,250.00390625
21.528832335242047,3.0755474764631496,6.524554039205726,0.7849987909480819,2.137291140078925,6.411473059050473,0.8014341323813091,1.4891734603538362,0.2533359064217325,0.7050853439582172,3.123644753248525,0.3904555941560656,0.554833438581499,0.29002187278663993,0.3552043491777475,7.536299642026035,0.1983236747901588,0.5336135216825235,0.08129178147835632,0.1560596664713388,8.836120563845009,0.10041046095278419,0.4572704697654674,0.024407374249498445,0.08590204171417189,1.0812678679129144,0.5065351344191191,0.2979616783315612,0.8032795027765656,1.0512325935685953,hjorth_mobility,hjorth_complexity,2.529743308701395,0.7933190135650681,-38.28086853027344,-57.12890625,-18.5546875,-38.0859375,25.159865472232923,5.0159610716424945,1868,eeg_data_level_6.csv,13,AF7,250.0078125,260.00390625
147.12532495985243,21.017903565693207,36.68424343445469,10.870376245152853,20.95445044050126,79.52737779500711,9.940922224375889,17.965409026435875,1.9335529584285933,7.467369941921626,8.099568892787907,1.0124461115984884,1.6630806138102363,0.6317056653874142,0.9664019303138025,17.336654909958476,0.45622776078838095,0.839142349224194,0.12475013560815709,0.449298538100143,21.05540424277222,0.23926595730422975,0.48182946501592827,0.09967655471231579,0.23595878647756785,1.3272737596645834,0.8920438431123592,0.16106566088412758,0.3929930021158256,0.5264530695051117,hjorth_mobility,hjorth_complexity,2.47667177075661,0.7317559461938287,-36.948394775390625,-87.40234375,17.08984375,-37.109375,132.46291724499315,11.509253548557924,1868,eeg_data_level_6.csv,13,AF8,250.0078125,260.00390625
4083.012825104122,583.287546443446,874.2288130438881,390.25949870518525,535.5897076560341,1382.8558770951367,172.8569846368921,444.17451851604346,34.08669191394622,146.49908146736192,134.24095414721978,16.780119268402473,46.27734353853528,7.342740479860566,9.613893140987402,105.29991907480115,2.7710505019684515,4.584405789416173,0.727239943062997,2.7329531263822515,330.44676967503085,3.7550769281253507,139.21194188269945,0.5835171031446442,1.3292048508577001,1.539135587152227,0.7446551997630029,0.12351945150323632,0.13144163950615095,0.30652624844541104,hjorth_mobility,hjorth_complexity,2.697803178859879,0.8029084281969949,-39.220237731933594,-362.79296875,88.8671875,-35.64453125,2771.503835938347,52.64507418494485,1868,eeg_data_level_6.csv,13,TP9,250.0078125,260.00390625
4123.471097051033,589.067299578719,958.0356281658892,403.7187303544408,481.37023770828677,1234.8659979162915,154.35824973953643,427.928402597348,25.942082415292035,110.91348789913631,139.7956741798631,17.47445927248289,34.4563575570374,8.646961462550738,13.899673663864455,79.54285138961573,2.093232931305677,5.40957589467611,0.5853180629057658,1.9146855720909683,119.70442098199325,1.3602775111590142,2.4481184570656094,0.42982356220227413,1.345593084817096,1.5924237608278482,0.7058284305003261,0.1370283554591914,0.10711072978153768,0.17156951677035365,hjorth_mobility,hjorth_complexity,2.1361294022775765,0.6516373636925403,-36.99626922607422,-329.1015625,111.81640625,-33.69140625,2652.1499862064957,51.49902898314196,1868,eeg_data_level_6.csv,13,TP10,250.0078125,260.00390625
13.288937009492415,1.8984195727846307,2.9195836511737525,1.3024659319492036,1.7676362793175473,8.34601138228326,1.0432514227854075,1.7436227394005401,0.45235802179871143,1.0325858767605598,3.3458196964808042,0.41822746206010053,0.809856967810447,0.22915993459273162,0.338172063506041,8.299875068759988,0.21841776496736812,0.46648987161594874,0.12324141870718937,0.21081915116504196,8.764604927051757,0.09959778326195178,0.5229261507589278,0.013380546909154037,0.07673105174678352,0.9192394700767909,0.6837797213390946,0.3386666609304196,0.9662828592679977,1.1413584750169772,hjorth_mobility,hjorth_complexity,2.5253206805393296,0.781221081549372,-37.73059844970703,-60.546875,-20.01953125,-37.59765625,24.72281743393978,4.972204484324813,1868,eeg_data_level_6.csv,14,AF7,260.0078125,270.00390625
68.78996986027286,9.827138551467552,14.295180574390956,6.7968983448368565,9.442916909534244,30.397447747689448,3.799680968461181,7.346522153332829,2.044691397720745,3.100301824664017,8.915751501681763,1.1144689377102204,1.6385242573104533,0.7709579553197516,1.001324454764323,24.075842842104734,0.6335748116343352,1.0515909355041062,0.24287711070846696,0.6169994095654301,28.911817228855305,0.32854337760062846,0.8512013993625027,0.1058550317491943,0.2887758308984271,1.1446892352366032,0.6603967500642969,0.26177680446364016,0.7845028555567025,1.0459157245721815,hjorth_mobility,hjorth_complexity,2.8083688829115134,0.7895990497188912,-36.29417419433594,-84.47265625,18.5546875,-36.1328125,90.94368884689175,9.53644005103014,1868,eeg_data_level_6.csv,14,AF8,260.0078125,270.00390625
2562.3018060230197,366.0431151461457,669.5307943250343,162.7900187389888,308.9258357279377,789.3978903794481,98.67473629743101,204.41700063699625,40.31607974307417,77.3253250085888,140.99629842831328,17.62453730353916,33.54846004791436,7.875030932605608,17.002710477487156,151.03050913210518,3.9744870824238205,10.24154703736216,1.4498945199223146,3.860547691396227,343.11536535692335,3.8990382426923107,120.50136015339795,0.3486769702388772,1.6553994474270304,1.415507634050606,0.687547497242303,0.18306672391457282,0.24981512689474028,0.467926582920062,hjorth_mobility,hjorth_complexity,2.9985418938803243,0.8135075320547299,-39.894676208496094,-287.59765625,106.93359375,-36.62109375,1929.8906580297626,43.93052080307906,1868,eeg_data_level_6.csv,14,TP9,260.0078125,270.00390625
2823.7129597012727,403.3875656716104,769.2301442153704,136.31203806842257,344.47459753962977,685.9974750179955,85.74968437724944,162.52831851654963,35.72142279428952,61.19761705508764,109.25783566164202,13.657229457705252,24.192619673809318,6.586556012066935,11.979585457379034,112.87159461879307,2.970305121547186,6.696514031833428,1.2035463424516084,2.8175893947672894,153.34292194378054,1.742533203906597,4.8756577250929825,0.5184643792691358,1.6411320866840842,1.5108212508970265,0.6316410127298437,0.15354205230151496,0.20159543036555513,0.2931663851701165,hjorth_mobility,hjorth_complexity,2.4191776046497604,0.7128191931769924,-36.124420166015625,-318.359375,117.67578125,-34.1796875,1929.018948576413,43.920598226531624,1868,eeg_data_level_6.csv,14,TP10,260.0078125,270.00390625
16.17723367525366,2.3110333821790943,3.011656279236081,1.087138166334964,2.707881215540484,6.265919663537364,0.7832399579421705,1.483438249884254,0.2917265591855982,0.7727063695029428,2.2703661908814885,0.28379577386018606,0.5529813326942824,0.125524198159918,0.26998830494691517,7.66644863669825,0.20174864833416448,0.4249726771351394,0.05288975450820235,0.19087086148763416,7.546312364718953,0.08575354959907901,0.5233009184633691,0.017992212315328233,0.07283155234549293,1.0759398995218448,0.5615180604194221,0.2596831760892068,0.9341252386051118,1.05083890346483,hjorth_mobility,hjorth_complexity,2.507630167891068,0.7766730284497707,-37.73231506347656,-53.22265625,-18.06640625,-37.59765625,22.40532063296996,4.733425887554379,1868,eeg_data_level_6.csv,15,AF7,270.0078125,280.00390625
96.94768386228691,13.849669123183844,20.405427322069414,6.026686360315493,13.308576819819278,64.2044239440644,8.02555299300805,18.21018892920268,1.9483746643839785,6.242144822924807,6.250618366205544,0.781327295775693,1.5390546959972726,0.5528414695784317,0.6608143183638086,17.6921786794042,0.4655836494580053,1.1303033839624848,0.1555848286223066,0.4197963555932854,19.206481064116367,0.218255466637686,0.45149619402009694,0.04618353976642399,0.20364706248995745,1.222469037066838,0.9218011201624202,0.16410851767058365,0.5062788952864153,0.6189533331865257,hjorth_mobility,hjorth_complexity,2.4722491425945448,0.7450120302485305,-36.469459533691406,-72.75390625,12.6953125,-36.62109375,102.42947519145673,10.120744794305246,1868,eeg_data_level_6.csv,15,AF8,270.0078125,280.00390625
2767.493711640239,395.3562445200341,623.4877497340822,171.5369976405246,338.5751133623978,850.3085967747865,106.2885745968483,229.3787803835169,15.382865436832365,98.4133610685163,112.69770219195951,14.087212773994938,31.462621408747353,5.928583401127547,10.340826713415845,104.7360657477069,2.756212256518603,5.436025081821315,0.7870246650323875,2.4431533038210427,305.7147226159531,3.474030938817649,129.83421469204498,0.592641405176468,1.206688578123718,1.4919707629384464,0.6864066516551971,0.14565533471544762,0.17786214123170893,0.38808287730268753,hjorth_mobility,hjorth_complexity,2.8172141392356442,0.8176604309903283,-34.75341796875,-298.828125,167.96875,-36.376953125,1948.5275819897652,44.142129332303,1868,eeg_data_level_6.csv,15,TP9,270.0078125,280.00390625
2552.3789129303254,364.6255589900465,706.1239850747376,139.59994261418672,266.0663402694865,719.6382063383221,89.95477579229026,185.66040269561688,11.861662079973907,79.64096903230592,120.71645184458107,15.089556480572634,35.125050178329296,5.635751580160044,10.158551859370368,80.50639808457616,2.11858942327832,4.089265227190828,0.7209881973407443,1.9726733900879354,115.11080986743022,1.3080773848571616,2.536477868113674,0.46016907452084965,1.2178075420521448,1.5096619150075612,0.6797688718600455,0.17386861382570545,0.16262171841466086,0.24822842653293886,hjorth_mobility,hjorth_complexity,2.4678265144324794,0.7023533894864902,-34.72099304199219,-308.59375,124.51171875,-33.203125,1654.0471288317349,40.66997822512,1868,eeg_data_level_6.csv,15,TP10,270.0078125,280.00390625
37.73947543705229,5.391353633864613,13.537971473776615,0.9912329451548683,3.2510493314197255,6.172548794456409,0.7715685993070511,1.512379186439693,0.4135504469881934,0.5118169415255167,2.535010347808793,0.31687629347609914,0.38695217059933773,0.22358628168879577,0.31429367552562404,7.967590122095751,0.20967342426567764,0.5634971904214247,0.07250052967383763,0.18600548523696836,8.001350143753946,0.09092443345174939,0.3909396442148272,0.025961012179081654,0.07546743459870861,1.1933983795814247,0.3933817634821487,0.1994616043025449,0.6637285209611932,0.7589776699741865,hjorth_mobility,hjorth_complexity,2.321879785084322,0.7864100940260201,-39.458274841308594,-55.17578125,-14.16015625,-40.0390625,33.83635685167974,5.816902685422865,1868,eeg_data_level_6.csv,16,AF7,280.0078125,290.00390625
108.99389243210744,15.570556061729635,26.116345192891963,9.589728226988457,16.079969804363436,48.37221451774259,6.046526814717824,10.913125928477172,2.2143265652887885,5.619856698233029,6.702651597531663,0.8378314496914578,1.315867796904278,0.1277728577247869,0.9290183008369284,16.394187115218593,0.43142597671627875,0.7442931522636417,0.18809751585357568,0.39932119561485835,24.890584636817966,0.2828475526911132,0.6828171188353465,0.12131507624968593,0.26910192494675567,1.3090782388154674,0.7737503446682146,0.1686102500358551,0.4708535252588228,0.7599728028448569,hjorth_mobility,hjorth_complexity,2.2909213879498647,0.7617033869908288,-38.66386413574219,-79.1015625,11.23046875,-38.57421875,120.72769095539115,10.987615344349798,1868,eeg_data_level_6.csv,16,AF8,280.0078125,290.00390625
3387.7400165850313,483.9628595121473,900.2966462353895,197.1837331639657,403.35296402623703,815.0952783482389,101.88690979352987,173.12199492086953,40.55661143494004,110.13407745463789,148.1555214619091,18.519440182738638,38.18487233234506,5.640791050353805,16.877418930621204,88.17132825848041,2.320298112065274,4.80598389534052,0.727560853891676,2.0641757935381424,318.7538723637282,3.622203095042366,131.7653928658714,0.3070683592192054,1.4335330048347665,1.5350823205588566,0.6220740048362992,0.16412840361675152,0.13626731902413752,0.36261257510117345,hjorth_mobility,hjorth_complexity,2.6049279874565063,0.7956624317822649,-40.84815979003906,-267.08984375,122.0703125,-37.109375,2452.657080575591,49.52430797674604,1868,eeg_data_level_6.csv,16,TP9,280.0078125,290.00390625
3561.052057961054,508.7217225658648,1001.5040637344916,206.75680829855003,438.71111357190233,733.8628003135951,91.73285003919939,152.117924249591,27.332446698992264,99.42902842321936,147.13935247876933,18.392419059846166,35.341336993416526,5.305002492715137,16.5018416699376,71.04265995821522,1.869543683110927,5.640327902498975,0.63289869157815,1.5038460667480196,105.26135815569063,1.1961517972237572,2.556032338097806,0.4272441977562484,1.1073921766512989,1.5926970965009604,0.5868009620398901,0.16831099346121797,0.1159422834502329,0.18323156462958973,hjorth_mobility,hjorth_complexity,2.140552030439642,0.6289899078445822,-39.72454071044922,-253.90625,107.421875,-37.59765625,2426.7311032963335,49.26186256422237,1868,eeg_data_level_6.csv,16,TP10,280.0078125,290.00390625
10.01483474291114,1.4306906775587342,1.974226689907278,0.5323379209176955,1.6703834184610613,4.8596812316025435,0.6074601539503179,1.0292867964984675,0.10510505709355888,0.6219258814931374,2.794762155860157,0.34934526948251965,0.46008740260872877,0.2614077794398046,0.34761941713864,7.296883580377469,0.19202325211519655,0.5266947782722007,0.06571992465375139,0.1762492856502793,8.56518870832576,0.09733168986733819,0.35867208304021336,0.021203027767998667,0.08507973318749239,0.8816064679477877,0.5301633923046891,0.35804962875681723,1.0391954924582842,1.3765186482171163,hjorth_mobility,hjorth_complexity,2.8172141392356442,0.7971266629452446,-39.74933624267578,-53.22265625,-16.6015625,-40.0390625,20.324223405623343,4.508239501803708,1868,eeg_data_level_6.csv,17,AF7,290.0078125,300.00390625
51.19424947413667,7.313464210590952,9.078597947544775,5.085174762920996,7.707835541116879,28.548665030805243,3.5685831288506553,7.372807544421213,1.2455084377945844,3.0023359440712016,7.473088104563961,0.9341360130704951,1.4684745040386755,0.43639113799988755,1.053002161544501,19.222801079877094,0.5058631863125551,1.033083387776716,0.2507597046177672,0.46011209152818267,23.112003592152274,0.26263640445627584,0.7334609848420922,0.07524428369738065,0.23442168069931113,1.092827600850446,0.7272552221602869,0.2684176646658484,0.7830582420157737,1.0426925587643816,hjorth_mobility,hjorth_complexity,2.688957922535748,0.7932465420958021,-38.906288146972656,-102.5390625,69.3359375,-39.0625,84.01376977417385,9.16590256189612,1868,eeg_data_level_6.csv,17,AF8,290.0078125,300.00390625
1842.6319296249856,263.2331328035694,439.6211853628816,154.01251350924565,195.5233577473964,588.7632857138144,73.5954107142268,197.32194368964625,20.5355098950776,58.40509157215972,83.9344393901408,10.4918049237676,20.117919222904654,4.534161752191793,9.885875217076386,83.3148283244501,2.192495482222371,6.822687856174918,0.5818719846365838,1.742330782174128,291.5700401772915,3.3132959111055853,136.40504035133316,0.3754361135290763,0.9591048535544103,1.4583800406744523,0.686613707393628,0.1565307044970221,0.19720794837340722,0.475137152725173,hjorth_mobility,hjorth_complexity,3.325816377873162,0.8610707465236588,-41.829681396484375,-304.19921875,98.6328125,-40.0390625,1497.071836492978,38.69201256710457,1868,eeg_data_level_6.csv,17,TP9,290.0078125,300.00390625
2168.1033272311943,309.7290467473135,540.9739258793347,167.1510018055341,223.2435224071362,571.7263732152704,71.4657966519088,214.86138677933022,18.13226612295565,52.95196916000279,76.82968306764045,9.603710383455056,16.09125854350457,2.7771098947144632,10.14662157869904,68.08020528110882,1.7915843495028636,5.769120824095996,0.6624932892445724,1.5970865270430694,72.44235365015543,0.8232085642063116,1.6962761218439224,0.20286530379803752,0.7972862479100878,1.5620668775686404,0.654256914707261,0.14216788725044655,0.1638542372097191,0.19441878521343947,hjorth_mobility,hjorth_complexity,2.697803178859879,0.669006329313656,-39.26582336425781,-299.8046875,117.67578125,-38.57421875,1502.9387651884463,38.76775419325249,1868,eeg_data_level_6.csv,17,TP10,290.0078125,300.00390625
16.398407598031294,2.3426296568616136,5.713191888940362,0.5012577096581284,1.3455805057627375,3.7193277460000402,0.46491596825000503,0.7448236629677546,0.35770021498728666,0.4355935439328211,3.134496893641364,0.3918121117051705,0.6837989518043139,0.22032191538182502,0.346505863487403,7.543323300696835,0.19850850791307462,0.6471773622274147,0.08727570002526791,0.17053540117217186,7.775841113870191,0.088361830839434,0.4809892509266074,0.024183971570134976,0.07425170759046516,0.9886601106444237,0.3882819081135699,0.33618020411568705,0.9241986841433016,1.0805986291170775,hjorth_mobility,hjorth_complexity,2.6447316409150945,0.8078074942681526,-38.697242736816406,-55.6640625,-24.4140625,-39.0625,20.43885087914532,4.520934735112344,1868,eeg_data_level_7.csv,0,AF7,120.015625,130.01171875
80.90762411283741,11.55823201611963,15.63972520239756,6.499441482060451,11.925503819958003,31.531811067829715,3.9414763834787143,7.078248113540635,1.2352240439192703,4.030601704789014,5.910953240318262,0.7388691550397828,1.122736961042833,0.4973134795216182,0.6517092533524633,14.255501568171335,0.375144778109772,0.8130953612440313,0.17399560254701527,0.3538665695693566,11.148368515961945,0.12668600586320392,0.31022346052786615,0.045703222361212076,0.12229041758403814,1.365278519391088,0.7257883739484672,0.20775972635982087,0.5620634589740457,0.5203154612873157,hjorth_mobility,hjorth_complexity,2.1272841459534457,0.699409163665649,-37.778663635253906,-74.70703125,2.9296875,-37.59765625,76.83254803851014,8.76541773325779,1868,eeg_data_level_7.csv,0,AF8,120.015625,130.01171875
2433.3938841148165,347.62769773068806,550.6090989536408,152.22374476445694,294.80086834108886,513.9776007879209,64.24720009849011,132.34575537711174,14.690290052460618,42.80774179366944,88.37774313374416,11.04721789171802,18.531081630001367,4.9396289989996,9.909959720246064,92.31279643667865,2.4292841167547015,7.465193590127566,0.9788406789545212,1.988878184572098,261.47876440470236,2.971349595507981,110.5536147607906,0.3973965803154237,1.0850298275354855,1.5575306138190728,0.5589427289107674,0.14418806212052215,0.18937861305850706,0.4026634103663773,hjorth_mobility,hjorth_complexity,2.7951009984253172,0.8377525280661096,-37.157249450683594,-275.390625,102.5390625,-38.0859375,1825.235261603666,42.72277216665213,1868,eeg_data_level_7.csv,0,TP9,120.015625,130.01171875
2553.702156041484,364.81459372021203,546.1275849498656,174.92725347836782,294.4180131116672,546.7059652797814,68.33824565997267,141.69284227326037,14.131098190705803,47.537928618842926,87.93452933151282,10.991816166439103,17.719583158612437,7.003635113031791,9.79915167378244,73.21633002465745,1.9267455269646698,4.969366253824637,0.7930152031273021,1.785722606087194,97.82403329081362,1.1116367419410638,2.2594356959183086,0.44829454919969414,1.0938979596664922,1.6084672000046873,0.5849398577484641,0.14451424427823992,0.15586446336451293,0.22543667920831406,hjorth_mobility,hjorth_complexity,2.8304820237218404,0.703557445777176,-37.83893585205078,-290.52734375,118.1640625,-36.62109375,1824.4145356220542,42.713165834693804,1868,eeg_data_level_7.csv,0,TP10,120.015625,130.01171875
210.8928748936612,30.127553556237313,42.68622702445509,19.075804694490213,25.715311978561086,51.72064500226726,6.465080625283408,17.372899398318268,2.950270319044618,3.8722660554250155,16.507334994057928,2.063416874257241,3.4664672199430515,0.9445297569118642,1.6897608809922922,16.83290028669643,0.4429710601762218,1.6863553549277923,0.08342455698790979,0.3134688001958537,8.563684909249535,0.09731460124147198,0.4507375574418362,0.020610010521422986,0.07433088428773896,1.5382736418779723,0.5977244445942844,0.25613132816945305,0.33317876051082423,0.2122799964983971,hjorth_mobility,hjorth_complexity,2.640309012753029,0.7128493522029111,-40.666770935058594,-186.5234375,-20.99609375,-39.0625,154.51761570147937,12.430511481893229,1868,eeg_data_level_7.csv,1,AF7,130.015625,140.01171875
749.6654004431568,107.09505720616527,216.09008603828886,50.58166147300953,77.3066312401101,139.17243554715475,17.396554443394344,28.679449418612755,9.22604250943998,15.486415158629743,64.01135625548773,8.001419531935966,14.82753494503991,4.111145345514804,6.683629828552321,40.45248702259252,1.0645391321734874,3.3790497785462486,0.1696949083557724,0.8547833677198093,21.356756624606984,0.24269041618871573,0.5959118786616248,0.08955838250559985,0.22597861538129393,1.5236232554482865,0.5330084973895753,0.29075792751944224,0.2563718233112414,0.1685454882517187,hjorth_mobility,hjorth_complexity,1.88403959703985,0.5971913671742339,-39.11151885986328,-234.86328125,15.13671875,-37.109375,467.699319087842,21.62635704615648,1868,eeg_data_level_7.csv,1,AF8,130.015625,140.01171875
3099.6447906596395,442.8063986656628,1179.8183996600462,98.14996349378058,193.19351031326136,566.7245352365624,70.8405669045703,166.45908445593784,16.078914093329523,67.28541252010245,129.98558695383608,16.24819836922951,24.28061128008019,6.91614492474048,17.417016273845917,143.3269183616022,3.7717610095158474,11.691821562045696,1.275612088601683,2.5478125926094264,307.64191699782225,3.4959308749752527,143.02042461391682,0.27264184572228806,0.9389095308321376,1.332453177820956,0.5038149306558513,0.1623685320493731,0.2215573494577643,0.35948837176186066,hjorth_mobility,hjorth_complexity,2.861440420856298,0.8416864034689997,-22.340965270996094,-215.8203125,349.609375,-33.69140625,3523.4528084038175,59.358679301377805,1868,eeg_data_level_7.csv,1,TP9,130.015625,140.01171875
805.4033500932974,115.05762144189963,207.0534388198163,58.74060876531613,84.75805884406009,208.84017865577454,26.105022331971817,65.97112543234427,10.492684877479775,17.471994123089885,78.59950508046308,9.824938135057884,20.445350173965192,5.198944376289038,6.986718601148916,65.09473590587702,1.713019365944132,6.1689949080943975,0.8903095410460461,1.3945774619300575,76.03681217412024,0.8640546837968209,1.7615626824942128,0.439794442136306,0.8285583335599984,1.4359054168673513,0.5909939994894127,0.2876766558632286,0.3268133816544934,0.4248411458820766,hjorth_mobility,hjorth_complexity,2.383796579353237,0.7561630343738276,-35.41584014892578,-222.16796875,34.1796875,-34.1796875,587.7745744874119,24.244062664648677,1868,eeg_data_level_7.csv,1,TP10,130.015625,140.01171875
196.53849022830542,28.076927175472203,59.91768981185227,8.099983863351538,17.306708769318835,34.98982389781534,4.373727987226918,7.482756298500827,1.700253100019253,4.163577864096412,9.3079038932301,1.1634879866537624,1.4904839235411993,0.8094205821200475,1.1962273118625995,13.254806350399747,0.3488106934315723,0.8881593560080936,0.11834090694837528,0.28453137817930574,8.28533014739962,0.09415147894772295,0.2711368923997002,0.02819929484461235,0.0814172430003465,1.4512859442961967,0.5183303804013217,0.18797459858577575,0.32266727278054846,0.2413129440218975,hjorth_mobility,hjorth_complexity,1.6540629326124505,0.6476766113073942,-37.54081726074219,-104.00390625,36.62109375,-38.0859375,170.03522356390022,13.039755502458634,1868,eeg_data_level_7.csv,2,AF7,140.015625,150.01171875
749.5545473839011,107.07922105484302,215.48735428329428,47.224706676134474,100.32590215471676,174.15510414920107,21.769388018650133,50.02706708634802,6.746209656174323,16.075569227009115,18.74079906999642,2.3425998837495525,3.731557350077741,1.327472208531173,2.2759402157467443,21.977840831496877,0.5783642324078125,1.6670865631219949,0.2503867288115862,0.5137819509949286,18.99397963827144,0.21584067770763002,0.5107822329952643,0.04982477672587268,0.1942826983842442,1.5784720127432637,0.6261411658546568,0.11210249536129821,0.161272162632521,0.15847990465055217,hjorth_mobility,hjorth_complexity,1.3533242175920048,0.5618064864037872,-34.49668884277344,-191.89453125,83.0078125,-37.59765625,702.2480478917714,26.499963167743676,1868,eeg_data_level_7.csv,2,AF8,140.015625,150.01171875
4955.030610625708,707.8615158036725,1087.2951340852576,256.45667416294486,702.9419141675721,846.3397729438832,105.7924716179854,195.15523137563335,51.01794762887888,96.36801514118466,126.40463039009589,15.800578798761986,26.303196136570104,8.403304527901367,16.021983245561373,219.04153816955832,5.764251004462061,19.055152517826052,1.9338594017308752,4.748399137617332,440.41528667446283,5.004719166755259,148.7049080618197,0.707340997097206,2.152814661100094,1.5771589192220878,0.4972072031469593,0.11028950561015766,0.2200903384731271,0.37776397837586095,hjorth_mobility,hjorth_complexity,2.251117734491276,0.8003004321980621,-53.9947509765625,-411.1328125,209.9609375,-48.33984375,4126.579230651259,64.23845601079823,1868,eeg_data_level_7.csv,2,TP9,140.015625,150.01171875
5334.719893642869,762.1028419489812,1135.5805619215982,294.05981266570666,790.3217535467068,684.199253277961,85.52490665974513,166.6227947405074,34.74580980234114,71.17760342456307,114.32876637995827,14.291095797494783,27.560411773756194,7.925075876637122,14.312703250569761,126.38923364524038,3.326032464348431,7.280333308452975,0.5926810811854764,2.874053554387409,153.06150084526837,1.7393352368780497,5.156045512417594,0.586796874672619,1.5560836281364412,1.6852719922726882,0.4314500123457319,0.10401559020392148,0.14204281265717378,0.1870012477693396,hjorth_mobility,hjorth_complexity,2.003450557415615,0.6646670788789797,-35.37559509277344,-276.3671875,263.18359375,-36.62109375,3357.321712974226,57.94239995870232,1868,eeg_data_level_7.csv,2,TP10,140.015625,150.01171875
